time_s,trapping_x_incident_beq_x_t,trapping_x_incident_beq_y_t,trapping_x_incident_beq_z_t,trapping_x_retro_beq_x_t,trapping_x_retro_beq_y_t,trapping_x_retro_beq_z_t,trapping_y_incident_beq_x_t,trapping_y_incident_beq_y_t,trapping_y_incident_beq_z_t,trapping_y_retro_beq_x_t,trapping_y_retro_beq_y_t,trapping_y_retro_beq_z_t,trapping_z_incident_beq_x_t,trapping_z_incident_beq_y_t,trapping_z_incident_beq_z_t,trapping_z_retro_beq_x_t,trapping_z_retro_beq_y_t,trapping_z_retro_beq_z_t
0.0,-7.471204316030111e-23,-0.0,-0.0,2.8503983932917506e-119,0.0,0.0,-0.0,-6.661759491164033e-17,-0.0,0.0,1.757814323458901e-266,0.0,0.0,0.0,7.838308911837619e-07,-0.0,-0.0,-1.1325854869346632e-136
2.5e-06,-8.856695960577192e-23,-0.0,-0.0,3.922810531966554e-118,0.0,0.0,-0.0,-7.366599822935453e-17,-0.0,0.0,2.3804447659109008e-262,0.0,0.0,0.0,7.957956988724399e-07,-0.0,-0.0,-2.38578543517503e-139
5e-06,-1.0491286569758276e-22,-0.0,-0.0,5.247769108851709e-117,0.0,0.0,-0.0,-8.142119855133585e-17,-0.0,0.0,2.68901987107317e-258,0.0,0.0,0.0,8.080009123056125e-07,-0.0,-0.0,-4.136689365587026e-142
7.500000000000001e-06,-1.2418073576167856e-22,-0.0,-0.0,6.825423756345577e-116,0.0,0.0,-0.0,-8.994859035405292e-17,-0.0,0.0,2.5435369114299645e-254,0.0,0.0,0.0,8.20452778282264e-07,-0.0,-0.0,-5.859439213940688e-145
1e-05,-1.4687252034748487e-22,-0.0,-0.0,8.632808727058689e-115,0.0,0.0,-0.0,-9.931885421345063e-17,-0.0,0.0,2.0221004866257838e-250,0.0,0.0,0.0,8.331577317840255e-07,-0.0,-0.0,-6.727014453041984e-148
1.25e-05,-1.7357208463406414e-22,-0.0,-0.0,1.0620146414130798e-113,0.0,0.0,-0.0,-1.0960827765353105e-16,-0.0,0.0,1.355992140071855e-246,0.0,0.0,0.0,8.461224335266895e-07,-0.0,-0.0,-6.208531052586437e-151
1.5e-05,-2.0495767839801899e-22,-0.0,-0.0,1.2710168108657364e-112,0.0,0.0,-0.0,-1.208990801869728e-16,-0.0,0.0,7.697121781607377e-243,0.0,0.0,0.0,8.593537619372232e-07,-0.0,-0.0,-4.5671187181639095e-154
1.7500000000000002e-05,-2.4181612091675364e-22,-0.0,-0.0,1.4801279685283044e-111,0.0,0.0,-0.0,-1.3327974008971478e-16,-0.0,0.0,3.7110986246503525e-239,0.0,0.0,0.0,8.728588210315763e-07,-0.0,-0.0,-2.654075532637633e-157
2e-05,-2.850588999292523e-22,-0.0,-0.0,1.677480496118792e-110,0.0,0.0,-0.0,-1.4684531996932314e-16,-0.0,0.0,1.5248469948989364e-235,0.0,0.0,0.0,8.866449482845168e-07,-0.0,-0.0,-1.2071747739806658e-160
2.25e-05,-3.3574039994058523e-22,-0.0,-0.0,1.8505777150632184e-109,0.0,0.0,-0.0,-1.6169778773200626e-16,-0.0,0.0,5.356832539637199e-232,0.0,0.0,0.0,9.007197227948259e-07,-0.0,-0.0,-4.2561099634779306e-164
2.5e-05,-3.950784905118694e-22,-0.0,-0.0,1.9875980983118034e-108,0.0,0.0,-0.0,-1.7794632915128832e-16,-0.0,0.0,1.6140583254329074e-228,0.0,0.0,0.0,9.150909736957833e-07,-0.0,-0.0,-1.151506634248021e-167
2.75e-05,-4.64477721044083e-22,-0.0,-0.0,2.078736284624956e-107,0.0,0.0,-0.0,-1.957076477132501e-16,-0.0,0.0,4.184033645423249e-225,0.0,0.0,0.0,9.297667883923905e-07,-0.0,-0.0,-2.3657818801478226e-171
3e-05,-5.455553826358018e-22,-0.0,-0.0,2.1173685917871934e-106,0.0,0.0,-0.0,-2.1510624695379305e-16,-0.0,0.0,9.35915461733085e-222,0.0,0.0,0.0,9.447555210512511e-07,-0.0,-0.0,-3.650843950933893e-175
3.2500000000000004e-05,-6.401707107818981e-22,-0.0,-0.0,2.1008497789309742e-105,0.0,0.0,-0.0,-2.362746900392757e-16,-0.0,0.0,1.8118020225138263e-218,0.0,0.0,0.0,9.600658010631466e-07,-0.0,-0.0,-4.183914095435806e-179
3.5000000000000004e-05,-7.504575142262939e-22,-0.0,-0.0,2.030807894606988e-104,0.0,0.0,-0.0,-2.5935383105453404e-16,-0.0,0.0,3.044053269167726e-215,0.0,0.0,0.0,9.75706541396795e-07,-0.0,-0.0,-3.5188571865515503e-183
3.7500000000000003e-05,-8.788605243607295e-22,-0.0,-0.0,1.912892516023139e-103,0.0,0.0,-0.0,-2.8449301182288293e-16,-0.0,0.0,4.4510714943517186e-212,0.0,0.0,0.0,9.91686946891835e-07,-0.0,-0.0,-2.145353438663934e-187
4e-05,-1.0281757655751554e-21,-0.0,-0.0,1.7560285433826203e-102,0.0,0.0,-0.0,-3.118502180606861e-16,-0.0,0.0,5.679641824703487e-209,0.0,0.0,0.0,1.008016522361471e-06,-0.0,-0.0,-9.360652175562425e-192
4.25e-05,-1.2015952500994335e-21,-0.0,-0.0,1.571311149209608e-101,0.0,0.0,-0.0,-3.415921883365209e-16,-0.0,0.0,6.341113981101344e-206,0.0,0.0,0.0,1.0247051079488727e-06,-0.0,-0.0,-2.8842301364414947e-196
4.5e-05,-1.4027563001931528e-21,-0.0,-0.0,1.370729781916308e-100,0.0,0.0,-0.0,-3.7389446936122484e-16,-0.0,0.0,6.210329256104827e-203,0.0,0.0,0.0,1.0417628449022642e-06,-0.0,-0.0,-6.189322613636778e-201
4.75e-05,-1.6357957955139343e-21,-0.0,-0.0,1.1659211580832964e-99,0.0,0.0,-0.0,-4.089414107628679e-16,-0.0,0.0,5.348814431154238e-200,0.0,0.0,0.0,1.0592001463822696e-06,-0.0,-0.0,-9.117506347138818e-206
5e-05,-1.905409632963009e-21,-0.0,-0.0,9.67124151021643e-99,0.0,0.0,-0.0,-4.469260936812833e-16,-0.0,0.0,4.0612332583830974e-197,0.0,0.0,0.0,1.0770277912092317e-06,-0.0,-0.0,-9.082535643207241e-211
5.25e-05,-2.216917674637592e-21,-0.0,-0.0,7.824535907637615e-98,0.0,0.0,-0.0,-4.880501869228469e-16,-0.0,0.0,2.7249271051365187e-194,0.0,0.0,0.0,1.0952568928478146e-06,-0.0,-0.0,-6.023548485851966e-216
5.5e-05,-2.576334437792233e-21,-0.0,-0.0,6.175407703919832e-97,0.0,0.0,-0.0,-5.325237257070007e-16,-0.0,0.0,1.6194366521294055e-191,0.0,0.0,0.0,1.11389890405602e-06,-0.0,-0.0,-2.6167064416479085e-221
5.75e-05,-2.990445760238332e-21,-0.0,-0.0,4.755221254158344e-96,0.0,0.0,-0.0,-5.805648089894763e-16,-0.0,0.0,8.544336947311996e-189,0.0,0.0,0.0,1.1329656212244588e-06,-0.0,-0.0,-7.321040247450184e-227
6e-05,-3.4668916460339836e-21,-0.0,-0.0,3.573069316354118e-95,0.0,0.0,-0.0,-6.32399212000526e-16,-0.0,0.0,4.011160694898356e-186,0.0,0.0,0.0,1.152469187429211e-06,-0.0,-0.0,-1.296180391406032e-232
6.25e-05,-4.014255467752236e-21,-0.0,-0.0,2.6202685434088567e-94,0.0,0.0,-0.0,-6.882599123213121e-16,-0.0,0.0,1.6791553963665228e-183,0.0,0.0,0.0,1.172422094228979e-06,-0.0,-0.0,-1.4258696443304427e-238
6.500000000000001e-05,-4.642159667670565e-21,-0.0,-0.0,1.8756532588552866e-93,0.0,0.0,-0.0,-7.483865292781559e-16,-0.0,0.0,6.281649167343946e-181,0.0,0.0,0.0,1.1928371830506298e-06,-0.0,-0.0,-9.561674593108034e-245
6.750000000000001e-05,-5.361368066578909e-21,-0.0,-0.0,1.3107848578264368e-92,0.0,0.0,-0.0,-8.130246779947029e-16,-0.0,0.0,2.1044243756875403e-178,0.0,0.0,0.0,1.2137276443074592e-06,-0.0,-0.0,-3.831767857083359e-251
7.000000000000002e-05,-6.183894855678748e-21,-0.0,-0.0,8.944443763720143e-92,0.0,0.0,-0.0,-8.824252409080922e-16,-0.0,0.0,6.32656345290436e-176,0.0,0.0,0.0,1.235107063287426e-06,-0.0,-0.0,-8.988355125294652e-258
7.250000000000003e-05,-7.123120312166644e-21,-0.0,-0.0,5.960611018068213e-91,0.0,0.0,-0.0,-9.568435619770451e-16,-0.0,0.0,1.7102496949566846e-173,0.0,0.0,0.0,1.2569893351147234e-06,-0.0,-0.0,-1.2077941970921555e-264
7.500000000000003e-05,-8.19391324301557e-21,-0.0,-0.0,3.8798770734365847e-90,0.0,0.0,-0.0,-1.036538568818742e-15,-0.0,0.0,4.165581647700689e-171,0.0,0.0,0.0,1.2793886316924369e-06,-0.0,-0.0,-9.089493119335305e-272
7.750000000000004e-05,-9.412760134479319e-21,-0.0,-0.0,2.4672384124348604e-89,0.0,0.0,-0.0,-1.1217718312931855e-15,-0.0,0.0,9.15945660851846e-169,0.0,0.0,0.0,1.302319514710517e-06,-0.0,-0.0,-3.7418096925313986e-279
8.000000000000005e-05,-1.0797900950044643e-20,-0.0,-0.0,1.5330230803470545e-88,0.0,0.0,-0.0,-1.212806564495433e-15,-0.0,0.0,1.8217219587678336e-166,0.0,0.0,0.0,1.3257968765737811e-06,-0.0,-0.0,-8.220700681787476e-287
8.250000000000005e-05,-1.2369471484634722e-20,-0.0,-0.0,9.309183225304142e-88,0.0,0.0,-0.0,-1.309906585500623e-15,-0.0,0.0,3.2835294959465352e-164,0.0,0.0,0.0,1.349835934715376e-06,-0.0,-0.0,-9.393030333623887e-295
8.500000000000006e-05,-1.414965216324323e-20,-0.0,-0.0,5.525648498729453e-87,0.0,0.0,-0.0,-1.4133352330052611e-15,-0.0,0.0,5.373567704142303e-162,0.0,0.0,0.0,1.3744522244360668e-06,-0.0,-0.0,-0.0
8.750000000000007e-05,-1.6162823112907702e-20,-0.0,-0.0,3.2066379699523216e-86,0.0,0.0,-0.0,-1.5233542597356014e-15,-0.0,0.0,7.99931925164879e-160,0.0,0.0,0.0,1.3996615927732125e-06,-0.0,-0.0,-0.0
9.000000000000007e-05,-1.8435725324941383e-20,-0.0,-0.0,1.8197034793588497e-85,0.0,0.0,-0.0,-1.640222705653106e-15,-0.0,0.0,1.0851926414891218e-157,0.0,0.0,0.0,1.4254801912547536e-06,-0.0,-0.0,-0.0
9.250000000000008e-05,-2.099762766227964e-20,-0.0,-0.0,1.0100135746046204e-84,0.0,0.0,-0.0,-1.7641957592680344e-15,-0.0,0.0,1.3440301424511024e-155,0.0,0.0,0.0,1.451924520104804e-06,-0.0,-0.0,-0.0
9.500000000000009e-05,-2.388049939629202e-20,-0.0,-0.0,5.484340414034589e-84,0.0,0.0,-0.0,-1.8955236148649614e-15,-0.0,0.0,1.5224200496349293e-153,0.0,0.0,0.0,1.479011362188787e-06,-0.0,-0.0,-0.0
9.750000000000009e-05,-2.711918793603099e-20,-0.0,-0.0,2.9140011005089255e-83,0.0,0.0,-0.0,-2.0344503289735576e-15,-0.0,0.0,1.5799688234512135e-151,0.0,0.0,0.0,1.5067576678020525e-06,-0.0,-0.0,-0.0
0.0001000000000000001,-3.0751601281162896e-20,-0.0,-0.0,1.5153862059507517e-82,0.0,0.0,-0.0,-2.1812126810290506e-15,-0.0,0.0,1.5048964089257343e-149,0.0,0.0,0.0,1.5351807558966137e-06,-0.0,-0.0,-0.0
0.0001025000000000001,-3.4818894696413156e-20,-0.0,-0.0,7.714859078079982e-82,0.0,0.0,-0.0,-2.3360390398973662e-15,-0.0,0.0,1.3178153431670283e-147,0.0,0.0,0.0,1.5642982296531965e-06,-0.0,-0.0,-0.0
0.00010500000000000011,-3.936566097501114e-20,-0.0,-0.0,3.84599586898569e-81,0.0,0.0,-0.0,-2.4991482380688424e-15,-0.0,0.0,1.0627431843317348e-145,0.0,0.0,0.0,1.5941279761736972e-06,-0.0,-0.0,-0.0
0.00010750000000000012,-4.4440123544511927e-20,-0.0,-0.0,1.8779024042429107e-80,0.0,0.0,-0.0,-2.6707484535923993e-15,-0.0,0.0,7.905945690098542e-144,0.0,0.0,0.0,1.6246881679767565e-06,-0.0,-0.0,-0.0
0.00011000000000000013,-5.009433161544515e-20,-0.0,-0.0,8.983172711612049e-80,0.0,0.0,-0.0,-2.851036099902785e-15,-0.0,0.0,5.434338645871774e-142,0.0,0.0,0.0,1.6559972657253251e-06,-0.0,-0.0,-0.0
0.00011250000000000013,-5.638435636552961e-20,-0.0,-0.0,4.211044008280063e-79,0.0,0.0,-0.0,-3.0401947231963387e-15,-0.0,0.0,3.457100833272781e-140,0.0,0.0,0.0,1.688074022710626e-06,-0.0,-0.0,-0.0
0.00011500000000000014,-6.337048711390455e-20,-0.0,-0.0,1.9349299091977214e-78,0.0,0.0,-0.0,-3.2383939073002315e-15,-0.0,0.0,2.038656911390136e-138,0.0,0.0,0.0,1.720937641373422e-06,-0.0,-0.0,-0.0
0.00011750000000000015,-7.11174262357005e-20,-0.0,-0.0,8.71704570521715e-78,0.0,0.0,-0.0,-3.4457881865178404e-15,-0.0,0.0,1.1161591775788505e-136,0.0,0.0,0.0,1.7546073457115547e-06,-0.0,-0.0,-0.0
0.00012000000000000015,-7.969448153876494e-20,-0.0,-0.0,3.8513769346197545e-77,0.0,0.0,-0.0,-3.662515965986221e-15,-0.0,0.0,5.682373128044108e-135,0.0,0.0,0.0,1.7891027944313978e-06,-0.0,-0.0,-0.0
0.00012250000000000016,-8.917575455049547e-20,-0.0,-0.0,1.669244073564765e-76,0.0,0.0,-0.0,-3.888698452476547e-15,-0.0,0.0,2.6941081456034352e-133,0.0,0.0,0.0,1.8244439806731637e-06,-0.0,-0.0,-0.0
0.00012500000000000017,-9.964032326294947e-20,-0.0,-0.0,7.098972881316032e-76,0.0,0.0,-0.0,-4.124438597105387e-15,-0.0,0.0,1.191324502157098e-131,0.0,0.0,0.0,1.860651229542931e-06,-0.0,-0.0,-0.0
0.00012750000000000017,-1.1117241747878397e-19,-0.0,-0.0,2.963178232228407e-75,0.0,0.0,-0.0,-4.369820051673508e-15,-0.0,0.0,4.9205183729737215e-130,0.0,0.0,0.0,1.8977452087271765e-06,-0.0,-0.0,-0.0
0.00013000000000000018,-1.2386158505881043e-19,-0.0,-0.0,1.2142862886411717e-74,0.0,0.0,-0.0,-4.6249061444442754e-15,-0.0,0.0,1.900995190109946e-128,0.0,0.0,0.0,1.9357469390928065e-06,-0.0,-0.0,-0.0
0.00013250000000000018,-1.378028471108371e-19,-0.0,-0.0,4.886517643586029e-74,0.0,0.0,-0.0,-4.889738877880185e-15,-0.0,0.0,6.879418678239852e-127,0.0,0.0,0.0,1.974677805404633e-06,-0.0,-0.0,-0.0
0.0001350000000000002,-1.530968400224246e-19,-0.0,-0.0,1.931551308742004e-73,0.0,0.0,-0.0,-5.1643379527962494e-15,-0.0,0.0,2.3351870031404604e-125,0.0,0.0,0.0,2.0145596422717803e-06,-0.0,-0.0,-0.0
0.0001375000000000002,-1.6984994231953854e-19,-0.0,-0.0,7.501600105899147e-73,0.0,0.0,-0.0,-5.448699827405901e-15,-0.0,0.0,7.445207830377182e-124,0.0,0.0,0.0,2.0554146325393427e-06,-0.0,-0.0,-0.0
0.0001400000000000002,-1.881743840499493e-19,-0.0,-0.0,2.8632147848355005e-72,0.0,0.0,-0.0,-5.742796810735383e-15,-0.0,0.0,2.232495778927632e-122,0.0,0.0,0.0,2.097265212179793e-06,-0.0,-0.0,-0.0
0.0001425000000000002,-2.0818833642882048e-19,-0.0,-0.0,1.074277884373275e-71,0.0,0.0,-0.0,-6.0465762047929804e-15,-0.0,0.0,6.304112636255379e-121,0.0,0.0,0.0,2.1401343305228513e-06,-0.0,-0.0,-0.0
0.00014500000000000022,-2.300159794237185e-19,-0.0,-0.0,3.9632465888271685e-71,0.0,0.0,-0.0,-6.359959492888602e-15,-0.0,0.0,1.678514468175506e-119,0.0,0.0,0.0,2.1840453540491293e-06,-0.0,-0.0,-0.0
0.00014750000000000022,-2.537875447839896e-19,-0.0,-0.0,1.4380202510188766e-70,0.0,0.0,-0.0,-6.68284158811041e-15,-0.0,0.0,4.219197928821115e-118,0.0,0.0,0.0,2.2290220768500545e-06,-0.0,-0.0,-0.0
0.00015000000000000023,-2.7963933217466197e-19,-0.0,-0.0,5.1329212637628886e-70,0.0,0.0,-0.0,-7.015090141323542e-15,-0.0,0.0,1.0024482517407768e-116,0.0,0.0,0.0,2.2750887295668363e-06,-0.0,-0.0,-0.0
0.00015250000000000024,-3.0771369588066987e-19,-0.0,-0.0,1.8028293497297735e-69,0.0,0.0,-0.0,-7.35654492151017e-15,-0.0,0.0,2.253889838402477e-115,0.0,0.0,0.0,2.3222699888195533e-06,-0.0,-0.0,-0.0
0.00015500000000000024,-3.381589996208355e-19,-0.0,-0.0,6.23215437350978e-69,0.0,0.0,-0.0,-7.707017269437394e-15,-0.0,0.0,4.801108068971936e-114,0.0,0.0,0.0,2.3705909860519688e-06,-0.0,-0.0,-0.0
0.00015750000000000025,-3.7112953702611945e-19,-0.0,-0.0,2.120883837316234e-68,0.0,0.0,-0.0,-8.06628963361396e-15,-0.0,0.0,9.70009443749483e-113,0.0,0.0,0.0,2.4200773984354443e-06,-0.0,-0.0,-0.0
0.00016000000000000026,-4.067854153257107e-19,-0.0,-0.0,7.107069190741959e-68,0.0,0.0,-0.0,-8.43411519245203e-15,-0.0,0.0,1.8608533191794547e-111,0.0,0.0,0.0,2.470755334797939e-06,-0.0,-0.0,-0.0
0.00016250000000000026,-4.4529240001844995e-19,-0.0,-0.0,2.3456186251213285e-67,0.0,0.0,-0.0,-8.81021757120281e-15,-0.0,0.0,3.3932405840906174e-110,0.0,0.0,0.0,2.522651219008739e-06,-0.0,-0.0,-0.0
0.00016500000000000027,-4.86821718024035e-19,-0.0,-0.0,7.626301878509025e-67,0.0,0.0,-0.0,-9.194290653267338e-15,-0.0,0.0,5.887582138893771e-109,0.0,0.0,0.0,2.575792080012169e-06,-0.0,-0.0,-0.0
0.00016750000000000028,-5.315498172599008e-19,-0.0,-0.0,2.4431783364697507e-66,0.0,0.0,-0.0,-9.58599849769195e-15,-0.0,0.0,9.730198265944079e-108,0.0,0.0,0.0,2.6302054384836785e-06,-0.0,-0.0,-0.0
0.00017000000000000028,-5.79658080707886e-19,-0.0,-0.0,7.713901753615595e-66,0.0,0.0,-0.0,-9.984975361412461e-15,-0.0,0.0,1.533206605785731e-106,0.0,0.0,0.0,2.685919313167618e-06,-0.0,-0.0,-0.0
0.0001725000000000003,-6.313324930112968e-19,-0.0,-0.0,2.4008349018034397e-65,0.0,0.0,-0.0,-1.039082583450748e-14,-0.0,0.0,2.3056608635005532e-105,0.0,0.0,0.0,2.742962226353904e-06,-0.0,-0.0,-0.0
0.0001750000000000003,-6.867632575261601e-19,-0.0,-0.0,7.36732093970829e-65,0.0,0.0,-0.0,-1.0803125088233367e-14,-0.0,0.0,3.3122051299304716e-104,0.0,0.0,0.0,2.801363209273319e-06,-0.0,-0.0,-0.0
0.0001775000000000003,-7.461443633449873e-19,-0.0,-0.0,2.2294831030554988e-64,0.0,0.0,-0.0,-1.122141924283203e-14,-0.0,0.0,4.549539571385808e-103,0.0,0.0,0.0,2.86115180706031e-06,-0.0,-0.0,-0.0
0.0001800000000000003,-8.096730997230927e-19,-0.0,-0.0,6.654764128306641e-64,0.0,0.0,-0.0,-1.1645225852594741e-14,-0.0,0.0,5.9805040597445436e-102,0.0,0.0,0.0,2.922358082984325e-06,-0.0,-0.0,-0.0
0.00018250000000000032,-8.775495182452606e-19,-0.0,-0.0,1.9596568171305572e-63,0.0,0.0,-0.0,-1.2074034518057995e-14,-0.0,0.0,7.530269600939333e-101,0.0,0.0,0.0,2.9850127833500848e-06,-0.0,-0.0,-0.0
0.00018500000000000032,-9.499758409214022e-19,-0.0,-0.0,5.694160081667255e-63,0.0,0.0,-0.0,-1.2507307616450447e-14,-0.0,0.0,9.089892486573961e-100,0.0,0.0,0.0,3.049146937017739e-06,-0.0,-0.0,-0.0
0.00018750000000000033,-1.0271558151062014e-18,-0.0,-0.0,1.6329146921137553e-62,0.0,0.0,-0.0,-1.2944481159871464e-14,-0.0,0.0,1.052801780662615e-98,0.0,0.0,0.0,3.1147921143069747e-06,-0.0,-0.0,-0.0
0.00019000000000000034,-1.1092940138712254e-18,-0.0,-0.0,4.622339771118805e-62,0.0,0.0,-0.0,-1.338496577766075e-14,-0.0,0.0,1.1709263542586308e-97,0.0,0.0,0.0,3.181980487555942e-06,-0.0,-0.0,-0.0
0.00019250000000000034,-1.196595083477557e-18,-0.0,-0.0,1.2918249601619692e-61,0.0,0.0,-0.0,-1.3828147821490307e-14,-0.0,0.0,1.2515686063184853e-96,0.0,0.0,0.0,3.2507447630103917e-06,-0.0,-0.0,-0.0
0.00019500000000000035,-1.2892629381971285e-18,-0.0,-0.0,3.565056026384595e-61,0.0,0.0,-0.0,-1.4273390594551124e-14,-0.0,0.0,1.2866506072431354e-95,0.0,0.0,0.0,3.321118182901213e-06,-0.0,-0.0,-0.0
0.00019750000000000036,-1.387499903502055e-18,-0.0,-0.0,9.716860327238217e-61,0.0,0.0,-0.0,-1.4720035701208127e-14,-0.0,0.0,1.2731461610174069e-94,0.0,0.0,0.0,3.3931345268459257e-06,-0.0,-0.0,-0.0
0.00020000000000000036,-1.4915058100219752e-18,-0.0,-0.0,2.6161167633242794e-60,0.0,0.0,-0.0,-1.5167404513218365e-14,-0.0,0.0,1.2134742635761136e-93,0.0,0.0,0.0,3.466828112457327e-06,-0.0,-0.0,-0.0
0.00020250000000000037,-1.6014770397455738e-18,-0.0,-0.0,6.958780722773809e-60,0.0,0.0,-0.0,-1.5614799756108287e-14,-0.0,0.0,1.114892482755294e-92,0.0,0.0,0.0,3.5422337963087574e-06,-0.0,-0.0,-0.0
0.00020500000000000038,-1.7176055275258569e-18,-0.0,-0.0,1.8290519094389883e-59,0.0,0.0,-0.0,-1.6061507201193998e-14,-0.0,0.0,9.88083420013668e-92,0.0,0.0,0.0,3.619386973843508e-06,-0.0,-0.0,-0.0
0.00020750000000000038,-1.8400777208125367e-18,-0.0,-0.0,4.75123451193535e-59,0.0,0.0,-0.0,-1.650679746670335e-14,-0.0,0.0,8.453049224699183e-91,0.0,0.0,0.0,3.698323624637725e-06,-0.0,-0.0,-0.0
0.0002100000000000004,-1.9690735017963892e-18,-0.0,-0.0,1.2199552908813823e-58,0.0,0.0,-0.0,-1.6949927921518147e-14,-0.0,0.0,6.98532085913532e-90,0.0,0.0,0.0,3.7790803991152453e-06,-0.0,-0.0,-0.0
0.0002125000000000004,-2.104765074475903e-18,-0.0,-0.0,3.0967533380580033e-58,0.0,0.0,-0.0,-1.7390144679125997e-14,-0.0,0.0,5.579557611351358e-89,0.0,0.0,0.0,3.861694088293859e-06,-0.0,-0.0,-0.0
0.0002150000000000004,-2.2473158244744606e-18,-0.0,-0.0,7.77251592287847e-58,0.0,0.0,-0.0,-1.7826684686734198e-14,-0.0,0.0,4.310566347965583e-88,0.0,0.0,0.0,3.946202233423373e-06,-0.0,-0.0,-0.0
0.0002175000000000004,-2.396879152440241e-18,-0.0,-0.0,1.929189258393829e-57,0.0,0.0,-0.0,-1.8258777891690718e-14,-0.0,0.0,3.2230304641359772e-87,0.0,0.0,0.0,4.032642906545323e-06,-0.0,-0.0,-0.0
0.00022000000000000041,-2.55359729098383e-18,-0.0,-0.0,4.7359928617343416e-57,0.0,0.0,-0.0,-1.8685649479548893e-14,-0.0,0.0,2.3337705416883825e-86,0.0,0.0,0.0,4.121054708325208e-06,-0.0,-0.0,-0.0
0.00022250000000000042,-2.717600108094243e-18,-0.0,-0.0,1.1500955474348304e-56,0.0,0.0,-0.0,-1.910652218154502e-14,-0.0,0.0,1.6374864217079274e-85,0.0,0.0,0.0,4.211476764098114e-06,-0.0,-0.0,-0.0
0.00022500000000000043,-2.8890039048775575e-18,-0.0,-0.0,2.7631605054323746e-56,0.0,0.0,-0.0,-1.952061863375551e-14,-0.0,0.0,1.1139850722632893e-84,0.0,0.0,0.0,4.303948719212671e-06,-0.0,-0.0,-0.0
0.00022750000000000043,-3.067910215358641e-18,-0.0,-0.0,6.568847937644824e-56,0.0,0.0,-0.0,-1.9927163783299035e-14,-0.0,0.0,7.352139923640964e-84,0.0,0.0,0.0,4.398510735233741e-06,-0.0,-0.0,-0.0
0.00023000000000000044,-3.2544046128388086e-18,-0.0,-0.0,1.5454103054755266e-55,0.0,0.0,-0.0,-2.032538733455541e-14,-0.0,0.0,4.7100550557661575e-83,0.0,0.0,0.0,4.495203483423691e-06,-0.0,-0.0,-0.0
0.00023250000000000045,-3.448555534874539e-18,-0.0,-0.0,3.59856639099169e-55,0.0,0.0,-0.0,-2.071452621170333e-14,-0.0,0.0,2.93059472345654e-82,0.0,0.0,0.0,4.594068139213204e-06,-0.0,-0.0,-0.0
0.00023500000000000045,-3.65041313050357e-18,-0.0,-0.0,8.294782994461267e-55,0.0,0.0,-0.0,-2.1093827044964924e-14,-0.0,0.0,1.7718935207237493e-81,0.0,0.0,0.0,4.695146376020174e-06,-0.0,-0.0,-0.0
0.00023750000000000046,-3.8600081408533335e-18,-0.0,-0.0,1.892901802822982e-54,0.0,0.0,-0.0,-2.1462548658099264e-14,-0.0,0.0,1.0416000721187093e-80,0.0,0.0,0.0,4.798480609359136e-06,-0.0,-0.0,-0.0
0.00024000000000000047,-4.0773508203836145e-18,-0.0,-0.0,4.27716050695426e-54,0.0,0.0,-0.0,-2.1819964541842753e-14,-0.0,0.0,5.956215822154676e-80,0.0,0.0,0.0,4.9041133085472195e-06,-0.0,-0.0,-0.0
0.00024250000000000047,-4.3024299067972176e-18,-0.0,-0.0,9.570693546105733e-54,0.0,0.0,-0.0,-2.21653653161344e-14,-0.0,0.0,3.314863283867247e-79,0.0,0.0,0.0,5.012087529337362e-06,-0.0,-0.0,-0.0
0.0002450000000000005,-4.5352116516020185e-18,-0.0,-0.0,2.1210300442542035e-53,0.0,0.0,-0.0,-2.2498061154501842e-14,-0.0,0.0,1.796394249603327e-78,0.0,0.0,0.0,5.122446855238833e-06,-0.0,-0.0,-0.0
0.0002475000000000005,-4.775638913221894e-18,-0.0,-0.0,4.656076510381435e-53,0.0,0.0,-0.0,-2.2817384174117684e-14,-0.0,0.0,9.483945923929399e-78,0.0,0.0,0.0,5.235235325094994e-06,-0.0,-0.0,-0.0
0.0002500000000000005,-5.023630330033532e-18,-0.0,-0.0,1.012550771760942e-52,0.0,0.0,-0.0,-2.3122690752708535e-14,-0.0,0.0,4.880159238454907e-77,0.0,0.0,0.0,5.3504974206968475e-06,-0.0,-0.0,-0.0
0.0002525000000000005,-5.279079572891666e-18,-0.0,-0.0,2.1816731452227996e-52,0.0,0.0,-0.0,-2.3413363801713445e-14,-0.0,0.0,2.4487152022110618e-76,0.0,0.0,0.0,5.468278056530374e-06,-0.0,-0.0,-0.0
0.0002550000000000005,-5.541854692786983e-18,-0.0,-0.0,4.657906344460881e-52,0.0,0.0,-0.0,-2.3688814944812686e-14,-0.0,0.0,1.1986699102121433e-75,0.0,0.0,0.0,5.588622567508514e-06,-0.0,-0.0,-0.0
0.0002575000000000005,-5.8117975661191254e-18,-0.0,-0.0,9.855332772612767e-52,0.0,0.0,-0.0,-2.3948486610697026e-14,-0.0,0.0,5.726794500197199e-75,0.0,0.0,0.0,5.711576695385007e-06,-0.0,-0.0,-0.0
0.0002600000000000005,-6.088723448640838e-18,-0.0,-0.0,2.0667211693809372e-51,0.0,0.0,-0.0,-2.4191854029434978e-14,-0.0,0.0,2.6715539481928054e-74,0.0,0.0,0.0,5.8371865765654675e-06,-0.0,-0.0,-0.0
0.0002625000000000005,-6.372420642400461e-18,-0.0,-0.0,4.296080682460824e-51,0.0,0.0,-0.0,-2.4418427111305214e-14,-0.0,0.0,1.2174257920427765e-73,0.0,0.0,0.0,5.965498725900561e-06,-0.0,-0.0,-0.0
0.00026500000000000053,-6.662650284361858e-18,-0.0,-0.0,8.853034211005927e-51,0.0,0.0,-0.0,-2.462775220889041e-14,-0.0,0.0,5.4216235767555255e-73,0.0,0.0,0.0,6.096560023767496e-06,-0.0,-0.0,-0.0
0.00026750000000000054,-6.95914626033781e-18,-0.0,-0.0,1.808796076549629e-50,0.0,0.0,-0.0,-2.4819413744125862e-14,-0.0,0.0,2.360494623633933e-72,0.0,0.0,0.0,6.230417872277287e-06,-0.0,-0.0,-0.0
0.00027000000000000055,-7.26161525200244e-18,-0.0,-0.0,3.664483528946825e-50,0.0,0.0,-0.0,-2.499303569911069e-14,-0.0,0.0,1.0051674171074245e-71,0.0,0.0,0.0,6.367119874402596e-06,-0.0,-0.0,-0.0
0.00027250000000000055,-7.5697369176765e-18,-0.0,-0.0,7.36222324292952e-50,0.0,0.0,-0.0,-2.514828295546239e-14,-0.0,0.0,4.1880033301568595e-71,0.0,0.0,0.0,6.506713705189749e-06,-0.0,-0.0,-0.0
0.00027500000000000056,-7.883164214103437e-18,-0.0,-0.0,1.4669826554668188e-49,0.0,0.0,-0.0,-2.5284862478561634e-14,-0.0,0.0,1.7079572939665888e-70,0.0,0.0,0.0,6.6492475380062165e-06,-0.0,-0.0,-0.0
0.00027750000000000057,-8.20152385981565e-18,-0.0,-0.0,2.8993919880910562e-49,0.0,0.0,-0.0,-2.540252433890935e-14,-0.0,0.0,6.820453418465635e-70,0.0,0.0,0.0,6.794769824697245e-06,-0.0,-0.0,-0.0
0.00028000000000000057,-8.524416939838429e-18,-0.0,-0.0,5.684607168337851e-49,0.0,0.0,-0.0,-2.550106256571529e-14,-0.0,0.0,2.6679484562883655e-69,0.0,0.0,0.0,6.943329275798969e-06,-0.0,-0.0,-0.0
0.0002825000000000006,-8.851419656852059e-18,-0.0,-0.0,1.1057338776896287e-48,0.0,0.0,-0.0,-2.5580315822591973e-14,-0.0,0.0,1.0226526984473869e-68,0.0,0.0,0.0,7.094974841125973e-06,-0.0,-0.0,-0.0
0.0002850000000000006,-9.182084223880463e-18,-0.0,-0.0,2.1340369839149062e-48,0.0,0.0,-0.0,-2.564016791361579e-14,-0.0,0.0,3.84256326549125e-68,0.0,0.0,0.0,7.249755688153292e-06,-0.0,-0.0,-0.0
0.0002875000000000006,-9.51593989847424e-18,-0.0,-0.0,4.0869418193443737e-48,0.0,0.0,-0.0,-2.568054809878183e-14,-0.0,0.0,1.4158219595064744e-67,0.0,0.0,0.0,7.407721180045402e-06,-0.0,-0.0,-0.0
0.0002900000000000006,-9.852494157818179e-18,-0.0,-0.0,7.767543130901348e-48,0.0,0.0,-0.0,-2.5701431233784017e-14,-0.0,0.0,5.11729892131311e-67,0.0,0.0,0.0,7.56892085583218e-06,-0.0,-0.0,-0.0
0.0002925000000000006,-1.0191234005709498e-17,-0.0,-0.0,1.4652125301876886e-47,0.0,0.0,-0.0,-2.570283772033929e-14,-0.0,0.0,1.8149489848467522e-66,0.0,0.0,0.0,7.733404403883702e-06,-0.0,-0.0,-0.0
0.0002950000000000006,-1.0531627412197564e-17,-0.0,-0.0,2.74341720331028e-47,0.0,0.0,-0.0,-2.5684833281146185e-14,-0.0,0.0,6.318642583704187e-66,0.0,0.0,0.0,7.901221641215472e-06,-0.0,-0.0,-0.0
0.0002975000000000006,-1.0873124876571576e-17,-0.0,-0.0,5.099169634724413e-47,0.0,0.0,-0.0,-2.564752854365166e-14,-0.0,0.0,2.1600333981221945e-65,0.0,0.0,0.0,8.07242248753242e-06,-0.0,-0.0,-0.0
0.0003000000000000006,-1.1215161105729877e-17,-0.0,-0.0,9.409467837663625e-47,0.0,0.0,-0.0,-2.5591078446341084e-14,-0.0,0.0,7.252929041739579e-65,0.0,0.0,0.0,8.247056942058291e-06,-0.0,-0.0,-0.0
0.00030250000000000063,-1.1557156805261156e-17,-0.0,-0.0,1.7239705860423534e-46,0.0,0.0,-0.0,-2.551568147199135e-14,-0.0,0.0,2.3928700738488917e-64,0.0,0.0,0.0,8.42517547224571e-06,-0.0,-0.0,-0.0
0.00030500000000000064,-1.1898520563302859e-17,-0.0,-0.0,3.1364226546730297e-46,0.0,0.0,-0.0,-2.54215787071611e-14,-0.0,0.0,7.759102676427437e-64,0.0,0.0,0.0,8.606827798907599e-06,-0.0,-0.0,-0.0
0.00030750000000000064,-1.2238650832906779e-17,-0.0,-0.0,5.666561178058327e-46,0.0,0.0,-0.0,-2.5309052728385776e-14,-0.0,0.0,2.473558091575956e-63,0.0,0.0,0.0,8.792063960098263e-06,-0.0,-0.0,-0.0
0.00031000000000000065,-1.2576937986274885e-17,-0.0,-0.0,1.0167747745151326e-45,0.0,0.0,-0.0,-2.51784263410331e-14,-0.0,0.0,7.75497037064859e-63,0.0,0.0,0.0,8.980934009629284e-06,-0.0,-0.0,-0.0
0.00031250000000000066,-1.2912766438453334e-17,-0.0,-0.0,1.8121311648598032e-45,0.0,0.0,-0.0,-2.503006115420253e-14,-0.0,0.0,2.391731654403333e-62,0.0,0.0,0.0,9.173487946113558e-06,-0.0,-0.0,-0.0
0.00031500000000000066,-1.324551682796562e-17,-0.0,-0.0,3.208139783993979e-45,0.0,0.0,-0.0,-2.4864356012956203e-14,-0.0,0.0,7.2584459228682e-62,0.0,0.0,0.0,9.369775686769175e-06,-0.0,-0.0,-0.0
0.00031750000000000067,-1.357456823734124e-17,-0.0,-0.0,5.642277364339161e-45,0.0,0.0,-0.0,-2.4681745307030502e-14,-0.0,0.0,2.1681839178715886e-61,0.0,0.0,0.0,9.569847038344458e-06,-0.0,-0.0,-0.0
0.0003200000000000007,-1.389930044465256e-17,-0.0,-0.0,9.858966569841493e-45,0.0,0.0,-0.0,-2.4482697134375025e-14,-0.0,0.0,6.37661357572038e-61,0.0,0.0,0.0,9.773751667351611e-06,-0.0,-0.0,-0.0
0.0003225000000000007,-1.421909618862031e-17,-0.0,-0.0,1.7116781479466445e-44,0.0,0.0,-0.0,-2.4267711367441292e-14,-0.0,0.0,1.846901338061023e-60,0.0,0.0,0.0,9.981539072199958e-06,-0.0,-0.0,-0.0
0.0003250000000000007,-1.4533343437942798e-17,-0.0,-0.0,2.953004616672173e-44,0.0,0.0,-0.0,-2.4037317612748217e-14,-0.0,0.0,5.269542845893387e-60,0.0,0.0,0.0,1.0193258550671597e-05,-0.0,-0.0,-0.0
0.0003275000000000007,-1.4841437650583552e-17,-0.0,-0.0,5.062845055690628e-44,0.0,0.0,-0.0,-2.3792073069024526e-14,-0.0,0.0,1.481466476548382e-59,0.0,0.0,0.0,1.0408959174614364e-05,-0.0,-0.0,-0.0
0.0003300000000000007,-1.514278399832506e-17,-0.0,-0.0,8.62681432337804e-44,0.0,0.0,-0.0,-2.3532560322980545e-14,-0.0,0.0,4.10499245022768e-59,0.0,0.0,0.0,1.0628689755161033e-05,-0.0,-0.0,-0.0
0.0003325000000000007,-1.5436799570269782e-17,-0.0,-0.0,1.4610598790081566e-43,0.0,0.0,-0.0,-2.3259385062284434e-14,-0.0,0.0,1.1213587788330992e-58,0.0,0.0,0.0,1.0852498813389711e-05,-0.0,-0.0,-0.0
0.0003350000000000007,-1.5722915502345446e-17,-0.0,-0.0,2.4597071929803394e-43,0.0,0.0,-0.0,-2.297317374805534e-14,-0.0,0.0,3.020623708905813e-58,0.0,0.0,0.0,1.1080434551799152e-05,-0.0,-0.0,-0.0
0.0003375000000000007,-1.6000579062994664e-17,-0.0,-0.0,4.1165401757293994e-43,0.0,0.0,-0.0,-2.2674571240098964e-14,-0.0,0.0,8.02554844198002e-58,0.0,0.0,0.0,1.1312544819750806e-05,-0.0,-0.0,-0.0
0.00034000000000000073,-1.6269255646437562e-17,-0.0,-0.0,6.8493635064876136e-43,0.0,0.0,-0.0,-2.236423839431231e-14,-0.0,0.0,2.1036973333113094e-57,0.0,0.0,0.0,1.1548877341327402e-05,-0.0,-0.0,-0.0
0.00034250000000000074,-1.652843068720461e-17,-0.0,-0.0,1.133109765886139e-42,0.0,0.0,-0.0,-2.20428496510192e-14,-0.0,0.0,5.44157731470038e-57,0.0,0.0,0.0,1.1789479203135694e-05,-0.0,-0.0,-0.0
0.00034500000000000074,-1.6777611469505493e-17,-0.0,-0.0,1.8639415994979676e-42,0.0,0.0,-0.0,-2.1711090612957027e-14,-0.0,0.0,1.3893131459153232e-56,0.0,0.0,0.0,1.2034396738364423e-05,-0.0,-0.0,-0.0
0.00034750000000000075,-1.7016328832444348e-17,-0.0,-0.0,3.04905637689257e-42,0.0,0.0,-0.0,-2.1369655643939202e-14,-0.0,0.0,3.501936795845941e-56,0.0,0.0,0.0,1.2283676076547343e-05,-0.0,-0.0,-0.0
0.00035000000000000076,-1.7244138753915315e-17,-0.0,-0.0,4.960270596886627e-42,0.0,0.0,-0.0,-2.101924548238065e-14,-0.0,0.0,8.716589111668072e-56,0.0,0.0,0.0,1.253736283951443e-05,-0.0,-0.0,-0.0
0.00035250000000000076,-1.74606238097416e-17,-0.0,-0.0,8.025749734428937e-42,0.0,0.0,-0.0,-2.0660564894345107e-14,-0.0,0.0,2.1429426650508647e-55,0.0,0.0,0.0,1.2795502108126178e-05,-0.0,-0.0,-0.0
0.00035500000000000077,-1.76653944980127e-17,-0.0,-0.0,1.2916337851863728e-41,0.0,0.0,-0.0,-2.0294320369407093e-14,-0.0,0.0,5.204681454373495e-55,0.0,0.0,0.0,1.3058138390604924e-05,-0.0,-0.0,-0.0
0.0003575000000000008,-1.7858090427253458e-17,-0.0,-0.0,2.0677573330681722e-41,0.0,0.0,-0.0,-1.9921217874702064e-14,-0.0,0.0,1.2490782696967305e-54,0.0,0.0,0.0,1.332531559033817e-05,-0.0,-0.0,-0.0
0.0003600000000000008,-1.8038381360610987e-17,-0.0,-0.0,3.293052269410978e-41,0.0,0.0,-0.0,-1.9541960674521224e-14,-0.0,0.0,2.962700114902993e-54,0.0,0.0,0.0,1.3597076976359242e-05,-0.0,-0.0,-0.0
0.0003625000000000008,-1.8205968108348884e-17,-0.0,-0.0,5.21757486798476e-41,0.0,0.0,-0.0,-1.9157247228237804e-14,-0.0,0.0,6.946680505275873e-54,0.0,0.0,0.0,1.3873465148591527e-05,-0.0,-0.0,-0.0
0.0003650000000000008,-1.836058327581314e-17,-0.0,-0.0,8.225106561767194e-41,0.0,0.0,-0.0,-1.8767769165170004e-14,-0.0,0.0,1.610445437948298e-53,0.0,0.0,0.0,1.4154522008983601e-05,-0.0,-0.0,-0.0
0.0003675000000000008,-1.8501991858776715e-17,-0.0,-0.0,1.2901748112795065e-40,0.0,0.0,-0.0,-1.8374209361619182e-14,-0.0,0.0,3.6921529355639522e-53,0.0,0.0,0.0,1.4440288727866657e-05,-0.0,-0.0,-0.0
0.0003700000000000008,-1.86299916839128e-17,-0.0,-0.0,2.0138207160373094e-40,0.0,0.0,-0.0,-1.7977240104016606e-14,-0.0,0.0,8.372645611515154e-53,0.0,0.0,0.0,1.4730805714258618e-05,-0.0,-0.0,-0.0
0.0003725000000000008,-1.874441370405554e-17,-0.0,-0.0,3.1281598717818214e-40,0.0,0.0,-0.0,-1.757752136955233e-14,-0.0,0.0,1.8783562819867338e-52,0.0,0.0,0.0,1.5026112581984503e-05,-0.0,-0.0,-0.0
0.0003750000000000008,-1.8845122140134166e-17,-0.0,-0.0,4.835966354454373e-40,0.0,0.0,-0.0,-1.7175699204178076e-14,-0.0,0.0,4.16971963075541e-52,0.0,0.0,0.0,1.532624812264856e-05,-0.0,-0.0,-0.0
0.00037750000000000083,-1.8932014475796244e-17,-0.0,-0.0,7.441041500180588e-40,0.0,0.0,-0.0,-1.6772404220781954e-14,-0.0,0.0,9.160712921850803e-52,0.0,0.0,0.0,1.563125026956543e-05,-0.0,-0.0,-0.0
0.00038000000000000083,-1.90050213191388e-17,-0.0,-0.0,1.1396457339830432e-39,0.0,0.0,-0.0,-1.636825021514731e-14,-0.0,0.0,1.9921576196369474e-51,0.0,0.0,0.0,1.5941156072374065e-05,-0.0,-0.0,-0.0
0.00038250000000000084,-1.9064106111882408e-17,-0.0,-0.0,1.7374842846648136e-39,0.0,0.0,-0.0,-1.5963832892836704e-14,-0.0,0.0,4.289109792207134e-51,0.0,0.0,0.0,1.6256001659810613e-05,-0.0,-0.0,-0.0
0.00038500000000000085,-1.9109264720921245e-17,-0.0,-0.0,2.6370331353142388e-39,0.0,0.0,-0.0,-1.5559728727097953e-14,-0.0,0.0,9.143980740364245e-51,0.0,0.0,0.0,1.6575822216771613e-05,-0.0,-0.0,-0.0
0.00038750000000000085,-1.9140524891339266e-17,-0.0,-0.0,3.984578713039036e-39,0.0,0.0,-0.0,-1.5156493930560477e-14,-0.0,0.0,1.9306446864021937e-50,0.0,0.0,0.0,1.690065222464472e-05,-0.0,-0.0,-0.0
0.00039000000000000086,-1.9157945588923113e-17,-0.0,-0.0,5.994450998563915e-39,0.0,0.0,-0.0,-1.4754663550176337e-14,-0.0,0.0,4.037766365695515e-50,0.0,0.0,0.0,1.7230524932636214e-05,-0.0,-0.0,-0.0
0.00039250000000000087,-1.9161616224140155e-17,-0.0,-0.0,8.979337154199264e-39,0.0,0.0,-0.0,-1.4354750683941114e-14,-0.0,0.0,8.366105073138776e-50,0.0,0.0,0.0,1.75654721821152e-05,-0.0,-0.0,-0.0
0.0003950000000000009,-1.9151655775240228e-17,-0.0,-0.0,1.3393506834655278e-38,0.0,0.0,-0.0,-1.3957245813910234e-14,-0.0,0.0,1.7175877047463005e-49,0.0,0.0,0.0,1.790552506546943e-05,-0.0,-0.0,-0.0
0.0003975000000000009,-1.912821181045858e-17,-0.0,-0.0,1.9894196783795002e-38,0.0,0.0,-0.0,-1.356261625864598e-14,-0.0,0.0,3.4945952065973745e-49,0.0,0.0,0.0,1.825071357573232e-05,-0.0,-0.0,-0.0
0.0004000000000000009,-1.90914594295985e-17,-0.0,-0.0,2.942843285296525e-38,0.0,0.0,-0.0,-1.3171305735368264e-14,-0.0,0.0,7.047332271451728e-49,0.0,0.0,0.0,1.8601066580443345e-05,-0.0,-0.0,-0.0
0.0004025000000000009,-1.9041600115501275e-17,-0.0,-0.0,4.3355344265641237e-38,0.0,0.0,-0.0,-1.2783734036169151e-14,-0.0,0.0,1.4088632124227843e-48,0.0,0.0,0.0,1.8956611792334484e-05,-0.0,-0.0,-0.0
0.0004050000000000009,-1.8978860522544882e-17,-0.0,-0.0,6.361780744909241e-38,0.0,0.0,-0.0,-1.2400296808973244e-14,-0.0,0.0,2.792506235207568e-48,0.0,0.0,0.0,1.931737573906339e-05,-0.0,-0.0,-0.0
0.0004075000000000009,-1.8903491200915897e-17,-0.0,-0.0,9.2982389991267e-38,0.0,0.0,-0.0,-1.20213654414626e-14,-0.0,0.0,5.4886369553852e-48,0.0,0.0,0.0,1.9683383736558813e-05,-0.0,-0.0,-0.0
0.0004100000000000009,-1.8815765264280564e-17,-0.0,-0.0,1.353735057559429e-37,0.0,0.0,-0.0,-1.164728704008744e-14,-0.0,0.0,1.0698982010117161e-47,0.0,0.0,0.0,2.005465986004126e-05,-0.0,-0.0,-0.0
0.0004125000000000009,-1.8715977015999885e-17,-0.0,-0.0,1.9633704192021074e-37,0.0,0.0,-0.0,-1.1278384507185058e-14,-0.0,0.0,2.068661194102104e-47,0.0,0.0,0.0,2.043122691848469e-05,-0.0,-0.0,-0.0
0.0004150000000000009,-1.8604440537437858e-17,-0.0,-0.0,2.836812689219885e-37,0.0,0.0,-0.0,-1.0914956697463938e-14,-0.0,0.0,3.96794285956649e-47,0.0,0.0,0.0,2.081310642256635e-05,-0.0,-0.0,-0.0
0.00041750000000000093,-1.848148825155582e-17,-0.0,-0.0,4.083596308601515e-37,0.0,0.0,-0.0,-1.0557278664315098e-14,-0.0,0.0,7.551436705665862e-47,0.0,0.0,0.0,2.1200318560014e-05,-0.0,-0.0,-0.0
0.00042000000000000094,-1.8347469457543877e-17,-0.0,-0.0,5.856823886754684e-37,0.0,0.0,-0.0,-1.020560197567492e-14,-0.0,0.0,1.4260664121334657e-46,0.0,0.0,0.0,2.1592882171996534e-05,-0.0,-0.0,-0.0
0.00042250000000000095,-1.8202748864081804e-17,-0.0,-0.0,8.369738105269764e-37,0.0,0.0,-0.0,-9.860155105279466e-15,-0.0,0.0,2.672714813810824e-46,0.0,0.0,0.0,2.199081471791062e-05,-0.0,-0.0,-0.0
0.00042500000000000095,-1.804770511217655e-17,-0.0,-0.0,1.1918309506437807e-36,0.0,0.0,-0.0,-9.521143885939495e-15,-0.0,0.0,4.97191617941504e-46,0.0,0.0,0.0,2.2394132260531784e-05,-0.0,-0.0,-0.0
0.00042750000000000096,-1.7882729299612516e-17,-0.0,-0.0,1.6911919773062878e-36,0.0,0.0,-0.0,-9.18875202258102e-15,-0.0,0.0,9.181376336050955e-46,0.0,0.0,0.0,2.2802849429580327e-05,-0.0,-0.0,-0.0
0.00043000000000000097,-1.7708223515545172e-17,-0.0,-0.0,2.391490291204035e-36,0.0,0.0,-0.0,-8.863141657496945e-15,-0.0,0.0,1.683286415781633e-45,0.0,0.0,0.0,2.321697940206001e-05,-0.0,-0.0,-0.0
0.00043250000000000097,-1.7524599393207135e-17,-0.0,-0.0,3.370260189321139e-36,0.0,0.0,-0.0,-8.544453984571927e-15,-0.0,0.0,3.064268742124139e-45,0.0,0.0,0.0,2.3636533876080218e-05,-0.0,-0.0,-0.0
0.000435000000000001,-1.7332276679753335e-17,-0.0,-0.0,4.7336768038342136e-36,0.0,0.0,-0.0,-8.232809904371778e-15,-0.0,0.0,5.539436731391761e-45,0.0,0.0,0.0,2.4061523045897242e-05,-0.0,-0.0,-0.0
0.000437500000000001,-1.7131681834431493e-17,-0.0,-0.0,6.626665429677567e-36,0.0,0.0,-0.0,-7.92831071597738e-15,-0.0,0.0,9.945453219835794e-45,0.0,0.0,0.0,2.449195557634648e-05,-0.0,-0.0,-0.0
0.000440000000000001,-1.6923246654813973e-17,-0.0,-0.0,9.246413260663688e-36,0.0,0.0,-0.0,-7.631038838948386e-15,-0.0,0.0,1.7735892772621576e-44,0.0,0.0,0.0,2.492783857854561e-05,-0.0,-0.0,-0.0
0.000442500000000001,-1.6707406948950973e-17,-0.0,-0.0,1.2860372785714792e-35,0.0,0.0,-0.0,-7.341058563646168e-15,-0.0,0.0,3.1419504257031673e-44,0.0,0.0,0.0,2.5369177591049692e-05,-0.0,-0.0,-0.0
0.000445000000000001,-1.6484601233142544e-17,-0.0,-0.0,1.7830176894636628e-35,0.0,0.0,-0.0,-7.058416819283382e-15,-0.0,0.0,5.529816539964432e-44,0.0,0.0,0.0,2.5815976549061152e-05,-0.0,-0.0,-0.0
0.000447500000000001,-1.6255269486305333e-17,-0.0,-0.0,2.4643311478171985e-35,0.0,0.0,-0.0,-6.783143961036287e-15,-0.0,0.0,9.670158798997596e-44,0.0,0.0,0.0,2.6268237768986184e-05,-0.0,-0.0,-0.0
0.000450000000000001,-1.6019851942010118e-17,-0.0,-0.0,3.395493773655604e-35,0.0,0.0,-0.0,-6.515254568472249e-15,-0.0,0.0,1.6804028362930558e-43,0.0,0.0,0.0,2.6725961920362783e-05,-0.0,-0.0,-0.0
0.000452500000000001,-1.5778787937296683e-17,-0.0,-0.0,4.6642955632023684e-35,0.0,0.0,-0.0,-6.254748249449656e-15,-0.0,0.0,2.90198144816277e-43,0.0,0.0,0.0,2.7189148006861148e-05,-0.0,-0.0,-0.0
0.00045500000000000103,-1.553251480644539e-17,-0.0,-0.0,6.38802922504211e-35,0.0,0.0,-0.0,-6.0016104523120646e-15,-0.0,0.0,4.981049858147129e-43,0.0,0.0,0.0,2.7657793344760904e-05,-0.0,-0.0,-0.0
0.00045750000000000104,-1.5281466833363286e-17,-0.0,-0.0,8.722953433634451e-35,0.0,0.0,-0.0,-5.755813273475871e-15,-0.0,0.0,8.498355539888152e-43,0.0,0.0,0.0,2.8131893812483942e-05,-0.0,-0.0,-0.0
0.00046000000000000104,-1.502607425694294e-17,-0.0,-0.0,1.1876646532213187e-34,0.0,0.0,-0.0,-5.517316264430093e-15,-0.0,0.0,1.4413800424296612e-42,0.0,0.0,0.0,2.861144333977138e-05,-0.0,-0.0,-0.0
0.00046250000000000105,-1.476676233496368e-17,-0.0,-0.0,1.6124089099052736e-34,0.0,0.0,-0.0,-5.2860672313938936e-15,-0.0,0.0,2.4304836879448915e-42,0.0,0.0,0.0,2.9096433742329184e-05,-0.0,-0.0,-0.0
0.00046500000000000106,-1.450395045980795e-17,-0.0,-0.0,2.182854401189796e-34,0.0,0.0,-0.0,-5.062003025139417e-15,-0.0,0.0,4.0749067718862294e-42,0.0,0.0,0.0,2.958685538190902e-05,-0.0,-0.0,-0.0
0.00046750000000000106,-1.423805134168297e-17,-0.0,-0.0,2.94685924548667e-34,0.0,0.0,-0.0,-4.8450503194293586e-15,-0.0,0.0,6.793486971579995e-42,0.0,0.0,0.0,3.0082696833339296e-05,-0.0,-0.0,-0.0
0.00047000000000000107,-1.396947023782841e-17,-0.0,-0.0,3.9673048263379655e-34,0.0,0.0,-0.0,-4.635126375589475e-15,-0.0,0.0,1.1263061619988932e-41,0.0,0.0,0.0,3.058394486491592e-05,-0.0,-0.0,-0.0
0.0004725000000000011,-1.3698604250268247e-17,-0.0,-0.0,5.3265928741073315e-34,0.0,0.0,-0.0,-4.432139787854562e-15,-0.0,0.0,1.857148238945938e-41,0.0,0.0,0.0,3.109058442171841e-05,-0.0,-0.0,-0.0
0.0004750000000000011,-1.3425841671999876e-17,-0.0,-0.0,7.132422953206625e-34,0.0,0.0,-0.0,-4.2359912134755865e-15,-0.0,0.0,3.045790742644829e-41,0.0,0.0,0.0,3.1602598611519105e-05,-0.0,-0.0,-0.0
0.0004775000000000011,-1.3151561395373506e-17,-0.0,-0.0,9.525196063171951e-34,0.0,0.0,-0.0,-4.0465740805964016e-15,-0.0,0.0,4.968818846679792e-41,0.0,0.0,0.0,3.21199686820007e-05,-0.0,-0.0,-0.0
0.0004800000000000011,-1.2876132376960955e-17,-0.0,-0.0,1.268747826265165e-33,0.0,0.0,-0.0,-3.863775275220592e-15,-0.0,0.0,8.063830013796329e-41,0.0,0.0,0.0,3.264267401033216e-05,-0.0,-0.0,-0.0
0.0004825000000000011,-1.2599913151674647e-17,-0.0,-0.0,1.6856067596285582e-33,0.0,0.0,-0.0,-3.687475805034157e-15,-0.0,0.0,1.3019653638351285e-40,0.0,0.0,0.0,3.317069208534426e-05,-0.0,-0.0,-0.0
0.0004850000000000011,-1.2323251405868033e-17,-0.0,-0.0,2.2337342890058075e-33,0.0,0.0,-0.0,-3.5175514403621564e-15,-0.0,0.0,2.091517109293748e-40,0.0,0.0,0.0,3.3703998495477786e-05,-0.0,-0.0,-0.0
0.0004875000000000011,-1.2046483600972442e-17,-0.0,-0.0,2.9526739947930647e-33,0.0,0.0,-0.0,-3.3538733286218206e-15,-0.0,0.0,3.343187246733097e-40,0.0,0.0,0.0,3.424256690946548e-05,-0.0,-0.0,-0.0
0.0004900000000000011,-1.1769934646379506e-17,-0.0,-0.0,3.893340622955534e-33,0.0,0.0,-0.0,-3.1963085852666637e-15,-0.0,0.0,5.3177749878415774e-40,0.0,0.0,0.0,3.478636907243177e-05,-0.0,-0.0,-0.0
0.0004925000000000011,-1.1493917624533895e-17,-0.0,-0.0,5.121133756983113e-33,0.0,0.0,-0.0,-3.04472085767644e-15,-0.0,0.0,8.417850551876722e-40,0.0,0.0,0.0,3.533537478036471e-05,-0.0,-0.0,-0.0
0.0004950000000000011,-1.1218733558559724e-17,-0.0,-0.0,6.71986099121003e-33,0.0,0.0,-0.0,-2.89897086420065e-15,-0.0,0.0,1.3261902703983735e-39,0.0,0.0,0.0,3.588955188266596e-05,-0.0,-0.0,-0.0
0.0004975000000000011,-1.0944671230796102e-17,-0.0,-0.0,8.796669730557176e-33,0.0,0.0,-0.0,-2.7589169048201646e-15,-0.0,0.0,2.0795749339775724e-39,0.0,0.0,0.0,3.644886625994516e-05,-0.0,-0.0,-0.0
0.0005000000000000011,-1.0672007042167203e-17,-0.0,-0.0,1.1488232895806178e-32,0.0,0.0,-0.0,-2.624415347733664e-15,-0.0,0.0,3.2459179545353756e-39,0.0,0.0,0.0,3.7013281820675635e-05,-0.0,-0.0,-0.0
0.0005025000000000011,-1.0401004910013414e-17,-0.0,-0.0,1.496848997803806e-32,0.0,0.0,-0.0,-2.4953210883134547e-15,-0.0,0.0,5.043409582871363e-39,0.0,0.0,0.0,3.758276048355733e-05,-0.0,-0.0,-0.0
0.0005050000000000011,-1.0131916213719696e-17,-0.0,-0.0,1.9458313115096163e-32,0.0,0.0,-0.0,-2.3714879817415297e-15,-0.0,0.0,7.80123917215552e-39,0.0,0.0,0.0,3.8157262182722656e-05,-0.0,-0.0,-0.0
0.0005075000000000011,-9.864979768832658e-18,-0.0,-0.0,2.523755054036518e-32,0.0,0.0,-0.0,-2.252769251156054e-15,-0.0,0.0,1.201389780474476e-38,0.0,0.0,0.0,3.873674484261962e-05,-0.0,-0.0,-0.0
0.0005100000000000011,-9.600421842679585e-18,-0.0,-0.0,3.2659999707120667e-32,0.0,0.0,-0.0,-2.1390178688435277e-15,-0.0,0.0,1.8420992581140333e-38,0.0,0.0,0.0,3.932116438581211e-05,-0.0,-0.0,-0.0
0.0005125000000000011,-9.338456200888266e-18,-0.0,-0.0,4.2171983065937544e-32,0.0,0.0,-0.0,-2.030086913596926e-15,-0.0,0.0,2.8124064642625206e-38,0.0,0.0,0.0,3.9910474716750605e-05,-0.0,-0.0,-0.0
0.0005150000000000011,-9.079284185930609e-18,-0.0,-0.0,5.433534467670789e-32,0.0,0.0,-0.0,-1.925829903013582e-15,-0.0,0.0,4.275685786648983e-38,0.0,0.0,0.0,4.050462771919492e-05,-0.0,-0.0,-0.0
0.0005175000000000011,-8.823094826071684e-18,-0.0,-0.0,6.98558604147517e-32,0.0,0.0,-0.0,-1.8261011022666384e-15,-0.0,0.0,6.47324807045823e-38,0.0,0.0,0.0,4.1103573257229707e-05,-0.0,-0.0,-0.0
0.0005200000000000011,-8.570064968705101e-18,-0.0,-0.0,8.961826379128052e-32,0.0,0.0,-0.0,-1.7307558093769327e-15,-0.0,0.0,9.760074074717155e-38,0.0,0.0,0.0,4.1707259159366695e-05,-0.0,-0.0,-0.0
0.0005225000000000012,-8.320359442002875e-18,-0.0,-0.0,1.14729339803704e-31,0.0,0.0,-0.0,-1.6396506183541346e-15,-0.0,0.0,1.4656270993400718e-37,0.0,0.0,0.0,4.231563122943485e-05,-0.0,-0.0,-0.0
0.0005250000000000012,-8.074131238787397e-18,-0.0,-0.0,1.4657083835441216e-31,0.0,0.0,-0.0,-1.5526436603559369e-15,-0.0,0.0,2.1920880202207758e-37,0.0,0.0,0.0,4.2928633233078386e-05,-0.0,-0.0,-0.0
0.0005275000000000012,-7.831521721877528e-18,-0.0,-0.0,1.8686431510378524e-31,0.0,0.0,-0.0,-1.4695948240080078e-15,-0.0,0.0,3.265733618458201e-37,0.0,0.0,0.0,4.354620690497129e-05,-0.0,-0.0,-0.0
0.0005300000000000012,-7.59266084812528e-18,-0.0,-0.0,2.3775043150123635e-31,0.0,0.0,-0.0,-1.3903659554636515e-15,-0.0,0.0,4.846357597535531e-37,0.0,0.0,0.0,4.4168291942725225e-05,-0.0,-0.0,-0.0
0.0005325000000000012,-7.357667413223002e-18,-0.0,-0.0,3.0188574901249308e-31,0.0,0.0,-0.0,-1.3148210390145009e-15,-0.0,0.0,7.1644901444816875e-37,0.0,0.0,0.0,4.47948260128195e-05,-0.0,-0.0,-0.0
0.0005350000000000012,-7.126649307887765e-18,-0.0,-0.0,3.8256064845214834e-31,0.0,0.0,-0.0,-1.2428263593105253e-15,-0.0,0.0,1.0551471009918943e-36,0.0,0.0,0.0,4.542574474706197e-05,-0.0,-0.0,-0.0
0.0005375000000000012,-6.899703793427223e-18,-0.0,-0.0,4.838427103374827e-31,0.0,0.0,-0.0,-1.1742506458776714e-15,-0.0,0.0,1.5481781379343212e-36,0.0,0.0,0.0,4.60609817496545e-05,-0.0,-0.0,-0.0
0.0005400000000000012,-6.676917786217268e-18,-0.0,-0.0,6.107507237162733e-31,0.0,0.0,-0.0,-1.1089652004764748e-15,-0.0,0.0,2.2632416862025952e-36,0.0,0.0,0.0,4.670046859815924e-05,-0.0,-0.0,-0.0
0.0005425000000000012,-6.4583681547172005e-18,-0.0,-0.0,7.694654705543705e-31,0.0,0.0,-0.0,-1.0468440089447482e-15,-0.0,0.0,3.296586555894783e-36,0.0,0.0,0.0,4.734413485182117e-05,-0.0,-0.0,-0.0
0.0005450000000000012,-6.244122026603894e-18,-0.0,-0.0,9.675845846781531e-31,0.0,0.0,-0.0,-9.877638372977343e-16,-0.0,0.0,4.784566906707575e-36,0.0,0.0,0.0,4.79919080477963e-05,-0.0,-0.0,-0.0
0.0005475000000000012,-6.0342371032502324e-18,-0.0,-0.0,1.2144301347681817e-30,0.0,0.0,-0.0,-9.316043138968583e-16,-0.0,0.0,6.919680355999922e-36,0.0,0.0,0.0,4.864371372087104e-05,-0.0,-0.0,-0.0
0.0005500000000000012,-5.828761981408451e-18,-0.0,-0.0,1.521419164779549e-30,0.0,0.0,-0.0,-8.782479978340896e-16,-0.0,0.0,9.972750386470577e-36,0.0,0.0,0.0,4.929947540562557e-05,-0.0,-0.0,-0.0
0.0005525000000000012,-5.627736479570286e-18,-0.0,-0.0,1.9025092735385925e-30,0.0,0.0,-0.0,-8.275804345309038e-16,-0.0,0.0,1.432350351703878e-35,0.0,0.0,0.0,4.995911463615935e-05,-0.0,-0.0,-0.0
0.0005550000000000012,-5.431191970356892e-18,-0.0,-0.0,2.3747334753362326e-30,0.0,0.0,-0.0,-7.794901995752028e-16,-0.0,0.0,2.0502577907564064e-35,0.0,0.0,0.0,5.062255097135048e-05,-0.0,-0.0,-0.0
0.0005575000000000012,-5.2391517145081155e-18,-0.0,-0.0,2.958841096629545e-30,0.0,0.0,-0.0,-7.338689312363962e-16,-0.0,0.0,2.924904748950932e-35,0.0,0.0,0.0,5.1289701993787586e-05,-0.0,-0.0,-0.0
0.0005600000000000013,-5.05163119691706e-18,-0.0,-0.0,3.68006438803844e-30,0.0,0.0,-0.0,-6.906113524629505e-16,-0.0,0.0,4.1588936712052444e-35,0.0,0.0,0.0,5.196048332638851e-05,-0.0,-0.0,-0.0
0.0005625000000000013,-4.8686384645349955e-18,-0.0,-0.0,4.5690339213420486e-30,0.0,0.0,-0.0,-6.496152832864026e-16,-0.0,0.0,5.894204229806301e-35,0.0,0.0,0.0,5.2634808644164465e-05,-0.0,-0.0,-0.0
0.0005650000000000013,-4.690174462119779e-18,-0.0,-0.0,5.662869772190123e-30,0.0,0.0,-0.0,-6.10781644163609e-16,-0.0,0.0,8.326680815440662e-35,0.0,0.0,0.0,5.3312589690136416e-05,-0.0,-0.0,-0.0
0.0005675000000000013,-4.516233370873508e-18,-0.0,-0.0,7.00648003363182e-30,0.0,0.0,-0.0,-5.740144509491351e-16,-0.0,0.0,1.1725619585723552e-34,0.0,0.0,0.0,5.399373628170179e-05,-0.0,-0.0,-0.0
0.0005700000000000013,-4.3468029406568976e-18,-0.0,-0.0,8.654103446945117e-30,0.0,0.0,-0.0,-5.392208021952634e-16,-0.0,0.0,1.646016847833889e-34,0.0,0.0,0.0,5.4678156341377995e-05,-0.0,-0.0,-0.0
0.0005725000000000013,-4.1818648237628464e-18,-0.0,-0.0,1.0671138987815687e-29,0.0,0.0,-0.0,-5.063108593926223e-16,-0.0,0.0,2.3034801637715347e-34,0.0,0.0,0.0,5.536575589884604e-05,-0.0,-0.0,-0.0
0.0005750000000000013,-4.021394901213758e-18,-0.0,-0.0,1.3136312190077666e-29,0.0,0.0,-0.0,-4.751978207450349e-16,-0.0,0.0,3.2136844083759534e-34,0.0,0.0,0.0,5.605643911860139e-05,-0.0,-0.0,-0.0
0.0005775000000000013,-3.865363609481758e-18,-0.0,-0.0,1.6144235977471894e-29,0.0,0.0,-0.0,-4.4579788911350755e-16,-0.0,0.0,4.469995089376407e-34,0.0,0.0,0.0,5.675010831356741e-05,-0.0,-0.0,-0.0
0.0005800000000000013,-3.7137362590175385e-18,-0.0,-0.0,1.980843292493756e-29,0.0,0.0,-0.0,-4.1803023450855885e-16,-0.0,0.0,6.198864832128186e-34,0.0,0.0,0.0,5.744666396736891e-05,-0.0,-0.0,-0.0
0.0005825000000000013,-3.566473348568866e-18,-0.0,-0.0,2.4264896342769813e-29,0.0,0.0,-0.0,-3.918169519426656e-16,-0.0,0.0,8.571059883735567e-34,0.0,0.0,0.0,5.8146004757828695e-05,-0.0,-0.0,-0.0
0.0005850000000000013,-3.423530875573014e-18,-0.0,-0.0,2.9676279548500346e-29,0.0,0.0,-0.0,-3.6708301492899363e-16,-0.0,0.0,1.1816525501428071e-33,0.0,0.0,0.0,5.884802757230492e-05,-0.0,-0.0,-0.0
0.0005875000000000013,-3.2848606375061092e-18,-0.0,-0.0,3.623681631001567e-29,0.0,0.0,-0.0,-3.437562249964174e-16,-0.0,0.0,1.624401404505722e-33,0.0,0.0,0.0,5.9552627539010524e-05,-0.0,-0.0,-0.0
0.0005900000000000013,-3.150410528253632e-18,-0.0,-0.0,4.417809104203178e-29,0.0,0.0,-0.0,-3.217671580181042e-16,-0.0,0.0,2.2266929283845214e-33,0.0,0.0,0.0,6.02596980467601e-05,-0.0,-0.0,-0.0
0.0005925000000000013,-3.0201248278621175e-18,-0.0,-0.0,5.377579489962508e-29,0.0,0.0,-0.0,-3.010491075160258e-16,-0.0,0.0,3.0437261637695584e-33,0.0,0.0,0.0,6.0969130771504396e-05,-0.0,-0.0,-0.0
0.0005950000000000013,-2.8939444834207252e-18,-0.0,-0.0,6.535762407011366e-29,0.0,0.0,-0.0,-2.8153802532682226e-16,-0.0,0.0,4.149002577316474e-33,0.0,0.0,0.0,6.168081570030345e-05,-0.0,-0.0,-0.0
0.0005975000000000014,-2.7718073839373347e-18,-0.0,-0.0,7.931249915704264e-29,0.0,0.0,-0.0,-2.6317246019473943e-16,-0.0,0.0,5.640129397874491e-33,0.0,0.0,0.0,6.239464115989814e-05,-0.0,-0.0,-0.0
0.0006000000000000014,-2.6536486266016868e-18,-0.0,-0.0,9.610131034376107e-29,0.0,0.0,-0.0,-2.45893494421083e-16,-0.0,0.0,7.64637830076644e-33,0.0,0.0,0.0,6.311049385142972e-05,-0.0,-0.0,-0.0
0.0006025000000000014,-2.5394007743148357e-18,-0.0,-0.0,1.1626942188896524e-28,0.0,0.0,-0.0,-2.296446790987818e-16,-0.0,0.0,1.033850445950145e-32,0.0,0.0,0.0,6.38282588662553e-05,-0.0,-0.0,-0.0
0.0006050000000000014,-2.4289941064091103e-18,-0.0,-0.0,1.404612023596683e-28,0.0,0.0,-0.0,-2.143719680430881e-16,-0.0,0.0,1.3941468705680947e-32,0.0,0.0,0.0,6.454781973657524e-05,-0.0,-0.0,-0.0
0.0006075000000000014,-2.3223568601379527e-18,-0.0,-0.0,1.6943688364092885e-28,0.0,0.0,-0.0,-2.0002365089070744e-16,-0.0,0.0,1.875087872427716e-32,0.0,0.0,0.0,6.526905844030583e-05,-0.0,-0.0,-0.0
0.0006100000000000014,-2.2194154633138877e-18,-0.0,-0.0,2.0409209329145105e-28,0.0,0.0,-0.0,-1.8655028550962398e-16,-0.0,0.0,2.515418241696419e-32,0.0,0.0,0.0,6.599185545381092e-05,-0.0,-0.0,-0.0
0.0006125000000000014,-2.1200947593535714e-18,-0.0,-0.0,2.4548045099265742e-28,0.0,0.0,-0.0,-1.739046299677965e-16,-0.0,0.0,3.3657918315469245e-32,0.0,0.0,0.0,6.671608978838299e-05,-0.0,-0.0,-0.0
0.0006150000000000014,-2.0243182227529158e-18,-0.0,-0.0,2.948396721308289e-28,0.0,0.0,-0.0,-1.6204157438056695e-16,-0.0,0.0,4.492266704489149e-32,0.0,0.0,0.0,6.744163900367622e-05,-0.0,-0.0,-0.0
0.0006175000000000014,-1.9320081662951045e-18,-0.0,-0.0,3.5362167924897126e-28,0.0,0.0,-0.0,-1.5091807274621327e-16,-0.0,0.0,5.980777000443323e-32,0.0,0.0,0.0,6.81683792614811e-05,-0.0,-0.0,-0.0
0.0006200000000000014,-1.843085941341515e-18,-0.0,-0.0,4.235272875068376e-28,0.0,0.0,-0.0,-1.4049307501006027e-16,-0.0,0.0,7.942840570507333e-32,0.0,0.0,0.0,6.889618535419694e-05,-0.0,-0.0,-0.0
0.0006225000000000014,-1.757472121484184e-18,-0.0,-0.0,5.065461022457046e-28,0.0,0.0,-0.0,-1.307274595113124e-16,-0.0,0.0,1.052282636619599e-31,0.0,0.0,0.0,6.962493113078837e-05,-0.0,-0.0,-0.0
0.0006250000000000014,-1.6750866904450908e-18,-0.0,-0.0,6.050023475502644e-28,0.0,0.0,-0.0,-1.2158396598533623e-16,-0.0,0.0,1.390718584336188e-31,0.0,0.0,0.0,7.035448844923228e-05,-0.0,-0.0,-0.0
0.0006275000000000014,-1.5958492120769247e-18,-0.0,-0.0,7.216074341766274e-28,0.0,0.0,-0.0,-1.1302712928241212e-16,-0.0,0.0,1.8336151608499718e-31,0.0,0.0,0.0,7.108472815313528e-05,-0.0,-0.0,-0.0
0.0006300000000000014,-1.5196789945688494e-18,-0.0,-0.0,8.595201744553682e-28,0.0,0.0,-0.0,-1.0502321385246246e-16,-0.0,0.0,2.411852826779177e-31,0.0,0.0,0.0,7.181551994888605e-05,-0.0,-0.0,-0.0
0.0006325000000000014,-1.4464952461668617e-18,-0.0,-0.0,1.0224156623103697e-27,0.0,0.0,-0.0,-9.754014926513495e-17,-0.0,0.0,3.165034986351592e-31,0.0,0.0,0.0,7.254673236757165e-05,-0.0,-0.0,-0.0
0.0006350000000000014,-1.3762172224614764e-18,-0.0,-0.0,1.214563957627591e-27,0.0,0.0,-0.0,-9.054746665708934e-17,-0.0,0.0,4.143836118593727e-31,0.0,0.0,0.0,7.327823280656137e-05,-0.0,-0.0,-0.0
0.0006375000000000015,-1.3087643658348412e-18,-0.0,-0.0,1.440919849280777e-27,0.0,0.0,-0.0,-8.401623642973083e-17,-0.0,0.0,5.412950378011827e-31,0.0,0.0,0.0,7.400988757781615e-05,-0.0,-0.0,-0.0
0.0006400000000000015,-1.2440564365777313e-18,-0.0,-0.0,1.7072251196529603e-27,0.0,0.0,-0.0,-7.791900709951588e-17,-0.0,0.0,7.054785986231422e-31,0.0,0.0,0.0,7.474156195141354e-05,-0.0,-0.0,-0.0
0.0006425000000000015,-1.1820136360639715e-18,-0.0,-0.0,2.020124895933131e-27,0.0,0.0,-0.0,-7.222974544898041e-17,-0.0,0.0,9.174083868755293e-31,0.0,0.0,0.0,7.547312018785202e-05,-0.0,-0.0,-0.0
0.0006450000000000015,-1.1225567226445593e-18,-0.0,-0.0,2.3872998550391e-27,0.0,0.0,-0.0,-6.692377803346159e-17,-0.0,0.0,1.1903679207308067e-30,0.0,0.0,0.0,7.620442560075862e-05,-0.0,-0.0,-0.0
0.0006475000000000015,-1.0656071196275985e-18,-0.0,-0.0,2.817616243606913e-27,0.0,0.0,-0.0,-6.197773409607902e-17,-0.0,0.0,1.5411673260498563e-30,0.0,0.0,0.0,7.693534058924509e-05,-0.0,-0.0,-0.0
0.0006500000000000015,-1.0110870160251686e-18,-0.0,-0.0,3.321295893776289e-27,0.0,0.0,-0.0,-5.736948990566577e-17,-0.0,0.0,1.9910341655701373e-30,0.0,0.0,0.0,7.76657266872072e-05,-0.0,-0.0,-0.0
0.0006525000000000015,-9.58919459964203e-19,-0.0,-0.0,3.910108650086794e-27,0.0,0.0,-0.0,-5.30781145997352e-17,-0.0,0.0,2.5667176294734718e-30,0.0,0.0,0.0,7.839544461506406e-05,-0.0,-0.0,-0.0
0.0006550000000000015,-9.090284455575459e-19,-0.0,-0.0,4.597589882642247e-27,0.0,0.0,-0.0,-4.9083817505940533e-17,-0.0,0.0,3.301854338611868e-30,0.0,0.0,0.0,7.912435431984264e-05,-0.0,-0.0,-0.0
0.0006575000000000015,-8.613389923496407e-19,-0.0,-0.0,5.399286042959805e-27,0.0,0.0,-0.0,-4.536789701099651e-17,-0.0,0.0,4.238654263043371e-30,0.0,0.0,0.0,7.985231503137345e-05,-0.0,-0.0,-0.0
0.0006600000000000015,-8.157772187890004e-19,-0.0,-0.0,6.3330315301253166e-27,0.0,0.0,-0.0,-4.191269096394384e-17,-0.0,0.0,5.429977541725109e-30,0.0,0.0,0.0,8.057918530672282e-05,-0.0,-0.0,-0.0
0.0006625000000000015,-7.722704088651876e-19,-0.0,-0.0,7.419260464998201e-27,0.0,0.0,-0.0,-3.870152862140075e-17,-0.0,0.0,6.941887677583724e-30,0.0,0.0,0.0,8.130482307982228e-05,-0.0,-0.0,-0.0
0.0006650000000000015,-7.307470729242614e-19,-0.0,-0.0,8.681357335801714e-27,0.0,0.0,-0.0,-3.5718684153479655e-17,-0.0,0.0,8.856784117778511e-30,0.0,0.0,0.0,8.202908571004266e-05,-0.0,-0.0,-0.0
0.0006675000000000015,-6.911370023750312e-19,-0.0,-0.0,1.014605088070844e-26,0.0,0.0,-0.0,-3.29493316976281e-17,-0.0,0.0,1.1277238104074723e-29,0.0,0.0,0.0,8.275183004440587e-05,-0.0,-0.0,-0.0
0.0006700000000000015,-6.533713185697215e-19,-0.0,-0.0,1.1843855984958586e-26,0.0,0.0,-0.0,-3.0379501950236824e-17,-0.0,0.0,1.433068050641761e-29,0.0,0.0,0.0,8.347291244936023e-05,-0.0,-0.0,-0.0
0.0006725000000000015,-6.173825165123551e-19,-0.0,-0.0,1.3809568849016522e-26,0.0,0.0,-0.0,-2.7996040302334255e-17,-0.0,0.0,1.8175119800895767e-29,0.0,0.0,0.0,8.419218887887442e-05,-0.0,-0.0,-0.0
0.0006750000000000016,-5.831045028960587e-19,-0.0,-0.0,1.6082821177740118e-26,0.0,0.0,-0.0,-2.5786566477522853e-17,-0.0,0.0,2.3006103223989212e-29,0.0,0.0,0.0,8.490951492188918e-05,-0.0,-0.0,-0.0
0.0006775000000000016,-5.504726292740963e-19,-0.0,-0.0,1.8708699677488455e-26,0.0,0.0,-0.0,-2.3739435686375315e-17,-0.0,0.0,2.906517535221057e-29,0.0,0.0,0.0,8.56247458482402e-05,-0.0,-0.0,-0.0
0.0006800000000000016,-5.194237204202705e-19,-0.0,-0.0,2.1738437730560003e-26,0.0,0.0,-0.0,-2.1843701250574716e-17,-0.0,0.0,3.6650136975233225e-29,0.0,0.0,0.0,8.63377366718256e-05,-0.0,-0.0,-0.0
0.0006825000000000016,-4.89896097860897e-19,-0.0,-0.0,2.523018674749037e-26,0.0,0.0,-0.0,-2.008907868850186e-17,-0.0,0.0,4.612746437310591e-29,0.0,0.0,0.0,8.704834220079893e-05,-0.0,-0.0,-0.0
0.0006850000000000016,-4.618295992080585e-19,-0.0,-0.0,2.924987536257659e-26,0.0,0.0,-0.0,-1.846591123143823e-17,-0.0,0.0,5.794731639418506e-29,0.0,0.0,0.0,8.775641708269438e-05,-0.0,-0.0,-0.0
0.0006875000000000016,-4.35165593078513e-19,-0.0,-0.0,3.387216535274973e-26,0.0,0.0,-0.0,-1.6965136740702556e-17,-0.0,0.0,7.266163562671524e-29,0.0,0.0,0.0,8.846181587584703e-05,-0.0,-0.0,-0.0
0.0006900000000000016,-4.0984699022398355e-19,-0.0,-0.0,3.918151394840836e-26,0.0,0.0,-0.0,-1.55782560015151e-17,-0.0,0.0,9.0945942438741e-29,0.0,0.0,0.0,8.916439308821988e-05,-0.0,-0.0,-0.0
0.0006925000000000016,-3.858182506497372e-19,-0.0,-0.0,4.527335300500996e-26,0.0,0.0,-0.0,-1.4297302358143585e-17,-0.0,0.0,1.136255285764348e-28,0.0,0.0,0.0,8.986400323539232e-05,-0.0,-0.0,-0.0
0.0006950000000000016,-3.6302538740652355e-19,-0.0,-0.0,5.225539641925447e-26,0.0,0.0,-0.0,-1.3114812658007207e-17,-0.0,0.0,1.4170688318948962e-28,0.0,0.0,0.0,9.056050090253619e-05,-0.0,-0.0,-0.0
0.0006975000000000016,-3.4141596679407935e-19,-0.0,-0.0,6.024908806216376e-26,0.0,0.0,-0.0,-1.2023799476803038e-17,-0.0,0.0,1.76415330837484e-28,0.0,0.0,0.0,9.125374079237645e-05,-0.0,-0.0,-0.0
0.0007000000000000016,-3.2093910550551656e-19,-0.0,-0.0,6.939120356233014e-26,0.0,0.0,-0.0,-1.1017724579698958e-17,-0.0,0.0,2.192400318335628e-28,0.0,0.0,0.0,9.194357778028658e-05,-0.0,-0.0,-0.0
0.0007025000000000016,-3.015454647319159e-19,-0.0,-0.0,7.983562027312251e-26,0.0,0.0,-0.0,-1.0090473595395017e-17,-0.0,0.0,2.719876933098813e-28,0.0,0.0,0.0,9.262986697134287e-05,-0.0,-0.0,-0.0
0.0007050000000000016,-2.83187241559867e-19,-0.0,-0.0,9.175527093881062e-26,0.0,0.0,-0.0,-9.236331858491301e-18,-0.0,0.0,3.368465691335317e-28,0.0,0.0,0.0,9.331246376125664e-05,-0.0,-0.0,-0.0
0.0007075000000000016,-2.6581815762873575e-19,-0.0,-0.0,1.0534429775674805e-25,0.0,0.0,-0.0,-8.449961387110615e-18,-0.0,0.0,4.164625922455409e-28,0.0,0.0,0.0,9.399122388076167e-05,-0.0,-0.0,-0.0
0.0007100000000000016,-2.493934455238135e-19,-0.0,-0.0,1.2082042475891141e-25,0.0,0.0,-0.0,-7.726378975039158e-18,-0.0,0.0,5.140297897495897e-28,0.0,0.0,0.0,9.466600345836824e-05,-0.0,-0.0,-0.0
0.0007125000000000017,-2.3386983279594993e-19,-0.0,-0.0,1.3842756783714041e-25,0.0,0.0,-0.0,-7.06093529532878e-18,-0.0,0.0,6.333974849265097e-28,0.0,0.0,0.0,9.53366590758309e-05,-0.0,-0.0,-0.0
0.0007150000000000017,-2.1920552397477056e-19,-0.0,-0.0,1.5843870314480527e-25,0.0,0.0,-0.0,-6.44929508903679e-18,-0.0,0.0,7.79197197172085e-28,0.0,0.0,0.0,9.600304781400765e-05,-0.0,-0.0,-0.0
0.0007175000000000017,-2.0536018067690337e-19,-0.0,-0.0,1.8115901601629991e-25,0.0,0.0,-0.0,-5.8874183300562115e-18,-0.0,0.0,9.569926188455562e-28,0.0,0.0,0.0,9.666502732516634e-05,-0.0,-0.0,-0.0
0.0007200000000000017,-1.9229489994655757e-19,-0.0,-0.0,2.069293542420773e-25,0.0,0.0,-0.0,-5.371542326756775e-18,-0.0,0.0,1.1734565849054785e-27,0.0,0.0,0.0,9.73224558729544e-05,-0.0,-0.0,-0.0
0.0007225000000000017,-1.7997219101632992e-19,-0.0,-0.0,2.361300110984764e-25,0.0,0.0,-0.0,-4.898164750747686e-18,-0.0,0.0,1.4365795660024626e-27,0.0,0.0,0.0,9.79751923910786e-05,-0.0,-0.0,-0.0
0.0007250000000000017,-1.6835595064345846e-19,-0.0,-0.0,2.691848652809513e-25,0.0,0.0,-0.0,-4.4640275485175826e-18,-0.0,0.0,1.7559149193853574e-27,0.0,0.0,0.0,9.862309654587933e-05,-0.0,-0.0,-0.0
0.0007275000000000017,-1.5741143713698532e-19,-0.0,-0.0,3.0656590673956642e-25,0.0,0.0,-0.0,-4.06610170156945e-18,-0.0,0.0,2.142866934931382e-27,0.0,0.0,0.0,9.926602877725752e-05,-0.0,-0.0,-0.0
0.0007300000000000017,-1.4710524326763918e-19,-0.0,-0.0,3.4879817930899646e-25,0.0,0.0,-0.0,-3.701572800642721e-18,-0.0,0.0,2.6110286304347534e-27,0.0,0.0,0.0,9.99038503666401e-05,-0.0,-0.0,-0.0
0.0007325000000000017,-1.3740526809772473e-19,-0.0,-0.0,3.9646517286493464e-25,0.0,0.0,-0.0,-3.36782740076625e-18,-0.0,0.0,3.176577292381199e-27,0.0,0.0,0.0,0.00010053642347917783,-0.0,-0.0,-0.0
0.0007350000000000017,-1.282806880078246e-19,-0.0,-0.0,4.50214700287947e-25,0.0,0.0,-0.0,-3.0624401236026452e-18,-0.0,0.0,3.8587369443395484e-27,0.0,0.0,0.0,0.00010116361122932323,-0.0,-0.0,-0.0
0.0007375000000000017,-1.197019268926311e-19,-0.0,-0.0,5.107652957832655e-25,0.0,0.0,-0.0,-2.7831614760091574e-18,-0.0,0.0,4.68031827270842e-27,0.0,0.0,0.0,0.00010178527771813964,-0.0,-0.0,-0.0
0.0007400000000000017,-1.1164062573961924e-19,-0.0,-0.0,5.789131746436827e-25,0.0,0.0,-0.0,-2.5279063511740202e-18,-0.0,0.0,5.66834806343037e-27,0.0,0.0,0.0,0.00010240128810630827,-0.0,-0.0,-0.0
0.0007425000000000017,-1.040696116380812e-19,-0.0,-0.0,6.555397953602252e-25,0.0,0.0,-0.0,-2.2947431853053133e-18,-0.0,0.0,6.854801931215746e-27,0.0,0.0,0.0,0.00010301150864644572,-0.0,-0.0,-0.0
0.0007450000000000017,-9.696286644524186e-20,-0.0,-0.0,7.416200689575901e-25,0.0,0.0,-0.0,-2.0818837357595926e-18,-0.0,0.0,8.277456074968919e-27,0.0,0.0,0.0,0.00010361580675135263,-0.0,-0.0,-0.0
0.0007475000000000017,-9.029549498880706e-20,-0.0,-0.0,8.382312615738345e-25,0.0,0.0,-0.0,-1.8876734552503743e-18,-0.0,0.0,9.980876000032952e-27,0.0,0.0,0.0,0.00010421405103124267,-0.0,-0.0,-0.0
0.0007500000000000018,-8.404369317773592e-20,-0.0,-0.0,9.465626400994867e-25,0.0,0.0,-0.0,-1.7105824316769163e-18,-0.0,0.0,1.2017562621358661e-26,0.0,0.0,0.0,0.00010480611136332409,-0.0,-0.0,-0.0
0.0007525000000000018,-7.818471586051993e-20,-0.0,-0.0,1.0679259122804753e-24,0.0,0.0,-0.0,-1.5491968671737909e-18,-0.0,0.0,1.444927897205336e-26,0.0,0.0,0.0,0.00010539185891951579,-0.0,-0.0,-0.0
0.0007550000000000018,-7.269684468630953e-20,-0.0,-0.0,1.2037665165272465e-24,0.0,0.0,-0.0,-1.4022110702809852e-18,-0.0,0.0,1.734858387039595e-26,0.0,0.0,0.0,0.00010597116623288167,-0.0,-0.0,-0.0
0.0007575000000000018,-6.755935597518203e-20,-0.0,-0.0,1.355675818699253e-24,0.0,0.0,-0.0,-1.2684199347652963e-18,-0.0,0.0,2.080060243270014e-26,0.0,0.0,0.0,0.00010654390724068594,-0.0,-0.0,-0.0
0.0007600000000000018,-6.275248865590085e-20,-0.0,-0.0,1.5254042764099339e-24,0.0,0.0,-0.0,-1.1467118814353062e-18,-0.0,0.0,2.4905067274433128e-26,0.0,0.0,0.0,0.0001071099573329935,-0.0,-0.0,-0.0
0.0007625000000000018,-5.825741241329428e-20,-0.0,-0.0,1.7148756347198504e-24,0.0,0.0,-0.0,-1.0360622381622365e-18,-0.0,0.0,2.9778668662788077e-26,0.0,0.0,0.0,0.00010766919340702804,-0.0,-0.0,-0.0
0.0007650000000000018,-5.405619602789455e-20,-0.0,-0.0,1.9262022196490885e-24,0.0,0.0,-0.0,-9.355270364847204e-19,-0.0,0.0,3.5557756837195445e-26,0.0,0.0,0.0,0.00010822149390595205,-0.0,-0.0,-0.0
0.0007675000000000018,-5.013177602201482e-20,-0.0,-0.0,2.1617013994171925e-24,0.0,0.0,-0.0,-8.442372014000055e-19,-0.0,0.0,4.24014452504838e-26,0.0,0.0,0.0,0.00010876673886531138,-0.0,-0.0,-0.0
0.0007700000000000018,-4.646792565079291e-20,-0.0,-0.0,2.4239132866057127e-24,0.0,0.0,-0.0,-7.613931141502649e-19,-0.0,0.0,5.0495169617144686e-26,0.0,0.0,0.0,0.00010930480996090149,-0.0,-0.0,-0.0
0.0007725000000000018,-4.304922427950523e-20,-0.0,-0.0,2.7156197576307835e-24,0.0,0.0,-0.0,-6.862595274017292e-19,-0.0,0.0,6.005476457007989e-26,0.0,0.0,0.0,0.00010983559056028993,-0.0,-0.0,-0.0
0.0007750000000000018,-3.986102720543487e-20,-0.0,-0.0,3.039864869582395e-24,0.0,0.0,-0.0,-6.181608131802456e-19,-0.0,0.0,7.133112730865895e-26,0.0,0.0,0.0,0.00011035896575834236,-0.0,-0.0,-0.0
0.0007775000000000018,-3.688943597107881e-20,-0.0,-0.0,3.399976757346955e-24,0.0,0.0,-0.0,-5.564765252047232e-19,-0.0,0.0,8.461554615658829e-26,0.0,0.0,0.0,0.00011087482242269446,-0.0,-0.0,-0.0
0.0007800000000000018,-3.4121269182220305e-20,-0.0,-0.0,3.7995910986591534e-24,0.0,0.0,-0.0,-5.006372573943753e-19,-0.0,0.0,1.0024578134472619e-25,0.0,0.0,0.0,0.00011138304924064498,-0.0,-0.0,-0.0
0.0007825000000000018,-3.154403390448104e-20,-0.0,-0.0,4.24267623606481e-24,0.0,0.0,-0.0,-4.501207819296809e-19,-0.0,0.0,1.1861299574123659e-25,0.0,0.0,0.0,0.00011188353675415028,-0.0,-0.0,-0.0
0.0007850000000000018,-2.914589761686722e-20,-0.0,-0.0,4.733560051708503e-24,0.0,0.0,-0.0,-4.0444845025494174e-19,-0.0,0.0,1.4016964488871962e-25,0.0,0.0,0.0,0.0001123761774026771,-0.0,-0.0,-0.0
0.0007875000000000018,-2.6915660804969298e-20,-0.0,-0.0,5.276958690689994e-24,0.0,0.0,-0.0,-3.6318184172339965e-19,-0.0,0.0,1.6543844840817812e-25,0.0,0.0,0.0,0.00011286086556293967,-0.0,-0.0,-0.0
0.0007900000000000019,-2.4842730175231682e-20,-0.0,-0.0,5.8780072362679934e-24,0.0,0.0,-0.0,-3.259196447117064e-19,-0.0,0.0,1.9502257899481348e-25,0.0,0.0,0.0,0.00011333749758994004,-0.0,-0.0,-0.0
0.0007925000000000019,-2.291709252809786e-20,-0.0,-0.0,6.5422924405954245e-24,0.0,0.0,-0.0,-2.922947566791963e-19,-0.0,0.0,2.2961722077700437e-25,0.0,0.0,0.0,0.00011380597185709168,-0.0,-0.0,-0.0
0.0007950000000000019,-2.1129289308430307e-20,-0.0,-0.0,7.275887620485269e-24,0.0,0.0,-0.0,-2.619715892546694e-19,-0.0,0.0,2.700226660190212e-25,0.0,0.0,0.0,0.00011426618877720796,-0.0,-0.0,-0.0
0.0007975000000000019,-1.9470391833625524e-20,-0.0,-0.0,8.085389831465606e-24,0.0,0.0,-0.0,-2.3464356593460645e-19,-0.0,0.0,3.17159137969859e-25,0.0,0.0,0.0,0.0001147180508609089,-0.0,-0.0,-0.0
0.0008000000000000019,-1.7931977232852908e-20,-0.0,-0.0,8.977959434801944e-24,0.0,0.0,-0.0,-2.1003080017491858e-19,-0.0,0.0,3.7208354852649774e-25,0.0,0.0,0.0,0.000115161462740158,-0.0,-0.0,-0.0
0.0008025000000000019,-1.6506105079586083e-20,-0.0,-0.0,9.961362181654485e-24,0.0,0.0,-0.0,-1.878779423999428e-19,-0.0,0.0,4.36008422236116e-25,0.0,0.0,0.0,0.00011559633119737814,-0.0,-0.0,-0.0
0.0008050000000000019,-1.5185294747824285e-20,-0.0,-0.0,1.1044013932629432e-23,0.0,0.0,-0.0,-1.6795218527630767e-19,-0.0,0.0,5.103232428954989e-25,0.0,0.0,0.0,0.00011602256520494465,-0.0,-0.0,-0.0
0.0008075000000000019,-1.3962503475589508e-20,-0.0,-0.0,1.2235028146898116e-23,0.0,0.0,-0.0,-1.5004141667035854e-19,-0.0,0.0,5.966185071208537e-25,0.0,0.0,0.0,0.00011644007595216244,-0.0,-0.0,-0.0
0.0008100000000000019,-1.2831105153496646e-20,-0.0,-0.0,1.3544266268598333e-23,0.0,0.0,-0.0,-1.3395251081315857e-19,-0.0,0.0,6.967127985579042e-25,0.0,0.0,0.0,0.00011684877688499757,-0.0,-0.0,-0.0
0.0008125000000000019,-1.178486982116922e-20,-0.0,-0.0,1.4982391150480324e-23,0.0,0.0,-0.0,-1.1950974842659603e-19,-0.0,0.0,8.126832298012134e-25,0.0,0.0,0.0,0.00011724858372622124,-0.0,-0.0,-0.0
0.0008150000000000019,-1.0817943889988909e-20,-0.0,-0.0,1.6560923642751633e-23,0.0,0.0,-0.0,-1.065533570948949e-19,-0.0,0.0,9.46899635055525e-25,0.0,0.0,0.0,0.00011763941450125545,-0.0,-0.0,-0.0
0.0008175000000000019,-9.92483106264534e-21,-0.0,-0.0,1.829230251204727e-23,0.0,0.0,-0.0,-9.493816378843533e-20,-0.0,0.0,1.1020629352492574e-24,0.0,0.0,0.0,0.00011802118957458246,-0.0,-0.0,-0.0
0.0008200000000000019,-9.100373966256477e-21,-0.0,-0.0,2.018994781263629e-23,0.0,0.0,-0.0,-8.453235179221036e-20,-0.0,0.0,1.2812481412950311e-24,0.0,0.0,0.0,0.00011839383167104706,-0.0,-0.0,-0.0
0.0008225000000000019,-8.339736476632958e-21,-0.0,-0.0,2.2268327876649325e-23,0.0,0.0,-0.0,-7.521631479618358e-20,-0.0,0.0,1.4879525060616798e-24,0.0,0.0,0.0,0.00011875726589826927,-0.0,-0.0,-0.0
0.000825000000000002,-7.638386730910875e-21,-0.0,-0.0,2.4543030073814065e-23,0.0,0.0,-0.0,-6.688160138363719e-20,-0.0,0.0,1.72614938822803e-24,0.0,0.0,0.0,0.00011911141977495422,-0.0,-0.0,-0.0
0.000827500000000002,-6.992080819055045e-21,-0.0,-0.0,2.7030835498490944e-23,0.0,0.0,-0.0,-5.942994344815238e-20,-0.0,0.0,2.0003484455603245e-24,0.0,0.0,0.0,0.00011945622325335172,-0.0,-0.0,-0.0
0.000830000000000002,-6.396847139243738e-21,-0.0,-0.0,2.9749797737420255e-23,0.0,0.0,-0.0,-5.2772362545476565e-20,-0.0,0.0,2.3156628344706453e-24,0.0,0.0,0.0,0.00011979160873575556,-0.0,-0.0,-0.0
0.000832500000000002,-5.848971406318985e-21,-0.0,-0.0,3.27193259015854e-23,0.0,0.0,-0.0,-4.6828348587769686e-20,-0.0,0.0,2.6778841599041753e-24,0.0,0.0,0.0,0.00012011751109211657,-0.0,-0.0,-0.0
0.000835000000000002,-5.344982302601783e-21,-0.0,-0.0,3.5960272071846286e-23,0.0,0.0,-0.0,-4.1525105533912073e-20,-0.0,0.0,3.0935659873038053e-24,0.0,0.0,0.0,0.0001204338676884043,-0.0,-0.0,-0.0
0.000837500000000002,-4.881637752730537e-21,-0.0,-0.0,3.9495023332900095e-23,0.0,0.0,-0.0,-3.679685916325495e-20,-0.0,0.0,3.570116808650565e-24,0.0,0.0,0.0,0.00012074061840430033,-0.0,-0.0,-0.0
0.000840000000000002,-4.455911811196702e-21,-0.0,-0.0,4.3347598592721914e-23,0.0,0.0,-0.0,-3.258422229109952e-20,-0.0,0.0,4.115903433454207e-24,0.0,0.0,0.0,0.0001210377056352198,-0.0,-0.0,-0.0
0.000842500000000002,-4.064982145914649e-21,-0.0,-0.0,4.754375032065801e-23,0.0,0.0,-0.0,-2.883361311668854e-20,-0.0,0.0,4.740365869224894e-24,0.0,0.0,0.0,0.00012132507432429842,-0.0,-0.0,-0.0
0.000845000000000002,-3.7062181004218314e-21,-0.0,-0.0,5.211107144177623e-23,0.0,0.0,-0.0,-2.5496722642188662e-20,-0.0,0.0,5.454144849772929e-24,0.0,0.0,0.0,0.00012160267196436118,-0.0,-0.0,-0.0
0.000847500000000002,-3.377169322427587e-21,-0.0,-0.0,5.70791075178418e-23,0.0,0.0,-0.0,-2.2530027404827696e-20,-0.0,0.0,6.2692232761570685e-24,0.0,0.0,0.0,0.00012187044861790804,-0.0,-0.0,-0.0
0.000850000000000002,-3.0755549375398516e-21,-0.0,-0.0,6.247947443951042e-23,0.0,0.0,-0.0,-1.989434401550043e-20,-0.0,0.0,7.199082948328719e-24,0.0,0.0,0.0,0.0001221283569238241,-0.0,-0.0,-0.0
0.000852500000000002,-2.799253254180017e-21,-0.0,-0.0,6.834598180481655e-23,0.0,0.0,-0.0,-1.7554422214523136e-20,-0.0,0.0,8.258878085034994e-24,0.0,0.0,0.0,0.00012237635211498587,-0.0,-0.0,-0.0
0.000855000000000002,-2.546291982128267e-21,-0.0,-0.0,7.471476217766235e-23,0.0,0.0,-0.0,-1.5478573420043202e-20,-0.0,0.0,9.465627264397376e-24,0.0,0.0,0.0,0.0001226143920152135,-0.0,-0.0,-0.0
0.000857500000000002,-2.314838946749704e-21,-0.0,-0.0,8.162440641762477e-23,0.0,0.0,-0.0,-1.3638331918901986e-20,-0.0,0.0,1.0838425558419336e-23,0.0,0.0,0.0,0.00012284243705931307,-0.0,-0.0,-0.0
0.000860000000000002,-2.1031932821299123e-21,-0.0,-0.0,8.911610528994653e-23,0.0,0.0,-0.0,-1.200814608565459e-20,-0.0,0.0,1.239867878008266e-23,0.0,0.0,0.0,0.00012306045029489892,-0.0,-0.0,-0.0
0.000862500000000002,-1.9097770858293096e-21,-0.0,-0.0,9.723379755113702e-23,0.0,0.0,-0.0,-1.056509718108556e-20,-0.0,0.0,1.4170361937660033e-23,0.0,0.0,0.0,0.0001232683973829493,-0.0,-0.0,-0.0
0.000865000000000002,-1.7331275183673078e-21,-0.0,-0.0,1.0602432470070006e-22,0.0,0.0,-0.0,-9.288643470480253e-21,-0.0,0.0,1.6180304157481715e-23,0.0,0.0,0.0,0.00012346624661431073,-0.0,-0.0,-0.0
0.0008675000000000021,-1.5718893294993359e-21,-0.0,-0.0,1.1553759262614226e-22,0.0,0.0,-0.0,-8.160387564207457e-21,-0.0,0.0,1.8458502522416804e-23,0.0,0.0,0.0,0.00012365396889558544,-0.0,-0.0,-0.0
0.0008700000000000021,-1.424807795967144e-21,-0.0,-0.0,1.258267403295185e-22,0.0,0.0,-0.0,-7.163865041397814e-21,-0.0,0.0,2.1038467489106773e-23,0.0,0.0,0.0,0.00012383153776817225,-0.0,-0.0,-0.0
0.0008725000000000021,-1.290722051618164e-21,-0.0,-0.0,1.3694831595543317e-22,0.0,0.0,-0.0,-6.2843525629298576e-21,-0.0,0.0,2.39576027485968e-23,0.0,0.0,0.0,0.00012399892939912347,-0.0,-0.0,-0.0
0.0008750000000000021,-1.168558795837907e-21,-0.0,-0.0,1.4896246031662743e-22,0.0,0.0,-0.0,-5.508693812848162e-21,-0.0,0.0,2.72576226379725e-23,0.0,0.0,0.0,0.00012415612257567942,-0.0,-0.0,-0.0
0.0008775000000000021,-1.0573263627091555e-21,-0.0,-0.0,1.6193309814856488e-22,0.0,0.0,-0.0,-4.825141741807664e-21,-0.0,0.0,3.098501044990639e-23,0.0,0.0,0.0,0.0001243030987258146,-0.0,-0.0,-0.0
0.0008800000000000021,-9.561091353788635e-22,-0.0,-0.0,1.759281373207573e-22,0.0,0.0,-0.0,-4.223215697352789e-21,-0.0,0.0,3.5191521268362077e-23,0.0,0.0,0.0,0.00012443984188576377,-0.0,-0.0,-0.0
0.0008825000000000021,-8.640622896112892e-22,-0.0,-0.0,1.910196761353653e-22,0.0,0.0,-0.0,-3.6935721440250885e-21,-0.0,0.0,3.993473322600929e-23,0.0,0.0,0.0,0.0001245663387182627,-0.0,-0.0,-0.0
0.0008850000000000021,-7.804068522325873e-22,-0.0,-0.0,2.0728421906510975e-22,0.0,0.0,-0.0,-3.2278877715944048e-21,-0.0,0.0,4.527865138643454e-23,0.0,0.0,0.0,0.00012468257849504634,-0.0,-0.0,-0.0
0.0008875000000000021,-7.044250587550703e-22,-0.0,-0.0,2.2480290103405615e-22,0.0,0.0,-0.0,-2.8187538941213726e-21,-0.0,0.0,5.129436880146355e-23,0.0,0.0,0.0,0.00012478855310049883,-0.0,-0.0,-0.0
0.0008900000000000021,-6.354559961142582e-22,-0.0,-0.0,2.4366172055052893e-22,0.0,0.0,-0.0,-2.459581123986482e-21,-0.0,0.0,5.806078959764386e-23,0.0,0.0,0.0,0.00012488425700937965,-0.0,-0.0,-0.0
0.0008925000000000021,-5.728915164362369e-22,-0.0,-0.0,2.6395178175927796e-22,0.0,0.0,-0.0,-2.1445133941655663e-21,-0.0,0.0,6.566541935170266e-23,0.0,0.0,0.0,0.0001249696873006877,-0.0,-0.0,-0.0
0.0008950000000000021,-5.161724080076958e-22,-0.0,-0.0,2.8576954591232377e-22,0.0,0.0,-0.0,-1.8683504737639994e-21,-0.0,0.0,7.420522840326189e-23,0.0,0.0,0.0,0.0001250448436282151,-0.0,-0.0,-5.092525297279847e-286
0.0008975000000000021,-4.647848107309795e-22,-0.0,-0.0,3.0921709216872636e-22,0.0,0.0,-0.0,-1.6264781976872054e-21,-0.0,0.0,8.37875941556293e-23,0.0,0.0,0.0,0.000125109728214847,-0.0,-0.0,-4.396085989026074e-257
0.0009000000000000021,-4.1825686270731497e-22,-0.0,-0.0,3.3440238816084266e-22,0.0,0.0,-0.0,-1.4148056926276958e-21,-0.0,0.0,9.453132885862055e-23,0.0,0.0,0.0,0.0001251643458483118,-0.0,-0.0,-8.624258956088934e-229
0.0009025000000000022,-3.7615556597702396e-22,-0.0,-0.0,3.614395704642238e-22,0.0,0.0,-0.0,-1.2297089461408336e-21,-0.0,0.0,1.0656779989395844e-22,0.0,0.0,0.0,0.00012520870385097945,-0.0,-0.0,-1.3402647887218158e-201
0.0009050000000000022,-3.3808385956642966e-22,-0.0,-0.0,3.9044923524531457e-22,0.0,0.0,-0.0,-1.0679801199432953e-21,-0.0,0.0,1.2004215000961574e-22,0.0,0.0,0.0,0.00012524281209595753,-0.0,-0.0,-4.006684174091887e-176
0.0009075000000000022,-3.036778882066259e-22,-0.0,-0.0,4.2155873923855763e-22,0.0,0.0,-0.0,-9.267820608954206e-22,-0.0,0.0,1.3511462555252477e-22,0.0,0.0,0.0,0.0001252666829623791,-0.0,-0.0,-3.43793032489778e-153
0.0009100000000000022,-2.726044559499979e-22,-0.0,-0.0,4.549025113860322e-22,0.0,0.0,-0.0,-8.036075112348482e-22,-0.0,0.0,1.5196202129145518e-22,0.0,0.0,0.0,0.00012528033132954954,-0.0,-0.0,-6.523564849904479e-134
0.0009125000000000022,-2.445586539518065e-22,-0.0,-0.0,4.906223752677722e-22,0.0,0.0,-0.0,-6.96242563537777e-22,-0.0,0.0,1.7077925099989717e-22,0.0,0.0,0.0,0.00012528377457511386,-0.0,-0.0,-8.542160407792536e-120
0.0009150000000000022,-2.192616524786728e-22,-0.0,-0.0,5.288678825763789e-22,0.0,0.0,-0.0,-6.027339466600971e-22,-0.0,0.0,1.917810537197549e-22,0.0,0.0,0.0,0.00012527703252986804,-0.0,-0.0,-6.924554842860123e-113
0.0009175000000000022,-1.9645864739727567e-22,-0.0,-0.0,5.697966579704369e-22,0.0,0.0,-0.0,-5.213597658942001e-22,-0.0,0.0,2.15203846124721e-22,0.0,0.0,0.0,0.00012526012748149555,-0.0,-0.0,-5.500412473728914e-116
0.0009200000000000022,-1.7591695187166099e-22,-0.0,-0.0,6.13574755369082e-22,0.0,0.0,-0.0,-4.506033552133301e-22,-0.0,0.0,2.413077322969648e-22,0.0,0.0,0.0,0.00012523308414246837,-0.0,-0.0,-5.922383575850164e-133
0.0009225000000000022,-1.5742422455766727e-22,-0.0,-0.0,6.603770259978089e-22,0.0,0.0,-0.0,-3.8912993057803243e-22,-0.0,0.0,2.7037868295976524e-22,0.0,0.0,0.0,0.00012519592964197073,-0.0,-0.0,-3.7649712790028126e-169
0.0009250000000000022,-1.407868257539026e-22,-0.0,-0.0,7.103874985039507e-22,0.0,0.0,-0.0,-3.3576576257538826e-22,-0.0,0.0,3.0273089686052e-22,0.0,0.0,0.0,0.00012514869347954858,-0.0,-0.0,-4.339786253073935e-232
0.0009275000000000022,-1.2582829365078193e-22,-0.0,-0.0,7.637997711197378e-22,0.0,0.0,-0.0,-2.8947961222680165e-22,-0.0,0.0,3.387093581969262e-22,0.0,0.0,0.0,0.000125091407537705,-0.0,-0.0,-0.0
0.0009300000000000022,-1.1238793292950725e-22,-0.0,-0.0,8.208174165451659e-22,0.0,0.0,-0.0,-2.4936619886179003e-22,-0.0,0.0,3.786926043781484e-22,0.0,0.0,0.0,0.00012502410603383067,-0.0,-0.0,-0.0
0.0009325000000000022,-1.003195085604646e-22,-0.0,-0.0,8.816543991184988e-22,0.0,0.0,-0.0,-2.1463149026699396e-22,-0.0,0.0,4.230957200479591e-22,0.0,0.0,0.0,0.0001249468255037088,-0.0,-0.0,-0.0
0.0009350000000000022,-8.949003796272037e-23,-0.0,-0.0,9.465355053891077e-22,0.0,0.0,-0.0,-1.8457962590361675e-22,-0.0,0.0,4.723735735375731e-22,0.0,0.0,0.0,0.0001248596047717635,-0.0,-0.0,-0.0
0.0009375000000000022,-7.977867497244442e-23,-0.0,-0.0,1.0156967872587296e-21,0.0,0.0,-0.0,-1.586013020511307e-22,-0.0,0.0,5.270243136938853e-22,0.0,0.0,0.0,0.00012476248493296214,-0.0,-0.0,-0.0
0.0009400000000000022,-7.107567951255824e-23,-0.0,-0.0,1.089386019085299e-21,0.0,0.0,-0.0,-1.361634646831324e-22,-0.0,0.0,5.8759314576665265e-22,0.0,0.0,0.0,0.00012465550932399465,-0.0,-0.0,-0.0
0.0009425000000000023,-6.328146714498329e-23,-0.0,-0.0,1.1678631679538134e-21,0.0,0.0,-0.0,-1.1680017084656422e-22,-0.0,0.0,6.546764061519496e-22,0.0,0.0,0.0,0.00012453872349867912,-0.0,-0.0,-0.0
0.0009450000000000023,-5.630573303814562e-23,-0.0,-0.0,1.2514008778577031e-21,0.0,0.0,-0.0,-1.00104493485682e-22,-0.0,0.0,7.289259574518739e-22,0.0,0.0,0.0,0.00012441217518529573,-0.0,-0.0,-0.0
0.0009475000000000023,-5.006664513913754e-23,-0.0,-0.0,1.3402849683184854e-21,0.0,0.0,-0.0,-8.572135684772327e-23,-0.0,0.0,8.110539264121721e-22,0.0,0.0,0.0,0.0001242759142903152,-0.0,-0.0,-0.0
0.0009500000000000023,-4.449010173695253e-23,-0.0,-0.0,1.434814946871528e-21,0.0,0.0,-0.0,-7.334120130945211e-23,-0.0,0.0,9.01837808449313e-22,0.0,0.0,0.0,0.0001241299928246446,-0.0,-0.0,-0.0
0.0009525000000000023,-3.9509048796129874e-23,-0.0,-0.0,1.53530453619266e-21,0.0,0.0,-0.0,-6.269438664279648e-23,-0.0,0.0,1.002125964333351e-21,0.0,0.0,0.0,0.00012397446491589734,-0.0,-0.0,-0.0
0.0009550000000000023,-3.506285275578466e-23,-0.0,-0.0,1.6420822161680823e-21,0.0,0.0,-0.0,-5.354625213487674e-23,-0.0,0.0,1.1128435364600914e-21,0.0,0.0,0.0,0.0001238093867531861,-0.0,-0.0,-0.0
0.0009575000000000023,-3.1096724774366245e-23,-0.0,-0.0,1.7554917808135486e-21,0.0,0.0,-0.0,-4.5692760446597434e-23,-0.0,0.0,1.2349988123697875e-21,0.0,0.0,0.0,0.00012363481655856397,-0.0,-0.0,-0.0
0.0009600000000000023,-2.7561192605821166e-23,-0.0,-0.0,1.8758929106327887e-21,0.0,0.0,-0.0,-3.895665979122267e-23,-0.0,0.0,1.3696900668619634e-21,0.0,0.0,0.0,0.0001234508145676937,-0.0,-0.0,-0.0
0.0009625000000000023,-2.441161656842367e-23,-0.0,-0.0,2.003661760234185e-21,0.0,0.0,-0.0,-3.3184105803629297e-23,-0.0,0.0,1.518112914619028e-21,0.0,0.0,0.0,0.00012325744298530882,-0.0,-0.0,-0.0
0.0009650000000000023,-2.160774628518493e-23,-0.0,-0.0,2.139191561617003e-21,0.0,0.0,-0.0,-2.82416908491087e-23,-0.0,0.0,1.681568206963942e-21,0.0,0.0,0.0,0.0001230547659573904,-0.0,-0.0,-0.0
0.0009675000000000023,-1.9113315075825495e-23,-0.0,-0.0,2.282893243577854e-21,0.0,0.0,-0.0,-2.4013834014439525e-23,-0.0,0.0,1.8614705092364668e-21,0.0,0.0,0.0,0.0001228428495378897,-0.0,-0.0,-0.0
0.0009700000000000023,-1.6895669115094208e-23,-0.0,-0.0,2.4351960675178553e-21,0.0,0.0,-0.0,-2.0400490149802303e-23,-0.0,0.0,2.0593571977212512e-21,0.0,0.0,0.0,0.00012262176165495469,-0.0,-0.0,-0.0
0.0009725000000000023,-1.49254286414135e-23,-0.0,-0.0,2.596548279157833e-21,0.0,0.0,-0.0,-1.7315140824498163e-23,-0.0,0.0,2.2768982147599408e-21,0.0,0.0,0.0,0.0001223915720742463,-0.0,-0.0,-0.0
0.0009750000000000023,-1.317617870214018e-23,-0.0,-0.0,2.7674177769017898e-21,0.0,0.0,-0.0,-1.4683034176322475e-23,-0.0,0.0,2.5159065267534698e-21,0.0,0.0,0.0,0.00012215235236669603,-0.0,-0.0,-0.0
0.0009775000000000022,-1.1624187078822583e-23,-0.0,-0.0,2.948292797866757e-21,0.0,0.0,-0.0,-1.2439644260760437e-23,-0.0,0.0,2.778349329284257e-21,0.0,0.0,0.0,0.0001219041758685286,-0.0,-0.0,-0.0
0.0009800000000000021,-1.0248147219032236e-23,-0.0,-0.0,3.139682620017361e-21,0.0,0.0,-0.0,-1.0529323820375885e-23,-0.0,0.0,3.0663600471368212e-21,0.0,0.0,0.0,0.00012164711765546906,-0.0,-0.0,-0.0
0.000982500000000002,-9.028944142406978e-24,-0.0,-0.0,3.3421182823083675e-21,0.0,0.0,-0.0,-8.90412729688645e-24,-0.0,0.0,3.3822511800877978e-21,0.0,0.0,0.0,0.00012138125450194866,-0.0,-0.0,-0.0
0.000985000000000002,-7.949441438330735e-24,-0.0,-0.0,3.556153322003968e-21,0.0,0.0,-0.0,-7.522783569572245e-24,-0.0,0.0,3.728528047580731e-21,0.0,0.0,0.0,0.00012110666483760114,-0.0,-0.0,-0.0
0.0009875000000000018,-6.994287614676344e-24,-0.0,-0.0,3.782364530253433e-21,0.0,0.0,-0.0,-6.3498002249204716e-24,-0.0,0.0,4.107903488620191e-21,0.0,0.0,0.0,0.00012082342873238056,-0.0,-0.0,-0.0
0.0009900000000000017,-6.149740177139248e-24,-0.0,-0.0,4.02135272533396e-21,0.0,0.0,-0.0,-5.354683272181793e-24,-0.0,0.0,4.5233135762867945e-21,0.0,0.0,0.0,0.00012053162782347969,-0.0,-0.0,-0.0
0.0009925000000000016,-5.40350594599809e-24,-0.0,-0.0,4.27374354428253e-21,0.0,0.0,-0.0,-4.511258082456207e-24,-0.0,0.0,4.97793440953351e-21,0.0,0.0,0.0,0.00012023134530948482,-0.0,-0.0,-0.0
0.0009950000000000015,-4.74459622954035e-24,-0.0,-0.0,4.54018825284491e-21,0.0,0.0,-0.0,-3.7970789969055476e-24,-0.0,0.0,5.475200048549742e-21,0.0,0.0,0.0,0.0001199226659079981,-0.0,-0.0,-0.0
0.0009975000000000014,-4.163195574315509e-24,-0.0,-0.0,4.821364574850064e-21,0.0,0.0,-0.0,-3.1929165231390432e-24,-0.0,0.0,6.018821662180777e-21,0.0,0.0,0.0,0.00011960567579879133,-0.0,-0.0,-0.0
0.0010000000000000013,-3.6505429198724424e-24,-0.0,-0.0,5.117977539422503e-21,0.0,0.0,-0.0,-2.68231236318539e-24,-0.0,0.0,6.61280796387355e-21,0.0,0.0,0.0,0.00011928046261689582,-0.0,-0.0,-0.0
0.0010025000000000012,-3.1988240668397117e-24,-0.0,-0.0,5.4307603481009456e-21,0.0,0.0,-0.0,-2.251193679459014e-24,-0.0,0.0,7.261487007485968e-21,0.0,0.0,0.0,0.00011894711538342552,-0.0,-0.0,-0.0
0.0010050000000000011,-2.8010744639496006e-24,-0.0,-0.0,5.760475261877925e-21,0.0,0.0,-0.0,-1.887539042864617e-24,-0.0,0.0,7.969529434010533e-21,0.0,0.0,0.0,0.0001186057244863048,-0.0,-0.0,-0.0
0.001007500000000001,-2.4510913923724578e-24,-0.0,-0.0,6.1079145059311905e-21,0.0,0.0,-0.0,-1.5810894269181184e-24,-0.0,0.0,8.741973241784361e-21,0.0,0.0,0.0,0.000118256381632265,-0.0,-0.0,-0.0
0.001010000000000001,-2.1433547041045758e-24,-0.0,-0.0,6.473901196779837e-21,0.0,0.0,-0.0,-1.3230984218458532e-24,-0.0,0.0,9.584250184149814e-21,0.0,0.0,0.0,0.00011789917981998504,-0.0,-0.0,-0.0
0.0010125000000000008,-1.8729553373323745e-24,-0.0,-0.0,6.859290287566351e-21,0.0,0.0,-0.0,-1.1061165630026982e-24,-0.0,0.0,1.0502213878893232e-20,0.0,0.0,0.0,0.00011753421328716034,-0.0,-0.0,-0.0
0.0010150000000000007,-1.6355308991668633e-24,-0.0,-0.0,7.264969534506811e-21,0.0,0.0,-0.0,-9.23805302286106e-25,-0.0,0.0,1.1502169733636117e-20,0.0,0.0,0.0,0.0001171615774787175,-0.0,-0.0,-0.0
0.0010175000000000006,-1.427207663074922e-24,-0.0,-0.0,7.691860483010601e-21,0.0,0.0,-0.0,-7.707767094723565e-25,-0.0,0.0,1.2590906793852383e-20,0.0,0.0,0.0,0.0001167813690101676,-0.0,-0.0,-0.0
0.0010200000000000005,-1.2445483842347331e-24,-0.0,-0.0,8.140919475741532e-21,0.0,0.0,-0.0,-6.42455485550895e-25,-0.0,0.0,1.377573161638334e-20,0.0,0.0,0.0,0.00011639368562389942,-0.0,-0.0,-0.0
0.0010225000000000004,-1.0845053876043911e-24,-0.0,-0.0,8.61313868064613e-21,0.0,0.0,-0.0,-5.349603037561513e-25,-0.0,0.0,1.5064504294841307e-20,0.0,0.0,0.0,0.00011599862615013888,-0.0,-0.0,-0.0
0.0010250000000000003,-9.443784298316744e-25,-0.0,-0.0,9.109547140344254e-21,0.0,0.0,-0.0,-4.450018748430527e-25,-0.0,0.0,1.646567674659731e-20,0.0,0.0,0.0,0.00011559629047478814,-0.0,-0.0,-0.0
0.0010275000000000002,-8.217768795435683e-25,-0.0,-0.0,9.631211842822286e-21,0.0,0.0,-0.0,-3.6979547020421055e-25,-0.0,0.0,1.79883334000441e-20,0.0,0.0,0.0,0.00011518677948877273,-0.0,-0.0,-0.0
0.00103,-7.145858013487678e-25,-0.0,-0.0,1.0179238813214657e-20,0.0,0.0,-0.0,-3.069859293997738e-25,-0.0,0.0,1.9642234406012547e-20,0.0,0.0,0.0,0.00011477019505820544,-0.0,-0.0,-0.0
0.0010325,-6.2093556475406495e-25,-0.0,-0.0,1.0754774229049632e-20,0.0,0.0,-0.0,-2.545834371727219e-25,-0.0,0.0,2.1437861522948543e-20,0.0,0.0,0.0,0.00011434663998755706,-0.0,-0.0,-0.0
0.001035,-5.391746342009708e-25,-0.0,-0.0,1.1359005554249042e-20,0.0,0.0,-0.0,-2.1090858075087624e-25,-0.0,0.0,2.3386466812582408e-20,0.0,0.0,0.0,0.0001139162179601477,-0.0,-0.0,-0.0
0.0010374999999999998,-4.678452263548052e-25,-0.0,-0.0,1.1993162696908828e-20,0.0,0.0,-0.0,-1.7454539555006405e-25,-0.0,0.0,2.5500124313861457e-20,0.0,0.0,0.0,0.00011347903353563932,-0.0,-0.0,-0.0
0.0010399999999999997,-4.056615508822961e-25,-0.0,-0.0,1.2658519192342571e-20,0.0,0.0,-0.0,-1.4430128017997344e-25,-0.0,0.0,2.779178484091602e-20,0.0,0.0,0.0,0.00011303519207477955,-0.0,-0.0,-0.0
0.0010424999999999996,-3.5149037562898497e-25,-0.0,-0.0,1.3356393400565045e-20,0.0,0.0,-0.0,-1.191728117483366e-25,-0.0,0.0,3.027533409117087e-20,0.0,0.0,0.0,0.00011258479972111358,-0.0,-0.0,-0.0
0.0010449999999999995,-3.0433368241807705e-25,-0.0,-0.0,1.408814973517894e-20,0.0,0.0,-0.0,-9.831662407738957e-26,-0.0,0.0,3.296565422881328e-20,0.0,0.0,0.0,0.00011212796335555233,-0.0,-0.0,-0.0
0.0010474999999999994,-2.633132011204521e-25,-0.0,-0.0,1.4855199909913674e-20,0.0,0.0,-0.0,-8.102462538537428e-26,-0.0,0.0,3.58786891318789e-20,0.0,0.0,0.0,0.00011166479056457257,-0.0,-0.0,-0.0
0.0010499999999999993,-2.276566295557045e-25,-0.0,-0.0,1.5659004207575176e-20,0.0,0.0,-0.0,-6.670293139778694e-26,-0.0,0.0,3.903151350575907e-20,0.0,0.0,0.0,0.00011119538958847919,-0.0,-0.0,-0.0
0.0010524999999999992,-1.966853657605368e-25,-0.0,-0.0,1.650107277506165e-20,0.0,0.0,-0.0,-5.485397613524919e-26,-0.0,0.0,4.244240605268619e-20,0.0,0.0,0.0,0.00011071986930322734,-0.0,-0.0,-0.0
0.001054999999999999,-1.6980359533023931e-25,-0.0,-0.0,1.7382966939629918e-20,0.0,0.0,-0.0,-4.5061337529096155e-26,-0.0,0.0,4.6130926926624665e-20,0.0,0.0,0.0,0.00011023833915583435,-0.0,-0.0,-0.0
0.001057499999999999,-1.464885922052692e-25,-0.0,-0.0,1.8306300547550088e-20,0.0,0.0,-0.0,-3.6976879792896666e-26,-0.0,0.0,5.0117999679565535e-20,0.0,0.0,0.0,0.00010975090915747348,-0.0,-0.0,-0.0
0.0010599999999999989,-1.2628210487719156e-25,-0.0,-0.0,1.9272741328395332e-20,0.0,0.0,-0.0,-3.0309870772719936e-26,-0.0,0.0,5.442599794574084e-20,0.0,0.0,0.0,0.00010925768981942211,-0.0,-0.0,-0.0
0.0010624999999999988,-1.0878271295951305e-25,-0.0,-0.0,2.0284012279964748e-20,0.0,0.0,-0.0,-2.4817780998652128e-26,-0.0,0.0,5.9078837104065e-20,0.0,0.0,0.0,0.00010875879212673655,-0.0,-0.0,-0.0
0.0010649999999999987,-9.363905021269104e-26,-0.0,-0.0,2.134189307915277e-20,0.0,0.0,-0.0,-2.0298513123373126e-26,-0.0,0.0,6.410207115905281e-20,0.0,0.0,0.0,0.00010825432750540682,-0.0,-0.0,-0.0
0.0010674999999999986,-8.054380080008937e-26,-0.0,-0.0,2.2448221515397866e-20,0.0,0.0,-0.0,-1.6583846668289285e-26,-0.0,0.0,6.952299513664004e-20,0.0,0.0,0.0,0.00010774440777891636,-0.0,-0.0,-0.0
0.0010699999999999985,-6.922838492709126e-26,-0.0,-0.0,2.360489494585777e-20,0.0,0.0,-0.0,-1.353391412575608e-26,-0.0,0.0,7.537075323571183e-20,0.0,0.0,0.0,0.00010722914513164897,-0.0,-0.0,-0.0
0.0010724999999999984,-5.945825848942337e-26,-0.0,-0.0,2.481387177857216e-20,0.0,0.0,-0.0,-1.1032551379879538e-26,-0.0,0.0,8.167645306273093e-20,0.0,0.0,0.0,0.0001067086520810688,-0.0,-0.0,-0.0
0.0010749999999999983,-5.1028759291817625e-26,-0.0,-0.0,2.6077172976013375e-20,0.0,0.0,-0.0,-8.983388437988995e-27,-0.0,0.0,8.84732862051952e-20,0.0,0.0,0.0,0.00010618304141823582,-0.0,-0.0,-0.0
0.0010774999999999982,-4.376143926315339e-26,-0.0,-0.0,2.7396883580398217e-20,0.0,0.0,-0.0,-7.306566310700016e-27,-0.0,0.0,9.579665551557277e-20,0.0,0.0,0.0,0.0001056524262102987,-0.0,-0.0,-0.0
0.001079999999999998,-3.7500828455309493e-26,-0.0,-0.0,2.877515426700249e-20,0.0,0.0,-0.0,-5.935982886738305e-27,-0.0,0.0,1.0368430939069545e-19,0.0,0.0,0.0,0.00010511691972474488,-0.0,-0.0,-0.0
0.001082499999999998,-3.211158239250471e-26,-0.0,-0.0,3.021420292291311e-20,0.0,0.0,-0.0,-4.81698518775782e-27,-0.0,0.0,1.1217648339876252e-19,0.0,0.0,0.0,0.00010457663542803739,-0.0,-0.0,-0.0
0.0010849999999999979,-2.7475969415572154e-26,-0.0,-0.0,3.1716316240409613e-20,0.0,0.0,-0.0,-3.9044378782649966e-27,-0.0,0.0,1.213160496421933e-19,0.0,0.0,0.0,0.00010403168692350702,-0.0,-0.0,-0.0
0.0010874999999999978,-2.3491659324604707e-26,-0.0,-0.0,3.328385133872056e-20,0.0,0.0,-0.0,-3.161108541603922e-27,-0.0,0.0,1.3114867416129372e-19,0.0,0.0,0.0,0.00010348218793780404,-0.0,-0.0,-0.0
0.0010899999999999977,-2.0069778812519812e-26,-0.0,-0.0,3.491923741746461e-20,0.0,0.0,-0.0,-2.5563193363356036e-27,-0.0,0.0,1.4172298286608915e-19,0.0,0.0,0.0,0.00010292825227222275,-0.0,-0.0,-0.0
0.0010924999999999976,-1.7133202923967795e-26,-0.0,-0.0,3.662497741767576e-20,0.0,0.0,-0.0,-2.064822394503284e-27,-0.0,0.0,1.5309073628803933e-19,0.0,0.0,0.0,0.00010236999378133829,-0.0,-0.0,-0.0
0.0010949999999999975,-1.4615055129867055e-26,-0.0,-0.0,3.840364971717475e-20,0.0,0.0,-0.0,-1.665862931869431e-27,-0.0,0.0,1.6530701368985553e-19,0.0,0.0,0.0,0.00010180752632527328,-0.0,-0.0,-0.0
0.0010974999999999973,-1.2457391650530643e-26,-0.0,-0.0,4.025790984765057e-20,0.0,0.0,-0.0,-1.3423996528454643e-27,-0.0,0.0,1.784304068367806e-19,0.0,0.0,0.0,0.00010124096374699761,-0.0,-0.0,-0.0
0.0010999999999999972,-1.0610048352257094e-26,-0.0,-0.0,4.2190492231789106e-20,0.0,0.0,-0.0,-1.0804568094089298e-27,-0.0,0.0,1.925232240293844e-19,0.0,0.0,0.0,0.0001006704198436701,-0.0,-0.0,-0.0
0.0011024999999999971,-9.02963097708498e-27,-0.0,-0.0,4.4204211941858053e-20,0.0,0.0,-0.0,-8.685863177769565e-28,-0.0,0.0,2.076517047690054e-19,0.0,0.0,0.0,0.00010009600832429337,-0.0,-0.0,-0.0
0.001104999999999997,-7.67863162224414e-27,-0.0,-0.0,4.630196648922438e-20,0.0,0.0,-0.0,-6.974217720948934e-28,-0.0,0.0,2.238862455706855e-19,0.0,0.0,0.0,9.951784277207849e-05,-0.0,-0.0,-0.0
0.001107499999999997,-6.524656340556175e-27,-0.0,-0.0,4.8486737624504646e-20,0.0,0.0,-0.0,-5.593090970547261e-28,-0.0,0.0,2.413016374926957e-19,0.0,0.0,0.0,9.893603664091014e-05,-0.0,-0.0,-0.0
0.0011099999999999968,-5.539750447170491e-27,-0.0,-0.0,5.0761593169995596e-20,0.0,0.0,-0.0,-4.480010386244601e-28,-0.0,0.0,2.5997731580846397e-19,0.0,0.0,0.0,9.835070319253176e-05,-0.0,-0.0,-0.0
0.0011124999999999967,-4.699809671663011e-27,-0.0,-0.0,5.3129688865712925e-20,0.0,0.0,-0.0,-3.5840476442326845e-28,-0.0,0.0,2.7999762250832915e-19,0.0,0.0,0.0,9.776195548392027e-05,-0.0,-0.0,-0.0
0.0011149999999999966,-3.984066665977958e-27,-0.0,-0.0,5.559427024455357e-20,0.0,0.0,-0.0,-2.863735956418055e-28,-0.0,0.0,3.014520820527663e-19,0.0,0.0,0.0,9.716990633319033e-05,-0.0,-0.0,-0.0
0.0011174999999999965,-3.374643601111218e-27,-0.0,-0.0,5.815867452161556e-20,0.0,0.0,-0.0,-2.2853536384405282e-28,-0.0,0.0,3.2443569116221707e-19,0.0,0.0,0.0,9.657466829184592e-05,-0.0,-0.0,-0.0
0.0011199999999999964,-2.8561626786544706e-27,-0.0,-0.0,6.08263325093472e-20,0.0,0.0,-0.0,-1.821511263915286e-28,-0.0,0.0,3.490492230225184e-19,0.0,0.0,0.0,9.59763536078545e-05,-0.0,-0.0,-0.0
0.0011224999999999963,-2.41540734629699e-27,-0.0,-0.0,6.360077054607066e-20,0.0,0.0,-0.0,-1.4499901459378356e-28,-0.0,0.0,3.7539954684752203e-19,0.0,0.0,0.0,9.537507420654453e-05,-0.0,-0.0,-0.0
0.0011249999999999962,-2.041027867680207e-27,-0.0,-0.0,6.648561245745011e-20,0.0,0.0,-0.0,-1.152788624617759e-28,-0.0,0.0,4.0359996315575734e-19,0.0,0.0,0.0,9.477094165839693e-05,-0.0,-0.0,-0.0
0.0011274999999999961,-1.723285656815293e-27,-0.0,-0.0,6.948458152187176e-20,0.0,0.0,-0.0,-9.153399621478826e-29,-0.0,0.0,4.337705556640737e-19,0.0,0.0,0.0,9.416406715119022e-05,-0.0,-0.0,-0.0
0.001129999999999996,-1.4538314635587807e-27,-0.0,-0.0,7.260150246551211e-20,0.0,0.0,-0.0,-7.258717719440398e-29,-0.0,0.0,4.660385604741725e-19,0.0,0.0,0.0,9.35545614588876e-05,-0.0,-0.0,-0.0
0.001132499999999996,-1.2255130916778831e-27,-0.0,-0.0,7.584030346479435e-20,0.0,0.0,-0.0,-5.748820325472498e-29,-0.0,0.0,5.00538753286595e-19,0.0,0.0,0.0,9.294253492224016e-05,-0.0,-0.0,-0.0
0.0011349999999999958,-1.032208861196624e-27,-0.0,-0.0,7.920501818814485e-20,0.0,0.0,-0.0,-4.547110119036185e-29,-0.0,0.0,5.374138552885939e-19,0.0,0.0,0.0,9.232809741670913e-05,-0.0,-0.0,-0.0
0.0011374999999999957,-8.686834913761253e-28,-0.0,-0.0,8.269978782611261e-20,0.0,0.0,-0.0,-3.5919199358103455e-29,-0.0,0.0,5.768149587713797e-19,0.0,0.0,0.0,9.171135833203809e-05,-0.0,-0.0,-0.0
0.0011399999999999956,-7.304634936710243e-28,-0.0,-0.0,8.632886316292784e-20,0.0,0.0,-0.0,-2.833666645147134e-29,-0.0,0.0,6.189019731062623e-19,0.0,0.0,0.0,9.109242653214168e-05,-0.0,-0.0,-0.0
0.0011424999999999955,-6.137295261431011e-28,-0.0,-0.0,9.009660664362701e-20,0.0,0.0,-0.0,-2.2325349318466703e-29,-0.0,0.0,6.638440918872045e-19,0.0,0.0,0.0,9.047141035388703e-05,-0.0,-0.0,-0.0
0.0011449999999999954,-5.152234809087854e-28,-0.0,-0.0,9.400749447030086e-20,0.0,0.0,-0.0,-1.756594768928036e-29,-0.0,0.0,7.118202824526025e-19,0.0,0.0,0.0,8.984841756426708e-05,-0.0,-0.0,-0.0
0.0011474999999999953,-4.321683580201741e-28,-0.0,-0.0,9.806611871393008e-20,0.0,0.0,-0.0,-1.38027337737303e-29,-0.0,0.0,7.630197983301105e-19,0.0,0.0,0.0,8.922355533834148e-05,-0.0,-0.0,-0.0
0.0011499999999999952,-3.621992257245434e-28,-0.0,-0.0,1.0227718942295452e-19,0.0,0.0,-0.0,-1.0831165486272231e-29,-0.0,0.0,8.176427156236512e-19,0.0,0.0,0.0,8.859693024465067e-05,-0.0,-0.0,-0.0
0.001152499999999995,-3.033037853120341e-28,-0.0,-0.0,1.066455367668126e-19,0.0,0.0,-0.0,-8.487858614788835e-30,-0.0,0.0,8.75900494563628e-19,0.0,0.0,0.0,8.796864821849324e-05,-0.0,-0.0,-0.0
0.001154999999999995,-2.537712490284699e-28,-0.0,-0.0,1.1117611316565178e-19,0.0,0.0,-0.0,-6.642479480478594e-30,-0.0,0.0,9.380165670857889e-19,0.0,0.0,0.0,8.733881452541993e-05,-0.0,-0.0,-0.0
0.001157499999999995,-2.121484066255813e-28,-0.0,-0.0,1.1587399546146912e-19,0.0,0.0,-0.0,-5.1911990404475236e-30,-0.0,0.0,1.0042269513061754e-18,0.0,0.0,0.0,8.670753376724568e-05,-0.0,-0.0,-0.0
0.0011599999999999948,-1.7720190304240337e-28,-0.0,-0.0,1.2074438706522104e-19,0.0,0.0,-0.0,-4.051414808946348e-30,-0.0,0.0,1.0747808942234413e-18,0.0,0.0,0.0,8.607490983253404e-05,-0.0,-0.0,-0.0
0.0011624999999999947,-1.4788587760738072e-28,-0.0,-0.0,1.2579262015043134e-19,0.0,0.0,-0.0,-3.157500800674224e-30,-0.0,0.0,1.1499415438406924e-18,0.0,0.0,0.0,8.544104589640454e-05,-0.0,-0.0,-0.0
0.0011649999999999946,-1.2331422705645956e-28,-0.0,-0.0,1.3102415781316734e-19,0.0,0.0,-0.0,-2.457389918147989e-30,-0.0,0.0,1.2299866513301902e-18,0.0,0.0,0.0,8.480604438617601e-05,-0.0,-0.0,-0.0
0.0011674999999999945,-1.0273685292638444e-28,-0.0,-0.0,1.3644459627359692e-19,0.0,0.0,-0.0,-1.9098294946185392e-30,-0.0,0.0,1.3152093052214812e-18,0.0,0.0,0.0,8.417000696486906e-05,-0.0,-0.0,-0.0
0.0011699999999999944,-8.551933894499651e-29,-0.0,-0.0,1.4205966705858431e-19,0.0,0.0,-0.0,-1.4821804367814689e-30,-0.0,0.0,1.4059186982627101e-18,0.0,0.0,0.0,8.353303451838597e-05,-0.0,-0.0,-0.0
0.0011724999999999943,-7.112557855827905e-29,-0.0,-0.0,1.4787523920925538e-19,0.0,0.0,-0.0,-1.1486547374462073e-30,-0.0,0.0,1.5024409280937704e-18,0.0,0.0,0.0,8.28952271280375e-05,-0.0,-0.0,-0.0
0.0011749999999999942,-5.910293763760527e-29,-0.0,-0.0,1.5389732146986666e-19,0.0,0.0,-0.0,-8.889060098242072e-31,-0.0,0.0,1.6051198339415218e-18,0.0,0.0,0.0,8.225668405868838e-05,-0.0,-0.0,-0.0
0.001177499999999994,-4.9069593735276074e-29,-0.0,-0.0,1.6013206450394331e-19,0.0,0.0,-0.0,-6.869039116213982e-31,-0.0,0.0,1.7143178694822912e-18,0.0,0.0,0.0,8.161750373410292e-05,-0.0,-0.0,-0.0
0.001179999999999994,-4.070374228939649e-29,-0.0,-0.0,1.665857630814719e-19,0.0,0.0,-0.0,-5.3003654716503745e-31,-0.0,0.0,1.8304170142423368e-18,0.0,0.0,0.0,8.097778372276803e-05,-0.0,-0.0,-0.0
0.0011824999999999939,-3.373440277269158e-29,-0.0,-0.0,1.7326485828511852e-19,0.0,0.0,-0.0,-4.083956859983931e-31,-0.0,0.0,1.9538197243302323e-18,0.0,0.0,0.0,8.03376207240636e-05,-0.0,-0.0,-0.0
0.0011849999999999938,-2.793359470406475e-29,-0.0,-0.0,1.8017593970470583e-19,0.0,0.0,-0.0,-3.1420837603681e-31,-0.0,0.0,2.084949924296661e-18,0.0,0.0,0.0,7.969711054209005e-05,-0.0,-0.0,-0.0
0.0011874999999999937,-2.310968544695462e-29,-0.0,-0.0,1.873257476489293e-19,0.0,0.0,-0.0,-2.4138561638110136e-31,-0.0,0.0,2.2242540415963604e-18,0.0,0.0,0.0,7.905634808562855e-05,-0.0,-0.0,-0.0
0.0011899999999999936,-1.9101739441034636e-29,-0.0,-0.0,1.9472117530570389e-19,0.0,0.0,-0.0,-1.8516449940100532e-31,-0.0,0.0,2.3722020852795333e-18,0.0,0.0,0.0,7.841542733349755e-05,-0.0,-0.0,-0.0
0.0011924999999999935,-1.5774722477149388e-29,-0.0,-0.0,2.0236927093221486e-19,0.0,0.0,-0.0,-1.4182487682521005e-31,-0.0,0.0,2.5292887700138135e-18,0.0,0.0,0.0,7.777444133537847e-05,-0.0,-0.0,-0.0
0.0011949999999999934,-1.301543537563307e-29,-0.0,-0.0,2.102772400511461e-19,0.0,0.0,-0.0,-1.084653583719686e-31,-0.0,0.0,2.696034687849495e-18,0.0,0.0,0.0,7.713348219241244e-05,-0.0,-0.0,-0.0
0.0011974999999999933,-1.0729069277234743e-29,-0.0,-0.0,2.184524475814479e-19,0.0,0.0,-0.0,-8.28264788168789e-32,-0.0,0.0,2.8729875290519556e-18,0.0,0.0,0.0,7.64926410309068e-05,-0.0,-0.0,-0.0
0.0011999999999999932,-8.836290218602235e-30,-0.0,-0.0,2.2690241999396644e-19,0.0,0.0,-0.0,-6.315130790018741e-32,-0.0,0.0,3.0607233534298317e-18,0.0,0.0,0.0,7.585200801337611e-05,-0.0,-0.0,-0.0
0.001202499999999993,-7.270773945647759e-30,-0.0,-0.0,2.356348474640681e-19,0.0,0.0,-0.0,-4.8075738594110675e-32,-0.0,0.0,3.2598479146932056e-18,0.0,0.0,0.0,7.521167230244257e-05,-0.0,-0.0,-0.0
0.001204999999999993,-5.9771233637350795e-30,-0.0,-0.0,2.4465758596882605e-19,0.0,0.0,-0.0,-3.654226430979099e-32,-0.0,0.0,3.470998038799238e-18,0.0,0.0,0.0,7.457172206050556e-05,-0.0,-0.0,-0.0
0.0012074999999999929,-4.9091108712832374e-30,-0.0,-0.0,2.539786593910764e-19,0.0,0.0,-0.0,-2.7732318422161624e-32,-0.0,0.0,3.694843059041115e-18,0.0,0.0,0.0,7.393224443603991e-05,-0.0,-0.0,-0.0
0.0012099999999999928,-4.028196278318196e-30,-0.0,-0.0,2.6360626160980073e-19,0.0,0.0,-0.0,-2.1013260612186387e-32,-0.0,0.0,3.932086309170114e-18,0.0,0.0,0.0,7.329332554607515e-05,-0.0,-0.0,-0.0
0.0012124999999999927,-3.302278274114475e-30,-0.0,-0.0,2.7354875855994067e-19,0.0,0.0,-0.0,-1.5896902904528705e-32,-0.0,0.0,4.1834666767488475e-18,0.0,0.0,0.0,7.265505047536408e-05,-0.0,-0.0,-0.0
0.0012149999999999926,-2.7046436270593073e-30,-0.0,-0.0,2.838146902683727e-19,0.0,0.0,-0.0,-1.2007113428949125e-32,-0.0,0.0,4.449760219205218e-18,0.0,0.0,0.0,7.201750325685944e-05,-0.0,-0.0,-0.0
0.0012174999999999925,-2.213083637978738e-30,-0.0,-0.0,2.9441277283468948e-19,0.0,0.0,-0.0,-9.054550214303278e-33,-0.0,0.0,4.731781843373895e-18,0.0,0.0,0.0,7.138076686448508e-05,-0.0,-0.0,-0.0
0.0012199999999999924,-1.8091519291088788e-30,-0.0,-0.0,3.053519004619855e-19,0.0,0.0,-0.0,-6.816986505780862e-33,-0.0,0.0,5.030387052521555e-18,0.0,0.0,0.0,7.074492320481559e-05,-0.0,-0.0,-0.0
0.0012224999999999923,-1.4775415522549009e-30,-0.0,-0.0,3.166411473434454e-19,0.0,0.0,-0.0,-5.1240142341116404e-33,-0.0,0.0,5.346473762049102e-18,0.0,0.0,0.0,7.011005310356422e-05,-0.0,-0.0,-0.0
0.0012249999999999922,-1.2055627337144339e-30,-0.0,-0.0,3.282897696510554e-19,0.0,0.0,-0.0,-3.8451701680839506e-33,-0.0,0.0,5.6809841847158125e-18,0.0,0.0,0.0,6.947623630105697e-05,-0.0,-0.0,-0.0
0.001227499999999992,-9.827054161996563e-31,-0.0,-0.0,3.4030720734401764e-19,0.0,0.0,-0.0,-2.8807335748815486e-33,-0.0,0.0,6.034906791909081e-18,0.0,0.0,0.0,6.88435514451972e-05,-0.0,-0.0,-0.0
0.001229999999999992,-8.002731814006771e-31,-0.0,-0.0,3.5270308609048753e-19,0.0,0.0,-0.0,-2.1546057451958466e-33,-0.0,0.0,6.4092783465246996e-18,0.0,0.0,0.0,6.821207607802305e-05,-0.0,-0.0,-0.0
0.0012324999999999918,-6.510772023166375e-31,-0.0,-0.0,3.6548721900782023e-19,0.0,0.0,-0.0,-1.608809281558359e-33,-0.0,0.0,6.805186019127687e-18,0.0,0.0,0.0,6.758188663377721e-05,-0.0,-0.0,-0.0
0.0012349999999999917,-5.291806295930584e-31,-0.0,-0.0,3.7866960848072807e-19,0.0,0.0,-0.0,-1.1992455874045096e-33,-0.0,0.0,7.22376958897428e-18,0.0,0.0,0.0,6.69530584224658e-05,-0.0,-0.0,-0.0
0.0012374999999999916,-4.296853077523235e-31,-0.0,-0.0,3.922604477996234e-19,0.0,0.0,-0.0,-8.924281111400756e-34,-0.0,0.0,7.666223693936696e-18,0.0,0.0,0.0,6.63256656407865e-05,-0.0,-0.0,-0.0
0.0012399999999999915,-3.4855398659452115e-31,-0.0,-0.0,4.062701229431158e-19,0.0,0.0,-0.0,-6.629710665933876e-34,-0.0,0.0,8.133800219341865e-18,0.0,0.0,0.0,6.569978134852499e-05,-0.0,-0.0,-0.0
0.0012424999999999914,-2.8246226487628017e-31,-0.0,-0.0,4.2070921408580566e-19,0.0,0.0,-0.0,-4.916621162566607e-34,-0.0,0.0,8.627810739807333e-18,0.0,0.0,0.0,6.507547746837705e-05,-0.0,-0.0,-0.0
0.0012449999999999913,-2.2867541611524968e-31,-0.0,-0.0,4.355884972783538e-19,0.0,0.0,-0.0,-3.6398569314696563e-34,-0.0,0.0,9.149629061381997e-18,0.0,0.0,0.0,6.445282478718462e-05,-0.0,-0.0,-0.0
0.0012474999999999912,-1.8494601618594858e-31,-0.0,-0.0,4.509189458561454e-19,0.0,0.0,-0.0,-2.6899349545560017e-34,-0.0,0.0,9.700693855620438e-18,0.0,0.0,0.0,6.383189294452296e-05,-0.0,-0.0,-0.0
0.0012499999999999911,-1.4942894390262528e-31,-0.0,-0.0,4.667117319702458e-19,0.0,0.0,-0.0,-1.9844199413590844e-34,-0.0,0.0,1.0282511392540617e-17,0.0,0.0,0.0,6.321275042585616e-05,-0.0,-0.0,-0.0
0.001252499999999991,-1.2061087711239337e-31,-0.0,-0.0,4.829782279406547e-19,0.0,0.0,-0.0,-1.4613495438434782e-34,-0.0,0.0,1.0896658369100704e-17,0.0,0.0,0.0,6.259546456622329e-05,-0.0,-0.0,-0.0
0.001254999999999991,-9.725187059534673e-32,-0.0,-0.0,4.997300076360569e-19,0.0,0.0,-0.0,-1.0742309915860028e-34,-0.0,0.0,1.1544784845142295e-17,0.0,0.0,0.0,6.198010154402667e-05,-0.0,-0.0,-0.0
0.0012574999999999908,-7.833699433425793e-32,-0.0,-0.0,5.169788476850194e-19,0.0,0.0,-0.0,-7.882401483160239e-35,-0.0,0.0,1.2228617277877663e-17,0.0,0.0,0.0,6.136672637537675e-05,-0.0,-0.0,-0.0
0.0012599999999999907,-6.303633999940991e-32,-0.0,-0.0,5.347367287229942e-19,0.0,0.0,-0.0,-5.773390448438776e-35,-0.0,0.0,1.2949961671863553e-17,0.0,0.0,0.0,6.0755402910196455e-05,-0.0,-0.0,-0.0
0.0012624999999999906,-5.067198139772847e-32,-0.0,-0.0,5.53015836490575e-19,0.0,0.0,-0.0,-4.220937760955089e-35,-0.0,0.0,1.3710706833765452e-17,0.0,0.0,0.0,6.014619383358444e-05,-0.0,-0.0,-0.0
0.0012649999999999905,-4.0690707507742736e-32,-0.0,-0.0,5.718285629079042e-19,0.0,0.0,-0.0,-3.0802550811258823e-35,-0.0,0.0,1.4512827745006525e-17,0.0,0.0,0.0,5.953916066616866e-05,-0.0,-0.0,-0.0
0.0012674999999999904,-3.2641542604250673e-32,-0.0,-0.0,5.911875070176959e-19,0.0,0.0,-0.0,-2.2436656685801575e-35,-0.0,0.0,1.5358389051682214e-17,0.0,0.0,0.0,5.8934363757667666e-05,-0.0,-0.0,-0.0
0.0012699999999999903,-2.615723209463227e-32,-0.0,-0.0,6.111054759261968e-19,0.0,0.0,-0.0,-1.631237791797513e-35,-0.0,0.0,1.6249548673825588e-17,0.0,0.0,0.0,5.833186228576919e-05,-0.0,-0.0,-0.0
0.0012724999999999902,-2.0939010232822545e-32,-0.0,-0.0,6.31595485595597e-19,0.0,0.0,-0.0,-1.1837444585707694e-35,-0.0,0.0,1.71885615390832e-17,0.0,0.0,0.0,5.773171425308926e-05,-0.0,-0.0,-0.0
0.0012749999999999901,-1.6744080971842507e-32,-0.0,-0.0,6.52670761545859e-19,0.0,0.0,-0.0,-8.573813087171142e-36,-0.0,0.0,1.81777834457831e-17,0.0,0.0,0.0,5.7133976499428976e-05,-0.0,-0.0,-0.0
0.00127749999999999,-1.337533943393077e-32,-0.0,-0.0,6.743447395696687e-19,0.0,0.0,-0.0,-6.198108587721593e-36,-0.0,0.0,1.92196750535476e-17,0.0,0.0,0.0,5.653870468323492e-05,-0.0,-0.0,-0.0
0.00127999999999999,-1.0672941826367073e-32,-0.0,-0.0,6.966310661504971e-19,0.0,0.0,-0.0,-4.472055118979908e-36,-0.0,0.0,2.0316806010712484e-17,0.0,0.0,0.0,5.594595329796368e-05,-0.0,-0.0,-0.0
0.0012824999999999898,-8.507398664329936e-33,-0.0,-0.0,7.195435990443473e-19,0.0,0.0,-0.0,-3.2204126666238905e-36,-0.0,0.0,2.1471859218111055e-17,0.0,0.0,0.0,5.535577566357575e-05,-0.0,-0.0,-0.0
0.0012849999999999897,-6.773922039938008e-33,-0.0,-0.0,7.430964075704119e-19,0.0,0.0,-0.0,-2.314546235054284e-36,-0.0,0.0,2.2687635233953495e-17,0.0,0.0,0.0,5.476822392875717e-05,-0.0,-0.0,-0.0
0.0012874999999999896,-5.387804151378249e-33,-0.0,-0.0,7.673037729241049e-19,0.0,0.0,-0.0,-1.660212296713317e-36,-0.0,0.0,2.396705682525943e-17,0.0,0.0,0.0,5.4183349075574456e-05,-0.0,-0.0,-0.0
0.0012899999999999895,-4.280642998481954e-33,-0.0,-0.0,7.921801881944667e-19,0.0,0.0,-0.0,-1.1884973776560186e-36,-0.0,0.0,2.5313173664192774e-17,0.0,0.0,0.0,5.360120091679498e-05,-0.0,-0.0,-0.0
0.0012924999999999894,-3.39726325598784e-33,-0.0,-0.0,8.177403585722699e-19,0.0,0.0,-0.0,-8.491081301248151e-37,-0.0,0.0,2.6729167181525584e-17,0.0,0.0,0.0,5.3021828102263715e-05,-0.0,-0.0,-0.0
0.0012949999999999893,-2.6932069919928765e-33,-0.0,-0.0,8.4399920118113e-19,0.0,0.0,-0.0,-6.0541224742875766e-37,-0.0,0.0,2.821835557081741e-17,0.0,0.0,0.0,5.244527812011594e-05,-0.0,-0.0,-0.0
0.0012974999999999892,-2.1326909914267204e-33,-0.0,-0.0,8.70971844930188e-19,0.0,0.0,-0.0,-4.30780490882454e-37,-0.0,0.0,2.9784198956638363e-17,0.0,0.0,0.0,5.187159729632086e-05,-0.0,-0.0,-0.0
0.001299999999999989,-1.686945728372182e-33,-0.0,-0.0,8.986736302399624e-19,0.0,0.0,-0.0,-3.058937392535919e-37,-0.0,0.0,3.1430304720742753e-17,0.0,0.0,0.0,5.130083079985562e-05,-0.0,-0.0,-0.0
0.001302499999999989,-1.332866162651009e-33,-0.0,-0.0,9.271201085618843e-19,0.0,0.0,-0.0,-2.1676438543279634e-37,-0.0,0.0,3.3160433003509777e-17,0.0,0.0,0.0,5.073302264805672e-05,-0.0,-0.0,-0.0
0.001304999999999989,-1.0519170258325177e-33,-0.0,-0.0,9.56327042009364e-19,0.0,0.0,-0.0,-1.5328547881968397e-37,-0.0,0.0,3.497850236987538e-17,0.0,0.0,0.0,5.0168215707153126e-05,-0.0,-0.0,-0.0
0.0013074999999999888,-8.292455793852971e-34,-0.0,-0.0,9.863104025059747e-19,0.0,0.0,-0.0,-1.0816898070281783e-37,-0.0,0.0,3.6888595651007425e-17,0.0,0.0,0.0,4.9606451698242624e-05,-0.0,-0.0,-0.0
0.0013099999999999887,-6.52963322864218e-34,-0.0,-0.0,1.0170863710501949e-18,0.0,0.0,-0.0,-7.617034284107465e-38,-0.0,0.0,3.889496596609838e-17,0.0,0.0,0.0,4.904777119659813e-05,-0.0,-0.0,-0.0
0.0013124999999999886,-5.135651307480831e-34,-0.0,-0.0,1.0486713370063008e-18,0.0,0.0,-0.0,-5.352334786691595e-38,-0.0,0.0,4.100204293444172e-17,0.0,0.0,0.0,4.849221364897053e-05,-0.0,-0.0,-0.0
0.0013149999999999885,-4.034600522752856e-34,-0.0,-0.0,1.0810818967232464e-18,0.0,0.0,-0.0,-3.7529041812424906e-38,-0.0,0.0,4.3214439056374704e-17,0.0,0.0,0.0,4.7939817361694145e-05,-0.0,-0.0,-0.0
0.0013174999999999884,-3.1659273635662166e-34,-0.0,-0.0,1.114334852703763e-18,0.0,0.0,-0.0,-2.625736287273839e-38,-0.0,0.0,4.553695630844273e-17,0.0,0.0,0.0,4.7390619515661636e-05,-0.0,-0.0,-0.0
0.0013199999999999883,-2.481383245507687e-34,-0.0,-0.0,1.1484472120433636e-18,0.0,0.0,-0.0,-1.8331021173678175e-38,-0.0,0.0,4.7974592909404584e-17,0.0,0.0,0.0,4.684465617252353e-05,-0.0,-0.0,-0.0
0.0013224999999999882,-1.9425683522548304e-34,-0.0,-0.0,1.1834361849860202e-18,0.0,0.0,-0.0,-1.2769284195747735e-38,-0.0,0.0,5.0532550313204134e-17,0.0,0.0,0.0,4.630196227464439e-05,-0.0,-0.0,-0.0
0.001324999999999988,-1.5189566588008708e-34,-0.0,-0.0,1.2193191835336849e-18,0.0,0.0,-0.0,-8.875301662204251e-39,-0.0,0.0,5.321624037580063e-17,0.0,0.0,0.0,4.576257165664052e-05,-0.0,-0.0,-0.0
0.001327499999999988,-1.1863097031459195e-34,-0.0,-0.0,1.2561138195016227e-18,0.0,0.0,-0.0,-6.155008019879915e-39,-0.0,0.0,5.603129275450087e-17,0.0,0.0,0.0,4.522651704598818e-05,-0.0,-0.0,-0.0
0.0013299999999999879,-9.254040625535949e-35,-0.0,-0.0,1.2938379026437733e-18,0.0,0.0,-0.0,-4.258878220244195e-39,-0.0,0.0,5.898356250396918e-17,0.0,0.0,0.0,4.469383007494193e-05,-0.0,-0.0,-0.0
0.0013324999999999878,-7.210116850872313e-35,-0.0,-0.0,1.3325094388164628e-18,0.0,0.0,-0.0,-2.94018734457539e-39,-0.0,0.0,6.207913789021426e-17,0.0,0.0,0.0,4.4164541280891466e-05,-0.0,-0.0,-0.0
0.0013349999999999877,-5.610837920092427e-35,-0.0,-0.0,1.3721466274840829e-18,0.0,0.0,-0.0,-2.0251629251697626e-39,-0.0,0.0,6.532434843680371e-17,0.0,0.0,0.0,4.363868012390235e-05,-0.0,-0.0,-0.0
0.0013374999999999876,-4.3609847852156017e-35,-0.0,-0.0,1.4127678595452638e-18,0.0,0.0,-0.0,-1.3916884624372877e-39,-0.0,0.0,6.872577317677953e-17,0.0,0.0,0.0,4.3116274977997375e-05,-0.0,-0.0,-0.0
0.0013399999999999875,-3.385397963647354e-35,-0.0,-0.0,1.4543917149491926e-18,0.0,0.0,-0.0,-9.54141981012481e-40,-0.0,0.0,7.229024914570664e-17,0.0,0.0,0.0,4.2597353154309194e-05,-0.0,-0.0,-0.0
0.0013424999999999874,-2.6248231540386573e-35,-0.0,-0.0,1.4970369596698239e-18,0.0,0.0,-0.0,-6.526264000961118e-40,-0.0,0.0,7.602488010565724e-17,0.0,0.0,0.0,4.208194089988902e-05,-0.0,-0.0,-0.0
0.0013449999999999873,-2.0326020359221665e-35,-0.0,-0.0,1.5407225433382846e-18,0.0,0.0,-0.0,-4.453367888299196e-40,-0.0,0.0,7.993704550348448e-17,0.0,0.0,0.0,4.157006340562565e-05,-0.0,-0.0,-0.0
0.0013474999999999872,-1.5720394835688055e-35,-0.0,-0.0,1.5854675958533152e-18,0.0,0.0,-0.0,-3.031631191688005e-40,-0.0,0.0,8.403440966817297e-17,0.0,0.0,0.0,4.1061744819277474e-05,-0.0,-0.0,-0.0
0.001349999999999987,-1.2143114713363624e-35,-0.0,-0.0,1.6312914244969923e-18,0.0,0.0,-0.0,-2.058825236636737e-40,-0.0,0.0,8.832493126654952e-17,0.0,0.0,0.0,4.0557008247854546e-05,-0.0,-0.0,-0.0
0.001352499999999987,-9.368046572737459e-36,-0.0,-0.0,1.6782135105332812e-18,0.0,0.0,-0.0,-1.3947915069327145e-40,-0.0,0.0,9.281687298410728e-17,0.0,0.0,0.0,4.00558757677988e-05,-0.0,-0.0,-0.0
0.0013549999999999869,-7.218001899645335e-36,-0.0,-0.0,1.7262535056233283e-18,0.0,0.0,-0.0,-9.42620929933668e-41,-0.0,0.0,9.7518811489528e-17,0.0,0.0,0.0,3.955836843838629e-05,-0.0,-0.0,-0.0
0.0013574999999999868,-5.554316631344448e-36,-0.0,-0.0,1.7754312284400578e-18,0.0,0.0,-0.0,-6.354684887902299e-41,-0.0,0.0,1.0243964763166532e-16,0.0,0.0,0.0,3.906450630407985e-05,-0.0,-0.0,-0.0
0.0013599999999999867,-4.2686114062496146e-36,-0.0,-0.0,1.8257666605090932e-18,0.0,0.0,-0.0,-4.273376979014089e-41,-0.0,0.0,1.0758861691220368e-16,0.0,0.0,0.0,3.8574308406751106e-05,-0.0,-0.0,-0.0
0.0013624999999999866,-3.2762842791383205e-36,-0.0,-0.0,1.8772799425236196e-18,0.0,0.0,-0.0,-2.8665507062379983e-41,-0.0,0.0,1.1297530022562087e-16,0.0,0.0,0.0,3.808779279405489e-05,-0.0,-0.0,-0.0
0.0013649999999999864,-2.5113780952893522e-36,-0.0,-0.0,1.9299913699299955e-18,0.0,0.0,-0.0,-1.9180069650642209e-41,-0.0,0.0,1.18609634859004e-16,0.0,0.0,0.0,3.760497652728641e-05,-0.0,-0.0,-0.0
0.0013674999999999863,-1.9225372325955445e-36,-0.0,-0.0,1.9839213887275892e-18,0.0,0.0,-0.0,-1.2800698097038634e-41,-0.0,0.0,1.2450192576178118e-16,0.0,0.0,0.0,3.712587569321367e-05,-0.0,-0.0,-0.0
0.0013699999999999862,-1.4698265469471293e-36,-0.0,-0.0,2.039090590957066e-18,0.0,0.0,-0.0,-8.521199777338365e-42,-0.0,0.0,1.3066285714240781e-16,0.0,0.0,0.0,3.665050541808663e-05,-0.0,-0.0,-0.0
0.0013724999999999861,-1.1222318560574183e-36,-0.0,-0.0,2.0955197100549242e-18,0.0,0.0,-0.0,-5.657727809048751e-42,-0.0,0.0,1.3710350425344044e-16,0.0,0.0,0.0,3.617887986490547e-05,-0.0,-0.0,-0.0
0.001374999999999986,-8.556984659266502e-37,-0.0,-0.0,2.1532296155692386e-18,0.0,0.0,-0.0,-3.746692515565332e-42,-0.0,0.0,1.4383534557055044e-16,0.0,0.0,0.0,3.571101225453792e-05,-0.0,-0.0,-0.0
0.001377499999999986,-6.515939104613972e-37,-0.0,-0.0,2.212241308724525e-18,0.0,0.0,-0.0,-2.4746235552179303e-42,-0.0,0.0,1.508702751736399e-16,0.0,0.0,0.0,3.5246914872811326e-05,-0.0,-0.0,-0.0
0.0013799999999999858,-4.955047251016112e-37,-0.0,-0.0,2.2725759169227288e-18,0.0,0.0,-0.0,-1.6301050801900026e-42,-0.0,0.0,1.5822061546996896e-16,0.0,0.0,0.0,3.478659907796912e-05,-0.0,-0.0,-0.0
0.0013824999999999857,-3.7629590324495506e-37,-0.0,-0.0,2.3342546882036255e-18,0.0,0.0,-0.0,-1.0709214159026153e-42,-0.0,0.0,1.6589913021901441e-16,0.0,0.0,0.0,3.4330075316678165e-05,-0.0,-0.0,-0.0
0.0013849999999999856,-2.8537665478501486e-37,-0.0,-0.0,2.397298985836246e-18,0.0,0.0,-0.0,-7.016575760464579e-43,-0.0,0.0,1.7391903780502544e-16,0.0,0.0,0.0,3.387735312691896e-05,-0.0,-0.0,-0.0
0.0013874999999999855,-2.161279745987173e-37,-0.0,-0.0,2.4617302826158417e-18,0.0,0.0,-0.0,-4.58467343709635e-43,-0.0,0.0,1.822940248932432e-16,0.0,0.0,0.0,3.342844115689422e-05,-0.0,-0.0,-0.0
0.0013899999999999854,-1.6345695600362304e-37,-0.0,-0.0,2.5275701546409794e-18,0.0,0.0,-0.0,-2.987425041860989e-43,-0.0,0.0,1.9103826032062922e-16,0.0,0.0,0.0,3.2983347169626074e-05,-0.0,-0.0,-0.0
0.0013924999999999853,-1.2345025072357222e-37,-0.0,-0.0,2.594840275482329e-18,0.0,0.0,-0.0,-1.941246963166305e-43,-0.0,0.0,2.001664093556907e-16,0.0,0.0,0.0,3.254207805591745e-05,-0.0,-0.0,-0.0
0.0013949999999999852,-9.310498268411679e-38,-0.0,-0.0,2.6635624099580327e-18,0.0,0.0,-0.0,-1.2579093638441238e-43,-0.0,0.0,2.096936482232128e-16,0.0,0.0,0.0,3.2104639845981946e-05,-0.0,-0.0,-0.0
0.0013974999999999851,-7.012008754956836e-38,-0.0,-0.0,2.7337584072549248e-18,0.0,0.0,-0.0,-8.128159405748659e-44,-0.0,0.0,2.1963567900499637e-16,0.0,0.0,0.0,3.167103771986267e-05,-0.0,-0.0,-0.0
0.001399999999999985,-5.273472956997449e-38,-0.0,-0.0,2.8054501946957186e-18,0.0,0.0,-0.0,-5.2371953554586e-44,-0.0,0.0,2.300087448128278e-16,0.0,0.0,0.0,3.124127601924299e-05,-0.0,-0.0,-0.0
0.001402499999999985,-3.960334613292314e-38,-0.0,-0.0,2.8786597707147998e-18,0.0,0.0,-0.0,-3.3647927322868586e-44,-0.0,0.0,2.4082964529967147e-16,0.0,0.0,0.0,3.081535825623109e-05,-0.0,-0.0,-0.0
0.0014049999999999848,-2.969915066991238e-38,-0.0,-0.0,2.9534091979188862e-18,0.0,0.0,-0.0,-2.155559454317118e-44,-0.0,0.0,2.521157525225301e-16,0.0,0.0,0.0,3.0393287130900357e-05,-0.0,-0.0,-0.0
0.0014074999999999847,-2.2239716175031378e-38,-0.0,-0.0,3.02972059598377e-18,0.0,0.0,-0.0,-1.3768698345166844e-44,-0.0,0.0,2.6388502711033475e-16,0.0,0.0,0.0,2.9975064532301852e-05,-0.0,-0.0,-0.0
0.0014099999999999846,-1.6629667065170265e-38,-0.0,-0.0,3.1076161341431864e-18,0.0,0.0,-0.0,-8.768915383946835e-45,-0.0,0.0,2.761560347576359e-16,0.0,0.0,0.0,2.9560691562755204e-05,-0.0,-0.0,-0.0
0.0014124999999999845,-1.241660826621099e-38,-0.0,-0.0,3.1871180240482624e-18,0.0,0.0,-0.0,-5.568109804275473e-45,-0.0,0.0,2.8894796311889295e-16,0.0,0.0,0.0,2.9150168536805057e-05,-0.0,-0.0,-0.0
0.0014149999999999844,-9.257281949654366e-39,-0.0,-0.0,3.2682485114163233e-18,0.0,0.0,-0.0,-3.525066379965159e-45,-0.0,0.0,3.0228063893013425e-16,0.0,0.0,0.0,2.8743495004155283e-05,-0.0,-0.0,-0.0
0.0014174999999999843,-6.891615376635343e-39,-0.0,-0.0,3.351029869132837e-18,0.0,0.0,-0.0,-2.2249126186608634e-45,-0.0,0.0,3.161745455909941e-16,0.0,0.0,0.0,2.8340669753126738e-05,-0.0,-0.0,-0.0
0.0014199999999999842,-5.122848458524623e-39,-0.0,-0.0,3.4354843882961023e-18,0.0,0.0,-0.0,-1.4000166413101097e-45,-0.0,0.0,3.3065084098252385e-16,0.0,0.0,0.0,2.7941690825968464e-05,-0.0,-0.0,-0.0
0.001422499999999984,-3.8023387007218535e-39,-0.0,-0.0,3.521634370972938e-18,0.0,0.0,-0.0,-8.782462744062857e-46,-0.0,0.0,3.457313757661855e-16,0.0,0.0,0.0,2.754655552954548e-05,-0.0,-0.0,-0.0
0.001424999999999984,-2.8179594939792962e-39,-0.0,-0.0,3.6095021207948535e-18,0.0,0.0,-0.0,-5.492252365763628e-46,-0.0,0.0,3.6143871184696423e-16,0.0,0.0,0.0,2.7155260451030294e-05,-0.0,-0.0,-0.0
0.001427499999999984,-2.0852549276796972e-39,-0.0,-0.0,3.69910993586641e-18,0.0,0.0,-0.0,-3.4239210595654355e-46,-0.0,0.0,3.777961413661764e-16,0.0,0.0,0.0,2.676780146212416e-05,-0.0,-0.0,-0.0
0.0014299999999999838,-1.540706107976328e-39,-0.0,-0.0,3.790480098732163e-18,0.0,0.0,-0.0,-2.1277666586267356e-46,-0.0,0.0,3.948277059593952e-16,0.0,0.0,0.0,2.6384173737614054e-05,-0.0,-0.0,-0.0
0.0014324999999999837,-1.136612507449109e-39,-0.0,-0.0,3.883634868513696e-18,0.0,0.0,-0.0,-1.3180716721811577e-46,-0.0,0.0,4.1255821630727926e-16,0.0,0.0,0.0,2.6004371766680493e-05,-0.0,-0.0,-0.0
0.0014349999999999836,-8.372067890528388e-40,-0.0,-0.0,3.97859647154517e-18,0.0,0.0,-0.0,-8.138726637167982e-47,-0.0,0.0,4.310132722349827e-16,0.0,0.0,0.0,2.5628389360711898e-05,-0.0,-0.0,-0.0
0.0014374999999999835,-6.157102840720794e-40,-0.0,-0.0,4.075387092684804e-18,0.0,0.0,-0.0,-5.009147331607456e-47,-0.0,0.0,4.50219282899826e-16,0.0,0.0,0.0,2.5256219669541848e-05,-0.0,-0.0,-0.0
0.0014399999999999834,-4.521047454847041e-40,-0.0,-0.0,4.174028865717144e-18,0.0,0.0,-0.0,-3.0728999404897116e-47,-0.0,0.0,4.702034876115949e-16,0.0,0.0,0.0,2.4887855191403618e-05,-0.0,-0.0,-0.0
0.0014424999999999833,-3.3144869770041024e-40,-0.0,-0.0,4.274543863983393e-18,0.0,0.0,-0.0,-1.8788734192540114e-47,-0.0,0.0,4.909939767862113e-16,0.0,0.0,0.0,2.4523287785515655e-05,-0.0,-0.0,-0.0
0.0014449999999999832,-2.4260722363375e-40,-0.0,-0.0,4.3769540914839966e-18,0.0,0.0,-0.0,-1.1449807720967208e-47,-0.0,0.0,5.126197134140681e-16,0.0,0.0,0.0,2.4162508686074664e-05,-0.0,-0.0,-0.0
0.001447499999999983,-1.7729513920144785e-40,-0.0,-0.0,4.481281472605788e-18,0.0,0.0,-0.0,-6.954042906061878e-48,-0.0,0.0,5.351105547572326e-16,0.0,0.0,0.0,2.380550850850322e-05,-0.0,-0.0,-0.0
0.001449999999999983,-1.293573515791096e-40,-0.0,-0.0,4.587547842354047e-18,0.0,0.0,-0.0,-4.2092219564357144e-48,-0.0,0.0,5.584972745535665e-16,0.0,0.0,0.0,2.3452277270209483e-05,-0.0,-0.0,-0.0
0.0014524999999999829,-9.422844976793453e-41,-0.0,-0.0,4.695774937389949e-18,0.0,0.0,-0.0,-2.5390907121334045e-48,-0.0,0.0,5.828115854527508e-16,0.0,0.0,0.0,2.310280439403243e-05,-0.0,-0.0,-0.0
0.0014549999999999828,-6.85275246467007e-41,-0.0,-0.0,4.8059843849885516e-18,0.0,0.0,-0.0,-1.5263461131299176e-48,-0.0,0.0,6.080861618345562e-16,0.0,0.0,0.0,2.2757078726019375e-05,-0.0,-0.0,-0.0
0.0014574999999999827,-4.975485865674899e-41,-0.0,-0.0,4.9181976933837784e-18,0.0,0.0,-0.0,-9.143502550261911e-49,-0.0,0.0,6.343546630930481e-16,0.0,0.0,0.0,2.2415088545555655e-05,-0.0,-0.0,-0.0
0.0014599999999999826,-3.606523390813329e-41,-0.0,-0.0,5.032436241772529e-18,0.0,0.0,-0.0,-5.458120226777333e-49,-0.0,0.0,6.616517571318432e-16,0.0,0.0,0.0,2.207682157652308e-05,-0.0,-0.0,-0.0
0.0014624999999999825,-2.6098775216070165e-41,-0.0,-0.0,5.148721269734619e-18,0.0,0.0,-0.0,-3.2466134002275806e-49,-0.0,0.0,6.900131443080377e-16,0.0,0.0,0.0,2.1742265001979717e-05,-0.0,-0.0,-0.0
0.0014649999999999824,-1.8854928675840755e-41,-0.0,-0.0,5.2670738671398675e-18,0.0,0.0,-0.0,-1.9242473637220438e-49,-0.0,0.0,7.194755817119237e-16,0.0,0.0,0.0,2.141140547303746e-05,-0.0,-0.0,-0.0
0.0014674999999999823,-1.3598728183481592e-41,-0.0,-0.0,5.387514963153185e-18,0.0,0.0,-0.0,-1.1363700552459725e-49,-0.0,0.0,7.500769078330012e-16,0.0,0.0,0.0,2.1084229121766028e-05,-0.0,-0.0,-0.0
0.0014699999999999822,-9.791191064872831e-42,-0.0,-0.0,5.5100653159528016e-18,0.0,0.0,-0.0,-6.6864064237334485e-50,-0.0,0.0,7.818560674652589e-16,0.0,0.0,0.0,2.0760721575224266e-05,-0.0,-0.0,-0.0
0.001472499999999982,-7.037716279154147e-42,-0.0,-0.0,5.6347455023000656e-18,0.0,0.0,-0.0,-3.919812187232308e-50,-0.0,0.0,8.14853137185294e-16,0.0,0.0,0.0,2.044086796560363e-05,-0.0,-0.0,-0.0
0.001474999999999982,-5.049892180546178e-42,-0.0,-0.0,5.761575906606581e-18,0.0,0.0,-0.0,-2.289404160047461e-50,-0.0,0.0,8.491093508818397e-16,0.0,0.0,0.0,2.0124652939687062e-05,-0.0,-0.0,-0.0
0.0014774999999999819,-3.617276156400384e-42,-0.0,-0.0,5.890576710019211e-18,0.0,0.0,-0.0,-1.3321387239595275e-50,-0.0,0.0,8.846671259758683e-16,0.0,0.0,0.0,1.98120606759804e-05,-0.0,-0.0,-0.0
0.0014799999999999818,-2.5865774262461872e-42,-0.0,-0.0,6.0217678795449804e-18,0.0,0.0,-0.0,-7.722023179980974e-51,-0.0,0.0,9.215700897064018e-16,0.0,0.0,0.0,1.9503074891609305e-05,-0.0,-0.0,-0.0
0.0014824999999999817,-1.8463267728105294e-42,-0.0,-0.0,6.15516915736143e-18,0.0,0.0,-0.0,-4.459150451806165e-51,-0.0,0.0,9.598631059219528e-16,0.0,0.0,0.0,1.9197678858780492e-05,-0.0,-0.0,-0.0
0.0014849999999999816,-1.315606130915081e-42,-0.0,-0.0,6.290800050106076e-18,0.0,0.0,-0.0,-2.565057277986763e-51,-0.0,0.0,9.995923021489156e-16,0.0,0.0,0.0,1.8895855410976256e-05,-0.0,-0.0,-0.0
0.0014874999999999815,-9.357770252578836e-43,-0.0,-0.0,6.428679816755758e-18,0.0,0.0,-0.0,-1.469773084213487e-51,-0.0,0.0,1.0408050969132117e-15,0.0,0.0,0.0,1.8597586958110844e-05,-0.0,-0.0,-0.0
0.0014899999999999814,-6.644203532067005e-43,-0.0,-0.0,6.568827459047549e-18,0.0,0.0,-0.0,-8.388725408228757e-52,-0.0,0.0,1.0835502278017679e-15,0.0,0.0,0.0,1.8302855498389742e-05,-0.0,-0.0,-0.0
0.0014924999999999813,-4.709040093675688e-43,-0.0,-0.0,6.711261708879714e-18,0.0,0.0,-0.0,-4.7688991481518235e-52,-0.0,0.0,1.1278777791533202e-15,0.0,0.0,0.0,1.801164262756527e-05,-0.0,-0.0,-0.0
0.0014949999999999812,-3.331467422228257e-43,-0.0,-0.0,6.856001018876124e-18,0.0,0.0,-0.0,-2.700228953037877e-52,-0.0,0.0,1.1738392108099717e-15,0.0,0.0,0.0,1.7723929551510122e-05,-0.0,-0.0,-0.0
0.001497499999999981,-2.3525954151827805e-43,-0.0,-0.0,7.003063549411972e-18,0.0,0.0,-0.0,-1.5227442522941859e-52,-0.0,0.0,1.221487386724855e-15,0.0,0.0,0.0,1.7439697099311594e-05,-0.0,-0.0,-0.0
0.001499999999999981,-1.6582963498123931e-43,-0.0,-0.0,7.152467159063827e-18,0.0,0.0,-0.0,-8.552256614501083e-53,-0.0,0.0,1.27087660395332e-15,0.0,0.0,0.0,1.71589257296395e-05,-0.0,-0.0,-0.0
0.0015024999999999808,-1.1667423309617963e-43,-0.0,-0.0,7.304229392374343e-18,0.0,0.0,-0.0,-4.783492649949998e-53,-0.0,0.0,1.3220626223350286e-15,0.0,0.0,0.0,1.688159554893001e-05,-0.0,-0.0,-0.0
0.0015049999999999807,-8.193705007653448e-44,-0.0,-0.0,7.458367469394428e-18,0.0,0.0,-0.0,-2.6644231309037518e-53,-0.0,0.0,1.375102693827224e-15,0.0,0.0,0.0,1.66076863149492e-05,-0.0,-0.0,-0.0
0.0015074999999999806,-5.743450184832566e-44,-0.0,-0.0,7.61489827411763e-18,0.0,0.0,-0.0,-1.4778754853521447e-53,-0.0,0.0,1.4300555926179748e-15,0.0,0.0,0.0,1.6337177455302764e-05,-0.0,-0.0,-0.0
0.0015099999999999805,-4.0183440826407293e-44,-0.0,-0.0,7.773838343644955e-18,0.0,0.0,-0.0,-8.162660455224486e-54,-0.0,0.0,1.4869816458649904e-15,0.0,0.0,0.0,1.607004807171972e-05,-0.0,-0.0,-0.0
0.0015124999999999804,-2.806064408204492e-44,-0.0,-0.0,7.935203856466338e-18,0.0,0.0,-0.0,-4.4891831450868876e-54,-0.0,0.0,1.5459427634595802e-15,0.0,0.0,0.0,1.5806276982446227e-05,-0.0,-0.0,-0.0
0.0015149999999999803,-1.9557749445451203e-44,-0.0,-0.0,8.099010622618362e-18,0.0,0.0,-0.0,-2.4582547583468445e-54,-0.0,0.0,1.6070024697783477e-15,0.0,0.0,0.0,1.5545842652458967e-05,-0.0,-0.0,-0.0
0.0015174999999999802,-1.3605211147838914e-44,-0.0,-0.0,8.26527407092613e-18,0.0,0.0,-0.0,-1.3402705850200955e-54,-0.0,0.0,1.6702259343162097e-15,0.0,0.0,0.0,1.5288723277915136e-05,-0.0,-0.0,-0.0
0.0015199999999999801,-9.446072023706124e-45,-0.0,-0.0,8.434009239913095e-18,0.0,0.0,-0.0,-7.27521727770979e-55,-0.0,0.0,1.7356800033510401e-15,0.0,0.0,0.0,1.5034896778658645e-05,-0.0,-0.0,-0.0
0.00152249999999998,-6.545625084823744e-45,-0.0,-0.0,8.605230765251376e-18,0.0,0.0,-0.0,-3.9315968137583496e-55,-0.0,0.0,1.803433231647493e-15,0.0,0.0,0.0,1.4784340804587001e-05,-0.0,-0.0,-0.0
0.00152499999999998,-4.526882408227918e-45,-0.0,-0.0,8.778952869678743e-18,0.0,0.0,-0.0,-2.1151585636576048e-55,-0.0,0.0,1.8735559144924145e-15,0.0,0.0,0.0,1.4537032746710632e-05,-0.0,-0.0,-0.0
0.0015274999999999798,-3.1245665141749663e-45,-0.0,-0.0,8.955189352372126e-18,0.0,0.0,-0.0,-1.1327890510625158e-55,-0.0,0.0,1.946120119881753e-15,0.0,0.0,0.0,1.4292949748622714e-05,-0.0,-0.0,-0.0
0.0015299999999999797,-2.1523704739138536e-45,-0.0,-0.0,9.133953577149385e-18,0.0,0.0,-0.0,-6.039045476813057e-56,-0.0,0.0,2.021199721021055e-15,0.0,0.0,0.0,1.405206871411133e-05,-0.0,-0.0,-0.0
0.0015324999999999796,-1.479704995550528e-45,-0.0,-0.0,9.31525846284022e-18,0.0,0.0,-0.0,-3.204656358760015e-56,-0.0,0.0,2.0988704291929125e-15,0.0,0.0,0.0,1.3814366320435821e-05,-0.0,-0.0,-0.0
0.0015349999999999795,-1.0152155083028348e-45,-0.0,-0.0,9.499116472740455e-18,0.0,0.0,-0.0,-1.6926574563368563e-56,-0.0,0.0,2.1792098266723944e-15,0.0,0.0,0.0,1.3579819024417365e-05,-0.0,-0.0,-0.0
0.0015374999999999794,-6.951210125489183e-46,-0.0,-0.0,9.685539603400145e-18,0.0,0.0,-0.0,-8.898390198962002e-57,-0.0,0.0,2.2622973999407015e-15,0.0,0.0,0.0,1.3348403077064744e-05,-0.0,-0.0,-0.0
0.0015399999999999793,-4.749804072214683e-46,-0.0,-0.0,9.874539374204081e-18,0.0,0.0,-0.0,-4.655739186877896e-57,-0.0,0.0,2.348214572839334e-15,0.0,0.0,0.0,1.312009452872747e-05,-0.0,-0.0,-0.0
0.0015424999999999792,-3.2389039422698235e-46,-0.0,-0.0,1.006612681825915e-17,0.0,0.0,-0.0,-2.4242673401847079e-57,-0.0,0.0,2.437044741027718e-15,0.0,0.0,0.0,1.2894869242573659e-05,-0.0,-0.0,-0.0
0.0015449999999999791,-2.2040501743268442e-46,-0.0,-0.0,1.0260312471096303e-17,0.0,0.0,-0.0,-1.2562227345576478e-57,-0.0,0.0,2.5288733048327846e-15,0.0,0.0,0.0,1.2672702901766223e-05,-0.0,-0.0,-0.0
0.001547499999999979,-1.49671743170528e-46,-0.0,-0.0,1.0457106361016398e-17,0.0,0.0,-0.0,-6.477783305511986e-58,-0.0,0.0,2.623787703817373e-15,0.0,0.0,0.0,1.2453571020490806e-05,-0.0,-0.0,-0.0
0.001549999999999979,-1.014254482093133e-46,-0.0,-0.0,1.0656517999403398e-17,0.0,0.0,-0.0,-3.323830928593402e-58,-0.0,0.0,2.72187745107051e-15,0.0,0.0,0.0,1.2237448951051855e-05,-0.0,-0.0,-0.0
0.0015524999999999788,-6.858618289705919e-47,-0.0,-0.0,1.0858556370123476e-17,0.0,0.0,-0.0,-1.6970046739709884e-58,-0.0,0.0,2.8232341672927015e-15,0.0,0.0,0.0,1.2024311896118076e-05,-0.0,-0.0,-0.0
0.0015549999999999787,-4.628099225904877e-47,-0.0,-0.0,1.1063229921603161e-17,0.0,0.0,-0.0,-8.620597501237174e-59,-0.0,0.0,2.927951615610567e-15,0.0,0.0,0.0,1.1814134916304014e-05,-0.0,-0.0,-0.0
0.0015574999999999786,-3.1162961553548916e-47,-0.0,-0.0,1.1270546555238077e-17,0.0,0.0,-0.0,-4.356926850538918e-59,-0.0,0.0,3.0361257361848504e-15,0.0,0.0,0.0,1.160689293824945e-05,-0.0,-0.0,-0.0
0.0015599999999999785,-2.0938158081644638e-47,-0.0,-0.0,1.1480513618034892e-17,0.0,0.0,-0.0,-2.1907349379928256e-59,-0.0,0.0,3.1478546809987236e-15,0.0,0.0,0.0,1.140256076517682e-05,-0.0,-0.0,-0.0
0.0015624999999999784,-1.4037685818504882e-47,-0.0,-0.0,1.1693137891706799e-17,0.0,0.0,-0.0,-1.0958317962287685e-59,-0.0,0.0,3.2632388486997884e-15,0.0,0.0,0.0,1.1201113084698779e-05,-0.0,-0.0,-0.0
0.0015649999999999783,-9.390817711032816e-48,-0.0,-0.0,1.1908425585514018e-17,0.0,0.0,-0.0,-5.452805696903849e-60,-0.0,0.0,3.382380920336367e-15,0.0,0.0,0.0,1.1002524477697816e-05,-0.0,-0.0,-0.0
0.0015674999999999782,-6.268384906566019e-48,-0.0,-0.0,1.2126382325887943e-17,0.0,0.0,-0.0,-2.6989541248959847e-60,-0.0,0.0,3.5053858938211092e-15,0.0,0.0,0.0,1.0806769427058111e-05,-0.0,-0.0,-0.0
0.001569999999999978,-4.1748964701694776e-48,-0.0,-0.0,1.2347013148992785e-17,0.0,0.0,-0.0,-1.3287624827244908e-60,-0.0,0.0,3.632361119469697e-15,0.0,0.0,0.0,1.0613822325826843e-05,-0.0,-0.0,-0.0
0.001572499999999978,-2.774386586015095e-48,-0.0,-0.0,1.2570322491623242e-17,0.0,0.0,-0.0,-6.506573301165831e-61,-0.0,0.0,3.763416335905687e-15,0.0,0.0,0.0,1.0423657484858302e-05,-0.0,-0.0,-0.0
0.001574999999999978,-1.8395551210661544e-48,-0.0,-0.0,1.2796314183486203e-17,0.0,0.0,-0.0,-3.168741915980787e-61,-0.0,0.0,3.898663704687163e-15,0.0,0.0,0.0,1.0236249142643809e-05,-0.0,-0.0,-0.0
0.0015774999999999778,-1.2169605491339705e-48,-0.0,-0.0,1.3024991438455355e-17,0.0,0.0,-0.0,-1.5347129381083729e-61,-0.0,0.0,4.038217846401998e-15,0.0,0.0,0.0,1.005157147203055e-05,-0.0,-0.0,-0.0
0.0015799999999999777,-8.032510575735376e-49,-0.0,-0.0,1.3256356847530047e-17,0.0,0.0,-0.0,-7.391780538727839e-62,-0.0,0.0,4.182195876116113e-15,0.0,0.0,0.0,9.869598587341237e-06,-0.0,-0.0,-0.0
0.0015824999999999776,-5.289692423260045e-49,-0.0,-0.0,1.3490412371292026e-17,0.0,0.0,-0.0,-3.5402031480590462e-62,-0.0,0.0,4.330717438912612e-15,0.0,0.0,0.0,9.690304553961725e-06,-0.0,-0.0,-0.0
0.0015849999999999775,-3.475417503785794e-49,-0.0,-0.0,1.3727159332046008e-17,0.0,0.0,-0.0,-1.6859310139545282e-62,-0.0,0.0,4.483904746148668e-15,0.0,0.0,0.0,9.513663395709633e-06,-0.0,-0.0,-0.0
0.0015874999999999774,-2.2781068327504612e-49,-0.0,-0.0,1.3966598406961658e-17,0.0,0.0,-0.0,-7.982867026424339e-63,-0.0,0.0,4.6418826097428e-15,0.0,0.0,0.0,9.339649100422327e-06,-0.0,-0.0,-0.0
0.0015899999999999773,-1.4897889963075537e-49,-0.0,-0.0,1.420872962063569e-17,0.0,0.0,-0.0,-3.7580291523425804e-63,-0.0,0.0,4.804778479297339e-15,0.0,0.0,0.0,9.168235630008936e-06,-0.0,-0.0,-0.0
0.0015924999999999772,-9.71968053575283e-50,-0.0,-0.0,1.4453552340984412e-17,0.0,0.0,-0.0,-1.758805890945033e-63,-0.0,0.0,4.97272247717143e-15,0.0,0.0,0.0,8.999396925420298e-06,-0.0,-0.0,-0.0
0.001594999999999977,-6.326284191272196e-50,-0.0,-0.0,1.4701065268662854e-17,0.0,0.0,-0.0,-8.182881113951721e-64,-0.0,0.0,5.145847433699437e-15,0.0,0.0,0.0,8.833106915254441e-06,-0.0,-0.0,-0.0
0.001597499999999977,-4.1077854447865247e-50,-0.0,-0.0,1.495126643428386e-17,0.0,0.0,-0.0,-3.784415904211405e-64,-0.0,0.0,5.324288923336285e-15,0.0,0.0,0.0,8.669339521824571e-06,-0.0,-0.0,-0.0
0.0015999999999999769,-2.6608596447938305e-50,-0.0,-0.0,1.5204153191133214e-17,0.0,0.0,-0.0,-1.739679164493677e-64,-0.0,0.0,5.5081853000024e-15,0.0,0.0,0.0,8.508068668382513e-06,-0.0,-0.0,-0.0
0.0016024999999999768,-1.7194284181238168e-50,-0.0,-0.0,1.545972221013873e-17,0.0,0.0,-0.0,-7.948592234103041e-65,-0.0,0.0,5.697677732656505e-15,0.0,0.0,0.0,8.349268286338516e-06,-0.0,-0.0,-0.0
0.0016049999999999767,-1.1083753329387085e-50,-0.0,-0.0,1.57179694729899e-17,0.0,0.0,-0.0,-3.609397873559016e-65,-0.0,0.0,5.892910240576598e-15,0.0,0.0,0.0,8.192912320824332e-06,-0.0,-0.0,-0.0
0.0016074999999999766,-7.127264306351786e-51,-0.0,-0.0,1.5978890270434102e-17,0.0,0.0,-0.0,-1.628827798594964e-65,-0.0,0.0,6.094029728400874e-15,0.0,0.0,0.0,8.038974738161447e-06,-0.0,-0.0,-0.0
0.0016099999999999765,-4.571773673715967e-51,-0.0,-0.0,1.624247919346996e-17,0.0,0.0,-0.0,-7.304382480456915e-66,-0.0,0.0,6.301186021508279e-15,0.0,0.0,0.0,7.887429530729148e-06,-0.0,-0.0,-0.0
0.0016124999999999764,-2.925263230466049e-51,-0.0,-0.0,1.650873013193668e-17,0.0,0.0,-0.0,-3.2548535456687117e-66,-0.0,0.0,6.5145319013191074e-15,0.0,0.0,0.0,7.738250725258473e-06,-0.0,-0.0,-0.0
0.0016149999999999763,-1.867050311518798e-51,-0.0,-0.0,1.6777636267716986e-17,0.0,0.0,-0.0,-1.441087487306812e-66,-0.0,0.0,6.7342231401096645e-15,0.0,0.0,0.0,7.591412387585426e-06,-0.0,-0.0,-0.0
0.0016174999999999762,-1.1886399876187825e-51,-0.0,-0.0,1.7049190073712758e-17,0.0,0.0,-0.0,-6.339152032575213e-67,-0.0,0.0,6.9604185350969596e-15,0.0,0.0,0.0,7.446888627714118e-06,-0.0,-0.0,-0.0
0.001619999999999976,-7.548145204496677e-52,-0.0,-0.0,1.732338330585578e-17,0.0,0.0,-0.0,-2.7702854526777566e-67,-0.0,0.0,7.193279943925192e-15,0.0,0.0,0.0,7.30465360790912e-06,-0.0,-0.0,-0.0
0.001622499999999976,-4.780992220169801e-52,-0.0,-0.0,1.7600207006834867e-17,0.0,0.0,-0.0,-1.2026538467958416e-67,-0.0,0.0,7.43297231839438e-15,0.0,0.0,0.0,7.164681546974794e-06,-0.0,-0.0,-0.0
0.0016249999999999759,-3.0204797946751812e-52,-0.0,-0.0,1.787965149382241e-17,0.0,0.0,-0.0,-5.186201605289645e-68,-0.0,0.0,7.679663739367429e-15,0.0,0.0,0.0,7.026946725259431e-06,-0.0,-0.0,-0.0
0.0016274999999999758,-1.9032949876783e-52,-0.0,-0.0,1.8161706362862545e-17,0.0,0.0,-0.0,-2.221366647725119e-68,-0.0,0.0,7.93352544972566e-15,0.0,0.0,0.0,6.891423491655372e-06,-0.0,-0.0,-0.0
0.0016299999999999757,-1.1961913176841442e-52,-0.0,-0.0,1.8446360484401514e-17,0.0,0.0,-0.0,-9.449792754901522e-69,-0.0,0.0,8.194731889151938e-15,0.0,0.0,0.0,6.75808626732831e-06,-0.0,-0.0,-0.0
0.0016324999999999756,-7.498106414386729e-53,-0.0,-0.0,1.8733602000039806e-17,0.0,0.0,-0.0,-3.9923094349409136e-69,-0.0,0.0,8.463460727375753e-15,0.0,0.0,0.0,6.626909551873132e-06,-0.0,-0.0,-0.0
0.0016349999999999754,-4.687604268250076e-53,-0.0,-0.0,1.9023418320614825e-17,0.0,0.0,-0.0,-1.6749207666091524e-69,-0.0,0.0,8.739892896407876e-15,0.0,0.0,0.0,6.497867928583576e-06,-0.0,-0.0,-0.0
0.0016374999999999753,-2.9227426787196028e-53,-0.0,-0.0,1.9315796126888183e-17,0.0,0.0,-0.0,-6.97750858590919e-70,-0.0,0.0,9.024212625329118e-15,0.0,0.0,0.0,6.370936067661197e-06,-0.0,-0.0,-0.0
0.0016399999999999752,-1.8174495633399103e-53,-0.0,-0.0,1.9610721366484717e-17,0.0,0.0,-0.0,-2.8860908461347973e-70,-0.0,0.0,9.316607470921735e-15,0.0,0.0,0.0,6.246088733479201e-06,-0.0,-0.0,-0.0
0.0016424999999999751,-1.1270886623756432e-53,-0.0,-0.0,1.990817925254471e-17,0.0,0.0,-0.0,-1.1851959681650106e-70,-0.0,0.0,9.617268352141337e-15,0.0,0.0,0.0,6.12330078704214e-06,-0.0,-0.0,-0.0
0.001644999999999975,-6.970588385477694e-54,-0.0,-0.0,2.020815426425623e-17,0.0,0.0,-0.0,-4.831783892775909e-71,-0.0,0.0,9.926389580175932e-15,0.0,0.0,0.0,6.002547191803267e-06,-0.0,-0.0,-0.0
0.001647499999999975,-4.2992043487125055e-54,-0.0,-0.0,2.0510630146187293e-17,0.0,0.0,-0.0,-1.955366591885441e-71,-0.0,0.0,1.0244168891817049e-14,0.0,0.0,0.0,5.883803017569821e-06,-0.0,-0.0,-0.0
0.0016499999999999748,-2.6442688791537447e-54,-0.0,-0.0,2.081558990830667e-17,0.0,0.0,-0.0,-7.854489746762892e-72,-0.0,0.0,1.0570807479258255e-14,0.0,0.0,0.0,5.7670434448027006e-06,-0.0,-0.0,-0.0
0.0016524999999999747,-1.6218606206600154e-54,-0.0,-0.0,2.1123015828004465e-17,0.0,0.0,-0.0,-3.131426034254815e-72,-0.0,0.0,1.0906510022879296e-14,0.0,0.0,0.0,5.652243769469372e-06,-0.0,-0.0,-0.0
0.0016549999999999746,-9.919808330925835e-55,-0.0,-0.0,2.1432889444930924e-17,0.0,0.0,-0.0,-1.2389836539627465e-72,-0.0,0.0,1.1251484719330593e-14,0.0,0.0,0.0,5.539379405706348e-06,-0.0,-0.0,-0.0
0.0016574999999999745,-6.050151452406258e-55,-0.0,-0.0,2.1745191570712913e-17,0.0,0.0,-0.0,-4.864661387432283e-73,-0.0,0.0,1.1605943314917196e-14,0.0,0.0,0.0,5.4284258911203325e-06,-0.0,-0.0,-0.0
0.0016599999999999744,-3.679541737398535e-55,-0.0,-0.0,2.2059902282295493e-17,0.0,0.0,-0.0,-1.8952529859092642e-73,-0.0,0.0,1.1970101132568208e-14,0.0,0.0,0.0,5.319358889794689e-06,-0.0,-0.0,-0.0
0.0016624999999999743,-2.2313976929021585e-55,-0.0,-0.0,2.2377000929070544e-17,0.0,0.0,-0.0,-7.326098207502044e-74,-0.0,0.0,1.2344177101965286e-14,0.0,0.0,0.0,5.212154196309061e-06,-0.0,-0.0,-0.0
0.0016649999999999742,-1.3492957470839771e-55,-0.0,-0.0,2.2696466132276693e-17,0.0,0.0,-0.0,-2.8095205376993935e-74,-0.0,0.0,1.2728393789891721e-14,0.0,0.0,0.0,5.1067877389917106e-06,-0.0,-0.0,-0.0
0.0016674999999999741,-8.135333174697214e-56,-0.0,-0.0,2.3018275786312717e-17,0.0,0.0,-0.0,-1.0688286318566916e-74,-0.0,0.0,1.3122977426242713e-14,0.0,0.0,0.0,5.00323558389105e-06,-0.0,-0.0,-0.0
0.001669999999999974,-4.890717516133068e-56,-0.0,-0.0,2.334240706398991e-17,0.0,0.0,-0.0,-4.0333165313228644e-75,-0.0,0.0,1.3528157934169454e-14,0.0,0.0,0.0,4.901473937397378e-06,-0.0,-0.0,-0.0
0.001672499999999974,-2.9314993815830713e-56,-0.0,-0.0,2.366883641811465e-17,0.0,0.0,-0.0,-1.5095807618989927e-75,-0.0,0.0,1.394416895546941e-14,0.0,0.0,0.0,4.8014791503671215e-06,-0.0,-0.0,-0.0
0.0016749999999999738,-1.7519346534554024e-56,-0.0,-0.0,2.3997539583271165e-17,0.0,0.0,-0.0,-5.603394027307503e-76,-0.0,0.0,1.4371247879613994e-14,0.0,0.0,0.0,4.70322772033847e-06,-0.0,-0.0,-0.0
0.0016774999999999737,-1.0438730105310518e-56,-0.0,-0.0,2.4328491583579642e-17,0.0,0.0,-0.0,-2.06256270150359e-76,-0.0,0.0,1.4809635868261675e-14,0.0,0.0,0.0,4.6066962952108325e-06,-0.0,-0.0,-0.0
0.0016799999999999736,-6.201115646792149e-57,-0.0,-0.0,2.4661666729895978e-17,0.0,0.0,-0.0,-7.528080165049675e-77,-0.0,0.0,1.525957788248489e-14,0.0,0.0,0.0,4.5118616753830045e-06,-0.0,-0.0,-0.0
0.0016824999999999735,-3.6726119129106714e-57,-0.0,-0.0,2.4997038630621768e-17,0.0,0.0,-0.0,-2.7242172621950015e-77,-0.0,0.0,1.5721322706905385e-14,0.0,0.0,0.0,4.4187008176339945e-06,-0.0,-0.0,-0.0
0.0016849999999999734,-2.16847223711755e-57,-0.0,-0.0,2.53345801933513e-17,0.0,0.0,-0.0,-9.773238106767757e-78,-0.0,0.0,1.6195122975596393e-14,0.0,0.0,0.0,4.327190836605265e-06,-0.0,-0.0,-0.0
0.0016874999999999733,-1.2764294326783814e-57,-0.0,-0.0,2.567426362709392e-17,0.0,0.0,-0.0,-3.4756232927167137e-78,-0.0,0.0,1.6681235194981926e-14,0.0,0.0,0.0,4.237309008261783e-06,-0.0,-0.0,-0.0
0.0016899999999999732,-7.490215061861736e-58,-0.0,-0.0,2.6016060451810823e-17,0.0,0.0,-0.0,-1.2251297304902309e-78,-0.0,0.0,1.7179919768276966e-14,0.0,0.0,0.0,4.14903277173276e-06,-0.0,-0.0,-0.0
0.001692499999999973,-4.381639452289826e-58,-0.0,-0.0,2.6359941502357996e-17,0.0,0.0,-0.0,-4.279999564440775e-79,-0.0,0.0,1.7691441019134478e-14,0.0,0.0,0.0,4.062339732094072e-06,-0.0,-0.0,-0.0
0.001694999999999973,-2.5551365934254075e-58,-0.0,-0.0,2.6705876932074943e-17,0.0,0.0,-0.0,-1.4817473408416873e-79,-0.0,0.0,1.8216067210821548e-14,0.0,0.0,0.0,3.9772076624402164e-06,-0.0,-0.0,-0.0
0.001697499999999973,-1.4853093562373019e-58,-0.0,-0.0,2.705383622079562e-17,0.0,0.0,-0.0,-5.083107568779743e-80,-0.0,0.0,1.875407057122941e-14,0.0,0.0,0.0,3.893614505952888e-06,-0.0,-0.0,-0.0
0.0016999999999999728,-8.606669396487026e-59,-0.0,-0.0,2.7403788180601475e-17,0.0,0.0,-0.0,-1.7276846648739604e-80,-0.0,0.0,1.9305727311742404e-14,0.0,0.0,0.0,3.8115383779548556e-06,-0.0,-0.0,-0.0
0.0017024999999999727,-4.971171543862751e-59,-0.0,-0.0,2.775570096402306e-17,0.0,0.0,-0.0,-5.817473304282052e-81,-0.0,0.0,1.9871317649361745e-14,0.0,0.0,0.0,3.7309575681616645e-06,-0.0,-0.0,-0.0
0.0017049999999999726,-2.862053424575501e-59,-0.0,-0.0,2.8109542064866086e-17,0.0,0.0,-0.0,-1.9404084020509091e-81,-0.0,0.0,2.0451125824833767e-14,0.0,0.0,0.0,3.651850542069387e-06,-0.0,-0.0,-0.0
0.0017074999999999725,-1.642411316989018e-59,-0.0,-0.0,2.846527833519773e-17,0.0,0.0,-0.0,-6.410533451357909e-82,-0.0,0.0,2.104544012021495e-14,0.0,0.0,0.0,3.5741959430866597e-06,-0.0,-0.0,-0.0
0.0017099999999999724,-9.394227905811178e-60,-0.0,-0.0,2.8822875982260404e-17,0.0,0.0,-0.0,-2.0974435304754296e-82,-0.0,0.0,2.1654552880636878e-14,0.0,0.0,0.0,3.4979725940368503e-06,-0.0,-0.0,-0.0
0.0017124999999999723,-5.355560190459934e-60,-0.0,-0.0,2.918230058507817e-17,0.0,0.0,-0.0,-6.79569087668882e-83,-0.0,0.0,2.2278760528488617e-14,0.0,0.0,0.0,3.4231594985170886e-06,-0.0,-0.0,-0.0
0.0017149999999999722,-3.043007055132786e-60,-0.0,-0.0,2.9543517096223995e-17,0.0,0.0,-0.0,-2.1800962553282704e-83,-0.0,0.0,2.291836358216376e-14,0.0,0.0,0.0,3.3497358429260947e-06,-0.0,-0.0,-0.0
0.001717499999999972,-1.7232360096058151e-60,-0.0,-0.0,2.990648985463126e-17,0.0,0.0,-0.0,-6.924162373849002e-84,-0.0,0.0,2.3573666670683726e-14,0.0,0.0,0.0,3.277680997220342e-06,-0.0,-0.0,-0.0
0.001719999999999972,-9.7256744460375e-61,-0.0,-0.0,3.0271182587630207e-17,0.0,0.0,-0.0,-2.177000138360631e-84,-0.0,0.0,2.4244978548759003e-14,0.0,0.0,0.0,3.2069745166180997e-06,-0.0,-0.0,-0.0
0.0017224999999999719,-5.470376125169084e-61,-0.0,-0.0,3.063755842671418e-17,0.0,0.0,-0.0,-6.774835032157786e-85,-0.0,0.0,2.4932612113518978e-14,0.0,0.0,0.0,3.137596142476256e-06,-0.0,-0.0,-0.0
0.0017249999999999718,-3.066382867491345e-61,-0.0,-0.0,3.10055799154848e-17,0.0,0.0,-0.0,-2.0865882232980505e-85,-0.0,0.0,2.5636884412739338e-14,0.0,0.0,0.0,3.0695258038566024e-06,-0.0,-0.0,-0.0
0.0017274999999999717,-1.7129175187540677e-61,-0.0,-0.0,3.1375209012179855e-17,0.0,0.0,-0.0,-6.3594640845428096e-86,-0.0,0.0,2.6358116665410174e-14,0.0,0.0,0.0,3.0027436181720605e-06,-0.0,-0.0,-0.0
0.0017299999999999716,-9.535346038536254e-62,-0.0,-0.0,3.174640710703125e-17,0.0,0.0,-0.0,-1.917773307328674e-86,-0.0,0.0,2.709663426355066e-14,0.0,0.0,0.0,2.9372298923250485e-06,-0.0,-0.0,-0.0
0.0017324999999999715,-5.289509051861165e-62,-0.0,-0.0,3.211913502963514e-17,0.0,0.0,-0.0,-5.721547379368087e-87,-0.0,0.0,2.785276679456882e-14,0.0,0.0,0.0,2.8729651233393075e-06,-0.0,-0.0,-0.0
0.0017349999999999714,-2.923896802770491e-62,-0.0,-0.0,3.249335305637728e-17,0.0,0.0,-0.0,-1.6885539429627986e-87,-0.0,0.0,2.862684804265574e-14,0.0,0.0,0.0,2.8099299995018883e-06,-0.0,-0.0,-0.0
0.0017374999999999713,-1.6105168050465896e-62,-0.0,-0.0,3.286902092311016e-17,0.0,0.0,-0.0,-4.9288607657154733e-88,-0.0,0.0,2.941921600115798e-14,0.0,0.0,0.0,2.7481054009973725e-06,-0.0,-0.0,-0.0
0.0017399999999999712,-8.839215172720593e-63,-0.0,-0.0,3.324609783494679e-17,0.0,0.0,-0.0,-1.4228283220059087e-88,-0.0,0.0,3.023021288102978e-14,0.0,0.0,0.0,2.687472399990927e-06,-0.0,-0.0,-0.0
0.001742499999999971,-4.833881051801333e-63,-0.0,-0.0,3.362454247688545e-17,0.0,0.0,-0.0,-4.061403721688834e-89,-0.0,0.0,3.1060185121473624e-14,0.0,0.0,0.0,2.6280122620691716e-06,-0.0,-0.0,-0.0
0.001744999999999971,-2.633907428027727e-63,-0.0,-0.0,3.400431302667014e-17,0.0,0.0,-0.0,-1.1461991628133735e-89,-0.0,0.0,3.190948339008763e-14,0.0,0.0,0.0,2.569706446211743e-06,-0.0,-0.0,-0.0
0.0017474999999999709,-1.429933156557344e-63,-0.0,-0.0,3.438536715846268e-17,0.0,0.0,-0.0,-3.1977609825749535e-90,-0.0,0.0,3.277846259266967e-14,0.0,0.0,0.0,2.512536604904496e-06,-0.0,-0.0,-0.0
0.0017499999999999708,-7.73445889419593e-64,-0.0,-0.0,3.4767662066171946e-17,0.0,0.0,-0.0,-8.818095135084803e-91,-0.0,0.0,3.366748187947424e-14,0.0,0.0,0.0,2.4564845853472814e-06,-0.0,-0.0,-0.0
0.0017524999999999707,-4.1680343765572865e-64,-0.0,-0.0,3.5151154464139116e-17,0.0,0.0,-0.0,-2.403180833313024e-91,-0.0,0.0,3.4576904643927005e-14,0.0,0.0,0.0,2.4015324287065704e-06,-0.0,-0.0,-0.0
0.0017549999999999706,-2.2377310704939695e-64,-0.0,-0.0,3.553580060205081e-17,0.0,0.0,-0.0,-6.471726615271648e-92,-0.0,0.0,3.5507098533575586e-14,0.0,0.0,0.0,2.347662371350409e-06,-0.0,-0.0,-0.0
0.0017574999999999705,-1.196872031096458e-64,-0.0,-0.0,3.592155628098057e-17,0.0,0.0,-0.0,-1.72192477625789e-92,-0.0,0.0,3.645843544339447e-14,0.0,0.0,0.0,2.2948568438678065e-06,-0.0,-0.0,-0.0
0.0017599999999999704,-6.37732648119564e-65,-0.0,-0.0,3.630837685836933e-17,0.0,0.0,-0.0,-4.525909271702442e-93,-0.0,0.0,3.743129152221673e-14,0.0,0.0,0.0,2.2430984722252393e-06,-0.0,-0.0,-0.0
0.0017624999999999703,-3.385076316527637e-65,-0.0,-0.0,3.669621726725281e-17,0.0,0.0,-0.0,-1.174983060287477e-93,-0.0,0.0,3.842604717302523e-14,0.0,0.0,0.0,2.1923700768804614e-06,-0.0,-0.0,-0.0
0.0017649999999999702,-1.7898837599998486e-65,-0.0,-0.0,3.708503201995875e-17,0.0,0.0,-0.0,-3.012499340925076e-94,-0.0,0.0,3.9443087046824764e-14,0.0,0.0,0.0,2.142654673231363e-06,-0.0,-0.0,-0.0
0.00176749999999997,-9.427473116671574e-66,-0.0,-0.0,3.747477523069104e-17,0.0,0.0,-0.0,-7.62652075527605e-95,-0.0,0.0,4.048280004748164e-14,0.0,0.0,0.0,2.0939354713529447e-06,-0.0,-0.0,-0.0
0.00176999999999997,-4.94615068745043e-66,-0.0,-0.0,3.7865400620176154e-17,0.0,0.0,-0.0,-1.9061789581735992e-95,-0.0,0.0,4.154557932681828e-14,0.0,0.0,0.0,2.0461958758966165e-06,-0.0,-0.0,-0.0
0.0017724999999999698,-2.58480802841673e-66,-0.0,-0.0,3.825686153357226e-17,0.0,0.0,-0.0,-4.702959032109702e-96,-0.0,0.0,4.263182227750049e-14,0.0,0.0,0.0,1.99941948556145e-06,-0.0,-0.0,-0.0
0.0017749999999999697,-1.3454432640308803e-66,-0.0,-0.0,3.86491109496586e-17,0.0,0.0,-0.0,-1.145198093626564e-96,-0.0,0.0,4.374193053132076e-14,0.0,0.0,0.0,1.953590093209672e-06,-0.0,-0.0,-0.0
0.0017774999999999696,-6.975345924893075e-67,-0.0,-0.0,3.9042101493015325e-17,0.0,0.0,-0.0,-2.7518356835113507e-97,-0.0,0.0,4.4876309952542086e-14,0.0,0.0,0.0,1.9086916850727778e-06,-0.0,-0.0,-0.0
0.0017799999999999695,-3.6017734144042874e-67,-0.0,-0.0,3.943578545564415e-17,0.0,0.0,-0.0,-6.524186447052177e-98,-0.0,0.0,4.6035370631912736e-14,0.0,0.0,0.0,1.8647084409666419e-06,-0.0,-0.0,-0.0
0.0017824999999999694,-1.8522695964403397e-67,-0.0,-0.0,3.9830114797147835e-17,0.0,0.0,-0.0,-1.52588104490744e-98,-0.0,0.0,4.721952687418413e-14,0.0,0.0,0.0,1.8216247330266096e-06,-0.0,-0.0,-0.0
0.0017849999999999693,-9.486717344333493e-68,-0.0,-0.0,4.0225041168901495e-17,0.0,0.0,-0.0,-3.519920272625487e-99,-0.0,0.0,4.842919719825772e-14,0.0,0.0,0.0,1.7794251257771428e-06,-0.0,-0.0,-0.0
0.0017874999999999692,-4.8388074519427594e-68,-0.0,-0.0,4.0620515925320136e-17,0.0,0.0,-0.0,-8.007355263202338e-100,-0.0,0.0,4.966480432003767e-14,0.0,0.0,0.0,1.738094375589763e-06,-0.0,-0.0,-0.0
0.0017899999999999691,-2.4578642012545832e-68,-0.0,-0.0,4.1016490131829784e-17,0.0,0.0,-0.0,-1.7960344382584303e-100,-0.0,0.0,5.0926775140141156e-14,0.0,0.0,0.0,1.6976174296490528e-06,-0.0,-0.0,-0.0
0.001792499999999969,-1.2432573018557041e-68,-0.0,-0.0,4.141291458407534e-17,0.0,0.0,-0.0,-3.971307773747131e-101,-0.0,0.0,5.2215540736578453e-14,0.0,0.0,0.0,1.657979425657026e-06,-0.0,-0.0,-0.0
0.001794999999999969,-6.262302634879931e-69,-0.0,-0.0,4.1809739820097016e-17,0.0,0.0,-0.0,-8.655031007874969e-102,-0.0,0.0,5.353153634972936e-14,0.0,0.0,0.0,1.6191656909919947e-06,-0.0,-0.0,-0.0
0.0017974999999999688,-3.140965523322499e-69,-0.0,-0.0,4.2206916134989374e-17,0.0,0.0,-0.0,-1.8588382434735773e-102,-0.0,0.0,5.487520137136942e-14,0.0,0.0,0.0,1.5811617420943613e-06,-0.0,-0.0,-0.0
0.0017999999999999687,-1.5686802725511576e-69,-0.0,-0.0,4.2604393593989896e-17,0.0,0.0,-0.0,-3.933443796878088e-103,-0.0,0.0,5.624697931867085e-14,0.0,0.0,0.0,1.543953283360689e-06,-0.0,-0.0,-0.0
0.0018024999999999686,-7.80070379804427e-70,-0.0,-0.0,4.300212204388923e-17,0.0,0.0,-0.0,-8.19939757476047e-104,-0.0,0.0,5.76473178339843e-14,0.0,0.0,0.0,1.507526206851965e-06,-0.0,-0.0,-0.0
0.0018049999999999685,-3.8623092196160194e-70,-0.0,-0.0,4.3400051132930734e-17,0.0,0.0,-0.0,-1.6833972254467615e-104,-0.0,0.0,5.907666865216637e-14,0.0,0.0,0.0,1.4718665908313683e-06,-0.0,-0.0,-0.0
0.0018074999999999684,-1.9039690380836033e-70,-0.0,-0.0,4.379813031897006e-17,0.0,0.0,-0.0,-3.4033270479324994e-105,-0.0,0.0,6.053548758959782e-14,0.0,0.0,0.0,1.436960699232701e-06,-0.0,-0.0,-0.0
0.0018099999999999683,-9.344538743532747e-71,-0.0,-0.0,4.419630888870348e-17,0.0,0.0,-0.0,-6.774053730465641e-106,-0.0,0.0,6.202423452596251e-14,0.0,0.0,0.0,1.4027949807606315e-06,-0.0,-0.0,-0.0
0.0018124999999999682,-4.56590038233329e-71,-0.0,-0.0,4.45945359666321e-17,0.0,0.0,-0.0,-1.327197644396228e-106,-0.0,0.0,6.354337338135045e-14,0.0,0.0,0.0,1.3693560675105474e-06,-0.0,-0.0,-0.0
0.0018149999999999681,-2.2210118146530693e-71,-0.0,-0.0,4.4992760531785694e-17,0.0,0.0,-0.0,-2.5590417926326147e-107,-0.0,0.0,6.509337209322453e-14,0.0,0.0,0.0,1.3366307743819291e-06,-0.0,-0.0,-0.0
0.001817499999999968,-1.0755146871184166e-71,-0.0,-0.0,4.539093143460578e-17,0.0,0.0,-0.0,-4.854957103388831e-108,-0.0,0.0,6.667470259474159e-14,0.0,0.0,0.0,1.3046060977744375e-06,-0.0,-0.0,-0.0
0.001819999999999968,-5.184512119375828e-72,-0.0,-0.0,4.578899740674256e-17,0.0,0.0,-0.0,-9.060865744969102e-109,-0.0,0.0,6.828784078947349e-14,0.0,0.0,0.0,1.2732692146925412e-06,-0.0,-0.0,-0.0
0.0018224999999999678,-2.487771059595303e-72,-0.0,-0.0,4.618690707518759e-17,0.0,0.0,-0.0,-1.6631786179764074e-109,-0.0,0.0,6.993326653175411e-14,0.0,0.0,0.0,1.2426074813961877e-06,-0.0,-0.0,-0.0
0.0018249999999999677,-1.1882522831460027e-72,-0.0,-0.0,4.6584608983794934e-17,0.0,0.0,-0.0,-3.0019272462255283e-110,-0.0,0.0,7.161146358973097e-14,0.0,0.0,0.0,1.2126084324895136e-06,-0.0,-0.0,-0.0
0.0018274999999999676,-5.649203950682522e-73,-0.0,-0.0,4.698205159564093e-17,0.0,0.0,-0.0,-5.326711847752113e-111,-0.0,0.0,7.332291963473593e-14,0.0,0.0,0.0,1.1832597795470504e-06,-0.0,-0.0,-0.0
0.0018299999999999675,-2.673195267236918e-73,-0.0,-0.0,4.7379183317271365e-17,0.0,0.0,-0.0,-9.290096289669028e-112,-0.0,0.0,7.50681261919111e-14,0.0,0.0,0.0,1.1545494101546263e-06,-0.0,-0.0,-0.0
0.0018324999999999674,-1.2589929157152756e-73,-0.0,-0.0,4.777595250926061e-17,0.0,0.0,-0.0,-1.592156906746749e-112,-0.0,0.0,7.684757863376728e-14,0.0,0.0,0.0,1.126465386372821e-06,-0.0,-0.0,-0.0
0.0018349999999999673,-5.901321298362868e-74,-0.0,-0.0,4.8172307500383564e-17,0.0,0.0,-0.0,-2.680755848763719e-113,-0.0,0.0,7.866177612934451e-14,0.0,0.0,0.0,1.0989959437882933e-06,-0.0,-0.0,-0.0
0.0018374999999999672,-2.7529140953410797e-74,-0.0,-0.0,4.856819659790328e-17,0.0,0.0,-0.0,-4.433369468743465e-114,-0.0,0.0,8.051122162432178e-14,0.0,0.0,0.0,1.0721294899420506e-06,-0.0,-0.0,-0.0
0.001839999999999967,-1.2780192361275644e-74,-0.0,-0.0,4.896356811024155e-17,0.0,0.0,-0.0,-7.199689326062147e-115,-0.0,0.0,8.239642180873445e-14,0.0,0.0,0.0,1.0458546034016986e-06,-0.0,-0.0,-0.0
0.001842499999999967,-5.904283657087096e-75,-0.0,-0.0,4.9358370357326485e-17,0.0,0.0,-0.0,-1.1478707835987378e-115,-0.0,0.0,8.431788707195592e-14,0.0,0.0,0.0,1.0201600320056517e-06,-0.0,-0.0,-0.0
0.001844999999999967,-2.7143493320232096e-75,-0.0,-0.0,4.9752551675784097e-17,0.0,0.0,-0.0,-1.796247710782652e-116,-0.0,0.0,8.627613148399412e-14,0.0,0.0,0.0,9.95034691822368e-07,-0.0,-0.0,-0.0
0.0018474999999999668,-1.2416992763975823e-75,-0.0,-0.0,5.0146060448467806e-17,0.0,0.0,-0.0,-2.758203355781046e-117,-0.0,0.0,8.827167275183916e-14,0.0,0.0,0.0,9.704676657371075e-07,-0.0,-0.0,-0.0
0.0018499999999999667,-5.652005626379085e-76,-0.0,-0.0,5.053884510866953e-17,0.0,0.0,-0.0,-4.154935308005005e-118,-0.0,0.0,9.03050321735799e-14,0.0,0.0,0.0,9.464482019883313e-07,-0.0,-0.0,-0.0
0.0018524999999999666,-2.559807840757476e-76,-0.0,-0.0,5.0930854152876524e-17,0.0,0.0,-0.0,-6.138602256407462e-119,-0.0,0.0,9.237673461580263e-14,0.0,0.0,0.0,9.229657127895636e-07,-0.0,-0.0,-0.0
0.0018549999999999665,-1.1534898124249169e-76,-0.0,-0.0,5.132203616152669e-17,0.0,0.0,-0.0,-8.892614481209393e-120,-0.0,0.0,9.448730846406998e-14,0.0,0.0,0.0,9.000097729311199e-07,-0.0,-0.0,-0.0
0.0018574999999999664,-5.171358180488378e-77,-0.0,-0.0,5.171233980569798e-17,0.0,0.0,-0.0,-1.2627861770280304e-120,-0.0,0.0,9.663728559380412e-14,0.0,0.0,0.0,8.775701184328807e-07,-0.0,-0.0,-0.0
0.0018599999999999663,-2.306548612013619e-77,-0.0,-0.0,5.210171386472603e-17,0.0,0.0,-0.0,-1.7573339892998607e-121,-0.0,0.0,9.882720131426027e-14,0.0,0.0,0.0,8.556366448618162e-07,-0.0,-0.0,-0.0
0.0018624999999999662,-1.023458554357833e-77,-0.0,-0.0,5.249010724184636e-17,0.0,0.0,-0.0,-2.3959886490773822e-122,-0.0,0.0,1.0105759433337729e-13,0.0,0.0,0.0,8.341994061017314e-07,-0.0,-0.0,-0.0
0.001864999999999966,-4.517622302511752e-78,-0.0,-0.0,5.287746896727827e-17,0.0,0.0,-0.0,-3.199639255031098e-123,-0.0,0.0,1.0332900671645631e-13,0.0,0.0,0.0,8.1324861280042e-07,-0.0,-0.0,-0.0
0.001867499999999966,-1.9836442031235304e-78,-0.0,-0.0,5.3263748227105335e-17,0.0,0.0,-0.0,-4.183896551031738e-124,-0.0,0.0,1.0564198384407127e-13,0.0,0.0,0.0,7.927746307991805e-07,-0.0,-0.0,-0.0
0.0018699999999999659,-8.66390855280024e-79,-0.0,-0.0,5.3648894360889154e-17,0.0,0.0,-0.0,-5.355503690599251e-125,-0.0,0.0,1.0799707435429615e-13,0.0,0.0,0.0,7.727679797169863e-07,-0.0,-0.0,-0.0
0.0018724999999999658,-3.763934176972557e-79,-0.0,-0.0,5.4032856887360776e-17,0.0,0.0,-0.0,-6.708615262655498e-126,-0.0,0.0,1.1039483011057034e-13,0.0,0.0,0.0,7.532193314817985e-07,-0.0,-0.0,-0.0
0.0018749999999999657,-1.6264096492138293e-79,-0.0,-0.0,5.441558551009156e-17,0.0,0.0,-0.0,-8.22148391386958e-127,-0.0,0.0,1.1283580615044712e-13,0.0,0.0,0.0,7.341195086405506e-07,-0.0,-0.0,-0.0
0.0018774999999999656,-6.989709686392099e-80,-0.0,-0.0,5.479703013248168e-17,0.0,0.0,-0.0,-9.85420768283334e-128,-0.0,0.0,1.1532056062364307e-13,0.0,0.0,0.0,7.154594830561043e-07,-0.0,-0.0,-0.0
0.0018799999999999655,-2.9875208439204188e-80,-0.0,-0.0,5.5177140871631114e-17,0.0,0.0,-0.0,-1.1548207521315332e-128,-0.0,0.0,1.1784965476223365e-13,0.0,0.0,0.0,6.972303741455359e-07,-0.0,-0.0,-0.0
0.0018824999999999654,-1.2698912214832594e-80,-0.0,-0.0,5.555586806662898e-17,0.0,0.0,-0.0,-1.3227986700890561e-129,-0.0,0.0,1.2042365282158248e-13,0.0,0.0,0.0,6.794234474691662e-07,-0.0,-0.0,-0.0
0.0018849999999999653,-5.367930087376152e-81,-0.0,-0.0,5.593316229982301e-17,0.0,0.0,-0.0,-1.4805457963133865e-130,-0.0,0.0,1.230431220263602e-13,0.0,0.0,0.0,6.62030113201077e-07,-0.0,-0.0,-0.0
0.0018874999999999652,-2.256382564575679e-81,-0.0,-0.0,5.630897439712836e-17,0.0,0.0,-0.0,-1.61867305039843e-131,-0.0,0.0,1.257086325202439e-13,0.0,0.0,0.0,6.45041924448665e-07,-0.0,-0.0,-0.0
0.001889999999999965,-9.431153055040397e-82,-0.0,-0.0,5.66832554546363e-17,0.0,0.0,-0.0,-1.728078576363017e-132,-0.0,0.0,1.2842075731239364e-13,0.0,0.0,0.0,6.284505757734051e-07,-0.0,-0.0,-0.0
0.001892499999999965,-3.919615427843446e-82,-0.0,-0.0,5.705595683517593e-17,0.0,0.0,-0.0,-1.8009029384381488e-133,-0.0,0.0,1.3118007222035555e-13,0.0,0.0,0.0,6.122479016097373e-07,-0.0,-0.0,-0.0
0.0018949999999999649,-1.619679103780211e-82,-0.0,-0.0,5.742703019477857e-17,0.0,0.0,-0.0,-1.8314391960366806e-134,-0.0,0.0,1.3398715582492581e-13,0.0,0.0,0.0,5.96425874753724e-07,-0.0,-0.0,-0.0
0.0018974999999999648,-6.654285252490041e-83,-0.0,-0.0,5.779642748212648e-17,0.0,0.0,-0.0,-1.816855677066686e-135,-0.0,0.0,1.3684258939832705e-13,0.0,0.0,0.0,5.809766046195869e-07,-0.0,-0.0,-0.0
0.0018999999999999647,-2.71794478948147e-83,-0.0,-0.0,5.816410095577922e-17,0.0,0.0,-0.0,-1.7576072053974174e-136,-0.0,0.0,1.3974695686258116e-13,0.0,0.0,0.0,5.658923358582624e-07,-0.0,-0.0,-0.0
0.0019024999999999645,-1.1036371296528985e-83,-0.0,-0.0,5.853000320609022e-17,0.0,0.0,-0.0,-1.6574550656553838e-137,-0.0,0.0,1.427008447094886e-13,0.0,0.0,0.0,5.511654466596471e-07,-0.0,-0.0,-0.0
0.0019049999999999644,-4.454899493508196e-84,-0.0,-0.0,5.88940871423816e-17,0.0,0.0,-0.0,-1.523079608015161e-138,-0.0,0.0,1.4570484196876055e-13,0.0,0.0,0.0,5.367884472110002e-07,-0.0,-0.0,-0.0
0.0019074999999999643,-1.7875357400485e-84,-0.0,-0.0,5.925630602362289e-17,0.0,0.0,-0.0,-1.3633392057891438e-139,-0.0,0.0,1.487595401287376e-13,0.0,0.0,0.0,5.227539781289202e-07,-0.0,-0.0,-0.0
0.0019099999999999642,-7.129447158252774e-85,-0.0,-0.0,5.961661346606286e-17,0.0,0.0,-0.0,-1.1882900688175589e-140,-0.0,0.0,1.5186553308076232e-13,0.0,0.0,0.0,5.090548088900328e-07,-0.0,-0.0,-0.0
0.0019124999999999641,-2.826312315933569e-85,-0.0,-0.0,5.997496344937282e-17,0.0,0.0,-0.0,-1.0081196519894079e-141,-0.0,0.0,1.5502341706028883e-13,0.0,0.0,0.0,4.956838361425972e-07,-0.0,-0.0,-0.0
0.001914999999999964,-1.1135925006001231e-85,-0.0,-0.0,6.0331310330819e-17,0.0,0.0,-0.0,-8.321538999609475e-143,-0.0,0.0,1.582337905749873e-13,0.0,0.0,0.0,4.826340823736991e-07,-0.0,-0.0,-0.0
0.001917499999999964,-4.360665372088313e-86,-0.0,-0.0,6.068560885095459e-17,0.0,0.0,-0.0,-6.680747404827762e-144,-0.0,0.0,1.6149725434678555e-13,0.0,0.0,0.0,4.6989869403535814e-07,-0.0,-0.0,-0.0
0.0019199999999999638,-1.69698420207155e-86,-0.0,-0.0,6.103781415105839e-17,0.0,0.0,-0.0,-5.2143605745137556e-145,-0.0,0.0,1.6481441125707334e-13,0.0,0.0,0.0,4.5747094021167835e-07,-0.0,-0.0,-0.0
0.0019224999999999637,-6.5626532433126885e-87,-0.0,-0.0,6.138788178091882e-17,0.0,0.0,-0.0,-3.9550620989495614e-146,-0.0,0.0,1.6818586626898012e-13,0.0,0.0,0.0,4.453442109422975e-07,-0.0,-0.0,-0.0
0.0019249999999999636,-2.5219447470669645e-87,-0.0,-0.0,6.173576770145396e-17,0.0,0.0,-0.0,-2.914071504518824e-147,-0.0,0.0,1.7161222635402477e-13,0.0,0.0,0.0,4.335120156609448e-07,-0.0,-0.0,-0.0
0.0019274999999999635,-9.629943586239042e-88,-0.0,-0.0,6.208142830656133e-17,0.0,0.0,-0.0,-2.0847638721029598e-148,-0.0,0.0,1.7509410044479462e-13,0.0,0.0,0.0,4.219679816716686e-07,-0.0,-0.0,-0.0
0.0019299999999999634,-3.653603201295055e-88,-0.0,-0.0,6.242482042665433e-17,0.0,0.0,-0.0,-1.4475549911718845e-149,-0.0,0.0,1.7863209935397262e-13,0.0,0.0,0.0,4.10705852566853e-07,-0.0,-0.0,-0.0
0.0019324999999999633,-1.377227382093636e-88,-0.0,-0.0,6.276590133055401e-17,0.0,0.0,-0.0,-9.750864600909042e-151,-0.0,0.0,1.8222683570891698e-13,0.0,0.0,0.0,3.9971948669433146e-07,-0.0,-0.0,-0.0
0.0019349999999999632,-5.1576693906368906e-89,-0.0,-0.0,6.31046287519286e-17,0.0,0.0,-0.0,-6.369214170411543e-152,-0.0,0.0,1.8587892388221186e-13,0.0,0.0,0.0,3.890028556041785e-07,-0.0,-0.0,-0.0
0.0019374999999999631,-1.9188527738979858e-89,-0.0,-0.0,6.34409608809351e-17,0.0,0.0,-0.0,-4.0324081205567446e-153,-0.0,0.0,1.8958897992892776e-13,0.0,0.0,0.0,3.785500424953114e-07,-0.0,-0.0,-0.0
0.001939999999999963,-7.091638712563101e-90,-0.0,-0.0,6.377485638413713e-17,0.0,0.0,-0.0,-2.4732987256782618e-154,-0.0,0.0,1.9335762149345725e-13,0.0,0.0,0.0,3.683552407150402e-07,-0.0,-0.0,-0.0
0.001942499999999963,-2.603422188933168e-90,-0.0,-0.0,6.41062744093538e-17,0.0,0.0,-0.0,-1.4689802234553947e-155,-0.0,0.0,1.9718546775969638e-13,0.0,0.0,0.0,3.5841275220340995e-07,-0.0,-0.0,-0.0
0.0019449999999999628,-9.493179153533319e-91,-0.0,-0.0,6.443517459018401e-17,0.0,0.0,-0.0,-8.444473825439842e-157,-0.0,0.0,2.0107313937934137e-13,0.0,0.0,0.0,3.4871698601214093e-07,-0.0,-0.0,-0.0
0.0019474999999999627,-3.4381404303652883e-91,-0.0,-0.0,6.476151706303156e-17,0.0,0.0,-0.0,-4.6960485758730676e-158,-0.0,0.0,2.0502125837923559e-13,0.0,0.0,0.0,3.392624567577813e-07,-0.0,-0.0,-0.0
0.0019499999999999626,-1.236676047493676e-91,-0.0,-0.0,6.508526246744402e-17,0.0,0.0,-0.0,-2.525096493699769e-159,-0.0,0.0,2.0903044810289247e-13,0.0,0.0,0.0,3.300437831280585e-07,-0.0,-0.0,-0.0
0.0019524999999999625,-4.4175755961170137e-92,-0.0,-0.0,6.540637195508407e-17,0.0,0.0,-0.0,-1.3121599132095599e-160,-0.0,0.0,2.131013331321249e-13,0.0,0.0,0.0,3.210556864145587e-07,-0.0,-0.0,-0.0
0.0019549999999999624,-1.5670497590654482e-92,-0.0,-0.0,6.572480720112015e-17,0.0,0.0,-0.0,-6.586166934365784e-162,-0.0,0.0,2.1723453921614377e-13,0.0,0.0,0.0,3.1229298898136627e-07,-0.0,-0.0,-0.0
0.0019574999999999623,-5.519848307186392e-93,-0.0,-0.0,6.604053040899898e-17,0.0,0.0,-0.0,-3.191430546482259e-163,-0.0,0.0,2.2143069318735413e-13,0.0,0.0,0.0,3.037506128529994e-07,-0.0,-0.0,-0.0
0.001959999999999962,-1.9305969166499043e-93,-0.0,-0.0,6.635350431623424e-17,0.0,0.0,-0.0,-1.4921411003920056e-164,-0.0,0.0,2.2569042288892866e-13,0.0,0.0,0.0,2.954235781483404e-07,-0.0,-0.0,-0.0
0.001962499999999962,-6.704254274835701e-94,-0.0,-0.0,6.666369219995435e-17,0.0,0.0,-0.0,-6.727704100387461e-166,-0.0,0.0,2.300143570931447e-13,0.0,0.0,0.0,2.873070017577422e-07,-0.0,-0.0,-0.0
0.001964999999999962,-2.3114142515009132e-94,-0.0,-0.0,6.697105789147916e-17,0.0,0.0,-0.0,-2.923562937276259e-167,-0.0,0.0,2.3440312543713726e-13,0.0,0.0,0.0,2.793960957746847e-07,-0.0,-0.0,-0.0
0.001967499999999962,-7.911290085723764e-95,-0.0,-0.0,6.727556577358849e-17,0.0,0.0,-0.0,-1.2237648921559314e-168,-0.0,0.0,2.388573583454734e-13,0.0,0.0,0.0,2.7168616611927445e-07,-0.0,-0.0,-0.0
0.001969999999999962,-2.688020359556202e-95,-0.0,-0.0,6.757718079605412e-17,0.0,0.0,-0.0,-4.931398714143174e-170,-0.0,0.0,2.43377686894443e-13,0.0,0.0,0.0,2.6417261109952744e-07,-0.0,-0.0,-0.0
0.0019724999999999617,-9.06581308574184e-96,-0.0,-0.0,6.787586846971119e-17,0.0,0.0,-0.0,-1.9119236172044699e-171,-0.0,0.0,2.4796474284579834e-13,0.0,0.0,0.0,2.568509200005839e-07,-0.0,-0.0,-0.0
0.0019749999999999616,-3.034889609149295e-96,-0.0,-0.0,6.817159488023568e-17,0.0,0.0,-0.0,-7.127478933442888e-173,-0.0,0.0,2.5261915845826094e-13,0.0,0.0,0.0,2.4971667165414166e-07,-0.0,-0.0,-0.0
0.0019774999999999615,-1.0083554768271088e-96,-0.0,-0.0,6.846432669920933e-17,0.0,0.0,-0.0,-2.5532767470375885e-174,-0.0,0.0,2.573415664639869e-13,0.0,0.0,0.0,2.4276553310552034e-07,-0.0,-0.0,-0.0
0.0019799999999999614,-3.3249985840454684e-97,-0.0,-0.0,6.875403117333762e-17,0.0,0.0,-0.0,-8.783805042724335e-176,-0.0,0.0,2.621325999578805e-13,0.0,0.0,0.0,2.359932581457639e-07,-0.0,-0.0,-0.0
0.0019824999999999613,-1.0880489706007749e-97,-0.0,-0.0,6.904067614445782e-17,0.0,0.0,-0.0,-2.9000886082867394e-177,-0.0,0.0,2.669928923410835e-13,0.0,0.0,0.0,2.2939568601089565e-07,-0.0,-0.0,-0.0
0.001984999999999961,-3.5331041800310885e-98,-0.0,-0.0,6.932423004777656e-17,0.0,0.0,-0.0,-9.183306029085267e-179,-0.0,0.0,2.7192307724534116e-13,0.0,0.0,0.0,2.2296874000172816e-07,-0.0,-0.0,-0.0
0.001987499999999961,-1.1383794014931089e-98,-0.0,-0.0,6.960466191796883e-17,0.0,0.0,-0.0,-2.7871211960539054e-180,-0.0,0.0,2.7692378840831405e-13,0.0,0.0,0.0,2.1670842611023808e-07,-0.0,-0.0,-0.0
0.001989999999999961,-3.639246444839869e-99,-0.0,-0.0,6.988194139510167e-17,0.0,0.0,-0.0,-8.1018778047463e-182,-0.0,0.0,2.819956596328542e-13,0.0,0.0,0.0,2.1061083172965766e-07,-0.0,-0.0,-0.0
0.001992499999999961,-1.1542522489947042e-99,-0.0,-0.0,7.015603872760986e-17,0.0,0.0,-0.0,-2.254170116385731e-183,-0.0,0.0,2.8713932467688983e-13,0.0,0.0,0.0,2.0467212430016166e-07,-0.0,-0.0,-0.0
0.0019949999999999608,-3.631829830555921e-100,-0.0,-0.0,7.042692477082439e-17,0.0,0.0,-0.0,-5.998614242144009e-185,-0.0,0.0,2.923554171918694e-13,0.0,0.0,0.0,1.9888854999981626e-07,-0.0,-0.0,-0.0
0.0019974999999999607,-1.1335903057104952e-100,-0.0,-0.0,7.06945710047732e-17,0.0,0.0,-0.0,-1.5256830446868204e-186,-0.0,0.0,2.9764457062799756e-13,0.0,0.0,0.0,1.9325643247113142e-07,-0.0,-0.0,-0.0
0.0019999999999999606,-3.5096409514133156e-101,-0.0,-0.0,7.095894952397579e-17,0.0,0.0,-0.0,-3.70600838568281e-188,-0.0,0.0,3.0300741813788323e-13,0.0,0.0,0.0,1.8777217150764692e-07,-0.0,-0.0,-0.0
0.0020024999999999605,-1.0777423332728066e-101,-0.0,-0.0,7.122003305068634e-17,0.0,0.0,-0.0,-8.591128760553989e-190,-0.0,0.0,3.084445925151091e-13,0.0,0.0,0.0,1.8243224180162682e-07,-0.0,-0.0,-0.0
0.0020049999999999604,-3.2823306058356775e-102,-0.0,-0.0,7.147779492692575e-17,0.0,0.0,-0.0,-1.899162913673358e-191,-0.0,0.0,3.1395672609164176e-13,0.0,0.0,0.0,1.772331916661442e-07,-0.0,-0.0,-0.0
0.0020074999999999603,-9.913658415373427e-103,-0.0,-0.0,7.173220913301909e-17,0.0,0.0,-0.0,-4.000386683610745e-193,-0.0,0.0,3.1954445065191037e-13,0.0,0.0,0.0,1.7217164181106595e-07,-0.0,-0.0,-0.0
0.00200999999999996,-2.969194358548193e-103,-0.0,-0.0,7.198325027636006e-17,0.0,0.0,-0.0,-8.022728609689622e-195,-0.0,0.0,3.2520839736586436e-13,0.0,0.0,0.0,1.672442840952008e-07,-0.0,-0.0,-0.0
0.00201249999999996,-8.817892970506167e-104,-0.0,-0.0,7.223089360108647e-17,0.0,0.0,-0.0,-1.530622423996594e-196,-0.0,0.0,3.309491966910738e-13,0.0,0.0,0.0,1.6244788031026898e-07,-0.0,-0.0,-0.0
0.00201499999999996,-2.5964543001007806e-104,-0.0,-0.0,7.247511499054831e-17,0.0,0.0,-0.0,-2.7757351254492942e-198,-0.0,0.0,3.367674782798787e-13,0.0,0.0,0.0,1.577792609650182e-07,-0.0,-0.0,-0.0
0.00201749999999996,-7.579734872482922e-105,-0.0,-0.0,7.271589096379827e-17,0.0,0.0,-0.0,-4.780601878449778e-200,-0.0,0.0,3.426638708856311e-13,0.0,0.0,0.0,1.532353241301489e-07,-0.0,-0.0,-0.0
0.0020199999999999598,-2.193573995898276e-105,-0.0,-0.0,7.295319868764582e-17,0.0,0.0,-0.0,-7.812763391829078e-202,-0.0,0.0,3.4863900231620906e-13,0.0,0.0,0.0,1.4881303419235161e-07,-0.0,-0.0,-0.0
0.0020224999999999597,-6.292781217477741e-106,-0.0,-0.0,7.318701597278524e-17,0.0,0.0,-0.0,-1.2104848131473282e-203,-0.0,0.0,3.546934993144887e-13,0.0,0.0,0.0,1.4450942074817944e-07,-0.0,-0.0,-0.0
0.0020249999999999596,-1.789335699038919e-106,-0.0,-0.0,7.341732126668598e-17,0.0,0.0,-0.0,-1.7764523020216344e-205,-0.0,0.0,3.608279874564417e-13,0.0,0.0,0.0,1.4032157743159858e-07,-0.0,-0.0,-0.0
0.0020274999999999595,-5.042736781214984e-107,-0.0,-0.0,7.364409367528018e-17,0.0,0.0,-0.0,-2.4670954516006257e-207,-0.0,0.0,3.6704309110568386e-13,0.0,0.0,0.0,1.3624666076372016e-07,-0.0,-0.0,-0.0
0.0020299999999999594,-1.4084198101330858e-107,-0.0,-0.0,7.386731294243218e-17,0.0,0.0,-0.0,-3.2392667344628836e-209,-0.0,0.0,3.7333943329844213e-13,0.0,0.0,0.0,1.322818890312535e-07,-0.0,-0.0,-0.0
0.0020324999999999593,-3.8981183076718036e-108,-0.0,-0.0,7.408695946986381e-17,0.0,0.0,-0.0,-4.017142804405352e-211,-0.0,0.0,3.797176356704886e-13,0.0,0.0,0.0,1.2842454119851315e-07,-0.0,-0.0,-0.0
0.002034999999999959,-1.0690556672016979e-108,-0.0,-0.0,7.430301430193328e-17,0.0,0.0,-0.0,-4.700782266112967e-213,-0.0,0.0,3.861783183549626e-13,0.0,0.0,0.0,1.2467195577182372e-07,-0.0,-0.0,-0.0
0.002037499999999959,-2.9049122406750763e-109,-0.0,-0.0,7.451545913795777e-17,0.0,0.0,-0.0,-5.185237363338313e-215,-0.0,0.0,3.9272209990959363e-13,0.0,0.0,0.0,1.210215297418097e-07,-0.0,-0.0,-0.0
0.002039999999999959,-7.820197291778551e-110,-0.0,-0.0,7.47242763282772e-17,0.0,0.0,-0.0,-5.386004591098489e-217,-0.0,0.0,3.9934959720595497e-13,0.0,0.0,0.0,1.1747071750680786e-07,-0.0,-0.0,-0.0
0.002042499999999959,-2.0855404866311743e-110,-0.0,-0.0,7.49294488715331e-17,0.0,0.0,-0.0,-5.262700446825657e-219,-0.0,0.0,4.060614253564436e-13,0.0,0.0,0.0,1.1401702980630682e-07,-0.0,-0.0,-0.0
0.0020449999999999587,-5.509340377580992e-111,-0.0,-0.0,7.51309604191497e-17,0.0,0.0,-0.0,-4.832021075265462e-221,-0.0,0.0,4.1285819765094195e-13,0.0,0.0,0.0,1.1065803269616047e-07,-0.0,-0.0,-0.0
0.0020474999999999586,-1.4415313824843713e-111,-0.0,-0.0,7.532879527523102e-17,0.0,0.0,-0.0,-4.1643905668191065e-223,-0.0,0.0,4.197405254212351e-13,0.0,0.0,0.0,1.073913464850042e-07,-0.0,-0.0,-0.0
0.0020499999999999585,-3.735555344166503e-112,-0.0,-0.0,7.552293839326621e-17,0.0,0.0,-0.0,-3.36504098460445e-225,-0.0,0.0,4.267090180017653e-13,0.0,0.0,0.0,1.0421464476907348e-07,-0.0,-0.0,-0.0
0.0020524999999999584,-9.586398676108151e-113,-0.0,-0.0,7.571337537862445e-17,0.0,0.0,-0.0,-2.5465290814091703e-227,-0.0,0.0,4.337642825839056e-13,0.0,0.0,0.0,1.0112565338518765e-07,-0.0,-0.0,-0.0
0.0020549999999999583,-2.4360561385736652e-113,-0.0,-0.0,7.590009248188384e-17,0.0,0.0,-0.0,-1.8026791242467844e-229,-0.0,0.0,4.4090692418644816e-13,0.0,0.0,0.0,9.812214943177848e-08,-0.0,-0.0,-0.0
0.0020574999999999582,-6.129322053632483e-114,-0.0,-0.0,7.608307660846266e-17,0.0,0.0,-0.0,-1.1922863852550271e-231,-0.0,0.0,4.481375455522846e-13,0.0,0.0,0.0,9.520196031326239e-08,-0.0,-0.0,-0.0
0.002059999999999958,-1.5268359132272447e-114,-0.0,-0.0,7.626231530709544e-17,0.0,0.0,-0.0,-7.35875585676175e-234,-0.0,0.0,4.55456747007518e-13,0.0,0.0,0.0,9.236296275395193e-08,-0.0,-0.0,-0.0
0.002062499999999958,-3.7652002848221317e-115,-0.0,-0.0,7.643779677614225e-17,0.0,0.0,-0.0,-4.232990237460149e-236,-0.0,0.0,4.628651264618444e-13,0.0,0.0,0.0,8.960308186526799e-08,-0.0,-0.0,-0.0
0.002064999999999958,-9.190945251190197e-116,-0.0,-0.0,7.660950985618404e-17,0.0,0.0,-0.0,-2.266493150146103e-238,-0.0,0.0,4.703632792690183e-13,0.0,0.0,0.0,8.69202901976944e-08,-0.0,-0.0,-0.0
0.002067499999999958,-2.2205922196406187e-116,-0.0,-0.0,7.677744403755745e-17,0.0,0.0,-0.0,-1.1281283330525153e-240,-0.0,0.0,4.77951798110513e-13,0.0,0.0,0.0,8.431260683522403e-08,-0.0,-0.0,-0.0
0.0020699999999999577,-5.309745548227715e-117,-0.0,-0.0,7.694158944347894e-17,0.0,0.0,-0.0,-5.212899669975455e-243,-0.0,0.0,4.85631273011009e-13,0.0,0.0,0.0,8.177809647258075e-08,-0.0,-0.0,-0.0
0.0020724999999999576,-1.256417990973455e-117,-0.0,-0.0,7.710193684333663e-17,0.0,0.0,-0.0,-2.2331792451204295e-245,-0.0,0.0,4.934022911299748e-13,0.0,0.0,0.0,7.931486852552755e-08,-0.0,-0.0,-0.0
0.0020749999999999575,-2.94177164737819e-118,-0.0,-0.0,7.725847764612444e-17,0.0,0.0,-0.0,-8.856949513754909e-248,-0.0,0.0,5.012654367496117e-13,0.0,0.0,0.0,7.69210762518956e-08,-0.0,-0.0,-0.0
0.0020774999999999574,-6.814853483340183e-119,-0.0,-0.0,7.741120389213117e-17,0.0,0.0,-0.0,-3.247432883658079e-250,-0.0,0.0,5.092212911898122e-13,0.0,0.0,0.0,7.459491587771839e-08,-0.0,-0.0,-0.0
0.0020799999999999573,-1.5618336014926395e-119,-0.0,-0.0,7.756010825514186e-17,0.0,0.0,-0.0,-1.0991484404534394e-252,-0.0,0.0,5.172704326621037e-13,0.0,0.0,0.0,7.233462573724921e-08,-0.0,-0.0,-0.0
0.002082499999999957,-3.5407978212552064e-120,-0.0,-0.0,7.770518404146808e-17,0.0,0.0,-0.0,-3.429119698220234e-255,-0.0,0.0,5.254134362530762e-13,0.0,0.0,0.0,7.013848544487077e-08,-0.0,-0.0,-0.0
0.002084999999999957,-7.939855669831983e-121,-0.0,-0.0,7.78464251903807e-17,0.0,0.0,-0.0,-9.845865802329456e-258,-0.0,0.0,5.336508738198942e-13,0.0,0.0,0.0,6.800481505149435e-08,-0.0,-0.0,-0.0
0.002087499999999957,-1.7608635473634445e-121,-0.0,-0.0,7.79838262605359e-17,0.0,0.0,-0.0,-2.5977025194545327e-260,-0.0,0.0,5.419833138412596e-13,0.0,0.0,0.0,6.593197423448938e-08,-0.0,-0.0,-0.0
0.002089999999999957,-3.8618591981483606e-122,-0.0,-0.0,7.811738243005107e-17,0.0,0.0,-0.0,-6.2877086993459596e-263,-0.0,0.0,5.50411321426e-13,0.0,0.0,0.0,6.391836148631737e-08,-0.0,-0.0,-0.0
0.002092499999999957,-8.37491361557712e-123,-0.0,-0.0,7.824708950731657e-17,0.0,0.0,-0.0,-1.3939580438257275e-265,-0.0,0.0,5.589354582093492e-13,0.0,0.0,0.0,6.196241332809415e-08,-0.0,-0.0,-0.0
0.0020949999999999567,-1.7956944412515282e-123,-0.0,-0.0,7.837294390922268e-17,0.0,0.0,-0.0,-2.8257331870263273e-268,-0.0,0.0,5.675562821914885e-13,0.0,0.0,0.0,6.006260353112751e-08,-0.0,-0.0,-0.0
0.0020974999999999566,-3.806337308271232e-124,-0.0,-0.0,7.849494266859454e-17,0.0,0.0,-0.0,-5.228645794592606e-271,-0.0,0.0,5.762743477173829e-13,0.0,0.0,0.0,5.821744234371119e-08,-0.0,-0.0,-0.0
0.0020999999999999565,-7.975517202455199e-125,-0.0,-0.0,7.861308342290482e-17,0.0,0.0,-0.0,-8.815733699006972e-274,-0.0,0.0,5.85090205416875e-13,0.0,0.0,0.0,5.64254757448498e-08,-0.0,-0.0,-0.0
0.0021024999999999564,-1.6517362250749353e-125,-0.0,-0.0,7.872736441994624e-17,0.0,0.0,-0.0,-1.351932472513893e-276,-0.0,0.0,5.940044020650694e-13,0.0,0.0,0.0,5.468528468908803e-08,-0.0,-0.0,-0.0
0.0021049999999999563,-3.380693219257759e-126,-0.0,-0.0,7.883778450938991e-17,0.0,0.0,-0.0,-1.8822443488385108e-279,-0.0,0.0,6.030174805212543e-13,0.0,0.0,0.0,5.2995484395331414e-08,-0.0,-0.0,-0.0
0.002107499999999956,-6.83764438222416e-127,-0.0,-0.0,7.894434313731779e-17,0.0,0.0,-0.0,-2.374647391442064e-282,-0.0,0.0,6.121299796462345e-13,0.0,0.0,0.0,5.135472360739884e-08,-0.0,-0.0,-0.0
0.002109999999999956,-1.3664534598847674e-127,-0.0,-0.0,7.904704034216576e-17,0.0,0.0,-0.0,-2.709455176098302e-285,-0.0,0.0,6.213424342200371e-13,0.0,0.0,0.0,4.976168390199863e-08,-0.0,-0.0,-0.0
0.002112499999999956,-2.6978769024478133e-128,-0.0,-0.0,7.914587675838927e-17,0.0,0.0,-0.0,-2.7903677205176926e-288,-0.0,0.0,6.30655374860035e-13,0.0,0.0,0.0,4.821507898964415e-08,-0.0,-0.0,-0.0
0.002114999999999956,-5.2618586390663526e-129,-0.0,-0.0,7.924085359496957e-17,0.0,0.0,-0.0,-2.5885298630447656e-291,-0.0,0.0,6.400693279522728e-13,0.0,0.0,0.0,4.6713654028977705e-08,-0.0,-0.0,-0.0
0.002117499999999956,-1.0136691614128854e-129,-0.0,-0.0,7.93319726529291e-17,0.0,0.0,-0.0,-2.158494524755105e-294,-0.0,0.0,6.495848155586167e-13,0.0,0.0,0.0,4.525618496402613e-08,-0.0,-0.0,-0.0
0.0021199999999999557,-1.928603655108092e-130,-0.0,-0.0,7.941923630516846e-17,0.0,0.0,-0.0,-1.614233966541153e-297,-0.0,0.0,6.592023552972671e-13,0.0,0.0,0.0,4.384147785389973e-08,-0.0,-0.0,-0.0
0.0021224999999999556,-3.6235022619394846e-131,-0.0,-0.0,7.950264749495679e-17,0.0,0.0,-0.0,-1.0655009680139622e-300,-0.0,0.0,6.689224603393677e-13,0.0,0.0,0.0,4.24683682301213e-08,-0.0,-0.0,-0.0
0.0021249999999999555,-6.72204493234262e-132,-0.0,-0.0,7.958220973592312e-17,0.0,0.0,-0.0,-0.0,-0.0,0.0,6.78745639292244e-13,0.0,0.0,0.0,4.11357204592659e-08,-0.0,-0.0,-0.0
0.0021274999999999554,-1.2311459482391006e-132,-0.0,-0.0,7.965792710092647e-17,0.0,0.0,-0.0,-0.0,-0.0,0.0,6.886723960933032e-13,0.0,0.0,0.0,3.9842427115946595e-08,-0.0,-0.0,-0.0
0.0021299999999999553,-2.2258723567895104e-133,-0.0,-0.0,7.972980422656315e-17,0.0,0.0,-0.0,-0.0,-0.0,0.0,6.987032299851109e-13,0.0,0.0,0.0,3.858740836543586e-08,-0.0,-0.0,-0.0
0.002132499999999955,-3.972101001243997e-134,-0.0,-0.0,7.979784629078177e-17,0.0,0.0,-0.0,-0.0,-0.0,0.0,7.088386354115319e-13,0.0,0.0,0.0,3.736961136655233e-08,-0.0,-0.0,-0.0
0.002134999999999955,-6.995451172273034e-135,-0.0,-0.0,7.986205903141266e-17,0.0,0.0,-0.0,-0.0,-0.0,0.0,7.190791018980909e-13,0.0,0.0,0.0,3.6188009667426426e-08,-0.0,-0.0,-0.0
0.002137499999999955,-1.215715851359053e-135,-0.0,-0.0,7.992244871883136e-17,0.0,0.0,-0.0,-0.0,-0.0,0.0,7.294251140732164e-13,0.0,0.0,0.0,3.5041602635550515e-08,-0.0,-0.0,-0.0
0.002139999999999955,-2.0845589584585038e-136,-0.0,-0.0,7.997902216484729e-17,0.0,0.0,-0.0,-0.0,-0.0,0.0,7.398771515087372e-13,0.0,0.0,0.0,3.392941487234314e-08,-0.0,-0.0,-0.0
0.0021424999999999548,-3.5261943812330545e-137,-0.0,-0.0,8.003178670938467e-17,0.0,0.0,-0.0,-0.0,-0.0,0.0,7.504356886573005e-13,0.0,0.0,0.0,3.2850495662798155e-08,-0.0,-0.0,-0.0
0.0021449999999999547,-5.883717813813406e-138,-0.0,-0.0,8.008075022290131e-17,0.0,0.0,-0.0,-0.0,-0.0,0.0,7.611011948218575e-13,0.0,0.0,0.0,3.180391841747426e-08,-0.0,-0.0,-0.0
0.0021474999999999546,-9.682641234859774e-139,-0.0,-0.0,8.012592108970879e-17,0.0,0.0,-0.0,-0.0,-0.0,0.0,7.718741340532394e-13,0.0,0.0,0.0,3.078878013132856e-08,-0.0,-0.0,-0.0
0.0021499999999999545,-1.5713556554041993e-139,-0.0,-0.0,8.016730821499108e-17,0.0,0.0,-0.0,-0.0,-0.0,0.0,7.827549650458596e-13,0.0,0.0,0.0,2.9804200853754356e-08,-0.0,-0.0,-0.0
0.0021524999999999544,-2.514405648366383e-140,-0.0,-0.0,8.020492100796044e-17,0.0,0.0,-0.0,-0.0,-0.0,0.0,7.937441411100354e-13,0.0,0.0,0.0,2.8849323170007297e-08,-0.0,-0.0,-0.0
0.0021549999999999543,-3.966589477316909e-141,-0.0,-0.0,8.023876938555895e-17,0.0,0.0,-0.0,-0.0,-0.0,0.0,8.048421101010781e-13,0.0,0.0,0.0,2.7923311681845463e-08,-0.0,-0.0,-0.0
0.002157499999999954,-6.168227651996876e-142,-0.0,-0.0,8.026886375386978e-17,0.0,0.0,-0.0,-0.0,-0.0,0.0,8.160493143007519e-13,0.0,0.0,0.0,2.7025352514352686e-08,-0.0,-0.0,-0.0
0.002159999999999954,-9.453752262789173e-143,-0.0,-0.0,8.029521501961942e-17,0.0,0.0,-0.0,-0.0,-0.0,0.0,8.273661904263476e-13,0.0,0.0,0.0,2.6154652818677308e-08,-0.0,-0.0,-0.0
0.002162499999999954,-1.4278660475970982e-143,-0.0,-0.0,8.031783456509592e-17,0.0,0.0,-0.0,-0.0,-0.0,0.0,8.387931694978652e-13,0.0,0.0,0.0,2.5310440286054363e-08,-0.0,-0.0,-0.0
0.002164999999999954,-2.124947263727126e-144,-0.0,-0.0,8.033673426111882e-17,0.0,0.0,-0.0,-0.0,-0.0,0.0,8.503306767006458e-13,0.0,0.0,0.0,2.4491962682920035e-08,-0.0,-0.0,-0.0
0.0021674999999999538,-3.1154699171831562e-145,-0.0,-0.0,8.03519264465896e-17,0.0,0.0,-0.0,-0.0,-0.0,0.0,8.619791315499595e-13,0.0,0.0,0.0,2.3698487378875724e-08,-0.0,-0.0,-0.0
0.0021699999999999536,-4.499354502684979e-146,-0.0,-0.0,8.036342392545079e-17,0.0,0.0,-0.0,-0.0,-0.0,0.0,8.737389475228624e-13,0.0,0.0,0.0,2.292930089098915e-08,-0.0,-0.0,-0.0
0.0021724999999999535,-6.399762793402664e-147,-0.0,-0.0,8.03712399667831e-17,0.0,0.0,-0.0,-0.0,-0.0,0.0,8.856105322786743e-13,0.0,0.0,0.0,2.218370844237143e-08,-0.0,-0.0,-0.0
0.0021749999999999534,-8.963952711193262e-148,-0.0,-0.0,8.037538828576008e-17,0.0,0.0,-0.0,-0.0,-0.0,0.0,8.975942873539805e-13,0.0,0.0,0.0,2.14610335212793e-08,-0.0,-0.0,-0.0
0.0021774999999999533,-1.236207776373588e-148,-0.0,-0.0,8.037588305158646e-17,0.0,0.0,-0.0,-0.0,-0.0,0.0,9.096906082343046e-13,0.0,0.0,0.0,2.076061745024995e-08,-0.0,-0.0,-0.0
0.0021799999999999532,-1.678313349616682e-149,-0.0,-0.0,8.037273887790416e-17,0.0,0.0,-0.0,-0.0,-0.0,0.0,9.218998842738434e-13,0.0,0.0,0.0,2.0081818968897512e-08,-0.0,-0.0,-0.0
0.002182499999999953,-2.2427296057686658e-150,-0.0,-0.0,8.036597080358863e-17,0.0,0.0,-0.0,-0.0,-0.0,0.0,9.342224985778506e-13,0.0,0.0,0.0,1.9424013818659094e-08,-0.0,-0.0,-0.0
0.002184999999999953,-2.9494082030862986e-151,-0.0,-0.0,8.035559430216177e-17,0.0,0.0,-0.0,-0.0,-0.0,0.0,9.46658828031031e-13,0.0,0.0,0.0,1.8786594340881e-08,-0.0,-0.0,-0.0
0.002187499999999953,-3.816611350317622e-152,-0.0,-0.0,8.034162526885973e-17,0.0,0.0,-0.0,-0.0,-0.0,0.0,9.592092431446735e-13,0.0,0.0,0.0,1.816896908014695e-08,-0.0,-0.0,-0.0
0.002189999999999953,-4.858880574085294e-153,-0.0,-0.0,8.032408001087864e-17,0.0,0.0,-0.0,-0.0,-0.0,0.0,9.718741079931387e-13,0.0,0.0,0.0,1.7570562396154155e-08,-0.0,-0.0,-0.0
0.0021924999999999527,-6.084698208427073e-154,-0.0,-0.0,8.030297524710403e-17,0.0,0.0,-0.0,-0.0,-0.0,0.0,9.846537803070442e-13,0.0,0.0,0.0,1.69908140829022e-08,-0.0,-0.0,-0.0
0.0021949999999999526,-7.494019636221271e-155,-0.0,-0.0,8.027832809668641e-17,0.0,0.0,-0.0,-0.0,-0.0,0.0,9.975486111257502e-13,0.0,0.0,0.0,1.642917900209828e-08,-0.0,-0.0,-0.0
0.0021974999999999525,-9.075929980663997e-156,-0.0,-0.0,8.025015607234895e-17,0.0,0.0,-0.0,-0.0,-0.0,0.0,1.0105589451071648e-12,0.0,0.0,0.0,1.5885126709881654e-08,-0.0,-0.0,-0.0
0.0021999999999999524,-1.0806738567278503e-156,-0.0,-0.0,8.021847707844824e-17,0.0,0.0,-0.0,-0.0,-0.0,0.0,1.02368512013912e-12,0.0,0.0,0.0,1.535814110811287e-08,-0.0,-0.0,-0.0
0.0022024999999999523,-1.264885239010091e-157,-0.0,-0.0,8.018330939945541e-17,0.0,0.0,-0.0,-0.0,-0.0,0.0,1.0369274674787434e-12,0.0,0.0,0.0,1.4847720089728842e-08,-0.0,-0.0,-0.0
0.0022049999999999522,-1.4550751791633362e-158,-0.0,-0.0,8.014467169795355e-17,0.0,0.0,-0.0,-0.0,-0.0,0.0,1.0502863115969293e-12,0.0,0.0,0.0,1.4353375199280965e-08,-0.0,-0.0,-0.0
0.002207499999999952,-1.644831826410988e-159,-0.0,-0.0,8.010258299675104e-17,0.0,0.0,-0.0,-0.0,-0.0,0.0,1.0637619702051545e-12,0.0,0.0,0.0,1.3874631298252507e-08,-0.0,-0.0,-0.0
0.002209999999999952,-1.8267634746480866e-160,-0.0,-0.0,8.00570626863504e-17,0.0,0.0,-0.0,-0.0,-0.0,0.0,1.0773547541616773e-12,0.0,0.0,0.0,1.3411026234477034e-08,-0.0,-0.0,-0.0
0.002212499999999952,-1.992920272137938e-161,-0.0,-0.0,8.000813051494541e-17,0.0,0.0,-0.0,-0.0,-0.0,0.0,1.0910649673756346e-12,0.0,0.0,0.0,1.2962110525536038e-08,-0.0,-0.0,-0.0
0.002214999999999952,-2.135331880463546e-162,-0.0,-0.0,7.995580656733209e-17,0.0,0.0,-0.0,-0.0,-0.0,0.0,1.1048929068179954e-12,0.0,0.0,0.0,1.2527447040959913e-08,-0.0,-0.0,-0.0
0.0022174999999999517,-2.2466156594904788e-163,-0.0,-0.0,7.990011127706924e-17,0.0,0.0,-0.0,-0.0,-0.0,0.0,1.1188388624718814e-12,0.0,0.0,0.0,1.2106610697941871e-08,-0.0,-0.0,-0.0
0.0022199999999999516,-2.3205942107606454e-164,-0.0,-0.0,7.984106541644061e-17,0.0,0.0,-0.0,-0.0,-0.0,0.0,1.132903117216802e-12,0.0,0.0,0.0,1.1699188157987662e-08,-0.0,-0.0,-0.0
0.0022224999999999515,-2.3528526342546286e-165,-0.0,-0.0,7.977869006903353e-17,0.0,0.0,-0.0,-0.0,-0.0,0.0,1.1470859469129949e-12,0.0,0.0,0.0,1.1304777535577342e-08,-0.0,-0.0,-0.0
0.0022249999999999514,-2.341167013197363e-166,-0.0,-0.0,7.971300665607179e-17,0.0,0.0,-0.0,-0.0,-0.0,0.0,1.161387620129259e-12,0.0,0.0,0.0,1.092298810856798e-08,-0.0,-0.0,-0.0
0.0022274999999999513,-2.285747307834017e-167,-0.0,-0.0,7.964403689950853e-17,0.0,0.0,-0.0,-0.0,-0.0,0.0,1.175808398343268e-12,0.0,0.0,0.0,1.0553440038208187e-08,-0.0,-0.0,-0.0
0.002229999999999951,-2.189258955195405e-168,-0.0,-0.0,7.957180283726354e-17,0.0,0.0,-0.0,-0.0,-0.0,0.0,1.1903485357377273e-12,0.0,0.0,0.0,1.0195764092426276e-08,-0.0,-0.0,-0.0
0.002232499999999951,-2.056615108710016e-169,-0.0,-0.0,7.949632680056374e-17,0.0,0.0,-0.0,-0.0,-0.0,0.0,1.2050082791763773e-12,0.0,0.0,0.0,9.849601378636973e-09,-0.0,-0.0,-0.0
0.002234999999999951,-1.894561290961033e-170,-0.0,-0.0,7.94176314133921e-17,0.0,0.0,-0.0,-0.0,-0.0,0.0,1.219787868254777e-12,0.0,0.0,0.0,9.514603078538131e-09,-0.0,-0.0,-0.0
0.002237499999999951,-1.7111013058925524e-171,-0.0,-0.0,7.933573958718676e-17,0.0,0.0,-0.0,-0.0,-0.0,0.0,1.2346875351396947e-12,0.0,0.0,0.0,9.190430192472367e-09,-0.0,-0.0,-0.0
0.002239999999999951,-1.5148330166740978e-172,-0.0,-0.0,7.925067451554721e-17,0.0,0.0,-0.0,-0.0,-0.0,0.0,1.2497075045240114e-12,0.0,0.0,0.0,8.876753286752173e-09,-0.0,-0.0,-0.0
0.0022424999999999507,-1.314271798381418e-173,-0.0,-0.0,7.916245965795207e-17,0.0,0.0,-0.0,-0.0,-0.0,0.0,1.2648479937327072e-12,0.0,0.0,0.0,8.57325224942988e-09,-0.0,-0.0,-0.0
0.0022449999999999506,-1.117236859796811e-174,-0.0,-0.0,7.907111874705483e-17,0.0,0.0,-0.0,-0.0,-0.0,0.0,1.280109212537034e-12,0.0,0.0,0.0,8.279616047826626e-09,-0.0,-0.0,-0.0
0.0022474999999999505,-9.303621621978968e-176,-0.0,-0.0,7.897667576459912e-17,0.0,0.0,-0.0,-0.0,-0.0,0.0,1.295491363189215e-12,0.0,0.0,0.0,7.995542495123475e-09,-0.0,-0.0,-0.0
0.0022499999999999504,-7.587722238324966e-177,-0.0,-0.0,7.887915495340587e-17,0.0,0.0,-0.0,-0.0,-0.0,0.0,1.3109946402824537e-12,0.0,0.0,0.0,7.720738020635752e-09,-0.0,-0.0,-0.0
0.0022524999999999503,-6.059378520560566e-178,-0.0,-0.0,7.877858079023534e-17,0.0,0.0,-0.0,-0.0,-0.0,0.0,1.3266192309190545e-12,0.0,0.0,0.0,7.45491744522511e-09,-0.0,-0.0,-0.0
0.00225499999999995,-4.737022608507519e-179,-0.0,-0.0,7.867497800400548e-17,0.0,0.0,-0.0,-0.0,-0.0,0.0,1.3423653144168836e-12,0.0,0.0,0.0,7.197803762357405e-09,-0.0,-0.0,-0.0
0.00225749999999995,-3.6244802756394028e-180,-0.0,-0.0,7.856837154404727e-17,0.0,0.0,-0.0,-0.0,-0.0,0.0,1.3582330624816426e-12,0.0,0.0,0.0,6.949127924181369e-09,-0.0,-0.0,-0.0
0.00225999999999995,-2.713625160341568e-181,-0.0,-0.0,7.845878658430726e-17,0.0,0.0,-0.0,-0.0,-0.0,0.0,1.3742226390960362e-12,0.0,0.0,0.0,6.708628632002126e-09,-0.0,-0.0,-0.0
0.00226249999999995,-1.9875471687679258e-182,-0.0,-0.0,7.834624852439337e-17,0.0,0.0,-0.0,-0.0,-0.0,0.0,1.3903342003772089e-12,0.0,0.0,0.0,6.476052132219777e-09,-0.0,-0.0,-0.0
0.0022649999999999498,-1.4237929240582358e-183,-0.0,-0.0,7.823078296888562e-17,0.0,0.0,-0.0,-0.0,-0.0,0.0,1.4065678948722393e-12,0.0,0.0,0.0,6.25115201800333e-09,-0.0,-0.0,-0.0
0.0022674999999999497,-9.97321120446294e-185,-0.0,-0.0,7.811241572844406e-17,0.0,0.0,-0.0,-0.0,-0.0,0.0,1.422923863062097e-12,0.0,0.0,0.0,6.033689032158271e-09,-0.0,-0.0,-0.0
0.0022699999999999496,-6.82932300901769e-186,-0.0,-0.0,7.799117281316464e-17,0.0,0.0,-0.0,-0.0,-0.0,0.0,1.4394022377727892e-12,0.0,0.0,0.0,5.8234308787655006e-09,-0.0,-0.0,-0.0
0.0022724999999999495,-4.5705559126481367e-187,-0.0,-0.0,7.786708042287398e-17,0.0,0.0,-0.0,-0.0,-0.0,0.0,1.4560031438415105e-12,0.0,0.0,0.0,5.620152037386247e-09,-0.0,-0.0,-0.0
0.0022749999999999494,-2.9888355689079584e-188,-0.0,-0.0,7.77401649390194e-17,0.0,0.0,-0.0,-0.0,-0.0,0.0,1.4727266982282319e-12,0.0,0.0,0.0,5.423633580170118e-09,-0.0,-0.0,-0.0
0.0022774999999999493,-1.909273402011776e-189,-0.0,-0.0,7.761045292737246e-17,0.0,0.0,-0.0,-0.0,-0.0,0.0,1.4895730099319615e-12,0.0,0.0,0.0,5.233662997260452e-09,-0.0,-0.0,-0.0
0.002279999999999949,-1.1911250747438288e-190,-0.0,-0.0,7.7477971123796e-17,0.0,0.0,-0.0,-0.0,-0.0,0.0,1.5065421801423872e-12,0.0,0.0,0.0,5.050034022027604e-09,-0.0,-0.0,-0.0
0.002282499999999949,-7.255349566495009e-192,-0.0,-0.0,7.73427464247156e-17,0.0,0.0,-0.0,-0.0,-0.0,0.0,1.5236343018926352e-12,0.0,0.0,0.0,4.872546463670725e-09,-0.0,-0.0,-0.0
0.002284999999999949,-4.3137815645159054e-193,-0.0,-0.0,7.720480588836368e-17,0.0,0.0,-0.0,-0.0,-0.0,0.0,1.540849460208711e-12,0.0,0.0,0.0,4.7010060418656734e-09,-0.0,-0.0,-0.0
0.002287499999999949,-2.5028936212426174e-194,-0.0,-0.0,7.706417672987331e-17,0.0,0.0,-0.0,-0.0,-0.0,0.0,1.558187732241258e-12,0.0,0.0,0.0,4.535224227098176e-09,-0.0,-0.0,-0.0
0.0022899999999999488,-1.4167562500093998e-195,-0.0,-0.0,7.69208863011701e-17,0.0,0.0,-0.0,-0.0,-0.0,0.0,1.575649187035001e-12,0.0,0.0,0.0,4.3750180828003825e-09,-0.0,-0.0,-0.0
0.0022924999999999487,-7.821659501394206e-197,-0.0,-0.0,7.677496210145068e-17,0.0,0.0,-0.0,-0.0,-0.0,0.0,1.5932338854738004e-12,0.0,0.0,0.0,4.220210114164739e-09,-0.0,-0.0,-0.0
0.0022949999999999486,-4.210509380440005e-198,-0.0,-0.0,7.662643176021279e-17,0.0,0.0,-0.0,-0.0,-0.0,0.0,1.6109418804156717e-12,0.0,0.0,0.0,4.0706281176877505e-09,-0.0,-0.0,-0.0
0.0022974999999999485,-2.2094372711322923e-199,-0.0,-0.0,7.647532303104185e-17,0.0,0.0,-0.0,-0.0,-0.0,0.0,1.6287732166462167e-12,0.0,0.0,0.0,3.926105035904608e-09,-0.0,-0.0,-0.0
0.0022999999999999484,-1.1298420304330976e-200,-0.0,-0.0,7.632166379452027e-17,0.0,0.0,-0.0,-0.0,-0.0,0.0,1.646727930830946e-12,0.0,0.0,0.0,3.7864788165169816e-09,-0.0,-0.0,-0.0
0.0023024999999999483,-5.628839270024372e-202,-0.0,-0.0,7.616548204446872e-17,0.0,0.0,-0.0,-0.0,-0.0,0.0,1.6648060514337722e-12,0.0,0.0,0.0,3.651592273014038e-09,-0.0,-0.0,-0.0
0.002304999999999948,-2.731237171480578e-203,-0.0,-0.0,7.600680587885216e-17,0.0,0.0,-0.0,-0.0,-0.0,0.0,1.683007598831813e-12,0.0,0.0,0.0,3.5212929502786578e-09,-0.0,-0.0,-0.0
0.002307499999999948,-1.2903635716415496e-204,-0.0,-0.0,7.584566350128284e-17,0.0,0.0,-0.0,-0.0,-0.0,0.0,1.7013325852044672e-12,0.0,0.0,0.0,3.3954329929193317e-09,-0.0,-0.0,-0.0
0.002309999999999948,-5.934003763095576e-206,-0.0,-0.0,7.568208321497631e-17,0.0,0.0,-0.0,-0.0,-0.0,0.0,1.7197810145190895e-12,0.0,0.0,0.0,3.2738690174474883e-09,-0.0,-0.0,-0.0
0.002312499999999948,-2.6554354688325073e-207,-0.0,-0.0,7.551609340779173e-17,0.0,0.0,-0.0,-0.0,-0.0,0.0,1.7383528826551056e-12,0.0,0.0,0.0,3.1564619863327606e-09,-0.0,-0.0,-0.0
0.0023149999999999477,-1.1559612386557112e-208,-0.0,-0.0,7.534772255981344e-17,0.0,0.0,-0.0,-0.0,-0.0,0.0,1.75704817722549e-12,0.0,0.0,0.0,3.043077087286946e-09,-0.0,-0.0,-0.0
0.0023174999999999476,-4.8936840780180157e-210,-0.0,-0.0,7.517699922104375e-17,0.0,0.0,-0.0,-0.0,-0.0,0.0,1.7758668775988244e-12,0.0,0.0,0.0,2.93358361376117e-09,-0.0,-0.0,-0.0
0.0023199999999999475,-2.0140832817213606e-211,-0.0,-0.0,7.500395202351452e-17,0.0,0.0,-0.0,-0.0,-0.0,0.0,1.7948089549956326e-12,0.0,0.0,0.0,2.8278548493970583e-09,-0.0,-0.0,-0.0
0.0023224999999999474,-8.056187694884472e-213,-0.0,-0.0,7.482860965469634e-17,0.0,0.0,-0.0,-0.0,-0.0,0.0,1.8138743723054934e-12,0.0,0.0,0.0,2.7257679551165356e-09,-0.0,-0.0,-0.0
0.0023249999999999473,-3.1307781066948976e-214,-0.0,-0.0,7.4651000881494e-17,0.0,0.0,-0.0,-0.0,-0.0,0.0,1.8330630844377758e-12,0.0,0.0,0.0,2.6272038595919287e-09,-0.0,-0.0,-0.0
0.0023274999999999472,-1.1816898933171833e-215,-0.0,-0.0,7.447115450901236e-17,0.0,0.0,-0.0,-0.0,-0.0,0.0,1.852375037780458e-12,0.0,0.0,0.0,2.5320471516984347e-09,-0.0,-0.0,-0.0
0.002329999999999947,-4.330512114029488e-217,-0.0,-0.0,7.42890994031264e-17,0.0,0.0,-0.0,-0.0,-0.0,0.0,1.8718101705879014e-12,0.0,0.0,0.0,2.4401859763045358e-09,-0.0,-0.0,-0.0
0.002332499999999947,-1.540328926671724e-218,-0.0,-0.0,7.410486447454925e-17,0.0,0.0,-0.0,-0.0,-0.0,0.0,1.8913684128713897e-12,0.0,0.0,0.0,2.351511932734901e-09,-0.0,-0.0,-0.0
0.002334999999999947,-5.3159157779602675e-220,-0.0,-0.0,7.391847866458622e-17,0.0,0.0,-0.0,-0.0,-0.0,0.0,1.911049686472846e-12,0.0,0.0,0.0,2.2659199757125143e-09,-0.0,-0.0,-0.0
0.002337499999999947,-1.779438453107062e-221,-0.0,-0.0,7.372997095587773e-17,0.0,0.0,-0.0,-0.0,-0.0,0.0,1.9308539048387536e-12,0.0,0.0,0.0,2.1833083190186312e-09,-0.0,-0.0,-0.0
0.0023399999999999467,-5.775317316723628e-223,-0.0,-0.0,7.353937036258591e-17,0.0,0.0,-0.0,-0.0,-0.0,0.0,1.950780973359621e-12,0.0,0.0,0.0,2.103578341232475e-09,-0.0,-0.0,-0.0
0.0023424999999999466,-1.8167799302162315e-224,-0.0,-0.0,7.334670591343878e-17,0.0,0.0,-0.0,-0.0,-0.0,0.0,1.9708307889525038e-12,0.0,0.0,0.0,2.026634494976187e-09,-0.0,-0.0,-0.0
0.0023449999999999465,-5.537398758594844e-226,-0.0,-0.0,7.315200666253349e-17,0.0,0.0,-0.0,-0.0,-0.0,0.0,1.991003240484274e-12,0.0,0.0,0.0,1.9523842169381608e-09,-0.0,-0.0,-0.0
0.0023474999999999464,-1.6346601155311544e-227,-0.0,-0.0,7.295530167106546e-17,0.0,0.0,-0.0,-0.0,-0.0,0.0,2.011298208546331e-12,0.0,0.0,0.0,1.880737842091061e-09,-0.0,-0.0,-0.0
0.0023499999999999463,-4.672036820770897e-229,-0.0,-0.0,7.275662001525119e-17,0.0,0.0,-0.0,-0.0,-0.0,0.0,2.0317155653364698e-12,0.0,0.0,0.0,1.811608518713195e-09,-0.0,-0.0,-0.0
0.002352499999999946,-1.2923460086198823e-230,-0.0,-0.0,7.255599076824114e-17,0.0,0.0,-0.0,-0.0,-0.0,0.0,2.0522551751023588e-12,0.0,0.0,0.0,1.7449121263265896e-09,-0.0,-0.0,-0.0
0.002354999999999946,-3.45843337300089e-232,-0.0,-0.0,7.235344299950371e-17,0.0,0.0,-0.0,-0.0,-0.0,0.0,2.0729168936295528e-12,0.0,0.0,0.0,1.6805671959060698e-09,-0.0,-0.0,-0.0
0.002357499999999946,-8.950349709833684e-234,-0.0,-0.0,7.214900577848184e-17,0.0,0.0,-0.0,-0.0,-0.0,0.0,2.093700568609036e-12,0.0,0.0,0.0,1.618494831929165e-09,-0.0,-0.0,-0.0
0.002359999999999946,-2.2391855801490902e-235,-0.0,-0.0,7.194270815537956e-17,0.0,0.0,-0.0,-0.0,-0.0,0.0,2.1146060394846807e-12,0.0,0.0,0.0,1.5586186365987445e-09,-0.0,-0.0,-0.0
0.002362499999999946,-5.413232974574736e-237,-0.0,-0.0,7.173457916923002e-17,0.0,0.0,-0.0,-0.0,-0.0,0.0,2.1356331374183325e-12,0.0,0.0,0.0,1.5008646361401622e-09,-0.0,-0.0,-0.0
0.0023649999999999457,-1.2640505668421702e-238,-0.0,-0.0,7.152464783033564e-17,0.0,0.0,-0.0,-0.0,-0.0,0.0,2.1567816856373732e-12,0.0,0.0,0.0,1.445161209115857e-09,-0.0,-0.0,-0.0
0.0023674999999999456,-2.849937180500531e-240,-0.0,-0.0,7.131294313121619e-17,0.0,0.0,-0.0,-0.0,-0.0,0.0,2.178051498941712e-12,0.0,0.0,0.0,1.3914390167856017e-09,-0.0,-0.0,-0.0
0.0023699999999999455,-6.201384539936571e-242,-0.0,-0.0,7.109949402919383e-17,0.0,0.0,-0.0,-0.0,-0.0,0.0,2.199442384095344e-12,0.0,0.0,0.0,1.3396309348771258e-09,-0.0,-0.0,-0.0
0.0023724999999999454,-1.301791306448138e-243,-0.0,-0.0,7.088432944472229e-17,0.0,0.0,-0.0,-0.0,-0.0,0.0,2.220954139626449e-12,0.0,0.0,0.0,1.2896719878720799e-09,-0.0,-0.0,-0.0
0.0023749999999999453,-2.6351632116228975e-245,-0.0,-0.0,7.066747825970804e-17,0.0,0.0,-0.0,-0.0,-0.0,0.0,2.242586556014881e-12,0.0,0.0,0.0,1.2414992845842412e-09,-0.0,-0.0,-0.0
0.002377499999999945,-5.1416026688906184e-247,-0.0,-0.0,7.044896931167657e-17,0.0,0.0,-0.0,-0.0,-0.0,0.0,2.264339415622453e-12,0.0,0.0,0.0,1.195051955944692e-09,-0.0,-0.0,-0.0
0.002379999999999945,-9.665469855021793e-249,-0.0,-0.0,7.022883139080567e-17,0.0,0.0,-0.0,-0.0,-0.0,0.0,2.2862124926189955e-12,0.0,0.0,0.0,1.150271093876873e-09,-0.0,-0.0,-0.0
0.002382499999999945,-1.7497930931464546e-250,-0.0,-0.0,7.000709323284038e-17,0.0,0.0,-0.0,-0.0,-0.0,0.0,2.308205553086617e-12,0.0,0.0,0.0,1.107099692458199e-09,-0.0,-0.0,-0.0
0.002384999999999945,-3.0492471683002347e-252,-0.0,-0.0,6.978378351488726e-17,0.0,0.0,-0.0,-0.0,-0.0,0.0,2.330318355222429e-12,0.0,0.0,0.0,1.0654825905829163e-09,-0.0,-0.0,-0.0
0.002387499999999945,-5.11258780783014e-254,-0.0,-0.0,6.955893085403058e-17,0.0,0.0,-0.0,-0.0,-0.0,0.0,2.352550648947996e-12,0.0,0.0,0.0,1.025366415828012e-09,-0.0,-0.0,-0.0
0.0023899999999999447,-8.243814196890195e-256,-0.0,-0.0,6.933256380321836e-17,0.0,0.0,-0.0,-0.0,-0.0,0.0,2.374902176388297e-12,0.0,0.0,0.0,9.866995304483448e-10,-0.0,-0.0,-0.0
0.0023924999999999446,-1.2777588411482136e-257,-0.0,-0.0,6.910471084446731e-17,0.0,0.0,-0.0,-0.0,-0.0,0.0,2.39737267133519e-12,0.0,0.0,0.0,9.494319783728061e-10,-0.0,-0.0,-0.0
0.0023949999999999445,-1.9028029785969588e-259,-0.0,-0.0,6.887540038630056e-17,0.0,0.0,-0.0,-0.0,-0.0,0.0,2.419961859923895e-12,0.0,0.0,0.0,9.135154340745543e-10,-0.0,-0.0,-0.0
0.0023974999999999444,-2.7211393945445566e-261,-0.0,-0.0,6.864466076119673e-17,0.0,0.0,-0.0,-0.0,-0.0,0.0,2.44266946023722e-12,0.0,0.0,0.0,8.789031526197614e-10,-0.0,-0.0,-0.0
0.0023999999999999443,-3.735118793811669e-263,-0.0,-0.0,6.841252021632462e-17,0.0,0.0,-0.0,-0.0,-0.0,0.0,2.4654951822276416e-12,0.0,0.0,0.0,8.455499212940717e-10,-0.0,-0.0,-0.0
0.002402499999999944,-4.918538638071994e-265,-0.0,-0.0,6.817900691930272e-17,0.0,0.0,-0.0,-0.0,-0.0,0.0,2.4884387281761424e-12,0.0,0.0,0.0,8.134120124690159e-10,-0.0,-0.0,-0.0
0.002404999999999944,-6.21046142676022e-267,-0.0,-0.0,6.794414894363797e-17,0.0,0.0,-0.0,-0.0,-0.0,0.0,2.5114997923819148e-12,0.0,0.0,0.0,7.824471378928816e-10,-0.0,-0.0,-0.0
0.002407499999999944,-7.515233402599791e-269,-0.0,-0.0,6.770797427592091e-17,0.0,0.0,-0.0,-0.0,-0.0,0.0,2.534678061335112e-12,0.0,0.0,0.0,7.52614404199846e-10,-0.0,-0.0,-0.0
0.002409999999999944,-8.710903180735878e-271,-0.0,-0.0,6.747051080281092e-17,0.0,0.0,-0.0,-0.0,-0.0,0.0,2.5579732135950766e-12,0.0,0.0,0.0,7.238742697549181e-10,-0.0,-0.0,-0.0
0.0024124999999999438,-9.666156209761666e-273,-0.0,-0.0,6.723178631426337e-17,0.0,0.0,-0.0,-0.0,-0.0,0.0,2.5813849200698768e-12,0.0,0.0,0.0,6.961885027991874e-10,-0.0,-0.0,-0.0
0.0024149999999999437,-1.0263100720969537e-274,-0.0,-0.0,6.699182849475222e-17,0.0,0.0,-0.0,-0.0,-0.0,0.0,2.6049128436921445e-12,0.0,0.0,0.0,6.69520140605271e-10,-0.0,-0.0,-0.0
0.0024174999999999436,-1.0420730583207006e-276,-0.0,-0.0,6.67506649265465e-17,0.0,0.0,-0.0,-0.0,-0.0,0.0,2.6285566397523e-12,0.0,0.0,0.0,6.438334498918728e-10,-0.0,-0.0,-0.0
0.0024199999999999435,-1.0112755212784223e-278,-0.0,-0.0,6.650832307450135e-17,0.0,0.0,-0.0,-0.0,-0.0,0.0,2.652315955934594e-12,0.0,0.0,0.0,6.190938885209618e-10,-0.0,-0.0,-0.0
0.0024224999999999434,-9.374449624145688e-281,-0.0,-0.0,6.62648303013227e-17,0.0,0.0,-0.0,-0.0,-0.0,0.0,2.676190432089393e-12,0.0,0.0,0.0,5.952680680901096e-10,-0.0,-0.0,-0.0
0.0024249999999999433,-8.296146493359027e-283,-0.0,-0.0,6.602021384721829e-17,0.0,0.0,-0.0,-0.0,-0.0,0.0,2.7001797004731075e-12,0.0,0.0,0.0,5.723237177307856e-10,-0.0,-0.0,-0.0
0.002427499999999943,-7.00497993286728e-285,-0.0,-0.0,6.577450083342902e-17,0.0,0.0,-0.0,-0.0,-0.0,0.0,2.724283385784452e-12,0.0,0.0,0.0,5.502296489112614e-10,-0.0,-0.0,-0.0
0.002429999999999943,-5.639995699575632e-287,-0.0,-0.0,6.552771826437679e-17,0.0,0.0,-0.0,-0.0,-0.0,0.0,2.7485011051474525e-12,0.0,0.0,0.0,5.289557213659836e-10,-0.0,-0.0,-0.0
0.002432499999999943,-4.327425049707068e-289,-0.0,-0.0,6.527989301166664e-17,0.0,0.0,-0.0,-0.0,-0.0,0.0,2.7728324679828837e-12,0.0,0.0,0.0,5.084728098445424e-10,-0.0,-0.0,-0.0
0.002434999999999943,-3.162224094898385e-291,-0.0,-0.0,6.503105182163642e-17,0.0,0.0,-0.0,-0.0,-0.0,0.0,2.7972770764246287e-12,0.0,0.0,0.0,4.887527719922695e-10,-0.0,-0.0,-0.0
0.0024374999999999428,-2.1993647445109424e-293,-0.0,-0.0,6.478122131629888e-17,0.0,0.0,-0.0,-0.0,-0.0,0.0,2.8218345249765252e-12,0.0,0.0,0.0,4.697684171093056e-10,-0.0,-0.0,-0.0
0.0024399999999999426,-1.4550161568908264e-295,-0.0,-0.0,6.453042797639793e-17,0.0,0.0,-0.0,-0.0,-0.0,0.0,2.8465044007120972e-12,0.0,0.0,0.0,4.5149347584271194e-10,-0.0,-0.0,-0.0
0.0024424999999999425,-9.152653315239936e-298,-0.0,-0.0,6.427869814901556e-17,0.0,0.0,-0.0,-0.0,-0.0,0.0,2.8712862835976295e-12,0.0,0.0,0.0,4.339025707755109e-10,-0.0,-0.0,-0.0
0.0024449999999999424,-5.327504840069811e-300,-0.0,-0.0,6.402605804234219e-17,0.0,0.0,-0.0,-0.0,-0.0,0.0,2.8961797458000673e-12,0.0,0.0,0.0,4.1697118789679794e-10,-0.0,-0.0,-0.0
0.0024474999999999423,-0.0,-0.0,-0.0,6.377253372434776e-17,0.0,0.0,-0.0,-0.0,-0.0,0.0,2.921184352574386e-12,0.0,0.0,0.0,4.0067564887915245e-10,-0.0,-0.0,-0.0
0.0024499999999999422,-0.0,-0.0,-0.0,6.35181511164655e-17,0.0,0.0,-0.0,-0.0,-0.0,0.0,2.9462996616818347e-12,0.0,0.0,0.0,3.8499308428205564e-10,-0.0,-0.0,-0.0
0.002452499999999942,-0.0,-0.0,-0.0,6.326293599493654e-17,0.0,0.0,-0.0,-0.0,-0.0,0.0,2.971525223774859e-12,0.0,0.0,0.0,3.69901407411288e-10,-0.0,-0.0,-0.0
0.002454999999999942,-0.0,-0.0,-0.0,6.300691398838876e-17,0.0,0.0,-0.0,-0.0,-0.0,0.0,2.99686058220856e-12,0.0,0.0,0.0,3.553792891058852e-10,-0.0,-0.0,-0.0
0.002457499999999942,-0.0,-0.0,-0.0,6.275011057175172e-17,0.0,0.0,-0.0,-0.0,-0.0,0.0,3.0223052733183293e-12,0.0,0.0,0.0,3.4140613318279913e-10,-0.0,-0.0,-0.0
0.002459999999999942,-0.0,-0.0,-0.0,6.249255107021605e-17,0.0,0.0,-0.0,-0.0,-0.0,0.0,3.0478588262893957e-12,0.0,0.0,0.0,3.2796205269493635e-10,-0.0,-0.0,-0.0
0.0024624999999999417,-0.0,-0.0,-0.0,6.223426064832796e-17,0.0,0.0,-0.0,-0.0,-0.0,0.0,3.0735207632602206e-12,0.0,0.0,0.0,3.150278468186537e-10,-0.0,-0.0,-0.0
0.0024649999999999416,-0.0,-0.0,-0.0,6.1975264315301e-17,0.0,0.0,-0.0,-0.0,-0.0,0.0,3.0992905993691703e-12,0.0,0.0,0.0,3.02584978573448e-10,-0.0,-0.0,-0.0
0.0024674999999999415,-0.0,-0.0,-0.0,6.171558692409688e-17,0.0,0.0,-0.0,-0.0,-0.0,0.0,3.125167842863358e-12,0.0,0.0,0.0,2.9061555305295697e-10,-0.0,-0.0,-0.0
0.0024699999999999414,-0.0,-0.0,-0.0,6.145525315594289e-17,0.0,0.0,-0.0,-0.0,-0.0,0.0,3.151151994899813e-12,0.0,0.0,0.0,2.791022964873423e-10,-0.0,-0.0,-0.0
0.0024724999999999413,-0.0,-0.0,-0.0,6.119428754037227e-17,0.0,0.0,-0.0,-0.0,-0.0,0.0,3.177242550151817e-12,0.0,0.0,0.0,2.680285357963517e-10,-0.0,-0.0,-0.0
0.0024749999999999412,-0.0,-0.0,-0.0,6.093271443135086e-17,0.0,0.0,-0.0,-0.0,-0.0,0.0,3.2034389959870736e-12,0.0,0.0,0.0,2.57378178900907e-10,-0.0,-0.0,-0.0
0.002477499999999941,-0.0,-0.0,-0.0,6.067055802124722e-17,0.0,0.0,-0.0,-0.0,-0.0,0.0,3.229740813454887e-12,0.0,0.0,0.0,2.47135695533755e-10,-0.0,-0.0,-0.0
0.002479999999999941,-0.0,-0.0,-0.0,6.040784232935172e-17,0.0,0.0,-0.0,-0.0,-0.0,0.0,3.2561474767114562e-12,0.0,0.0,0.0,2.3728609870665996e-10,-0.0,-0.0,-0.0
0.002482499999999941,-0.0,-0.0,-0.0,6.014459120379134e-17,0.0,0.0,-0.0,-0.0,-0.0,0.0,3.282658453128456e-12,0.0,0.0,0.0,2.2781492673219634e-10,-0.0,-0.0,-0.0
0.002484999999999941,-0.0,-0.0,-0.0,5.988082832460603e-17,0.0,0.0,-0.0,-0.0,-0.0,0.0,3.3092732037325987e-12,0.0,0.0,0.0,2.1870822577521164e-10,-0.0,-0.0,-0.0
0.0024874999999999407,-0.0,-0.0,-0.0,5.96165771890476e-17,0.0,0.0,-0.0,-0.0,-0.0,0.0,3.3359911828075345e-12,0.0,0.0,0.0,2.099525329841923e-10,-0.0,-0.0,-0.0
0.0024899999999999406,-0.0,-0.0,-0.0,5.935186112900432e-17,0.0,0.0,-0.0,-0.0,-0.0,0.0,3.3628118383383105e-12,0.0,0.0,0.0,2.015348601448103e-10,-0.0,-0.0,-0.0
0.0024924999999999405,-0.0,-0.0,-0.0,5.908670328587559e-17,0.0,0.0,-0.0,-0.0,-0.0,0.0,3.3897346116715437e-12,0.0,0.0,0.0,1.9344267779859676e-10,-0.0,-0.0,-0.0
0.0024949999999999404,-0.0,-0.0,-0.0,5.88211266361989e-17,0.0,0.0,-0.0,-0.0,-0.0,0.0,3.416758937832742e-12,0.0,0.0,0.0,1.8566389994288453e-10,-0.0,-0.0,-0.0
0.0024974999999999403,-0.0,-0.0,-0.0,5.855515396560679e-17,0.0,0.0,-0.0,-0.0,-0.0,0.0,3.443884245516423e-12,0.0,0.0,0.0,1.7818686909000878e-10,-0.0,-0.0,-0.0
0.00249999999999994,-0.0,-0.0,-0.0,5.828880788273365e-17,0.0,0.0,-0.0,-0.0,-0.0,0.0,3.47110995721099e-12,0.0,0.0,0.0,1.710003419364089e-10,-0.0,-0.0,-0.0
0.00250249999999994,-0.0,-0.0,-0.0,5.802211081094618e-17,0.0,0.0,-0.0,-0.0,-0.0,0.0,3.498435489050915e-12,0.0,0.0,0.0,1.6409347535468855e-10,-0.0,-0.0,-0.0
0.00250499999999994,-0.0,-0.0,-0.0,5.775508499060649e-17,0.0,0.0,-0.0,-0.0,-0.0,0.0,3.525860251217264e-12,0.0,0.0,0.0,1.5745581293407368e-10,-0.0,-0.0,-0.0
0.00250749999999994,-0.0,-0.0,-0.0,5.748775247787452e-17,0.0,0.0,-0.0,-0.0,-0.0,0.0,3.5533836475825897e-12,0.0,0.0,0.0,1.5107727185023808e-10,-0.0,-0.0,-0.0
0.00250999999999994,-0.0,-0.0,-0.0,5.722013514131401e-17,0.0,0.0,-0.0,-0.0,-0.0,0.0,3.581005075973757e-12,0.0,0.0,0.0,1.4494813025163482e-10,-0.0,-0.0,-0.0
0.0025124999999999397,-0.0,-0.0,-0.0,5.695225466085553e-17,0.0,0.0,-0.0,-0.0,-0.0,0.0,3.6087239285166467e-12,0.0,0.0,0.0,1.3905901494846503e-10,-0.0,-0.0,-0.0
0.0025149999999999396,-0.0,-0.0,-0.0,5.668413253130707e-17,0.0,0.0,-0.0,-0.0,-0.0,0.0,3.636539591131879e-12,0.0,0.0,0.0,1.3340088958682567e-10,-0.0,-0.0,-0.0
0.0025174999999999395,-0.0,-0.0,-0.0,5.641579005462532e-17,0.0,0.0,-0.0,-0.0,-0.0,0.0,3.6644514438012315e-12,0.0,0.0,0.0,1.27965043126001e-10,-0.0,-0.0,-0.0
0.0025199999999999394,-0.0,-0.0,-0.0,5.614724834131511e-17,0.0,0.0,-0.0,-0.0,-0.0,0.0,3.692458860918305e-12,0.0,0.0,0.0,1.2274307873566826e-10,-0.0,-0.0,-0.0
0.0025224999999999393,-0.0,-0.0,-0.0,5.587852831735334e-17,0.0,0.0,-0.0,-0.0,-0.0,0.0,3.720561211283971e-12,0.0,0.0,0.0,1.1772690301100974e-10,-0.0,-0.0,-0.0
0.002524999999999939,-0.0,-0.0,-0.0,5.56096507100222e-17,0.0,0.0,-0.0,-0.0,-0.0,0.0,3.7487578576556675e-12,0.0,0.0,0.0,1.1290871558231369e-10,-0.0,-0.0,-0.0
0.002527499999999939,-0.0,-0.0,-0.0,5.5340636056088954e-17,0.0,0.0,-0.0,-0.0,-0.0,0.0,3.777048157392555e-12,0.0,0.0,0.0,1.0828099900725697e-10,-0.0,-0.0,-0.0
0.002529999999999939,-0.0,-0.0,-0.0,5.5071504697787684e-17,0.0,0.0,-0.0,-0.0,-0.0,0.0,3.805431462150961e-12,0.0,0.0,0.0,1.0383650903724144e-10,-0.0,-0.0,-0.0
0.002532499999999939,-0.0,-0.0,-0.0,5.4802276784369534e-17,0.0,0.0,-0.0,-0.0,-0.0,0.0,3.833907118244631e-12,0.0,0.0,0.0,9.956826516376473e-11,-0.0,-0.0,-0.0
0.0025349999999999388,-0.0,-0.0,-0.0,5.453297227472182e-17,0.0,0.0,-0.0,-0.0,-0.0,0.0,3.862474466485023e-12,0.0,0.0,0.0,9.546954149646942e-11,-0.0,-0.0,-0.0
0.0025374999999999387,-0.0,-0.0,-0.0,5.426361092275354e-17,0.0,0.0,-0.0,-0.0,-0.0,0.0,3.891132842165097e-12,0.0,0.0,0.0,9.153385792786845e-11,-0.0,-0.0,-0.0
0.0025399999999999386,-0.0,-0.0,-0.0,5.399421229637418e-17,0.0,0.0,-0.0,-0.0,-0.0,0.0,3.919881575815302e-12,0.0,0.0,0.0,8.775497159260346e-11,-0.0,-0.0,-0.0
0.0025424999999999385,-0.0,-0.0,-0.0,5.3724795760861545e-17,0.0,0.0,-0.0,-0.0,-0.0,0.0,3.948719992038557e-12,0.0,0.0,0.0,8.41268685941313e-11,-0.0,-0.0,-0.0
0.0025449999999999384,-0.0,-0.0,-0.0,5.3455380487081615e-17,0.0,0.0,-0.0,-0.0,-0.0,0.0,3.977647410885992e-12,0.0,0.0,0.0,8.064375601468914e-11,-0.0,-0.0,-0.0
0.0025474999999999383,-0.0,-0.0,-0.0,5.318598545003524e-17,0.0,0.0,-0.0,-0.0,-0.0,0.0,4.006663146676804e-12,0.0,0.0,0.0,7.730005420486348e-11,-0.0,-0.0,-0.0
0.002549999999999938,-0.0,-0.0,-0.0,5.2916629425390304e-17,0.0,0.0,-0.0,-0.0,-0.0,0.0,4.03576650923686e-12,0.0,0.0,0.0,7.40903892733813e-11,-0.0,-0.0,-0.0
0.002552499999999938,-0.0,-0.0,-0.0,5.264733099135656e-17,0.0,0.0,-0.0,-0.0,-0.0,0.0,4.064956803099379e-12,0.0,0.0,0.0,7.100958589068379e-11,-0.0,-0.0,-0.0
0.002554999999999938,-0.0,-0.0,-0.0,5.2378108533670984e-17,0.0,0.0,-0.0,-0.0,-0.0,0.0,4.094233327962594e-12,0.0,0.0,0.0,6.805266028428118e-11,-0.0,-0.0,-0.0
0.002557499999999938,-0.0,-0.0,-0.0,5.21089802318892e-17,0.0,0.0,-0.0,-0.0,-0.0,0.0,4.123595378838431e-12,0.0,0.0,0.0,6.521481349633465e-11,-0.0,-0.0,-0.0
0.0025599999999999378,-0.0,-0.0,-0.0,5.183996407487972e-17,0.0,0.0,-0.0,-0.0,-0.0,0.0,4.153042245629803e-12,0.0,0.0,0.0,6.249142484202185e-11,-0.0,-0.0,-0.0
0.0025624999999999377,-0.0,-0.0,-0.0,5.157107784730062e-17,0.0,0.0,-0.0,-0.0,-0.0,0.0,4.182573213844112e-12,0.0,0.0,0.0,5.987804560174437e-11,-0.0,-0.0,-0.0
0.0025649999999999376,-0.0,-0.0,-0.0,5.130233914192235e-17,0.0,0.0,-0.0,-0.0,-0.0,0.0,4.212187564168737e-12,0.0,0.0,0.0,5.737039291671951e-11,-0.0,-0.0,-0.0
0.0025674999999999375,-0.0,-0.0,-0.0,5.1033765348387816e-17,0.0,0.0,-0.0,-0.0,-0.0,0.0,4.241884572611018e-12,0.0,0.0,0.0,5.4964343904320714e-11,-0.0,-0.0,-0.0
0.0025699999999999374,-0.0,-0.0,-0.0,5.0765373661446836e-17,0.0,0.0,-0.0,-0.0,-0.0,0.0,4.271663510811171e-12,0.0,0.0,0.0,5.265592994570852e-11,-0.0,-0.0,-0.0
0.0025724999999999373,-0.0,-0.0,-0.0,5.0497181077007306e-17,0.0,0.0,-0.0,-0.0,-0.0,0.0,4.3015236458535986e-12,0.0,0.0,0.0,5.0441331186943156e-11,-0.0,-0.0,-0.0
0.002574999999999937,-0.0,-0.0,-0.0,5.022920439231457e-17,0.0,0.0,-0.0,-0.0,-0.0,0.0,4.33146424049504e-12,0.0,0.0,0.0,4.831687121956573e-11,-0.0,-0.0,-0.0
0.002577499999999937,-0.0,-0.0,-0.0,4.996146021015122e-17,0.0,0.0,-0.0,-0.0,-0.0,0.0,4.361484552967655e-12,0.0,0.0,0.0,4.627901193366292e-11,-0.0,-0.0,-0.0
0.002579999999999937,-0.0,-0.0,-0.0,4.9693964933104226e-17,0.0,0.0,-0.0,-0.0,-0.0,0.0,4.391583837464043e-12,0.0,0.0,0.0,4.432434856289894e-11,-0.0,-0.0,-0.0
0.002582499999999937,-0.0,-0.0,-0.0,4.942673476786079e-17,0.0,0.0,-0.0,-0.0,-0.0,0.0,4.4217613438520996e-12,0.0,0.0,0.0,4.2449604876329504e-11,-0.0,-0.0,-0.0
0.0025849999999999367,-0.0,-0.0,-0.0,4.915978572357686e-17,0.0,0.0,-0.0,-0.0,-0.0,0.0,4.452016317549268e-12,0.0,0.0,0.0,4.065162855666132e-11,-0.0,-0.0,-0.0
0.0025874999999999366,-0.0,-0.0,-0.0,4.889313361520017e-17,0.0,0.0,-0.0,-0.0,-0.0,0.0,4.482348000007837e-12,0.0,0.0,0.0,3.892738671453956e-11,-0.0,-0.0,-0.0
0.0025899999999999365,-0.0,-0.0,-0.0,4.862679406191823e-17,0.0,0.0,-0.0,-0.0,-0.0,0.0,4.512755628858971e-12,0.0,0.0,0.0,3.727396157042348e-11,-0.0,-0.0,-0.0
0.0025924999999999364,-0.0,-0.0,-0.0,4.836078248477282e-17,0.0,0.0,-0.0,-0.0,-0.0,0.0,4.543238437248896e-12,0.0,0.0,0.0,3.5688546285997486e-11,-0.0,-0.0,-0.0
0.0025949999999999363,-0.0,-0.0,-0.0,4.8095114113914484e-17,0.0,0.0,-0.0,-0.0,-0.0,0.0,4.5737956547704125e-12,0.0,0.0,0.0,3.4168440923479455e-11,-0.0,-0.0,-0.0
0.0025974999999999362,-0.0,-0.0,-0.0,4.782980398338456e-17,0.0,0.0,-0.0,-0.0,-0.0,0.0,4.604426506697838e-12,0.0,0.0,0.0,3.271104856656389e-11,-0.0,-0.0,-0.0
0.002599999999999936,-0.0,-0.0,-0.0,4.7564866930828064e-17,0.0,0.0,-0.0,-0.0,-0.0,0.0,4.635130214376408e-12,0.0,0.0,0.0,3.131387155090114e-11,-0.0,-0.0,-0.0
0.002602499999999936,-0.0,-0.0,-0.0,4.730031760758153e-17,0.0,0.0,-0.0,-0.0,-0.0,0.0,4.6659059956213796e-12,0.0,0.0,0.0,2.9974507847952984e-11,-0.0,-0.0,-0.0
0.002604999999999936,-0.0,-0.0,-0.0,4.70361704661394e-17,0.0,0.0,-0.0,-0.0,-0.0,0.0,4.696753064105786e-12,0.0,0.0,0.0,2.8690647556015245e-11,-0.0,-0.0,-0.0
0.002607499999999936,-0.0,-0.0,-0.0,4.6772439772171693e-17,0.0,0.0,-0.0,-0.0,-0.0,0.0,4.727670629744917e-12,0.0,0.0,0.0,2.746006952630855e-11,-0.0,-0.0,-0.0
0.0026099999999999357,-0.0,-0.0,-0.0,4.650913959870569e-17,0.0,0.0,-0.0,-0.0,-0.0,0.0,4.75865789833682e-12,0.0,0.0,0.0,2.628063809757912e-11,-0.0,-0.0,-0.0
0.0026124999999999356,-0.0,-0.0,-0.0,4.62462838278895e-17,0.0,0.0,-0.0,-0.0,-0.0,0.0,4.789714072412684e-12,0.0,0.0,0.0,2.5150299949442957e-11,-0.0,-0.0,-0.0
0.0026149999999999355,-0.0,-0.0,-0.0,4.598388615275269e-17,0.0,0.0,-0.0,-0.0,-0.0,0.0,4.8208383502065384e-12,0.0,0.0,0.0,2.406708106412435e-11,-0.0,-0.0,-0.0
0.0026174999999999354,-0.0,-0.0,-0.0,4.572196008167841e-17,0.0,0.0,-0.0,-0.0,-0.0,0.0,4.852029926399513e-12,0.0,0.0,0.0,2.3029083796652647e-11,-0.0,-0.0,-0.0
0.0026199999999999353,-0.0,-0.0,-0.0,4.5460518931081624e-17,0.0,0.0,-0.0,-0.0,-0.0,0.0,4.883287991629902e-12,0.0,0.0,0.0,2.2034484045476698e-11,-0.0,-0.0,-0.0
0.002622499999999935,-0.0,-0.0,-0.0,4.519957583359439e-17,0.0,0.0,-0.0,-0.0,-0.0,0.0,4.914611732655756e-12,0.0,0.0,0.0,2.1081528523328587e-11,-0.0,-0.0,-0.0
0.002624999999999935,-0.0,-0.0,-0.0,4.493914373445257e-17,0.0,0.0,-0.0,-0.0,-0.0,0.0,4.946000332613e-12,0.0,0.0,0.0,2.0168532124873424e-11,-0.0,-0.0,-0.0
0.002627499999999935,-0.0,-0.0,-0.0,4.467923539601085e-17,0.0,0.0,-0.0,-0.0,-0.0,0.0,4.977452970389057e-12,0.0,0.0,0.0,1.9293875388188423e-11,-0.0,-0.0,-0.0
0.002629999999999935,-0.0,-0.0,-0.0,4.441986339509924e-17,0.0,0.0,-0.0,-0.0,-0.0,0.0,5.008968820854145e-12,0.0,0.0,0.0,1.8456002046001403e-11,-0.0,-0.0,-0.0
0.002632499999999935,-0.0,-0.0,-0.0,4.4161040126615876e-17,0.0,0.0,-0.0,-0.0,-0.0,0.0,5.040547055292442e-12,0.0,0.0,0.0,1.7653416659492914e-11,-0.0,-0.0,-0.0
0.0026349999999999347,-0.0,-0.0,-0.0,4.3902777806150096e-17,0.0,0.0,-0.0,-0.0,-0.0,0.0,5.07218684003532e-12,0.0,0.0,0.0,1.6884682344502504e-11,-0.0,-0.0,-0.0
0.0026374999999999346,-0.0,-0.0,-0.0,4.3645088461284817e-17,0.0,0.0,-0.0,-0.0,-0.0,0.0,5.103887337758497e-12,0.0,0.0,0.0,1.61484185723674e-11,-0.0,-0.0,-0.0
0.0026399999999999345,-0.0,-0.0,-0.0,4.338798394724794e-17,0.0,0.0,-0.0,-0.0,-0.0,0.0,5.135647706790121e-12,0.0,0.0,0.0,1.544329905126743e-11,-0.0,-0.0,-0.0
0.0026424999999999344,-0.0,-0.0,-0.0,4.3131475933826e-17,0.0,0.0,-0.0,-0.0,-0.0,0.0,5.1674671006913606e-12,0.0,0.0,0.0,1.4768049682531974e-11,-0.0,-0.0,-0.0
0.0026449999999999343,-0.0,-0.0,-0.0,4.2875575918169415e-17,0.0,0.0,-0.0,-0.0,-0.0,0.0,5.199344668431934e-12,0.0,0.0,0.0,1.4121446592432913e-11,-0.0,-0.0,-0.0
0.002647499999999934,-0.0,-0.0,-0.0,4.262029521431431e-17,0.0,0.0,-0.0,-0.0,-0.0,0.0,5.2312795548780735e-12,0.0,0.0,0.0,1.3502314233913696e-11,-0.0,-0.0,-0.0
0.002649999999999934,-0.0,-0.0,-0.0,4.2365644959790626e-17,0.0,0.0,-0.0,-0.0,-0.0,0.0,5.263270899109609e-12,0.0,0.0,0.0,1.2909523554261622e-11,-0.0,-0.0,-0.0
0.002652499999999934,-0.0,-0.0,-0.0,4.211163611607866e-17,0.0,0.0,-0.0,-0.0,-0.0,0.0,5.295317835919786e-12,0.0,0.0,0.0,1.2341990232538771e-11,-0.0,-0.0,-0.0
0.002654999999999934,-0.0,-0.0,-0.0,4.1858279468944273e-17,0.0,0.0,-0.0,-0.0,-0.0,0.0,5.327419495160002e-12,0.0,0.0,0.0,1.1798672978518398e-11,-0.0,-0.0,-0.0
0.002657499999999934,-0.0,-0.0,-0.0,4.160558562700831e-17,0.0,0.0,-0.0,-0.0,-0.0,0.0,5.359575000111036e-12,0.0,0.0,0.0,1.1278571893608018e-11,-0.0,-0.0,-0.0
0.0026599999999999337,-0.0,-0.0,-0.0,4.1353565023493173e-17,0.0,0.0,-0.0,-0.0,-0.0,0.0,5.39178346996159e-12,0.0,0.0,0.0,1.0780726891342288e-11,-0.0,-0.0,-0.0
0.0026624999999999336,-0.0,-0.0,-0.0,4.1102227912883935e-17,0.0,0.0,-0.0,-0.0,-0.0,0.0,5.42404401777712e-12,0.0,0.0,0.0,1.0304216177446562e-11,-0.0,-0.0,-0.0
0.0026649999999999335,-0.0,-0.0,-0.0,4.085158437481842e-17,0.0,0.0,-0.0,-0.0,-0.0,0.0,5.45635575078512e-12,0.0,0.0,0.0,9.848154780368377e-12,-0.0,-0.0,-0.0
0.0026674999999999334,-0.0,-0.0,-0.0,4.060164431364102e-17,0.0,0.0,-0.0,-0.0,-0.0,0.0,5.488717770366458e-12,0.0,0.0,0.0,9.411693140094376e-12,-0.0,-0.0,-0.0
0.0026699999999999333,-0.0,-0.0,-0.0,4.035241745379329e-17,0.0,0.0,-0.0,-0.0,-0.0,0.0,5.521129172291048e-12,0.0,0.0,0.0,8.99401574793957e-12,-0.0,-0.0,-0.0
0.002672499999999933,-0.0,-0.0,-0.0,4.0103913343125025e-17,0.0,0.0,-0.0,-0.0,-0.0,0.0,5.5535890461141796e-12,0.0,0.0,0.0,8.594339833458697e-12,-0.0,-0.0,-0.0
0.002674999999999933,-0.0,-0.0,-0.0,3.985614134722433e-17,0.0,0.0,-0.0,-0.0,-0.0,0.0,5.586096475139049e-12,0.0,0.0,0.0,8.211914102659476e-12,-0.0,-0.0,-0.0
0.002677499999999933,-0.0,-0.0,-0.0,3.9609110656322774e-17,0.0,0.0,-0.0,-0.0,-0.0,0.0,5.618650536862327e-12,0.0,0.0,0.0,7.846017521826867e-12,-0.0,-0.0,-0.0
0.002679999999999933,-0.0,-0.0,-0.0,3.936283027543073e-17,0.0,0.0,-0.0,-0.0,-0.0,0.0,5.651250303143897e-12,0.0,0.0,0.0,7.495958145128534e-12,-0.0,-0.0,-0.0
0.0026824999999999328,-0.0,-0.0,-0.0,3.9117309030189963e-17,0.0,0.0,-0.0,-0.0,-0.0,0.0,5.683894839079559e-12,0.0,0.0,0.0,7.161071986489104e-12,-0.0,-0.0,-0.0
0.0026849999999999327,-0.0,-0.0,-0.0,3.887255556010004e-17,0.0,0.0,-0.0,-0.0,-0.0,0.0,5.716583204933525e-12,0.0,0.0,0.0,6.840721933555433e-12,-0.0,-0.0,-0.0
0.0026874999999999326,-0.0,-0.0,-0.0,3.8628578320347643e-17,0.0,0.0,-0.0,-0.0,-0.0,0.0,5.749314454889359e-12,0.0,0.0,0.0,6.534296702596053e-12,-0.0,-0.0,-0.0
0.0026899999999999325,-0.0,-0.0,-0.0,3.8385385581275244e-17,0.0,0.0,-0.0,-0.0,-0.0,0.0,5.782087637746969e-12,0.0,0.0,0.0,6.241209828871161e-12,-0.0,-0.0,-0.0
0.0026924999999999324,-0.0,-0.0,-0.0,3.814298542186742e-17,0.0,0.0,-0.0,-0.0,-0.0,0.0,5.814901797686393e-12,0.0,0.0,0.0,5.960898700476023e-12,-0.0,-0.0,-0.0
0.0026949999999999323,-0.0,-0.0,-0.0,3.790138573482709e-17,0.0,0.0,-0.0,-0.0,-0.0,0.0,5.847755974170316e-12,0.0,0.0,0.0,5.6928236220355834e-12,-0.0,-0.0,-0.0
0.002697499999999932,-0.0,-0.0,-0.0,3.766059422489798e-17,0.0,0.0,-0.0,-0.0,-0.0,0.0,5.880649202223988e-12,0.0,0.0,0.0,5.43646691849332e-12,-0.0,-0.0,-0.0
0.002699999999999932,-0.0,-0.0,-0.0,3.742061840449154e-17,0.0,0.0,-0.0,-0.0,-0.0,0.0,5.913580513215168e-12,0.0,0.0,0.0,5.19133207037167e-12,-0.0,-0.0,-0.0
0.002702499999999932,-0.0,-0.0,-0.0,3.718146559708523e-17,0.0,0.0,-0.0,-0.0,-0.0,0.0,5.94654893520535e-12,0.0,0.0,0.0,4.956942880528244e-12,-0.0,-0.0,-0.0
0.002704999999999932,-0.0,-0.0,-0.0,3.694314293348337e-17,0.0,0.0,-0.0,-0.0,-0.0,0.0,5.979553493317649e-12,0.0,0.0,0.0,4.73284267498059e-12,-0.0,-0.0,-0.0
0.0027074999999999317,-0.0,-0.0,-0.0,3.6705657357266536e-17,0.0,0.0,-0.0,-0.0,-0.0,0.0,6.012593210230678e-12,0.0,0.0,0.0,4.518593531914716e-12,-0.0,-0.0,-0.0
0.0027099999999999316,-0.0,-0.0,-0.0,3.646901562029408e-17,0.0,0.0,-0.0,-0.0,-0.0,0.0,6.04566710703389e-12,0.0,0.0,0.0,4.313775540792983e-12,-0.0,-0.0,-0.0
0.0027124999999999315,-0.0,-0.0,-0.0,3.623322428736628e-17,0.0,0.0,-0.0,-0.0,-0.0,0.0,6.078774203245804e-12,0.0,0.0,0.0,4.117986088842639e-12,-0.0,-0.0,-0.0
0.0027149999999999314,-0.0,-0.0,-0.0,3.5998289733965213e-17,0.0,0.0,-0.0,-0.0,-0.0,0.0,6.111913517405578e-12,0.0,0.0,0.0,3.930839175536788e-12,-0.0,-0.0,-0.0
0.0027174999999999313,-0.0,-0.0,-0.0,3.576421815368435e-17,0.0,0.0,-0.0,-0.0,-0.0,0.0,6.145084068131449e-12,0.0,0.0,0.0,3.751964752393565e-12,-0.0,-0.0,-0.0
0.0027199999999999312,-0.0,-0.0,-0.0,3.5531015553783015e-17,0.0,0.0,-0.0,-0.0,-0.0,0.0,6.1782848732157256e-12,0.0,0.0,0.0,3.5810080885868568e-12,-0.0,-0.0,-0.0
0.002722499999999931,-0.0,-0.0,-0.0,3.529868776035628e-17,0.0,0.0,-0.0,-0.0,-0.0,0.0,6.2115149517128084e-12,0.0,0.0,0.0,3.4176291605030186e-12,-0.0,-0.0,-0.0
0.002724999999999931,-0.0,-0.0,-0.0,3.5067240420866094e-17,0.0,0.0,-0.0,-0.0,-0.0,0.0,6.244773323081381e-12,0.0,0.0,0.0,3.261502063977326e-12,-0.0,-0.0,-0.0
0.002727499999999931,-0.0,-0.0,-0.0,3.483667900893877e-17,0.0,0.0,-0.0,-0.0,-0.0,0.0,6.2780590073660206e-12,0.0,0.0,0.0,3.1123144503629152e-12,-0.0,-0.0,-0.0
0.002729999999999931,-0.0,-0.0,-0.0,3.460700882376994e-17,0.0,0.0,-0.0,-0.0,-0.0,0.0,6.311371026956185e-12,0.0,0.0,0.0,2.9697669832464883e-12,-0.0,-0.0,-0.0
0.0027324999999999307,-0.0,-0.0,-0.0,3.437823499386992e-17,0.0,0.0,-0.0,-0.0,-0.0,0.0,6.3447084050921665e-12,0.0,0.0,0.0,2.833572816266952e-12,-0.0,-0.0,-0.0
0.0027349999999999306,-0.0,-0.0,-0.0,3.4150362482892516e-17,0.0,0.0,-0.0,-0.0,-0.0,0.0,6.378070166799735e-12,0.0,0.0,0.0,2.7034570910942506e-12,-0.0,-0.0,-0.0
0.0027374999999999305,-0.0,-0.0,-0.0,3.3923396087339917e-17,0.0,0.0,-0.0,-0.0,-0.0,0.0,6.411455339812964e-12,0.0,0.0,0.0,2.5791564549092548e-12,-0.0,-0.0,-0.0
0.0027399999999999304,-0.0,-0.0,-0.0,3.369734044651111e-17,0.0,0.0,-0.0,-0.0,-0.0,0.0,6.4448629529387394e-12,0.0,0.0,0.0,2.460418596178899e-12,-0.0,-0.0,-0.0
0.0027424999999999303,-0.0,-0.0,-0.0,3.3472200041558194e-17,0.0,0.0,-0.0,-0.0,-0.0,0.0,6.478292037794898e-12,0.0,0.0,0.0,2.347001798841014e-12,-0.0,-0.0,-0.0
0.0027449999999999302,-0.0,-0.0,-0.0,3.3247979197296877e-17,0.0,0.0,-0.0,-0.0,-0.0,0.0,6.5117416282563185e-12,0.0,0.0,0.0,2.238674512663722e-12,-0.0,-0.0,-0.0
0.00274749999999993,-0.0,-0.0,-0.0,3.302468208858672e-17,0.0,0.0,-0.0,-0.0,-0.0,0.0,6.545210760245716e-12,0.0,0.0,0.0,2.135214942293169e-12,-0.0,-0.0,-0.0
0.00274999999999993,-0.0,-0.0,-0.0,3.280231274260723e-17,0.0,0.0,-0.0,-0.0,-0.0,0.0,6.578698472408121e-12,0.0,0.0,0.0,2.036410649889513e-12,-0.0,-0.0,-0.0
0.00275249999999993,-0.0,-0.0,-0.0,3.2580875039779304e-17,0.0,0.0,-0.0,-0.0,-0.0,0.0,6.612203805089353e-12,0.0,0.0,0.0,1.942058175401293e-12,-0.0,-0.0,-0.0
0.00275499999999993,-0.0,-0.0,-0.0,3.2360372719155246e-17,0.0,0.0,-0.0,-0.0,-0.0,0.0,6.6457258017655425e-12,0.0,0.0,0.0,1.8519626699180645e-12,-0.0,-0.0,-0.0
0.0027574999999999297,-0.0,-0.0,-0.0,3.214080937978812e-17,0.0,0.0,-0.0,-0.0,-0.0,0.0,6.679263507997801e-12,0.0,0.0,0.0,1.7659375443697467e-12,-0.0,-0.0,-0.0
0.0027599999999999296,-0.0,-0.0,-0.0,3.192218848204416e-17,0.0,0.0,-0.0,-0.0,-0.0,0.0,6.7128159715401504e-12,0.0,0.0,0.0,1.6838041318950081e-12,-0.0,-0.0,-0.0
0.0027624999999999295,-0.0,-0.0,-0.0,3.1704513350753875e-17,0.0,0.0,-0.0,-0.0,-0.0,0.0,6.746382242313437e-12,0.0,0.0,0.0,1.605391363129491e-12,-0.0,-0.0,-0.0
0.0027649999999999294,-0.0,-0.0,-0.0,3.148778718134026e-17,0.0,0.0,-0.0,-0.0,-0.0,0.0,6.779961372911305e-12,0.0,0.0,0.0,1.530535454295026e-12,-0.0,-0.0,-0.0
0.0027674999999999293,-0.0,-0.0,-0.0,3.127201303580414e-17,0.0,0.0,-0.0,-0.0,-0.0,0.0,6.813552418445505e-12,0.0,0.0,0.0,1.4590796080125366e-12,-0.0,-0.0,-0.0
0.002769999999999929,-0.0,-0.0,-0.0,3.105719384992577e-17,0.0,0.0,-0.0,-0.0,-0.0,0.0,6.847154435439828e-12,0.0,0.0,0.0,1.3908737252687748e-12,-0.0,-0.0,-0.0
0.002772499999999929,-0.0,-0.0,-0.0,3.0843332433463505e-17,0.0,0.0,-0.0,-0.0,-0.0,0.0,6.8807664828678e-12,0.0,0.0,0.0,1.3257741292213727e-12,-0.0,-0.0,-0.0
0.002774999999999929,-0.0,-0.0,-0.0,3.0630431470342324e-17,0.0,0.0,-0.0,-0.0,-0.0,0.0,6.9143876221306904e-12,0.0,0.0,0.0,1.2636433001017896e-12,-0.0,-0.0,-0.0
0.002777499999999929,-0.0,-0.0,-0.0,3.0418493524863144e-17,0.0,0.0,-0.0,-0.0,-0.0,0.0,6.948016916899161e-12,0.0,0.0,0.0,1.2043496200281227e-12,-0.0,-0.0,-0.0
0.002779999999999929,-0.0,-0.0,-0.0,3.0207521038092404e-17,0.0,0.0,-0.0,-0.0,-0.0,0.0,6.981653432815599e-12,0.0,0.0,0.0,1.1477671284149865e-12,-0.0,-0.0,-0.0
0.0027824999999999287,-0.0,-0.0,-0.0,2.99975163362928e-17,0.0,0.0,-0.0,-0.0,-0.0,0.0,7.015296237052719e-12,0.0,0.0,0.0,1.0937752871984593e-12,-0.0,-0.0,-0.0
0.0027849999999999286,-0.0,-0.0,-0.0,2.978848162604182e-17,0.0,0.0,-0.0,-0.0,-0.0,0.0,7.048944399534686e-12,0.0,0.0,0.0,1.0422587550442263e-12,-0.0,-0.0,-0.0
0.0027874999999999285,-0.0,-0.0,-0.0,2.958041900127838e-17,0.0,0.0,-0.0,-0.0,-0.0,0.0,7.08259699209809e-12,0.0,0.0,0.0,9.931071710175795e-13,-0.0,-0.0,-0.0
0.0027899999999999284,-0.0,-0.0,-0.0,2.937333044135968e-17,0.0,0.0,-0.0,-0.0,-0.0,0.0,7.116253088756954e-12,0.0,0.0,0.0,9.46214946576374e-13,-0.0,-0.0,-0.0
0.0027924999999999283,-0.0,-0.0,-0.0,2.9167217812100346e-17,0.0,0.0,-0.0,-0.0,-0.0,0.0,7.149911764848292e-12,0.0,0.0,0.0,9.014810662021872e-13,-0.0,-0.0,-0.0
0.002794999999999928,-0.0,-0.0,-0.0,2.896208287310821e-17,0.0,0.0,-0.0,-0.0,-0.0,0.0,7.183572098713821e-12,0.0,0.0,0.0,8.588088957463186e-13,-0.0,-0.0,-0.0
0.002797499999999928,-0.0,-0.0,-0.0,2.875792727060109e-17,0.0,0.0,-0.0,-0.0,-0.0,0.0,7.2172331700078545e-12,0.0,0.0,0.0,8.181059988167989e-13,-0.0,-0.0,-0.0
0.002799999999999928,-0.0,-0.0,-0.0,2.855475254751479e-17,0.0,0.0,-0.0,-0.0,-0.0,0.0,7.250894060827938e-12,0.0,0.0,0.0,7.792839603437264e-13,-0.0,-0.0,-0.0
0.002802499999999928,-0.0,-0.0,-0.0,2.835256013918821e-17,0.0,0.0,-0.0,-0.0,-0.0,0.0,7.284553854719408e-12,0.0,0.0,0.0,7.422582174501012e-13,-0.0,-0.0,-0.0
0.0028049999999999278,-0.0,-0.0,-0.0,2.815135137539039e-17,0.0,0.0,-0.0,-0.0,-0.0,0.0,7.318211638260215e-12,0.0,0.0,0.0,7.069478970170649e-13,-0.0,-0.0,-0.0
0.0028074999999999277,-0.0,-0.0,-0.0,2.7951127484511527e-17,0.0,0.0,-0.0,-0.0,-0.0,0.0,7.351866499057638e-12,0.0,0.0,0.0,6.732756599697592e-13,-0.0,-0.0,-0.0
0.0028099999999999276,-0.0,-0.0,-0.0,2.7751889592121992e-17,0.0,0.0,-0.0,-0.0,-0.0,0.0,7.385517527050346e-12,0.0,0.0,0.0,6.4116755175821e-13,-0.0,-0.0,-0.0
0.0028124999999999275,-0.0,-0.0,-0.0,2.7553638725627878e-17,0.0,0.0,-0.0,-0.0,-0.0,0.0,7.419163814822845e-12,0.0,0.0,0.0,6.105528592692436e-13,-0.0,-0.0,-0.0
0.0028149999999999274,-0.0,-0.0,-0.0,2.7356375810645048e-17,0.0,0.0,-0.0,-0.0,-0.0,0.0,7.452804456160377e-12,0.0,0.0,0.0,5.81363972998855e-13,-0.0,-0.0,-0.0
0.0028174999999999273,-0.0,-0.0,-0.0,2.7160101676170768e-17,0.0,0.0,-0.0,-0.0,-0.0,0.0,7.486438547823879e-12,0.0,0.0,0.0,5.535362554460686e-13,-0.0,-0.0,-0.0
0.002819999999999927,-0.0,-0.0,-0.0,2.6964817054774695e-17,0.0,0.0,-0.0,-0.0,-0.0,0.0,7.520065187656131e-12,0.0,0.0,0.0,5.270079145350764e-13,-0.0,-0.0,-0.0
0.002822499999999927,-0.0,-0.0,-0.0,2.6770522584407667e-17,0.0,0.0,-0.0,-0.0,-0.0,0.0,7.553683476821353e-12,0.0,0.0,0.0,5.017198823667126e-13,-0.0,-0.0,-0.0
0.002824999999999927,-0.0,-0.0,-0.0,2.6577218807549825e-17,0.0,0.0,-0.0,-0.0,-0.0,0.0,7.587292517603916e-12,0.0,0.0,0.0,4.776156989295825e-13,-0.0,-0.0,-0.0
0.002827499999999927,-0.0,-0.0,-0.0,2.6384906175662177e-17,0.0,0.0,-0.0,-0.0,-0.0,0.0,7.62089141506807e-12,0.0,0.0,0.0,4.546414005997194e-13,-0.0,-0.0,-0.0
0.0028299999999999268,-0.0,-0.0,-0.0,2.6193585048818098e-17,0.0,0.0,-0.0,-0.0,-0.0,0.0,7.65447927634001e-12,0.0,0.0,0.0,4.327454132482291e-13,-0.0,-0.0,-0.0
0.0028324999999999267,-0.0,-0.0,-0.0,2.6003255695401894e-17,0.0,0.0,-0.0,-0.0,-0.0,0.0,7.688055210936111e-12,0.0,0.0,0.0,4.118784497308263e-13,-0.0,-0.0,-0.0
0.0028349999999999266,-0.0,-0.0,-0.0,2.581391829748099e-17,0.0,0.0,-0.0,-0.0,-0.0,0.0,7.721618330183863e-12,0.0,0.0,0.0,3.919934116814633e-13,-0.0,-0.0,-0.0
0.0028374999999999265,-0.0,-0.0,-0.0,2.562557294584355e-17,0.0,0.0,-0.0,-0.0,-0.0,0.0,7.755167748314511e-12,0.0,0.0,0.0,3.730452953101868e-13,-0.0,-0.0,-0.0
0.0028399999999999264,-0.0,-0.0,-0.0,2.543821964940331e-17,0.0,0.0,-0.0,-0.0,-0.0,0.0,7.788702581274651e-12,0.0,0.0,0.0,3.549911011779224e-13,-0.0,-0.0,-0.0
0.0028424999999999262,-0.0,-0.0,-0.0,2.5251858326735074e-17,0.0,0.0,-0.0,-0.0,-0.0,0.0,7.822221947981166e-12,0.0,0.0,0.0,3.3778974767044884e-13,-0.0,-0.0,-0.0
0.002844999999999926,-0.0,-0.0,-0.0,2.5066488816389693e-17,0.0,0.0,-0.0,-0.0,-0.0,0.0,7.85572496912335e-12,0.0,0.0,0.0,3.2140198810926715e-13,-0.0,-0.0,-0.0
0.002847499999999926,-0.0,-0.0,-0.0,2.4882110872520546e-17,0.0,0.0,-0.0,-0.0,-0.0,0.0,7.88921076843013e-12,0.0,0.0,0.0,3.0579033131483204e-13,-0.0,-0.0,-0.0
0.002849999999999926,-0.0,-0.0,-0.0,2.4698724167095198e-17,0.0,0.0,-0.0,-0.0,-0.0,0.0,7.922678471619109e-12,0.0,0.0,0.0,2.9091896548562506e-13,-0.0,-0.0,-0.0
0.002852499999999926,-0.0,-0.0,-0.0,2.4516328292062356e-17,0.0,0.0,-0.0,-0.0,-0.0,0.0,7.956127207049464e-12,0.0,0.0,0.0,2.76753685294577e-13,-0.0,-0.0,-0.0
0.0028549999999999257,-0.0,-0.0,-0.0,2.4334922760018517e-17,0.0,0.0,-0.0,-0.0,-0.0,0.0,7.989556105916153e-12,0.0,0.0,0.0,2.6326182199131725e-13,-0.0,-0.0,-0.0
0.0028574999999999256,-0.0,-0.0,-0.0,2.4154507005849915e-17,0.0,0.0,-0.0,-0.0,-0.0,0.0,8.022964301339314e-12,0.0,0.0,0.0,2.5041217647381773e-13,-0.0,-0.0,-0.0
0.0028599999999999255,-0.0,-0.0,-0.0,2.3975080386442803e-17,0.0,0.0,-0.0,-0.0,-0.0,0.0,8.056350929340025e-12,0.0,0.0,0.0,2.3817495520563103e-13,-0.0,-0.0,-0.0
0.0028624999999999254,-0.0,-0.0,-0.0,2.3796642183283064e-17,0.0,0.0,-0.0,-0.0,-0.0,0.0,8.089715128562264e-12,0.0,0.0,0.0,2.2652170877354087e-13,-0.0,-0.0,-0.0
0.0028649999999999253,-0.0,-0.0,-0.0,2.3619191603577235e-17,0.0,0.0,-0.0,-0.0,-0.0,0.0,8.123056040627587e-12,0.0,0.0,0.0,2.1542527307762433e-13,-0.0,-0.0,-0.0
0.0028674999999999252,-0.0,-0.0,-0.0,2.344272777997742e-17,0.0,0.0,-0.0,-0.0,-0.0,0.0,8.156372809209227e-12,0.0,0.0,0.0,2.0485971301194342e-13,-0.0,-0.0,-0.0
0.002869999999999925,-0.0,-0.0,-0.0,2.326724977404823e-17,0.0,0.0,-0.0,-0.0,-0.0,0.0,8.189664581186787e-12,0.0,0.0,0.0,1.9480026851792332e-13,-0.0,-0.0,-0.0
0.002872499999999925,-0.0,-0.0,-0.0,2.3092756573218816e-17,0.0,0.0,-0.0,-0.0,-0.0,0.0,8.222930506040102e-12,0.0,0.0,0.0,1.8522330293586776e-13,-0.0,-0.0,-0.0
0.002874999999999925,-0.0,-0.0,-0.0,2.2919247097899728e-17,0.0,0.0,-0.0,-0.0,-0.0,0.0,8.25616973588085e-12,0.0,0.0,0.0,1.761062535407264e-13,-0.0,-0.0,-0.0
0.002877499999999925,-0.0,-0.0,-0.0,2.274672019841448e-17,0.0,0.0,-0.0,-0.0,-0.0,0.0,8.289381426302907e-12,0.0,0.0,0.0,1.6742758419605784e-13,-0.0,-0.0,-0.0
0.0028799999999999247,-0.0,-0.0,-0.0,2.25751746547952e-17,0.0,0.0,-0.0,-0.0,-0.0,0.0,8.322564734784881e-12,0.0,0.0,0.0,1.591667400169195e-13,-0.0,-0.0,-0.0
0.0028824999999999246,-0.0,-0.0,-0.0,2.2404609183280552e-17,0.0,0.0,-0.0,-0.0,-0.0,0.0,8.355718822520895e-12,0.0,0.0,0.0,1.5130410399833154e-13,-0.0,-0.0,-0.0
0.0028849999999999245,-0.0,-0.0,-0.0,2.223502243287983e-17,0.0,0.0,-0.0,-0.0,-0.0,0.0,8.388842852979776e-12,0.0,0.0,0.0,1.438209554425123e-13,-0.0,-0.0,-0.0
0.0028874999999999244,-0.0,-0.0,-0.0,2.2066412987816006e-17,0.0,0.0,-0.0,-0.0,-0.0,0.0,8.421935993256772e-12,0.0,0.0,0.0,1.3669943024167944e-13,-0.0,-0.0,-0.0
0.0028899999999999243,-0.0,-0.0,-0.0,2.1898779368157538e-17,0.0,0.0,-0.0,-0.0,-0.0,0.0,8.454997413118143e-12,0.0,0.0,0.0,1.2992248278646326e-13,-0.0,-0.0,-0.0
0.002892499999999924,-0.0,-0.0,-0.0,2.1732120031762253e-17,0.0,0.0,-0.0,-0.0,-0.0,0.0,8.488026285363554e-12,0.0,0.0,0.0,1.2347384958343056e-13,-0.0,-0.0,-0.0
0.002894999999999924,-0.0,-0.0,-0.0,2.1566433375315836e-17,0.0,0.0,-0.0,-0.0,-0.0,0.0,8.521021785859394e-12,0.0,0.0,0.0,1.1733801439231555e-13,-0.0,-0.0,-0.0
0.002897499999999924,-0.0,-0.0,-0.0,2.1401717734090707e-17,0.0,0.0,-0.0,-0.0,-0.0,0.0,8.553983093571882e-12,0.0,0.0,0.0,1.1150017489093497e-13,-0.0,-0.0,-0.0
0.002899999999999924,-0.0,-0.0,-0.0,2.1237971385124406e-17,0.0,0.0,-0.0,-0.0,-0.0,0.0,8.586909390260346e-12,0.0,0.0,0.0,1.0594621077636899e-13,-0.0,-0.0,-0.0
0.002902499999999924,-0.0,-0.0,-0.0,2.107519254486554e-17,0.0,0.0,-0.0,-0.0,-0.0,0.0,8.619799861696354e-12,0.0,0.0,0.0,1.0066265322142256e-13,-0.0,-0.0,-0.0
0.0029049999999999237,-0.0,-0.0,-0.0,2.0913379374003794e-17,0.0,0.0,-0.0,-0.0,-0.0,0.0,8.652653696343247e-12,0.0,0.0,0.0,9.563665570595103e-14,-0.0,-0.0,-0.0
0.0029074999999999236,-0.0,-0.0,-0.0,2.0752529976782174e-17,0.0,0.0,-0.0,-0.0,-0.0,0.0,8.685470085894183e-12,0.0,0.0,0.0,9.085596605831922e-14,-0.0,-0.0,-0.0
0.0029099999999999235,-0.0,-0.0,-0.0,2.0592642401598515e-17,0.0,0.0,-0.0,-0.0,-0.0,0.0,8.718248224785978e-12,0.0,0.0,0.0,8.63088997618853e-14,-0.0,-0.0,-0.0
0.0029124999999999234,-0.0,-0.0,-0.0,2.0433714642427622e-17,0.0,0.0,-0.0,-0.0,-0.0,0.0,8.75098731195113e-12,0.0,0.0,0.0,8.198431438240982e-14,-0.0,-0.0,-0.0
0.0029149999999999233,-0.0,-0.0,-0.0,2.0275744639012845e-17,0.0,0.0,-0.0,-0.0,-0.0,0.0,8.783686548787652e-12,0.0,0.0,0.0,7.787158513861687e-14,-0.0,-0.0,-0.0
0.002917499999999923,-0.0,-0.0,-0.0,2.0118730280671473e-17,0.0,0.0,-0.0,-0.0,-0.0,0.0,8.816345139870576e-12,0.0,0.0,0.0,7.39605815289529e-14,-0.0,-0.0,-0.0
0.002919999999999923,-0.0,-0.0,-0.0,1.9962669403243074e-17,0.0,0.0,-0.0,-0.0,-0.0,0.0,8.848962294204038e-12,0.0,0.0,0.0,7.02416449828468e-14,-0.0,-0.0,-0.0
0.002922499999999923,-0.0,-0.0,-0.0,1.9807559793272396e-17,0.0,0.0,-0.0,-0.0,-0.0,0.0,8.881537222811767e-12,0.0,0.0,0.0,6.670556749002469e-14,-0.0,-0.0,-0.0
0.002924999999999923,-0.0,-0.0,-0.0,1.9653399186593476e-17,0.0,0.0,-0.0,-0.0,-0.0,0.0,8.914069141384718e-12,0.0,0.0,0.0,6.334357117320911e-14,-0.0,-0.0,-0.0
0.002927499999999923,-0.0,-0.0,-0.0,1.950018527241473e-17,0.0,0.0,-0.0,-0.0,-0.0,0.0,8.946557268387346e-12,0.0,0.0,0.0,6.014728875178132e-14,-0.0,-0.0,-0.0
0.0029299999999999227,-0.0,-0.0,-0.0,1.9347915689977224e-17,0.0,0.0,-0.0,-0.0,-0.0,0.0,8.979000826138283e-12,0.0,0.0,0.0,5.710874486515582e-14,-0.0,-0.0,-0.0
0.0029324999999999226,-0.0,-0.0,-0.0,1.919658803414237e-17,0.0,0.0,-0.0,-0.0,-0.0,0.0,9.011399039954846e-12,0.0,0.0,0.0,5.422033823033156e-14,-0.0,-0.0,-0.0
0.0029349999999999225,-0.0,-0.0,-0.0,1.904619985246147e-17,0.0,0.0,-0.0,-0.0,-0.0,0.0,9.043751139422894e-12,0.0,0.0,0.0,5.147482457645554e-14,-0.0,-0.0,-0.0
0.0029374999999999224,-0.0,-0.0,-0.0,1.8896748648026064e-17,0.0,0.0,-0.0,-0.0,-0.0,0.0,9.076056357360682e-12,0.0,0.0,0.0,4.886530033415973e-14,-0.0,-0.0,-0.0
0.0029399999999999223,-0.0,-0.0,-0.0,1.874823187888098e-17,0.0,0.0,-0.0,-0.0,-0.0,0.0,9.10831393020009e-12,0.0,0.0,0.0,4.638518706051644e-14,-0.0,-0.0,-0.0
0.002942499999999922,-0.0,-0.0,-0.0,1.8600646962657087e-17,0.0,0.0,-0.0,-0.0,-0.0,0.0,9.140523097652398e-12,0.0,0.0,0.0,4.4028216540507754e-14,-0.0,-0.0,-0.0
0.002944999999999922,-0.0,-0.0,-0.0,1.845399127334371e-17,0.0,0.0,-0.0,-0.0,-0.0,0.0,9.172683104178414e-12,0.0,0.0,0.0,4.178841655182086e-14,-0.0,-0.0,-0.0
0.002947499999999922,-0.0,-0.0,-0.0,1.8308262142600614e-17,0.0,0.0,-0.0,-0.0,-0.0,0.0,9.20479319685093e-12,0.0,0.0,0.0,3.966009727457366e-14,-0.0,-0.0,-0.0
0.002949999999999922,-0.0,-0.0,-0.0,1.816345686355441e-17,0.0,0.0,-0.0,-0.0,-0.0,0.0,9.236852626639155e-12,0.0,0.0,0.0,3.7637838298292835e-14,-0.0,-0.0,-0.0
0.0029524999999999218,-0.0,-0.0,-0.0,1.8019572689103155e-17,0.0,0.0,-0.0,-0.0,-0.0,0.0,9.268860648620297e-12,0.0,0.0,0.0,3.571647620636044e-14,-0.0,-0.0,-0.0
0.0029549999999999217,-0.0,-0.0,-0.0,1.7876606833159848e-17,0.0,0.0,-0.0,-0.0,-0.0,0.0,9.300816521644251e-12,0.0,0.0,0.0,3.389109272329273e-14,-0.0,-0.0,-0.0
0.0029574999999999216,-0.0,-0.0,-0.0,1.7734556472577104e-17,0.0,0.0,-0.0,-0.0,-0.0,0.0,9.332719508171932e-12,0.0,0.0,0.0,3.215700338413923e-14,-0.0,-0.0,-0.0
0.0029599999999999215,-0.0,-0.0,-0.0,1.7593418746569198e-17,0.0,0.0,-0.0,-0.0,-0.0,0.0,9.364568874112547e-12,0.0,0.0,0.0,3.050974672600986e-14,-0.0,-0.0,-0.0
0.0029624999999999214,-0.0,-0.0,-0.0,1.7453190759308556e-17,0.0,0.0,-0.0,-0.0,-0.0,0.0,9.3963638901409e-12,0.0,0.0,0.0,2.894507394543124e-14,-0.0,-0.0,-0.0
0.0029649999999999213,-0.0,-0.0,-0.0,1.73138695779693e-17,0.0,0.0,-0.0,-0.0,-0.0,0.0,9.428103830058856e-12,0.0,0.0,0.0,2.745893903611678e-14,-0.0,-0.0,-0.0
0.002967499999999921,-0.0,-0.0,-0.0,1.717545223735843e-17,0.0,0.0,-0.0,-0.0,-0.0,0.0,9.45978797174111e-12,0.0,0.0,0.0,2.604748936991488e-14,-0.0,-0.0,-0.0
0.002969999999999921,-0.0,-0.0,-0.0,1.703793573693723e-17,0.0,0.0,-0.0,-0.0,-0.0,0.0,9.49141559678529e-12,0.0,0.0,0.0,2.4707056689468798e-14,-0.0,-0.0,-0.0
0.002972499999999921,-0.0,-0.0,-0.0,1.6901317044035603e-17,0.0,0.0,-0.0,-0.0,-0.0,0.0,9.522985991284235e-12,0.0,0.0,0.0,2.3434148529014423e-14,-0.0,-0.0,-0.0
0.002974999999999921,-0.0,-0.0,-0.0,1.6765593094952384e-17,0.0,0.0,-0.0,-0.0,-0.0,0.0,9.554498444723708e-12,0.0,0.0,0.0,2.2225440002836293e-14,-0.0,-0.0,-0.0
0.0029774999999999207,-0.0,-0.0,-0.0,1.6630760792412622e-17,0.0,0.0,-0.0,-0.0,-0.0,0.0,9.585952250752724e-12,0.0,0.0,0.0,2.1077765978654085e-14,-0.0,-0.0,-0.0
0.0029799999999999206,-0.0,-0.0,-0.0,1.6496817010358785e-17,0.0,0.0,-0.0,-0.0,-0.0,0.0,9.617346707397111e-12,0.0,0.0,0.0,1.998811360499315e-14,-0.0,-0.0,-0.0
0.0029824999999999205,-0.0,-0.0,-0.0,1.636375859335925e-17,0.0,0.0,-0.0,-0.0,-0.0,0.0,9.64868111594243e-12,0.0,0.0,0.0,1.8953615170815005e-14,-0.0,-0.0,-0.0
0.0029849999999999204,-0.0,-0.0,-0.0,1.6231582355753732e-17,0.0,0.0,-0.0,-0.0,-0.0,0.0,9.679954781897967e-12,0.0,0.0,0.0,1.7971541298297034e-14,-0.0,-0.0,-0.0
0.0029874999999999203,-0.0,-0.0,-0.0,1.6100285084372057e-17,0.0,0.0,-0.0,-0.0,-0.0,0.0,9.711167015596154e-12,0.0,0.0,0.0,1.7039294443208136e-14,-0.0,-0.0,-0.0
0.0029899999999999202,-0.0,-0.0,-0.0,1.5969863539570802e-17,0.0,0.0,-0.0,-0.0,-0.0,0.0,9.742317130682864e-12,0.0,0.0,0.0,1.6154402690699366e-14,-0.0,-0.0,-0.0
0.00299249999999992,-0.0,-0.0,-0.0,1.584031445311132e-17,0.0,0.0,-0.0,-0.0,-0.0,0.0,9.773404444897363e-12,0.0,0.0,0.0,1.531451383660969e-14,-0.0,-0.0,-0.0
0.00299499999999992,-0.0,-0.0,-0.0,1.5711634531456967e-17,0.0,0.0,-0.0,-0.0,-0.0,0.0,9.804428280865916e-12,0.0,0.0,0.0,1.4517389737919014e-14,-0.0,-0.0,-0.0
0.00299749999999992,-0.0,-0.0,-0.0,1.55838204573922e-17,0.0,0.0,-0.0,-0.0,-0.0,0.0,9.835387964382049e-12,0.0,0.0,0.0,1.3760900925375397e-14,-0.0,-0.0,-0.0
0.00299999999999992,-0.0,-0.0,-0.0,1.545686888669866e-17,0.0,0.0,-0.0,-0.0,-0.0,0.0,9.866282825579635e-12,0.0,0.0,0.0,1.3043021460768168e-14,-0.0,-0.0,-0.0
0.0030024999999999197,-0.0,-0.0,-0.0,1.533077645320913e-17,0.0,0.0,-0.0,-0.0,-0.0,0.0,9.897112199540417e-12,0.0,0.0,0.0,1.2361824030999324e-14,-0.0,-0.0,-0.0
0.0030049999999999196,-0.0,-0.0,-0.0,1.5205539767022637e-17,0.0,0.0,-0.0,-0.0,-0.0,0.0,9.927875424556187e-12,0.0,0.0,0.0,1.1715475270451347e-14,-0.0,-0.0,-0.0
0.0030074999999999195,-0.0,-0.0,-0.0,1.508115541581714e-17,0.0,0.0,-0.0,-0.0,-0.0,0.0,9.958571843508805e-12,0.0,0.0,0.0,1.1102231296548611e-14,-0.0,-0.0,-0.0
0.0030099999999999194,-0.0,-0.0,-0.0,1.495761996523464e-17,0.0,0.0,-0.0,-0.0,-0.0,0.0,9.989200804089578e-12,0.0,0.0,0.0,1.0520433452889367e-14,-0.0,-0.0,-0.0
0.0030124999999999193,-0.0,-0.0,-0.0,1.4834929960742564e-17,0.0,0.0,-0.0,-0.0,-0.0,0.0,1.0019761656843434e-11,0.0,0.0,0.0,9.968504249080111e-15,-0.0,-0.0,-0.0
0.0030149999999999192,-0.0,-0.0,-0.0,1.471308192622427e-17,0.0,0.0,-0.0,-0.0,-0.0,0.0,1.005025375794497e-11,0.0,0.0,0.0,9.444943488893099e-15,-0.0,-0.0,-0.0
0.003017499999999919,-0.0,-0.0,-0.0,1.459207236670737e-17,0.0,0.0,-0.0,-0.0,-0.0,0.0,1.008067646684256e-11,0.0,0.0,0.0,8.948324577150271e-15,-0.0,-0.0,-0.0
0.003019999999999919,-0.0,-0.0,-0.0,1.447189776754547e-17,0.0,0.0,-0.0,-0.0,-0.0,0.0,1.011102914805775e-11,0.0,0.0,0.0,8.477291000290497e-15,-0.0,-0.0,-0.0
0.003022499999999919,-0.0,-0.0,-0.0,1.4352554596505327e-17,0.0,0.0,-0.0,-0.0,-0.0,0.0,1.0141311169807198e-11,0.0,0.0,0.0,8.030552967830475e-15,-0.0,-0.0,-0.0
0.003024999999999919,-0.0,-0.0,-0.0,1.4234039302393466e-17,0.0,0.0,-0.0,-0.0,-0.0,0.0,1.0171521905013805e-11,0.0,0.0,0.0,7.606884213796869e-15,-0.0,-0.0,-0.0
0.0030274999999999187,-0.0,-0.0,-0.0,1.411634831768511e-17,0.0,0.0,-0.0,-0.0,-0.0,0.0,1.0201660730720485e-11,0.0,0.0,0.0,7.205118943957046e-15,-0.0,-0.0,-0.0
0.0030299999999999186,-0.0,-0.0,-0.0,1.3999478057724008e-17,0.0,0.0,-0.0,-0.0,-0.0,0.0,1.0231727027898343e-11,0.0,0.0,0.0,6.824148928329735e-15,-0.0,-0.0,-0.0
0.0030324999999999185,-0.0,-0.0,-0.0,1.3883424922454e-17,0.0,0.0,-0.0,-0.0,-0.0,0.0,1.0261720182873466e-11,0.0,0.0,0.0,6.4629207280070174e-15,-0.0,-0.0,-0.0
0.0030349999999999184,-0.0,-0.0,-0.0,1.3768185296457198e-17,0.0,0.0,-0.0,-0.0,-0.0,0.0,1.0291639585726576e-11,0.0,0.0,0.0,6.120433054260838e-15,-0.0,-0.0,-0.0
0.0030374999999999183,-0.0,-0.0,-0.0,1.3653755548736691e-17,0.0,0.0,-0.0,-0.0,-0.0,0.0,1.032148463029553e-11,0.0,0.0,0.0,5.7957342484680984e-15,-0.0,-0.0,-0.0
0.003039999999999918,-0.0,-0.0,-0.0,1.3540132034680887e-17,0.0,0.0,-0.0,-0.0,-0.0,0.0,1.0351254716020844e-11,0.0,0.0,0.0,5.48791988301573e-15,-0.0,-0.0,-0.0
0.003042499999999918,-0.0,-0.0,-0.0,1.3427311096885552e-17,0.0,0.0,-0.0,-0.0,-0.0,0.0,1.0380949245921233e-11,0.0,0.0,0.0,5.196130474844335e-15,-0.0,-0.0,-0.0
0.003044999999999918,-0.0,-0.0,-0.0,1.3315289062796474e-17,0.0,0.0,-0.0,-0.0,-0.0,0.0,1.0410567627828575e-11,0.0,0.0,0.0,4.919549305369494e-15,-0.0,-0.0,-0.0
0.003047499999999918,-0.0,-0.0,-0.0,1.3204062250066656e-17,0.0,0.0,-0.0,-0.0,-0.0,0.0,1.0440109273577829e-11,0.0,0.0,0.0,4.657400344299309e-15,-0.0,-0.0,-0.0
0.003049999999999918,-0.0,-0.0,-0.0,1.3093626962340321e-17,0.0,0.0,-0.0,-0.0,-0.0,0.0,1.0469573599632987e-11,0.0,0.0,0.0,4.4089462725664815e-15,-0.0,-0.0,-0.0
0.0030524999999999177,-0.0,-0.0,-0.0,1.2983979492719049e-17,0.0,0.0,-0.0,-0.0,-0.0,0.0,1.0498960027306785e-11,0.0,0.0,0.0,4.17348659601568e-15,-0.0,-0.0,-0.0
0.0030549999999999176,-0.0,-0.0,-0.0,1.287511612401543e-17,0.0,0.0,-0.0,-0.0,-0.0,0.0,1.0528267981735497e-11,0.0,0.0,0.0,3.950355852622212e-15,-0.0,-0.0,-0.0
0.0030574999999999175,-0.0,-0.0,-0.0,1.2767033128007189e-17,0.0,0.0,-0.0,-0.0,-0.0,0.0,1.055749689229692e-11,0.0,0.0,0.0,3.7389219005145086e-15,-0.0,-0.0,-0.0
0.0030599999999999174,-0.0,-0.0,-0.0,1.265972676674807e-17,0.0,0.0,-0.0,-0.0,-0.0,0.0,1.0586646194080578e-11,0.0,0.0,0.0,3.5385842903865415e-15,-0.0,-0.0,-0.0
0.0030624999999999173,-0.0,-0.0,-0.0,1.2553193293338651e-17,0.0,0.0,-0.0,-0.0,-0.0,0.0,1.0615715324766093e-11,0.0,0.0,0.0,3.3487727147691743e-15,-0.0,-0.0,-0.0
0.003064999999999917,-0.0,-0.0,-0.0,1.2447428952923982e-17,0.0,0.0,-0.0,-0.0,-0.0,0.0,1.0644703728603619e-11,0.0,0.0,0.0,3.168945529950701e-15,-0.0,-0.0,-0.0
0.003067499999999917,-0.0,-0.0,-0.0,1.2342429980969451e-17,0.0,0.0,-0.0,-0.0,-0.0,0.0,1.0673610853284231e-11,0.0,0.0,0.0,2.998588350519888e-15,-0.0,-0.0,-0.0
0.003069999999999917,-0.0,-0.0,-0.0,1.223819260600472e-17,0.0,0.0,-0.0,-0.0,-0.0,0.0,1.0702436150145067e-11,0.0,0.0,0.0,2.8372127090212213e-15,-0.0,-0.0,-0.0
0.003072499999999917,-0.0,-0.0,-0.0,1.2134713049605198e-17,0.0,0.0,-0.0,-0.0,-0.0,0.0,1.0731179076710992e-11,0.0,0.0,0.0,2.684354781762824e-15,-0.0,-0.0,-0.0
0.0030749999999999168,-0.0,-0.0,-0.0,1.2031987526630478e-17,0.0,0.0,-0.0,-0.0,-0.0,0.0,1.0759839093532504e-11,0.0,0.0,0.0,2.5395741738998005e-15,-0.0,-0.0,-0.0
0.0030774999999999167,-0.0,-0.0,-0.0,1.19300122447588e-17,0.0,0.0,-0.0,-0.0,-0.0,0.0,1.0788415666945314e-11,0.0,0.0,0.0,2.4024527643192538e-15,-0.0,-0.0,-0.0
0.0030799999999999166,-0.0,-0.0,-0.0,1.1828783407341453e-17,0.0,0.0,-0.0,-0.0,-0.0,0.0,1.0816908266740686e-11,0.0,0.0,0.0,2.27259360518293e-15,-0.0,-0.0,-0.0
0.0030824999999999165,-0.0,-0.0,-0.0,1.1728297211486852e-17,0.0,0.0,-0.0,-0.0,-0.0,0.0,1.0845316367872278e-11,0.0,0.0,0.0,2.1496198747381124e-15,-0.0,-0.0,-0.0
0.0030849999999999164,-0.0,-0.0,-0.0,1.162854984970995e-17,0.0,0.0,-0.0,-0.0,-0.0,0.0,1.0873639449825093e-11,0.0,0.0,0.0,2.0331738808192655e-15,-0.0,-0.0,-0.0
0.0030874999999999163,-0.0,-0.0,-0.0,1.1529537509918428e-17,0.0,0.0,-0.0,-0.0,-0.0,0.0,1.0901876996188966e-11,0.0,0.0,0.0,1.922916111791872e-15,-0.0,-0.0,-0.0
0.003089999999999916,-0.0,-0.0,-0.0,1.1431256376772395e-17,0.0,0.0,-0.0,-0.0,-0.0,0.0,1.0930028494874157e-11,0.0,0.0,0.0,1.8185243344454775e-15,-0.0,-0.0,-0.0
0.003092499999999916,-0.0,-0.0,-0.0,1.1333702630298901e-17,0.0,0.0,-0.0,-0.0,-0.0,0.0,1.0958093439845411e-11,0.0,0.0,0.0,1.7196927343745862e-15,-0.0,-0.0,-0.0
0.003094999999999916,-0.0,-0.0,-0.0,1.123687244882088e-17,0.0,0.0,-0.0,-0.0,-0.0,0.0,1.0986071327670642e-11,0.0,0.0,0.0,1.6261310990626085e-15,-0.0,-0.0,-0.0
0.003097499999999916,-0.0,-0.0,-0.0,1.1140762007117938e-17,0.0,0.0,-0.0,-0.0,-0.0,0.0,1.1013961660765686e-11,0.0,0.0,0.0,1.5375640398352895e-15,-0.0,-0.0,-0.0
0.0030999999999999158,-0.0,-0.0,-0.0,1.1045367478195929e-17,0.0,0.0,-0.0,-0.0,-0.0,0.0,1.1041763945449623e-11,0.0,0.0,0.0,1.4537302523668178e-15,-0.0,-0.0,-0.0
0.0031024999999999157,-0.0,-0.0,-0.0,1.0950685032380912e-17,0.0,0.0,-0.0,-0.0,-0.0,0.0,1.1069477693033455e-11,0.0,0.0,0.0,1.3743818123716611e-15,-0.0,-0.0,-0.0
0.0031049999999999156,-0.0,-0.0,-0.0,1.0856710839695661e-17,0.0,0.0,-0.0,-0.0,-0.0,0.0,1.1097102419170147e-11,0.0,0.0,0.0,1.2992835063389096e-15,-0.0,-0.0,-0.0
0.0031074999999999155,-0.0,-0.0,-0.0,1.0763441068935905e-17,0.0,0.0,-0.0,-0.0,-0.0,0.0,1.1124637643634612e-11,0.0,0.0,0.0,1.2282121947674208e-15,-0.0,-0.0,-0.0
0.0031099999999999153,-0.0,-0.0,-0.0,1.0670871887438188e-17,0.0,0.0,-0.0,-0.0,-0.0,0.0,1.1152082892304203e-11,0.0,0.0,0.0,1.1609562059389075e-15,-0.0,-0.0,-0.0
0.0031124999999999152,-0.0,-0.0,-0.0,1.057899946338944e-17,0.0,0.0,-0.0,-0.0,-0.0,0.0,1.1179437693422362e-11,0.0,0.0,0.0,1.0973147603456858e-15,-0.0,-0.0,-0.0
0.003114999999999915,-0.0,-0.0,-0.0,1.0487819965124222e-17,0.0,0.0,-0.0,-0.0,-0.0,0.0,1.1206701581339426e-11,0.0,0.0,0.0,1.037097422578112e-15,-0.0,-0.0,-0.0
0.003117499999999915,-0.0,-0.0,-0.0,1.039732956067629e-17,0.0,0.0,-0.0,-0.0,-0.0,0.0,1.1233874094755741e-11,0.0,0.0,0.0,9.801235804116454e-16,-0.0,-0.0,-0.0
0.003119999999999915,-0.0,-0.0,-0.0,1.0307524418999805e-17,0.0,0.0,-0.0,-0.0,-0.0,0.0,1.1260954776497444e-11,0.0,0.0,0.0,9.26221949445988e-16,-0.0,-0.0,-0.0
0.003122499999999915,-0.0,-0.0,-0.0,1.021840071093843e-17,0.0,0.0,-0.0,-0.0,-0.0,0.0,1.1287943174627003e-11,0.0,0.0,0.0,8.752301021226416e-16,-0.0,-0.0,-0.0
0.0031249999999999147,-0.0,-0.0,-0.0,1.0129954609355067e-17,0.0,0.0,-0.0,-0.0,-0.0,0.0,1.1314838840438402e-11,0.0,0.0,0.0,8.269940199523206e-16,-0.0,-0.0,-0.0
0.0031274999999999146,-0.0,-0.0,-0.0,1.0042182287875295e-17,0.0,0.0,-0.0,-0.0,-0.0,0.0,1.1341641331804738e-11,0.0,0.0,0.0,7.813676678383e-16,-0.0,-0.0,-0.0
0.0031299999999999145,-0.0,-0.0,-0.0,9.955079923451815e-18,0.0,0.0,-0.0,-0.0,-0.0,0.0,1.1368350209380354e-11,0.0,0.0,0.0,7.382125894334451e-16,-0.0,-0.0,-0.0
0.0031324999999999144,-0.0,-0.0,-0.0,9.868643694902381e-18,0.0,0.0,-0.0,-0.0,-0.0,0.0,1.1394965038832208e-11,0.0,0.0,0.0,6.973975225186103e-16,-0.0,-0.0,-0.0
0.0031349999999999143,-0.0,-0.0,-0.0,9.78286978482639e-18,0.0,0.0,-0.0,-0.0,-0.0,0.0,1.1421485391296012e-11,0.0,0.0,0.0,6.587980334370943e-16,-0.0,-0.0,-0.0
0.0031374999999999142,-0.0,-0.0,-0.0,9.697754378170997e-18,0.0,0.0,-0.0,-0.0,-0.0,0.0,1.1447910841573827e-11,0.0,0.0,0.0,6.222961696654006e-16,-0.0,-0.0,-0.0
0.003139999999999914,-0.0,-0.0,-0.0,9.613293664497647e-18,0.0,0.0,-0.0,-0.0,-0.0,0.0,1.1474240969257824e-11,0.0,0.0,0.0,5.877801296552142e-16,-0.0,-0.0,-0.0
0.003142499999999914,-0.0,-0.0,-0.0,9.529483837124351e-18,0.0,0.0,-0.0,-0.0,-0.0,0.0,1.15004753585025e-11,0.0,0.0,0.0,5.55143949029029e-16,-0.0,-0.0,-0.0
0.003144999999999914,-0.0,-0.0,-0.0,9.446321093258758e-18,0.0,0.0,-0.0,-0.0,-0.0,0.0,1.1526613598251005e-11,0.0,0.0,0.0,5.242872025792804e-16,-0.0,-0.0,-0.0
0.003147499999999914,-0.0,-0.0,-0.0,9.363801634689178e-18,0.0,0.0,-0.0,-0.0,-0.0,0.0,1.155265528154992e-11,0.0,0.0,0.0,4.951147209022448e-16,-0.0,-0.0,-0.0
0.0031499999999999137,-0.0,-0.0,-0.0,9.281921668268759e-18,0.0,0.0,-0.0,-0.0,-0.0,0.0,1.1578600005999599e-11,0.0,0.0,0.0,4.675363213631869e-16,-0.0,-0.0,-0.0
0.0031524999999999136,-0.0,-0.0,-0.0,9.200677406564728e-18,0.0,0.0,-0.0,-0.0,-0.0,0.0,1.1604447374668855e-11,0.0,0.0,0.0,4.4146655239279216e-16,-0.0,-0.0,-0.0
0.0031549999999999135,-0.0,-0.0,-0.0,9.120065066499866e-18,0.0,0.0,-0.0,-0.0,-0.0,0.0,1.1630196994032317e-11,0.0,0.0,0.0,4.168244507365882e-16,-0.0,-0.0,-0.0
0.0031574999999999134,-0.0,-0.0,-0.0,9.040080871650017e-18,0.0,0.0,-0.0,-0.0,-0.0,0.0,1.1655848475798021e-11,0.0,0.0,0.0,3.935333107100723e-16,-0.0,-0.0,-0.0
0.0031599999999999133,-0.0,-0.0,-0.0,8.960721050888698e-18,0.0,0.0,-0.0,-0.0,-0.0,0.0,1.168140143575661e-11,0.0,0.0,0.0,3.7152046508070065e-16,-0.0,-0.0,-0.0
0.003162499999999913,-0.0,-0.0,-0.0,8.881981839744575e-18,0.0,0.0,-0.0,-0.0,-0.0,0.0,1.1706855494929664e-11,0.0,0.0,0.0,3.5071707715043936e-16,-0.0,-0.0,-0.0
0.003164999999999913,-0.0,-0.0,-0.0,8.803859480828089e-18,0.0,0.0,-0.0,-0.0,-0.0,0.0,1.1732210277948686e-11,0.0,0.0,0.0,3.3105794296618053e-16,-0.0,-0.0,-0.0
0.003167499999999913,-0.0,-0.0,-0.0,8.72635022234447e-18,0.0,0.0,-0.0,-0.0,-0.0,0.0,1.1757465414668593e-11,0.0,0.0,0.0,3.12481303830305e-16,-0.0,-0.0,-0.0
0.003169999999999913,-0.0,-0.0,-0.0,8.649450320629647e-18,0.0,0.0,-0.0,-0.0,-0.0,0.0,1.178262053923816e-11,0.0,0.0,0.0,2.949286680594606e-16,-0.0,-0.0,-0.0
0.003172499999999913,-0.0,-0.0,-0.0,8.573156039169558e-18,0.0,0.0,-0.0,-0.0,-0.0,0.0,1.1807675290326268e-11,0.0,0.0,0.0,2.783446417974404e-16,-0.0,-0.0,-0.0
0.0031749999999999127,-0.0,-0.0,-0.0,8.497463648687172e-18,0.0,0.0,-0.0,-0.0,-0.0,0.0,1.1832629311350067e-11,0.0,0.0,0.0,2.626767685332081e-16,-0.0,-0.0,-0.0
0.0031774999999999126,-0.0,-0.0,-0.0,8.422369427733269e-18,0.0,0.0,-0.0,-0.0,-0.0,0.0,1.185748224976925e-11,0.0,0.0,0.0,2.478753764705746e-16,-0.0,-0.0,-0.0
0.0031799999999999125,-0.0,-0.0,-0.0,8.347869663420359e-18,0.0,0.0,-0.0,-0.0,-0.0,0.0,1.1882233757779809e-11,0.0,0.0,0.0,2.338934339463537e-16,-0.0,-0.0,-0.0
0.0031824999999999124,-0.0,-0.0,-0.0,8.273960650322375e-18,0.0,0.0,-0.0,-0.0,-0.0,0.0,1.190688349207524e-11,0.0,0.0,0.0,2.2068641194799902e-16,-0.0,-0.0,-0.0
0.0031849999999999123,-0.0,-0.0,-0.0,8.200638692688041e-18,0.0,0.0,-0.0,-0.0,-0.0,0.0,1.1931431114311976e-11,0.0,0.0,0.0,2.0821215377634215e-16,-0.0,-0.0,-0.0
0.003187499999999912,-0.0,-0.0,-0.0,8.127900102199988e-18,0.0,0.0,-0.0,-0.0,-0.0,0.0,1.1955876289689574e-11,0.0,0.0,0.0,1.964307513140883e-16,-0.0,-0.0,-0.0
0.003189999999999912,-0.0,-0.0,-0.0,8.055741200802092e-18,0.0,0.0,-0.0,-0.0,-0.0,0.0,1.1980218688355184e-11,0.0,0.0,0.0,1.8530442750679085e-16,-0.0,-0.0,-0.0
0.003192499999999912,-0.0,-0.0,-0.0,7.984158318328306e-18,0.0,0.0,-0.0,-0.0,-0.0,0.0,1.2004457985164988e-11,0.0,0.0,0.0,1.7479742502397673e-16,-0.0,-0.0,-0.0
0.003194999999999912,-0.0,-0.0,-0.0,7.913147795118182e-18,0.0,0.0,-0.0,-0.0,-0.0,0.0,1.2028593859202669e-11,0.0,0.0,0.0,1.648759004351204e-16,-0.0,-0.0,-0.0
0.003197499999999912,-0.0,-0.0,-0.0,7.842705980464643e-18,0.0,0.0,-0.0,-0.0,-0.0,0.0,1.2052625994008442e-11,0.0,0.0,0.0,1.5550782394264369e-16,-0.0,-0.0,-0.0
0.0031999999999999117,-0.0,-0.0,-0.0,7.772829233612685e-18,0.0,0.0,-0.0,-0.0,-0.0,0.0,1.2076554077332768e-11,0.0,0.0,0.0,1.4666288414499298e-16,-0.0,-0.0,-0.0
0.0032024999999999116,-0.0,-0.0,-0.0,7.703513923490059e-18,0.0,0.0,-0.0,-0.0,-0.0,0.0,1.2100377802083101e-11,0.0,0.0,0.0,1.3831239777056927e-16,-0.0,-0.0,-0.0
0.0032049999999999115,-0.0,-0.0,-0.0,7.634756430122477e-18,0.0,0.0,-0.0,-0.0,-0.0,0.0,1.2124096865123812e-11,0.0,0.0,0.0,1.3042922401605769e-16,-0.0,-0.0,-0.0
0.0032074999999999114,-0.0,-0.0,-0.0,7.56655314298243e-18,0.0,0.0,-0.0,-0.0,-0.0,0.0,1.2147710967023624e-11,0.0,0.0,0.0,1.229876832686682e-16,-0.0,-0.0,-0.0
0.0032099999999999113,-0.0,-0.0,-0.0,7.498900462400781e-18,0.0,0.0,-0.0,-0.0,-0.0,0.0,1.217121981444625e-11,0.0,0.0,0.0,1.1596348008142655e-16,-0.0,-0.0,-0.0
0.003212499999999911,-0.0,-0.0,-0.0,7.43179479914366e-18,0.0,0.0,-0.0,-0.0,-0.0,0.0,1.2194623116782563e-11,0.0,0.0,0.0,1.0933363004399028e-16,-0.0,-0.0,-0.0
0.003214999999999911,-0.0,-0.0,-0.0,7.365232575766542e-18,0.0,0.0,-0.0,-0.0,-0.0,0.0,1.2217920589265573e-11,0.0,0.0,0.0,1.0307639050766312e-16,-0.0,-0.0,-0.0
0.003217499999999911,-0.0,-0.0,-0.0,7.299210225011797e-18,0.0,0.0,-0.0,-0.0,-0.0,0.0,1.2241111950071302e-11,0.0,0.0,0.0,9.7171194823221e-17,-0.0,-0.0,-0.0
0.003219999999999911,-0.0,-0.0,-0.0,7.233724191017158e-18,0.0,0.0,-0.0,-0.0,-0.0,0.0,1.2264196922962197e-11,0.0,0.0,0.0,9.159859004097816e-17,-0.0,-0.0,-0.0
0.0032224999999999108,-0.0,-0.0,-0.0,7.168770929470632e-18,0.0,0.0,-0.0,-0.0,-0.0,0.0,1.2287175235589493e-11,0.0,0.0,0.0,8.634017780744894e-17,-0.0,-0.0,-0.0
0.0032249999999999107,-0.0,-0.0,-0.0,7.104346908044732e-18,0.0,0.0,-0.0,-0.0,-0.0,0.0,1.231004661972109e-11,0.0,0.0,0.0,8.137855834151196e-17,-0.0,-0.0,-0.0
0.0032274999999999106,-0.0,-0.0,-0.0,7.040448605277676e-18,0.0,0.0,-0.0,-0.0,-0.0,0.0,1.2332810811961807e-11,0.0,0.0,0.0,7.669727733055004e-17,-0.0,-0.0,-0.0
0.0032299999999999105,-0.0,-0.0,-0.0,6.97707251200439e-18,0.0,0.0,-0.0,-0.0,-0.0,0.0,1.2355467553014294e-11,0.0,0.0,0.0,7.228077556532851e-17,-0.0,-0.0,-0.0
0.0032324999999999104,-0.0,-0.0,-0.0,6.9142151314848714e-18,0.0,0.0,-0.0,-0.0,-0.0,0.0,1.2378016587911572e-11,0.0,0.0,0.0,6.81143412398688e-17,-0.0,-0.0,-0.0
0.0032349999999999103,-0.0,-0.0,-0.0,6.851872978172284e-18,0.0,0.0,-0.0,-0.0,-0.0,0.0,1.2400457666251181e-11,0.0,0.0,0.0,6.418406469567998e-17,-0.0,-0.0,-0.0
0.00323749999999991,-0.0,-0.0,-0.0,6.790042579777213e-18,0.0,0.0,-0.0,-0.0,-0.0,0.0,1.2422790540959059e-11,0.0,0.0,0.0,6.047679556784754e-17,-0.0,-0.0,-0.0
0.00323999999999991,-0.0,-0.0,-0.0,6.728720475894901e-18,0.0,0.0,-0.0,-0.0,-0.0,0.0,1.2445014970730158e-11,0.0,0.0,0.0,5.698010215052273e-17,-0.0,-0.0,-0.0
0.00324249999999991,-0.0,-0.0,-0.0,6.667903218821409e-18,0.0,0.0,-0.0,-0.0,-0.0,0.0,1.2467130717565204e-11,0.0,0.0,0.0,5.36822328990487e-17,-0.0,-0.0,-0.0
0.00324499999999991,-0.0,-0.0,-0.0,6.60758737354575e-18,0.0,0.0,-0.0,-0.0,-0.0,0.0,1.2489137548232892e-11,0.0,0.0,0.0,5.057207994969059e-17,-0.0,-0.0,-0.0
0.0032474999999999097,-0.0,-0.0,-0.0,6.547769517614856e-18,0.0,0.0,-0.0,-0.0,-0.0,0.0,1.2511035233025579e-11,0.0,0.0,0.0,4.763914455395967e-17,-0.0,-0.0,-0.0
0.0032499999999999096,-0.0,-0.0,-0.0,6.488446242421865e-18,0.0,0.0,-0.0,-0.0,-0.0,0.0,1.2532823547227745e-11,0.0,0.0,0.0,4.487350433585885e-17,-0.0,-0.0,-0.0
0.0032524999999999095,-0.0,-0.0,-0.0,6.4296141511207464e-18,0.0,0.0,-0.0,-0.0,-0.0,0.0,1.255450227061474e-11,0.0,0.0,0.0,4.2265782258715813e-17,-0.0,-0.0,-0.0
0.0032549999999999094,-0.0,-0.0,-0.0,6.3712698609412684e-18,0.0,0.0,-0.0,-0.0,-0.0,0.0,1.2576071185950192e-11,0.0,0.0,0.0,3.980711724612092e-17,-0.0,-0.0,-0.0
0.0032574999999999093,-0.0,-0.0,-0.0,6.313410002385593e-18,0.0,0.0,-0.0,-0.0,-0.0,0.0,1.2597530081703684e-11,0.0,0.0,0.0,3.748913633947163e-17,-0.0,-0.0,-0.0
0.0032599999999999092,-0.0,-0.0,-0.0,6.256031218468636e-18,0.0,0.0,-0.0,-0.0,-0.0,0.0,1.2618878749306328e-11,0.0,0.0,0.0,3.530392833276457e-17,-0.0,-0.0,-0.0
0.003262499999999909,-0.0,-0.0,-0.0,6.199130166825381e-18,0.0,0.0,-0.0,-1.0655009680139622e-300,-0.0,0.0,1.264011698537702e-11,0.0,0.0,0.0,3.3244018797053435e-17,-0.0,-0.0,-0.0
0.003264999999999909,-0.0,-0.0,-0.0,6.142703518058883e-18,0.0,0.0,-0.0,-1.0335359389735434e-298,-0.0,0.0,1.2661244589214718e-11,0.0,0.0,0.0,3.1302346438151776e-17,-0.0,-0.0,-0.0
0.003267499999999909,-0.0,-0.0,-0.0,6.086747956709263e-18,0.0,0.0,-0.0,-1.0476538267997284e-296,-0.0,0.0,1.2682261366033248e-11,0.0,0.0,0.0,2.9472240694442025e-17,-0.0,-0.0,-0.0
0.003269999999999909,-0.0,-0.0,-0.0,6.0312601807407776e-18,0.0,0.0,-0.0,-1.006793462927845e-294,-0.0,0.0,1.2703167124952601e-11,0.0,0.0,0.0,2.774740053435387e-17,-0.0,-0.0,-0.0
0.0032724999999999087,-0.0,-0.0,-0.0,5.9762369022407115e-18,0.0,0.0,-0.0,-9.1926182320983e-293,-0.0,0.0,1.2723961677727036e-11,0.0,0.0,0.0,2.612187437752102e-17,-0.0,-0.0,-0.0
0.0032749999999999086,-0.0,-0.0,-0.0,5.921674847613875e-18,0.0,0.0,-0.0,-7.980943466454574e-291,-0.0,0.0,1.2744644842246184e-11,0.0,0.0,0.0,2.4590041082256942e-17,-0.0,-0.0,-0.0
0.0032774999999999085,-0.0,-0.0,-0.0,5.867570756607404e-18,0.0,0.0,-0.0,-6.593495465773295e-289,-0.0,0.0,1.276521643850037e-11,0.0,0.0,0.0,2.3146591953945028e-17,-0.0,-0.0,-0.0
0.0032799999999999084,-0.0,-0.0,-0.0,5.813921383574908e-18,0.0,0.0,-0.0,-5.187374615783547e-287,-0.0,0.0,1.2785676292089013e-11,0.0,0.0,0.0,2.178651370329205e-17,-0.0,-0.0,-0.0
0.0032824999999999083,-0.0,-0.0,-0.0,5.76072349685126e-18,0.0,0.0,-0.0,-3.889267221945418e-285,-0.0,0.0,1.2806024232447752e-11,0.0,0.0,0.0,2.0505072322549378e-17,-0.0,-0.0,-0.0
0.0032849999999999082,-0.0,-0.0,-0.0,5.7079738795167605e-18,0.0,0.0,-0.0,-2.780917472709924e-283,-0.0,0.0,1.282626009257782e-11,0.0,0.0,0.0,1.929779782157359e-17,-0.0,-0.0,-0.0
0.003287499999999908,-0.0,-0.0,-0.0,5.655669328330824e-18,0.0,0.0,-0.0,-1.8976433985562447e-281,-0.0,0.0,1.2846383709790738e-11,0.0,0.0,0.0,1.8160469779538113e-17,-0.0,-0.0,-0.0
0.003289999999999908,-0.0,-0.0,-0.0,5.603806654942907e-18,0.0,0.0,-0.0,-1.2366523499916103e-279,-0.0,0.0,1.2866394925950247e-11,0.0,0.0,0.0,1.708910367735895e-17,-0.0,-0.0,-0.0
0.003292499999999908,-0.0,-0.0,-0.0,5.552382685390157e-18,0.0,0.0,-0.0,-7.701617162047507e-278,-0.0,0.0,1.2886293585168509e-11,0.0,0.0,0.0,1.6079937954338303e-17,-0.0,-0.0,-0.0
0.003294999999999908,-0.0,-0.0,-0.0,5.501394260167793e-18,0.0,0.0,-0.0,-4.5867683315144345e-276,-0.0,0.0,1.2906079538116357e-11,0.0,0.0,0.0,1.512942177109242e-17,-0.0,-0.0,-0.0
0.0032974999999999077,-0.0,-0.0,-0.0,5.4508382347280624e-18,0.0,0.0,-0.0,-2.6140039175752205e-274,-0.0,0.0,1.292575263819428e-11,0.0,0.0,0.0,1.4234203422457205e-17,-0.0,-0.0,-0.0
0.0032999999999999076,-0.0,-0.0,-0.0,5.400711478776681e-18,0.0,0.0,-0.0,-1.4264579349872514e-272,-0.0,0.0,1.2945312742020297e-11,0.0,0.0,0.0,1.3391119378307221e-17,-0.0,-0.0,-0.0
0.0033024999999999075,-0.0,-0.0,-0.0,5.351010877303284e-18,0.0,0.0,-0.0,-7.458279724620829e-271,-0.0,0.0,1.2964759711203485e-11,0.0,0.0,0.0,1.2597183918042541e-17,-0.0,-0.0,-0.0
0.0033049999999999074,-0.0,-0.0,-0.0,5.30173332935138e-18,0.0,0.0,-0.0,-3.738643019511149e-269,-0.0,0.0,1.2984093411566236e-11,0.0,0.0,0.0,1.1849579318458531e-17,-0.0,-0.0,-0.0
0.0033074999999999073,-0.0,-0.0,-0.0,5.252875749561131e-18,0.0,0.0,-0.0,-1.7978305435582165e-267,-0.0,0.0,1.3003313711845556e-11,0.0,0.0,0.0,1.1145646578822351e-17,-0.0,-0.0,-0.0
0.003309999999999907,-0.0,-0.0,-0.0,5.204435066947624e-18,0.0,0.0,-0.0,-8.29854500001493e-266,-0.0,0.0,1.3022420485215724e-11,0.0,0.0,0.0,1.0482876643950265e-17,-0.0,-0.0,-0.0
0.003312499999999907,-0.0,-0.0,-0.0,5.156408225890898e-18,0.0,0.0,-0.0,-3.6789844033839116e-264,-0.0,0.0,1.3041413609275793e-11,0.0,0.0,0.0,9.858902104365794e-18,-0.0,-0.0,-0.0
0.003314999999999907,-0.0,-0.0,-0.0,5.108792185352496e-18,0.0,0.0,-0.0,-1.567388002380482e-262,-0.0,0.0,1.3060292964747227e-11,0.0,0.0,0.0,9.271489347807204e-18,-0.0,-0.0,-0.0
0.003317499999999907,-0.0,-0.0,-0.0,5.061583919637518e-18,0.0,0.0,-0.0,-6.420856773072061e-261,-0.0,0.0,1.3079058436228227e-11,0.0,0.0,0.0,8.718531134112519e-18,-0.0,-0.0,-0.0
0.003319999999999907,-0.0,-0.0,-0.0,5.01478041812237e-18,0.0,0.0,-0.0,-2.5305695712401586e-259,-0.0,0.0,1.3097709912437061e-11,0.0,0.0,0.0,8.198039578885162e-18,-0.0,-0.0,-0.0
0.0033224999999999067,-0.0,-0.0,-0.0,4.968378684997395e-18,0.0,0.0,-0.0,-9.600394471797353e-258,-0.0,0.0,1.3116247286716732e-11,0.0,0.0,0.0,7.708139514056678e-18,-0.0,-0.0,-0.0
0.0033249999999999066,-0.0,-0.0,-0.0,4.922375740094803e-18,0.0,0.0,-0.0,-3.5078244182939045e-256,-0.0,0.0,1.3134670454687185e-11,0.0,0.0,0.0,7.247062213941945e-18,-0.0,-0.0,-0.0
0.0033274999999999065,-0.0,-0.0,-0.0,4.876768617740715e-18,0.0,0.0,-0.0,-1.2350739547555808e-254,-0.0,0.0,1.3152979316558915e-11,0.0,0.0,0.0,6.813139464244399e-18,-0.0,-0.0,-0.0
0.0033299999999999064,-0.0,-0.0,-0.0,4.831554368060063e-18,0.0,0.0,-0.0,-4.192555215682482e-253,-0.0,0.0,1.3171173777121967e-11,0.0,0.0,0.0,6.404797950994429e-18,-0.0,-0.0,-0.0
0.0033324999999999063,-0.0,-0.0,-0.0,4.786730056220426e-18,0.0,0.0,-0.0,-1.3728268522204522e-251,-0.0,0.0,1.3189253743388269e-11,0.0,0.0,0.0,6.020553962176398e-18,-0.0,-0.0,-0.0
0.003334999999999906,-0.0,-0.0,-0.0,4.7422927626547755e-18,0.0,0.0,-0.0,-4.338308953571882e-250,-0.0,0.0,1.3207219127175978e-11,0.0,0.0,0.0,5.659008374913441e-18,-0.0,-0.0,-0.0
0.003337499999999906,-0.0,-0.0,-0.0,4.698239583178225e-18,0.0,0.0,-0.0,-1.3237493280311495e-248,-0.0,0.0,1.322506984431502e-11,0.0,0.0,0.0,5.318841920411515e-18,-0.0,-0.0,-0.0
0.003339999999999906,-0.0,-0.0,-0.0,4.654567628637553e-18,0.0,0.0,-0.0,-3.901941303378913e-247,-0.0,0.0,1.3242805812538477e-11,0.0,0.0,0.0,4.998810708724524e-18,-0.0,-0.0,-0.0
0.003342499999999906,-0.0,-0.0,-0.0,4.6112740254915485e-18,0.0,0.0,-0.0,-1.1116061638896865e-245,-0.0,0.0,1.3260426956433782e-11,0.0,0.0,0.0,4.697741997437285e-18,-0.0,-0.0,-0.0
0.0033449999999999058,-0.0,-0.0,-0.0,4.568355915453975e-18,0.0,0.0,-0.0,-3.0620931067861646e-244,-0.0,0.0,1.3277933201410547e-11,0.0,0.0,0.0,4.414530196895786e-18,-0.0,-0.0,-0.0
0.0033474999999999057,-0.0,-0.0,-0.0,4.5258104556038185e-18,0.0,0.0,-0.0,-8.159839259411685e-243,-0.0,0.0,1.3295324477080154e-11,0.0,0.0,0.0,4.148133091199547e-18,-0.0,-0.0,-0.0
0.0033499999999999056,-0.0,-0.0,-0.0,4.48363481839867e-18,0.0,0.0,-0.0,-2.1044360194775244e-241,-0.0,0.0,1.3312600718032695e-11,0.0,0.0,0.0,3.897568271883421e-18,-0.0,-0.0,-0.0
0.0033524999999999055,-0.0,-0.0,-0.0,4.441826191687256e-18,0.0,0.0,-0.0,-5.254998356209731e-240,-0.0,0.0,1.3329761861720206e-11,0.0,0.0,0.0,3.661909766268922e-18,-0.0,-0.0,-0.0
0.0033549999999999054,-0.0,-0.0,-0.0,4.4003817787191955e-18,0.0,0.0,-0.0,-1.2711030145820656e-238,-0.0,0.0,1.3346807849489636e-11,0.0,0.0,0.0,3.440284852083378e-18,-0.0,-0.0,-0.0
0.0033574999999999053,-0.0,-0.0,-0.0,4.359298798239448e-18,0.0,0.0,-0.0,-2.979515189242792e-237,-0.0,0.0,1.3363738625510193e-11,0.0,0.0,0.0,3.2318710506102034e-18,-0.0,-0.0,-0.0
0.003359999999999905,-0.0,-0.0,-0.0,4.318574484234654e-18,0.0,0.0,-0.0,-6.770946968224268e-236,-0.0,0.0,1.3380554137809996e-11,0.0,0.0,0.0,3.035893283327108e-18,-0.0,-0.0,-0.0
0.003362499999999905,-0.0,-0.0,-0.0,4.278206086029876e-18,0.0,0.0,-0.0,-1.492352365349074e-234,-0.0,0.0,1.3397254339054102e-11,0.0,0.0,0.0,2.8516211898269766e-18,-0.0,-0.0,-0.0
0.003364999999999905,-0.0,-0.0,-0.0,4.238190868883307e-18,0.0,0.0,-0.0,-3.19144752834998e-233,-0.0,0.0,1.3413839184412518e-11,0.0,0.0,0.0,2.6783665918264005e-18,-0.0,-0.0,-0.0
0.003367499999999905,-0.0,-0.0,-0.0,4.198526112799567e-18,0.0,0.0,-0.0,-6.624783236754047e-232,-0.0,0.0,1.3430308632597971e-11,0.0,0.0,0.0,2.5154811002150527e-18,-0.0,-0.0,-0.0
0.0033699999999999048,-0.0,-0.0,-0.0,4.159209113713415e-18,0.0,0.0,-0.0,-1.335345548074402e-230,-0.0,0.0,1.3446662646380074e-11,0.0,0.0,0.0,2.3623538543783314e-18,-0.0,-0.0,-0.0
0.0033724999999999047,-0.0,-0.0,-0.0,4.1202371829746186e-18,0.0,0.0,-0.0,-2.6146962860812667e-229,-0.0,0.0,1.3462901191772243e-11,0.0,0.0,0.0,2.2184093878776292e-18,-0.0,-0.0,-0.0
0.0033749999999999046,-0.0,-0.0,-0.0,4.081607646940333e-18,0.0,0.0,-0.0,-4.975299631243483e-228,-0.0,0.0,1.3479024238545452e-11,0.0,0.0,0.0,2.0831056134845342e-18,-0.0,-0.0,-0.0
0.0033774999999999045,-0.0,-0.0,-0.0,4.043317847708835e-18,0.0,0.0,-0.0,-9.203430386283648e-227,-0.0,0.0,1.3495031758877779e-11,0.0,0.0,0.0,1.955931920139783e-18,-0.0,-0.0,-0.0
0.0033799999999999043,-0.0,-0.0,-0.0,4.005365142700755e-18,0.0,0.0,-0.0,-1.6556638387660987e-225,-0.0,0.0,1.3510923730001387e-11,0.0,0.0,0.0,1.836407377487036e-18,-0.0,-0.0,-0.0
0.0033824999999999042,-0.0,-0.0,-0.0,3.9677469046543824e-18,0.0,0.0,-0.0,-2.8976329570925353e-224,-0.0,0.0,1.3526700131519828e-11,0.0,0.0,0.0,1.7240790397727196e-18,-0.0,-0.0,-0.0
0.003384999999999904,-0.0,-0.0,-0.0,3.930460522007915e-18,0.0,0.0,-0.0,-4.9353464275521114e-223,-0.0,0.0,1.3542360946454113e-11,0.0,0.0,0.0,1.618520345879834e-18,-0.0,-0.0,-0.0
0.003387499999999904,-0.0,-0.0,-0.0,3.8935033980254044e-18,0.0,0.0,-0.0,-8.183644480767661e-222,-0.0,0.0,1.3557906162029958e-11,0.0,0.0,0.0,1.5193296085911264e-18,-0.0,-0.0,-0.0
0.003389999999999904,-0.0,-0.0,-0.0,3.8568729518780025e-18,0.0,0.0,-0.0,-1.3215391516092445e-220,-0.0,0.0,1.3573335768320738e-11,0.0,0.0,0.0,1.426128588968376e-18,-0.0,-0.0,-0.0
0.003392499999999904,-0.0,-0.0,-0.0,3.8205666178477e-18,0.0,0.0,-0.0,-2.079047452816595e-219,-0.0,0.0,1.3588649758228105e-11,0.0,0.0,0.0,1.3385611510932038e-18,-0.0,-0.0,-0.0
0.0033949999999999037,-0.0,-0.0,-0.0,3.784581845322226e-18,0.0,0.0,-0.0,-3.1874576126464533e-218,-0.0,0.0,1.3603848129072678e-11,0.0,0.0,0.0,1.2562919921575764e-18,-0.0,-0.0,-0.0
0.0033974999999999036,-0.0,-0.0,-0.0,3.748916099455827e-18,0.0,0.0,-0.0,-4.7638966206962324e-217,-0.0,0.0,1.3618930880698117e-11,0.0,0.0,0.0,1.1790054448858129e-18,-0.0,-0.0,-0.0
0.0033999999999999035,-0.0,-0.0,-0.0,3.713566860394464e-18,0.0,0.0,-0.0,-6.943174955750021e-216,-0.0,0.0,1.3633898016525705e-11,0.0,0.0,0.0,1.1064043468048741e-18,-0.0,-0.0,-0.0
0.0034024999999999034,-0.0,-0.0,-0.0,3.678531623633868e-18,0.0,0.0,-0.0,-9.87118994665223e-215,-0.0,0.0,1.3648749543538315e-11,0.0,0.0,0.0,1.0382089740889727e-18,-0.0,-0.0,-0.0
0.0034049999999999033,-0.0,-0.0,-0.0,3.643807899850229e-18,0.0,0.0,-0.0,-1.3694055843081958e-213,-0.0,0.0,1.36634854711814e-11,0.0,0.0,0.0,9.741560353593497e-19,-0.0,-0.0,-0.0
0.0034074999999999032,-0.0,-0.0,-0.0,3.60939321516663e-18,0.0,0.0,-0.0,-1.8542969736300912e-212,-0.0,0.0,1.3678105813505034e-11,0.0,0.0,0.0,9.139977226414869e-19,-0.0,-0.0,-0.0
0.003409999999999903,-0.0,-0.0,-0.0,3.575285110623807e-18,0.0,0.0,-0.0,-2.4515593752034852e-211,-0.0,0.0,1.369261058644397e-11,0.0,0.0,0.0,8.575008161360019e-19,-0.0,-0.0,-0.0
0.003412499999999903,-0.0,-0.0,-0.0,3.541481142658772e-18,0.0,0.0,-0.0,-3.16556134963073e-210,-0.0,0.0,1.3706999809961123e-11,0.0,0.0,0.0,8.04445839815355e-19,-0.0,-0.0,-0.0
0.003414999999999903,-0.0,-0.0,-0.0,3.5079788829299405e-18,0.0,0.0,-0.0,-3.993295817053051e-209,-0.0,0.0,1.3721273506404495e-11,0.0,0.0,0.0,7.546262651254886e-19,-0.0,-0.0,-0.0
0.003417499999999903,-0.0,-0.0,-0.0,3.4747759178731105e-18,0.0,0.0,-0.0,-4.922774186369337e-208,-0.0,0.0,1.3735431702385581e-11,0.0,0.0,0.0,7.078477597776043e-19,-0.0,-0.0,-0.0
0.0034199999999999027,-0.0,-0.0,-0.0,3.4418698492347236e-18,0.0,0.0,-0.0,-5.932111893170444e-207,-0.0,0.0,1.3749474427406852e-11,0.0,0.0,0.0,6.639274796591763e-19,-0.0,-0.0,-0.0
0.0034224999999999026,-0.0,-0.0,-0.0,3.4092582939641246e-18,0.0,0.0,-0.0,-6.989580906899597e-206,-0.0,0.0,1.3763401713025516e-11,0.0,0.0,0.0,6.22693400909537e-19,-0.0,-0.0,-0.0
0.0034249999999999025,-0.0,-0.0,-0.0,3.376938883842447e-18,0.0,0.0,-0.0,-8.054801452115466e-205,-0.0,0.0,1.377721359527998e-11,0.0,0.0,0.0,5.839836902348995e-19,-0.0,-0.0,-0.0
0.0034274999999999024,-0.0,-0.0,-0.0,3.3449092656585176e-18,0.0,0.0,-0.0,-9.08109297573501e-204,-0.0,0.0,1.3790910112770102e-11,0.0,0.0,0.0,5.476461112123861e-19,-0.0,-0.0,-0.0
0.0034299999999999023,-0.0,-0.0,-0.0,3.313167101306907e-18,0.0,0.0,-0.0,-1.001882648387877e-202,-0.0,0.0,1.3804491307180882e-11,0.0,0.0,0.0,5.135374645785899e-19,-0.0,-0.0,-0.0
0.003432499999999902,-0.0,-0.0,-0.0,3.2817100676178247e-18,0.0,0.0,-0.0,-1.081944880982868e-201,-0.0,0.0,1.381795722271667e-11,0.0,0.0,0.0,4.8152306059325e-19,-0.0,-0.0,-0.0
0.003434999999999902,-0.0,-0.0,-0.0,3.250535856192811e-18,0.0,0.0,-0.0,-1.143971812360836e-200,-0.0,0.0,1.3831307907994852e-11,0.0,0.0,0.0,4.514762216739112e-19,-0.0,-0.0,-0.0
0.003437499999999902,-0.0,-0.0,-0.0,3.219642173566466e-18,0.0,0.0,-0.0,-1.1845627311688059e-199,-0.0,0.0,1.3844543413843035e-11,0.0,0.0,0.0,4.232778135968246e-19,-0.0,-0.0,-0.0
0.003439999999999902,-0.0,-0.0,-0.0,3.189026741039768e-18,0.0,0.0,-0.0,-1.2015513369865522e-198,-0.0,0.0,1.3857663793549744e-11,0.0,0.0,0.0,3.9681580365332676e-19,-0.0,-0.0,-0.0
0.003442499999999902,-0.0,-0.0,-0.0,3.158687294832509e-18,0.0,0.0,-0.0,-1.1941955442096833e-197,-0.0,0.0,1.387066910421463e-11,0.0,0.0,0.0,3.7198484424043268e-19,-0.0,-0.0,-0.0
0.0034449999999999017,-0.0,-0.0,-0.0,3.128621585976486e-18,0.0,0.0,-0.0,-1.1632233670099647e-196,-0.0,0.0,1.3883559405360597e-11,0.0,0.0,0.0,3.4868588044808337e-19,-0.0,-0.0,-0.0
0.0034474999999999016,-0.0,-0.0,-0.0,3.098827379843196e-18,0.0,0.0,-0.0,-1.1107324611202814e-195,-0.0,0.0,1.389633476028546e-11,0.0,0.0,0.0,3.268257802853383e-19,-0.0,-0.0,-0.0
0.0034499999999999015,-0.0,-0.0,-0.0,3.0693024569107393e-18,0.0,0.0,-0.0,-1.0399609833828377e-194,-0.0,0.0,1.3908995234122078e-11,0.0,0.0,0.0,3.063169862633522e-19,-0.0,-0.0,-0.0
0.0034524999999999014,-0.0,-0.0,-0.0,3.0400446119793727e-18,0.0,0.0,-0.0,-9.549637624373513e-194,-0.0,0.0,1.3921540896291358e-11,0.0,0.0,0.0,2.870771871237998e-19,-0.0,-0.0,-0.0
0.0034549999999999013,-0.0,-0.0,-0.0,3.0110516546202995e-18,0.0,0.0,-0.0,-8.602378108057728e-193,-0.0,0.0,1.3933971817183242e-11,0.0,0.0,0.0,2.690290085690727e-19,-0.0,-0.0,-0.0
0.003457499999999901,-0.0,-0.0,-0.0,2.9823214089469478e-18,0.0,0.0,-0.0,-7.603437873636058e-192,-0.0,0.0,1.3946288071713637e-11,0.0,0.0,0.0,2.5209972191423225e-19,-0.0,-0.0,-0.0
0.003459999999999901,-0.0,-0.0,-0.0,2.953851713453636e-18,0.0,0.0,-0.0,-6.595654728229098e-191,-0.0,0.0,1.3958489737380428e-11,0.0,0.0,0.0,2.3622096964070323e-19,-0.0,-0.0,-0.0
0.003462499999999901,-0.0,-0.0,-0.0,2.9256404210922392e-18,0.0,0.0,-0.0,-5.616392299140029e-190,-0.0,0.0,1.3970576894243387e-11,0.0,0.0,0.0,2.2132850688896237e-19,-0.0,-0.0,-0.0
0.003464999999999901,-0.0,-0.0,-0.0,2.8976853993414234e-18,0.0,0.0,-0.0,-4.6957216288928175e-189,-0.0,0.0,1.398254962462707e-11,0.0,0.0,0.0,2.073619579892225e-19,-0.0,-0.0,-0.0
0.0034674999999999008,-0.0,-0.0,-0.0,2.8699845299837764e-18,0.0,0.0,-0.0,-3.8555384378367375e-188,-0.0,0.0,1.3994408014482703e-11,0.0,0.0,0.0,1.9426458711410827e-19,-0.0,-0.0,-0.0
0.0034699999999999007,-0.0,-0.0,-0.0,2.842535709118406e-18,0.0,0.0,-0.0,-3.1095430016052077e-187,-0.0,0.0,1.4006152152541975e-11,0.0,0.0,0.0,1.8198308242031215e-19,-0.0,-0.0,-0.0
0.0034724999999999006,-0.0,-0.0,-0.0,2.815336847168328e-18,0.0,0.0,-0.0,-2.4639203019143856e-186,-0.0,0.0,1.4017782129742893e-11,0.0,0.0,0.0,1.7046735259983708e-19,-0.0,-0.0,-0.0
0.0034749999999999005,-0.0,-0.0,-0.0,2.788385868608743e-18,0.0,0.0,-0.0,-1.9185084843945283e-185,-0.0,0.0,1.4029298040041134e-11,0.0,0.0,0.0,1.5967033548451457e-19,-0.0,-0.0,-0.0
0.0034774999999999004,-0.0,-0.0,-0.0,2.7616807123084107e-18,0.0,0.0,-0.0,-1.4682327626224005e-184,-0.0,0.0,1.4040699980390993e-11,0.0,0.0,0.0,1.4954781772801256e-19,-0.0,-0.0,-0.0
0.0034799999999999003,-0.0,-0.0,-0.0,2.7352193310362844e-18,0.0,0.0,-0.0,-1.1046026916498052e-183,-0.0,0.0,1.4051988049894576e-11,0.0,0.0,0.0,1.400582650655729e-19,-0.0,-0.0,-0.0
0.0034824999999999,-0.0,-0.0,-0.0,2.708999691796693e-18,0.0,0.0,-0.0,-8.17112638433042e-183,-0.0,0.0,1.4063162350335857e-11,0.0,0.0,0.0,1.3116266258824727e-19,-0.0,-0.0,-0.0
0.0034849999999999,-0.0,-0.0,-0.0,2.6830197755581992e-18,0.0,0.0,-0.0,-5.944369984462346e-182,-0.0,0.0,1.4074222987275096e-11,0.0,0.0,0.0,1.2282436425759423e-19,-0.0,-0.0,-0.0
0.0034874999999999,-0.0,-0.0,-0.0,2.6572775773623675e-18,0.0,0.0,-0.0,-4.253633297305561e-181,-0.0,0.0,1.4085170067526869e-11,0.0,0.0,0.0,1.150089513830869e-19,-0.0,-0.0,-0.0
0.0034899999999999,-0.0,-0.0,-0.0,2.6317711058494087e-18,0.0,0.0,-0.0,-2.99450907191945e-180,-0.0,0.0,1.40960037010866e-11,0.0,0.0,0.0,1.0768409932203442e-19,-0.0,-0.0,-0.0
0.0034924999999998998,-0.0,-0.0,-0.0,2.60649838389174e-18,0.0,0.0,-0.0,-2.074352216901702e-179,-0.0,0.0,1.4106724001113515e-11,0.0,0.0,0.0,1.0081945208978692e-19,-0.0,-0.0,-0.0
0.0034949999999998997,-0.0,-0.0,-0.0,2.5814574479094268e-18,0.0,0.0,-0.0,-1.4141954063425297e-178,-0.0,0.0,1.4117331081680293e-11,0.0,0.0,0.0,9.438650432039338e-20,-0.0,-0.0,-0.0
0.0034974999999998996,-0.0,-0.0,-0.0,2.556646348233875e-18,0.0,0.0,-0.0,-9.49039002999944e-178,-0.0,0.0,1.4127825061937769e-11,0.0,0.0,0.0,8.835849018939156e-20,-0.0,-0.0,-0.0
0.0034999999999998995,-0.0,-0.0,-0.0,2.5320631488455837e-18,0.0,0.0,-0.0,-6.27022293325184e-177,-0.0,0.0,1.4138206061073186e-11,0.0,0.0,0.0,8.271027892998025e-20,-0.0,-0.0,-0.0
0.0035024999999998994,-0.0,-0.0,-0.0,2.5077059274207953e-18,0.0,0.0,-0.0,-4.0792626968325515e-176,-0.0,0.0,1.4148474202757428e-11,0.0,0.0,0.0,7.741827646178601e-20,-0.0,-0.0,-0.0
0.0035049999999998993,-0.0,-0.0,-0.0,2.4835727750773264e-18,0.0,0.0,-0.0,-2.613692952674168e-175,-0.0,0.0,1.4158629611493702e-11,0.0,0.0,0.0,7.246033290098056e-20,-0.0,-0.0,-0.0
0.003507499999999899,-0.0,-0.0,-0.0,2.4596617966666468e-18,0.0,0.0,-0.0,-1.6495863353421555e-174,-0.0,0.0,1.4168672415954279e-11,0.0,0.0,0.0,6.781565551222818e-20,-0.0,-0.0,-0.0
0.003509999999999899,-0.0,-0.0,-0.0,2.4359711103223073e-18,0.0,0.0,-0.0,-1.0256885110351048e-173,-0.0,0.0,1.4178602745603006e-11,0.0,0.0,0.0,6.346472683370317e-20,-0.0,-0.0,-0.0
0.003512499999999899,-0.0,-0.0,-0.0,2.4124988477470617e-18,0.0,0.0,-0.0,-6.284160213041736e-173,-0.0,0.0,1.4188420734316647e-11,0.0,0.0,0.0,5.938922765897525e-20,-0.0,-0.0,-0.0
0.003514999999999899,-0.0,-0.0,-0.0,2.3892431539593426e-18,0.0,0.0,-0.0,-3.794378886182296e-172,-0.0,0.0,1.4198126516162626e-11,0.0,0.0,0.0,5.557196460229817e-20,-0.0,-0.0,-0.0
0.0035174999999998987,-0.0,-0.0,-0.0,2.3662021872851007e-18,0.0,0.0,-0.0,-2.258214689669583e-171,-0.0,0.0,1.4207720229303703e-11,0.0,0.0,0.0,5.1996801955118766e-20,-0.0,-0.0,-0.0
0.0035199999999998986,-0.0,-0.0,-0.0,2.3433741193462504e-18,0.0,0.0,-0.0,-1.324918883820512e-170,-0.0,0.0,1.4217202013736988e-11,0.0,0.0,0.0,4.864859762330032e-20,-0.0,-0.0,-0.0
0.0035224999999998985,-0.0,-0.0,-0.0,2.3207571348162773e-18,0.0,0.0,-0.0,-7.664439172917574e-170,-0.0,0.0,1.4226572011553079e-11,0.0,0.0,0.0,4.5513142866099136e-20,-0.0,-0.0,-0.0
0.0035249999999998984,-0.0,-0.0,-0.0,2.2983494316412194e-18,0.0,0.0,-0.0,-4.372250939200712e-169,-0.0,0.0,1.4235830368042792e-11,0.0,0.0,0.0,4.257710563794009e-20,-0.0,-0.0,-0.0
0.0035274999999998983,-0.0,-0.0,-0.0,2.27614922083903e-18,0.0,0.0,-0.0,-2.4599656892098127e-168,-0.0,0.0,1.4244977229990283e-11,0.0,0.0,0.0,3.982797731450907e-20,-0.0,-0.0,-0.0
0.0035299999999998982,-0.0,-0.0,-0.0,2.254154726306272e-18,0.0,0.0,-0.0,-1.3652653346260651e-167,-0.0,0.0,1.4254012745933135e-11,0.0,0.0,0.0,3.725402259927993e-20,-0.0,-0.0,-0.0
0.003532499999999898,-0.0,-0.0,-0.0,2.232364185030021e-18,0.0,0.0,-0.0,-7.475375471528318e-167,-0.0,0.0,1.4262937069244338e-11,0.0,0.0,0.0,3.484423244567132e-20,-0.0,-0.0,-0.0
0.003534999999999898,-0.0,-0.0,-0.0,2.210775846846491e-18,0.0,0.0,-0.0,-4.038684418152001e-166,-0.0,0.0,1.4271750352758255e-11,0.0,0.0,0.0,3.258827977010575e-20,-0.0,-0.0,-0.0
0.003537499999999898,-0.0,-0.0,-0.0,2.189387974426351e-18,0.0,0.0,-0.0,-2.1532772874729431e-165,-0.0,0.0,1.4280452752979559e-11,0.0,0.0,0.0,3.0476477858011055e-20,-0.0,-0.0,-0.0
0.003539999999999898,-0.0,-0.0,-0.0,2.1681988432996123e-18,0.0,0.0,-0.0,-1.133116252770375e-164,-0.0,0.0,1.428904442809032e-11,0.0,0.0,0.0,2.8499741239690045e-20,-0.0,-0.0,-0.0
0.0035424999999998977,-0.0,-0.0,-0.0,2.14720674145102e-18,0.0,0.0,-0.0,-5.886050149944452e-164,-0.0,0.0,1.4297525539625436e-11,0.0,0.0,0.0,2.6649548929950418e-20,-0.0,-0.0,-0.0
0.0035449999999998976,-0.0,-0.0,-0.0,2.1264099697765203e-18,0.0,0.0,-0.0,-3.0186177905777044e-163,-0.0,0.0,1.4305896249345425e-11,0.0,0.0,0.0,2.4917909884292924e-20,-0.0,-0.0,-0.0
0.0035474999999998975,-0.0,-0.0,-0.0,2.1058068416755848e-18,0.0,0.0,-0.0,-1.5285719259104692e-162,-0.0,0.0,1.4314156722891885e-11,0.0,0.0,0.0,2.3297330522502863e-20,-0.0,-0.0,-0.0
0.0035499999999998974,-0.0,-0.0,-0.0,2.085395683118351e-18,0.0,0.0,-0.0,-7.643905870480086e-162,-0.0,0.0,1.4322307128072958e-11,0.0,0.0,0.0,2.1780784229599053e-20,-0.0,-0.0,-0.0
0.0035524999999998973,-0.0,-0.0,-0.0,2.0651748324175084e-18,0.0,0.0,-0.0,-3.775320499916668e-161,-0.0,0.0,1.4330347633145878e-11,0.0,0.0,0.0,2.0361682676277768e-20,-0.0,-0.0,-0.0
0.0035549999999998972,-0.0,-0.0,-0.0,2.0451426404157956e-18,0.0,0.0,-0.0,-1.8418656617316018e-160,-0.0,0.0,1.433827841047769e-11,0.0,0.0,0.0,1.9033848893744455e-20,-0.0,-0.0,-0.0
0.003557499999999897,-0.0,-0.0,-0.0,2.025297470297335e-18,0.0,0.0,-0.0,-8.877354076015452e-160,-0.0,0.0,1.4346099633412604e-11,0.0,0.0,0.0,1.7791491963695056e-20,-0.0,-0.0,-0.0
0.003559999999999897,-0.0,-0.0,-0.0,2.005637697406161e-18,0.0,0.0,-0.0,-4.2275202777200117e-159,-0.0,0.0,1.4353811477952348e-11,0.0,0.0,0.0,1.6629183245836882e-20,-0.0,-0.0,-0.0
0.003562499999999897,-0.0,-0.0,-0.0,1.9861617094255245e-18,0.0,0.0,-0.0,-1.989384817056332e-158,-0.0,0.0,1.4361414121035592e-11,0.0,0.0,0.0,1.554183404977461e-20,-0.0,-0.0,-0.0
0.003564999999999897,-0.0,-0.0,-0.0,1.966867906153333e-18,0.0,0.0,-0.0,-9.252018752866108e-158,-0.0,0.0,1.4368907743640906e-11,0.0,0.0,0.0,1.4524674652301806e-20,-0.0,-0.0,-0.0
0.0035674999999998967,-0.0,-0.0,-0.0,1.947754699480042e-18,0.0,0.0,-0.0,-4.252964686684125e-157,-0.0,0.0,1.4376292526794637e-11,0.0,0.0,0.0,1.3573234602372587e-20,-0.0,-0.0,-0.0
0.0035699999999998966,-0.0,-0.0,-0.0,1.9288205133254786e-18,0.0,0.0,-0.0,-1.932577356562353e-156,-0.0,0.0,1.4383568654674669e-11,0.0,0.0,0.0,1.268332421437328e-20,-0.0,-0.0,-0.0
0.0035724999999998965,-0.0,-0.0,-0.0,1.9100637835756584e-18,0.0,0.0,-0.0,-8.68207284627526e-156,-0.0,0.0,1.4390736313741404e-11,0.0,0.0,0.0,1.18510171919163e-20,-0.0,-0.0,-0.0
0.0035749999999998964,-0.0,-0.0,-0.0,1.891482958019673e-18,0.0,0.0,-0.0,-3.8565797318008404e-155,-0.0,0.0,1.4397795691011929e-11,0.0,0.0,0.0,1.1072634310028652e-20,-0.0,-0.0,-0.0
0.0035774999999998963,-0.0,-0.0,-0.0,1.873076496323156e-18,0.0,0.0,-0.0,-1.6940406087852378e-154,-0.0,0.0,1.4404746976316234e-11,0.0,0.0,0.0,1.0344728092683038e-20,-0.0,-0.0,-0.0
0.003579999999999896,-0.0,-0.0,-0.0,1.854842869816017e-18,0.0,0.0,-0.0,-7.359317617626806e-154,-0.0,0.0,1.4411590362280888e-11,0.0,0.0,0.0,9.66406842734926e-21,-0.0,-0.0,-0.0
0.003582499999999896,-0.0,-0.0,-0.0,1.836780561652753e-18,0.0,0.0,-0.0,-3.162222908867564e-153,-0.0,0.0,1.4418326042317765e-11,0.0,0.0,0.0,9.027629055996497e-21,-0.0,-0.0,-0.0
0.003584999999999896,-0.0,-0.0,-0.0,1.818888066599084e-18,0.0,0.0,-0.0,-1.3441166644771377e-152,-0.0,0.0,1.4424954211457022e-11,0.0,0.0,0.0,8.432574896846748e-21,-0.0,-0.0,-0.0
0.003587499999999896,-0.0,-0.0,-0.0,1.801163891005436e-18,0.0,0.0,-0.0,-5.652215741831657e-152,-0.0,0.0,1.4431475067756411e-11,0.0,0.0,0.0,7.876250139879195e-21,-0.0,-0.0,-0.0
0.003589999999999896,-0.0,-0.0,-0.0,1.7836065527435935e-18,0.0,0.0,-0.0,-2.3517161092623953e-151,-0.0,0.0,1.4437888810286477e-11,0.0,0.0,0.0,7.35616707357592e-21,-0.0,-0.0,-0.0
0.0035924999999998957,-0.0,-0.0,-0.0,1.7662145811423765e-18,0.0,0.0,-0.0,-9.6823767273769e-151,-0.0,0.0,1.4444195640252466e-11,0.0,0.0,0.0,6.869995597406148e-21,-0.0,-0.0,-0.0
0.0035949999999998956,-0.0,-0.0,-0.0,1.7489865169238484e-18,0.0,0.0,-0.0,-3.9450808303139075e-150,-0.0,0.0,1.4450395760691775e-11,0.0,0.0,0.0,6.4155533788087884e-21,-0.0,-0.0,-0.0
0.0035974999999998955,-0.0,-0.0,-0.0,1.731920912139262e-18,0.0,0.0,-0.0,-1.5909335091459783e-149,-0.0,0.0,1.4456489377026988e-11,0.0,0.0,0.0,5.9907966156905615e-21,-0.0,-0.0,-0.0
0.0035999999999998954,-0.0,-0.0,-0.0,1.7150163301051047e-18,0.0,0.0,-0.0,-6.350605290233536e-149,-0.0,0.0,1.446247669504708e-11,0.0,0.0,0.0,5.5938113677750006e-21,-0.0,-0.0,-0.0
0.0036024999999998953,-0.0,-0.0,-0.0,1.6982713453389255e-18,0.0,0.0,-0.0,-2.5095126564853555e-148,-0.0,0.0,1.4468357923461266e-11,0.0,0.0,0.0,5.2228054223212175e-21,-0.0,-0.0,-0.0
0.003604999999999895,-0.0,-0.0,-0.0,1.6816845434953391e-18,0.0,0.0,-0.0,-9.817897465133954e-148,-0.0,0.0,1.4474133272738582e-11,0.0,0.0,0.0,4.8761006617880405e-21,-0.0,-0.0,-0.0
0.003607499999999895,-0.0,-0.0,-0.0,1.6652545213019565e-18,0.0,0.0,-0.0,-3.803168203525636e-147,-0.0,0.0,1.4479802955089801e-11,0.0,0.0,0.0,4.552125902950826e-21,-0.0,-0.0,-0.0
0.003609999999999895,-0.0,-0.0,-0.0,1.6489798864951627e-18,0.0,0.0,-0.0,-1.4588582053493725e-146,-0.0,0.0,1.4485367183303711e-11,0.0,0.0,0.0,4.249410178804728e-21,-0.0,-0.0,-0.0
0.003612499999999895,-0.0,-0.0,-0.0,1.6328592577884894e-18,0.0,0.0,-0.0,-5.541957315039444e-146,-0.0,0.0,1.4490826173305349e-11,0.0,0.0,0.0,3.9665764362992176e-21,-0.0,-0.0,-0.0
0.0036149999999998948,-0.0,-0.0,-0.0,1.6168912646789135e-18,0.0,0.0,-0.0,-2.0851501331133143e-145,-0.0,0.0,1.4496180141849161e-11,0.0,0.0,0.0,3.702335624563839e-21,-0.0,-0.0,-0.0
0.0036174999999998947,-0.0,-0.0,-0.0,1.601074547577564e-18,0.0,0.0,-0.0,-7.770993450807825e-145,-0.0,0.0,1.4501429308218197e-11,0.0,0.0,0.0,3.455481149805022e-21,-0.0,-0.0,-0.0
0.0036199999999998946,-0.0,-0.0,-0.0,1.585407757615655e-18,0.0,0.0,-0.0,-2.868938952729526e-144,-0.0,0.0,1.4506573891627769e-11,0.0,0.0,0.0,3.2248836744813166e-21,-0.0,-0.0,-0.0
0.0036224999999998945,-0.0,-0.0,-0.0,1.569889556612916e-18,0.0,0.0,-0.0,-1.0493288540578654e-143,-0.0,0.0,1.4511614114933957e-11,0.0,0.0,0.0,3.009486239711738e-21,-0.0,-0.0,-0.0
0.0036249999999998944,-0.0,-0.0,-0.0,1.554518617013839e-18,0.0,0.0,-0.0,-3.802655364083243e-143,-0.0,0.0,1.4516550202323745e-11,0.0,0.0,0.0,2.8082996911360643e-21,-0.0,-0.0,-0.0
0.0036274999999998943,-0.0,-0.0,-0.0,1.5392936218237507e-18,0.0,0.0,-0.0,-1.3654832517175455e-142,-0.0,0.0,1.4521382377574273e-11,0.0,0.0,0.0,2.6203983896376165e-21,-0.0,-0.0,-0.0
0.003629999999999894,-0.0,-0.0,-0.0,1.5242132645748893e-18,0.0,0.0,-0.0,-4.859016619264753e-142,-0.0,0.0,1.4526110868626622e-11,0.0,0.0,0.0,2.444916189508098e-21,-0.0,-0.0,-0.0
0.003632499999999894,-0.0,-0.0,-0.0,1.5092762491419342e-18,0.0,0.0,-0.0,-1.7136063137605758e-141,-0.0,0.0,1.4530735903263619e-11,0.0,0.0,0.0,2.2810426672983312e-21,-0.0,-0.0,-0.0
0.003634999999999894,-0.0,-0.0,-0.0,1.4944812898600928e-18,0.0,0.0,-0.0,-5.989795394822754e-141,-0.0,0.0,1.4535257711676334e-11,0.0,0.0,0.0,2.128019586996894e-21,-0.0,-0.0,-0.0
0.003637499999999894,-0.0,-0.0,-0.0,1.479827111339873e-18,0.0,0.0,-0.0,-2.0753355793432593e-140,-0.0,0.0,1.4539676525297178e-11,0.0,0.0,0.0,1.985137585043437e-21,-0.0,-0.0,-0.0
0.0036399999999998938,-0.0,-0.0,-0.0,1.4653124484339925e-18,0.0,0.0,-0.0,-7.128149188406907e-140,-0.0,0.0,1.4543992577070715e-11,0.0,0.0,0.0,1.8517330641593362e-21,-0.0,-0.0,-0.0
0.0036424999999998937,-0.0,-0.0,-0.0,1.4509360461738496e-18,0.0,0.0,-0.0,-2.427244835936132e-139,-0.0,0.0,1.4548206100860742e-11,0.0,0.0,0.0,1.7271852806989476e-21,-0.0,-0.0,-0.0
0.0036449999999998936,-0.0,-0.0,-0.0,1.4366966597062883e-18,0.0,0.0,-0.0,-8.194728332221543e-139,-0.0,0.0,1.4552317333446128e-11,0.0,0.0,0.0,1.610913615334738e-21,-0.0,-0.0,-0.0
0.0036474999999998934,-0.0,-0.0,-0.0,1.422593054230101e-18,0.0,0.0,-0.0,-2.743311271439206e-138,-0.0,0.0,1.4556326511627563e-11,0.0,0.0,0.0,1.5023750148828599e-21,-0.0,-0.0,-0.0
0.0036499999999998933,-0.0,-0.0,-0.0,1.4086240049329649e-18,0.0,0.0,-0.0,-9.106890725388628e-138,-0.0,0.0,1.4560233874512393e-11,0.0,0.0,0.0,1.4010615947599853e-21,-0.0,-0.0,-0.0
0.0036524999999998932,-0.0,-0.0,-0.0,1.3947882969283866e-18,0.0,0.0,-0.0,-2.9981559055167713e-137,-0.0,0.0,1.4564039662345192e-11,0.0,0.0,0.0,1.3064983927312072e-21,-0.0,-0.0,-0.0
0.003654999999999893,-0.0,-0.0,-0.0,1.3810847251926913e-18,0.0,0.0,-0.0,-9.789521759069212e-137,-0.0,0.0,1.4567744116780355e-11,0.0,0.0,0.0,1.2182412633728079e-21,-0.0,-0.0,-0.0
0.003657499999999893,-0.0,-0.0,-0.0,1.3675120945021608e-18,0.0,0.0,-0.0,-3.1704845099208523e-136,-0.0,0.0,1.4571347480864014e-11,0.0,0.0,0.0,1.1358749060920997e-21,-0.0,-0.0,-0.0
0.003659999999999893,-0.0,-0.0,-0.0,1.3540692193702882e-18,0.0,0.0,-0.0,-1.0185445066176918e-135,-0.0,0.0,1.457484999872925e-11,0.0,0.0,0.0,1.0590110167648899e-21,-0.0,-0.0,-0.0
0.003662499999999893,-0.0,-0.0,-0.0,1.3407549239853131e-18,0.0,0.0,-0.0,-3.2460673428367674e-135,-0.0,0.0,1.4578251916155292e-11,0.0,0.0,0.0,9.872865568516871e-22,-0.0,-0.0,-0.0
0.0036649999999998927,-0.0,-0.0,-0.0,1.3275680421476443e-18,0.0,0.0,-0.0,-1.026338721653512e-134,-0.0,0.0,1.4581553480840036e-11,0.0,0.0,0.0,9.203621313784336e-22,-0.0,-0.0,-0.0
0.0036674999999998926,-0.0,-0.0,-0.0,1.3145074172596264e-18,0.0,0.0,-0.0,-3.219672720742481e-134,-0.0,0.0,1.4584754940940934e-11,0.0,0.0,0.0,8.579204698098932e-22,-0.0,-0.0,-0.0
0.0036699999999998925,-0.0,-0.0,-0.0,1.3015719020546507e-18,0.0,0.0,-0.0,-1.002195247384763e-133,-0.0,0.0,1.4587856545924226e-11,0.0,0.0,0.0,7.996650033163949e-22,-0.0,-0.0,-0.0
0.0036724999999998924,-0.0,-0.0,-0.0,1.2887603588490484e-18,0.0,0.0,-0.0,-3.095593643817651e-133,-0.0,0.0,1.4590858547123988e-11,0.0,0.0,0.0,7.453185318308146e-22,-0.0,-0.0,-0.0
0.0036749999999998923,-0.0,-0.0,-0.0,1.2760716592702756e-18,0.0,0.0,-0.0,-9.488937397259622e-133,-0.0,0.0,1.4593761197150403e-11,0.0,0.0,0.0,6.946219762266335e-22,-0.0,-0.0,-0.0
0.0036774999999998922,-0.0,-0.0,-0.0,1.2635046842480184e-18,0.0,0.0,-0.0,-2.886715028387479e-132,-0.0,0.0,1.45965647490062e-11,0.0,0.0,0.0,6.473332092858853e-22,-0.0,-0.0,-0.0
0.003679999999999892,-0.0,-0.0,-0.0,1.251058323952404e-18,0.0,0.0,-0.0,-8.716321743056722e-132,-0.0,0.0,1.4599269457802313e-11,0.0,0.0,0.0,6.03225961480789e-22,-0.0,-0.0,-0.0
0.003682499999999892,-0.0,-0.0,-0.0,1.2387314777327666e-18,0.0,0.0,-0.0,-2.6123752417901385e-131,-0.0,0.0,1.460187557958733e-11,0.0,0.0,0.0,5.620887960108217e-22,-0.0,-0.0,-0.0
0.003684999999999892,-0.0,-0.0,-0.0,1.2265230540563593e-18,0.0,0.0,-0.0,-7.772136929472033e-131,-0.0,0.0,1.4604383371330912e-11,0.0,0.0,0.0,5.237241494156107e-22,-0.0,-0.0,-0.0
0.003687499999999892,-0.0,-0.0,-0.0,1.2144319704474014e-18,0.0,0.0,-0.0,-2.2954993493903217e-130,-0.0,0.0,1.4606793092062525e-11,0.0,0.0,0.0,4.879474334145572e-22,-0.0,-0.0,-0.0
0.0036899999999998917,-0.0,-0.0,-0.0,1.2024571534260431e-18,0.0,0.0,-0.0,-6.73092391859191e-130,-0.0,0.0,1.4609105000833907e-11,0.0,0.0,0.0,4.545861937913912e-22,-0.0,-0.0,-0.0
0.0036924999999998916,-0.0,-0.0,-0.0,1.1905975384477864e-18,0.0,0.0,-0.0,-1.959573526632575e-129,-0.0,0.0,1.461131935901432e-11,0.0,0.0,0.0,4.234793234443565e-22,-0.0,-0.0,-0.0
0.0036949999999998915,-0.0,-0.0,-0.0,1.1788520698663197e-18,0.0,0.0,-0.0,-5.664558792481068e-129,-0.0,0.0,1.4613436428251344e-11,0.0,0.0,0.0,3.944763254462634e-22,-0.0,-0.0,-0.0
0.0036974999999998914,-0.0,-0.0,-0.0,1.1672197007796694e-18,0.0,0.0,-0.0,-1.625983752477088e-128,-0.0,0.0,1.4615456471321885e-11,0.0,0.0,0.0,3.6743662349811453e-22,-0.0,-0.0,-0.0
0.0036999999999998913,-0.0,-0.0,-0.0,1.1556993931106346e-18,0.0,0.0,-0.0,-4.634891024732267e-128,-0.0,0.0,1.4617379752984033e-11,0.0,0.0,0.0,3.4222891656185826e-22,-0.0,-0.0,-0.0
0.003702499999999891,-0.0,-0.0,-0.0,1.1442901174529469e-18,0.0,0.0,-0.0,-1.312089246784689e-127,-0.0,0.0,1.4619206537937952e-11,0.0,0.0,0.0,3.1873057480409423e-22,-0.0,-0.0,-0.0
0.003704999999999891,-0.0,-0.0,-0.0,1.1329908530351444e-18,0.0,0.0,-0.0,-3.6890517453841332e-127,-0.0,0.0,1.462093709283243e-11,0.0,0.0,0.0,2.968270744433237e-22,-0.0,-0.0,-0.0
0.003707499999999891,-0.0,-0.0,-0.0,1.1218005876609234e-18,0.0,0.0,-0.0,-1.0301971218972365e-126,-0.0,0.0,1.4622571685094504e-11,0.0,0.0,0.0,2.764114688881609e-22,-0.0,-0.0,-0.0
0.003709999999999891,-0.0,-0.0,-0.0,1.1107183176498394e-18,0.0,0.0,-0.0,-2.8576334579344002e-126,-0.0,0.0,1.4624110584069162e-11,0.0,0.0,0.0,2.573838939186122e-22,-0.0,-0.0,-0.0
0.003712499999999891,-0.0,-0.0,-0.0,1.0997430477782933e-18,0.0,0.0,-0.0,-7.874072484968991e-126,-0.0,0.0,1.4625554057245766e-11,0.0,0.0,0.0,2.396511047480102e-22,-0.0,-0.0,-0.0
0.0037149999999998907,-0.0,-0.0,-0.0,1.088873791220542e-18,0.0,0.0,-0.0,-2.1553846656878044e-125,-0.0,0.0,1.4626902376892688e-11,0.0,0.0,0.0,2.2312604290775448e-22,-0.0,-0.0,-0.0
0.0037174999999998906,-0.0,-0.0,-0.0,1.0781095694900311e-18,0.0,0.0,-0.0,-5.861491920857506e-125,-0.0,0.0,1.4628155813680175e-11,0.0,0.0,0.0,2.0772743115762486e-22,-0.0,-0.0,-0.0
0.0037199999999998905,-0.0,-0.0,-0.0,1.0674494123809378e-18,0.0,0.0,-0.0,-1.5837067776306188e-124,-0.0,0.0,1.4629314640714283e-11,0.0,0.0,0.0,1.93379394479292e-22,-0.0,-0.0,-0.0
0.0037224999999998904,-0.0,-0.0,-0.0,1.056892357909814e-18,0.0,0.0,-0.0,-4.251572031003839e-124,-0.0,0.0,1.4630379131207238e-11,0.0,0.0,0.0,1.800111056261739e-22,-0.0,-0.0,-0.0
0.0037249999999998903,-0.0,-0.0,-0.0,1.0464374522577334e-18,0.0,0.0,-0.0,-1.1341150900504397e-123,-0.0,0.0,1.4631349559619468e-11,0.0,0.0,0.0,1.6755645364732796e-22,-0.0,-0.0,-0.0
0.00372749999999989,-0.0,-0.0,-0.0,1.0360837497328431e-18,0.0,0.0,-0.0,-3.0062280556601287e-123,-0.0,0.0,1.4632226201644646e-11,0.0,0.0,0.0,1.5595373381962083e-22,-0.0,-0.0,-0.0
0.00372999999999989,-0.0,-0.0,-0.0,1.0258303126305984e-18,0.0,0.0,-0.0,-7.918957991078683e-123,-0.0,0.0,1.463300933274839e-11,0.0,0.0,0.0,1.451453577486915e-22,-0.0,-0.0,-0.0
0.00373249999999989,-0.0,-0.0,-0.0,1.0156762113000961e-18,0.0,0.0,-0.0,-2.0730955639167923e-122,-0.0,0.0,1.4633699231334537e-11,0.0,0.0,0.0,1.3507758225423815e-22,-0.0,-0.0,-0.0
0.00373499999999989,-0.0,-0.0,-0.0,1.005620524004244e-18,0.0,0.0,-0.0,-5.39385609883184e-122,-0.0,0.0,1.4634296174971212e-11,0.0,0.0,0.0,1.257002559035502e-22,-0.0,-0.0,-0.0
0.0037374999999998898,-0.0,-0.0,-0.0,9.956623368836078e-19,0.0,0.0,-0.0,-1.394862703162653e-121,-0.0,0.0,1.4634800442398785e-11,0.0,0.0,0.0,1.1696658201813831e-22,-0.0,-0.0,-0.0
0.0037399999999998897,-0.0,-0.0,-0.0,9.858007438998291e-19,0.0,0.0,-0.0,-3.5854090131437964e-121,-0.0,0.0,1.4635212314095946e-11,0.0,0.0,0.0,1.0883289708646304e-22,-0.0,-0.0,-0.0
0.0037424999999998896,-0.0,-0.0,-0.0,9.760348467790835e-19,0.0,0.0,-0.0,-9.161021437229052e-121,-0.0,0.0,1.463553207052808e-11,0.0,0.0,0.0,1.0125846367649414e-22,-0.0,-0.0,-0.0
0.0037449999999998895,-0.0,-0.0,-0.0,9.66363754955979e-19,0.0,0.0,-0.0,-2.326856517940172e-120,-0.0,0.0,1.4635759993289464e-11,0.0,0.0,0.0,9.420527678982067e-23,-0.0,-0.0,-0.0
0.0037474999999998894,-0.0,-0.0,-0.0,9.567865855176885e-19,0.0,0.0,-0.0,-5.875409407977409e-120,-0.0,0.0,1.463589636480046e-11,0.0,0.0,0.0,8.763788291307874e-23,-0.0,-0.0,-0.0
0.0037499999999998893,-0.0,-0.0,-0.0,9.473024631480598e-19,0.0,0.0,-0.0,-1.4749305167312866e-119,-0.0,0.0,1.4635941468292797e-11,0.0,0.0,0.0,8.152321088351479e-23,-0.0,-0.0,-0.0
0.003752499999999889,-0.0,-0.0,-0.0,9.37910520072416e-19,0.0,0.0,-0.0,-3.681219515895011e-119,-0.0,0.0,1.463589558837332e-11,0.0,0.0,0.0,7.583041377935023e-23,-0.0,-0.0,-0.0
0.003754999999999889,-0.0,-0.0,-0.0,9.286098960020968e-19,0.0,0.0,-0.0,-9.135244820060372e-119,-0.0,0.0,1.4635759008984618e-11,0.0,0.0,0.0,7.053072123859469e-23,-0.0,-0.0,-0.0
0.003757499999999889,-0.0,-0.0,-0.0,9.193997380798073e-19,0.0,0.0,-0.0,-2.254126815291072e-118,-0.0,0.0,1.4635532015995127e-11,0.0,0.0,0.0,6.559730138448862e-23,-0.0,-0.0,-0.0
0.003759999999999889,-0.0,-0.0,-0.0,9.102792008246125e-19,0.0,0.0,-0.0,-5.530791769925759e-118,-0.0,0.0,1.4635214895738076e-11,0.0,0.0,0.0,6.100513186695446e-23,-0.0,-0.0,-0.0
0.0037624999999998888,-0.0,-0.0,-0.0,9.01247446077736e-19,0.0,0.0,-0.0,-1.3494847405854494e-117,-0.0,0.0,1.4634807935575518e-11,0.0,0.0,0.0,5.673087932907538e-23,-0.0,-0.0,-0.0
0.0037649999999998887,-0.0,-0.0,-0.0,8.923036429481814e-19,0.0,0.0,-0.0,-3.274470112412265e-117,-0.0,0.0,1.463431142301728e-11,0.0,0.0,0.0,5.2752786829787893e-23,-0.0,-0.0,-0.0
0.0037674999999998886,-0.0,-0.0,-0.0,8.834469677589207e-19,0.0,0.0,-0.0,-7.901816109359994e-117,-0.0,0.0,1.4633725646574218e-11,0.0,0.0,0.0,4.905056866007892e-23,-0.0,-0.0,-0.0
0.0037699999999998885,-0.0,-0.0,-0.0,8.746766039931334e-19,0.0,0.0,-0.0,-1.8964695534546413e-116,-0.0,0.0,1.463305089545571e-11,0.0,0.0,0.0,4.560531207779758e-23,-0.0,-0.0,-0.0
0.0037724999999998884,-0.0,-0.0,-0.0,8.659917422408146e-19,0.0,0.0,-0.0,-4.527077362696185e-116,-0.0,0.0,1.4632287459844124e-11,0.0,0.0,0.0,4.239938554498994e-23,-0.0,-0.0,-0.0
0.0037749999999998883,-0.0,-0.0,-0.0,8.573915801456199e-19,0.0,0.0,-0.0,-1.0748870875692064e-115,-0.0,0.0,1.4631435630014398e-11,0.0,0.0,0.0,3.9416352991902726e-23,-0.0,-0.0,-0.0
0.003777499999999888,-0.0,-0.0,-0.0,8.488753223519142e-19,0.0,0.0,-0.0,-2.5386349562625698e-115,-0.0,0.0,1.4630495697187444e-11,0.0,0.0,0.0,3.6640893766561367e-23,-0.0,-0.0,-0.0
0.003779999999999888,-0.0,-0.0,-0.0,8.4044218045214265e-19,0.0,0.0,-0.0,-5.96416335762995e-115,-0.0,0.0,1.4629467953227472e-11,0.0,0.0,0.0,3.405872786691587e-23,-0.0,-0.0,-0.0
0.003782499999999888,-0.0,-0.0,-0.0,8.320913729344498e-19,0.0,0.0,-0.0,-1.3938943160825237e-114,-0.0,0.0,1.4628352690917936e-11,0.0,0.0,0.0,3.1656546114473593e-23,-0.0,-0.0,-0.0
0.003784999999999888,-0.0,-0.0,-0.0,8.238221251305458e-19,0.0,0.0,-0.0,-3.240859339456618e-114,-0.0,0.0,1.4627150203369444e-11,0.0,0.0,0.0,2.942194497000754e-23,-0.0,-0.0,-0.0
0.0037874999999998877,-0.0,-0.0,-0.0,8.156336691638539e-19,0.0,0.0,-0.0,-7.496513199180305e-114,-0.0,0.0,1.4625860784006095e-11,0.0,0.0,0.0,2.734336565117814e-23,-0.0,-0.0,-0.0
0.0037899999999998876,-0.0,-0.0,-0.0,8.075252438979274e-19,0.0,0.0,-0.0,-1.7252252592607203e-113,-0.0,0.0,1.462448472684228e-11,0.0,0.0,0.0,2.5410037306744333e-23,-0.0,-0.0,-0.0
0.0037924999999998875,-0.0,-0.0,-0.0,7.99496094885084e-19,0.0,0.0,-0.0,-3.95037258134808e-113,-0.0,0.0,1.462302232733636e-11,0.0,0.0,0.0,2.3611923955636197e-23,-0.0,-0.0,-0.0
0.0037949999999998874,-0.0,-0.0,-0.0,7.915454743153557e-19,0.0,0.0,-0.0,-9.000243297449019e-113,-0.0,0.0,1.4621473880642346e-11,0.0,0.0,0.0,2.1939674956995622e-23,-0.0,-0.0,-0.0
0.0037974999999998873,-0.0,-0.0,-0.0,7.836726409657357e-19,0.0,0.0,-0.0,-2.040386215017654e-112,-0.0,0.0,1.4619839683621192e-11,0.0,0.0,0.0,2.038457877838077e-23,-0.0,-0.0,-0.0
0.0037999999999998872,-0.0,-0.0,-0.0,7.758768601496235e-19,0.0,0.0,-0.0,-4.60288646241743e-112,-0.0,0.0,1.461812003135843e-11,0.0,0.0,0.0,1.8938519837496427e-23,-0.0,-0.0,-0.0
0.003802499999999887,-0.0,-0.0,-0.0,7.6815740366647825e-19,0.0,0.0,-0.0,-1.033297835819572e-111,-0.0,0.0,1.461631522119897e-11,0.0,0.0,0.0,1.7593938227661966e-23,-0.0,-0.0,-0.0
0.003804999999999887,-0.0,-0.0,-0.0,7.605135497519722e-19,0.0,0.0,-0.0,-2.3084240725364676e-111,-0.0,0.0,1.4614425551865792e-11,0.0,0.0,0.0,1.6343792130312525e-23,-0.0,-0.0,-0.0
0.003807499999999887,-0.0,-0.0,-0.0,7.529445830282048e-19,0.0,0.0,-0.0,-5.132367515734777e-111,-0.0,0.0,1.461245132026862e-11,0.0,0.0,0.0,1.518152273347156e-23,-0.0,-0.0,-0.0
0.003809999999999887,-0.0,-0.0,-0.0,7.454497944542322e-19,0.0,0.0,-0.0,-1.1356619126790588e-110,-0.0,0.0,1.461039282553792e-11,0.0,0.0,0.0,1.410102150081219e-23,-0.0,-0.0,-0.0
0.0038124999999998867,-0.0,-0.0,-0.0,7.38028481276891e-19,0.0,0.0,-0.0,-2.501073415795757e-110,-0.0,0.0,1.4608250366410173e-11,0.0,0.0,0.0,1.3096599629303529e-23,-0.0,-0.0,-0.0
0.0038149999999998866,-0.0,-0.0,-0.0,7.306799469819279e-19,0.0,0.0,-0.0,-5.482348213657123e-110,-0.0,0.0,1.4606024242660804e-11,0.0,0.0,0.0,1.2162959551562792e-23,-0.0,-0.0,-0.0
0.0038174999999998865,-0.0,-0.0,-0.0,7.234035012452966e-19,0.0,0.0,-0.0,-1.1961513898996859e-109,-0.0,0.0,1.460371475393618e-11,0.0,0.0,0.0,1.1295168352975818e-23,-0.0,-0.0,-0.0
0.0038199999999998864,-0.0,-0.0,-0.0,7.161984598848937e-19,0.0,0.0,-0.0,-2.597774369218749e-109,-0.0,0.0,1.460132220089621e-11,0.0,0.0,0.0,1.0488632966426597e-23,-0.0,-0.0,-0.0
0.0038224999999998863,-0.0,-0.0,-0.0,7.090641448123203e-19,0.0,0.0,-0.0,-5.616020347583032e-109,-0.0,0.0,1.459884688375901e-11,0.0,0.0,0.0,9.739077040500428e-24,-0.0,-0.0,-0.0
0.003824999999999886,-0.0,-0.0,-0.0,7.019998839852208e-19,0.0,0.0,-0.0,-1.208603757071749e-108,-0.0,0.0,1.4596289104308403e-11,0.0,0.0,0.0,9.042519355979752e-24,-0.0,-0.0,-0.0
0.003827499999999886,-0.0,-0.0,-0.0,6.950050113596078e-19,0.0,0.0,-0.0,-2.5893044708804172e-108,-0.0,0.0,1.4593649164150384e-11,0.0,0.0,0.0,8.395253701169171e-24,-0.0,-0.0,-0.0
0.003829999999999886,-0.0,-0.0,-0.0,6.88078866842616e-19,0.0,0.0,-0.0,-5.522579116631668e-108,-0.0,0.0,1.459092736498984e-11,0.0,0.0,0.0,7.793830097945991e-24,-0.0,-0.0,-0.0
0.003832499999999886,-0.0,-0.0,-0.0,6.812207962455184e-19,0.0,0.0,-0.0,-1.1726704602913197e-107,-0.0,0.0,1.458812400948398e-11,0.0,0.0,0.0,7.235037295659643e-24,-0.0,-0.0,-0.0
0.003834999999999886,-0.0,-0.0,-0.0,6.744301512370433e-19,0.0,0.0,-0.0,-2.479137705842695e-107,-0.0,0.0,1.4585239400365126e-11,0.0,0.0,0.0,6.715886447733381e-24,-0.0,-0.0,-0.0
0.0038374999999998857,-0.0,-0.0,-0.0,6.677062892968065e-19,0.0,0.0,-0.0,-5.2183259019180295e-107,-0.0,0.0,1.458227384042809e-11,0.0,0.0,0.0,6.23359588724353e-24,-0.0,-0.0,-0.0
0.0038399999999998856,-0.0,-0.0,-0.0,6.610485736691877e-19,0.0,0.0,-0.0,-1.0936610164424615e-106,-0.0,0.0,1.4579227632808064e-11,0.0,0.0,0.0,5.785576936110259e-24,-0.0,-0.0,-0.0
0.0038424999999998855,-0.0,-0.0,-0.0,6.544563733174144e-19,0.0,0.0,-0.0,-2.282286706350045e-106,-0.0,0.0,1.457610108212133e-11,0.0,0.0,0.0,5.369420670449651e-24,-0.0,-0.0,-0.0
0.0038449999999998854,-0.0,-0.0,-0.0,6.479290628779288e-19,0.0,0.0,-0.0,-4.742511632486509e-106,-0.0,0.0,1.457289449214698e-11,0.0,0.0,0.0,4.9828855862075064e-24,-0.0,-0.0,-0.0
0.0038474999999998853,-0.0,-0.0,-0.0,6.414660226150154e-19,0.0,0.0,-0.0,-9.813230411696159e-106,-0.0,0.0,1.456960816639332e-11,0.0,0.0,0.0,4.623886097528605e-24,-0.0,-0.0,-0.0
0.003849999999999885,-0.0,-0.0,-0.0,6.35066638375704e-19,0.0,0.0,-0.0,-2.0220667103191382e-105,-0.0,0.0,1.456624241067819e-11,0.0,0.0,0.0,4.290481818290497e-24,-0.0,-0.0,-0.0
0.003852499999999885,-0.0,-0.0,-0.0,6.287303015449351e-19,0.0,0.0,-0.0,-4.1492845103002915e-105,-0.0,0.0,1.4562797529661025e-11,0.0,0.0,0.0,3.980867570498259e-24,-0.0,-0.0,-0.0
0.003854999999999885,-0.0,-0.0,-0.0,6.224564090010592e-19,0.0,0.0,-0.0,-8.479288640718511e-105,-0.0,0.0,1.4559273828272067e-11,0.0,0.0,0.0,3.69336407121115e-24,-0.0,-0.0,-0.0
0.003857499999999885,-0.0,-0.0,-0.0,6.162443630715127e-19,0.0,0.0,-0.0,-1.725711400340964e-104,-0.0,0.0,1.4555671612276425e-11,0.0,0.0,0.0,3.426409255165605e-24,-0.0,-0.0,-0.0
0.003859999999999885,-0.0,-0.0,-0.0,6.100935714888267e-19,0.0,0.0,-0.0,-3.497948389334161e-104,-0.0,0.0,1.4551991187111405e-11,0.0,0.0,0.0,3.1785501860200967e-24,-0.0,-0.0,-0.0
0.0038624999999998847,-0.0,-0.0,-0.0,6.040034473469098e-19,0.0,0.0,-0.0,-7.061694162279883e-104,-0.0,0.0,1.4548232859027218e-11,0.0,0.0,0.0,2.948435521285279e-24,-0.0,-0.0,-0.0
0.0038649999999998846,-0.0,-0.0,-0.0,5.979734090575614e-19,0.0,0.0,-0.0,-1.4199346302639268e-103,-0.0,0.0,1.4544396933924489e-11,0.0,0.0,0.0,2.7348084893210556e-24,-0.0,-0.0,-0.0
0.0038674999999998845,-0.0,-0.0,-0.0,5.920028803073474e-19,0.0,0.0,-0.0,-2.843840688379085e-103,-0.0,0.0,1.4540483718493604e-11,0.0,0.0,0.0,2.5365003475975075e-24,-0.0,-0.0,-0.0
0.0038699999999998844,-0.0,-0.0,-0.0,5.860912900261788e-19,0.0,0.0,-0.0,-5.673264546032194e-103,-0.0,0.0,1.4536493519054266e-11,0.0,0.0,0.0,2.3524242871471534e-24,-0.0,-0.0,-0.0
0.0038724999999998843,-0.0,-0.0,-0.0,5.802380722982553e-19,0.0,0.0,-0.0,-1.1273659874666674e-102,-0.0,0.0,1.4532426642981399e-11,0.0,0.0,0.0,2.181569754375297e-24,-0.0,-0.0,-0.0
0.003874999999999884,-0.0,-0.0,-0.0,5.744426663895476e-19,0.0,0.0,-0.0,-2.2315882886837413e-102,-0.0,0.0,1.4528283396108534e-11,0.0,0.0,0.0,2.0229971619117903e-24,-0.0,-0.0,-0.0
0.003877499999999884,-0.0,-0.0,-0.0,5.687045166590061e-19,0.0,0.0,-0.0,-4.400413365776284e-102,-0.0,0.0,1.4524064086739315e-11,0.0,0.0,0.0,1.875832961317809e-24,-0.0,-0.0,-0.0
0.003879999999999884,-0.0,-0.0,-0.0,5.630230725284107e-19,0.0,0.0,-0.0,-8.644024894982742e-102,-0.0,0.0,1.451976902190168e-11,0.0,0.0,0.0,1.739265054887065e-24,-0.0,-0.0,-0.0
0.003882499999999884,-0.0,-0.0,-0.0,5.573977884407872e-19,0.0,0.0,-0.0,-1.6915873390510647e-101,-0.0,0.0,1.4515398508774953e-11,0.0,0.0,0.0,1.6125385213318318e-24,-0.0,-0.0,-0.0
0.0038849999999998838,-0.0,-0.0,-0.0,5.518281238191467e-19,0.0,0.0,-0.0,-3.297929388455534e-101,-0.0,0.0,1.4510952854965681e-11,0.0,0.0,0.0,1.494951636204055e-24,-0.0,-0.0,-0.0
0.0038874999999998837,-0.0,-0.0,-0.0,5.46313543025409e-19,0.0,0.0,-0.0,-6.405739800027224e-101,-0.0,0.0,1.450643236849683e-11,0.0,0.0,0.0,1.3858521654979616e-24,-0.0,-0.0,-0.0
0.0038899999999998836,-0.0,-0.0,-0.0,5.408535153196698e-19,0.0,0.0,-0.0,-1.2396258723796885e-100,-0.0,0.0,1.450183735751082e-11,0.0,0.0,0.0,1.2846339146600487e-24,-0.0,-0.0,-0.0
0.0038924999999998835,-0.0,-0.0,-0.0,5.354475148197091e-19,0.0,0.0,-0.0,-2.3901085782907355e-100,-0.0,0.0,1.4497168129398733e-11,0.0,0.0,0.0,1.1907335153878107e-24,-0.0,-0.0,-0.0
0.0038949999999998834,-0.0,-0.0,-0.0,5.300950204606964e-19,0.0,0.0,-0.0,-4.5915829553745e-100,-0.0,0.0,1.4492424992225025e-11,0.0,0.0,0.0,1.1036274340430584e-24,-0.0,-0.0,-0.0
0.0038974999999998833,-0.0,-0.0,-0.0,5.247955159552736e-19,0.0,0.0,-0.0,-8.788951609556929e-100,-0.0,0.0,1.4487608254142348e-11,0.0,0.0,0.0,1.0228291867313953e-24,-0.0,-0.0,-0.0
0.003899999999999883,-0.0,-0.0,-0.0,5.195484897538945e-19,0.0,0.0,-0.0,-1.6763066120044358e-99,-0.0,0.0,1.44827182236696e-11,0.0,0.0,0.0,9.478867464998435e-25,-0.0,-0.0,-0.0
0.003902499999999883,-0.0,-0.0,-0.0,5.143534350052604e-19,0.0,0.0,-0.0,-3.1858357946531063e-99,-0.0,0.0,1.44777552091073e-11,0.0,0.0,0.0,8.783801302850634e-25,-0.0,-0.0,-0.0
0.003904999999999883,-0.0,-0.0,-0.0,5.092098495172776e-19,0.0,0.0,-0.0,-6.03335037917934e-99,-0.0,0.0,1.4472719518815673e-11,0.0,0.0,0.0,8.13919152590422e-25,-0.0,-0.0,-0.0
0.003907499999999883,-0.0,-0.0,-0.0,5.041172357180593e-19,0.0,0.0,-0.0,-1.1385982469422294e-98,-0.0,0.0,1.4467611460631968e-11,0.0,0.0,0.0,7.54141334928267e-25,-0.0,-0.0,-0.0
0.003909999999999883,-0.0,-0.0,-0.0,4.990751006173023e-19,0.0,0.0,-0.0,-2.1412665957626927e-98,-0.0,0.0,1.4462431344149438e-11,0.0,0.0,0.0,6.987099602198705e-25,-0.0,-0.0,-0.0
0.003912499999999883,-0.0,-0.0,-0.0,4.94082955767916e-19,0.0,0.0,-0.0,-4.013013262358074e-98,-0.0,0.0,1.4457179476703498e-11,0.0,0.0,0.0,6.473122622286602e-25,-0.0,-0.0,-0.0
0.003914999999999883,-0.0,-0.0,-0.0,4.891403172278665e-19,0.0,0.0,-0.0,-7.495167048178755e-98,-0.0,0.0,1.4451856167651094e-11,0.0,0.0,0.0,5.996577408553734e-25,-0.0,-0.0,-0.0
0.003917499999999883,-0.0,-0.0,-0.0,4.842467055223396e-19,0.0,0.0,-0.0,-1.3951279735635573e-97,-0.0,0.0,1.444646172464542e-11,0.0,0.0,0.0,5.554765944012042e-25,-0.0,-0.0,-0.0
0.003919999999999883,-0.0,-0.0,-0.0,4.794016456060798e-19,0.0,0.0,-0.0,-2.588092655262164e-97,-0.0,0.0,1.4440996456769784e-11,0.0,0.0,0.0,5.145182611241302e-25,-0.0,-0.0,-0.0
0.003922499999999883,-0.0,-0.0,-0.0,4.746046668261059e-19,0.0,0.0,-0.0,-4.785084016956943e-97,-0.0,0.0,1.443546067252834e-11,0.0,0.0,0.0,4.76550062366479e-25,-0.0,-0.0,-0.0
0.003924999999999883,-0.0,-0.0,-0.0,4.698553028845479e-19,0.0,0.0,-0.0,-8.817675580963699e-97,-0.0,0.0,1.4429854680407522e-11,0.0,0.0,0.0,4.4135594014414e-25,-0.0,-0.0,-0.0
0.0039274999999998825,-0.0,-0.0,-0.0,4.651530918018843e-19,0.0,0.0,-0.0,-1.6195120813693922e-96,-0.0,0.0,1.4424178788582734e-11,0.0,0.0,0.0,4.0873528297660106e-25,-0.0,-0.0,-0.0
0.003929999999999882,-0.0,-0.0,-0.0,4.604975758803129e-19,0.0,0.0,-0.0,-2.964765991961994e-96,-0.0,0.0,1.441843330576375e-11,0.0,0.0,0.0,3.7850183367170587e-25,-0.0,-0.0,-0.0
0.003932499999999882,-0.0,-0.0,-0.0,4.558883016674169e-19,0.0,0.0,-0.0,-5.4098263695665e-96,-0.0,0.0,1.4412618540330727e-11,0.0,0.0,0.0,3.5048267342910164e-25,-0.0,-0.0,-0.0
0.003934999999999882,-0.0,-0.0,-0.0,4.513248199201279e-19,0.0,0.0,-0.0,-9.83950697293727e-96,-0.0,0.0,1.4406734800610117e-11,0.0,0.0,0.0,3.245172771350578e-25,-0.0,-0.0,-0.0
0.003937499999999882,-0.0,-0.0,-0.0,4.468066855689053e-19,0.0,0.0,-0.0,-1.7839011454731728e-95,-0.0,0.0,1.4400782394296196e-11,0.0,0.0,0.0,3.0045663466994278e-25,-0.0,-0.0,-0.0
0.003939999999999882,-0.0,-0.0,-0.0,4.423334576821275e-19,0.0,0.0,-0.0,-3.2239321997667957e-95,-0.0,0.0,1.439476163015122e-11,0.0,0.0,0.0,2.78162433913183e-25,-0.0,-0.0,-0.0
0.003942499999999882,-0.0,-0.0,-0.0,4.379046994308307e-19,0.0,0.0,-0.0,-5.808029627909233e-95,-0.0,0.0,1.4388672816856373e-11,0.0,0.0,0.0,2.5750630103171714e-25,-0.0,-0.0,-0.0
0.003944999999999882,-0.0,-0.0,-0.0,4.335199780536242e-19,0.0,0.0,-0.0,-1.0430607389068514e-94,-0.0,0.0,1.438251626129631e-11,0.0,0.0,0.0,2.383690940585102e-25,-0.0,-0.0,-0.0
0.003947499999999882,-0.0,-0.0,-0.0,4.2917886482182993e-19,0.0,0.0,-0.0,-1.8674035430630542e-94,-0.0,0.0,1.4376292271681695e-11,0.0,0.0,0.0,2.206402462763391e-25,-0.0,-0.0,-0.0
0.0039499999999998816,-0.0,-0.0,-0.0,4.248809350050184e-19,0.0,0.0,-0.0,-3.3329164132591645e-94,-0.0,0.0,1.4370001156116384e-11,0.0,0.0,0.0,2.0421715553750138e-25,-0.0,-0.0,-0.0
0.0039524999999998815,-0.0,-0.0,-0.0,4.206257678365738e-19,0.0,0.0,-0.0,-5.930319588100807e-94,-0.0,0.0,1.4363643222304331e-11,0.0,0.0,0.0,1.890046168522572e-25,-0.0,-0.0,-0.0
0.003954999999999881,-0.0,-0.0,-0.0,4.164129464797226e-19,0.0,0.0,-0.0,-1.0519833987629402e-93,-0.0,0.0,1.4357218777827197e-11,0.0,0.0,0.0,1.7491429473485426e-25,-0.0,-0.0,-0.0
0.003957499999999881,-0.0,-0.0,-0.0,4.122420579936622e-19,0.0,0.0,-0.0,-1.8604858699724248e-93,-0.0,0.0,1.4350728130418533e-11,0.0,0.0,0.0,1.6186423287722528e-25,-0.0,-0.0,-0.0
0.003959999999999881,-0.0,-0.0,-0.0,4.0811269329992415e-19,0.0,0.0,-0.0,-3.2805002067668326e-93,-0.0,0.0,1.4344171585969503e-11,0.0,0.0,0.0,1.4977839844086928e-25,-0.0,-0.0,-0.0
0.003962499999999881,-0.0,-0.0,-0.0,4.0402444714916155e-19,0.0,0.0,-0.0,-5.767125229963343e-93,-0.0,0.0,1.4337549453627925e-11,0.0,0.0,0.0,1.385862584496148e-25,-0.0,-0.0,-0.0
0.003964999999999881,-0.0,-0.0,-0.0,3.9997691808794656e-19,0.0,0.0,-0.0,-1.010866123721895e-92,-0.0,0.0,1.433086203898126e-11,0.0,0.0,0.0,1.282223862758556e-25,-0.0,-0.0,-0.0
0.003967499999999881,-0.0,-0.0,-0.0,3.9596970842596573e-19,0.0,0.0,-0.0,-1.7666564188763376e-92,-0.0,0.0,1.4324109650004287e-11,0.0,0.0,0.0,1.1862609582920425e-25,-0.0,-0.0,-0.0
0.003969999999999881,-0.0,-0.0,-0.0,3.920024242033828e-19,0.0,0.0,-0.0,-3.0785336220222414e-92,-0.0,0.0,1.4317292591949191e-11,0.0,0.0,0.0,1.0974110177134387e-25,-0.0,-0.0,-0.0
0.003972499999999881,-0.0,-0.0,-0.0,3.880746751585021e-19,0.0,0.0,-0.0,-5.349068207236046e-92,-0.0,0.0,1.4310411172720372e-11,0.0,0.0,0.0,1.0151520376110078e-25,-0.0,-0.0,-0.0
0.0039749999999998805,-0.0,-0.0,-0.0,3.8418607469558257e-19,0.0,0.0,-0.0,-9.267525596088125e-92,-0.0,0.0,1.4303465697485674e-11,0.0,0.0,0.0,9.389999312134128e-26,-0.0,-0.0,-0.0
0.0039774999999998804,-0.0,-0.0,-0.0,3.803362398529827e-19,0.0,0.0,-0.0,-1.6010680449350424e-91,-0.0,0.0,1.4296456472915232e-11,0.0,0.0,0.0,8.685058034863087e-26,-0.0,-0.0,-0.0
0.00397999999999988,-0.0,-0.0,-0.0,3.765247912714685e-19,0.0,0.0,-0.0,-2.758194924710674e-91,-0.0,0.0,1.428938380490874e-11,0.0,0.0,0.0,8.032534195423109e-26,-0.0,-0.0,-0.0
0.00398249999999988,-0.0,-0.0,-0.0,3.727513531628154e-19,0.0,0.0,-0.0,-4.738250784650727e-91,-0.0,0.0,1.4282247999154617e-11,0.0,0.0,0.0,7.428568537715851e-26,-0.0,-0.0,-0.0
0.00398499999999988,-0.0,-0.0,-0.0,3.6901555327858207e-19,0.0,0.0,-0.0,-8.117040795937494e-91,-0.0,0.0,1.4275049361122151e-11,0.0,0.0,0.0,6.869583057647543e-26,-0.0,-0.0,-0.0
0.00398749999999988,-0.0,-0.0,-0.0,3.6531702287921494e-19,0.0,0.0,-0.0,-1.3866683656897049e-90,-0.0,0.0,1.4267788195771686e-11,0.0,0.0,0.0,6.352260722410003e-26,-0.0,-0.0,-0.0
0.00398999999999988,-0.0,-0.0,-0.0,3.6165539670321642e-19,0.0,0.0,-0.0,-2.362387851518481e-90,-0.0,0.0,1.426046480839347e-11,0.0,0.0,0.0,5.8735266352064e-26,-0.0,-0.0,-0.0
0.00399249999999988,-0.0,-0.0,-0.0,3.580303129367482e-19,0.0,0.0,-0.0,-4.01367265582662e-90,-0.0,0.0,1.425307950375445e-11,0.0,0.0,0.0,5.430530544789173e-26,-0.0,-0.0,-0.0
0.00399499999999988,-0.0,-0.0,-0.0,3.5444141318332144e-19,0.0,0.0,-0.0,-6.800693830670622e-90,-0.0,0.0,1.4245632586089863e-11,0.0,0.0,0.0,5.020630604828182e-26,-0.0,-0.0,-0.0
0.00399749999999988,-0.0,-0.0,-0.0,3.50888342433762e-19,0.0,0.0,-0.0,-1.149193906152852e-89,-0.0,0.0,1.4238124360224536e-11,0.0,0.0,0.0,4.641378294111225e-26,-0.0,-0.0,-0.0
0.0039999999999998795,-0.0,-0.0,-0.0,3.4737074903638388e-19,0.0,0.0,-0.0,-1.936736077974157e-89,-0.0,0.0,1.4230555129592583e-11,0.0,0.0,0.0,4.290504417551185e-26,-0.0,-0.0,-0.0
0.004002499999999879,-0.0,-0.0,-0.0,3.4388828466745897e-19,0.0,0.0,-0.0,-3.255313017676339e-89,-0.0,0.0,1.4222925198202799e-11,0.0,0.0,0.0,3.9659061081089963e-26,-0.0,-0.0,-0.0
0.004004999999999879,-0.0,-0.0,-0.0,3.4044060430178783e-19,0.0,0.0,-0.0,-5.457180581706717e-89,-0.0,0.0,1.421523486922249e-11,0.0,0.0,0.0,3.6656347621645495e-26,-0.0,-0.0,-0.0
0.004007499999999879,-0.0,-0.0,-0.0,3.370273661836317e-19,0.0,0.0,-0.0,-9.124417658704382e-89,-0.0,0.0,1.4207484446097461e-11,0.0,0.0,0.0,3.3878848396504303e-26,-0.0,-0.0,-0.0
0.004009999999999879,-0.0,-0.0,-0.0,3.3364823179773015e-19,0.0,0.0,-0.0,-1.521637423386334e-88,-0.0,0.0,1.4199674232261205e-11,0.0,0.0,0.0,3.1309834698081536e-26,-0.0,-0.0,-0.0
0.004012499999999879,-0.0,-0.0,-0.0,3.303028658407033e-19,0.0,0.0,-0.0,-2.5310123303686694e-88,-0.0,0.0,1.4191804528883314e-11,0.0,0.0,0.0,2.893380802283092e-26,-0.0,-0.0,-0.0
0.004014999999999879,-0.0,-0.0,-0.0,3.2699093619248637e-19,0.0,0.0,-0.0,-4.199157746928639e-88,-0.0,0.0,1.4183875639354754e-11,0.0,0.0,0.0,2.6736410547117126e-26,-0.0,-0.0,-0.0
0.004017499999999879,-0.0,-0.0,-0.0,3.2371211388814257e-19,0.0,0.0,-0.0,-6.949006088486617e-88,-0.0,0.0,1.4175887865069963e-11,0.0,0.0,0.0,2.470434202533144e-26,-0.0,-0.0,-0.0
0.004019999999999879,-0.0,-0.0,-0.0,3.2046607308981064e-19,0.0,0.0,-0.0,-1.1470528416957137e-87,-0.0,0.0,1.4167841507945982e-11,0.0,0.0,0.0,2.2825282694824627e-26,-0.0,-0.0,-0.0
0.004022499999999879,-0.0,-0.0,-0.0,3.172524910589039e-19,0.0,0.0,-0.0,-1.8886521558527461e-87,-0.0,0.0,1.415973686957343e-11,0.0,0.0,0.0,2.1087821737595263e-26,-0.0,-0.0,-0.0
0.0040249999999998785,-0.0,-0.0,-0.0,3.1407104812849577e-19,0.0,0.0,-0.0,-3.1019577385753514e-87,-0.0,0.0,1.4151574250370635e-11,0.0,0.0,0.0,1.948139089828676e-26,-0.0,-0.0,-0.0
0.004027499999999878,-0.0,-0.0,-0.0,3.1092142767593405e-19,0.0,0.0,-0.0,-5.082092636349881e-87,-0.0,0.0,1.4143353951257151e-11,0.0,0.0,0.0,1.799620291151136e-26,-0.0,-0.0,-0.0
0.004029999999999878,-0.0,-0.0,-0.0,3.078033160957034e-19,0.0,0.0,-0.0,-8.305761828938243e-87,-0.0,0.0,1.4135076272247913e-11,0.0,0.0,0.0,1.6623194368466836e-26,-0.0,-0.0,-0.0
0.004032499999999878,-0.0,-0.0,-0.0,3.047164027724423e-19,0.0,0.0,-0.0,-1.3541098416480585e-86,-0.0,0.0,1.412674151356501e-11,0.0,0.0,0.0,1.5353972732625138e-26,-0.0,-0.0,-0.0
0.004034999999999878,-0.0,-0.0,-0.0,3.0166038005419734e-19,0.0,0.0,-0.0,-2.2022828973334866e-86,-0.0,0.0,1.4118349975072235e-11,0.0,0.0,0.0,1.4180767177848462e-26,-0.0,-0.0,-0.0
0.004037499999999878,-0.0,-0.0,-0.0,2.986349432258916e-19,0.0,0.0,-0.0,-3.573092923145736e-86,-0.0,0.0,1.410990195543163e-11,0.0,0.0,0.0,1.309638300541121e-26,-0.0,-0.0,-0.0
0.004039999999999878,-0.0,-0.0,-0.0,2.956397904830127e-19,0.0,0.0,-0.0,-5.78328571960045e-86,-0.0,0.0,1.4101397753493039e-11,0.0,0.0,0.0,1.2094159360065385e-26,-0.0,-0.0,-0.0
0.004042499999999878,-0.0,-0.0,-0.0,2.9267462290547974e-19,0.0,0.0,-0.0,-9.338372623725959e-86,-0.0,0.0,1.4092837668287451e-11,0.0,0.0,0.0,1.1167930017994504e-26,-0.0,-0.0,-0.0
0.004044999999999878,-0.0,-0.0,-0.0,2.89739144431731e-19,0.0,0.0,-0.0,-1.5043225998869517e-85,-0.0,0.0,1.408422199762629e-11,0.0,0.0,0.0,1.031198702707273e-26,-0.0,-0.0,-0.0
0.004047499999999878,-0.0,-0.0,-0.0,2.8683306183302925e-19,0.0,0.0,-0.0,-2.417636193835089e-85,-0.0,0.0,1.4075551038654588e-11,0.0,0.0,0.0,9.521046989419759e-27,-0.0,-0.0,-0.0
0.0040499999999998775,-0.0,-0.0,-0.0,2.839560846879481e-19,0.0,0.0,-0.0,-3.876394808524811e-85,-0.0,0.0,1.4066825089514459e-11,0.0,0.0,0.0,8.790219803397807e-27,-0.0,-0.0,-0.0
0.004052499999999877,-0.0,-0.0,-0.0,2.8110792535708524e-19,0.0,0.0,-0.0,-6.200960752026453e-85,-0.0,0.0,1.4058044446833753e-11,0.0,0.0,0.0,8.114979675728844e-27,-0.0,-0.0,-0.0
0.004054999999999877,-0.0,-0.0,-0.0,2.782882989579565e-19,0.0,0.0,-0.0,-9.896705957913413e-85,-0.0,0.0,1.404920940711218e-11,0.0,0.0,0.0,7.491138256042198e-27,-0.0,-0.0,-0.0
0.004057499999999877,-0.0,-0.0,-0.0,2.7549692334011455e-19,0.0,0.0,-0.0,-1.5759040784882965e-84,-0.0,0.0,1.4040320266159556e-11,0.0,0.0,0.0,6.914819726899388e-27,-0.0,-0.0,-0.0
0.004059999999999877,-0.0,-0.0,-0.0,2.727335190604049e-19,0.0,0.0,-0.0,-2.50370401117124e-84,-0.0,0.0,1.4031377319923534e-11,0.0,0.0,0.0,6.38243771476064e-27,-0.0,-0.0,-0.0
0.004062499999999877,-0.0,-0.0,-0.0,2.6999780935856392e-19,0.0,0.0,-0.0,-3.9687787866705906e-84,-0.0,0.0,1.4022380863649689e-11,0.0,0.0,0.0,5.8906738915214835e-27,-0.0,-0.0,-0.0
0.004064999999999877,-0.0,-0.0,-0.0,2.6728952013279827e-19,0.0,0.0,-0.0,-6.277085654518287e-84,-0.0,0.0,1.4013331192432009e-11,0.0,0.0,0.0,5.436458137169702e-27,-0.0,-0.0,-0.0
0.004067499999999877,-0.0,-0.0,-0.0,2.6460837991578767e-19,0.0,0.0,-0.0,-9.905877860938691e-84,-0.0,0.0,1.4004228599544002e-11,0.0,0.0,0.0,5.0169501609835136e-27,-0.0,-0.0,-0.0
0.004069999999999877,-0.0,-0.0,-0.0,2.6195411985069945e-19,0.0,0.0,-0.0,-1.5597969857868095e-83,-0.0,0.0,1.3995073380589122e-11,0.0,0.0,0.0,4.629522464113992e-27,-0.0,-0.0,-0.0
0.0040724999999998766,-0.0,-0.0,-0.0,2.593264736675078e-19,0.0,0.0,-0.0,-2.4506978312522156e-83,-0.0,0.0,1.3985865827955515e-11,0.0,0.0,0.0,4.2717445570630945e-27,-0.0,-0.0,-0.0
0.0040749999999998765,-0.0,-0.0,-0.0,2.567251776594661e-19,0.0,0.0,-0.0,-3.842062027519713e-83,-0.0,0.0,1.3976606234412043e-11,0.0,0.0,0.0,3.9413683328092184e-27,-0.0,-0.0,-0.0
0.004077499999999876,-0.0,-0.0,-0.0,2.541499706597741e-19,0.0,0.0,-0.0,-6.010328010939694e-83,-0.0,0.0,1.3967294893376817e-11,0.0,0.0,0.0,3.6363145155226786e-27,-0.0,-0.0,-0.0
0.004079999999999876,-0.0,-0.0,-0.0,2.5160059401842347e-19,0.0,0.0,-0.0,-9.382042603658119e-83,-0.0,0.0,1.3957932096699885e-11,0.0,0.0,0.0,3.354660106852919e-27,-0.0,-0.0,-0.0
0.004082499999999876,-0.0,-0.0,-0.0,2.490767915792494e-19,0.0,0.0,-0.0,-1.461397054993622e-82,-0.0,0.0,1.394851813604129e-11,0.0,0.0,0.0,3.094626754795258e-27,-0.0,-0.0,-0.0
0.004084999999999876,-0.0,-0.0,-0.0,2.4657830965719167e-19,0.0,0.0,-0.0,-2.2715211216961774e-82,-0.0,0.0,1.3939053302588782e-11,0.0,0.0,0.0,2.8545699801500125e-27,-0.0,-0.0,-0.0
0.004087499999999876,-0.0,-0.0,-0.0,2.4410489701565966e-19,0.0,0.0,-0.0,-3.523295982721636e-82,-0.0,0.0,1.392953788705322e-11,0.0,0.0,0.0,2.6329691977622086e-27,-0.0,-0.0,-0.0
0.004089999999999876,-0.0,-0.0,-0.0,2.4165630484419773e-19,0.0,0.0,-0.0,-5.453449524278424e-82,-0.0,0.0,1.3919972179388219e-11,0.0,0.0,0.0,2.4284184729333413e-27,-0.0,-0.0,-0.0
0.004092499999999876,-0.0,-0.0,-0.0,2.392322867362227e-19,0.0,0.0,-0.0,-8.423435584754289e-82,-0.0,0.0,1.3910356469611235e-11,0.0,0.0,0.0,2.2396179616553733e-27,-0.0,-0.0,-0.0
0.004094999999999876,-0.0,-0.0,-0.0,2.3683259866704397e-19,0.0,0.0,-0.0,-1.2984012808582734e-81,-0.0,0.0,1.390069104697189e-11,0.0,0.0,0.0,2.0653659825075632e-27,-0.0,-0.0,-0.0
0.0040974999999998755,-0.0,-0.0,-0.0,2.344569989719864e-19,0.0,0.0,-0.0,-1.997267337386997e-81,-0.0,0.0,1.3890976199948542e-11,0.0,0.0,0.0,1.9045516757757304e-27,-0.0,-0.0,-0.0
0.0040999999999998754,-0.0,-0.0,-0.0,2.3210524832472757e-19,0.0,0.0,-0.0,-3.0660333713217735e-81,-0.0,0.0,1.3881212217616451e-11,0.0,0.0,0.0,1.7561482060062755e-27,-0.0,-0.0,-0.0
0.004102499999999875,-0.0,-0.0,-0.0,2.2977710971583293e-19,0.0,0.0,-0.0,-4.697175048376998e-81,-0.0,0.0,1.3871399386896619e-11,0.0,0.0,0.0,1.619206467503802e-27,-0.0,-0.0,-0.0
0.004104999999999875,-0.0,-0.0,-0.0,2.2747234843143564e-19,0.0,0.0,-0.0,-7.181605288778268e-81,-0.0,0.0,1.3861537995297676e-11,0.0,0.0,0.0,1.4928492576723276e-27,-0.0,-0.0,-0.0
0.004107499999999875,-0.0,-0.0,-0.0,2.25190732032094e-19,0.0,0.0,-0.0,-1.0958141895979216e-80,-0.0,0.0,1.385162832926393e-11,0.0,0.0,0.0,1.3762658819597638e-27,-0.0,-0.0,-0.0
0.004109999999999875,-0.0,-0.0,-0.0,2.229320303318671e-19,0.0,0.0,-0.0,-1.6687394909510863e-80,-0.0,0.0,1.3841670674993796e-11,0.0,0.0,0.0,1.2687071597645532e-27,-0.0,-0.0,-0.0
0.004112499999999875,-0.0,-0.0,-0.0,2.206960153775096e-19,0.0,0.0,-0.0,-2.5361912081491513e-80,-0.0,0.0,1.3831665319255421e-11,0.0,0.0,0.0,1.1694808022437216e-27,-0.0,-0.0,-0.0
0.004114999999999875,-0.0,-0.0,-0.0,2.1848246142788877e-19,0.0,0.0,-0.0,-3.8470055239760705e-80,-0.0,0.0,1.3821612545550758e-11,0.0,0.0,0.0,1.0779471328671775e-27,-0.0,-0.0,-0.0
0.004117499999999875,-0.0,-0.0,-0.0,2.1629114493352624e-19,0.0,0.0,-0.0,-5.823934650105203e-80,-0.0,0.0,1.3811512639584432e-11,0.0,0.0,0.0,9.935151277835984e-28,-0.0,-0.0,-0.0
0.004119999999999875,-0.0,-0.0,-0.0,2.1412184451635962e-19,0.0,0.0,-0.0,-8.799712742228957e-80,-0.0,0.0,1.3801365884882092e-11,0.0,0.0,0.0,9.156387504081119e-28,-0.0,-0.0,-0.0
0.0041224999999998745,-0.0,-0.0,-0.0,2.1197434094963716e-19,0.0,0.0,-0.0,-1.3270406449071276e-79,-0.0,0.0,1.3791172565792492e-11,0.0,0.0,0.0,8.438135600767865e-28,-0.0,-0.0,-0.0
0.004124999999999874,-0.0,-0.0,-0.0,2.0984841713800636e-19,0.0,0.0,-0.0,-1.9974183989363363e-79,-0.0,0.0,1.3780932964207357e-11,0.0,0.0,0.0,7.775735733795499e-28,-0.0,-0.0,-0.0
0.004127499999999874,-0.0,-0.0,-0.0,2.0774385809774115e-19,0.0,0.0,-0.0,-3.0007393947894505e-79,-0.0,0.0,1.3770647363377373e-11,0.0,0.0,0.0,7.164883601033746e-28,-0.0,-0.0,-0.0
0.004129999999999874,-0.0,-0.0,-0.0,2.0566045093718905e-19,0.0,0.0,-0.0,-4.499530542211256e-79,-0.0,0.0,1.3760316044635001e-11,0.0,0.0,0.0,6.601603566707314e-28,-0.0,-0.0,-0.0
0.004132499999999874,-0.0,-0.0,-0.0,2.0359798483729952e-19,0.0,0.0,-0.0,-6.734278200424268e-79,-0.0,0.0,1.3749939289571194e-11,0.0,0.0,0.0,6.08222379963861e-28,-0.0,-0.0,-0.0
0.004134999999999874,-0.0,-0.0,-0.0,2.0155625103241245e-19,0.0,0.0,-0.0,-1.0060163083218005e-78,-0.0,0.0,1.373951737866946e-11,0.0,0.0,0.0,5.603353280049925e-28,-0.0,-0.0,-0.0
0.004137499999999874,-0.0,-0.0,-0.0,1.9953504279113663e-19,0.0,0.0,-0.0,-1.5000794347470048e-78,-0.0,0.0,1.3729050592932673e-11,0.0,0.0,0.0,5.161860524218744e-28,-0.0,-0.0,-0.0
0.004139999999999874,-0.0,-0.0,-0.0,1.9753415539743183e-19,0.0,0.0,-0.0,-2.2326665779817824e-78,-0.0,0.0,1.3718539211163134e-11,0.0,0.0,0.0,4.754853910560899e-28,-0.0,-0.0,-0.0
0.004142499999999874,-0.0,-0.0,-0.0,1.9555338613182388e-19,0.0,0.0,-0.0,-3.3169500492799694e-78,-0.0,0.0,1.3707983512403479e-11,0.0,0.0,0.0,4.379663477915404e-28,-0.0,-0.0,-0.0
0.004144999999999874,-0.0,-0.0,-0.0,1.9359253425281354e-19,0.0,0.0,-0.0,-4.918860037355873e-78,-0.0,0.0,1.3697383775658972e-11,0.0,0.0,0.0,4.0338240937523033e-28,-0.0,-0.0,-0.0
0.0041474999999998735,-0.0,-0.0,-0.0,1.9165140097840334e-19,0.0,0.0,-0.0,-7.281241903051771e-78,-0.0,0.0,1.3686740278268644e-11,0.0,0.0,0.0,3.715059889501182e-28,-0.0,-0.0,-0.0
0.004149999999999873,-0.0,-0.0,-0.0,1.8972978946781518e-19,0.0,0.0,-0.0,-1.0758875014694279e-77,-0.0,0.0,1.367605329806806e-11,0.0,0.0,0.0,3.4212698637688648e-28,-0.0,-0.0,-0.0
0.004152499999999873,-0.0,-0.0,-0.0,1.878275048033481e-19,0.0,0.0,-0.0,-1.5869146914621606e-77,-0.0,0.0,1.3665323111220457e-11,0.0,0.0,0.0,3.1505145732474417e-28,-0.0,-0.0,-0.0
0.004154999999999873,-0.0,-0.0,-0.0,1.8594435397240886e-19,0.0,0.0,-0.0,-2.3365252769834427e-77,-0.0,0.0,1.3654549994376731e-11,0.0,0.0,0.0,2.901003824753033e-28,-0.0,-0.0,-0.0
0.004157499999999873,-0.0,-0.0,-0.0,1.8408014584965997e-19,0.0,0.0,-0.0,-3.4341748298465664e-77,-0.0,0.0,1.3643734222510268e-11,0.0,0.0,0.0,2.6710852976283726e-28,-0.0,-0.0,-0.0
0.004159999999999873,-0.0,-0.0,-0.0,1.8223469117936024e-19,0.0,0.0,-0.0,-5.038649208263807e-77,-0.0,0.0,1.3632876070803604e-11,0.0,0.0,0.0,2.459234023140275e-28,-0.0,-0.0,-0.0
0.004162499999999873,-0.0,-0.0,-0.0,1.8040780255784381e-19,0.0,0.0,-0.0,-7.379898790786019e-77,-0.0,0.0,1.3621975813295426e-11,0.0,0.0,0.0,2.2640426605578885e-28,-0.0,-0.0,-0.0
0.004164999999999873,-0.0,-0.0,-0.0,1.7859929441614611e-19,0.0,0.0,-0.0,-1.0790360712393384e-76,-0.0,0.0,1.3611033724494077e-11,0.0,0.0,0.0,2.084212508440587e-28,-0.0,-0.0,-0.0
0.004167499999999873,-0.0,-0.0,-0.0,1.7680898300277806e-19,0.0,0.0,-0.0,-1.5749815609244467e-76,-0.0,0.0,1.3600050076411685e-11,0.0,0.0,0.0,1.918545195053774e-28,-0.0,-0.0,-0.0
0.004169999999999873,-0.0,-0.0,-0.0,1.7503668636666417e-19,0.0,0.0,-0.0,-2.2949518566597924e-76,-0.0,0.0,1.358902514233044e-11,0.0,0.0,0.0,1.7659349997521603e-28,-0.0,-0.0,-0.0
0.0041724999999998725,-0.0,-0.0,-0.0,1.7328222434020398e-19,0.0,0.0,-0.0,-3.3383731989657e-76,-0.0,0.0,1.3577959193569299e-11,0.0,0.0,0.0,1.625361755539554e-28,-0.0,-0.0,-0.0
0.004174999999999872,-0.0,-0.0,-0.0,1.7154541852249892e-19,0.0,0.0,-0.0,-4.8480150531104465e-76,-0.0,0.0,1.3566852501901092e-11,0.0,0.0,0.0,1.4958842906500955e-28,-0.0,-0.0,-0.0
0.004177499999999872,-0.0,-0.0,-0.0,1.69826092262743e-19,0.0,0.0,-0.0,-7.028543479449573e-76,-0.0,0.0,1.3555705337132516e-11,0.0,0.0,0.0,1.3766343674704597e-28,-0.0,-0.0,-0.0
0.004179999999999872,-0.0,-0.0,-0.0,1.6812407064369243e-19,0.0,0.0,-0.0,-1.0172870378883827e-75,-0.0,0.0,1.3544517970319934e-11,0.0,0.0,0.0,1.2668110829686204e-28,-0.0,-0.0,-0.0
0.004182499999999872,-0.0,-0.0,-0.0,1.6643918046535483e-19,0.0,0.0,-0.0,-1.4699513005476047e-75,-0.0,0.0,1.3533290670012729e-11,0.0,0.0,0.0,1.165675694369493e-28,-0.0,-0.0,-0.0
0.004184999999999872,-0.0,-0.0,-0.0,1.647712502287859e-19,0.0,0.0,-0.0,-2.1205478218808153e-75,-0.0,0.0,1.3522023705198519e-11,0.0,0.0,0.0,1.0725468387631592e-28,-0.0,-0.0,-0.0
0.004187499999999872,-0.0,-0.0,-0.0,1.631201101200063e-19,0.0,0.0,-0.0,-3.054100161015042e-75,-0.0,0.0,1.3510717343960363e-11,0.0,0.0,0.0,9.867961170670723e-29,-0.0,-0.0,-0.0
0.004189999999999872,-0.0,-0.0,-0.0,1.61485591994114e-19,0.0,0.0,-0.0,-4.391500332781284e-75,-0.0,0.0,1.349937185400828e-11,0.0,0.0,0.0,9.078440145186336e-29,-0.0,-0.0,-0.0
0.004192499999999872,-0.0,-0.0,-0.0,1.598675293594863e-19,0.0,0.0,-0.0,-6.304364687888893e-75,-0.0,0.0,1.3487987501075706e-11,0.0,0.0,0.0,8.3515613258389e-29,-0.0,-0.0,-0.0
0.004194999999999872,-0.0,-0.0,-0.0,1.5826575736212897e-19,0.0,0.0,-0.0,-9.035928592135193e-75,-0.0,0.0,1.3476564552652323e-11,0.0,0.0,0.0,7.682397082548238e-29,-0.0,-0.0,-0.0
0.0041974999999998715,-0.0,-0.0,-0.0,1.566801127701998e-19,0.0,0.0,-0.0,-1.2930388234682175e-74,-0.0,0.0,1.3465103273711011e-11,0.0,0.0,0.0,7.066403998503612e-29,-0.0,-0.0,-0.0
0.004199999999999871,-0.0,-0.0,-0.0,1.551104339586156e-19,0.0,0.0,-0.0,-1.847403985653498e-74,-0.0,0.0,1.3453603928841845e-11,0.0,0.0,0.0,6.499393183092947e-29,-0.0,-0.0,-0.0
0.004202499999999871,-0.0,-0.0,-0.0,1.5355656089383326e-19,0.0,0.0,-0.0,-2.6352869817915732e-74,-0.0,0.0,1.3442066782778838e-11,0.0,0.0,0.0,5.977502856881125e-29,-0.0,-0.0,-0.0
0.004204999999999871,-0.0,-0.0,-0.0,1.5201833511874395e-19,0.0,0.0,-0.0,-3.7533048987001976e-74,-0.0,0.0,1.3430492098535621e-11,0.0,0.0,0.0,5.497173039700185e-29,-0.0,-0.0,-0.0
0.004207499999999871,-0.0,-0.0,-0.0,1.504955997377195e-19,0.0,0.0,-0.0,-5.337326747414948e-74,-0.0,0.0,1.3418880139264112e-11,0.0,0.0,0.0,5.055122176011559e-29,-0.0,-0.0,-0.0
0.004209999999999871,-0.0,-0.0,-0.0,1.4898819940175927e-19,0.0,0.0,-0.0,-7.57812645690068e-74,-0.0,0.0,1.3407231167454013e-11,0.0,0.0,0.0,4.648325556422162e-29,-0.0,-0.0,-0.0
0.004212499999999871,-0.0,-0.0,-0.0,1.4749598029380863e-19,0.0,0.0,-0.0,-1.074316094255798e-73,-0.0,0.0,1.3395545444134298e-11,0.0,0.0,0.0,4.273995393510665e-29,-0.0,-0.0,-0.0
0.004214999999999871,-0.0,-0.0,-0.0,1.4601879011417203e-19,0.0,0.0,-0.0,-1.5206824208090452e-73,-0.0,0.0,1.338382323046347e-11,0.0,0.0,0.0,3.929562431724942e-29,-0.0,-0.0,-0.0
0.004217499999999871,-0.0,-0.0,-0.0,1.4455647806608613e-19,0.0,0.0,-0.0,-2.149241319017258e-73,-0.0,0.0,1.3372064786928954e-11,0.0,0.0,0.0,3.612658969770592e-29,-0.0,-0.0,-0.0
0.0042199999999998706,-0.0,-0.0,-0.0,1.4310889484140164e-19,0.0,0.0,-0.0,-3.033025216033826e-73,-0.0,0.0,1.3360270372289004e-11,0.0,0.0,0.0,3.321103189674997e-29,-0.0,-0.0,-0.0
0.0042224999999998705,-0.0,-0.0,-0.0,1.41675892606377e-19,0.0,0.0,-0.0,-4.273807788381931e-73,-0.0,0.0,1.3348440246478027e-11,0.0,0.0,0.0,3.0528846942810044e-29,-0.0,-0.0,-0.0
0.00422499999999987,-0.0,-0.0,-0.0,1.40257324987644e-19,0.0,0.0,-0.0,-6.013204700978183e-73,-0.0,0.0,1.333657466663976e-11,0.0,0.0,0.0,2.806151158892928e-29,-0.0,-0.0,-0.0
0.00422749999999987,-0.0,-0.0,-0.0,1.3885304705826193e-19,0.0,0.0,-0.0,-8.447980624110981e-73,-0.0,0.0,1.332467389108765e-11,0.0,0.0,0.0,2.579196012687922e-29,-0.0,-0.0,-0.0
0.00422999999999987,-0.0,-0.0,-0.0,1.3746291532390422e-19,0.0,0.0,-0.0,-1.1851125599262297e-72,-0.0,0.0,1.3312738176134304e-11,0.0,0.0,0.0,2.3704470715898834e-29,-0.0,-0.0,-0.0
0.00423249999999987,-0.0,-0.0,-0.0,1.3608678770917594e-19,0.0,0.0,-0.0,-1.6600833221589847e-72,-0.0,0.0,1.330076777819991e-11,0.0,0.0,0.0,2.1784560497188124e-29,-0.0,-0.0,-0.0
0.00423499999999987,-0.0,-0.0,-0.0,1.3472452354404165e-19,0.0,0.0,-0.0,-2.3220285768581396e-72,-0.0,0.0,1.328876295301811e-11,0.0,0.0,0.0,2.0018888817969687e-29,-0.0,-0.0,-0.0
0.00423749999999987,-0.0,-0.0,-0.0,1.3337598355039162e-19,0.0,0.0,-0.0,-3.2432198352383445e-72,-0.0,0.0,1.327672395484571e-11,0.0,0.0,0.0,1.8395167942059986e-29,-0.0,-0.0,-0.0
0.00423999999999987,-0.0,-0.0,-0.0,1.3204102982871067e-19,0.0,0.0,-0.0,-4.5233490842027165e-72,-0.0,0.0,1.326465103830081e-11,0.0,0.0,0.0,1.6902080684205848e-29,-0.0,-0.0,-0.0
0.00424249999999987,-0.0,-0.0,-0.0,1.3071952584487783e-19,0.0,0.0,-0.0,-6.299737048179041e-72,-0.0,0.0,1.3252544456521232e-11,0.0,0.0,0.0,1.5529204425212355e-29,-0.0,-0.0,-0.0
0.0042449999999998695,-0.0,-0.0,-0.0,1.2941133641707914e-19,0.0,0.0,-0.0,-8.761269100018763e-72,-0.0,0.0,1.3240404461689712e-11,0.0,0.0,0.0,1.4266941019560445e-29,-0.0,-0.0,-0.0
0.0042474999999998694,-0.0,-0.0,-0.0,1.2811632770283846e-19,0.0,0.0,-0.0,-1.2167393424778873e-71,-0.0,0.0,1.3228231306864285e-11,0.0,0.0,0.0,1.3106452150934515e-29,-0.0,-0.0,-0.0
0.004249999999999869,-0.0,-0.0,-0.0,1.2683436718618243e-19,0.0,0.0,-0.0,-1.6873984336946273e-71,-0.0,0.0,1.321602524257176e-11,0.0,0.0,0.0,1.2039599707542333e-29,-0.0,-0.0,-0.0
0.004252499999999869,-0.0,-0.0,-0.0,1.2556532366487968e-19,0.0,0.0,-0.0,-2.336850292744709e-71,-0.0,0.0,1.3203786519686094e-11,0.0,0.0,0.0,1.1058890792142194e-29,-0.0,-0.0,-0.0
0.004254999999999869,-0.0,-0.0,-0.0,1.2430906723784124e-19,0.0,0.0,-0.0,-3.23177316315275e-71,-0.0,0.0,1.3191515388378209e-11,0.0,0.0,0.0,1.0157427016336692e-29,-0.0,-0.0,-0.0
0.004257499999999869,-0.0,-0.0,-0.0,1.2306546929260758e-19,0.0,0.0,-0.0,-4.463249090763165e-71,-0.0,0.0,1.3179212097071933e-11,0.0,0.0,0.0,9.328857740196163e-30,-0.0,-0.0,-0.0
0.004259999999999869,-0.0,-0.0,-0.0,1.218344024929477e-19,0.0,0.0,-0.0,-6.1555260634380454e-71,-0.0,0.0,1.3166876895050835e-11,0.0,0.0,0.0,8.567336959409348e-30,-0.0,-0.0,-0.0
0.004262499999999869,-0.0,-0.0,-0.0,1.2061574076659938e-19,0.0,0.0,-0.0,-8.477865276394465e-71,-0.0,0.0,1.31545100298474e-11,0.0,0.0,0.0,7.867483551569493e-30,-0.0,-0.0,-0.0
0.004264999999999869,-0.0,-0.0,-0.0,1.1940935929308237e-19,0.0,0.0,-0.0,-1.1660538328817794e-70,-0.0,0.0,1.3142111748286302e-11,0.0,0.0,0.0,7.224344632016882e-30,-0.0,-0.0,-0.0
0.004267499999999869,-0.0,-0.0,-0.0,1.1821513449164385e-19,0.0,0.0,-0.0,-1.601639922728018e-70,-0.0,0.0,1.3129682297260945e-11,0.0,0.0,0.0,6.63336176671446e-30,-0.0,-0.0,-0.0
0.0042699999999998685,-0.0,-0.0,-0.0,1.170329440093041e-19,0.0,0.0,-0.0,-2.1969935427891372e-70,-0.0,0.0,1.3117221922172602e-11,0.0,0.0,0.0,6.090339830397321e-30,-0.0,-0.0,-0.0
0.004272499999999868,-0.0,-0.0,-0.0,1.1586266670902825e-19,0.0,0.0,-0.0,-3.009633940497899e-70,-0.0,0.0,1.3104730867968083e-11,0.0,0.0,0.0,5.591418300450537e-30,-0.0,-0.0,-0.0
0.004274999999999868,-0.0,-0.0,-0.0,1.1470418265798003e-19,0.0,0.0,-0.0,-4.1173988324652346e-70,-0.0,0.0,1.309220937862028e-11,0.0,0.0,0.0,5.133044798855688e-30,-0.0,-0.0,-0.0
0.004277499999999868,-0.0,-0.0,-0.0,1.1355737311590848e-19,0.0,0.0,-0.0,-5.625484136028868e-70,-0.0,0.0,1.3079657697902888e-11,0.0,0.0,0.0,4.711950708408223e-30,-0.0,-0.0,-0.0
0.004279999999999868,-0.0,-0.0,-0.0,1.1242212052360914e-19,0.0,0.0,-0.0,-7.675874997791205e-70,-0.0,0.0,1.3067076068869698e-11,0.0,0.0,0.0,4.325128699371312e-30,-0.0,-0.0,-0.0
0.004282499999999868,-0.0,-0.0,-0.0,1.1129830849152866e-19,0.0,0.0,-0.0,-1.0459964158493554e-69,-0.0,0.0,1.3054464733337463e-11,0.0,0.0,0.0,3.9698120234842545e-30,-0.0,-0.0,-0.0
0.004284999999999868,-0.0,-0.0,-0.0,1.1018582178844344e-19,0.0,0.0,-0.0,-1.423541328088986e-69,-0.0,0.0,1.3041823932402063e-11,0.0,0.0,0.0,3.6434554312584375e-30,-0.0,-0.0,-0.0
0.004287499999999868,-0.0,-0.0,-0.0,1.090845463302485e-19,0.0,0.0,-0.0,-1.9348655314927602e-69,-0.0,0.0,1.3029153906695234e-11,0.0,0.0,0.0,3.343717591373093e-30,-0.0,-0.0,-0.0
0.004289999999999868,-0.0,-0.0,-0.0,1.0799436916886482e-19,0.0,0.0,-0.0,-2.6264887193218267e-69,-0.0,0.0,1.3016454897153353e-11,0.0,0.0,0.0,3.068444892622034e-30,-0.0,-0.0,-0.0
0.004292499999999868,-0.0,-0.0,-0.0,1.0691517848122724e-19,0.0,0.0,-0.0,-3.560799595220176e-69,-0.0,0.0,1.3003727141669456e-11,0.0,0.0,0.0,2.8156565213864154e-30,-0.0,-0.0,-0.0
0.0042949999999998675,-0.0,-0.0,-0.0,1.0584686355838355e-19,0.0,0.0,-0.0,-4.821364179978338e-69,-0.0,0.0,1.2990970878955684e-11,0.0,0.0,0.0,2.583530714683704e-30,-0.0,-0.0,-0.0
0.004297499999999867,-0.0,-0.0,-0.0,1.0478931479469222e-19,0.0,0.0,-0.0,-6.519974615502855e-69,-0.0,0.0,1.2978186347507913e-11,0.0,0.0,0.0,2.3703920977950086e-30,-0.0,-0.0,-0.0
0.004299999999999867,-0.0,-0.0,-0.0,1.0374242367712425e-19,0.0,0.0,-0.0,-8.80599759417517e-69,-0.0,0.0,1.2965373783551607e-11,0.0,0.0,0.0,2.1747000208672613e-30,-0.0,-0.0,-0.0
0.004302499999999867,-0.0,-0.0,-0.0,1.0270608277464941e-19,0.0,0.0,-0.0,-1.1878757431157162e-68,-0.0,0.0,1.2952533423608654e-11,0.0,0.0,0.0,1.9950378164982766e-30,-0.0,-0.0,-0.0
0.004304999999999867,-0.0,-0.0,-0.0,1.0168018572773835e-19,0.0,0.0,-0.0,-1.6003918868534156e-68,-0.0,0.0,1.2939665503212537e-11,0.0,0.0,0.0,1.830102906861192e-30,-0.0,-0.0,-0.0
0.004307499999999867,-0.0,-0.0,-0.0,1.0066462723795475e-19,0.0,0.0,-0.0,-2.1535135225988898e-68,-0.0,0.0,1.2926770257163576e-11,0.0,0.0,0.0,1.6786976929159356e-30,-0.0,-0.0,-0.0
0.004309999999999867,-0.0,-0.0,-0.0,9.965930305762075e-20,0.0,0.0,-0.0,-2.894261966505806e-68,-0.0,0.0,1.2913847919527869e-11,0.0,0.0,0.0,1.539721165428795e-30,-0.0,-0.0,-0.0
0.004312499999999867,-0.0,-0.0,-0.0,9.866410997962982e-20,0.0,0.0,-0.0,-3.885080837768073e-68,-0.0,0.0,1.2900898723381538e-11,0.0,0.0,0.0,1.4121611799182628e-30,-0.0,-0.0,-0.0
0.004314999999999867,-0.0,-0.0,-0.0,9.767894582729826e-20,0.0,0.0,-0.0,-5.208794972632049e-68,-0.0,0.0,1.2887922902084611e-11,0.0,0.0,0.0,1.2950873444214233e-30,-0.0,-0.0,-0.0
0.004317499999999867,-0.0,-0.0,-0.0,9.670370944433796e-20,0.0,0.0,-0.0,-6.975131829866496e-68,-0.0,0.0,1.2874920686475004e-11,0.0,0.0,0.0,1.1876444718286224e-30,-0.0,-0.0,-0.0
0.0043199999999998665,-0.0,-0.0,-0.0,9.573830068493098e-20,0.0,0.0,-0.0,-9.329287598724922e-68,-0.0,0.0,1.2861892308436675e-11,0.0,0.0,0.0,1.08904655134737e-30,-0.0,-0.0,-0.0
0.004322499999999866,-0.0,-0.0,-0.0,9.478262040387257e-20,0.0,0.0,-0.0,-1.246316592098785e-67,-0.0,0.0,1.2848837997841089e-11,0.0,0.0,0.0,9.985712001388905e-31,-0.0,-0.0,-0.0
0.004324999999999866,-0.0,-0.0,-0.0,9.383657044681329e-20,0.0,0.0,-0.0,-1.6630105896717805e-67,-0.0,0.0,1.283575798483716e-11,0.0,0.0,0.0,9.15554554991742e-31,-0.0,-0.0,-0.0
0.004327499999999866,-0.0,-0.0,-0.0,9.290005364061127e-20,0.0,0.0,-0.0,-2.2164160333034033e-67,-0.0,0.0,1.282265249806997e-11,0.0,0.0,0.0,8.393865716659758e-31,-0.0,-0.0,-0.0
0.004329999999999866,-0.0,-0.0,-0.0,9.197297378374024e-20,0.0,0.0,-0.0,-2.950530099152554e-67,-0.0,0.0,1.28095217654442e-11,0.0,0.0,0.0,7.69506697635243e-31,-0.0,-0.0,-0.0
0.004332499999999866,-0.0,-0.0,-0.0,9.10552356368163e-20,0.0,0.0,-0.0,-3.92323352965862e-67,-0.0,0.0,1.279636601462888e-11,0.0,0.0,0.0,7.053998905777306e-31,-0.0,-0.0,-0.0
0.004334999999999866,-0.0,-0.0,-0.0,9.014674491319216e-20,0.0,0.0,-0.0,-5.210584487277437e-67,-0.0,0.0,1.2783185472548752e-11,0.0,0.0,0.0,6.465929540258752e-31,-0.0,-0.0,-0.0
0.004337499999999866,-0.0,-0.0,-0.0,8.924740826966065e-20,0.0,0.0,-0.0,-6.912413374934307e-67,-0.0,0.0,1.276998036462599e-11,0.0,0.0,0.0,5.926511654503852e-31,-0.0,-0.0,-0.0
0.004339999999999866,-0.0,-0.0,-0.0,8.835713329721477e-20,0.0,0.0,-0.0,-9.159604584213759e-67,-0.0,0.0,1.2756750916548974e-11,0.0,0.0,0.0,5.4317517422236554e-31,-0.0,-0.0,-0.0
0.0043424999999998656,-0.0,-0.0,-0.0,8.747582851192238e-20,0.0,0.0,-0.0,-1.2123563200027477e-66,-0.0,0.0,1.2743497352502653e-11,0.0,0.0,0.0,4.977981469764042e-31,-0.0,-0.0,-0.0
0.0043449999999998655,-0.0,-0.0,-0.0,8.660340334587542e-20,0.0,0.0,-0.0,-1.6028508584163976e-66,-0.0,0.0,1.2730219895675367e-11,0.0,0.0,0.0,4.561831418072656e-31,-0.0,-0.0,-0.0
0.004347499999999865,-0.0,-0.0,-0.0,8.573976813821723e-20,0.0,0.0,-0.0,-2.1167421297522018e-66,-0.0,0.0,1.2716918769767587e-11,0.0,0.0,0.0,4.180206926126841e-31,-0.0,-0.0,-0.0
0.004349999999999865,-0.0,-0.0,-0.0,8.488483412626411e-20,0.0,0.0,-0.0,-2.7922706284738964e-66,-0.0,0.0,1.2703594196976066e-11,0.0,0.0,0.0,3.8302658688905834e-31,-0.0,-0.0,-0.0
0.004352499999999865,-0.0,-0.0,-0.0,8.403851343670036e-20,0.0,0.0,-0.0,-3.679293784653776e-66,-0.0,0.0,1.2690246398498724e-11,0.0,0.0,0.0,3.509398219156982e-31,-0.0,-0.0,-0.0
0.004354999999999865,-0.0,-0.0,-0.0,8.320071907687323e-20,0.0,0.0,-0.0,-4.842743875480208e-66,-0.0,0.0,1.2676875594785999e-11,0.0,0.0,0.0,3.2152072474866644e-31,-0.0,-0.0,-0.0
0.004357499999999865,-0.0,-0.0,-0.0,8.237136492613402e-20,0.0,0.0,-0.0,-6.367093994137743e-66,-0.0,0.0,1.2663482006291618e-11,0.0,0.0,0.0,2.9454922350229035e-31,-0.0,-0.0,-0.0
0.004359999999999865,-0.0,-0.0,-0.0,8.155036572731302e-20,0.0,0.0,-0.0,-8.362119738193238e-66,-0.0,0.0,1.2650065851466802e-11,0.0,0.0,0.0,2.6982325724602532e-31,-0.0,-0.0,-0.0
0.004362499999999865,-0.0,-0.0,-0.0,8.073763707822275e-20,0.0,0.0,-0.0,-1.0970324592448126e-65,-0.0,0.0,1.263662734951575e-11,0.0,0.0,0.0,2.4715731403572554e-31,-0.0,-0.0,-0.0
0.004364999999999865,-0.0,-0.0,-0.0,7.993309542327051e-20,0.0,0.0,-0.0,-1.4376499221337985e-65,-0.0,0.0,1.26231667178902e-11,0.0,0.0,0.0,2.26381086569536e-31,-0.0,-0.0,-0.0
0.0043674999999998645,-0.0,-0.0,-0.0,7.913665804514244e-20,0.0,0.0,-0.0,-1.882001488496059e-65,-0.0,0.0,1.2609684173541752e-11,0.0,0.0,0.0,2.0733823607909276e-31,-0.0,-0.0,-0.0
0.0043699999999998644,-0.0,-0.0,-0.0,7.834824305656937e-20,0.0,0.0,-0.0,-2.461061636069997e-65,-0.0,0.0,1.2596179932671032e-11,0.0,0.0,0.0,1.898852559470807e-31,-0.0,-0.0,-0.0
0.004372499999999864,-0.0,-0.0,-0.0,7.756776939216442e-20,0.0,0.0,-0.0,-3.214868931298418e-65,-0.0,0.0,1.2582654211224355e-11,0.0,0.0,0.0,1.7389042694995105e-31,-0.0,-0.0,-0.0
0.004374999999999864,-0.0,-0.0,-0.0,7.679515680033601e-20,0.0,0.0,-0.0,-4.195124276340002e-65,-0.0,0.0,1.2569107222654903e-11,0.0,0.0,0.0,1.5923285693366602e-31,-0.0,-0.0,-0.0
0.004377499999999864,-0.0,-0.0,-0.0,7.603032583528589e-20,0.0,0.0,-0.0,-5.468518375477092e-65,-0.0,0.0,1.2555539181654628e-11,0.0,0.0,0.0,1.4580159796258324e-31,-0.0,-0.0,-0.0
0.004379999999999864,-0.0,-0.0,-0.0,7.527319784907735e-20,0.0,0.0,-0.0,-7.120988696250603e-65,-0.0,0.0,1.2541950301416399e-11,0.0,0.0,0.0,1.3349483495847225e-31,-0.0,-0.0,-0.0
0.004382499999999864,-0.0,-0.0,-0.0,7.45236949837781e-20,0.0,0.0,-0.0,-9.263159999279256e-65,-0.0,0.0,1.2528340795123487e-11,0.0,0.0,0.0,1.2221913996718393e-31,-0.0,-0.0,-0.0
0.004384999999999864,-0.0,-0.0,-0.0,7.378174016367784e-20,0.0,0.0,-0.0,-1.2037290427309453e-64,-0.0,0.0,1.2514710872976117e-11,0.0,0.0,0.0,1.1188878678474498e-31,-0.0,-0.0,-0.0
0.004387499999999864,-0.0,-0.0,-0.0,7.304725708758207e-20,0.0,0.0,-0.0,-1.562613081398439e-64,-0.0,0.0,1.250106074689941e-11,0.0,0.0,0.0,1.0242512115192954e-31,-0.0,-0.0,-0.0
0.004389999999999864,-0.0,-0.0,-0.0,7.23201702211731e-20,0.0,0.0,-0.0,-2.026421280495346e-64,-0.0,0.0,1.2487390626579823e-11,0.0,0.0,0.0,9.375598204354092e-32,-0.0,-0.0,-0.0
0.0043924999999998635,-0.0,-0.0,-0.0,7.16004047894504e-20,0.0,0.0,-0.0,-2.6252217273988832e-64,-0.0,0.0,1.2473700722185972e-11,0.0,0.0,0.0,8.581516988880128e-32,-0.0,-0.0,-0.0
0.004394999999999863,-0.0,-0.0,-0.0,7.088788676923776e-20,0.0,0.0,-0.0,-3.3975245367195775e-64,-0.0,0.0,1.2459991241405112e-11,0.0,0.0,0.0,7.854195800752895e-32,-0.0,-0.0,-0.0
0.004397499999999863,-0.0,-0.0,-0.0,7.018254288176322e-20,0.0,0.0,-0.0,-4.392602916643947e-64,-0.0,0.0,1.2446262392651622e-11,0.0,0.0,0.0,7.188064376163765e-32,-0.0,-0.0,-0.0
0.004399999999999863,-0.0,-0.0,-0.0,6.948430058530454e-20,0.0,0.0,-0.0,-5.673438839112299e-64,-0.0,0.0,1.2432514383338728e-11,0.0,0.0,0.0,6.578013620982146e-32,-0.0,-0.0,-0.0
0.004402499999999863,-0.0,-0.0,-0.0,6.879308806792309e-20,0.0,0.0,-0.0,-7.320457733180947e-64,-0.0,0.0,1.2418747419387913e-11,0.0,0.0,0.0,6.019357732436112e-32,-0.0,-0.0,-0.0
0.004404999999999863,-0.0,-0.0,-0.0,6.810883424023528e-20,0.0,0.0,-0.0,-9.436258938902014e-64,-0.0,0.0,1.2404961707195648e-11,0.0,0.0,0.0,5.507799407099747e-32,-0.0,-0.0,-0.0
0.004407499999999863,-0.0,-0.0,-0.0,6.743146872828276e-20,0.0,0.0,-0.0,-1.2151601607970692e-63,-0.0,0.0,1.2391157450931768e-11,0.0,0.0,0.0,5.039397886343481e-32,-0.0,-0.0,-0.0
0.004409999999999863,-0.0,-0.0,-0.0,6.676092186645129e-20,0.0,0.0,-0.0,-1.5632971952266184e-63,-0.0,0.0,1.2377334854749742e-11,0.0,0.0,0.0,4.610539606756196e-32,-0.0,-0.0,-0.0
0.004412499999999863,-0.0,-0.0,-0.0,6.609712469047073e-20,0.0,0.0,-0.0,-2.009214042469503e-63,-0.0,0.0,1.236349412229383e-11,0.0,0.0,0.0,4.21791124809097e-32,-0.0,-0.0,-0.0
0.004414999999999863,-0.0,-0.0,-0.0,6.54400089304681e-20,0.0,0.0,-0.0,-2.579822062238373e-63,-0.0,0.0,1.234963545669798e-11,0.0,0.0,0.0,3.8584749835502014e-32,-0.0,-0.0,-0.0
0.0044174999999998625,-0.0,-0.0,-0.0,6.478950700409665e-20,0.0,0.0,-0.0,-3.309287035007721e-63,-0.0,0.0,1.2335759058633574e-11,0.0,0.0,0.0,3.529445753426303e-32,-0.0,-0.0,-0.0
0.004419999999999862,-0.0,-0.0,-0.0,6.414555200972993e-20,0.0,0.0,-0.0,-4.240943551881636e-63,-0.0,0.0,1.2321865130459955e-11,0.0,0.0,0.0,3.2282703977262897e-32,-0.0,-0.0,-0.0
0.004422499999999862,-0.0,-0.0,-0.0,6.350807771971533e-20,0.0,0.0,-0.0,-5.429703698118713e-63,-0.0,0.0,1.2307953871831463e-11,0.0,0.0,0.0,2.952608498909435e-32,-0.0,-0.0,-0.0
0.004424999999999862,-0.0,-0.0,-0.0,6.287701857369574e-20,0.0,0.0,-0.0,-6.945084828210037e-63,-0.0,0.0,1.2294025482624962e-11,0.0,0.0,0.0,2.700314793736163e-32,-0.0,-0.0,-0.0
0.004427499999999862,-0.0,-0.0,-0.0,6.225230967199604e-20,0.0,0.0,-0.0,-8.87501202644497e-63,-0.0,0.0,1.228008016220632e-11,0.0,0.0,0.0,2.4694230273930154e-32,-0.0,-0.0,-0.0
0.004429999999999862,-0.0,-0.0,-0.0,6.163388676907116e-20,0.0,0.0,-0.0,-1.133058905929703e-62,-0.0,0.0,1.2266118107731636e-11,0.0,0.0,0.0,2.258131132970753e-32,-0.0,-0.0,-0.0
0.004432499999999862,-0.0,-0.0,-0.0,6.102168626701825e-20,0.0,0.0,-0.0,-1.4452078998322401e-62,-0.0,0.0,1.2252139517062292e-11,0.0,0.0,0.0,2.0647876283049055e-32,-0.0,-0.0,-0.0
0.004434999999999862,-0.0,-0.0,-0.0,6.041564520914662e-20,0.0,0.0,-0.0,-1.8416394390185364e-62,-0.0,0.0,1.2238144586821817e-11,0.0,0.0,0.0,1.8878791306716573e-32,-0.0,-0.0,-0.0
0.004437499999999862,-0.0,-0.0,-0.0,5.981570127361557e-20,0.0,0.0,-0.0,-2.3446469474827435e-62,-0.0,0.0,1.2224133513123678e-11,0.0,0.0,0.0,1.726018898052662e-32,-0.0,-0.0,-0.0
0.004439999999999862,-0.0,-0.0,-0.0,5.922179276713137e-20,0.0,0.0,-0.0,-2.982297675814808e-62,-0.0,0.0,1.2210106490604357e-11,0.0,0.0,0.0,1.577936314287994e-32,-0.0,-0.0,-0.0
0.0044424999999998615,-0.0,-0.0,-0.0,5.863385861870141e-20,0.0,0.0,-0.0,-3.7898961214113533e-62,-0.0,0.0,1.219606371387494e-11,0.0,0.0,0.0,1.442467239924417e-32,-0.0,-0.0,-0.0
0.004444999999999861,-0.0,-0.0,-0.0,5.805183837345377e-20,0.0,0.0,-0.0,-4.811810231767763e-62,-0.0,0.0,1.2182005376553728e-11,0.0,0.0,0.0,1.3185451584015675e-32,-0.0,-0.0,-0.0
0.004447499999999861,-0.0,-0.0,-0.0,5.747567218650881e-20,0.0,0.0,-0.0,-6.103748300192715e-62,-0.0,0.0,1.2167931671508801e-11,0.0,0.0,0.0,1.2051930527772224e-32,-0.0,-0.0,-0.0
0.004449999999999861,-0.0,-0.0,-0.0,5.690530081691677e-20,0.0,0.0,-0.0,-7.735595273624963e-62,-0.0,0.0,1.2153842790857837e-11,0.0,0.0,0.0,1.1015159529904537e-32,-0.0,-0.0,-0.0
0.004452499999999861,-0.0,-0.0,-0.0,5.634066562165498e-20,0.0,0.0,-0.0,-9.794942808639634e-62,-0.0,0.0,1.213973892644946e-11,0.0,0.0,0.0,1.00669409906471e-32,-0.0,-0.0,-0.0
0.004454999999999861,-0.0,-0.0,-0.0,5.578170854967096e-20,0.0,0.0,-0.0,-1.23914789212852e-61,-0.0,0.0,1.2125620267941675e-11,0.0,0.0,0.0,9.199766688817187e-33,-0.0,-0.0,-0.0
0.004457499999999861,-0.0,-0.0,-0.0,5.522837213599494e-20,0.0,0.0,-0.0,-1.5662441798773287e-61,-0.0,0.0,1.211148700568566e-11,0.0,0.0,0.0,8.406760255968856e-33,-0.0,-0.0,-0.0
0.004459999999999861,-0.0,-0.0,-0.0,5.46805994959092e-20,0.0,0.0,-0.0,-1.977938989820244e-61,-0.0,0.0,1.2097339328803396e-11,0.0,0.0,0.0,7.681624410027784e-33,-0.0,-0.0,-0.0
0.004462499999999861,-0.0,-0.0,-0.0,5.413833431916096e-20,0.0,0.0,-0.0,-2.4956598775395063e-61,-0.0,0.0,1.2083177425668945e-11,0.0,0.0,0.0,7.018592558937102e-33,-0.0,-0.0,-0.0
0.004464999999999861,-0.0,-0.0,-0.0,5.360152086424664e-20,0.0,0.0,-0.0,-3.146146661518565e-61,-0.0,0.0,1.20690014839093e-11,0.0,0.0,0.0,6.412384422306904e-33,-0.0,-0.0,-0.0
0.0044674999999998605,-0.0,-0.0,-0.0,5.307010395274452e-20,0.0,0.0,-0.0,-3.962739799623435e-61,-0.0,0.0,1.2054811690404707e-11,0.0,0.0,0.0,5.858165329931051e-33,-0.0,-0.0,-0.0
0.00446999999999986,-0.0,-0.0,-0.0,5.254402896369579e-20,0.0,0.0,-0.0,-4.986974261900964e-61,-0.0,0.0,1.2040608231288973e-11,0.0,0.0,0.0,5.351508903856286e-33,-0.0,-0.0,-0.0
0.00447249999999986,-0.0,-0.0,-0.0,5.202324182805213e-20,0.0,0.0,-0.0,-6.270549675806396e-61,-0.0,0.0,1.2026391291950042e-11,0.0,0.0,0.0,4.8883628380656035e-33,-0.0,-0.0,-0.0
0.00447499999999986,-0.0,-0.0,-0.0,5.150768902316909e-20,0.0,0.0,-0.0,-7.877763531400028e-61,-0.0,0.0,1.2012161057031387e-11,0.0,0.0,0.0,4.465017527711106e-33,-0.0,-0.0,-0.0
0.00447749999999986,-0.0,-0.0,-0.0,5.099731756735901e-20,0.0,0.0,-0.0,-9.888513776648394e-61,-0.0,0.0,1.1997917710431456e-11,0.0,0.0,0.0,4.0780773052851225e-33,-0.0,-0.0,-0.0
0.00447999999999986,-0.0,-0.0,-0.0,5.049207501448104e-20,0.0,0.0,-0.0,-1.2402000975380296e-60,-0.0,0.0,1.1983661435304893e-11,0.0,0.0,0.0,3.724434073821289e-33,-0.0,-0.0,-0.0
0.00448249999999986,-0.0,-0.0,-0.0,4.999190944860742e-20,0.0,0.0,-0.0,-1.55412892453851e-60,-0.0,0.0,1.1969392414063285e-11,0.0,0.0,0.0,3.401243137900666e-33,-0.0,-0.0,-0.0
0.00448499999999986,-0.0,-0.0,-0.0,4.949676947872597e-20,0.0,0.0,-0.0,-1.9458920575049748e-60,-0.0,0.0,1.1955110828375421e-11,0.0,0.0,0.0,3.105901048818883e-33,-0.0,-0.0,-0.0
0.00448749999999986,-0.0,-0.0,-0.0,4.9006604233491747e-20,0.0,0.0,-0.0,-2.4343820166186716e-60,-0.0,0.0,1.1940816858932046e-11,0.0,0.0,0.0,2.836025299944679e-33,-0.0,-0.0,-0.0
0.0044899999999998596,-0.0,-0.0,-0.0,4.852136335604106e-20,0.0,0.0,-0.0,-3.042978277002399e-60,-0.0,0.0,1.1926510686863049e-11,0.0,0.0,0.0,2.5894357170826393e-33,-0.0,-0.0,-0.0
0.0044924999999998595,-0.0,-0.0,-0.0,4.8040996998845366e-20,0.0,0.0,-0.0,-3.8005893562709576e-60,-0.0,0.0,1.191219249043337e-11,0.0,0.0,0.0,2.364137405088375e-33,-0.0,-0.0,-0.0
0.004494999999999859,-0.0,-0.0,-0.0,4.756545581862433e-20,0.0,0.0,-0.0,-4.7429314287214394e-60,-0.0,0.0,1.18978624485851e-11,0.0,0.0,0.0,2.1583051197553363e-33,-0.0,-0.0,-0.0
0.004497499999999859,-0.0,-0.0,-0.0,4.709469097130092e-20,0.0,0.0,-0.0,-5.914095894057774e-60,-0.0,0.0,1.188352073975544e-11,0.0,0.0,0.0,1.9702689482956075e-33,-0.0,-0.0,-0.0
0.004499999999999859,-0.0,-0.0,-0.0,4.6628654107006313e-20,0.0,0.0,-0.0,-7.36846967505935e-60,-0.0,0.0,1.1869167540936522e-11,0.0,0.0,0.0,1.7985011895141885e-33,-0.0,-0.0,-0.0
0.004502499999999859,-0.0,-0.0,-0.0,4.6167297365140297e-20,0.0,0.0,-0.0,-9.17308575268513e-60,-0.0,0.0,1.1854803028618923e-11,0.0,0.0,0.0,1.6416043328998494e-33,-0.0,-0.0,-0.0
0.004504999999999859,-0.0,-0.0,-0.0,4.571057336947007e-20,0.0,0.0,-0.0,-1.1410498063549524e-59,-0.0,0.0,1.1840427378556054e-11,0.0,0.0,0.0,1.4983000466578709e-33,-0.0,-0.0,-0.0
0.004507499999999859,-0.0,-0.0,-0.0,4.5258435223285137e-20,0.0,0.0,-0.0,-1.4182294988151849e-59,-0.0,0.0,1.182604076553178e-11,0.0,0.0,0.0,1.367419089661581e-33,-0.0,-0.0,-0.0
0.004509999999999859,-0.0,-0.0,-0.0,4.4810836504593034e-20,0.0,0.0,-0.0,-1.7613389921577263e-59,-0.0,0.0,1.1811643364296422e-11,0.0,0.0,0.0,1.2478920713219246e-33,-0.0,-0.0,-0.0
0.004512499999999859,-0.0,-0.0,-0.0,4.436773126136838e-20,0.0,0.0,-0.0,-2.1857256745642925e-59,-0.0,0.0,1.1797235348163968e-11,0.0,0.0,0.0,1.1387409873343052e-33,-0.0,-0.0,-0.0
0.0045149999999998585,-0.0,-0.0,-0.0,4.392907400684057e-20,0.0,0.0,-0.0,-2.7102313360672376e-59,-0.0,0.0,1.1782816889949083e-11,0.0,0.0,0.0,1.0390714684740984e-33,-0.0,-0.0,-0.0
0.0045174999999998584,-0.0,-0.0,-0.0,4.3494819714834436e-20,0.0,0.0,-0.0,-3.357969905330666e-59,-0.0,0.0,1.1768388161501305e-11,0.0,0.0,0.0,9.480656809775016e-34,-0.0,-0.0,-0.0
0.004519999999999858,-0.0,-0.0,-0.0,4.3064923815152793e-20,0.0,0.0,-0.0,-4.157274282653734e-59,-0.0,0.0,1.1753949334636547e-11,0.0,0.0,0.0,8.649758255967398e-34,-0.0,-0.0,-0.0
0.004522499999999858,-0.0,-0.0,-0.0,4.2639342189003095e-20,0.0,0.0,-0.0,-5.142848156442567e-59,-0.0,0.0,1.1739500579741373e-11,0.0,0.0,0.0,7.891181843507509e-34,-0.0,-0.0,-0.0
0.004524999999999858,-0.0,-0.0,-0.0,4.2218031164474827e-20,0.0,0.0,-0.0,-6.357166124815969e-59,-0.0,0.0,1.1725042066473662e-11,0.0,0.0,0.0,7.198676696159636e-34,-0.0,-0.0,-0.0
0.004527499999999858,-0.0,-0.0,-0.0,4.180094751205206e-20,0.0,0.0,-0.0,-7.852174368506395e-59,-0.0,0.0,1.1710573964458066e-11,0.0,0.0,0.0,6.56652833548661e-34,-0.0,-0.0,-0.0
0.004529999999999858,-0.0,-0.0,-0.0,4.138804844017859e-20,0.0,0.0,-0.0,-9.69135485241238e-59,-0.0,0.0,1.1696096442126342e-11,0.0,0.0,0.0,5.989512986919353e-34,-0.0,-0.0,-0.0
0.004532499999999858,-0.0,-0.0,-0.0,4.097929159085955e-20,0.0,0.0,-0.0,-1.195222888835147e-58,-0.0,0.0,1.1681609666490447e-11,0.0,0.0,0.0,5.462855754292353e-34,-0.0,-0.0,-0.0
0.004534999999999858,-0.0,-0.0,-0.0,4.05746350353115e-20,0.0,0.0,-0.0,-1.4729391340895624e-58,-0.0,0.0,1.1667113805223228e-11,0.0,0.0,0.0,4.982192328284673e-34,-0.0,-0.0,-0.0
0.004537499999999858,-0.0,-0.0,-0.0,4.0174037269653136e-20,0.0,0.0,-0.0,-1.813818522813697e-58,-0.0,0.0,1.1652609024348252e-11,0.0,0.0,0.0,4.5435339386559425e-34,-0.0,-0.0,-0.0
0.0045399999999998575,-0.0,-0.0,-0.0,3.977745721063397e-20,0.0,0.0,-0.0,-2.2319148627905154e-58,-0.0,0.0,1.1638095489165445e-11,0.0,0.0,0.0,4.143235276918726e-34,-0.0,-0.0,-0.0
0.004542499999999857,-0.0,-0.0,-0.0,3.938485419141437e-20,0.0,0.0,-0.0,-2.7443392273440906e-58,-0.0,0.0,1.1623573364942408e-11,0.0,0.0,0.0,3.7779651353341216e-34,-0.0,-0.0,-0.0
0.004544999999999857,-0.0,-0.0,-0.0,3.899618795737836e-20,0.0,0.0,-0.0,-3.37190979174799e-58,-0.0,0.0,1.160904281553385e-11,0.0,0.0,0.0,3.444679540988027e-34,-0.0,-0.0,-0.0
0.004547499999999857,-0.0,-0.0,-0.0,3.8611418661990384e-20,0.0,0.0,-0.0,-4.139936536631965e-58,-0.0,0.0,1.159450400430361e-11,0.0,0.0,0.0,3.1405971668139135e-34,-0.0,-0.0,-0.0
0.004549999999999857,-0.0,-0.0,-0.0,3.8230506862695967e-20,0.0,0.0,-0.0,-5.079168129585108e-58,-0.0,0.0,1.1579957093667032e-11,0.0,0.0,0.0,2.863176835233845e-34,-0.0,-0.0,-0.0
0.004552499999999857,-0.0,-0.0,-0.0,3.7853413516855945e-20,0.0,0.0,-0.0,-6.2269336863683706e-58,-0.0,0.0,1.1565402246007337e-11,0.0,0.0,0.0,2.610096932334299e-34,-0.0,-0.0,-0.0
0.004554999999999857,-0.0,-0.0,-0.0,3.748009997772827e-20,0.0,0.0,-0.0,-7.628518539892528e-58,-0.0,0.0,1.1550839622302468e-11,0.0,0.0,0.0,2.3792365740692363e-34,-0.0,-0.0,-0.0
0.004557499999999857,-0.0,-0.0,-0.0,3.711052799048116e-20,0.0,0.0,-0.0,-9.338820810083504e-58,-0.0,0.0,1.1536269382814957e-11,0.0,0.0,0.0,2.168658376646196e-34,-0.0,-0.0,-0.0
0.004559999999999857,-0.0,-0.0,-0.0,3.674465968825678e-20,0.0,0.0,-0.0,-1.1424344674366223e-57,-0.0,0.0,1.152169168754824e-11,0.0,0.0,0.0,1.9765926939667788e-34,-0.0,-0.0,-0.0
0.004562499999999857,-0.0,-0.0,-0.0,3.63824575882578e-20,0.0,0.0,-0.0,-1.3965597106405358e-57,-0.0,0.0,1.1507106695790288e-11,0.0,0.0,0.0,1.8014231995329398e-34,-0.0,-0.0,-0.0
0.0045649999999998565,-0.0,-0.0,-0.0,3.60238845878906e-20,0.0,0.0,-0.0,-1.7059967731813105e-57,-0.0,0.0,1.1492514565659857e-11,0.0,0.0,0.0,1.641673698834213e-34,-0.0,-0.0,-0.0
0.004567499999999856,-0.0,-0.0,-0.0,3.566890396092911e-20,0.0,0.0,-0.0,-2.0825186792806175e-57,-0.0,0.0,1.1477915454564957e-11,0.0,0.0,0.0,1.4959960670277271e-34,-0.0,-0.0,-0.0
0.004569999999999856,-0.0,-0.0,-0.0,3.5317479353731756e-20,0.0,0.0,-0.0,-2.5403474406797474e-57,-0.0,0.0,1.1463309519656543e-11,0.0,0.0,0.0,1.363159217846454e-34,-0.0,-0.0,-0.0
0.004572499999999856,-0.0,-0.0,-0.0,3.496957478148345e-20,0.0,0.0,-0.0,-3.096651589441964e-57,-0.0,0.0,1.1448696917374697e-11,0.0,0.0,0.0,1.2420390153227776e-34,-0.0,-0.0,-0.0
0.004574999999999856,-0.0,-0.0,-0.0,3.4625154624482617e-20,0.0,0.0,-0.0,-3.772142357993386e-57,-0.0,0.0,1.1434077802997636e-11,0.0,0.0,0.0,1.1316090491313837e-34,-0.0,-0.0,-0.0
0.004577499999999856,-0.0,-0.0,-0.0,3.428418362446254e-20,0.0,0.0,-0.0,-4.591787577339021e-57,-0.0,0.0,1.1419452331322338e-11,0.0,0.0,0.0,1.0309321992798662e-34,-0.0,-0.0,-0.0
0.004579999999999856,-0.0,-0.0,-0.0,3.394662688094767e-20,0.0,0.0,-0.0,-5.585665962218173e-57,-0.0,0.0,1.1404820656214729e-11,0.0,0.0,0.0,9.391529238292452e-35,-0.0,-0.0,-0.0
0.004582499999999856,-0.0,-0.0,-0.0,3.361244984764364e-20,0.0,0.0,-0.0,-6.789988700808748e-57,-0.0,0.0,1.1390182931286575e-11,0.0,0.0,0.0,8.554902080417515e-35,-0.0,-0.0,-0.0
0.004584999999999856,-0.0,-0.0,-0.0,3.32816183288718e-20,0.0,0.0,-0.0,-8.248320295347878e-57,-0.0,0.0,1.1375539309669739e-11,0.0,0.0,0.0,7.792311181486773e-35,-0.0,-0.0,-0.0
0.004587499999999856,-0.0,-0.0,-0.0,3.295409847603152e-20,0.0,0.0,-0.0,-1.0013036545320462e-56,-0.0,0.0,1.1360889942443393e-11,0.0,0.0,0.0,7.09724908920968e-35,-0.0,-0.0,-0.0
0.0045899999999998555,-0.0,-0.0,-0.0,3.262985678409692e-20,0.0,0.0,-0.0,-1.214706458465856e-56,-0.0,0.0,1.1346234981560027e-11,0.0,0.0,0.0,6.463776373412247e-35,-0.0,-0.0,-0.0
0.004592499999999855,-0.0,-0.0,-0.0,3.230886008815405e-20,0.0,0.0,-0.0,-1.4725958159095547e-56,-0.0,0.0,1.1331574577148377e-11,0.0,0.0,0.0,5.886472396377471e-35,-0.0,-0.0,-0.0
0.004594999999999855,-0.0,-0.0,-0.0,3.199107555996544e-20,0.0,0.0,-0.0,-1.784037111985594e-56,-0.0,0.0,1.131690887931197e-11,0.0,0.0,0.0,5.360390316493623e-35,-0.0,-0.0,-0.0
0.004597499999999855,-0.0,-0.0,-0.0,3.1676470704575405e-20,0.0,0.0,-0.0,-2.1599003612394596e-56,-0.0,0.0,1.1302238037455357e-11,0.0,0.0,0.0,4.881015967633847e-35,-0.0,-0.0,-0.0
0.004599999999999855,-0.0,-0.0,-0.0,3.1365013356944285e-20,0.0,0.0,-0.0,-2.613210901179811e-56,-0.0,0.0,1.1287562199839196e-11,0.0,0.0,0.0,4.444230282415433e-35,-0.0,-0.0,-0.0
0.004602499999999855,-0.0,-0.0,-0.0,3.105667167861792e-20,0.0,0.0,-0.0,-3.1595665638115443e-56,-0.0,0.0,1.1272881514030464e-11,0.0,0.0,0.0,4.0462749536403926e-35,-0.0,-0.0,-0.0
0.004604999999999855,-0.0,-0.0,-0.0,3.0751414154427555e-20,0.0,0.0,-0.0,-3.817633607244536e-56,-0.0,0.0,1.1258196127348855e-11,0.0,0.0,0.0,3.6837210597072166e-35,-0.0,-0.0,-0.0
0.004607499999999855,-0.0,-0.0,-0.0,3.044920958922975e-20,0.0,0.0,-0.0,-4.609735898577211e-56,-0.0,0.0,1.1243506186197717e-11,0.0,0.0,0.0,3.3534403991765193e-35,-0.0,-0.0,-0.0
0.004609999999999855,-0.0,-0.0,-0.0,3.0150027104667344e-20,0.0,0.0,-0.0,-5.562554437466138e-56,-0.0,0.0,1.1228811836511764e-11,0.0,0.0,0.0,3.052579301766043e-35,-0.0,-0.0,-0.0
0.0046124999999998546,-0.0,-0.0,-0.0,2.985383613597335e-20,0.0,0.0,-0.0,-6.707957357609581e-56,-0.0,0.0,1.1214113222869549e-11,0.0,0.0,0.0,2.7785347035961406e-35,-0.0,-0.0,-0.0
0.0046149999999998545,-0.0,-0.0,-0.0,2.9560606428799486e-20,0.0,0.0,-0.0,-8.083984120547965e-56,-0.0,0.0,1.1199410489827594e-11,0.0,0.0,0.0,2.5289322924338826e-35,-0.0,-0.0,-0.0
0.004617499999999854,-0.0,-0.0,-0.0,2.927030803608111e-20,0.0,0.0,-0.0,-9.736011816063004e-56,-0.0,0.0,1.1184703781254583e-11,0.0,0.0,0.0,2.3016065465318642e-35,-0.0,-0.0,-0.0
0.004619999999999854,-0.0,-0.0,-0.0,2.8982911314926584e-20,0.0,0.0,-0.0,-1.1718136398681172e-55,-0.0,0.0,1.1169993239669551e-11,0.0,0.0,0.0,2.094582500697618e-35,-0.0,-0.0,-0.0
0.004622499999999854,-0.0,-0.0,-0.0,2.869838692354662e-20,0.0,0.0,-0.0,-1.4094807455470918e-55,-0.0,0.0,1.1155279007571595e-11,0.0,0.0,0.0,1.906059095303307e-35,-0.0,-0.0,-0.0
0.004624999999999854,-0.0,-0.0,-0.0,2.841670581820602e-20,0.0,0.0,-0.0,-1.694276184040524e-55,-0.0,0.0,1.1140561226555023e-11,0.0,0.0,0.0,1.7343939691127838e-35,-0.0,-0.0,-0.0
0.004627499999999854,-0.0,-0.0,-0.0,2.813783925021084e-20,0.0,0.0,-0.0,-2.0353309410131875e-55,-0.0,0.0,1.1125840037972764e-11,0.0,0.0,0.0,1.578089572436171e-35,-0.0,-0.0,-0.0
0.004629999999999854,-0.0,-0.0,-0.0,2.786175876292386e-20,0.0,0.0,-0.0,-2.4435033314859435e-55,-0.0,0.0,1.1111115581177339e-11,0.0,0.0,0.0,1.4357804870310715e-35,-0.0,-0.0,-0.0
0.004632499999999854,-0.0,-0.0,-0.0,2.7588436188807485e-20,0.0,0.0,-0.0,-2.9316978095407334e-55,-0.0,0.0,1.1096387996382907e-11,0.0,0.0,0.0,1.3062218483893263e-35,-0.0,-0.0,-0.0
0.004634999999999854,-0.0,-0.0,-0.0,2.7317843646501314e-20,0.0,0.0,-0.0,-3.5152411399920416e-55,-0.0,0.0,1.1081657422027139e-11,0.0,0.0,0.0,1.18827877562035e-35,-0.0,-0.0,-0.0
0.0046374999999998535,-0.0,-0.0,-0.0,2.7049953537923205e-20,0.0,0.0,-0.0,-4.212325987936102e-55,-0.0,0.0,1.106692399653103e-11,0.0,0.0,0.0,1.0809167208383588e-35,-0.0,-0.0,-0.0
0.0046399999999998534,-0.0,-0.0,-0.0,2.6784738545402687e-20,0.0,0.0,-0.0,-5.0445336918530575e-55,-0.0,0.0,1.105218785742106e-11,0.0,0.0,0.0,9.831926602163861e-36,-0.0,-0.0,-0.0
0.004642499999999853,-0.0,-0.0,-0.0,2.6522171628843874e-20,0.0,0.0,-0.0,-6.0374499880374285e-55,-0.0,0.0,1.103744914176932e-11,0.0,0.0,0.0,8.942470524899955e-36,-0.0,-0.0,-0.0
0.004644999999999853,-0.0,-0.0,-0.0,2.6262226022909975e-20,0.0,0.0,-0.0,-7.221389779915118e-55,-0.0,0.0,1.1022707985321273e-11,0.0,0.0,0.0,8.132964993049229e-36,-0.0,-0.0,-0.0
0.004647499999999853,-0.0,-0.0,-0.0,2.6004875234247474e-20,0.0,0.0,-0.0,-8.632249760741834e-55,-0.0,0.0,1.1007964524025095e-11,0.0,0.0,0.0,7.396270460727786e-36,-0.0,-0.0,-0.0
0.004649999999999853,-0.0,-0.0,-0.0,2.5750093038724526e-20,0.0,0.0,-0.0,-1.031251085032539e-54,-0.0,0.0,1.0993218892288949e-11,0.0,0.0,0.0,6.725880683255871e-36,-0.0,-0.0,-0.0
0.004652499999999853,-0.0,-0.0,-0.0,2.549785347870848e-20,0.0,0.0,-0.0,-1.231241607975507e-54,-0.0,0.0,1.0978471224507108e-11,0.0,0.0,0.0,6.115866925996234e-36,-0.0,-0.0,-0.0
0.004654999999999853,-0.0,-0.0,-0.0,2.5248130860363378e-20,0.0,0.0,-0.0,-1.4691353819478443e-54,-0.0,0.0,1.0963721654190411e-11,0.0,0.0,0.0,5.560827049470725e-36,-0.0,-0.0,-0.0
0.004657499999999853,-0.0,-0.0,-0.0,2.5000899750977704e-20,0.0,0.0,-0.0,-1.7519481208864698e-54,-0.0,0.0,1.0948970314402268e-11,0.0,0.0,0.0,5.0558390579767646e-36,-0.0,-0.0,-0.0
0.004659999999999853,-0.0,-0.0,-0.0,2.4756134976317227e-20,0.0,0.0,-0.0,-2.0879628392284427e-54,-0.0,0.0,1.093421733689331e-11,0.0,0.0,0.0,4.596418712343877e-36,-0.0,-0.0,-0.0
0.0046624999999998525,-5.327504840069811e-301,-0.0,-0.0,2.4513811618004624e-20,0.0,0.0,-0.0,-2.4869530853568134e-54,-0.0,0.0,1.0919462853403265e-11,0.0,0.0,0.0,4.1784808616173925e-36,-0.0,-0.0,-0.0
0.004664999999999852,-3.196502904041887e-300,-0.0,-0.0,2.427390501092873e-20,0.0,0.0,-0.0,-2.9604444866761453e-54,-0.0,0.0,1.0904706995011286e-11,0.0,0.0,0.0,3.798304164768983e-36,-0.0,-0.0,-0.0
0.004667499999999852,-1.6515265004216415e-299,-0.0,-0.0,2.403639074067123e-20,0.0,0.0,-0.0,-3.5220210084399334e-54,-0.0,0.0,1.0889949891490972e-11,0.0,0.0,0.0,3.452498910573454e-36,-0.0,-0.0,-0.0
0.004669999999999852,-8.950208131317283e-299,-0.0,-0.0,2.380124464096938e-20,0.0,0.0,-0.0,-4.187683365642937e-54,-0.0,0.0,1.0875191672607055e-11,0.0,0.0,0.0,3.13797766454345e-36,-0.0,-0.0,-0.0
0.004672499999999852,-4.762789327022412e-298,-0.0,-0.0,2.35684427911965e-20,0.0,0.0,-0.0,-4.976268232564449e-54,-0.0,0.0,1.0860432467253221e-11,0.0,0.0,0.0,2.8519284937548113e-36,-0.0,-0.0,-0.0
0.004674999999999852,-2.514049534028944e-297,-0.0,-0.0,2.3337961513870962e-20,0.0,0.0,-0.0,-5.909938288531292e-54,-0.0,0.0,1.0845672403669652e-11,0.0,0.0,0.0,2.5917905500867936e-36,-0.0,-0.0,-0.0
0.004677499999999852,-1.316319895884449e-296,-0.0,-0.0,2.310977737219101e-20,0.0,0.0,-0.0,-7.014754745780727e-54,-0.0,0.0,1.0830911609873002e-11,0.0,0.0,0.0,2.355231800132451e-36,-0.0,-0.0,-0.0
0.004679999999999852,-6.837692637084401e-296,-0.0,-0.0,2.288386716759006e-20,0.0,0.0,-0.0,-8.321345874122866e-54,-0.0,0.0,1.081615021194377e-11,0.0,0.0,0.0,2.140128717800478e-36,-0.0,-0.0,-0.0
0.004682499999999852,-3.524043229114219e-295,-0.0,-0.0,2.2660207937321503e-20,0.0,0.0,-0.0,-9.865687182321205e-54,-0.0,0.0,1.0801388336813534e-11,0.0,0.0,0.0,1.944547766905291e-36,-0.0,-0.0,-0.0
0.004684999999999852,-1.8020892457087905e-294,-0.0,-0.0,2.2438776952063752e-20,0.0,0.0,-0.0,-1.169001140404502e-53,-0.0,0.0,1.0786626109696671e-11,0.0,0.0,0.0,1.7667285165380502e-36,-0.0,-0.0,-0.0
0.0046874999999998515,-9.144014233391279e-294,-0.0,-0.0,2.2219551713552035e-20,0.0,0.0,-0.0,-1.3843869301269406e-53,-0.0,0.0,1.0771863655803105e-11,0.0,0.0,0.0,1.605068247350436e-36,-0.0,-0.0,-0.0
0.004689999999999851,-4.6041077840092867e-293,-0.0,-0.0,2.2002509952232823e-20,0.0,0.0,-0.0,-1.6385365608520128e-53,-0.0,0.0,1.075710109969751e-11,0.0,0.0,0.0,1.4581079163286877e-36,-0.0,-0.0,-0.0
0.004692499999999851,-2.3005105245074845e-292,-0.0,-0.0,2.1787629624941638e-20,0.0,0.0,-0.0,-1.9382598241959655e-53,-0.0,0.0,1.0742338564663648e-11,0.0,0.0,0.0,1.3245193635082441e-36,-0.0,-0.0,-0.0
0.004694999999999851,-1.1407620732308737e-291,-0.0,-0.0,2.1574888912603057e-20,0.0,0.0,-0.0,-2.291533330692883e-53,-0.0,0.0,1.0727576173982992e-11,0.0,0.0,0.0,1.2030936488758362e-36,-0.0,-0.0,-0.0
0.004697499999999851,-5.6140954760621075e-291,-0.0,-0.0,2.136426621795764e-20,0.0,0.0,-0.0,-2.7076953477189125e-53,-0.0,0.0,1.0712814050084768e-11,0.0,0.0,0.0,1.0927304220279592e-36,-0.0,-0.0,-0.0
0.004699999999999851,-2.742205310543773e-290,-0.0,-0.0,2.1155740163306082e-20,0.0,0.0,-0.0,-3.1976723149803363e-53,-0.0,0.0,1.0698052314760255e-11,0.0,0.0,0.0,9.924282332670513e-37,-0.0,-0.0,-0.0
0.004702499999999851,-1.3294652676056372e-289,-0.0,-0.0,2.0949289588282265e-20,0.0,0.0,-0.0,-3.774242047174314e-53,-0.0,0.0,1.0683291089164775e-11,0.0,0.0,0.0,9.012757032384472e-37,-0.0,-0.0,-0.0
0.004704999999999851,-6.3978212545272375e-289,-0.0,-0.0,2.0744893547642457e-20,0.0,0.0,-0.0,-4.452339403263375e-53,-0.0,0.0,1.0668530494030088e-11,0.0,0.0,0.0,8.184434754767457e-37,-0.0,-0.0,-0.0
0.004707499999999851,-3.05623210740441e-288,-0.0,-0.0,2.0542531309080935e-20,0.0,0.0,-0.0,-5.249411086399129e-53,-0.0,0.0,1.0653770648821775e-11,0.0,0.0,0.0,7.43176883437281e-37,-0.0,-0.0,-0.0
0.004709999999999851,-1.449307575500994e-287,-0.0,-0.0,2.0342182351067355e-20,0.0,0.0,-0.0,-6.185827254511499e-53,-0.0,0.0,1.0639011673007494e-11,0.0,0.0,0.0,6.7478926840005146e-37,-0.0,-0.0,-0.0
0.0047124999999998505,-6.823001804555309e-287,-0.0,-0.0,2.0143826360701366e-20,0.0,0.0,-0.0,-7.285358787859239e-53,-0.0,0.0,1.0624253685424371e-11,0.0,0.0,0.0,6.1265589133133005e-37,-0.0,-0.0,-0.0
0.00471499999999985,-3.188978805822772e-286,-0.0,-0.0,1.9947443231597224e-20,0.0,0.0,-0.0,-8.57573039797341e-53,-0.0,0.0,1.0609496803650789e-11,0.0,0.0,0.0,5.5620838588456945e-37,-0.0,-0.0,-0.0
0.00471749999999985,-1.4798215934054322e-285,-0.0,-0.0,1.9753013061781148e-20,0.0,0.0,-0.0,-1.0089261296762071e-52,-0.0,0.0,1.0594741145269311e-11,0.0,0.0,0.0,5.049297052146452e-37,-0.0,-0.0,-0.0
0.00471999999999985,-6.818186207059317e-285,-0.0,-0.0,1.9560516151612772e-20,0.0,0.0,-0.0,-1.1863606904748083e-52,-0.0,0.0,1.0579986827027837e-11,0.0,0.0,0.0,4.5834951859233305e-37,-0.0,-0.0,-0.0
0.00472249999999985,-3.1192497507692403e-284,-0.0,-0.0,1.9369933001731704e-20,0.0,0.0,-0.0,-1.3942617088310896e-52,-0.0,0.0,1.0565233965050744e-11,0.0,0.0,0.0,4.160400181020233e-37,-0.0,-0.0,-0.0
0.00472499999999985,-1.4170105797364894e-283,-0.0,-0.0,1.9181244311017082e-20,0.0,0.0,-0.0,-1.6377328729541454e-52,-0.0,0.0,1.0550482674841296e-11,0.0,0.0,0.0,3.776120993875518e-37,-0.0,-0.0,-0.0
0.00472749999999985,-6.392303473301741e-283,-0.0,-0.0,1.8994430974575965e-20,0.0,0.0,-0.0,-1.922711306624426e-52,-0.0,0.0,1.0535733071282647e-11,0.0,0.0,0.0,3.4271188299613293e-37,-0.0,-0.0,-0.0
0.00472999999999985,-2.863667294821478e-282,-0.0,-0.0,1.8809474081742512e-20,0.0,0.0,-0.0,-2.2561001263762237e-52,-0.0,0.0,1.0520985268639799e-11,0.0,0.0,0.0,3.110175463857663e-37,-0.0,-0.0,-0.0
0.00473249999999985,-1.274054457617413e-281,-0.0,-0.0,1.8626354914107775e-20,0.0,0.0,-0.0,-2.645921513212196e-52,-0.0,0.0,1.0506239380561567e-11,0.0,0.0,0.0,2.822364388447488e-37,-0.0,-0.0,-0.0
0.00473499999999985,-5.629539848520258e-281,-0.0,-0.0,1.8445054943559517e-20,0.0,0.0,-0.0,-3.1014933848272702e-52,-0.0,0.0,1.0491495520081715e-11,0.0,0.0,0.0,2.5610245445572745e-37,-0.0,-0.0,-0.0
0.0047374999999998495,-2.470565299499887e-280,-0.0,-0.0,1.826555583035076e-20,0.0,0.0,-0.0,-3.633633204876915e-52,-0.0,0.0,1.0476753799620858e-11,0.0,0.0,0.0,2.3237364000035478e-37,-0.0,-0.0,-0.0
0.004739999999999849,-1.0769045582465654e-279,-0.0,-0.0,1.808783942117898e-20,0.0,0.0,-0.0,-4.2548929813639325e-52,-0.0,0.0,1.0462014330988103e-11,0.0,0.0,0.0,2.1083001696063175e-37,-0.0,-0.0,-0.0
0.004742499999999849,-4.662665742377812e-279,-0.0,-0.0,1.791188774729354e-20,0.0,0.0,-0.0,-4.9798300904157786e-52,-0.0,0.0,1.0447277225589455e-11,0.0,0.0,0.0,1.9127159871304844e-37,-0.0,-0.0,-0.0
0.004744999999999849,-2.005331330868688e-278,-0.0,-0.0,1.7737683022613203e-20,0.0,0.0,-0.0,-5.825319236093538e-52,-0.0,0.0,1.043254259360275e-11,0.0,0.0,0.0,1.7351658536308977e-37,-0.0,-0.0,-0.0
0.004747499999999849,-8.567443181367806e-278,-0.0,-0.0,1.7565207641871525e-20,0.0,0.0,-0.0,-6.81091161556738e-52,-0.0,0.0,1.0417810545219528e-11,0.0,0.0,0.0,1.5739972055934083e-37,-0.0,-0.0,-0.0
0.004749999999999849,-3.636200845661769e-277,-0.0,-0.0,1.739444417877255e-20,0.0,0.0,-0.0,-7.959248231461734e-52,-0.0,0.0,1.0403081189820049e-11,0.0,0.0,0.0,1.4277079576580197e-37,-0.0,-0.0,-0.0
0.004752499999999849,-1.5331836625855579e-276,-0.0,-0.0,1.722537538417221e-20,0.0,0.0,-0.0,-9.296535282815331e-52,-0.0,0.0,1.038835463618111e-11,0.0,0.0,0.0,1.2949328885887013e-37,-0.0,-0.0,-0.0
0.004754999999999849,-6.422560391403916e-276,-0.0,-0.0,1.7057984184273845e-20,0.0,0.0,-0.0,-1.0853090693766272e-51,-0.0,0.0,1.0373630992478627e-11,0.0,0.0,0.0,1.1744312512344642e-37,-0.0,-0.0,-0.0
0.004757499999999849,-2.6730542067560993e-275,-0.0,-0.0,1.6892253678843345e-20,0.0,0.0,-0.0,-1.2663972121449728e-51,-0.0,0.0,1.0358910366288377e-11,0.0,0.0,0.0,1.0650754962550515e-37,-0.0,-0.0,-0.0
0.0047599999999998486,-1.1053774692993709e-274,-0.0,-0.0,1.6728167139441197e-20,0.0,0.0,-0.0,-1.476969824702514e-51,-0.0,0.0,1.034419286458849e-11,0.0,0.0,0.0,9.658410111931631e-38,-0.0,-0.0,-0.0
0.0047624999999998485,-4.541865814520081e-274,-0.0,-0.0,1.656570800767518e-20,0.0,0.0,-0.0,-1.7217076801995922e-51,-0.0,0.0,1.0329478594169334e-11,0.0,0.0,0.0,8.757967831269188e-38,-0.0,-0.0,-0.0
0.004764999999999848,-1.854369493569662e-273,-0.0,-0.0,1.6404859893466364e-20,0.0,0.0,-0.0,-2.0060154682787834e-51,-0.0,0.0,1.0314767660000365e-11,0.0,0.0,0.0,7.940969030678528e-38,-0.0,-0.0,-0.0
0.004767499999999848,-7.52339438384884e-273,-0.0,-0.0,1.6245606573337557e-20,0.0,0.0,-0.0,-2.3361307630212186e-51,-0.0,0.0,1.0300060167685416e-11,0.0,0.0,0.0,7.199728363009837e-38,-0.0,-0.0,-0.0
0.004769999999999848,-3.0332214656583335e-272,-0.0,-0.0,1.6087931988714844e-20,0.0,0.0,-0.0,-2.719248938890164e-51,-0.0,0.0,1.0285356221827607e-11,0.0,0.0,0.0,6.52726390148454e-38,-0.0,-0.0,-0.0
0.004772499999999848,-1.2153018866503199e-271,-0.0,-0.0,1.5931820244249428e-20,0.0,0.0,-0.0,-3.163666301462572e-51,-0.0,0.0,1.0270655926440773e-11,0.0,0.0,0.0,5.917233167574242e-38,-0.0,-0.0,-0.0
0.004774999999999848,-4.839169885291419e-271,-0.0,-0.0,1.577725560615183e-20,0.0,0.0,-0.0,-3.678944012325008e-51,-0.0,0.0,1.0255959385154207e-11,0.0,0.0,0.0,5.363874940026153e-38,-0.0,-0.0,-0.0
0.004777499999999848,-1.9150537298320714e-270,-0.0,-0.0,1.5624222500551565e-20,0.0,0.0,-0.0,-4.2760957417892486e-51,-0.0,0.0,1.0241266700402066e-11,0.0,0.0,0.0,4.861956322648402e-38,-0.0,-0.0,-0.0
0.004779999999999848,-7.532360116285165e-270,-0.0,-0.0,1.547270551186256e-20,0.0,0.0,-0.0,-4.9678023845031875e-51,-0.0,0.0,1.0226577974643662e-11,0.0,0.0,0.0,4.4067246033814545e-38,-0.0,-0.0,-0.0
0.004782499999999848,-2.9446771929182493e-269,-0.0,-0.0,1.5322689381174628e-20,0.0,0.0,-0.0,-5.768657627417189e-51,-0.0,0.0,1.0211893309552423e-11,0.0,0.0,0.0,3.993863469595133e-38,-0.0,-0.0,-0.0
0.0047849999999998475,-1.1442401277602103e-268,-0.0,-0.0,1.517415900465346e-20,0.0,0.0,-0.0,-6.695448675770792e-51,-0.0,0.0,1.0197212806221259e-11,0.0,0.0,0.0,3.619453191393668e-38,-0.0,-0.0,-0.0
0.004787499999999847,-4.4196283308272944e-268,-0.0,-0.0,1.5027099431963997e-20,0.0,0.0,-0.0,-7.767477020446535e-51,-0.0,0.0,1.0182536565365112e-11,0.0,0.0,0.0,3.279934414199139e-38,-0.0,-0.0,-0.0
0.004789999999999847,-1.6969127722864866e-267,-0.0,-0.0,1.4881495864703633e-20,0.0,0.0,-0.0,-9.006924796185385e-51,-0.0,0.0,1.0167864686517667e-11,0.0,0.0,0.0,2.9720752343592535e-38,-0.0,-0.0,-0.0
0.004792499999999847,-6.476710102140697e-267,-0.0,-0.0,1.473733365485557e-20,0.0,0.0,-0.0,-1.0439273017294653e-50,-0.0,0.0,1.0153197269241254e-11,0.0,0.0,0.0,2.6929412652938885e-38,-0.0,-0.0,-0.0
0.004794999999999847,-2.4574597800396284e-266,-0.0,-0.0,1.4594598303254174e-20,0.0,0.0,-0.0,-1.2093778823155749e-50,-0.0,0.0,1.0138534412322982e-11,0.0,0.0,0.0,2.43986842093398e-38,-0.0,-0.0,-0.0
0.004797499999999847,-9.269816246081192e-266,-0.0,-0.0,1.445327545807061e-20,0.0,0.0,-0.0,-1.4004019814687672e-50,-0.0,0.0,1.0123876213977722e-11,0.0,0.0,0.0,2.2104381732779337e-38,-0.0,-0.0,-0.0
0.004799999999999847,-3.476355495426502e-265,-0.0,-0.0,1.4313350913308193e-20,0.0,0.0,-0.0,-1.6208514635991307e-50,-0.0,0.0,1.010922277185018e-11,0.0,0.0,0.0,2.002455061340877e-38,-0.0,-0.0,-0.0
0.004802499999999847,-1.2961673232333313e-264,-0.0,-0.0,1.417481060731828e-20,0.0,0.0,-0.0,-1.8751430166130151e-50,-0.0,0.0,1.0094574183016258e-11,0.0,0.0,0.0,1.8139262449518744e-38,-0.0,-0.0,-0.0
0.004804999999999847,-4.805041552544065e-264,-0.0,-0.0,1.4037640621326268e-20,0.0,0.0,-0.0,-2.1683387051730256e-50,-0.0,0.0,1.0079930543985133e-11,0.0,0.0,0.0,1.643042922534452e-38,-0.0,-0.0,-0.0
0.004807499999999847,-1.7711186664814068e-263,-0.0,-0.0,1.3901827177977625e-20,0.0,0.0,-0.0,-2.5062376851002532e-50,-0.0,0.0,1.0065291950700845e-11,0.0,0.0,0.0,1.4881634407506245e-38,-0.0,-0.0,-0.0
0.0048099999999998465,-6.491240942593769e-263,-0.0,-0.0,1.376735663989399e-20,0.0,0.0,-0.0,-2.8954805794699115e-50,-0.0,0.0,1.005065849854422e-11,0.0,0.0,0.0,1.347797945461411e-38,-0.0,-0.0,-0.0
0.004812499999999846,-2.3656601915863608e-262,-0.0,-0.0,1.363421550824769e-20,0.0,0.0,-0.0,-3.343668212873087e-50,-0.0,0.0,1.0036030282334042e-11,0.0,0.0,0.0,1.2205944324437875e-38,-0.0,-0.0,-0.0
0.004814999999999846,-8.573071520146876e-262,-0.0,-0.0,1.3502390421346873e-20,0.0,0.0,-0.0,-3.8594966193165497e-50,-0.0,0.0,1.0021407396329634e-11,0.0,0.0,0.0,1.1053260719800686e-38,-0.0,-0.0,-0.0
0.004817499999999846,-3.089546667994077e-261,-0.0,-0.0,1.337186815324052e-20,0.0,0.0,-0.0,-4.452910488952422e-50,-0.0,0.0,1.0006789934232086e-11,0.0,0.0,0.0,1.0008796920991585e-38,-0.0,-0.0,-0.0
0.004819999999999846,-1.1072404967619472e-260,-0.0,-0.0,1.3242635612329401e-20,0.0,0.0,-0.0,-5.135277495805866e-50,-0.0,0.0,9.992177989383868e-12,0.0,0.0,0.0,9.062453137466536e-39,-0.0,-0.0,-0.0
0.004822499999999846,-3.946322744764927e-260,-0.0,-0.0,1.3114679840001054e-20,0.0,0.0,-0.0,-5.919586263334782e-50,-0.0,0.0,9.977571653979562e-12,0.0,0.0,0.0,8.205066442369139e-39,-0.0,-0.0,-0.0
0.004824999999999846,-1.398817681613378e-259,-0.0,-0.0,1.2987988009269244e-20,0.0,0.0,-0.0,-6.820671076835349e-50,-0.0,0.0,9.962971020254239e-12,0.0,0.0,0.0,7.428324403999335e-39,-0.0,-0.0,-0.0
0.004827499999999846,-4.9313045586995787e-259,-0.0,-0.0,1.2862547423435296e-20,0.0,0.0,-0.0,-7.855466847876028e-50,-0.0,0.0,9.948376179694317e-12,0.0,0.0,0.0,6.724686633732475e-39,-0.0,-0.0,-0.0
0.004829999999999846,-1.7290555772677093e-258,-0.0,-0.0,1.2738345514755178e-20,0.0,0.0,-0.0,-9.043298280904476e-50,-0.0,0.0,9.933787223236688e-12,0.0,0.0,0.0,6.087313519822792e-39,-0.0,-0.0,-0.0
0.004832499999999846,-6.029990158787507e-258,-0.0,-0.0,1.2615369843128227e-20,0.0,0.0,-0.0,-1.0406207691738018e-49,-0.0,0.0,9.919204241270762e-12,0.0,0.0,0.0,5.510001502306381e-39,-0.0,-0.0,-0.0
0.0048349999999998455,-2.091697011396899e-257,-0.0,-0.0,1.2493608094791662e-20,0.0,0.0,-0.0,-1.196932648834463e-49,-0.0,0.0,9.904627323640111e-12,0.0,0.0,0.0,4.987124288002126e-39,-0.0,-0.0,-0.0
0.004837499999999845,-7.217210355159647e-257,-0.0,-0.0,1.237304808103431e-20,0.0,0.0,-0.0,-1.376129595329489e-49,-0.0,0.0,9.890056559839694e-12,0.0,0.0,0.0,4.513579461548717e-39,-0.0,-0.0,-0.0
0.004839999999999845,-2.4770920959909548e-256,-0.0,-0.0,1.2253677736919727e-20,0.0,0.0,-0.0,-1.5814743672647722e-49,-0.0,0.0,9.87549203823545e-12,0.0,0.0,0.0,4.084740006759626e-39,-0.0,-0.0,-0.0
0.004842499999999845,-8.457282317014036e-256,-0.0,-0.0,1.2135485120023584e-20,0.0,0.0,-0.0,-1.816682274665576e-49,-0.0,0.0,9.860933847240023e-12,0.0,0.0,0.0,3.6964102833913145e-39,-0.0,-0.0,-0.0
0.004844999999999845,-2.872426774876685e-255,-0.0,-0.0,1.201845840918377e-20,0.0,0.0,-0.0,-2.085982180359801e-49,-0.0,0.0,9.84638207453142e-12,0.0,0.0,0.0,3.344786057395362e-39,-0.0,-0.0,-0.0
0.004847499999999845,-9.705324114392675e-255,-0.0,-0.0,1.1902585903263957e-20,0.0,0.0,-0.0,-2.3941854829815374e-49,-0.0,0.0,9.831836807250681e-12,0.0,0.0,0.0,3.026418208562625e-39,-0.0,-0.0,-0.0
0.004849999999999845,-3.262326573420578e-254,-0.0,-0.0,1.1787856019927346e-20,0.0,0.0,-0.0,-2.7467640943177317e-49,-0.0,0.0,9.81729813200363e-12,0.0,0.0,0.0,2.7381797853257058e-39,-0.0,-0.0,-0.0
0.004852499999999845,-1.090974023371859e-253,-0.0,-0.0,1.1674257294426469e-20,0.0,0.0,-0.0,-3.149938547080745e-49,-0.0,0.0,9.802766134862584e-12,0.0,0.0,0.0,2.4772360952263674e-39,-0.0,-0.0,-0.0
0.004854999999999845,-3.629812109383344e-253,-0.0,-0.0,1.1561778378401907e-20,0.0,0.0,-0.0,-3.610777509841755e-49,-0.0,0.0,9.788240901368297e-12,0.0,0.0,0.0,2.2410175551325284e-39,-0.0,-0.0,-0.0
0.004857499999999845,-1.2015717610602654e-252,-0.0,-0.0,1.1450408038695456e-20,0.0,0.0,-0.0,-4.1373101398399886e-49,-0.0,0.0,9.773722516531509e-12,0.0,0.0,0.0,2.0271950480468673e-39,-0.0,-0.0,-0.0
0.0048599999999998445,-3.9575288498568457e-252,-0.0,-0.0,1.1340135156174221e-20,0.0,0.0,-0.0,-4.738652879129817e-49,-0.0,0.0,9.759211064834924e-12,0.0,0.0,0.0,1.833657556792222e-39,-0.0,-0.0,-0.0
0.004862499999999844,-1.2969407992067501e-251,-0.0,-0.0,1.1230948724567064e-20,0.0,0.0,-0.0,-5.42515249348126e-49,-0.0,0.0,9.744706630234784e-12,0.0,0.0,0.0,1.6584918644291065e-39,-0.0,-0.0,-0.0
0.004864999999999844,-4.2291265805170486e-251,-0.0,-0.0,1.1122837849312841e-20,0.0,0.0,-0.0,-6.208547370444159e-49,-0.0,0.0,9.730209296162646e-12,0.0,0.0,0.0,1.4999641327985977e-39,-0.0,-0.0,-0.0
0.004867499999999844,-1.3722346152489633e-250,-0.0,-0.0,1.1015791746420512e-20,0.0,0.0,-0.0,-7.102149335213475e-49,-0.0,0.0,9.715719145527496e-12,0.0,0.0,0.0,1.3565031861555375e-39,-0.0,-0.0,-0.0
