disc_index,point_index,base_timeout_detected,base_evaluation_timeout_count,base_evaluation_timeout_speeds_m_per_s_json,accepted_max_simulation_time_s,accepted_coarse_time_step_s,accepted_time_step_s,adaptive_audit_level_count,adaptive_audit_evidence_json,adaptive_max_duration_s,adaptive_coarse_time_step_s,adaptive_fine_time_step_s,accepted_trapped_velocity_lower_m_per_s,accepted_untrapped_velocity_upper_m_per_s,accepted_lower_classification,accepted_upper_classification,base_capture_velocity_m_per_s,coarse_capture_velocity_m_per_s,fine_capture_velocity_m_per_s,coarse_trapped_velocity_lower_m_per_s,coarse_untrapped_velocity_upper_m_per_s,fine_trapped_velocity_lower_m_per_s,fine_untrapped_velocity_upper_m_per_s,coarse_lower_classification,coarse_upper_classification,fine_lower_classification,fine_upper_classification,timeout_node_coarse_results_json,timeout_node_fine_results_json,coarse_evaluation_timeout_count,coarse_evaluation_timeout_speeds_m_per_s_json,fine_evaluation_timeout_count,fine_evaluation_timeout_speeds_m_per_s_json,pre_adaptive_coarse_evaluation_timeout_count,pre_adaptive_coarse_evaluation_timeout_speeds_m_per_s_json,pre_adaptive_fine_evaluation_timeout_count,pre_adaptive_fine_evaluation_timeout_speeds_m_per_s_json,timeout_resolution_status,timeout_resolution_reason,zero_threshold_audit_status,zero_threshold_audit_reason,velocity_resolved_override
0,0,True,2,"[0.0,0.25]",0.2,5e-06,2.5e-06,0,[],0.0,0.0,0.0,0.75,1.0,two_core_entries,escaped,0.0,0.75,0.75,0.75,1.0,0.75,1.0,two_core_entries,escaped,two_core_entries,escaped,[],[],0,[],0,[],0,[],0,[],zero_threshold_grid_resolved_capture,"base-search timeout evidence was superseded by the complete dual-timestep zero-threshold audit, including adaptive node-only escalation where required",grid_resolved_capture,dual-timestep direct grid recovered a contiguous zero-origin capture boundary,False
0,1,True,2,"[0.0,0.25]",0.2,5e-06,2.5e-06,0,[],0.0,0.0,0.0,1.0,1.25,bounded_core_residence,escaped,0.0,1.0,1.0,1.0,1.25,1.0,1.25,bounded_core_residence,escaped,bounded_core_residence,escaped,[],[],0,[],0,[],0,[],0,[],zero_threshold_grid_resolved_capture,"base-search timeout evidence was superseded by the complete dual-timestep zero-threshold audit, including adaptive node-only escalation where required",grid_resolved_capture,dual-timestep direct grid recovered a contiguous zero-origin capture boundary,False
0,2,True,2,"[0.0,0.25]",0.2,5e-06,2.5e-06,0,[],0.0,0.0,0.0,1.0,1.25,two_core_entries,escaped,0.0,1.0,1.0,1.0,1.25,1.0,1.25,two_core_entries,escaped,two_core_entries,escaped,[],[],0,[],0,[],0,[],0,[],zero_threshold_grid_resolved_capture,"base-search timeout evidence was superseded by the complete dual-timestep zero-threshold audit, including adaptive node-only escalation where required",grid_resolved_capture,dual-timestep direct grid recovered a contiguous zero-origin capture boundary,False
0,3,True,2,"[0.0,0.25]",0.2,5e-06,2.5e-06,0,[],0.0,0.0,0.0,0.75,1.0,two_core_entries,escaped,0.0,0.75,0.75,0.75,1.0,0.75,1.0,two_core_entries,escaped,two_core_entries,escaped,[],[],0,[],0,[],0,[],0,[],zero_threshold_grid_resolved_capture,"base-search timeout evidence was superseded by the complete dual-timestep zero-threshold audit, including adaptive node-only escalation where required",grid_resolved_capture,dual-timestep direct grid recovered a contiguous zero-origin capture boundary,False
0,4,True,2,"[0.0,0.25]",0.2,5e-06,2.5e-06,0,[],0.0,0.0,0.0,0.0,1.5,escaped,escaped,0.0,0.0,0.0,0.0,1.5,0.0,1.5,escaped,escaped,escaped,escaped,[],[],0,[],0,[],0,[],0,[],zero_threshold_velocity_resolved_capture,"base-search timeout evidence was superseded by the complete dual-timestep zero-threshold audit, including adaptive node-only escalation where required",velocity_resolved_capture,nonmonotone finite-speed capture retained as a direct boolean mask,True
0,5,True,1,[0.25],0.2,5e-06,2.5e-06,0,[],0.0,0.0,0.0,0.0,0.25,escaped,escaped,0.0,0.0,0.0,0.0,0.25,0.0,0.25,escaped,escaped,escaped,escaped,[],[],0,[],0,[],0,[],0,[],zero_threshold_velocity_resolved_capture,"base-search timeout evidence was superseded by the complete dual-timestep zero-threshold audit, including adaptive node-only escalation where required",velocity_resolved_capture,nonmonotone finite-speed capture retained as a direct boolean mask,True
0,6,True,2,"[0.0,0.25]",0.2,5e-06,2.5e-06,0,[],0.0,0.0,0.0,1.25,1.5,two_core_entries,escaped,0.0,1.25,1.25,1.25,1.5,1.25,1.5,two_core_entries,escaped,two_core_entries,escaped,[],[],0,[],0,[],0,[],0,[],zero_threshold_grid_resolved_capture,"base-search timeout evidence was superseded by the complete dual-timestep zero-threshold audit, including adaptive node-only escalation where required",grid_resolved_capture,dual-timestep direct grid recovered a contiguous zero-origin capture boundary,False
0,7,True,2,"[0.0,0.25]",0.2,5e-06,2.5e-06,0,[],0.0,0.0,0.0,0.75,1.0,bounded_core_residence,escaped,0.0,0.75,0.75,0.75,1.0,0.75,1.0,bounded_core_residence,escaped,bounded_core_residence,escaped,[],[],0,[],0,[],0,[],0,[],zero_threshold_grid_resolved_capture,"base-search timeout evidence was superseded by the complete dual-timestep zero-threshold audit, including adaptive node-only escalation where required",grid_resolved_capture,dual-timestep direct grid recovered a contiguous zero-origin capture boundary,False
0,8,True,1,[0.25],0.2,5e-06,2.5e-06,0,[],0.0,0.0,0.0,0.0,0.25,escaped,escaped,0.0,0.0,0.0,0.0,0.25,0.0,0.25,escaped,escaped,escaped,escaped,[],[],0,[],0,[],0,[],0,[],zero_threshold_confirmed_zero_capture,"base-search timeout evidence was superseded by the complete dual-timestep zero-threshold audit, including adaptive node-only escalation where required",confirmed_zero_capture,dual-timestep direct velocity scan contains no capture,False
0,9,True,2,"[0.0,0.25]",0.2,5e-06,2.5e-06,0,[],0.0,0.0,0.0,0.0,1.0,escaped,escaped,0.0,0.0,0.0,0.0,1.0,0.0,1.0,escaped,escaped,escaped,escaped,[],[],0,[],0,[],0,[],0,[],zero_threshold_velocity_resolved_capture,"base-search timeout evidence was superseded by the complete dual-timestep zero-threshold audit, including adaptive node-only escalation where required",velocity_resolved_capture,nonmonotone finite-speed capture retained as a direct boolean mask,True
0,10,True,2,"[0.0,0.25]",0.2,5e-06,2.5e-06,0,[],0.0,0.0,0.0,0.75,1.0,bounded_core_residence,escaped,0.0,0.75,0.75,0.75,1.0,0.75,1.0,bounded_core_residence,escaped,bounded_core_residence,escaped,[],[],0,[],0,[],0,[],0,[],zero_threshold_grid_resolved_capture,"base-search timeout evidence was superseded by the complete dual-timestep zero-threshold audit, including adaptive node-only escalation where required",grid_resolved_capture,dual-timestep direct grid recovered a contiguous zero-origin capture boundary,False
0,11,True,2,"[0.0,0.25]",0.2,5e-06,2.5e-06,0,[],0.0,0.0,0.0,1.0,1.25,bounded_core_residence,escaped,0.0,1.0,1.0,1.0,1.25,1.0,1.25,bounded_core_residence,escaped,bounded_core_residence,escaped,[],[],0,[],0,[],0,[],0,[],zero_threshold_grid_resolved_capture,"base-search timeout evidence was superseded by the complete dual-timestep zero-threshold audit, including adaptive node-only escalation where required",grid_resolved_capture,dual-timestep direct grid recovered a contiguous zero-origin capture boundary,False
0,12,True,2,"[0.0,0.25]",0.2,5e-06,2.5e-06,0,[],0.0,0.0,0.0,0.0,1.25,escaped,escaped,0.0,0.0,0.0,0.0,1.25,0.0,1.25,escaped,escaped,escaped,escaped,[],[],0,[],0,[],0,[],0,[],zero_threshold_velocity_resolved_capture,"base-search timeout evidence was superseded by the complete dual-timestep zero-threshold audit, including adaptive node-only escalation where required",velocity_resolved_capture,nonmonotone finite-speed capture retained as a direct boolean mask,True
0,13,True,2,"[0.0,0.25]",0.2,5e-06,2.5e-06,0,[],0.0,0.0,0.0,0.75,1.0,two_core_entries,escaped,0.0,0.75,0.75,0.75,1.0,0.75,1.0,two_core_entries,escaped,two_core_entries,escaped,[],[],0,[],0,[],0,[],0,[],zero_threshold_grid_resolved_capture,"base-search timeout evidence was superseded by the complete dual-timestep zero-threshold audit, including adaptive node-only escalation where required",grid_resolved_capture,dual-timestep direct grid recovered a contiguous zero-origin capture boundary,False
0,14,True,1,[0.0],0.2,5e-06,2.5e-06,0,[],0.0,0.0,0.0,0.75,1.0,two_core_entries,escaped,0.0,0.75,0.75,0.75,1.0,0.75,1.0,two_core_entries,escaped,two_core_entries,escaped,[],[],0,[],0,[],0,[],0,[],zero_threshold_grid_resolved_capture,"base-search timeout evidence was superseded by the complete dual-timestep zero-threshold audit, including adaptive node-only escalation where required",grid_resolved_capture,dual-timestep direct grid recovered a contiguous zero-origin capture boundary,False
0,15,True,2,"[0.0,0.25]",0.2,5e-06,2.5e-06,0,[],0.0,0.0,0.0,1.0,1.25,two_core_entries,escaped,0.0,1.0,1.0,1.0,1.25,1.0,1.25,two_core_entries,escaped,two_core_entries,escaped,[],[],0,[],0,[],0,[],0,[],zero_threshold_grid_resolved_capture,"base-search timeout evidence was superseded by the complete dual-timestep zero-threshold audit, including adaptive node-only escalation where required",grid_resolved_capture,dual-timestep direct grid recovered a contiguous zero-origin capture boundary,False
0,16,True,2,"[0.0,0.25]",0.2,5e-06,2.5e-06,0,[],0.0,0.0,0.0,0.0,1.25,escaped,escaped,0.0,0.0,0.0,0.0,1.25,0.0,1.25,escaped,escaped,escaped,escaped,[],[],0,[],0,[],0,[],0,[],zero_threshold_velocity_resolved_capture,"base-search timeout evidence was superseded by the complete dual-timestep zero-threshold audit, including adaptive node-only escalation where required",velocity_resolved_capture,nonmonotone finite-speed capture retained as a direct boolean mask,True
0,17,True,2,"[0.0,0.25]",0.2,5e-06,2.5e-06,0,[],0.0,0.0,0.0,0.0,1.25,escaped,escaped,0.0,0.0,0.0,0.0,1.25,0.0,1.25,escaped,escaped,escaped,escaped,[],[],0,[],0,[],0,[],0,[],zero_threshold_velocity_resolved_capture,"base-search timeout evidence was superseded by the complete dual-timestep zero-threshold audit, including adaptive node-only escalation where required",velocity_resolved_capture,nonmonotone finite-speed capture retained as a direct boolean mask,True
0,18,True,2,"[0.0,0.25]",0.2,5e-06,2.5e-06,0,[],0.0,0.0,0.0,0.0,1.5,escaped,escaped,0.0,0.0,0.0,0.0,1.5,0.0,1.5,escaped,escaped,escaped,escaped,[],[],0,[],0,[],0,[],0,[],zero_threshold_velocity_resolved_capture,"base-search timeout evidence was superseded by the complete dual-timestep zero-threshold audit, including adaptive node-only escalation where required",velocity_resolved_capture,nonmonotone finite-speed capture retained as a direct boolean mask,True
0,19,True,2,"[0.0,0.25]",0.2,5e-06,2.5e-06,0,[],0.0,0.0,0.0,0.0,1.5,escaped,escaped,0.0,0.0,0.0,0.0,1.5,0.0,1.5,escaped,escaped,escaped,escaped,[],[],0,[],0,[],0,[],0,[],zero_threshold_velocity_resolved_capture,"base-search timeout evidence was superseded by the complete dual-timestep zero-threshold audit, including adaptive node-only escalation where required",velocity_resolved_capture,nonmonotone finite-speed capture retained as a direct boolean mask,True
0,20,True,2,"[0.0,0.25]",0.2,5e-06,2.5e-06,0,[],0.0,0.0,0.0,0.0,0.25,escaped,escaped,0.0,0.0,0.0,0.0,0.25,0.0,0.25,escaped,escaped,escaped,escaped,[],[],0,[],0,[],0,[],0,[],zero_threshold_velocity_resolved_capture,"base-search timeout evidence was superseded by the complete dual-timestep zero-threshold audit, including adaptive node-only escalation where required",velocity_resolved_capture,nonmonotone finite-speed capture retained as a direct boolean mask,True
0,21,True,2,"[0.0,0.25]",0.2,5e-06,2.5e-06,0,[],0.0,0.0,0.0,0.75,1.0,two_core_entries,escaped,0.0,0.75,0.75,0.75,1.0,0.75,1.0,two_core_entries,escaped,two_core_entries,escaped,[],[],0,[],0,[],0,[],0,[],zero_threshold_grid_resolved_capture,"base-search timeout evidence was superseded by the complete dual-timestep zero-threshold audit, including adaptive node-only escalation where required",grid_resolved_capture,dual-timestep direct grid recovered a contiguous zero-origin capture boundary,False
0,22,True,2,"[0.0,0.25]",0.2,5e-06,2.5e-06,0,[],0.0,0.0,0.0,0.0,1.5,escaped,escaped,0.0,0.0,0.0,0.0,1.5,0.0,1.5,escaped,escaped,escaped,escaped,[],[],0,[],0,[],0,[],0,[],zero_threshold_velocity_resolved_capture,"base-search timeout evidence was superseded by the complete dual-timestep zero-threshold audit, including adaptive node-only escalation where required",velocity_resolved_capture,nonmonotone finite-speed capture retained as a direct boolean mask,True
0,23,True,2,"[0.0,0.25]",0.2,5e-06,2.5e-06,0,[],0.0,0.0,0.0,0.0,1.0,escaped,escaped,0.0,0.0,0.0,0.0,1.0,0.0,1.0,escaped,escaped,escaped,escaped,[],[],0,[],0,[],0,[],0,[],zero_threshold_velocity_resolved_capture,"base-search timeout evidence was superseded by the complete dual-timestep zero-threshold audit, including adaptive node-only escalation where required",velocity_resolved_capture,nonmonotone finite-speed capture retained as a direct boolean mask,True
0,24,True,1,[0.25],0.2,5e-06,2.5e-06,0,[],0.0,0.0,0.0,0.0,0.25,escaped,escaped,0.0,0.0,0.0,0.0,0.25,0.0,0.25,escaped,escaped,escaped,escaped,[],[],0,[],0,[],0,[],0,[],zero_threshold_velocity_resolved_capture,"base-search timeout evidence was superseded by the complete dual-timestep zero-threshold audit, including adaptive node-only escalation where required",velocity_resolved_capture,nonmonotone finite-speed capture retained as a direct boolean mask,True
1,0,True,2,"[0.0,0.25]",0.2,5e-06,2.5e-06,0,[],0.0,0.0,0.0,0.0,1.75,escaped,escaped,0.0,0.0,0.0,0.0,1.75,0.0,1.75,escaped,escaped,escaped,escaped,[],[],0,[],0,[],0,[],0,[],zero_threshold_velocity_resolved_capture,"base-search timeout evidence was superseded by the complete dual-timestep zero-threshold audit, including adaptive node-only escalation where required",velocity_resolved_capture,nonmonotone finite-speed capture retained as a direct boolean mask,True
1,1,True,2,"[0.0,0.25]",0.2,5e-06,2.5e-06,0,[],0.0,0.0,0.0,0.0,0.25,escaped,escaped,0.0,0.0,0.0,0.0,0.25,0.0,0.25,escaped,escaped,escaped,escaped,[],[],0,[],0,[],0,[],0,[],zero_threshold_velocity_resolved_capture,"base-search timeout evidence was superseded by the complete dual-timestep zero-threshold audit, including adaptive node-only escalation where required",velocity_resolved_capture,nonmonotone finite-speed capture retained as a direct boolean mask,True
1,2,True,2,"[0.0,0.25]",0.2,5e-06,2.5e-06,0,[],0.0,0.0,0.0,0.0,0.25,escaped,escaped,0.0,0.0,0.0,0.0,0.25,0.0,0.25,escaped,escaped,escaped,escaped,[],[],0,[],0,[],0,[],0,[],zero_threshold_velocity_resolved_capture,"base-search timeout evidence was superseded by the complete dual-timestep zero-threshold audit, including adaptive node-only escalation where required",velocity_resolved_capture,nonmonotone finite-speed capture retained as a direct boolean mask,True
1,3,True,2,"[0.0,0.25]",0.2,5e-06,2.5e-06,0,[],0.0,0.0,0.0,0.0,1.75,escaped,escaped,0.0,0.0,0.0,0.0,1.75,0.0,1.75,escaped,escaped,escaped,escaped,[],[],0,[],0,[],0,[],0,[],zero_threshold_velocity_resolved_capture,"base-search timeout evidence was superseded by the complete dual-timestep zero-threshold audit, including adaptive node-only escalation where required",velocity_resolved_capture,nonmonotone finite-speed capture retained as a direct boolean mask,True
1,4,True,2,"[0.0,0.25]",0.2,5e-06,2.5e-06,0,[],0.0,0.0,0.0,0.0,1.25,escaped,escaped,0.0,0.0,0.0,0.0,1.25,0.0,1.25,escaped,escaped,escaped,escaped,[],[],0,[],0,[],0,[],0,[],zero_threshold_velocity_resolved_capture,"base-search timeout evidence was superseded by the complete dual-timestep zero-threshold audit, including adaptive node-only escalation where required",velocity_resolved_capture,nonmonotone finite-speed capture retained as a direct boolean mask,True
1,5,True,2,"[0.0,0.25]",0.2,5e-06,2.5e-06,0,[],0.0,0.0,0.0,0.0,2.25,escaped,escaped,0.0,0.0,0.0,0.0,2.25,0.0,2.25,escaped,escaped,escaped,escaped,[],[],0,[],0,[],0,[],0,[],zero_threshold_velocity_resolved_capture,"base-search timeout evidence was superseded by the complete dual-timestep zero-threshold audit, including adaptive node-only escalation where required",velocity_resolved_capture,nonmonotone finite-speed capture retained as a direct boolean mask,True
1,6,True,2,"[0.0,0.25]",0.2,5e-06,2.5e-06,0,[],0.0,0.0,0.0,0.0,0.25,escaped,escaped,0.0,0.0,0.0,0.0,0.25,0.0,0.25,escaped,escaped,escaped,escaped,[],[],0,[],0,[],0,[],0,[],zero_threshold_velocity_resolved_capture,"base-search timeout evidence was superseded by the complete dual-timestep zero-threshold audit, including adaptive node-only escalation where required",velocity_resolved_capture,nonmonotone finite-speed capture retained as a direct boolean mask,True
1,7,True,2,"[0.3125,0.625]",0.2,5e-06,2.5e-06,0,[],0.0,0.0,0.0,0.7763671875,0.927734375,two_core_entries,escaped,0.15625,0.7763671875,0.7763671875,0.7763671875,0.927734375,0.7763671875,0.927734375,two_core_entries,escaped,two_core_entries,escaped,"[{""speed_m_per_s"":0.3125,""trapped"":true,""termination_reason"":""two_core_entries""},{""speed_m_per_s"":0.625,""trapped"":true,""termination_reason"":""two_core_entries""}]","[{""speed_m_per_s"":0.3125,""trapped"":true,""termination_reason"":""two_core_entries""},{""speed_m_per_s"":0.625,""trapped"":true,""termination_reason"":""two_core_entries""}]",0,[],0,[],0,[],0,[],dual_step_research_recovered_boundary,"targeted timeout-node or endpoint evidence changed or remained non-definitive; complete 200 ms coarse/fine searches recovered compatible definitive brackets, and any internally censored nodes were resolved by the bounded adaptive dual-timestep hierarchy",not_applicable,positive scalar capture threshold,False
1,8,True,2,"[0.0,0.25]",0.2,5e-06,2.5e-06,0,[],0.0,0.0,0.0,0.0,1.25,escaped,escaped,0.0,0.0,0.0,0.0,1.25,0.0,1.25,escaped,escaped,escaped,escaped,[],[],0,[],0,[],0,[],0,[],zero_threshold_velocity_resolved_capture,"base-search timeout evidence was superseded by the complete dual-timestep zero-threshold audit, including adaptive node-only escalation where required",velocity_resolved_capture,nonmonotone finite-speed capture retained as a direct boolean mask,True
1,9,True,2,"[0.0,0.25]",0.2,5e-06,2.5e-06,0,[],0.0,0.0,0.0,0.0,1.25,escaped,escaped,0.0,0.0,0.0,0.0,1.25,0.0,1.25,escaped,escaped,escaped,escaped,[],[],0,[],0,[],0,[],0,[],zero_threshold_velocity_resolved_capture,"base-search timeout evidence was superseded by the complete dual-timestep zero-threshold audit, including adaptive node-only escalation where required",velocity_resolved_capture,nonmonotone finite-speed capture retained as a direct boolean mask,True
1,10,True,1,[0.0],0.2,5e-06,2.5e-06,0,[],0.0,0.0,0.0,1.25,1.5,two_core_entries,escaped,0.0,1.25,1.25,1.25,1.5,1.25,1.5,two_core_entries,escaped,two_core_entries,escaped,[],[],0,[],0,[],0,[],0,[],zero_threshold_grid_resolved_capture,"base-search timeout evidence was superseded by the complete dual-timestep zero-threshold audit, including adaptive node-only escalation where required",grid_resolved_capture,dual-timestep direct grid recovered a contiguous zero-origin capture boundary,False
1,11,True,2,"[0.0,0.25]",0.2,5e-06,2.5e-06,0,[],0.0,0.0,0.0,1.0,1.25,two_core_entries,escaped,0.0,1.0,1.0,1.0,1.25,1.0,1.25,two_core_entries,escaped,two_core_entries,escaped,[],[],0,[],0,[],0,[],0,[],zero_threshold_grid_resolved_capture,"base-search timeout evidence was superseded by the complete dual-timestep zero-threshold audit, including adaptive node-only escalation where required",grid_resolved_capture,dual-timestep direct grid recovered a contiguous zero-origin capture boundary,False
1,12,True,2,"[0.0,0.25]",0.2,5e-06,2.5e-06,0,[],0.0,0.0,0.0,0.0,1.5,escaped,escaped,0.0,0.0,0.0,0.0,1.5,0.0,1.5,escaped,escaped,escaped,escaped,[],[],0,[],0,[],0,[],0,[],zero_threshold_velocity_resolved_capture,"base-search timeout evidence was superseded by the complete dual-timestep zero-threshold audit, including adaptive node-only escalation where required",velocity_resolved_capture,nonmonotone finite-speed capture retained as a direct boolean mask,True
1,13,True,2,"[0.0,0.25]",0.2,5e-06,2.5e-06,0,[],0.0,0.0,0.0,0.0,1.0,escaped,escaped,0.0,0.0,0.0,0.0,1.0,0.0,1.0,escaped,escaped,escaped,escaped,[],[],0,[],0,[],0,[],0,[],zero_threshold_velocity_resolved_capture,"base-search timeout evidence was superseded by the complete dual-timestep zero-threshold audit, including adaptive node-only escalation where required",velocity_resolved_capture,nonmonotone finite-speed capture retained as a direct boolean mask,True
1,14,True,2,"[0.0,0.25]",0.2,5e-06,2.5e-06,0,[],0.0,0.0,0.0,2.25,2.5,bounded_core_residence,escaped,0.0,2.25,2.25,2.25,2.5,2.25,2.5,bounded_core_residence,escaped,bounded_core_residence,escaped,[],[],0,[],0,[],0,[],0,[],zero_threshold_grid_resolved_capture,"base-search timeout evidence was superseded by the complete dual-timestep zero-threshold audit, including adaptive node-only escalation where required",grid_resolved_capture,dual-timestep direct grid recovered a contiguous zero-origin capture boundary,False
1,15,True,3,"[0.15625,0.3125,0.625]",0.2,5e-06,2.5e-06,0,[],0.0,0.0,0.0,0.75,1.0,bounded_core_residence,escaped,0.0,0.75,0.75,0.75,1.0,0.75,1.0,bounded_core_residence,escaped,bounded_core_residence,escaped,[],[],0,[],0,[],0,[],0,[],zero_threshold_grid_resolved_capture,"base-search timeout evidence was superseded by the complete dual-timestep zero-threshold audit, including adaptive node-only escalation where required",grid_resolved_capture,dual-timestep direct grid recovered a contiguous zero-origin capture boundary,False
1,16,True,2,"[0.0,0.25]",0.2,5e-06,2.5e-06,0,[],0.0,0.0,0.0,1.5,1.75,two_core_entries,escaped,0.0,1.5,1.5,1.5,1.75,1.5,1.75,two_core_entries,escaped,two_core_entries,escaped,[],[],0,[],0,[],0,[],0,[],zero_threshold_grid_resolved_capture,"base-search timeout evidence was superseded by the complete dual-timestep zero-threshold audit, including adaptive node-only escalation where required",grid_resolved_capture,dual-timestep direct grid recovered a contiguous zero-origin capture boundary,False
1,17,True,2,"[0.0,0.25]",0.2,5e-06,2.5e-06,0,[],0.0,0.0,0.0,0.0,1.75,escaped,escaped,0.0,0.0,0.0,0.0,1.75,0.0,1.75,escaped,escaped,escaped,escaped,[],[],0,[],0,[],0,[],0,[],zero_threshold_velocity_resolved_capture,"base-search timeout evidence was superseded by the complete dual-timestep zero-threshold audit, including adaptive node-only escalation where required",velocity_resolved_capture,nonmonotone finite-speed capture retained as a direct boolean mask,True
1,18,True,2,"[0.0,0.25]",0.2,5e-06,2.5e-06,0,[],0.0,0.0,0.0,2.25,2.5,two_core_entries,escaped,0.0,2.25,2.25,2.25,2.5,2.25,2.5,two_core_entries,escaped,two_core_entries,escaped,[],[],0,[],0,[],0,[],0,[],zero_threshold_grid_resolved_capture,"base-search timeout evidence was superseded by the complete dual-timestep zero-threshold audit, including adaptive node-only escalation where required",grid_resolved_capture,dual-timestep direct grid recovered a contiguous zero-origin capture boundary,False
1,19,True,2,"[1.982421875,2.12890625]",0.2,5e-06,2.5e-06,0,[],0.0,0.0,0.0,2.12890625,2.275390625,two_core_entries,escaped,1.8359375,2.12890625,2.12890625,2.12890625,2.275390625,2.12890625,2.275390625,two_core_entries,escaped,two_core_entries,escaped,"[{""speed_m_per_s"":1.982421875,""trapped"":true,""termination_reason"":""two_core_entries""},{""speed_m_per_s"":2.12890625,""trapped"":true,""termination_reason"":""two_core_entries""}]","[{""speed_m_per_s"":1.982421875,""trapped"":true,""termination_reason"":""two_core_entries""},{""speed_m_per_s"":2.12890625,""trapped"":true,""termination_reason"":""two_core_entries""}]",0,[],0,[],0,[],0,[],dual_step_research_recovered_boundary,"targeted timeout-node or endpoint evidence changed or remained non-definitive; complete 200 ms coarse/fine searches recovered compatible definitive brackets, and any internally censored nodes were resolved by the bounded adaptive dual-timestep hierarchy",not_applicable,positive scalar capture threshold,False
1,20,True,2,"[0.0,0.25]",0.2,5e-06,2.5e-06,0,[],0.0,0.0,0.0,0.25,0.5,bounded_core_residence,escaped,0.0,0.25,0.25,0.25,0.5,0.25,0.5,bounded_core_residence,escaped,bounded_core_residence,escaped,[],[],0,[],0,[],0,[],0,[],zero_threshold_grid_resolved_capture,"base-search timeout evidence was superseded by the complete dual-timestep zero-threshold audit, including adaptive node-only escalation where required",grid_resolved_capture,dual-timestep direct grid recovered a contiguous zero-origin capture boundary,False
1,21,True,2,"[0.0,0.25]",0.2,5e-06,2.5e-06,0,[],0.0,0.0,0.0,0.0,0.25,escaped,escaped,0.0,0.0,0.0,0.0,0.25,0.0,0.25,escaped,escaped,escaped,escaped,[],[],0,[],0,[],0,[],0,[],zero_threshold_velocity_resolved_capture,"base-search timeout evidence was superseded by the complete dual-timestep zero-threshold audit, including adaptive node-only escalation where required",velocity_resolved_capture,nonmonotone finite-speed capture retained as a direct boolean mask,True
1,22,True,2,"[0.0,0.25]",0.2,5e-06,2.5e-06,0,[],0.0,0.0,0.0,1.5,1.75,two_core_entries,escaped,0.0,1.5,1.5,1.5,1.75,1.5,1.75,two_core_entries,escaped,two_core_entries,escaped,[],[],0,[],0,[],0,[],0,[],zero_threshold_grid_resolved_capture,"base-search timeout evidence was superseded by the complete dual-timestep zero-threshold audit, including adaptive node-only escalation where required",grid_resolved_capture,dual-timestep direct grid recovered a contiguous zero-origin capture boundary,False
1,23,True,2,"[0.0,0.25]",0.2,5e-06,2.5e-06,0,[],0.0,0.0,0.0,0.0,0.25,escaped,escaped,0.0,0.0,0.0,0.0,0.25,0.0,0.25,escaped,escaped,escaped,escaped,[],[],0,[],0,[],0,[],0,[],zero_threshold_velocity_resolved_capture,"base-search timeout evidence was superseded by the complete dual-timestep zero-threshold audit, including adaptive node-only escalation where required",velocity_resolved_capture,nonmonotone finite-speed capture retained as a direct boolean mask,True
1,24,True,2,"[0.0,0.25]",0.2,5e-06,2.5e-06,0,[],0.0,0.0,0.0,0.0,2.25,escaped,escaped,0.0,0.0,0.0,0.0,2.25,0.0,2.25,escaped,escaped,escaped,escaped,[],[],0,[],0,[],0,[],0,[],zero_threshold_velocity_resolved_capture,"base-search timeout evidence was superseded by the complete dual-timestep zero-threshold audit, including adaptive node-only escalation where required",velocity_resolved_capture,nonmonotone finite-speed capture retained as a direct boolean mask,True
2,0,True,2,"[0.0,0.25]",0.2,5e-06,2.5e-06,0,[],0.0,0.0,0.0,1.0,1.25,two_core_entries,escaped,0.0,1.0,1.0,1.0,1.25,1.0,1.25,two_core_entries,escaped,two_core_entries,escaped,[],[],0,[],0,[],0,[],0,[],zero_threshold_grid_resolved_capture,"base-search timeout evidence was superseded by the complete dual-timestep zero-threshold audit, including adaptive node-only escalation where required",grid_resolved_capture,dual-timestep direct grid recovered a contiguous zero-origin capture boundary,False
2,1,True,2,"[0.0,0.25]",0.2,5e-06,2.5e-06,0,[],0.0,0.0,0.0,0.75,1.0,bounded_core_residence,escaped,0.0,0.75,0.75,0.75,1.0,0.75,1.0,bounded_core_residence,escaped,bounded_core_residence,escaped,[],[],0,[],0,[],0,[],0,[],zero_threshold_grid_resolved_capture,"base-search timeout evidence was superseded by the complete dual-timestep zero-threshold audit, including adaptive node-only escalation where required",grid_resolved_capture,dual-timestep direct grid recovered a contiguous zero-origin capture boundary,False
2,2,True,2,"[0.0,0.25]",0.2,5e-06,2.5e-06,0,[],0.0,0.0,0.0,0.0,0.25,escaped,escaped,0.0,0.0,0.0,0.0,0.25,0.0,0.25,escaped,escaped,escaped,escaped,[],[],0,[],0,[],0,[],0,[],zero_threshold_velocity_resolved_capture,"base-search timeout evidence was superseded by the complete dual-timestep zero-threshold audit, including adaptive node-only escalation where required",velocity_resolved_capture,nonmonotone finite-speed capture retained as a direct boolean mask,True
2,3,True,2,"[0.0,0.25]",0.2,5e-06,2.5e-06,0,[],0.0,0.0,0.0,0.75,1.0,two_core_entries,escaped,0.0,0.75,0.75,0.75,1.0,0.75,1.0,two_core_entries,escaped,two_core_entries,escaped,[],[],0,[],0,[],0,[],0,[],zero_threshold_grid_resolved_capture,"base-search timeout evidence was superseded by the complete dual-timestep zero-threshold audit, including adaptive node-only escalation where required",grid_resolved_capture,dual-timestep direct grid recovered a contiguous zero-origin capture boundary,False
2,4,True,2,"[0.0,0.25]",0.2,5e-06,2.5e-06,0,[],0.0,0.0,0.0,0.0,0.75,escaped,escaped,0.0,0.0,0.0,0.0,0.75,0.0,0.75,escaped,escaped,escaped,escaped,[],[],0,[],0,[],0,[],0,[],zero_threshold_velocity_resolved_capture,"base-search timeout evidence was superseded by the complete dual-timestep zero-threshold audit, including adaptive node-only escalation where required",velocity_resolved_capture,nonmonotone finite-speed capture retained as a direct boolean mask,True
2,5,True,1,[0.0],0.2,5e-06,2.5e-06,0,[],0.0,0.0,0.0,1.0,1.25,two_core_entries,escaped,0.0,1.0,1.0,1.0,1.25,1.0,1.25,two_core_entries,escaped,two_core_entries,escaped,[],[],0,[],0,[],0,[],0,[],zero_threshold_grid_resolved_capture,"base-search timeout evidence was superseded by the complete dual-timestep zero-threshold audit, including adaptive node-only escalation where required",grid_resolved_capture,dual-timestep direct grid recovered a contiguous zero-origin capture boundary,False
2,6,True,2,"[0.0,0.25]",0.2,5e-06,2.5e-06,0,[],0.0,0.0,0.0,0.5,0.75,two_core_entries,escaped,0.0,0.5,0.5,0.5,0.75,0.5,0.75,two_core_entries,escaped,two_core_entries,escaped,[],[],0,[],0,[],0,[],0,[],zero_threshold_grid_resolved_capture,"base-search timeout evidence was superseded by the complete dual-timestep zero-threshold audit, including adaptive node-only escalation where required",grid_resolved_capture,dual-timestep direct grid recovered a contiguous zero-origin capture boundary,False
2,7,True,2,"[0.0,0.25]",0.2,5e-06,2.5e-06,0,[],0.0,0.0,0.0,0.25,0.5,two_core_entries,escaped,0.0,0.25,0.25,0.25,0.5,0.25,0.5,two_core_entries,escaped,two_core_entries,escaped,[],[],0,[],0,[],0,[],0,[],zero_threshold_grid_resolved_capture,"base-search timeout evidence was superseded by the complete dual-timestep zero-threshold audit, including adaptive node-only escalation where required",grid_resolved_capture,dual-timestep direct grid recovered a contiguous zero-origin capture boundary,False
2,8,True,2,"[0.0,0.25]",0.2,5e-06,2.5e-06,0,[],0.0,0.0,0.0,1.0,1.25,two_core_entries,escaped,0.0,1.0,1.0,1.0,1.25,1.0,1.25,two_core_entries,escaped,two_core_entries,escaped,[],[],0,[],0,[],0,[],0,[],zero_threshold_grid_resolved_capture,"base-search timeout evidence was superseded by the complete dual-timestep zero-threshold audit, including adaptive node-only escalation where required",grid_resolved_capture,dual-timestep direct grid recovered a contiguous zero-origin capture boundary,False
2,9,True,2,"[0.0,0.25]",0.2,5e-06,2.5e-06,0,[],0.0,0.0,0.0,0.75,1.0,two_core_entries,escaped,0.0,0.75,0.75,0.75,1.0,0.75,1.0,two_core_entries,escaped,two_core_entries,escaped,[],[],0,[],0,[],0,[],0,[],zero_threshold_grid_resolved_capture,"base-search timeout evidence was superseded by the complete dual-timestep zero-threshold audit, including adaptive node-only escalation where required",grid_resolved_capture,dual-timestep direct grid recovered a contiguous zero-origin capture boundary,False
2,10,True,2,"[0.0,0.25]",0.2,5e-06,2.5e-06,0,[],0.0,0.0,0.0,0.5,0.75,bounded_core_residence,escaped,0.0,0.5,0.5,0.5,0.75,0.5,0.75,bounded_core_residence,escaped,bounded_core_residence,escaped,[],[],0,[],0,[],0,[],0,[],zero_threshold_grid_resolved_capture,"base-search timeout evidence was superseded by the complete dual-timestep zero-threshold audit, including adaptive node-only escalation where required",grid_resolved_capture,dual-timestep direct grid recovered a contiguous zero-origin capture boundary,False
2,11,True,2,"[0.0,0.25]",0.2,5e-06,2.5e-06,0,[],0.0,0.0,0.0,1.0,1.25,bounded_core_residence,escaped,0.0,1.0,1.0,1.0,1.25,1.0,1.25,bounded_core_residence,escaped,bounded_core_residence,escaped,[],[],0,[],0,[],0,[],0,[],zero_threshold_grid_resolved_capture,"base-search timeout evidence was superseded by the complete dual-timestep zero-threshold audit, including adaptive node-only escalation where required",grid_resolved_capture,dual-timestep direct grid recovered a contiguous zero-origin capture boundary,False
2,12,True,2,"[0.0,0.25]",0.2,5e-06,2.5e-06,0,[],0.0,0.0,0.0,0.75,1.0,two_core_entries,escaped,0.0,0.75,0.75,0.75,1.0,0.75,1.0,two_core_entries,escaped,two_core_entries,escaped,[],[],0,[],0,[],0,[],0,[],zero_threshold_grid_resolved_capture,"base-search timeout evidence was superseded by the complete dual-timestep zero-threshold audit, including adaptive node-only escalation where required",grid_resolved_capture,dual-timestep direct grid recovered a contiguous zero-origin capture boundary,False
2,13,True,2,"[0.0,0.25]",0.2,5e-06,2.5e-06,0,[],0.0,0.0,0.0,0.75,1.0,two_core_entries,escaped,0.0,0.75,0.75,0.75,1.0,0.75,1.0,two_core_entries,escaped,two_core_entries,escaped,[],[],0,[],0,[],0,[],0,[],zero_threshold_grid_resolved_capture,"base-search timeout evidence was superseded by the complete dual-timestep zero-threshold audit, including adaptive node-only escalation where required",grid_resolved_capture,dual-timestep direct grid recovered a contiguous zero-origin capture boundary,False
2,14,True,2,"[0.0,0.25]",0.2,5e-06,2.5e-06,0,[],0.0,0.0,0.0,0.75,1.0,two_core_entries,escaped,0.0,0.75,0.75,0.75,1.0,0.75,1.0,two_core_entries,escaped,two_core_entries,escaped,[],[],0,[],0,[],0,[],0,[],zero_threshold_grid_resolved_capture,"base-search timeout evidence was superseded by the complete dual-timestep zero-threshold audit, including adaptive node-only escalation where required",grid_resolved_capture,dual-timestep direct grid recovered a contiguous zero-origin capture boundary,False
2,15,True,2,"[0.0,0.25]",0.2,5e-06,2.5e-06,0,[],0.0,0.0,0.0,1.0,1.25,two_core_entries,escaped,0.0,1.0,1.0,1.0,1.25,1.0,1.25,two_core_entries,escaped,two_core_entries,escaped,[],[],0,[],0,[],0,[],0,[],zero_threshold_grid_resolved_capture,"base-search timeout evidence was superseded by the complete dual-timestep zero-threshold audit, including adaptive node-only escalation where required",grid_resolved_capture,dual-timestep direct grid recovered a contiguous zero-origin capture boundary,False
2,16,True,2,"[0.0,0.25]",0.2,5e-06,2.5e-06,0,[],0.0,0.0,0.0,0.75,1.0,bounded_core_residence,escaped,0.0,0.75,0.75,0.75,1.0,0.75,1.0,bounded_core_residence,escaped,bounded_core_residence,escaped,[],[],0,[],0,[],0,[],0,[],zero_threshold_grid_resolved_capture,"base-search timeout evidence was superseded by the complete dual-timestep zero-threshold audit, including adaptive node-only escalation where required",grid_resolved_capture,dual-timestep direct grid recovered a contiguous zero-origin capture boundary,False
2,17,True,2,"[0.0,0.25]",0.2,5e-06,2.5e-06,0,[],0.0,0.0,0.0,0.5,0.75,two_core_entries,escaped,0.0,0.5,0.5,0.5,0.75,0.5,0.75,two_core_entries,escaped,two_core_entries,escaped,[],[],0,[],0,[],0,[],0,[],zero_threshold_grid_resolved_capture,"base-search timeout evidence was superseded by the complete dual-timestep zero-threshold audit, including adaptive node-only escalation where required",grid_resolved_capture,dual-timestep direct grid recovered a contiguous zero-origin capture boundary,False
2,18,True,2,"[0.0,0.25]",0.2,5e-06,2.5e-06,0,[],0.0,0.0,0.0,0.0,0.25,two_core_entries,escaped,0.0,0.0,0.0,0.0,0.25,0.0,0.25,two_core_entries,escaped,two_core_entries,escaped,[],[],0,[],0,[],0,[],0,[],zero_threshold_grid_resolved_capture,"base-search timeout evidence was superseded by the complete dual-timestep zero-threshold audit, including adaptive node-only escalation where required",grid_resolved_capture,dual-timestep direct grid recovered a contiguous zero-origin capture boundary,False
2,19,True,2,"[0.0,0.25]",0.2,5e-06,2.5e-06,0,[],0.0,0.0,0.0,0.5,0.75,bounded_core_residence,escaped,0.0,0.5,0.5,0.5,0.75,0.5,0.75,bounded_core_residence,escaped,bounded_core_residence,escaped,[],[],0,[],0,[],0,[],0,[],zero_threshold_grid_resolved_capture,"base-search timeout evidence was superseded by the complete dual-timestep zero-threshold audit, including adaptive node-only escalation where required",grid_resolved_capture,dual-timestep direct grid recovered a contiguous zero-origin capture boundary,False
2,20,True,2,"[0.0,0.25]",0.2,5e-06,2.5e-06,0,[],0.0,0.0,0.0,0.75,1.0,two_core_entries,escaped,0.0,0.75,0.75,0.75,1.0,0.75,1.0,two_core_entries,escaped,two_core_entries,escaped,[],[],0,[],0,[],0,[],0,[],zero_threshold_grid_resolved_capture,"base-search timeout evidence was superseded by the complete dual-timestep zero-threshold audit, including adaptive node-only escalation where required",grid_resolved_capture,dual-timestep direct grid recovered a contiguous zero-origin capture boundary,False
2,21,True,2,"[0.0,0.25]",0.2,5e-06,2.5e-06,0,[],0.0,0.0,0.0,0.75,1.0,bounded_core_residence,escaped,0.0,0.75,0.75,0.75,1.0,0.75,1.0,bounded_core_residence,escaped,bounded_core_residence,escaped,[],[],0,[],0,[],0,[],0,[],zero_threshold_grid_resolved_capture,"base-search timeout evidence was superseded by the complete dual-timestep zero-threshold audit, including adaptive node-only escalation where required",grid_resolved_capture,dual-timestep direct grid recovered a contiguous zero-origin capture boundary,False
2,22,True,2,"[0.0,0.25]",0.2,5e-06,2.5e-06,0,[],0.0,0.0,0.0,0.25,0.5,two_core_entries,escaped,0.0,0.25,0.25,0.25,0.5,0.25,0.5,two_core_entries,escaped,two_core_entries,escaped,[],[],0,[],0,[],0,[],0,[],zero_threshold_grid_resolved_capture,"base-search timeout evidence was superseded by the complete dual-timestep zero-threshold audit, including adaptive node-only escalation where required",grid_resolved_capture,dual-timestep direct grid recovered a contiguous zero-origin capture boundary,False
2,23,True,2,"[0.0,0.25]",0.2,5e-06,2.5e-06,0,[],0.0,0.0,0.0,1.0,1.25,two_core_entries,escaped,0.0,1.0,1.0,1.0,1.25,1.0,1.25,two_core_entries,escaped,two_core_entries,escaped,[],[],0,[],0,[],0,[],0,[],zero_threshold_grid_resolved_capture,"base-search timeout evidence was superseded by the complete dual-timestep zero-threshold audit, including adaptive node-only escalation where required",grid_resolved_capture,dual-timestep direct grid recovered a contiguous zero-origin capture boundary,False
2,24,True,2,"[0.0,0.25]",0.2,5e-06,2.5e-06,0,[],0.0,0.0,0.0,0.5,0.75,two_core_entries,escaped,0.0,0.5,0.5,0.5,0.75,0.5,0.75,two_core_entries,escaped,two_core_entries,escaped,[],[],0,[],0,[],0,[],0,[],zero_threshold_grid_resolved_capture,"base-search timeout evidence was superseded by the complete dual-timestep zero-threshold audit, including adaptive node-only escalation where required",grid_resolved_capture,dual-timestep direct grid recovered a contiguous zero-origin capture boundary,False
3,0,True,2,"[0.0,0.25]",0.2,5e-06,2.5e-06,0,[],0.0,0.0,0.0,0.0,1.25,escaped,escaped,0.0,0.0,0.0,0.0,1.25,0.0,1.25,escaped,escaped,escaped,escaped,[],[],0,[],0,[],0,[],0,[],zero_threshold_velocity_resolved_capture,"base-search timeout evidence was superseded by the complete dual-timestep zero-threshold audit, including adaptive node-only escalation where required",velocity_resolved_capture,nonmonotone finite-speed capture retained as a direct boolean mask,True
3,1,True,2,"[0.0,0.25]",0.2,5e-06,2.5e-06,0,[],0.0,0.0,0.0,1.5,1.75,two_core_entries,escaped,0.0,1.5,1.5,1.5,1.75,1.5,1.75,two_core_entries,escaped,two_core_entries,escaped,[],[],0,[],0,[],0,[],0,[],zero_threshold_grid_resolved_capture,"base-search timeout evidence was superseded by the complete dual-timestep zero-threshold audit, including adaptive node-only escalation where required",grid_resolved_capture,dual-timestep direct grid recovered a contiguous zero-origin capture boundary,False
3,2,True,2,"[0.0,0.25]",0.2,5e-06,2.5e-06,0,[],0.0,0.0,0.0,0.0,1.0,escaped,escaped,0.0,0.0,0.0,0.0,1.0,0.0,1.0,escaped,escaped,escaped,escaped,[],[],0,[],0,[],0,[],0,[],zero_threshold_velocity_resolved_capture,"base-search timeout evidence was superseded by the complete dual-timestep zero-threshold audit, including adaptive node-only escalation where required",velocity_resolved_capture,nonmonotone finite-speed capture retained as a direct boolean mask,True
3,3,True,1,[0.25],0.2,5e-06,2.5e-06,0,[],0.0,0.0,0.0,0.0,1.25,escaped,escaped,0.0,0.0,0.0,0.0,1.25,0.0,1.25,escaped,escaped,escaped,escaped,[],[],0,[],0,[],0,[],0,[],zero_threshold_velocity_resolved_capture,"base-search timeout evidence was superseded by the complete dual-timestep zero-threshold audit, including adaptive node-only escalation where required",velocity_resolved_capture,nonmonotone finite-speed capture retained as a direct boolean mask,True
3,4,True,1,[0.25],0.2,5e-06,2.5e-06,0,[],0.0,0.0,0.0,0.0,1.0,escaped,escaped,0.0,0.0,0.0,0.0,1.0,0.0,1.0,escaped,escaped,escaped,escaped,[],[],0,[],0,[],0,[],0,[],zero_threshold_velocity_resolved_capture,"base-search timeout evidence was superseded by the complete dual-timestep zero-threshold audit, including adaptive node-only escalation where required",velocity_resolved_capture,nonmonotone finite-speed capture retained as a direct boolean mask,True
3,5,True,2,"[0.0,0.25]",0.2,5e-06,2.5e-06,0,[],0.0,0.0,0.0,0.0,1.0,escaped,escaped,0.0,0.0,0.0,0.0,1.0,0.0,1.0,escaped,escaped,escaped,escaped,[],[],0,[],0,[],0,[],0,[],zero_threshold_velocity_resolved_capture,"base-search timeout evidence was superseded by the complete dual-timestep zero-threshold audit, including adaptive node-only escalation where required",velocity_resolved_capture,nonmonotone finite-speed capture retained as a direct boolean mask,True
3,6,True,2,"[1.396484375,1.54296875]",0.2,5e-06,2.5e-06,0,[],0.0,0.0,0.0,1.396484375,1.54296875,two_core_entries,escaped,1.25,1.396484375,1.396484375,1.396484375,1.54296875,1.396484375,1.54296875,two_core_entries,escaped,two_core_entries,escaped,"[{""speed_m_per_s"":1.396484375,""trapped"":true,""termination_reason"":""two_core_entries""},{""speed_m_per_s"":1.54296875,""trapped"":false,""termination_reason"":""escaped""}]","[{""speed_m_per_s"":1.396484375,""trapped"":true,""termination_reason"":""two_core_entries""},{""speed_m_per_s"":1.54296875,""trapped"":false,""termination_reason"":""escaped""}]",0,[],0,[],0,[],0,[],dual_step_research_recovered_boundary,"targeted timeout-node or endpoint evidence changed or remained non-definitive; complete 200 ms coarse/fine searches recovered compatible definitive brackets, and any internally censored nodes were resolved by the bounded adaptive dual-timestep hierarchy",not_applicable,positive scalar capture threshold,False
3,7,True,2,"[0.0,0.25]",0.2,5e-06,2.5e-06,0,[],0.0,0.0,0.0,1.5,1.75,two_core_entries,escaped,0.0,1.5,1.5,1.5,1.75,1.5,1.75,two_core_entries,escaped,two_core_entries,escaped,[],[],0,[],0,[],0,[],0,[],zero_threshold_grid_resolved_capture,"base-search timeout evidence was superseded by the complete dual-timestep zero-threshold audit, including adaptive node-only escalation where required",grid_resolved_capture,dual-timestep direct grid recovered a contiguous zero-origin capture boundary,False
3,8,True,6,"[0.46630859375,0.6201171875,0.625,0.927734375,1.25,1.54296875]",0.2,5e-06,2.5e-06,0,[],0.0,0.0,0.0,1.54296875,1.689453125,two_core_entries,escaped,0.3125,1.54296875,1.54296875,1.54296875,1.689453125,1.54296875,1.689453125,two_core_entries,escaped,two_core_entries,escaped,"[{""speed_m_per_s"":0.46630859375,""trapped"":true,""termination_reason"":""two_core_entries""},{""speed_m_per_s"":0.6201171875,""trapped"":true,""termination_reason"":""two_core_entries""},{""speed_m_per_s"":0.625,""trapped"":true,""termination_reason"":""two_core_entries""},{""speed_m_per_s"":0.927734375,""trapped"":true,""termination_reason"":""two_core_entries""},{""speed_m_per_s"":1.25,""trapped"":true,""termination_reason"":""two_core_entries""},{""speed_m_per_s"":1.54296875,""trapped"":true,""termination_reason"":""two_core_entries""}]","[{""speed_m_per_s"":0.46630859375,""trapped"":true,""termination_reason"":""two_core_entries""},{""speed_m_per_s"":0.6201171875,""trapped"":true,""termination_reason"":""two_core_entries""},{""speed_m_per_s"":0.625,""trapped"":true,""termination_reason"":""two_core_entries""},{""speed_m_per_s"":0.927734375,""trapped"":true,""termination_reason"":""two_core_entries""},{""speed_m_per_s"":1.25,""trapped"":true,""termination_reason"":""two_core_entries""},{""speed_m_per_s"":1.54296875,""trapped"":true,""termination_reason"":""two_core_entries""}]",0,[],0,[],0,[],0,[],dual_step_research_recovered_boundary,"targeted timeout-node or endpoint evidence changed or remained non-definitive; complete 200 ms coarse/fine searches recovered compatible definitive brackets, and any internally censored nodes were resolved by the bounded adaptive dual-timestep hierarchy",not_applicable,positive scalar capture threshold,False
3,9,True,2,"[0.0,0.25]",0.2,5e-06,2.5e-06,0,[],0.0,0.0,0.0,0.75,1.0,bounded_core_residence,escaped,0.0,0.75,0.75,0.75,1.0,0.75,1.0,bounded_core_residence,escaped,bounded_core_residence,escaped,[],[],0,[],0,[],0,[],0,[],zero_threshold_velocity_resolved_capture,"base-search timeout evidence was superseded by the complete dual-timestep zero-threshold audit, including adaptive node-only escalation where required",velocity_resolved_capture,dual-timestep direct grid recovered the zero-origin capture boundary and retained later nonmonotone capture as a boolean mask,True
3,10,True,2,"[0.0,0.25]",0.2,5e-06,2.5e-06,0,[],0.0,0.0,0.0,1.25,1.5,two_core_entries,escaped,0.0,1.25,1.25,1.25,1.5,1.25,1.5,two_core_entries,escaped,two_core_entries,escaped,[],[],0,[],0,[],0,[],0,[],zero_threshold_grid_resolved_capture,"base-search timeout evidence was superseded by the complete dual-timestep zero-threshold audit, including adaptive node-only escalation where required",grid_resolved_capture,dual-timestep direct grid recovered a contiguous zero-origin capture boundary,False
3,11,True,2,"[0.0,0.25]",0.2,5e-06,2.5e-06,0,[],0.0,0.0,0.0,0.0,0.75,escaped,escaped,0.0,0.0,0.0,0.0,0.75,0.0,0.75,escaped,escaped,escaped,escaped,[],[],0,[],0,[],0,[],0,[],zero_threshold_velocity_resolved_capture,"base-search timeout evidence was superseded by the complete dual-timestep zero-threshold audit, including adaptive node-only escalation where required",velocity_resolved_capture,nonmonotone finite-speed capture retained as a direct boolean mask,True
3,12,True,2,"[0.0,0.25]",0.2,5e-06,2.5e-06,0,[],0.0,0.0,0.0,0.75,1.0,two_core_entries,escaped,0.0,0.75,0.75,0.75,1.0,0.75,1.0,two_core_entries,escaped,two_core_entries,escaped,[],[],0,[],0,[],0,[],0,[],zero_threshold_grid_resolved_capture,"base-search timeout evidence was superseded by the complete dual-timestep zero-threshold audit, including adaptive node-only escalation where required",grid_resolved_capture,dual-timestep direct grid recovered a contiguous zero-origin capture boundary,False
3,13,True,2,"[0.0,0.25]",0.2,5e-06,2.5e-06,0,[],0.0,0.0,0.0,0.75,1.0,two_core_entries,escaped,0.0,0.75,0.75,0.75,1.0,0.75,1.0,two_core_entries,escaped,two_core_entries,escaped,[],[],0,[],0,[],0,[],0,[],zero_threshold_grid_resolved_capture,"base-search timeout evidence was superseded by the complete dual-timestep zero-threshold audit, including adaptive node-only escalation where required",grid_resolved_capture,dual-timestep direct grid recovered a contiguous zero-origin capture boundary,False
3,14,True,2,"[0.0,0.25]",0.2,5e-06,2.5e-06,0,[],0.0,0.0,0.0,0.0,1.75,escaped,escaped,0.0,0.0,0.0,0.0,1.75,0.0,1.75,escaped,escaped,escaped,escaped,[],[],0,[],0,[],0,[],0,[],zero_threshold_velocity_resolved_capture,"base-search timeout evidence was superseded by the complete dual-timestep zero-threshold audit, including adaptive node-only escalation where required",velocity_resolved_capture,nonmonotone finite-speed capture retained as a direct boolean mask,True
3,15,True,5,"[0.6201171875,0.625,0.927734375,1.25,1.54296875]",0.2,5e-06,2.5e-06,0,[],0.0,0.0,0.0,1.54296875,1.689453125,bounded_core_residence,escaped,0.46630859375,1.54296875,1.54296875,1.54296875,1.689453125,1.54296875,1.689453125,bounded_core_residence,escaped,bounded_core_residence,escaped,"[{""speed_m_per_s"":0.6201171875,""trapped"":true,""termination_reason"":""two_core_entries""},{""speed_m_per_s"":0.625,""trapped"":true,""termination_reason"":""two_core_entries""},{""speed_m_per_s"":0.927734375,""trapped"":true,""termination_reason"":""two_core_entries""},{""speed_m_per_s"":1.25,""trapped"":true,""termination_reason"":""two_core_entries""},{""speed_m_per_s"":1.54296875,""trapped"":true,""termination_reason"":""bounded_core_residence""}]","[{""speed_m_per_s"":0.6201171875,""trapped"":true,""termination_reason"":""two_core_entries""},{""speed_m_per_s"":0.625,""trapped"":true,""termination_reason"":""two_core_entries""},{""speed_m_per_s"":0.927734375,""trapped"":true,""termination_reason"":""two_core_entries""},{""speed_m_per_s"":1.25,""trapped"":true,""termination_reason"":""two_core_entries""},{""speed_m_per_s"":1.54296875,""trapped"":true,""termination_reason"":""bounded_core_residence""}]",0,[],0,[],0,[],0,[],dual_step_research_recovered_boundary,"targeted timeout-node or endpoint evidence changed or remained non-definitive; complete 200 ms coarse/fine searches recovered compatible definitive brackets, and any internally censored nodes were resolved by the bounded adaptive dual-timestep hierarchy",not_applicable,positive scalar capture threshold,False
3,16,True,2,"[0.0,0.25]",0.2,5e-06,2.5e-06,0,[],0.0,0.0,0.0,0.0,1.25,escaped,escaped,0.0,0.0,0.0,0.0,1.25,0.0,1.25,escaped,escaped,escaped,escaped,[],[],0,[],0,[],0,[],0,[],zero_threshold_velocity_resolved_capture,"base-search timeout evidence was superseded by the complete dual-timestep zero-threshold audit, including adaptive node-only escalation where required",velocity_resolved_capture,nonmonotone finite-speed capture retained as a direct boolean mask,True
3,17,True,2,"[0.0,0.25]",0.2,5e-06,2.5e-06,0,[],0.0,0.0,0.0,0.75,1.0,bounded_core_residence,escaped,0.0,0.75,0.75,0.75,1.0,0.75,1.0,bounded_core_residence,escaped,bounded_core_residence,escaped,[],[],0,[],0,[],0,[],0,[],zero_threshold_grid_resolved_capture,"base-search timeout evidence was superseded by the complete dual-timestep zero-threshold audit, including adaptive node-only escalation where required",grid_resolved_capture,dual-timestep direct grid recovered a contiguous zero-origin capture boundary,False
3,18,True,2,"[0.0,0.25]",0.2,5e-06,2.5e-06,0,[],0.0,0.0,0.0,0.0,1.0,escaped,escaped,0.0,0.0,0.0,0.0,1.0,0.0,1.0,escaped,escaped,escaped,escaped,[],[],0,[],0,[],0,[],0,[],zero_threshold_velocity_resolved_capture,"base-search timeout evidence was superseded by the complete dual-timestep zero-threshold audit, including adaptive node-only escalation where required",velocity_resolved_capture,nonmonotone finite-speed capture retained as a direct boolean mask,True
3,19,True,2,"[0.0,0.25]",0.2,5e-06,2.5e-06,0,[],0.0,0.0,0.0,1.5,1.75,two_core_entries,escaped,0.0,1.5,1.5,1.5,1.75,1.5,1.75,two_core_entries,escaped,two_core_entries,escaped,[],[],0,[],0,[],0,[],0,[],zero_threshold_grid_resolved_capture,"base-search timeout evidence was superseded by the complete dual-timestep zero-threshold audit, including adaptive node-only escalation where required",grid_resolved_capture,dual-timestep direct grid recovered a contiguous zero-origin capture boundary,False
3,20,True,2,"[0.0,0.25]",0.2,5e-06,2.5e-06,0,[],0.0,0.0,0.0,0.0,1.0,escaped,escaped,0.0,0.0,0.0,0.0,1.0,0.0,1.0,escaped,escaped,escaped,escaped,[],[],0,[],0,[],0,[],0,[],zero_threshold_velocity_resolved_capture,"base-search timeout evidence was superseded by the complete dual-timestep zero-threshold audit, including adaptive node-only escalation where required",velocity_resolved_capture,nonmonotone finite-speed capture retained as a direct boolean mask,True
3,21,True,2,"[0.0,0.25]",0.2,5e-06,2.5e-06,0,[],0.0,0.0,0.0,0.75,1.0,two_core_entries,escaped,0.0,0.75,0.75,0.75,1.0,0.75,1.0,two_core_entries,escaped,two_core_entries,escaped,[],[],0,[],0,[],0,[],0,[],zero_threshold_grid_resolved_capture,"base-search timeout evidence was superseded by the complete dual-timestep zero-threshold audit, including adaptive node-only escalation where required",grid_resolved_capture,dual-timestep direct grid recovered a contiguous zero-origin capture boundary,False
3,22,True,2,"[0.0,0.25]",0.2,5e-06,2.5e-06,0,[],0.0,0.0,0.0,0.5,0.75,bounded_core_residence,escaped,0.0,0.5,0.5,0.5,0.75,0.5,0.75,bounded_core_residence,escaped,bounded_core_residence,escaped,[],[],0,[],0,[],0,[],0,[],zero_threshold_grid_resolved_capture,"base-search timeout evidence was superseded by the complete dual-timestep zero-threshold audit, including adaptive node-only escalation where required",grid_resolved_capture,dual-timestep direct grid recovered a contiguous zero-origin capture boundary,False
3,23,True,2,"[0.0,0.25]",0.2,5e-06,2.5e-06,0,[],0.0,0.0,0.0,0.0,0.75,escaped,escaped,0.0,0.0,0.0,0.0,0.75,0.0,0.75,escaped,escaped,escaped,escaped,[],[],0,[],0,[],0,[],0,[],zero_threshold_velocity_resolved_capture,"base-search timeout evidence was superseded by the complete dual-timestep zero-threshold audit, including adaptive node-only escalation where required",velocity_resolved_capture,nonmonotone finite-speed capture retained as a direct boolean mask,True
3,24,True,2,"[0.0,0.25]",0.2,5e-06,2.5e-06,0,[],0.0,0.0,0.0,0.5,0.75,two_core_entries,escaped,0.0,0.5,0.5,0.5,0.75,0.5,0.75,two_core_entries,escaped,two_core_entries,escaped,[],[],0,[],0,[],0,[],0,[],zero_threshold_grid_resolved_capture,"base-search timeout evidence was superseded by the complete dual-timestep zero-threshold audit, including adaptive node-only escalation where required",grid_resolved_capture,dual-timestep direct grid recovered a contiguous zero-origin capture boundary,False
4,0,True,2,"[0.0,0.25]",0.2,5e-06,2.5e-06,0,[],0.0,0.0,0.0,0.0,0.75,escaped,escaped,0.0,0.0,0.0,0.0,0.75,0.0,0.75,escaped,escaped,escaped,escaped,[],[],0,[],0,[],0,[],0,[],zero_threshold_velocity_resolved_capture,"base-search timeout evidence was superseded by the complete dual-timestep zero-threshold audit, including adaptive node-only escalation where required",velocity_resolved_capture,nonmonotone finite-speed capture retained as a direct boolean mask,True
4,1,True,2,"[0.0,0.25]",0.2,5e-06,2.5e-06,0,[],0.0,0.0,0.0,4.25,4.5,two_core_entries,escaped,0.0,4.25,4.25,4.25,4.5,4.25,4.5,two_core_entries,escaped,two_core_entries,escaped,[],[],0,[],0,[],0,[],0,[],zero_threshold_grid_resolved_capture,"base-search timeout evidence was superseded by the complete dual-timestep zero-threshold audit, including adaptive node-only escalation where required",grid_resolved_capture,dual-timestep direct grid recovered a contiguous zero-origin capture boundary,False
4,2,True,6,"[1.54296875,1.8359375,2.421875,2.5,3.59375,5.0]",0.2,5e-06,2.5e-06,0,[],0.0,0.0,0.0,5.703125,5.9375,two_core_entries,escaped,1.396484375,5.703125,5.703125,5.703125,5.9375,5.703125,5.9375,two_core_entries,escaped,two_core_entries,escaped,"[{""speed_m_per_s"":1.54296875,""trapped"":true,""termination_reason"":""two_core_entries""},{""speed_m_per_s"":1.8359375,""trapped"":true,""termination_reason"":""two_core_entries""},{""speed_m_per_s"":2.421875,""trapped"":true,""termination_reason"":""two_core_entries""},{""speed_m_per_s"":2.5,""trapped"":true,""termination_reason"":""bounded_core_residence""},{""speed_m_per_s"":3.59375,""trapped"":true,""termination_reason"":""two_core_entries""},{""speed_m_per_s"":5.0,""trapped"":true,""termination_reason"":""two_core_entries""}]","[{""speed_m_per_s"":1.54296875,""trapped"":true,""termination_reason"":""two_core_entries""},{""speed_m_per_s"":1.8359375,""trapped"":true,""termination_reason"":""two_core_entries""},{""speed_m_per_s"":2.421875,""trapped"":true,""termination_reason"":""two_core_entries""},{""speed_m_per_s"":2.5,""trapped"":true,""termination_reason"":""bounded_core_residence""},{""speed_m_per_s"":3.59375,""trapped"":true,""termination_reason"":""two_core_entries""},{""speed_m_per_s"":5.0,""trapped"":true,""termination_reason"":""two_core_entries""}]",0,[],0,[],0,[],0,[],dual_step_research_recovered_boundary,"targeted timeout-node or endpoint evidence changed or remained non-definitive; complete 200 ms coarse/fine searches recovered compatible definitive brackets, and any internally censored nodes were resolved by the bounded adaptive dual-timestep hierarchy",not_applicable,positive scalar capture threshold,False
4,3,True,2,"[0.0,0.25]",0.2,5e-06,2.5e-06,0,[],0.0,0.0,0.0,1.5,1.75,bounded_core_residence,escaped,0.0,1.5,1.5,1.5,1.75,1.5,1.75,bounded_core_residence,escaped,bounded_core_residence,escaped,[],[],0,[],0,[],0,[],0,[],zero_threshold_velocity_resolved_capture,"base-search timeout evidence was superseded by the complete dual-timestep zero-threshold audit, including adaptive node-only escalation where required",velocity_resolved_capture,dual-timestep direct grid recovered the zero-origin capture boundary and retained later nonmonotone capture as a boolean mask,True
4,4,True,2,"[0.0,0.25]",0.2,5e-06,2.5e-06,0,[],0.0,0.0,0.0,0.0,0.25,escaped,escaped,0.0,0.0,0.0,0.0,0.25,0.0,0.25,escaped,escaped,escaped,escaped,[],[],0,[],0,[],0,[],0,[],zero_threshold_velocity_resolved_capture,"base-search timeout evidence was superseded by the complete dual-timestep zero-threshold audit, including adaptive node-only escalation where required",velocity_resolved_capture,nonmonotone finite-speed capture retained as a direct boolean mask,True
4,5,True,2,"[0.0,0.25]",0.2,5e-06,2.5e-06,0,[],0.0,0.0,0.0,0.0,1.0,escaped,escaped,0.0,0.0,0.0,0.0,1.0,0.0,1.0,escaped,escaped,escaped,escaped,[],[],0,[],0,[],0,[],0,[],zero_threshold_velocity_resolved_capture,"base-search timeout evidence was superseded by the complete dual-timestep zero-threshold audit, including adaptive node-only escalation where required",velocity_resolved_capture,nonmonotone finite-speed capture retained as a direct boolean mask,True
4,6,True,2,"[0.0,0.25]",0.2,5e-06,2.5e-06,0,[],0.0,0.0,0.0,0.0,0.25,escaped,escaped,0.0,0.0,0.0,0.0,0.25,0.0,0.25,escaped,escaped,escaped,escaped,[],[],0,[],0,[],0,[],0,[],zero_threshold_confirmed_zero_capture,"base-search timeout evidence was superseded by the complete dual-timestep zero-threshold audit, including adaptive node-only escalation where required",confirmed_zero_capture,dual-timestep direct velocity scan contains no capture,False
4,7,True,2,"[0.0,0.25]",0.2,5e-06,2.5e-06,0,[],0.0,0.0,0.0,0.0,1.5,escaped,escaped,0.0,0.0,0.0,0.0,1.5,0.0,1.5,escaped,escaped,escaped,escaped,[],[],0,[],0,[],0,[],0,[],zero_threshold_velocity_resolved_capture,"base-search timeout evidence was superseded by the complete dual-timestep zero-threshold audit, including adaptive node-only escalation where required",velocity_resolved_capture,nonmonotone finite-speed capture retained as a direct boolean mask,True
4,8,True,2,"[0.0,0.25]",0.2,5e-06,2.5e-06,0,[],0.0,0.0,0.0,2.75,3.0,two_core_entries,escaped,0.0,2.75,2.75,2.75,3.0,2.75,3.0,two_core_entries,escaped,two_core_entries,escaped,[],[],0,[],0,[],0,[],0,[],zero_threshold_grid_resolved_capture,"base-search timeout evidence was superseded by the complete dual-timestep zero-threshold audit, including adaptive node-only escalation where required",grid_resolved_capture,dual-timestep direct grid recovered a contiguous zero-origin capture boundary,False
4,9,True,2,"[0.0,0.25]",0.2,5e-06,2.5e-06,0,[],0.0,0.0,0.0,0.0,0.25,escaped,escaped,0.0,0.0,0.0,0.0,0.25,0.0,0.25,escaped,escaped,escaped,escaped,[],[],0,[],0,[],0,[],0,[],zero_threshold_confirmed_zero_capture,"base-search timeout evidence was superseded by the complete dual-timestep zero-threshold audit, including adaptive node-only escalation where required",confirmed_zero_capture,dual-timestep direct velocity scan contains no capture,False
4,10,True,2,"[0.0,0.25]",0.2,5e-06,2.5e-06,0,[],0.0,0.0,0.0,0.75,1.0,two_core_entries,escaped,0.0,0.75,0.75,0.75,1.0,0.75,1.0,two_core_entries,escaped,two_core_entries,escaped,[],[],0,[],0,[],0,[],0,[],zero_threshold_grid_resolved_capture,"base-search timeout evidence was superseded by the complete dual-timestep zero-threshold audit, including adaptive node-only escalation where required",grid_resolved_capture,dual-timestep direct grid recovered a contiguous zero-origin capture boundary,False
4,11,True,2,"[0.0,0.25]",0.2,5e-06,2.5e-06,0,[],0.0,0.0,0.0,4.5,4.75,two_core_entries,escaped,0.0,4.5,4.5,4.5,4.75,4.5,4.75,two_core_entries,escaped,two_core_entries,escaped,[],[],0,[],0,[],0,[],0,[],zero_threshold_grid_resolved_capture,"base-search timeout evidence was superseded by the complete dual-timestep zero-threshold audit, including adaptive node-only escalation where required",grid_resolved_capture,dual-timestep direct grid recovered a contiguous zero-origin capture boundary,False
4,12,True,2,"[0.0,0.25]",0.2,5e-06,2.5e-06,0,[],0.0,0.0,0.0,0.0,1.5,escaped,escaped,0.0,0.0,0.0,0.0,1.5,0.0,1.5,escaped,escaped,escaped,escaped,[],[],0,[],0,[],0,[],0,[],zero_threshold_velocity_resolved_capture,"base-search timeout evidence was superseded by the complete dual-timestep zero-threshold audit, including adaptive node-only escalation where required",velocity_resolved_capture,nonmonotone finite-speed capture retained as a direct boolean mask,True
4,13,True,2,"[0.0,0.25]",0.2,5e-06,2.5e-06,0,[],0.0,0.0,0.0,1.5,1.75,bounded_core_residence,escaped,0.0,1.5,1.5,1.5,1.75,1.5,1.75,bounded_core_residence,escaped,bounded_core_residence,escaped,[],[],0,[],0,[],0,[],0,[],zero_threshold_velocity_resolved_capture,"base-search timeout evidence was superseded by the complete dual-timestep zero-threshold audit, including adaptive node-only escalation where required",velocity_resolved_capture,dual-timestep direct grid recovered the zero-origin capture boundary and retained later nonmonotone capture as a boolean mask,True
4,14,True,2,"[0.0,0.25]",0.2,5e-06,2.5e-06,0,[],0.0,0.0,0.0,2.0,2.25,two_core_entries,escaped,0.0,2.0,2.0,2.0,2.25,2.0,2.25,two_core_entries,escaped,two_core_entries,escaped,[],[],0,[],0,[],0,[],0,[],zero_threshold_grid_resolved_capture,"base-search timeout evidence was superseded by the complete dual-timestep zero-threshold audit, including adaptive node-only escalation where required",grid_resolved_capture,dual-timestep direct grid recovered a contiguous zero-origin capture boundary,False
4,15,True,2,"[0.0,0.25]",0.2,5e-06,2.5e-06,0,[],0.0,0.0,0.0,5.25,5.5,two_core_entries,escaped,0.0,5.25,5.25,5.25,5.5,5.25,5.5,two_core_entries,escaped,two_core_entries,escaped,[],[],0,[],0,[],0,[],0,[],zero_threshold_grid_resolved_capture,"base-search timeout evidence was superseded by the complete dual-timestep zero-threshold audit, including adaptive node-only escalation where required",grid_resolved_capture,dual-timestep direct grid recovered a contiguous zero-origin capture boundary,False
4,16,True,2,"[0.0,0.25]",0.2,5e-06,2.5e-06,0,[],0.0,0.0,0.0,0.0,0.25,escaped,escaped,0.0,0.0,0.0,0.0,0.25,0.0,0.25,escaped,escaped,escaped,escaped,[],[],0,[],0,[],0,[],0,[],zero_threshold_velocity_resolved_capture,"base-search timeout evidence was superseded by the complete dual-timestep zero-threshold audit, including adaptive node-only escalation where required",velocity_resolved_capture,nonmonotone finite-speed capture retained as a direct boolean mask,True
4,17,True,2,"[0.0,0.25]",0.2,5e-06,2.5e-06,0,[],0.0,0.0,0.0,2.75,3.0,two_core_entries,escaped,0.0,2.75,2.75,2.75,3.0,2.75,3.0,two_core_entries,escaped,two_core_entries,escaped,[],[],0,[],0,[],0,[],0,[],zero_threshold_grid_resolved_capture,"base-search timeout evidence was superseded by the complete dual-timestep zero-threshold audit, including adaptive node-only escalation where required",grid_resolved_capture,dual-timestep direct grid recovered a contiguous zero-origin capture boundary,False
4,18,True,2,"[0.0,0.25]",0.2,5e-06,2.5e-06,0,[],0.0,0.0,0.0,1.25,1.5,two_core_entries,escaped,0.0,1.25,1.25,1.25,1.5,1.25,1.5,two_core_entries,escaped,two_core_entries,escaped,[],[],0,[],0,[],0,[],0,[],zero_threshold_velocity_resolved_capture,"base-search timeout evidence was superseded by the complete dual-timestep zero-threshold audit, including adaptive node-only escalation where required",velocity_resolved_capture,dual-timestep direct grid recovered the zero-origin capture boundary and retained later nonmonotone capture as a boolean mask,True
4,19,True,2,"[0.0,0.25]",0.2,5e-06,2.5e-06,0,[],0.0,0.0,0.0,1.0,1.25,two_core_entries,escaped,0.0,1.0,1.0,1.0,1.25,1.0,1.25,two_core_entries,escaped,two_core_entries,escaped,[],[],0,[],0,[],0,[],0,[],zero_threshold_grid_resolved_capture,"base-search timeout evidence was superseded by the complete dual-timestep zero-threshold audit, including adaptive node-only escalation where required",grid_resolved_capture,dual-timestep direct grid recovered a contiguous zero-origin capture boundary,False
4,20,True,2,"[0.0,0.25]",0.2,5e-06,2.5e-06,0,[],0.0,0.0,0.0,0.0,1.75,escaped,escaped,0.0,0.0,0.0,0.0,1.75,0.0,1.75,escaped,escaped,escaped,escaped,[],[],0,[],0,[],0,[],0,[],zero_threshold_velocity_resolved_capture,"base-search timeout evidence was superseded by the complete dual-timestep zero-threshold audit, including adaptive node-only escalation where required",velocity_resolved_capture,nonmonotone finite-speed capture retained as a direct boolean mask,True
4,21,True,2,"[0.0,0.25]",0.2,5e-06,2.5e-06,0,[],0.0,0.0,0.0,0.75,1.0,two_core_entries,escaped,0.0,0.75,0.75,0.75,1.0,0.75,1.0,two_core_entries,escaped,two_core_entries,escaped,[],[],0,[],0,[],0,[],0,[],zero_threshold_grid_resolved_capture,"base-search timeout evidence was superseded by the complete dual-timestep zero-threshold audit, including adaptive node-only escalation where required",grid_resolved_capture,dual-timestep direct grid recovered a contiguous zero-origin capture boundary,False
4,22,True,2,"[0.0,0.25]",0.2,5e-06,2.5e-06,0,[],0.0,0.0,0.0,5.0,5.25,bounded_core_residence,escaped,0.0,5.0,5.0,5.0,5.25,5.0,5.25,bounded_core_residence,escaped,bounded_core_residence,escaped,[],[],0,[],0,[],0,[],0,[],zero_threshold_grid_resolved_capture,"base-search timeout evidence was superseded by the complete dual-timestep zero-threshold audit, including adaptive node-only escalation where required",grid_resolved_capture,dual-timestep direct grid recovered a contiguous zero-origin capture boundary,False
4,23,True,2,"[0.0,0.25]",0.2,5e-06,2.5e-06,0,[],0.0,0.0,0.0,0.0,1.0,escaped,escaped,0.0,0.0,0.0,0.0,1.0,0.0,1.0,escaped,escaped,escaped,escaped,[],[],0,[],0,[],0,[],0,[],zero_threshold_velocity_resolved_capture,"base-search timeout evidence was superseded by the complete dual-timestep zero-threshold audit, including adaptive node-only escalation where required",velocity_resolved_capture,nonmonotone finite-speed capture retained as a direct boolean mask,True
4,24,True,2,"[0.0,0.25]",0.2,5e-06,2.5e-06,0,[],0.0,0.0,0.0,3.5,3.75,two_core_entries,escaped,0.0,3.5,3.5,3.5,3.75,3.5,3.75,two_core_entries,escaped,two_core_entries,escaped,[],[],0,[],0,[],0,[],0,[],zero_threshold_grid_resolved_capture,"base-search timeout evidence was superseded by the complete dual-timestep zero-threshold audit, including adaptive node-only escalation where required",grid_resolved_capture,dual-timestep direct grid recovered a contiguous zero-origin capture boundary,False
5,0,True,2,"[0.0,0.25]",0.2,5e-06,2.5e-06,0,[],0.0,0.0,0.0,0.75,1.0,two_core_entries,escaped,0.0,0.75,0.75,0.75,1.0,0.75,1.0,two_core_entries,escaped,two_core_entries,escaped,[],[],0,[],0,[],0,[],0,[],zero_threshold_grid_resolved_capture,"base-search timeout evidence was superseded by the complete dual-timestep zero-threshold audit, including adaptive node-only escalation where required",grid_resolved_capture,dual-timestep direct grid recovered a contiguous zero-origin capture boundary,False
5,1,True,2,"[0.0,0.25]",0.2,5e-06,2.5e-06,0,[],0.0,0.0,0.0,0.75,1.0,two_core_entries,escaped,0.0,0.75,0.75,0.75,1.0,0.75,1.0,two_core_entries,escaped,two_core_entries,escaped,[],[],0,[],0,[],0,[],0,[],zero_threshold_grid_resolved_capture,"base-search timeout evidence was superseded by the complete dual-timestep zero-threshold audit, including adaptive node-only escalation where required",grid_resolved_capture,dual-timestep direct grid recovered a contiguous zero-origin capture boundary,False
5,2,True,1,[0.0],0.2,5e-06,2.5e-06,0,[],0.0,0.0,0.0,0.75,1.0,two_core_entries,escaped,0.0,0.75,0.75,0.75,1.0,0.75,1.0,two_core_entries,escaped,two_core_entries,escaped,[],[],0,[],0,[],0,[],0,[],zero_threshold_grid_resolved_capture,"base-search timeout evidence was superseded by the complete dual-timestep zero-threshold audit, including adaptive node-only escalation where required",grid_resolved_capture,dual-timestep direct grid recovered a contiguous zero-origin capture boundary,False
5,3,True,2,"[0.0,0.25]",0.2,5e-06,2.5e-06,0,[],0.0,0.0,0.0,0.5,0.75,two_core_entries,escaped,0.0,0.5,0.5,0.5,0.75,0.5,0.75,two_core_entries,escaped,two_core_entries,escaped,[],[],0,[],0,[],0,[],0,[],zero_threshold_grid_resolved_capture,"base-search timeout evidence was superseded by the complete dual-timestep zero-threshold audit, including adaptive node-only escalation where required",grid_resolved_capture,dual-timestep direct grid recovered a contiguous zero-origin capture boundary,False
5,4,True,2,"[0.0,0.25]",0.2,5e-06,2.5e-06,0,[],0.0,0.0,0.0,0.5,0.75,two_core_entries,escaped,0.0,0.5,0.5,0.5,0.75,0.5,0.75,two_core_entries,escaped,two_core_entries,escaped,[],[],0,[],0,[],0,[],0,[],zero_threshold_grid_resolved_capture,"base-search timeout evidence was superseded by the complete dual-timestep zero-threshold audit, including adaptive node-only escalation where required",grid_resolved_capture,dual-timestep direct grid recovered a contiguous zero-origin capture boundary,False
5,5,True,2,"[0.0,0.25]",0.2,5e-06,2.5e-06,0,[],0.0,0.0,0.0,0.75,1.0,two_core_entries,escaped,0.0,0.75,0.75,0.75,1.0,0.75,1.0,two_core_entries,escaped,two_core_entries,escaped,[],[],0,[],0,[],0,[],0,[],zero_threshold_grid_resolved_capture,"base-search timeout evidence was superseded by the complete dual-timestep zero-threshold audit, including adaptive node-only escalation where required",grid_resolved_capture,dual-timestep direct grid recovered a contiguous zero-origin capture boundary,False
5,6,True,2,"[0.0,0.25]",0.2,5e-06,2.5e-06,0,[],0.0,0.0,0.0,0.75,1.0,two_core_entries,escaped,0.0,0.75,0.75,0.75,1.0,0.75,1.0,two_core_entries,escaped,two_core_entries,escaped,[],[],0,[],0,[],0,[],0,[],zero_threshold_grid_resolved_capture,"base-search timeout evidence was superseded by the complete dual-timestep zero-threshold audit, including adaptive node-only escalation where required",grid_resolved_capture,dual-timestep direct grid recovered a contiguous zero-origin capture boundary,False
5,7,True,2,"[0.0,0.25]",0.2,5e-06,2.5e-06,0,[],0.0,0.0,0.0,0.25,0.5,bounded_core_residence,escaped,0.0,0.25,0.25,0.25,0.5,0.25,0.5,bounded_core_residence,escaped,bounded_core_residence,escaped,[],[],0,[],0,[],0,[],0,[],zero_threshold_grid_resolved_capture,"base-search timeout evidence was superseded by the complete dual-timestep zero-threshold audit, including adaptive node-only escalation where required",grid_resolved_capture,dual-timestep direct grid recovered a contiguous zero-origin capture boundary,False
5,8,True,2,"[0.0,0.25]",0.2,5e-06,2.5e-06,0,[],0.0,0.0,0.0,0.0,1.0,escaped,escaped,0.0,0.0,0.0,0.0,1.0,0.0,1.0,escaped,escaped,escaped,escaped,[],[],0,[],0,[],0,[],0,[],zero_threshold_velocity_resolved_capture,"base-search timeout evidence was superseded by the complete dual-timestep zero-threshold audit, including adaptive node-only escalation where required",velocity_resolved_capture,nonmonotone finite-speed capture retained as a direct boolean mask,True
5,9,True,2,"[0.0,0.25]",0.2,5e-06,2.5e-06,0,[],0.0,0.0,0.0,1.0,1.25,two_core_entries,escaped,0.0,1.0,1.0,1.0,1.25,1.0,1.25,two_core_entries,escaped,two_core_entries,escaped,[],[],0,[],0,[],0,[],0,[],zero_threshold_grid_resolved_capture,"base-search timeout evidence was superseded by the complete dual-timestep zero-threshold audit, including adaptive node-only escalation where required",grid_resolved_capture,dual-timestep direct grid recovered a contiguous zero-origin capture boundary,False
5,10,True,3,"[0.6201171875,0.625,0.927734375]",0.2,5e-06,2.5e-06,0,[],0.0,0.0,0.0,0.7763671875,0.927734375,two_core_entries,escaped,0.46630859375,0.7763671875,0.7763671875,0.7763671875,0.927734375,0.7763671875,0.927734375,two_core_entries,escaped,two_core_entries,escaped,"[{""speed_m_per_s"":0.6201171875,""trapped"":true,""termination_reason"":""two_core_entries""},{""speed_m_per_s"":0.625,""trapped"":true,""termination_reason"":""two_core_entries""},{""speed_m_per_s"":0.927734375,""trapped"":false,""termination_reason"":""escaped""}]","[{""speed_m_per_s"":0.6201171875,""trapped"":true,""termination_reason"":""two_core_entries""},{""speed_m_per_s"":0.625,""trapped"":true,""termination_reason"":""two_core_entries""},{""speed_m_per_s"":0.927734375,""trapped"":false,""termination_reason"":""escaped""}]",0,[],0,[],0,[],0,[],dual_step_research_recovered_boundary,"targeted timeout-node or endpoint evidence changed or remained non-definitive; complete 200 ms coarse/fine searches recovered compatible definitive brackets, and any internally censored nodes were resolved by the bounded adaptive dual-timestep hierarchy",not_applicable,positive scalar capture threshold,False
5,11,True,2,"[0.0,0.25]",0.2,5e-06,2.5e-06,0,[],0.0,0.0,0.0,1.0,1.25,bounded_core_residence,escaped,0.0,1.0,1.0,1.0,1.25,1.0,1.25,bounded_core_residence,escaped,bounded_core_residence,escaped,[],[],0,[],0,[],0,[],0,[],zero_threshold_grid_resolved_capture,"base-search timeout evidence was superseded by the complete dual-timestep zero-threshold audit, including adaptive node-only escalation where required",grid_resolved_capture,dual-timestep direct grid recovered a contiguous zero-origin capture boundary,False
5,12,True,2,"[0.0,0.25]",0.2,5e-06,2.5e-06,0,[],0.0,0.0,0.0,0.75,1.0,two_core_entries,escaped,0.0,0.75,0.75,0.75,1.0,0.75,1.0,two_core_entries,escaped,two_core_entries,escaped,[],[],0,[],0,[],0,[],0,[],zero_threshold_grid_resolved_capture,"base-search timeout evidence was superseded by the complete dual-timestep zero-threshold audit, including adaptive node-only escalation where required",grid_resolved_capture,dual-timestep direct grid recovered a contiguous zero-origin capture boundary,False
5,13,True,2,"[0.0,0.25]",0.2,5e-06,2.5e-06,0,[],0.0,0.0,0.0,0.75,1.0,two_core_entries,escaped,0.0,0.75,0.75,0.75,1.0,0.75,1.0,two_core_entries,escaped,two_core_entries,escaped,[],[],0,[],0,[],0,[],0,[],zero_threshold_grid_resolved_capture,"base-search timeout evidence was superseded by the complete dual-timestep zero-threshold audit, including adaptive node-only escalation where required",grid_resolved_capture,dual-timestep direct grid recovered a contiguous zero-origin capture boundary,False
5,14,True,2,"[0.0,0.25]",0.2,5e-06,2.5e-06,0,[],0.0,0.0,0.0,0.0,0.25,bounded_core_residence,escaped,0.0,0.0,0.0,0.0,0.25,0.0,0.25,bounded_core_residence,escaped,bounded_core_residence,escaped,[],[],0,[],0,[],0,[],0,[],zero_threshold_grid_resolved_capture,"base-search timeout evidence was superseded by the complete dual-timestep zero-threshold audit, including adaptive node-only escalation where required",grid_resolved_capture,dual-timestep direct grid recovered a contiguous zero-origin capture boundary,False
5,15,True,2,"[0.0,0.25]",0.2,5e-06,2.5e-06,0,[],0.0,0.0,0.0,0.0,1.25,escaped,escaped,0.0,0.0,0.0,0.0,1.25,0.0,1.25,escaped,escaped,escaped,escaped,[],[],0,[],0,[],0,[],0,[],zero_threshold_velocity_resolved_capture,"base-search timeout evidence was superseded by the complete dual-timestep zero-threshold audit, including adaptive node-only escalation where required",velocity_resolved_capture,nonmonotone finite-speed capture retained as a direct boolean mask,True
5,16,True,2,"[0.0,0.25]",0.2,5e-06,2.5e-06,0,[],0.0,0.0,0.0,1.0,1.25,two_core_entries,escaped,0.0,1.0,1.0,1.0,1.25,1.0,1.25,two_core_entries,escaped,two_core_entries,escaped,[],[],0,[],0,[],0,[],0,[],zero_threshold_grid_resolved_capture,"base-search timeout evidence was superseded by the complete dual-timestep zero-threshold audit, including adaptive node-only escalation where required",grid_resolved_capture,dual-timestep direct grid recovered a contiguous zero-origin capture boundary,False
5,17,True,2,"[0.0,0.25]",0.2,5e-06,2.5e-06,0,[],0.0,0.0,0.0,0.5,0.75,two_core_entries,escaped,0.0,0.5,0.5,0.5,0.75,0.5,0.75,two_core_entries,escaped,two_core_entries,escaped,[],[],0,[],0,[],0,[],0,[],zero_threshold_grid_resolved_capture,"base-search timeout evidence was superseded by the complete dual-timestep zero-threshold audit, including adaptive node-only escalation where required",grid_resolved_capture,dual-timestep direct grid recovered a contiguous zero-origin capture boundary,False
5,18,True,2,"[0.0,0.25]",0.2,5e-06,2.5e-06,0,[],0.0,0.0,0.0,0.75,1.0,two_core_entries,escaped,0.0,0.75,0.75,0.75,1.0,0.75,1.0,two_core_entries,escaped,two_core_entries,escaped,[],[],0,[],0,[],0,[],0,[],zero_threshold_grid_resolved_capture,"base-search timeout evidence was superseded by the complete dual-timestep zero-threshold audit, including adaptive node-only escalation where required",grid_resolved_capture,dual-timestep direct grid recovered a contiguous zero-origin capture boundary,False
5,19,True,2,"[0.0,0.25]",0.2,5e-06,2.5e-06,0,[],0.0,0.0,0.0,1.0,1.25,bounded_core_residence,escaped,0.0,1.0,1.0,1.0,1.25,1.0,1.25,bounded_core_residence,escaped,bounded_core_residence,escaped,[],[],0,[],0,[],0,[],0,[],zero_threshold_grid_resolved_capture,"base-search timeout evidence was superseded by the complete dual-timestep zero-threshold audit, including adaptive node-only escalation where required",grid_resolved_capture,dual-timestep direct grid recovered a contiguous zero-origin capture boundary,False
5,20,True,2,"[0.0,0.25]",0.2,5e-06,2.5e-06,0,[],0.0,0.0,0.0,0.75,1.0,two_core_entries,escaped,0.0,0.75,0.75,0.75,1.0,0.75,1.0,two_core_entries,escaped,two_core_entries,escaped,[],[],0,[],0,[],0,[],0,[],zero_threshold_grid_resolved_capture,"base-search timeout evidence was superseded by the complete dual-timestep zero-threshold audit, including adaptive node-only escalation where required",grid_resolved_capture,dual-timestep direct grid recovered a contiguous zero-origin capture boundary,False
5,21,True,2,"[0.0,0.25]",0.2,5e-06,2.5e-06,0,[],0.0,0.0,0.0,0.75,1.0,two_core_entries,escaped,0.0,0.75,0.75,0.75,1.0,0.75,1.0,two_core_entries,escaped,two_core_entries,escaped,[],[],0,[],0,[],0,[],0,[],zero_threshold_grid_resolved_capture,"base-search timeout evidence was superseded by the complete dual-timestep zero-threshold audit, including adaptive node-only escalation where required",grid_resolved_capture,dual-timestep direct grid recovered a contiguous zero-origin capture boundary,False
5,22,True,2,"[0.0,0.25]",0.2,5e-06,2.5e-06,0,[],0.0,0.0,0.0,0.75,1.0,bounded_core_residence,escaped,0.0,0.75,0.75,0.75,1.0,0.75,1.0,bounded_core_residence,escaped,bounded_core_residence,escaped,[],[],0,[],0,[],0,[],0,[],zero_threshold_grid_resolved_capture,"base-search timeout evidence was superseded by the complete dual-timestep zero-threshold audit, including adaptive node-only escalation where required",grid_resolved_capture,dual-timestep direct grid recovered a contiguous zero-origin capture boundary,False
5,23,True,2,"[0.0,0.25]",0.2,5e-06,2.5e-06,0,[],0.0,0.0,0.0,1.0,1.25,bounded_core_residence,escaped,0.0,1.0,1.0,1.0,1.25,1.0,1.25,bounded_core_residence,escaped,bounded_core_residence,escaped,[],[],0,[],0,[],0,[],0,[],zero_threshold_grid_resolved_capture,"base-search timeout evidence was superseded by the complete dual-timestep zero-threshold audit, including adaptive node-only escalation where required",grid_resolved_capture,dual-timestep direct grid recovered a contiguous zero-origin capture boundary,False
5,24,True,2,"[0.0,0.25]",0.2,5e-06,2.5e-06,0,[],0.0,0.0,0.0,1.0,1.25,two_core_entries,escaped,0.0,1.0,1.0,1.0,1.25,1.0,1.25,two_core_entries,escaped,two_core_entries,escaped,[],[],0,[],0,[],0,[],0,[],zero_threshold_grid_resolved_capture,"base-search timeout evidence was superseded by the complete dual-timestep zero-threshold audit, including adaptive node-only escalation where required",grid_resolved_capture,dual-timestep direct grid recovered a contiguous zero-origin capture boundary,False
6,0,True,2,"[0.0,0.25]",0.2,5e-06,2.5e-06,0,[],0.0,0.0,0.0,0.75,1.0,two_core_entries,escaped,0.0,0.75,0.75,0.75,1.0,0.75,1.0,two_core_entries,escaped,two_core_entries,escaped,[],[],0,[],0,[],0,[],0,[],zero_threshold_grid_resolved_capture,"base-search timeout evidence was superseded by the complete dual-timestep zero-threshold audit, including adaptive node-only escalation where required",grid_resolved_capture,dual-timestep direct grid recovered a contiguous zero-origin capture boundary,False
6,1,True,2,"[0.0,0.25]",0.2,5e-06,2.5e-06,0,[],0.0,0.0,0.0,1.5,1.75,two_core_entries,escaped,0.0,1.5,1.5,1.5,1.75,1.5,1.75,two_core_entries,escaped,two_core_entries,escaped,[],[],0,[],0,[],0,[],0,[],zero_threshold_grid_resolved_capture,"base-search timeout evidence was superseded by the complete dual-timestep zero-threshold audit, including adaptive node-only escalation where required",grid_resolved_capture,dual-timestep direct grid recovered a contiguous zero-origin capture boundary,False
6,2,True,2,"[0.0,0.25]",0.2,5e-06,2.5e-06,0,[],0.0,0.0,0.0,0.0,0.75,escaped,escaped,0.0,0.0,0.0,0.0,0.75,0.0,0.75,escaped,escaped,escaped,escaped,[],[],0,[],0,[],0,[],0,[],zero_threshold_velocity_resolved_capture,"base-search timeout evidence was superseded by the complete dual-timestep zero-threshold audit, including adaptive node-only escalation where required",velocity_resolved_capture,nonmonotone finite-speed capture retained as a direct boolean mask,True
6,3,True,2,"[0.0,0.25]",0.2,5e-06,2.5e-06,0,[],0.0,0.0,0.0,0.75,1.0,two_core_entries,escaped,0.0,0.75,0.75,0.75,1.0,0.75,1.0,two_core_entries,escaped,two_core_entries,escaped,[],[],0,[],0,[],0,[],0,[],zero_threshold_velocity_resolved_capture,"base-search timeout evidence was superseded by the complete dual-timestep zero-threshold audit, including adaptive node-only escalation where required",velocity_resolved_capture,dual-timestep direct grid recovered the zero-origin capture boundary and retained later nonmonotone capture as a boolean mask,True
6,4,True,2,"[0.0,0.25]",0.2,5e-06,2.5e-06,0,[],0.0,0.0,0.0,0.0,1.0,escaped,escaped,0.0,0.0,0.0,0.0,1.0,0.0,1.0,escaped,escaped,escaped,escaped,[],[],0,[],0,[],0,[],0,[],zero_threshold_velocity_resolved_capture,"base-search timeout evidence was superseded by the complete dual-timestep zero-threshold audit, including adaptive node-only escalation where required",velocity_resolved_capture,nonmonotone finite-speed capture retained as a direct boolean mask,True
6,5,True,2,"[0.0,0.25]",0.2,5e-06,2.5e-06,0,[],0.0,0.0,0.0,0.0,0.75,escaped,escaped,0.0,0.0,0.0,0.0,0.75,0.0,0.75,escaped,escaped,escaped,escaped,[],[],0,[],0,[],0,[],0,[],zero_threshold_velocity_resolved_capture,"base-search timeout evidence was superseded by the complete dual-timestep zero-threshold audit, including adaptive node-only escalation where required",velocity_resolved_capture,nonmonotone finite-speed capture retained as a direct boolean mask,True
6,6,True,2,"[0.0,0.25]",0.2,5e-06,2.5e-06,0,[],0.0,0.0,0.0,1.25,1.5,two_core_entries,escaped,0.0,1.25,1.25,1.25,1.5,1.25,1.5,two_core_entries,escaped,two_core_entries,escaped,[],[],0,[],0,[],0,[],0,[],zero_threshold_grid_resolved_capture,"base-search timeout evidence was superseded by the complete dual-timestep zero-threshold audit, including adaptive node-only escalation where required",grid_resolved_capture,dual-timestep direct grid recovered a contiguous zero-origin capture boundary,False
6,7,True,2,"[0.0,0.25]",0.2,5e-06,2.5e-06,0,[],0.0,0.0,0.0,1.25,1.5,two_core_entries,escaped,0.0,1.25,1.25,1.25,1.5,1.25,1.5,two_core_entries,escaped,two_core_entries,escaped,[],[],0,[],0,[],0,[],0,[],zero_threshold_grid_resolved_capture,"base-search timeout evidence was superseded by the complete dual-timestep zero-threshold audit, including adaptive node-only escalation where required",grid_resolved_capture,dual-timestep direct grid recovered a contiguous zero-origin capture boundary,False
6,8,True,2,"[0.0,0.25]",0.2,5e-06,2.5e-06,0,[],0.0,0.0,0.0,1.25,1.5,two_core_entries,escaped,0.0,1.25,1.25,1.25,1.5,1.25,1.5,two_core_entries,escaped,two_core_entries,escaped,[],[],0,[],0,[],0,[],0,[],zero_threshold_grid_resolved_capture,"base-search timeout evidence was superseded by the complete dual-timestep zero-threshold audit, including adaptive node-only escalation where required",grid_resolved_capture,dual-timestep direct grid recovered a contiguous zero-origin capture boundary,False
6,9,True,2,"[0.0,0.25]",0.2,5e-06,2.5e-06,0,[],0.0,0.0,0.0,0.0,1.0,escaped,escaped,0.0,0.0,0.0,0.0,1.0,0.0,1.0,escaped,escaped,escaped,escaped,[],[],0,[],0,[],0,[],0,[],zero_threshold_velocity_resolved_capture,"base-search timeout evidence was superseded by the complete dual-timestep zero-threshold audit, including adaptive node-only escalation where required",velocity_resolved_capture,nonmonotone finite-speed capture retained as a direct boolean mask,True
6,10,True,2,"[0.0,0.25]",0.2,5e-06,2.5e-06,0,[],0.0,0.0,0.0,1.0,1.25,two_core_entries,escaped,0.0,1.0,1.0,1.0,1.25,1.0,1.25,two_core_entries,escaped,two_core_entries,escaped,[],[],0,[],0,[],0,[],0,[],zero_threshold_grid_resolved_capture,"base-search timeout evidence was superseded by the complete dual-timestep zero-threshold audit, including adaptive node-only escalation where required",grid_resolved_capture,dual-timestep direct grid recovered a contiguous zero-origin capture boundary,False
6,11,True,2,"[0.0,0.25]",0.2,5e-06,2.5e-06,0,[],0.0,0.0,0.0,1.5,1.75,bounded_core_residence,escaped,0.0,1.5,1.5,1.5,1.75,1.5,1.75,bounded_core_residence,escaped,bounded_core_residence,escaped,[],[],0,[],0,[],0,[],0,[],zero_threshold_grid_resolved_capture,"base-search timeout evidence was superseded by the complete dual-timestep zero-threshold audit, including adaptive node-only escalation where required",grid_resolved_capture,dual-timestep direct grid recovered a contiguous zero-origin capture boundary,False
6,12,True,2,"[0.0,0.25]",0.2,5e-06,2.5e-06,0,[],0.0,0.0,0.0,0.0,1.0,escaped,escaped,0.0,0.0,0.0,0.0,1.0,0.0,1.0,escaped,escaped,escaped,escaped,[],[],0,[],0,[],0,[],0,[],zero_threshold_velocity_resolved_capture,"base-search timeout evidence was superseded by the complete dual-timestep zero-threshold audit, including adaptive node-only escalation where required",velocity_resolved_capture,nonmonotone finite-speed capture retained as a direct boolean mask,True
6,13,True,2,"[0.0,0.25]",0.2,5e-06,2.5e-06,0,[],0.0,0.0,0.0,0.0,0.75,escaped,escaped,0.0,0.0,0.0,0.0,0.75,0.0,0.75,escaped,escaped,escaped,escaped,[],[],0,[],0,[],0,[],0,[],zero_threshold_velocity_resolved_capture,"base-search timeout evidence was superseded by the complete dual-timestep zero-threshold audit, including adaptive node-only escalation where required",velocity_resolved_capture,nonmonotone finite-speed capture retained as a direct boolean mask,True
6,14,True,1,[0.0],0.2,5e-06,2.5e-06,0,[],0.0,0.0,0.0,1.0,1.25,two_core_entries,escaped,0.0,1.0,1.0,1.0,1.25,1.0,1.25,two_core_entries,escaped,two_core_entries,escaped,[],[],0,[],0,[],0,[],0,[],zero_threshold_grid_resolved_capture,"base-search timeout evidence was superseded by the complete dual-timestep zero-threshold audit, including adaptive node-only escalation where required",grid_resolved_capture,dual-timestep direct grid recovered a contiguous zero-origin capture boundary,False
6,15,True,2,"[0.0,0.25]",0.2,5e-06,2.5e-06,0,[],0.0,0.0,0.0,0.5,0.75,bounded_core_residence,escaped,0.0,0.5,0.5,0.5,0.75,0.5,0.75,bounded_core_residence,escaped,bounded_core_residence,escaped,[],[],0,[],0,[],0,[],0,[],zero_threshold_grid_resolved_capture,"base-search timeout evidence was superseded by the complete dual-timestep zero-threshold audit, including adaptive node-only escalation where required",grid_resolved_capture,dual-timestep direct grid recovered a contiguous zero-origin capture boundary,False
6,16,True,2,"[0.0,0.25]",0.2,5e-06,2.5e-06,0,[],0.0,0.0,0.0,1.25,1.5,two_core_entries,escaped,0.0,1.25,1.25,1.25,1.5,1.25,1.5,two_core_entries,escaped,two_core_entries,escaped,[],[],0,[],0,[],0,[],0,[],zero_threshold_grid_resolved_capture,"base-search timeout evidence was superseded by the complete dual-timestep zero-threshold audit, including adaptive node-only escalation where required",grid_resolved_capture,dual-timestep direct grid recovered a contiguous zero-origin capture boundary,False
6,17,True,2,"[0.0,0.25]",0.2,5e-06,2.5e-06,0,[],0.0,0.0,0.0,0.0,0.75,escaped,escaped,0.0,0.0,0.0,0.0,0.75,0.0,0.75,escaped,escaped,escaped,escaped,[],[],0,[],0,[],0,[],0,[],zero_threshold_velocity_resolved_capture,"base-search timeout evidence was superseded by the complete dual-timestep zero-threshold audit, including adaptive node-only escalation where required",velocity_resolved_capture,nonmonotone finite-speed capture retained as a direct boolean mask,True
6,18,True,2,"[0.0,0.25]",0.2,5e-06,2.5e-06,0,[],0.0,0.0,0.0,1.25,1.5,two_core_entries,escaped,0.0,1.25,1.25,1.25,1.5,1.25,1.5,two_core_entries,escaped,two_core_entries,escaped,[],[],0,[],0,[],0,[],0,[],zero_threshold_grid_resolved_capture,"base-search timeout evidence was superseded by the complete dual-timestep zero-threshold audit, including adaptive node-only escalation where required",grid_resolved_capture,dual-timestep direct grid recovered a contiguous zero-origin capture boundary,False
6,19,True,2,"[0.0,0.25]",0.2,5e-06,2.5e-06,0,[],0.0,0.0,0.0,0.75,1.0,two_core_entries,escaped,0.0,0.75,0.75,0.75,1.0,0.75,1.0,two_core_entries,escaped,two_core_entries,escaped,[],[],0,[],0,[],0,[],0,[],zero_threshold_grid_resolved_capture,"base-search timeout evidence was superseded by the complete dual-timestep zero-threshold audit, including adaptive node-only escalation where required",grid_resolved_capture,dual-timestep direct grid recovered a contiguous zero-origin capture boundary,False
6,20,True,2,"[0.0,0.25]",0.2,5e-06,2.5e-06,0,[],0.0,0.0,0.0,0.25,0.5,two_core_entries,escaped,0.0,0.25,0.25,0.25,0.5,0.25,0.5,two_core_entries,escaped,two_core_entries,escaped,[],[],0,[],0,[],0,[],0,[],zero_threshold_grid_resolved_capture,"base-search timeout evidence was superseded by the complete dual-timestep zero-threshold audit, including adaptive node-only escalation where required",grid_resolved_capture,dual-timestep direct grid recovered a contiguous zero-origin capture boundary,False
6,21,True,2,"[0.0,0.25]",0.2,5e-06,2.5e-06,0,[],0.0,0.0,0.0,0.0,1.25,escaped,escaped,0.0,0.0,0.0,0.0,1.25,0.0,1.25,escaped,escaped,escaped,escaped,[],[],0,[],0,[],0,[],0,[],zero_threshold_velocity_resolved_capture,"base-search timeout evidence was superseded by the complete dual-timestep zero-threshold audit, including adaptive node-only escalation where required",velocity_resolved_capture,nonmonotone finite-speed capture retained as a direct boolean mask,True
6,22,True,2,"[0.0,0.25]",0.2,5e-06,2.5e-06,0,[],0.0,0.0,0.0,0.0,0.25,escaped,escaped,0.0,0.0,0.0,0.0,0.25,0.0,0.25,escaped,escaped,escaped,escaped,[],[],0,[],0,[],0,[],0,[],zero_threshold_confirmed_zero_capture,"base-search timeout evidence was superseded by the complete dual-timestep zero-threshold audit, including adaptive node-only escalation where required",confirmed_zero_capture,dual-timestep direct velocity scan contains no capture,False
6,23,True,2,"[0.0,0.25]",0.2,5e-06,2.5e-06,0,[],0.0,0.0,0.0,0.0,0.5,escaped,escaped,0.0,0.0,0.0,0.0,0.5,0.0,0.5,escaped,escaped,escaped,escaped,[],[],0,[],0,[],0,[],0,[],zero_threshold_velocity_resolved_capture,"base-search timeout evidence was superseded by the complete dual-timestep zero-threshold audit, including adaptive node-only escalation where required",velocity_resolved_capture,nonmonotone finite-speed capture retained as a direct boolean mask,True
6,24,True,2,"[0.0,0.25]",0.2,5e-06,2.5e-06,0,[],0.0,0.0,0.0,0.0,0.75,escaped,escaped,0.0,0.0,0.0,0.0,0.75,0.0,0.75,escaped,escaped,escaped,escaped,[],[],0,[],0,[],0,[],0,[],zero_threshold_velocity_resolved_capture,"base-search timeout evidence was superseded by the complete dual-timestep zero-threshold audit, including adaptive node-only escalation where required",velocity_resolved_capture,nonmonotone finite-speed capture retained as a direct boolean mask,True
7,0,True,2,"[0.0,0.25]",0.2,5e-06,2.5e-06,0,[],0.0,0.0,0.0,0.0,0.75,escaped,escaped,0.0,0.0,0.0,0.0,0.75,0.0,0.75,escaped,escaped,escaped,escaped,[],[],0,[],0,[],0,[],0,[],zero_threshold_velocity_resolved_capture,"base-search timeout evidence was superseded by the complete dual-timestep zero-threshold audit, including adaptive node-only escalation where required",velocity_resolved_capture,nonmonotone finite-speed capture retained as a direct boolean mask,True
7,1,True,2,"[0.0,0.25]",0.2,5e-06,2.5e-06,0,[],0.0,0.0,0.0,0.75,1.0,bounded_core_residence,escaped,0.0,0.75,0.75,0.75,1.0,0.75,1.0,bounded_core_residence,escaped,bounded_core_residence,escaped,[],[],0,[],0,[],0,[],0,[],zero_threshold_grid_resolved_capture,"base-search timeout evidence was superseded by the complete dual-timestep zero-threshold audit, including adaptive node-only escalation where required",grid_resolved_capture,dual-timestep direct grid recovered a contiguous zero-origin capture boundary,False
7,2,True,2,"[0.0,0.25]",0.2,5e-06,2.5e-06,0,[],0.0,0.0,0.0,1.25,1.5,two_core_entries,escaped,0.0,1.25,1.25,1.25,1.5,1.25,1.5,two_core_entries,escaped,two_core_entries,escaped,[],[],0,[],0,[],0,[],0,[],zero_threshold_grid_resolved_capture,"base-search timeout evidence was superseded by the complete dual-timestep zero-threshold audit, including adaptive node-only escalation where required",grid_resolved_capture,dual-timestep direct grid recovered a contiguous zero-origin capture boundary,False
7,3,True,2,"[0.0,0.25]",0.2,5e-06,2.5e-06,0,[],0.0,0.0,0.0,0.0,0.25,escaped,escaped,0.0,0.0,0.0,0.0,0.25,0.0,0.25,escaped,escaped,escaped,escaped,[],[],0,[],0,[],0,[],0,[],zero_threshold_velocity_resolved_capture,"base-search timeout evidence was superseded by the complete dual-timestep zero-threshold audit, including adaptive node-only escalation where required",velocity_resolved_capture,nonmonotone finite-speed capture retained as a direct boolean mask,True
7,4,True,2,"[0.0,0.25]",0.2,5e-06,2.5e-06,0,[],0.0,0.0,0.0,0.0,1.5,escaped,escaped,0.0,0.0,0.0,0.0,1.5,0.0,1.5,escaped,escaped,escaped,escaped,[],[],0,[],0,[],0,[],0,[],zero_threshold_velocity_resolved_capture,"base-search timeout evidence was superseded by the complete dual-timestep zero-threshold audit, including adaptive node-only escalation where required",velocity_resolved_capture,nonmonotone finite-speed capture retained as a direct boolean mask,True
7,5,True,2,"[0.0,0.25]",0.2,5e-06,2.5e-06,0,[],0.0,0.0,0.0,1.25,1.5,two_core_entries,escaped,0.0,1.25,1.25,1.25,1.5,1.25,1.5,two_core_entries,escaped,two_core_entries,escaped,[],[],0,[],0,[],0,[],0,[],zero_threshold_grid_resolved_capture,"base-search timeout evidence was superseded by the complete dual-timestep zero-threshold audit, including adaptive node-only escalation where required",grid_resolved_capture,dual-timestep direct grid recovered a contiguous zero-origin capture boundary,False
7,6,True,2,"[0.0,0.25]",0.2,5e-06,2.5e-06,1,"[{""level_index"":1,""duration_s"":0.25,""coarse_time_step_s"":5e-06,""fine_time_step_s"":2.5e-06,""velocity_m_per_s"":0.75,""resolved"":true,""coarse_result"":{""trapped"":false,""termination_reason"":""escaped"",""elapsed_time_s"":0.20135500000013098,""minimum_radius_m"":0.005000910923040055,""final_radius_m"":0.03000018105830174,""final_position_m"":[-0.020824782488434664,-0.012373626290949645,-0.017698380441503427],""final_velocity_m_per_s"":[-0.681065107509373,-0.0667493807834734,-0.5591791140487173],""entered_trap_core"":false,""core_entry_count"":0},""fine_result"":{""trapped"":false,""termination_reason"":""escaped"",""elapsed_time_s"":0.20135499999974232,""minimum_radius_m"":0.005000910923040127,""final_radius_m"":0.030000181058578598,""final_position_m"":[-0.02082478248922088,-0.012373626290243212,-0.017698380441541522],""final_velocity_m_per_s"":[-0.6810651075108975,-0.06674938076122111,-0.5591791140427519],""entered_trap_core"":false,""core_entry_count"":0}}]",0.25,5e-06,2.5e-06,0.5,0.75,two_core_entries,escaped,0.0,0.5,0.5,0.5,0.75,0.5,0.75,two_core_entries,escaped,two_core_entries,escaped,[],[],0,[],0,[],0,[],0,[],zero_threshold_grid_resolved_capture,"base-search timeout evidence was superseded by the complete dual-timestep zero-threshold audit, including adaptive node-only escalation where required",grid_resolved_capture,dual-timestep direct grid recovered a contiguous zero-origin capture boundary,False
7,7,True,2,"[0.0,0.25]",0.2,5e-06,2.5e-06,0,[],0.0,0.0,0.0,0.0,0.25,escaped,escaped,0.0,0.0,0.0,0.0,0.25,0.0,0.25,escaped,escaped,escaped,escaped,[],[],0,[],0,[],0,[],0,[],zero_threshold_velocity_resolved_capture,"base-search timeout evidence was superseded by the complete dual-timestep zero-threshold audit, including adaptive node-only escalation where required",velocity_resolved_capture,nonmonotone finite-speed capture retained as a direct boolean mask,True
7,8,True,1,[0.0],0.2,5e-06,2.5e-06,0,[],0.0,0.0,0.0,1.25,1.5,two_core_entries,escaped,0.0,1.25,1.25,1.25,1.5,1.25,1.5,two_core_entries,escaped,two_core_entries,escaped,[],[],0,[],0,[],0,[],0,[],zero_threshold_grid_resolved_capture,"base-search timeout evidence was superseded by the complete dual-timestep zero-threshold audit, including adaptive node-only escalation where required",grid_resolved_capture,dual-timestep direct grid recovered a contiguous zero-origin capture boundary,False
7,9,True,2,"[0.0,0.25]",0.2,5e-06,2.5e-06,0,[],0.0,0.0,0.0,0.0,0.25,escaped,escaped,0.0,0.0,0.0,0.0,0.25,0.0,0.25,escaped,escaped,escaped,escaped,[],[],0,[],0,[],0,[],0,[],zero_threshold_velocity_resolved_capture,"base-search timeout evidence was superseded by the complete dual-timestep zero-threshold audit, including adaptive node-only escalation where required",velocity_resolved_capture,nonmonotone finite-speed capture retained as a direct boolean mask,True
7,10,True,2,"[0.0,0.25]",0.2,5e-06,2.5e-06,1,"[{""level_index"":1,""duration_s"":0.25,""coarse_time_step_s"":5e-06,""fine_time_step_s"":2.5e-06,""velocity_m_per_s"":1.25,""resolved"":true,""coarse_result"":{""trapped"":true,""termination_reason"":""two_core_entries"",""elapsed_time_s"":0.2216550000001513,""minimum_radius_m"":0.001164512347626563,""final_radius_m"":0.0019992514125250303,""final_position_m"":[0.0004157973941356397,-0.00044751113331915204,-0.00190364191040982],""final_velocity_m_per_s"":[-0.14608679768538402,0.21650837702039658,0.21840464323105005],""entered_trap_core"":true,""core_entry_count"":2},""fine_result"":{""trapped"":true,""termination_reason"":""two_core_entries"",""elapsed_time_s"":0.22165249999964995,""minimum_radius_m"":0.0011645117717660597,""final_radius_m"":0.0019999682125341625,""final_position_m"":[0.0004161626004855992,-0.0004480524007821342,-0.0019041876449702962],""final_velocity_m_per_s"":[-0.14607825661620746,0.21650555524216245,0.21818295357490963],""entered_trap_core"":true,""core_entry_count"":2}}]",0.25,5e-06,2.5e-06,1.25,1.5,two_core_entries,escaped,0.0,1.25,1.25,1.25,1.5,1.25,1.5,two_core_entries,escaped,two_core_entries,escaped,[],[],0,[],0,[],0,[],0,[],zero_threshold_grid_resolved_capture,"base-search timeout evidence was superseded by the complete dual-timestep zero-threshold audit, including adaptive node-only escalation where required",grid_resolved_capture,dual-timestep direct grid recovered a contiguous zero-origin capture boundary,False
7,11,True,5,"[0.7763671875,0.927734375,1.23046875,1.25,1.8359375]",0.2,5e-06,2.5e-06,0,[],0.0,0.0,0.0,1.54296875,1.689453125,bounded_core_residence,escaped,0.625,1.54296875,1.54296875,1.54296875,1.689453125,1.54296875,1.689453125,bounded_core_residence,escaped,bounded_core_residence,escaped,"[{""speed_m_per_s"":0.7763671875,""trapped"":true,""termination_reason"":""bounded_core_residence""},{""speed_m_per_s"":0.927734375,""trapped"":true,""termination_reason"":""two_core_entries""},{""speed_m_per_s"":1.23046875,""trapped"":true,""termination_reason"":""bounded_core_residence""},{""speed_m_per_s"":1.25,""trapped"":true,""termination_reason"":""bounded_core_residence""},{""speed_m_per_s"":1.8359375,""trapped"":false,""termination_reason"":""escaped""}]","[{""speed_m_per_s"":0.7763671875,""trapped"":true,""termination_reason"":""bounded_core_residence""},{""speed_m_per_s"":0.927734375,""trapped"":true,""termination_reason"":""two_core_entries""},{""speed_m_per_s"":1.23046875,""trapped"":true,""termination_reason"":""bounded_core_residence""},{""speed_m_per_s"":1.25,""trapped"":true,""termination_reason"":""bounded_core_residence""},{""speed_m_per_s"":1.8359375,""trapped"":false,""termination_reason"":""escaped""}]",0,[],0,[],0,[],0,[],dual_step_research_recovered_boundary,"targeted timeout-node or endpoint evidence changed or remained non-definitive; complete 200 ms coarse/fine searches recovered compatible definitive brackets, and any internally censored nodes were resolved by the bounded adaptive dual-timestep hierarchy",not_applicable,positive scalar capture threshold,False
7,12,True,2,"[0.0,0.25]",0.2,5e-06,2.5e-06,0,[],0.0,0.0,0.0,1.25,1.5,two_core_entries,escaped,0.0,1.25,1.25,1.25,1.5,1.25,1.5,two_core_entries,escaped,two_core_entries,escaped,[],[],0,[],0,[],0,[],0,[],zero_threshold_grid_resolved_capture,"base-search timeout evidence was superseded by the complete dual-timestep zero-threshold audit, including adaptive node-only escalation where required",grid_resolved_capture,dual-timestep direct grid recovered a contiguous zero-origin capture boundary,False
7,13,True,1,[0.0],0.2,5e-06,2.5e-06,0,[],0.0,0.0,0.0,1.0,1.25,bounded_core_residence,escaped,0.0,1.0,1.0,1.0,1.25,1.0,1.25,bounded_core_residence,escaped,bounded_core_residence,escaped,[],[],0,[],0,[],0,[],0,[],zero_threshold_grid_resolved_capture,"base-search timeout evidence was superseded by the complete dual-timestep zero-threshold audit, including adaptive node-only escalation where required",grid_resolved_capture,dual-timestep direct grid recovered a contiguous zero-origin capture boundary,False
7,14,True,2,"[0.0,0.25]",0.2,5e-06,2.5e-06,0,[],0.0,0.0,0.0,0.5,0.75,two_core_entries,escaped,0.0,0.5,0.5,0.5,0.75,0.5,0.75,two_core_entries,escaped,two_core_entries,escaped,[],[],0,[],0,[],0,[],0,[],zero_threshold_grid_resolved_capture,"base-search timeout evidence was superseded by the complete dual-timestep zero-threshold audit, including adaptive node-only escalation where required",grid_resolved_capture,dual-timestep direct grid recovered a contiguous zero-origin capture boundary,False
7,15,True,2,"[0.0,0.25]",0.2,5e-06,2.5e-06,0,[],0.0,0.0,0.0,0.0,1.25,escaped,escaped,0.0,0.0,0.0,0.0,1.25,0.0,1.25,escaped,escaped,escaped,escaped,[],[],0,[],0,[],0,[],0,[],zero_threshold_velocity_resolved_capture,"base-search timeout evidence was superseded by the complete dual-timestep zero-threshold audit, including adaptive node-only escalation where required",velocity_resolved_capture,nonmonotone finite-speed capture retained as a direct boolean mask,True
7,16,True,2,"[0.0,0.25]",0.2,5e-06,2.5e-06,0,[],0.0,0.0,0.0,0.0,1.5,escaped,escaped,0.0,0.0,0.0,0.0,1.5,0.0,1.5,escaped,escaped,escaped,escaped,[],[],0,[],0,[],0,[],0,[],zero_threshold_velocity_resolved_capture,"base-search timeout evidence was superseded by the complete dual-timestep zero-threshold audit, including adaptive node-only escalation where required",velocity_resolved_capture,nonmonotone finite-speed capture retained as a direct boolean mask,True
7,17,True,2,"[0.0,0.25]",0.2,5e-06,2.5e-06,0,[],0.0,0.0,0.0,0.0,0.25,escaped,escaped,0.0,0.0,0.0,0.0,0.25,0.0,0.25,escaped,escaped,escaped,escaped,[],[],0,[],0,[],0,[],0,[],zero_threshold_velocity_resolved_capture,"base-search timeout evidence was superseded by the complete dual-timestep zero-threshold audit, including adaptive node-only escalation where required",velocity_resolved_capture,nonmonotone finite-speed capture retained as a direct boolean mask,True
7,18,True,2,"[0.0,0.25]",0.2,5e-06,2.5e-06,0,[],0.0,0.0,0.0,0.0,0.75,escaped,escaped,0.0,0.0,0.0,0.0,0.75,0.0,0.75,escaped,escaped,escaped,escaped,[],[],0,[],0,[],0,[],0,[],zero_threshold_velocity_resolved_capture,"base-search timeout evidence was superseded by the complete dual-timestep zero-threshold audit, including adaptive node-only escalation where required",velocity_resolved_capture,nonmonotone finite-speed capture retained as a direct boolean mask,True
7,19,True,2,"[0.0,0.25]",0.2,5e-06,2.5e-06,0,[],0.0,0.0,0.0,0.0,0.75,escaped,escaped,0.0,0.0,0.0,0.0,0.75,0.0,0.75,escaped,escaped,escaped,escaped,[],[],0,[],0,[],0,[],0,[],zero_threshold_velocity_resolved_capture,"base-search timeout evidence was superseded by the complete dual-timestep zero-threshold audit, including adaptive node-only escalation where required",velocity_resolved_capture,nonmonotone finite-speed capture retained as a direct boolean mask,True
7,20,True,1,[0.25],0.2,5e-06,2.5e-06,0,[],0.0,0.0,0.0,0.0,0.25,escaped,escaped,0.0,0.0,0.0,0.0,0.25,0.0,0.25,escaped,escaped,escaped,escaped,[],[],0,[],0,[],0,[],0,[],zero_threshold_velocity_resolved_capture,"base-search timeout evidence was superseded by the complete dual-timestep zero-threshold audit, including adaptive node-only escalation where required",velocity_resolved_capture,nonmonotone finite-speed capture retained as a direct boolean mask,True
7,21,True,2,"[0.0,0.25]",0.2,5e-06,2.5e-06,0,[],0.0,0.0,0.0,0.0,1.0,escaped,escaped,0.0,0.0,0.0,0.0,1.0,0.0,1.0,escaped,escaped,escaped,escaped,[],[],0,[],0,[],0,[],0,[],zero_threshold_velocity_resolved_capture,"base-search timeout evidence was superseded by the complete dual-timestep zero-threshold audit, including adaptive node-only escalation where required",velocity_resolved_capture,nonmonotone finite-speed capture retained as a direct boolean mask,True
7,22,True,2,"[0.0,0.25]",0.2,5e-06,2.5e-06,0,[],0.0,0.0,0.0,0.0,1.5,escaped,escaped,0.0,0.0,0.0,0.0,1.5,0.0,1.5,escaped,escaped,escaped,escaped,[],[],0,[],0,[],0,[],0,[],zero_threshold_velocity_resolved_capture,"base-search timeout evidence was superseded by the complete dual-timestep zero-threshold audit, including adaptive node-only escalation where required",velocity_resolved_capture,nonmonotone finite-speed capture retained as a direct boolean mask,True
7,23,True,2,"[0.0,0.25]",0.2,5e-06,2.5e-06,0,[],0.0,0.0,0.0,0.0,1.0,escaped,escaped,0.0,0.0,0.0,0.0,1.0,0.0,1.0,escaped,escaped,escaped,escaped,[],[],0,[],0,[],0,[],0,[],zero_threshold_velocity_resolved_capture,"base-search timeout evidence was superseded by the complete dual-timestep zero-threshold audit, including adaptive node-only escalation where required",velocity_resolved_capture,nonmonotone finite-speed capture retained as a direct boolean mask,True
7,24,True,2,"[0.0,0.25]",0.2,5e-06,2.5e-06,0,[],0.0,0.0,0.0,0.0,1.0,escaped,escaped,0.0,0.0,0.0,0.0,1.0,0.0,1.0,escaped,escaped,escaped,escaped,[],[],0,[],0,[],0,[],0,[],zero_threshold_velocity_resolved_capture,"base-search timeout evidence was superseded by the complete dual-timestep zero-threshold audit, including adaptive node-only escalation where required",velocity_resolved_capture,nonmonotone finite-speed capture retained as a direct boolean mask,True
8,0,True,2,"[0.0,0.25]",0.2,5e-06,2.5e-06,0,[],0.0,0.0,0.0,0.75,1.0,two_core_entries,escaped,0.0,0.75,0.75,0.75,1.0,0.75,1.0,two_core_entries,escaped,two_core_entries,escaped,[],[],0,[],0,[],0,[],0,[],zero_threshold_grid_resolved_capture,"base-search timeout evidence was superseded by the complete dual-timestep zero-threshold audit, including adaptive node-only escalation where required",grid_resolved_capture,dual-timestep direct grid recovered a contiguous zero-origin capture boundary,False
8,1,True,2,"[0.0,0.25]",0.2,5e-06,2.5e-06,0,[],0.0,0.0,0.0,1.0,1.25,two_core_entries,escaped,0.0,1.0,1.0,1.0,1.25,1.0,1.25,two_core_entries,escaped,two_core_entries,escaped,[],[],0,[],0,[],0,[],0,[],zero_threshold_grid_resolved_capture,"base-search timeout evidence was superseded by the complete dual-timestep zero-threshold audit, including adaptive node-only escalation where required",grid_resolved_capture,dual-timestep direct grid recovered a contiguous zero-origin capture boundary,False
8,2,True,2,"[0.0,0.25]",0.2,5e-06,2.5e-06,0,[],0.0,0.0,0.0,0.5,0.75,two_core_entries,escaped,0.0,0.5,0.5,0.5,0.75,0.5,0.75,two_core_entries,escaped,two_core_entries,escaped,[],[],0,[],0,[],0,[],0,[],zero_threshold_grid_resolved_capture,"base-search timeout evidence was superseded by the complete dual-timestep zero-threshold audit, including adaptive node-only escalation where required",grid_resolved_capture,dual-timestep direct grid recovered a contiguous zero-origin capture boundary,False
8,3,True,2,"[0.0,0.25]",0.2,5e-06,2.5e-06,0,[],0.0,0.0,0.0,0.75,1.0,bounded_core_residence,escaped,0.0,0.75,0.75,0.75,1.0,0.75,1.0,bounded_core_residence,escaped,bounded_core_residence,escaped,[],[],0,[],0,[],0,[],0,[],zero_threshold_grid_resolved_capture,"base-search timeout evidence was superseded by the complete dual-timestep zero-threshold audit, including adaptive node-only escalation where required",grid_resolved_capture,dual-timestep direct grid recovered a contiguous zero-origin capture boundary,False
8,4,True,2,"[0.0,0.25]",0.2,5e-06,2.5e-06,0,[],0.0,0.0,0.0,0.75,1.0,two_core_entries,escaped,0.0,0.75,0.75,0.75,1.0,0.75,1.0,two_core_entries,escaped,two_core_entries,escaped,[],[],0,[],0,[],0,[],0,[],zero_threshold_grid_resolved_capture,"base-search timeout evidence was superseded by the complete dual-timestep zero-threshold audit, including adaptive node-only escalation where required",grid_resolved_capture,dual-timestep direct grid recovered a contiguous zero-origin capture boundary,False
8,5,True,2,"[0.0,0.25]",0.2,5e-06,2.5e-06,0,[],0.0,0.0,0.0,1.25,1.5,bounded_core_residence,escaped,0.0,1.25,1.25,1.25,1.5,1.25,1.5,bounded_core_residence,escaped,bounded_core_residence,escaped,[],[],0,[],0,[],0,[],0,[],zero_threshold_grid_resolved_capture,"base-search timeout evidence was superseded by the complete dual-timestep zero-threshold audit, including adaptive node-only escalation where required",grid_resolved_capture,dual-timestep direct grid recovered a contiguous zero-origin capture boundary,False
8,6,True,2,"[0.0,0.25]",0.2,5e-06,2.5e-06,0,[],0.0,0.0,0.0,0.75,1.0,bounded_core_residence,escaped,0.0,0.75,0.75,0.75,1.0,0.75,1.0,bounded_core_residence,escaped,bounded_core_residence,escaped,[],[],0,[],0,[],0,[],0,[],zero_threshold_grid_resolved_capture,"base-search timeout evidence was superseded by the complete dual-timestep zero-threshold audit, including adaptive node-only escalation where required",grid_resolved_capture,dual-timestep direct grid recovered a contiguous zero-origin capture boundary,False
8,7,True,2,"[0.0,0.25]",0.2,5e-06,2.5e-06,0,[],0.0,0.0,0.0,1.0,1.25,two_core_entries,escaped,0.0,1.0,1.0,1.0,1.25,1.0,1.25,two_core_entries,escaped,two_core_entries,escaped,[],[],0,[],0,[],0,[],0,[],zero_threshold_grid_resolved_capture,"base-search timeout evidence was superseded by the complete dual-timestep zero-threshold audit, including adaptive node-only escalation where required",grid_resolved_capture,dual-timestep direct grid recovered a contiguous zero-origin capture boundary,False
8,8,True,1,[0.0],0.2,5e-06,2.5e-06,0,[],0.0,0.0,0.0,0.75,1.0,two_core_entries,escaped,0.0,0.75,0.75,0.75,1.0,0.75,1.0,two_core_entries,escaped,two_core_entries,escaped,[],[],0,[],0,[],0,[],0,[],zero_threshold_grid_resolved_capture,"base-search timeout evidence was superseded by the complete dual-timestep zero-threshold audit, including adaptive node-only escalation where required",grid_resolved_capture,dual-timestep direct grid recovered a contiguous zero-origin capture boundary,False
8,9,True,1,[0.0],0.2,5e-06,2.5e-06,0,[],0.0,0.0,0.0,0.75,1.0,two_core_entries,escaped,0.0,0.75,0.75,0.75,1.0,0.75,1.0,two_core_entries,escaped,two_core_entries,escaped,[],[],0,[],0,[],0,[],0,[],zero_threshold_grid_resolved_capture,"base-search timeout evidence was superseded by the complete dual-timestep zero-threshold audit, including adaptive node-only escalation where required",grid_resolved_capture,dual-timestep direct grid recovered a contiguous zero-origin capture boundary,False
8,10,True,2,"[0.0,0.25]",0.2,5e-06,2.5e-06,0,[],0.0,0.0,0.0,1.0,1.25,bounded_core_residence,escaped,0.0,1.0,1.0,1.0,1.25,1.0,1.25,bounded_core_residence,escaped,bounded_core_residence,escaped,[],[],0,[],0,[],0,[],0,[],zero_threshold_grid_resolved_capture,"base-search timeout evidence was superseded by the complete dual-timestep zero-threshold audit, including adaptive node-only escalation where required",grid_resolved_capture,dual-timestep direct grid recovered a contiguous zero-origin capture boundary,False
8,11,True,2,"[0.0,0.25]",0.2,5e-06,2.5e-06,0,[],0.0,0.0,0.0,0.0,1.0,escaped,escaped,0.0,0.0,0.0,0.0,1.0,0.0,1.0,escaped,escaped,escaped,escaped,[],[],0,[],0,[],0,[],0,[],zero_threshold_velocity_resolved_capture,"base-search timeout evidence was superseded by the complete dual-timestep zero-threshold audit, including adaptive node-only escalation where required",velocity_resolved_capture,nonmonotone finite-speed capture retained as a direct boolean mask,True
8,12,True,2,"[0.0,0.25]",0.2,5e-06,2.5e-06,0,[],0.0,0.0,0.0,0.75,1.0,two_core_entries,escaped,0.0,0.75,0.75,0.75,1.0,0.75,1.0,two_core_entries,escaped,two_core_entries,escaped,[],[],0,[],0,[],0,[],0,[],zero_threshold_grid_resolved_capture,"base-search timeout evidence was superseded by the complete dual-timestep zero-threshold audit, including adaptive node-only escalation where required",grid_resolved_capture,dual-timestep direct grid recovered a contiguous zero-origin capture boundary,False
8,13,True,1,[0.0],0.2,5e-06,2.5e-06,0,[],0.0,0.0,0.0,1.0,1.25,two_core_entries,escaped,0.0,1.0,1.0,1.0,1.25,1.0,1.25,two_core_entries,escaped,two_core_entries,escaped,[],[],0,[],0,[],0,[],0,[],zero_threshold_grid_resolved_capture,"base-search timeout evidence was superseded by the complete dual-timestep zero-threshold audit, including adaptive node-only escalation where required",grid_resolved_capture,dual-timestep direct grid recovered a contiguous zero-origin capture boundary,False
8,14,True,2,"[0.0,0.25]",0.2,5e-06,2.5e-06,0,[],0.0,0.0,0.0,0.75,1.0,two_core_entries,escaped,0.0,0.75,0.75,0.75,1.0,0.75,1.0,two_core_entries,escaped,two_core_entries,escaped,[],[],0,[],0,[],0,[],0,[],zero_threshold_grid_resolved_capture,"base-search timeout evidence was superseded by the complete dual-timestep zero-threshold audit, including adaptive node-only escalation where required",grid_resolved_capture,dual-timestep direct grid recovered a contiguous zero-origin capture boundary,False
8,15,True,2,"[0.0,0.25]",0.2,5e-06,2.5e-06,0,[],0.0,0.0,0.0,0.75,1.0,two_core_entries,escaped,0.0,0.75,0.75,0.75,1.0,0.75,1.0,two_core_entries,escaped,two_core_entries,escaped,[],[],0,[],0,[],0,[],0,[],zero_threshold_grid_resolved_capture,"base-search timeout evidence was superseded by the complete dual-timestep zero-threshold audit, including adaptive node-only escalation where required",grid_resolved_capture,dual-timestep direct grid recovered a contiguous zero-origin capture boundary,False
8,16,True,2,"[0.0,0.25]",0.2,5e-06,2.5e-06,0,[],0.0,0.0,0.0,0.5,0.75,bounded_core_residence,escaped,0.0,0.5,0.5,0.5,0.75,0.5,0.75,bounded_core_residence,escaped,bounded_core_residence,escaped,[],[],0,[],0,[],0,[],0,[],zero_threshold_grid_resolved_capture,"base-search timeout evidence was superseded by the complete dual-timestep zero-threshold audit, including adaptive node-only escalation where required",grid_resolved_capture,dual-timestep direct grid recovered a contiguous zero-origin capture boundary,False
8,17,True,1,[0.0],0.2,5e-06,2.5e-06,0,[],0.0,0.0,0.0,0.75,1.0,bounded_core_residence,escaped,0.0,0.75,0.75,0.75,1.0,0.75,1.0,bounded_core_residence,escaped,bounded_core_residence,escaped,[],[],0,[],0,[],0,[],0,[],zero_threshold_grid_resolved_capture,"base-search timeout evidence was superseded by the complete dual-timestep zero-threshold audit, including adaptive node-only escalation where required",grid_resolved_capture,dual-timestep direct grid recovered a contiguous zero-origin capture boundary,False
8,18,True,1,[0.0],0.2,5e-06,2.5e-06,0,[],0.0,0.0,0.0,0.75,1.0,two_core_entries,escaped,0.0,0.75,0.75,0.75,1.0,0.75,1.0,two_core_entries,escaped,two_core_entries,escaped,[],[],0,[],0,[],0,[],0,[],zero_threshold_grid_resolved_capture,"base-search timeout evidence was superseded by the complete dual-timestep zero-threshold audit, including adaptive node-only escalation where required",grid_resolved_capture,dual-timestep direct grid recovered a contiguous zero-origin capture boundary,False
8,19,True,2,"[0.0,0.25]",0.2,5e-06,2.5e-06,0,[],0.0,0.0,0.0,1.0,1.25,two_core_entries,escaped,0.0,1.0,1.0,1.0,1.25,1.0,1.25,two_core_entries,escaped,two_core_entries,escaped,[],[],0,[],0,[],0,[],0,[],zero_threshold_grid_resolved_capture,"base-search timeout evidence was superseded by the complete dual-timestep zero-threshold audit, including adaptive node-only escalation where required",grid_resolved_capture,dual-timestep direct grid recovered a contiguous zero-origin capture boundary,False
8,20,True,2,"[0.0,0.25]",0.2,5e-06,2.5e-06,0,[],0.0,0.0,0.0,1.0,1.25,two_core_entries,escaped,0.0,1.0,1.0,1.0,1.25,1.0,1.25,two_core_entries,escaped,two_core_entries,escaped,[],[],0,[],0,[],0,[],0,[],zero_threshold_grid_resolved_capture,"base-search timeout evidence was superseded by the complete dual-timestep zero-threshold audit, including adaptive node-only escalation where required",grid_resolved_capture,dual-timestep direct grid recovered a contiguous zero-origin capture boundary,False
8,21,True,2,"[0.0,0.25]",0.2,5e-06,2.5e-06,0,[],0.0,0.0,0.0,0.0,1.0,escaped,escaped,0.0,0.0,0.0,0.0,1.0,0.0,1.0,escaped,escaped,escaped,escaped,[],[],0,[],0,[],0,[],0,[],zero_threshold_velocity_resolved_capture,"base-search timeout evidence was superseded by the complete dual-timestep zero-threshold audit, including adaptive node-only escalation where required",velocity_resolved_capture,nonmonotone finite-speed capture retained as a direct boolean mask,True
8,22,True,2,"[0.0,0.25]",0.2,5e-06,2.5e-06,0,[],0.0,0.0,0.0,0.5,0.75,bounded_core_residence,escaped,0.0,0.5,0.5,0.5,0.75,0.5,0.75,bounded_core_residence,escaped,bounded_core_residence,escaped,[],[],0,[],0,[],0,[],0,[],zero_threshold_grid_resolved_capture,"base-search timeout evidence was superseded by the complete dual-timestep zero-threshold audit, including adaptive node-only escalation where required",grid_resolved_capture,dual-timestep direct grid recovered a contiguous zero-origin capture boundary,False
8,23,True,2,"[0.0,0.25]",0.2,5e-06,2.5e-06,0,[],0.0,0.0,0.0,1.0,1.25,bounded_core_residence,escaped,0.0,1.0,1.0,1.0,1.25,1.0,1.25,bounded_core_residence,escaped,bounded_core_residence,escaped,[],[],0,[],0,[],0,[],0,[],zero_threshold_grid_resolved_capture,"base-search timeout evidence was superseded by the complete dual-timestep zero-threshold audit, including adaptive node-only escalation where required",grid_resolved_capture,dual-timestep direct grid recovered a contiguous zero-origin capture boundary,False
8,24,True,2,"[0.0,0.25]",0.2,5e-06,2.5e-06,0,[],0.0,0.0,0.0,0.0,0.25,escaped,escaped,0.0,0.0,0.0,0.0,0.25,0.0,0.25,escaped,escaped,escaped,escaped,[],[],0,[],0,[],0,[],0,[],zero_threshold_velocity_resolved_capture,"base-search timeout evidence was superseded by the complete dual-timestep zero-threshold audit, including adaptive node-only escalation where required",velocity_resolved_capture,nonmonotone finite-speed capture retained as a direct boolean mask,True
9,0,True,2,"[0.0,0.25]",0.2,5e-06,2.5e-06,0,[],0.0,0.0,0.0,1.0,1.25,bounded_core_residence,escaped,0.0,1.0,1.0,1.0,1.25,1.0,1.25,bounded_core_residence,escaped,bounded_core_residence,escaped,[],[],0,[],0,[],0,[],0,[],zero_threshold_grid_resolved_capture,"base-search timeout evidence was superseded by the complete dual-timestep zero-threshold audit, including adaptive node-only escalation where required",grid_resolved_capture,dual-timestep direct grid recovered a contiguous zero-origin capture boundary,False
9,1,True,3,"[0.15625,0.3125,0.625]",0.2,5e-06,2.5e-06,0,[],0.0,0.0,0.0,0.75,1.0,two_core_entries,escaped,0.0,0.75,0.75,0.75,1.0,0.75,1.0,two_core_entries,escaped,two_core_entries,escaped,[],[],0,[],0,[],0,[],0,[],zero_threshold_grid_resolved_capture,"base-search timeout evidence was superseded by the complete dual-timestep zero-threshold audit, including adaptive node-only escalation where required",grid_resolved_capture,dual-timestep direct grid recovered a contiguous zero-origin capture boundary,False
9,2,True,2,"[0.0,0.25]",0.2,5e-06,2.5e-06,0,[],0.0,0.0,0.0,0.0,1.25,escaped,escaped,0.0,0.0,0.0,0.0,1.25,0.0,1.25,escaped,escaped,escaped,escaped,[],[],0,[],0,[],0,[],0,[],zero_threshold_velocity_resolved_capture,"base-search timeout evidence was superseded by the complete dual-timestep zero-threshold audit, including adaptive node-only escalation where required",velocity_resolved_capture,nonmonotone finite-speed capture retained as a direct boolean mask,True
9,3,True,2,"[0.15625,0.3125]",0.2,5e-06,2.5e-06,0,[],0.0,0.0,0.0,0.25,0.5,two_core_entries,escaped,0.0,0.25,0.25,0.25,0.5,0.25,0.5,two_core_entries,escaped,two_core_entries,escaped,[],[],0,[],0,[],0,[],0,[],zero_threshold_grid_resolved_capture,"base-search timeout evidence was superseded by the complete dual-timestep zero-threshold audit, including adaptive node-only escalation where required",grid_resolved_capture,dual-timestep direct grid recovered a contiguous zero-origin capture boundary,False
9,4,True,1,[0.25],0.2,5e-06,2.5e-06,0,[],0.0,0.0,0.0,0.0,0.25,escaped,escaped,0.0,0.0,0.0,0.0,0.25,0.0,0.25,escaped,escaped,escaped,escaped,[],[],0,[],0,[],0,[],0,[],zero_threshold_velocity_resolved_capture,"base-search timeout evidence was superseded by the complete dual-timestep zero-threshold audit, including adaptive node-only escalation where required",velocity_resolved_capture,nonmonotone finite-speed capture retained as a direct boolean mask,True
9,5,True,2,"[0.0,0.25]",0.2,5e-06,2.5e-06,0,[],0.0,0.0,0.0,0.0,1.75,escaped,escaped,0.0,0.0,0.0,0.0,1.75,0.0,1.75,escaped,escaped,escaped,escaped,[],[],0,[],0,[],0,[],0,[],zero_threshold_velocity_resolved_capture,"base-search timeout evidence was superseded by the complete dual-timestep zero-threshold audit, including adaptive node-only escalation where required",velocity_resolved_capture,nonmonotone finite-speed capture retained as a direct boolean mask,True
9,6,True,2,"[0.0,0.25]",0.2,5e-06,2.5e-06,0,[],0.0,0.0,0.0,0.0,1.25,escaped,escaped,0.0,0.0,0.0,0.0,1.25,0.0,1.25,escaped,escaped,escaped,escaped,[],[],0,[],0,[],0,[],0,[],zero_threshold_velocity_resolved_capture,"base-search timeout evidence was superseded by the complete dual-timestep zero-threshold audit, including adaptive node-only escalation where required",velocity_resolved_capture,nonmonotone finite-speed capture retained as a direct boolean mask,True
9,7,True,2,"[0.0,0.25]",0.2,5e-06,2.5e-06,0,[],0.0,0.0,0.0,0.0,1.75,escaped,escaped,0.0,0.0,0.0,0.0,1.75,0.0,1.75,escaped,escaped,escaped,escaped,[],[],0,[],0,[],0,[],0,[],zero_threshold_velocity_resolved_capture,"base-search timeout evidence was superseded by the complete dual-timestep zero-threshold audit, including adaptive node-only escalation where required",velocity_resolved_capture,nonmonotone finite-speed capture retained as a direct boolean mask,True
9,8,True,2,"[0.0,0.25]",0.2,5e-06,2.5e-06,0,[],0.0,0.0,0.0,1.5,1.75,two_core_entries,escaped,0.0,1.5,1.5,1.5,1.75,1.5,1.75,two_core_entries,escaped,two_core_entries,escaped,[],[],0,[],0,[],0,[],0,[],zero_threshold_grid_resolved_capture,"base-search timeout evidence was superseded by the complete dual-timestep zero-threshold audit, including adaptive node-only escalation where required",grid_resolved_capture,dual-timestep direct grid recovered a contiguous zero-origin capture boundary,False
9,9,True,2,"[0.0,0.25]",0.2,5e-06,2.5e-06,0,[],0.0,0.0,0.0,0.0,1.5,escaped,escaped,0.0,0.0,0.0,0.0,1.5,0.0,1.5,escaped,escaped,escaped,escaped,[],[],0,[],0,[],0,[],0,[],zero_threshold_velocity_resolved_capture,"base-search timeout evidence was superseded by the complete dual-timestep zero-threshold audit, including adaptive node-only escalation where required",velocity_resolved_capture,nonmonotone finite-speed capture retained as a direct boolean mask,True
9,10,True,2,"[0.0,0.25]",0.2,5e-06,2.5e-06,0,[],0.0,0.0,0.0,0.0,1.75,escaped,escaped,0.0,0.0,0.0,0.0,1.75,0.0,1.75,escaped,escaped,escaped,escaped,[],[],0,[],0,[],0,[],0,[],zero_threshold_velocity_resolved_capture,"base-search timeout evidence was superseded by the complete dual-timestep zero-threshold audit, including adaptive node-only escalation where required",velocity_resolved_capture,nonmonotone finite-speed capture retained as a direct boolean mask,True
9,11,True,2,"[0.0,0.25]",0.2,5e-06,2.5e-06,0,[],0.0,0.0,0.0,0.0,0.25,escaped,escaped,0.0,0.0,0.0,0.0,0.25,0.0,0.25,escaped,escaped,escaped,escaped,[],[],0,[],0,[],0,[],0,[],zero_threshold_velocity_resolved_capture,"base-search timeout evidence was superseded by the complete dual-timestep zero-threshold audit, including adaptive node-only escalation where required",velocity_resolved_capture,nonmonotone finite-speed capture retained as a direct boolean mask,True
9,12,True,2,"[1.23046875,1.25]",0.2,5e-06,2.5e-06,0,[],0.0,0.0,0.0,1.25,1.396484375,two_core_entries,escaped,1.0791015625,1.25,1.25,1.25,1.396484375,1.25,1.396484375,two_core_entries,escaped,two_core_entries,escaped,"[{""speed_m_per_s"":1.23046875,""trapped"":true,""termination_reason"":""two_core_entries""},{""speed_m_per_s"":1.25,""trapped"":true,""termination_reason"":""two_core_entries""}]","[{""speed_m_per_s"":1.23046875,""trapped"":true,""termination_reason"":""two_core_entries""},{""speed_m_per_s"":1.25,""trapped"":true,""termination_reason"":""two_core_entries""}]",0,[],0,[],0,[],0,[],dual_step_research_recovered_boundary,"targeted timeout-node or endpoint evidence changed or remained non-definitive; complete 200 ms coarse/fine searches recovered compatible definitive brackets, and any internally censored nodes were resolved by the bounded adaptive dual-timestep hierarchy",not_applicable,positive scalar capture threshold,False
9,13,True,2,"[0.0,0.25]",0.2,5e-06,2.5e-06,0,[],0.0,0.0,0.0,0.0,1.25,escaped,escaped,0.0,0.0,0.0,0.0,1.25,0.0,1.25,escaped,escaped,escaped,escaped,[],[],0,[],0,[],0,[],0,[],zero_threshold_velocity_resolved_capture,"base-search timeout evidence was superseded by the complete dual-timestep zero-threshold audit, including adaptive node-only escalation where required",velocity_resolved_capture,nonmonotone finite-speed capture retained as a direct boolean mask,True
9,14,True,2,"[0.0,0.25]",0.2,5e-06,2.5e-06,0,[],0.0,0.0,0.0,1.0,1.25,two_core_entries,escaped,0.0,1.0,1.0,1.0,1.25,1.0,1.25,two_core_entries,escaped,two_core_entries,escaped,[],[],0,[],0,[],0,[],0,[],zero_threshold_grid_resolved_capture,"base-search timeout evidence was superseded by the complete dual-timestep zero-threshold audit, including adaptive node-only escalation where required",grid_resolved_capture,dual-timestep direct grid recovered a contiguous zero-origin capture boundary,False
9,15,True,2,"[0.0,0.25]",0.2,5e-06,2.5e-06,0,[],0.0,0.0,0.0,0.0,0.25,escaped,escaped,0.0,0.0,0.0,0.0,0.25,0.0,0.25,escaped,escaped,escaped,escaped,[],[],0,[],0,[],0,[],0,[],zero_threshold_velocity_resolved_capture,"base-search timeout evidence was superseded by the complete dual-timestep zero-threshold audit, including adaptive node-only escalation where required",velocity_resolved_capture,nonmonotone finite-speed capture retained as a direct boolean mask,True
9,16,True,3,"[0.46630859375,0.6201171875,0.625]",0.2,5e-06,2.5e-06,0,[],0.0,0.0,0.0,0.625,0.7763671875,two_core_entries,escaped,0.3125,0.625,0.625,0.625,0.7763671875,0.625,0.7763671875,two_core_entries,escaped,two_core_entries,escaped,"[{""speed_m_per_s"":0.46630859375,""trapped"":true,""termination_reason"":""two_core_entries""},{""speed_m_per_s"":0.6201171875,""trapped"":true,""termination_reason"":""two_core_entries""},{""speed_m_per_s"":0.625,""trapped"":true,""termination_reason"":""two_core_entries""}]","[{""speed_m_per_s"":0.46630859375,""trapped"":true,""termination_reason"":""two_core_entries""},{""speed_m_per_s"":0.6201171875,""trapped"":true,""termination_reason"":""two_core_entries""},{""speed_m_per_s"":0.625,""trapped"":true,""termination_reason"":""two_core_entries""}]",0,[],0,[],0,[],0,[],dual_step_research_recovered_boundary,"targeted timeout-node or endpoint evidence changed or remained non-definitive; complete 200 ms coarse/fine searches recovered compatible definitive brackets, and any internally censored nodes were resolved by the bounded adaptive dual-timestep hierarchy",not_applicable,positive scalar capture threshold,False
9,17,True,2,"[0.0,0.25]",0.2,5e-06,2.5e-06,0,[],0.0,0.0,0.0,1.25,1.5,bounded_core_residence,escaped,0.0,1.25,1.25,1.25,1.5,1.25,1.5,bounded_core_residence,escaped,bounded_core_residence,escaped,[],[],0,[],0,[],0,[],0,[],zero_threshold_grid_resolved_capture,"base-search timeout evidence was superseded by the complete dual-timestep zero-threshold audit, including adaptive node-only escalation where required",grid_resolved_capture,dual-timestep direct grid recovered a contiguous zero-origin capture boundary,False
9,18,True,2,"[0.0,0.25]",0.2,5e-06,2.5e-06,0,[],0.0,0.0,0.0,1.0,1.25,bounded_core_residence,escaped,0.0,1.0,1.0,1.0,1.25,1.0,1.25,bounded_core_residence,escaped,bounded_core_residence,escaped,[],[],0,[],0,[],0,[],0,[],zero_threshold_grid_resolved_capture,"base-search timeout evidence was superseded by the complete dual-timestep zero-threshold audit, including adaptive node-only escalation where required",grid_resolved_capture,dual-timestep direct grid recovered a contiguous zero-origin capture boundary,False
9,19,True,1,[0.0],0.2,5e-06,2.5e-06,0,[],0.0,0.0,0.0,0.75,1.0,two_core_entries,escaped,0.0,0.75,0.75,0.75,1.0,0.75,1.0,two_core_entries,escaped,two_core_entries,escaped,[],[],0,[],0,[],0,[],0,[],zero_threshold_grid_resolved_capture,"base-search timeout evidence was superseded by the complete dual-timestep zero-threshold audit, including adaptive node-only escalation where required",grid_resolved_capture,dual-timestep direct grid recovered a contiguous zero-origin capture boundary,False
9,20,True,2,"[0.0,0.25]",0.2,5e-06,2.5e-06,0,[],0.0,0.0,0.0,0.75,1.0,two_core_entries,escaped,0.0,0.75,0.75,0.75,1.0,0.75,1.0,two_core_entries,escaped,two_core_entries,escaped,[],[],0,[],0,[],0,[],0,[],zero_threshold_grid_resolved_capture,"base-search timeout evidence was superseded by the complete dual-timestep zero-threshold audit, including adaptive node-only escalation where required",grid_resolved_capture,dual-timestep direct grid recovered a contiguous zero-origin capture boundary,False
9,21,True,2,"[0.0,0.25]",0.2,5e-06,2.5e-06,0,[],0.0,0.0,0.0,1.75,2.0,bounded_core_residence,escaped,0.0,1.75,1.75,1.75,2.0,1.75,2.0,bounded_core_residence,escaped,bounded_core_residence,escaped,[],[],0,[],0,[],0,[],0,[],zero_threshold_grid_resolved_capture,"base-search timeout evidence was superseded by the complete dual-timestep zero-threshold audit, including adaptive node-only escalation where required",grid_resolved_capture,dual-timestep direct grid recovered a contiguous zero-origin capture boundary,False
9,22,True,2,"[0.3125,0.625]",0.2,5e-06,2.5e-06,0,[],0.0,0.0,0.0,0.625,0.7763671875,two_core_entries,escaped,0.15625,0.625,0.625,0.625,0.7763671875,0.625,0.7763671875,two_core_entries,escaped,two_core_entries,escaped,"[{""speed_m_per_s"":0.3125,""trapped"":true,""termination_reason"":""two_core_entries""},{""speed_m_per_s"":0.625,""trapped"":true,""termination_reason"":""two_core_entries""}]","[{""speed_m_per_s"":0.3125,""trapped"":true,""termination_reason"":""two_core_entries""},{""speed_m_per_s"":0.625,""trapped"":true,""termination_reason"":""two_core_entries""}]",0,[],0,[],0,[],0,[],dual_step_research_recovered_boundary,"targeted timeout-node or endpoint evidence changed or remained non-definitive; complete 200 ms coarse/fine searches recovered compatible definitive brackets, and any internally censored nodes were resolved by the bounded adaptive dual-timestep hierarchy",not_applicable,positive scalar capture threshold,False
9,23,True,2,"[0.0,0.25]",0.2,5e-06,2.5e-06,0,[],0.0,0.0,0.0,1.5,1.75,two_core_entries,escaped,0.0,1.5,1.5,1.5,1.75,1.5,1.75,two_core_entries,escaped,two_core_entries,escaped,[],[],0,[],0,[],0,[],0,[],zero_threshold_grid_resolved_capture,"base-search timeout evidence was superseded by the complete dual-timestep zero-threshold audit, including adaptive node-only escalation where required",grid_resolved_capture,dual-timestep direct grid recovered a contiguous zero-origin capture boundary,False
9,24,True,2,"[0.0,0.25]",0.2,5e-06,2.5e-06,0,[],0.0,0.0,0.0,1.25,1.5,two_core_entries,escaped,0.0,1.25,1.25,1.25,1.5,1.25,1.5,two_core_entries,escaped,two_core_entries,escaped,[],[],0,[],0,[],0,[],0,[],zero_threshold_grid_resolved_capture,"base-search timeout evidence was superseded by the complete dual-timestep zero-threshold audit, including adaptive node-only escalation where required",grid_resolved_capture,dual-timestep direct grid recovered a contiguous zero-origin capture boundary,False
10,0,True,2,"[0.0,0.25]",0.2,5e-06,2.5e-06,0,[],0.0,0.0,0.0,1.0,1.25,two_core_entries,escaped,0.0,1.0,1.0,1.0,1.25,1.0,1.25,two_core_entries,escaped,two_core_entries,escaped,[],[],0,[],0,[],0,[],0,[],zero_threshold_grid_resolved_capture,"base-search timeout evidence was superseded by the complete dual-timestep zero-threshold audit, including adaptive node-only escalation where required",grid_resolved_capture,dual-timestep direct grid recovered a contiguous zero-origin capture boundary,False
10,1,True,2,"[0.0,0.25]",0.2,5e-06,2.5e-06,0,[],0.0,0.0,0.0,0.0,0.25,escaped,escaped,0.0,0.0,0.0,0.0,0.25,0.0,0.25,escaped,escaped,escaped,escaped,[],[],0,[],0,[],0,[],0,[],zero_threshold_velocity_resolved_capture,"base-search timeout evidence was superseded by the complete dual-timestep zero-threshold audit, including adaptive node-only escalation where required",velocity_resolved_capture,nonmonotone finite-speed capture retained as a direct boolean mask,True
10,2,True,1,[0.0],0.2,5e-06,2.5e-06,0,[],0.0,0.0,0.0,1.5,1.75,two_core_entries,escaped,0.0,1.5,1.5,1.5,1.75,1.5,1.75,two_core_entries,escaped,two_core_entries,escaped,[],[],0,[],0,[],0,[],0,[],zero_threshold_grid_resolved_capture,"base-search timeout evidence was superseded by the complete dual-timestep zero-threshold audit, including adaptive node-only escalation where required",grid_resolved_capture,dual-timestep direct grid recovered a contiguous zero-origin capture boundary,False
10,3,True,2,"[0.0,0.25]",0.2,5e-06,2.5e-06,0,[],0.0,0.0,0.0,0.75,1.0,two_core_entries,escaped,0.0,0.75,0.75,0.75,1.0,0.75,1.0,two_core_entries,escaped,two_core_entries,escaped,[],[],0,[],0,[],0,[],0,[],zero_threshold_grid_resolved_capture,"base-search timeout evidence was superseded by the complete dual-timestep zero-threshold audit, including adaptive node-only escalation where required",grid_resolved_capture,dual-timestep direct grid recovered a contiguous zero-origin capture boundary,False
10,4,True,2,"[0.0,0.25]",0.2,5e-06,2.5e-06,0,[],0.0,0.0,0.0,0.0,1.0,escaped,escaped,0.0,0.0,0.0,0.0,1.0,0.0,1.0,escaped,escaped,escaped,escaped,[],[],0,[],0,[],0,[],0,[],zero_threshold_velocity_resolved_capture,"base-search timeout evidence was superseded by the complete dual-timestep zero-threshold audit, including adaptive node-only escalation where required",velocity_resolved_capture,nonmonotone finite-speed capture retained as a direct boolean mask,True
10,5,True,1,[0.0],0.2,5e-06,2.5e-06,0,[],0.0,0.0,0.0,1.5,1.75,two_core_entries,escaped,0.0,1.5,1.5,1.5,1.75,1.5,1.75,two_core_entries,escaped,two_core_entries,escaped,[],[],0,[],0,[],0,[],0,[],zero_threshold_grid_resolved_capture,"base-search timeout evidence was superseded by the complete dual-timestep zero-threshold audit, including adaptive node-only escalation where required",grid_resolved_capture,dual-timestep direct grid recovered a contiguous zero-origin capture boundary,False
10,6,True,2,"[0.0,0.25]",0.2,5e-06,2.5e-06,0,[],0.0,0.0,0.0,0.5,0.75,two_core_entries,escaped,0.0,0.5,0.5,0.5,0.75,0.5,0.75,two_core_entries,escaped,two_core_entries,escaped,[],[],0,[],0,[],0,[],0,[],zero_threshold_grid_resolved_capture,"base-search timeout evidence was superseded by the complete dual-timestep zero-threshold audit, including adaptive node-only escalation where required",grid_resolved_capture,dual-timestep direct grid recovered a contiguous zero-origin capture boundary,False
10,7,True,2,"[0.0,0.25]",0.2,5e-06,2.5e-06,0,[],0.0,0.0,0.0,0.25,0.5,two_core_entries,escaped,0.0,0.25,0.25,0.25,0.5,0.25,0.5,two_core_entries,escaped,two_core_entries,escaped,[],[],0,[],0,[],0,[],0,[],zero_threshold_grid_resolved_capture,"base-search timeout evidence was superseded by the complete dual-timestep zero-threshold audit, including adaptive node-only escalation where required",grid_resolved_capture,dual-timestep direct grid recovered a contiguous zero-origin capture boundary,False
10,8,True,2,"[0.0,0.25]",0.2,5e-06,2.5e-06,0,[],0.0,0.0,0.0,0.0,0.25,escaped,escaped,0.0,0.0,0.0,0.0,0.25,0.0,0.25,escaped,escaped,escaped,escaped,[],[],0,[],0,[],0,[],0,[],zero_threshold_velocity_resolved_capture,"base-search timeout evidence was superseded by the complete dual-timestep zero-threshold audit, including adaptive node-only escalation where required",velocity_resolved_capture,nonmonotone finite-speed capture retained as a direct boolean mask,True
10,9,True,2,"[0.0,0.25]",0.2,5e-06,2.5e-06,0,[],0.0,0.0,0.0,0.0,0.75,escaped,escaped,0.0,0.0,0.0,0.0,0.75,0.0,0.75,escaped,escaped,escaped,escaped,[],[],0,[],0,[],0,[],0,[],zero_threshold_velocity_resolved_capture,"base-search timeout evidence was superseded by the complete dual-timestep zero-threshold audit, including adaptive node-only escalation where required",velocity_resolved_capture,nonmonotone finite-speed capture retained as a direct boolean mask,True
10,10,True,2,"[0.0,0.25]",0.2,5e-06,2.5e-06,0,[],0.0,0.0,0.0,1.25,1.5,bounded_core_residence,escaped,0.0,1.25,1.25,1.25,1.5,1.25,1.5,bounded_core_residence,escaped,bounded_core_residence,escaped,[],[],0,[],0,[],0,[],0,[],zero_threshold_grid_resolved_capture,"base-search timeout evidence was superseded by the complete dual-timestep zero-threshold audit, including adaptive node-only escalation where required",grid_resolved_capture,dual-timestep direct grid recovered a contiguous zero-origin capture boundary,False
10,11,True,4,"[0.3125,0.625,1.25,2.5]",0.2,5e-06,2.5e-06,0,[],0.0,0.0,0.0,2.5,2.63671875,two_core_entries,escaped,0.15625,2.5,2.5,2.5,2.63671875,2.5,2.63671875,two_core_entries,escaped,two_core_entries,escaped,"[{""speed_m_per_s"":0.3125,""trapped"":true,""termination_reason"":""two_core_entries""},{""speed_m_per_s"":0.625,""trapped"":true,""termination_reason"":""two_core_entries""},{""speed_m_per_s"":1.25,""trapped"":true,""termination_reason"":""two_core_entries""},{""speed_m_per_s"":2.5,""trapped"":true,""termination_reason"":""two_core_entries""}]","[{""speed_m_per_s"":0.3125,""trapped"":true,""termination_reason"":""two_core_entries""},{""speed_m_per_s"":0.625,""trapped"":true,""termination_reason"":""two_core_entries""},{""speed_m_per_s"":1.25,""trapped"":true,""termination_reason"":""two_core_entries""},{""speed_m_per_s"":2.5,""trapped"":true,""termination_reason"":""two_core_entries""}]",0,[],0,[],0,[],0,[],dual_step_research_recovered_boundary,"targeted timeout-node or endpoint evidence changed or remained non-definitive; complete 200 ms coarse/fine searches recovered compatible definitive brackets, and any internally censored nodes were resolved by the bounded adaptive dual-timestep hierarchy",not_applicable,positive scalar capture threshold,False
10,12,True,2,"[0.0,0.25]",0.2,5e-06,2.5e-06,0,[],0.0,0.0,0.0,0.25,0.5,two_core_entries,escaped,0.0,0.25,0.25,0.25,0.5,0.25,0.5,two_core_entries,escaped,two_core_entries,escaped,[],[],0,[],0,[],0,[],0,[],zero_threshold_velocity_resolved_capture,"base-search timeout evidence was superseded by the complete dual-timestep zero-threshold audit, including adaptive node-only escalation where required",velocity_resolved_capture,dual-timestep direct grid recovered the zero-origin capture boundary and retained later nonmonotone capture as a boolean mask,True
10,13,True,2,"[0.0,0.25]",0.2,5e-06,2.5e-06,0,[],0.0,0.0,0.0,0.25,0.5,two_core_entries,escaped,0.0,0.25,0.25,0.25,0.5,0.25,0.5,two_core_entries,escaped,two_core_entries,escaped,[],[],0,[],0,[],0,[],0,[],zero_threshold_grid_resolved_capture,"base-search timeout evidence was superseded by the complete dual-timestep zero-threshold audit, including adaptive node-only escalation where required",grid_resolved_capture,dual-timestep direct grid recovered a contiguous zero-origin capture boundary,False
10,14,True,2,"[0.0,0.25]",0.2,5e-06,2.5e-06,0,[],0.0,0.0,0.0,0.0,0.75,escaped,escaped,0.0,0.0,0.0,0.0,0.75,0.0,0.75,escaped,escaped,escaped,escaped,[],[],0,[],0,[],0,[],0,[],zero_threshold_velocity_resolved_capture,"base-search timeout evidence was superseded by the complete dual-timestep zero-threshold audit, including adaptive node-only escalation where required",velocity_resolved_capture,nonmonotone finite-speed capture retained as a direct boolean mask,True
10,15,True,2,"[0.0,0.25]",0.2,5e-06,2.5e-06,0,[],0.0,0.0,0.0,0.75,1.0,two_core_entries,escaped,0.0,0.75,0.75,0.75,1.0,0.75,1.0,two_core_entries,escaped,two_core_entries,escaped,[],[],0,[],0,[],0,[],0,[],zero_threshold_grid_resolved_capture,"base-search timeout evidence was superseded by the complete dual-timestep zero-threshold audit, including adaptive node-only escalation where required",grid_resolved_capture,dual-timestep direct grid recovered a contiguous zero-origin capture boundary,False
10,16,True,2,"[0.0,0.25]",0.2,5e-06,2.5e-06,0,[],0.0,0.0,0.0,0.5,0.75,bounded_core_residence,escaped,0.0,0.5,0.5,0.5,0.75,0.5,0.75,bounded_core_residence,escaped,bounded_core_residence,escaped,[],[],0,[],0,[],0,[],0,[],zero_threshold_grid_resolved_capture,"base-search timeout evidence was superseded by the complete dual-timestep zero-threshold audit, including adaptive node-only escalation where required",grid_resolved_capture,dual-timestep direct grid recovered a contiguous zero-origin capture boundary,False
10,17,True,2,"[0.0,0.25]",0.2,5e-06,2.5e-06,0,[],0.0,0.0,0.0,0.75,1.0,bounded_core_residence,escaped,0.0,0.75,0.75,0.75,1.0,0.75,1.0,bounded_core_residence,escaped,bounded_core_residence,escaped,[],[],0,[],0,[],0,[],0,[],zero_threshold_grid_resolved_capture,"base-search timeout evidence was superseded by the complete dual-timestep zero-threshold audit, including adaptive node-only escalation where required",grid_resolved_capture,dual-timestep direct grid recovered a contiguous zero-origin capture boundary,False
10,18,True,2,"[0.0,0.25]",0.2,5e-06,2.5e-06,0,[],0.0,0.0,0.0,1.25,1.5,two_core_entries,escaped,0.0,1.25,1.25,1.25,1.5,1.25,1.5,two_core_entries,escaped,two_core_entries,escaped,[],[],0,[],0,[],0,[],0,[],zero_threshold_grid_resolved_capture,"base-search timeout evidence was superseded by the complete dual-timestep zero-threshold audit, including adaptive node-only escalation where required",grid_resolved_capture,dual-timestep direct grid recovered a contiguous zero-origin capture boundary,False
10,19,True,2,"[0.0,0.25]",0.2,5e-06,2.5e-06,0,[],0.0,0.0,0.0,1.5,1.75,two_core_entries,escaped,0.0,1.5,1.5,1.5,1.75,1.5,1.75,two_core_entries,escaped,two_core_entries,escaped,[],[],0,[],0,[],0,[],0,[],zero_threshold_grid_resolved_capture,"base-search timeout evidence was superseded by the complete dual-timestep zero-threshold audit, including adaptive node-only escalation where required",grid_resolved_capture,dual-timestep direct grid recovered a contiguous zero-origin capture boundary,False
10,20,True,2,"[0.0,0.25]",0.2,5e-06,2.5e-06,0,[],0.0,0.0,0.0,1.0,1.25,two_core_entries,escaped,0.0,1.0,1.0,1.0,1.25,1.0,1.25,two_core_entries,escaped,two_core_entries,escaped,[],[],0,[],0,[],0,[],0,[],zero_threshold_grid_resolved_capture,"base-search timeout evidence was superseded by the complete dual-timestep zero-threshold audit, including adaptive node-only escalation where required",grid_resolved_capture,dual-timestep direct grid recovered a contiguous zero-origin capture boundary,False
10,21,True,2,"[0.0,0.25]",0.2,5e-06,2.5e-06,0,[],0.0,0.0,0.0,0.5,0.75,two_core_entries,escaped,0.0,0.5,0.5,0.5,0.75,0.5,0.75,two_core_entries,escaped,two_core_entries,escaped,[],[],0,[],0,[],0,[],0,[],zero_threshold_velocity_resolved_capture,"base-search timeout evidence was superseded by the complete dual-timestep zero-threshold audit, including adaptive node-only escalation where required",velocity_resolved_capture,dual-timestep direct grid recovered the zero-origin capture boundary and retained later nonmonotone capture as a boolean mask,True
10,22,True,2,"[0.0,0.25]",0.2,5e-06,2.5e-06,0,[],0.0,0.0,0.0,0.5,0.75,two_core_entries,escaped,0.0,0.5,0.5,0.5,0.75,0.5,0.75,two_core_entries,escaped,two_core_entries,escaped,[],[],0,[],0,[],0,[],0,[],zero_threshold_grid_resolved_capture,"base-search timeout evidence was superseded by the complete dual-timestep zero-threshold audit, including adaptive node-only escalation where required",grid_resolved_capture,dual-timestep direct grid recovered a contiguous zero-origin capture boundary,False
10,23,True,2,"[0.0,0.25]",0.2,5e-06,2.5e-06,0,[],0.0,0.0,0.0,0.0,0.25,escaped,escaped,0.0,0.0,0.0,0.0,0.25,0.0,0.25,escaped,escaped,escaped,escaped,[],[],0,[],0,[],0,[],0,[],zero_threshold_confirmed_zero_capture,"base-search timeout evidence was superseded by the complete dual-timestep zero-threshold audit, including adaptive node-only escalation where required",confirmed_zero_capture,dual-timestep direct velocity scan contains no capture,False
10,24,True,2,"[0.0,0.25]",0.2,5e-06,2.5e-06,0,[],0.0,0.0,0.0,0.25,0.5,two_core_entries,escaped,0.0,0.25,0.25,0.25,0.5,0.25,0.5,two_core_entries,escaped,two_core_entries,escaped,[],[],0,[],0,[],0,[],0,[],zero_threshold_grid_resolved_capture,"base-search timeout evidence was superseded by the complete dual-timestep zero-threshold audit, including adaptive node-only escalation where required",grid_resolved_capture,dual-timestep direct grid recovered a contiguous zero-origin capture boundary,False
11,0,True,2,"[0.0,0.25]",0.2,5e-06,2.5e-06,1,"[{""level_index"":1,""duration_s"":0.25,""coarse_time_step_s"":5e-06,""fine_time_step_s"":2.5e-06,""velocity_m_per_s"":0.0,""resolved"":true,""coarse_result"":{""trapped"":true,""termination_reason"":""two_core_entries"",""elapsed_time_s"":0.21521500000014485,""minimum_radius_m"":0.001587829368346134,""final_radius_m"":0.0019997310214100524,""final_position_m"":[-0.00046494780356252404,0.0015717394631112021,0.0011455927540147005],""final_velocity_m_per_s"":[-0.16100789519524442,0.08025040682999064,-0.5047003138806467],""entered_trap_core"":true,""core_entry_count"":2},""fine_result"":{""trapped"":true,""termination_reason"":""two_core_entries"",""elapsed_time_s"":0.21521499999967925,""minimum_radius_m"":0.001587829247387956,""final_radius_m"":0.001999731021425924,""final_position_m"":[-0.0004649478035446744,0.0015717394631071142,0.0011455927540552583],""final_velocity_m_per_s"":[-0.16100789519754277,0.08025040683548698,-0.5047003138774298],""entered_trap_core"":true,""core_entry_count"":2}}]",0.25,5e-06,2.5e-06,1.0,1.25,two_core_entries,escaped,0.0,1.0,1.0,1.0,1.25,1.0,1.25,two_core_entries,escaped,two_core_entries,escaped,[],[],0,[],0,[],0,[],0,[],zero_threshold_grid_resolved_capture,"base-search timeout evidence was superseded by the complete dual-timestep zero-threshold audit, including adaptive node-only escalation where required",grid_resolved_capture,dual-timestep direct grid recovered a contiguous zero-origin capture boundary,False
11,1,True,2,"[0.0,0.25]",0.2,5e-06,2.5e-06,0,[],0.0,0.0,0.0,1.75,2.0,bounded_core_residence,escaped,0.0,1.75,1.75,1.75,2.0,1.75,2.0,bounded_core_residence,escaped,bounded_core_residence,escaped,[],[],0,[],0,[],0,[],0,[],zero_threshold_grid_resolved_capture,"base-search timeout evidence was superseded by the complete dual-timestep zero-threshold audit, including adaptive node-only escalation where required",grid_resolved_capture,dual-timestep direct grid recovered a contiguous zero-origin capture boundary,False
11,2,True,1,[0.0],0.2,5e-06,2.5e-06,0,[],0.0,0.0,0.0,1.5,1.75,two_core_entries,escaped,0.0,1.5,1.5,1.5,1.75,1.5,1.75,two_core_entries,escaped,two_core_entries,escaped,[],[],0,[],0,[],0,[],0,[],zero_threshold_grid_resolved_capture,"base-search timeout evidence was superseded by the complete dual-timestep zero-threshold audit, including adaptive node-only escalation where required",grid_resolved_capture,dual-timestep direct grid recovered a contiguous zero-origin capture boundary,False
11,3,True,1,[0.25],0.2,5e-06,2.5e-06,0,[],0.0,0.0,0.0,0.0,0.25,escaped,escaped,0.0,0.0,0.0,0.0,0.25,0.0,0.25,escaped,escaped,escaped,escaped,[],[],0,[],0,[],0,[],0,[],zero_threshold_velocity_resolved_capture,"base-search timeout evidence was superseded by the complete dual-timestep zero-threshold audit, including adaptive node-only escalation where required",velocity_resolved_capture,nonmonotone finite-speed capture retained as a direct boolean mask,True
11,4,True,2,"[0.0,0.25]",0.2,5e-06,2.5e-06,0,[],0.0,0.0,0.0,0.0,1.25,escaped,escaped,0.0,0.0,0.0,0.0,1.25,0.0,1.25,escaped,escaped,escaped,escaped,[],[],0,[],0,[],0,[],0,[],zero_threshold_velocity_resolved_capture,"base-search timeout evidence was superseded by the complete dual-timestep zero-threshold audit, including adaptive node-only escalation where required",velocity_resolved_capture,nonmonotone finite-speed capture retained as a direct boolean mask,True
11,5,True,1,[0.927734375],0.2,5e-06,2.5e-06,0,[],0.0,0.0,0.0,1.0791015625,1.23046875,bounded_core_residence,escaped,0.7763671875,1.0791015625,1.0791015625,1.0791015625,1.23046875,1.0791015625,1.23046875,bounded_core_residence,escaped,bounded_core_residence,escaped,"[{""speed_m_per_s"":0.927734375,""trapped"":true,""termination_reason"":""two_core_entries""}]","[{""speed_m_per_s"":0.927734375,""trapped"":true,""termination_reason"":""two_core_entries""}]",0,[],0,[],0,[],0,[],dual_step_research_recovered_boundary,"targeted timeout-node or endpoint evidence changed or remained non-definitive; complete 200 ms coarse/fine searches recovered compatible definitive brackets, and any internally censored nodes were resolved by the bounded adaptive dual-timestep hierarchy",not_applicable,positive scalar capture threshold,False
11,6,True,2,"[0.0,0.25]",0.2,5e-06,2.5e-06,0,[],0.0,0.0,0.0,0.75,1.0,bounded_core_residence,escaped,0.0,0.75,0.75,0.75,1.0,0.75,1.0,bounded_core_residence,escaped,bounded_core_residence,escaped,[],[],0,[],0,[],0,[],0,[],zero_threshold_grid_resolved_capture,"base-search timeout evidence was superseded by the complete dual-timestep zero-threshold audit, including adaptive node-only escalation where required",grid_resolved_capture,dual-timestep direct grid recovered a contiguous zero-origin capture boundary,False
11,7,True,2,"[0.0,0.25]",0.2,5e-06,2.5e-06,0,[],0.0,0.0,0.0,0.5,0.75,two_core_entries,escaped,0.0,0.5,0.5,0.5,0.75,0.5,0.75,two_core_entries,escaped,two_core_entries,escaped,[],[],0,[],0,[],0,[],0,[],zero_threshold_grid_resolved_capture,"base-search timeout evidence was superseded by the complete dual-timestep zero-threshold audit, including adaptive node-only escalation where required",grid_resolved_capture,dual-timestep direct grid recovered a contiguous zero-origin capture boundary,False
11,8,True,2,"[0.0,0.25]",0.2,5e-06,2.5e-06,0,[],0.0,0.0,0.0,0.0,1.25,escaped,escaped,0.0,0.0,0.0,0.0,1.25,0.0,1.25,escaped,escaped,escaped,escaped,[],[],0,[],0,[],0,[],0,[],zero_threshold_velocity_resolved_capture,"base-search timeout evidence was superseded by the complete dual-timestep zero-threshold audit, including adaptive node-only escalation where required",velocity_resolved_capture,nonmonotone finite-speed capture retained as a direct boolean mask,True
11,9,True,1,[0.25],0.2,5e-06,2.5e-06,0,[],0.0,0.0,0.0,0.0,0.25,escaped,escaped,0.0,0.0,0.0,0.0,0.25,0.0,0.25,escaped,escaped,escaped,escaped,[],[],0,[],0,[],0,[],0,[],zero_threshold_velocity_resolved_capture,"base-search timeout evidence was superseded by the complete dual-timestep zero-threshold audit, including adaptive node-only escalation where required",velocity_resolved_capture,nonmonotone finite-speed capture retained as a direct boolean mask,True
11,10,True,2,"[0.0,0.25]",0.2,5e-06,2.5e-06,0,[],0.0,0.0,0.0,0.0,0.25,escaped,escaped,0.0,0.0,0.0,0.0,0.25,0.0,0.25,escaped,escaped,escaped,escaped,[],[],0,[],0,[],0,[],0,[],zero_threshold_velocity_resolved_capture,"base-search timeout evidence was superseded by the complete dual-timestep zero-threshold audit, including adaptive node-only escalation where required",velocity_resolved_capture,nonmonotone finite-speed capture retained as a direct boolean mask,True
11,11,True,2,"[0.0,0.25]",0.2,5e-06,2.5e-06,0,[],0.0,0.0,0.0,1.5,1.75,two_core_entries,escaped,0.0,1.5,1.5,1.5,1.75,1.5,1.75,two_core_entries,escaped,two_core_entries,escaped,[],[],0,[],0,[],0,[],0,[],zero_threshold_grid_resolved_capture,"base-search timeout evidence was superseded by the complete dual-timestep zero-threshold audit, including adaptive node-only escalation where required",grid_resolved_capture,dual-timestep direct grid recovered a contiguous zero-origin capture boundary,False
11,12,True,2,"[0.0,0.25]",0.2,5e-06,2.5e-06,0,[],0.0,0.0,0.0,0.0,1.25,escaped,escaped,0.0,0.0,0.0,0.0,1.25,0.0,1.25,escaped,escaped,escaped,escaped,[],[],0,[],0,[],0,[],0,[],zero_threshold_velocity_resolved_capture,"base-search timeout evidence was superseded by the complete dual-timestep zero-threshold audit, including adaptive node-only escalation where required",velocity_resolved_capture,nonmonotone finite-speed capture retained as a direct boolean mask,True
11,13,True,2,"[0.0,0.25]",0.2,5e-06,2.5e-06,0,[],0.0,0.0,0.0,0.75,1.0,two_core_entries,escaped,0.0,0.75,0.75,0.75,1.0,0.75,1.0,two_core_entries,escaped,two_core_entries,escaped,[],[],0,[],0,[],0,[],0,[],zero_threshold_grid_resolved_capture,"base-search timeout evidence was superseded by the complete dual-timestep zero-threshold audit, including adaptive node-only escalation where required",grid_resolved_capture,dual-timestep direct grid recovered a contiguous zero-origin capture boundary,False
11,14,True,2,"[0.0,0.25]",0.2,5e-06,2.5e-06,0,[],0.0,0.0,0.0,1.0,1.25,bounded_core_residence,escaped,0.0,1.0,1.0,1.0,1.25,1.0,1.25,bounded_core_residence,escaped,bounded_core_residence,escaped,[],[],0,[],0,[],0,[],0,[],zero_threshold_grid_resolved_capture,"base-search timeout evidence was superseded by the complete dual-timestep zero-threshold audit, including adaptive node-only escalation where required",grid_resolved_capture,dual-timestep direct grid recovered a contiguous zero-origin capture boundary,False
11,15,True,2,"[0.0,0.25]",0.2,5e-06,2.5e-06,0,[],0.0,0.0,0.0,1.5,1.75,bounded_core_residence,escaped,0.0,1.5,1.5,1.5,1.75,1.5,1.75,bounded_core_residence,escaped,bounded_core_residence,escaped,[],[],0,[],0,[],0,[],0,[],zero_threshold_grid_resolved_capture,"base-search timeout evidence was superseded by the complete dual-timestep zero-threshold audit, including adaptive node-only escalation where required",grid_resolved_capture,dual-timestep direct grid recovered a contiguous zero-origin capture boundary,False
11,16,True,4,"[0.46630859375,0.6201171875,0.625,0.927734375]",0.2,5e-06,2.5e-06,0,[],0.0,0.0,0.0,0.7763671875,0.927734375,two_core_entries,escaped,0.3125,0.7763671875,0.7763671875,0.7763671875,0.927734375,0.7763671875,0.927734375,two_core_entries,escaped,two_core_entries,escaped,"[{""speed_m_per_s"":0.46630859375,""trapped"":true,""termination_reason"":""two_core_entries""},{""speed_m_per_s"":0.6201171875,""trapped"":true,""termination_reason"":""two_core_entries""},{""speed_m_per_s"":0.625,""trapped"":true,""termination_reason"":""two_core_entries""},{""speed_m_per_s"":0.927734375,""trapped"":false,""termination_reason"":""escaped""}]","[{""speed_m_per_s"":0.46630859375,""trapped"":true,""termination_reason"":""two_core_entries""},{""speed_m_per_s"":0.6201171875,""trapped"":true,""termination_reason"":""two_core_entries""},{""speed_m_per_s"":0.625,""trapped"":true,""termination_reason"":""two_core_entries""},{""speed_m_per_s"":0.927734375,""trapped"":false,""termination_reason"":""escaped""}]",0,[],0,[],0,[],0,[],dual_step_research_recovered_boundary,"targeted timeout-node or endpoint evidence changed or remained non-definitive; complete 200 ms coarse/fine searches recovered compatible definitive brackets, and any internally censored nodes were resolved by the bounded adaptive dual-timestep hierarchy",not_applicable,positive scalar capture threshold,False
11,17,True,2,"[0.0,0.25]",0.2,5e-06,2.5e-06,0,[],0.0,0.0,0.0,0.0,1.75,escaped,escaped,0.0,0.0,0.0,0.0,1.75,0.0,1.75,escaped,escaped,escaped,escaped,[],[],0,[],0,[],0,[],0,[],zero_threshold_velocity_resolved_capture,"base-search timeout evidence was superseded by the complete dual-timestep zero-threshold audit, including adaptive node-only escalation where required",velocity_resolved_capture,nonmonotone finite-speed capture retained as a direct boolean mask,True
11,18,True,2,"[0.0,0.25]",0.2,5e-06,2.5e-06,0,[],0.0,0.0,0.0,0.0,0.25,escaped,escaped,0.0,0.0,0.0,0.0,0.25,0.0,0.25,escaped,escaped,escaped,escaped,[],[],0,[],0,[],0,[],0,[],zero_threshold_velocity_resolved_capture,"base-search timeout evidence was superseded by the complete dual-timestep zero-threshold audit, including adaptive node-only escalation where required",velocity_resolved_capture,nonmonotone finite-speed capture retained as a direct boolean mask,True
11,19,True,2,"[0.0,0.25]",0.2,5e-06,2.5e-06,0,[],0.0,0.0,0.0,1.25,1.5,bounded_core_residence,escaped,0.0,1.25,1.25,1.25,1.5,1.25,1.5,bounded_core_residence,escaped,bounded_core_residence,escaped,[],[],0,[],0,[],0,[],0,[],zero_threshold_grid_resolved_capture,"base-search timeout evidence was superseded by the complete dual-timestep zero-threshold audit, including adaptive node-only escalation where required",grid_resolved_capture,dual-timestep direct grid recovered a contiguous zero-origin capture boundary,False
11,20,True,2,"[0.0,0.25]",0.2,5e-06,2.5e-06,0,[],0.0,0.0,0.0,0.0,1.5,escaped,escaped,0.0,0.0,0.0,0.0,1.5,0.0,1.5,escaped,escaped,escaped,escaped,[],[],0,[],0,[],0,[],0,[],zero_threshold_velocity_resolved_capture,"base-search timeout evidence was superseded by the complete dual-timestep zero-threshold audit, including adaptive node-only escalation where required",velocity_resolved_capture,nonmonotone finite-speed capture retained as a direct boolean mask,True
11,21,True,2,"[0.0,0.25]",0.2,5e-06,2.5e-06,0,[],0.0,0.0,0.0,0.0,0.25,escaped,escaped,0.0,0.0,0.0,0.0,0.25,0.0,0.25,escaped,escaped,escaped,escaped,[],[],0,[],0,[],0,[],0,[],zero_threshold_velocity_resolved_capture,"base-search timeout evidence was superseded by the complete dual-timestep zero-threshold audit, including adaptive node-only escalation where required",velocity_resolved_capture,nonmonotone finite-speed capture retained as a direct boolean mask,True
11,22,True,1,[0.3125],0.2,5e-06,2.5e-06,0,[],0.0,0.0,0.0,0.46630859375,0.6201171875,two_core_entries,escaped,0.15625,0.46630859375,0.46630859375,0.46630859375,0.6201171875,0.46630859375,0.6201171875,two_core_entries,escaped,two_core_entries,escaped,"[{""speed_m_per_s"":0.3125,""trapped"":true,""termination_reason"":""two_core_entries""}]","[{""speed_m_per_s"":0.3125,""trapped"":true,""termination_reason"":""two_core_entries""}]",0,[],0,[],0,[],0,[],dual_step_research_recovered_boundary,"targeted timeout-node or endpoint evidence changed or remained non-definitive; complete 200 ms coarse/fine searches recovered compatible definitive brackets, and any internally censored nodes were resolved by the bounded adaptive dual-timestep hierarchy",not_applicable,positive scalar capture threshold,False
11,23,True,2,"[1.396484375,1.54296875]",0.2,5e-06,2.5e-06,0,[],0.0,0.0,0.0,1.396484375,1.54296875,two_core_entries,escaped,1.25,1.396484375,1.396484375,1.396484375,1.54296875,1.396484375,1.54296875,two_core_entries,escaped,two_core_entries,escaped,"[{""speed_m_per_s"":1.396484375,""trapped"":true,""termination_reason"":""two_core_entries""},{""speed_m_per_s"":1.54296875,""trapped"":false,""termination_reason"":""escaped""}]","[{""speed_m_per_s"":1.396484375,""trapped"":true,""termination_reason"":""two_core_entries""},{""speed_m_per_s"":1.54296875,""trapped"":false,""termination_reason"":""escaped""}]",0,[],0,[],0,[],0,[],dual_step_research_recovered_boundary,"targeted timeout-node or endpoint evidence changed or remained non-definitive; complete 200 ms coarse/fine searches recovered compatible definitive brackets, and any internally censored nodes were resolved by the bounded adaptive dual-timestep hierarchy",not_applicable,positive scalar capture threshold,False
11,24,True,2,"[0.0,0.25]",0.2,5e-06,2.5e-06,0,[],0.0,0.0,0.0,0.75,1.0,bounded_core_residence,escaped,0.0,0.75,0.75,0.75,1.0,0.75,1.0,bounded_core_residence,escaped,bounded_core_residence,escaped,[],[],0,[],0,[],0,[],0,[],zero_threshold_grid_resolved_capture,"base-search timeout evidence was superseded by the complete dual-timestep zero-threshold audit, including adaptive node-only escalation where required",grid_resolved_capture,dual-timestep direct grid recovered a contiguous zero-origin capture boundary,False
12,0,True,2,"[0.0,0.25]",0.2,5e-06,2.5e-06,0,[],0.0,0.0,0.0,0.0,1.0,escaped,escaped,0.0,0.0,0.0,0.0,1.0,0.0,1.0,escaped,escaped,escaped,escaped,[],[],0,[],0,[],0,[],0,[],zero_threshold_velocity_resolved_capture,"base-search timeout evidence was superseded by the complete dual-timestep zero-threshold audit, including adaptive node-only escalation where required",velocity_resolved_capture,nonmonotone finite-speed capture retained as a direct boolean mask,True
12,1,True,2,"[0.0,0.25]",0.2,5e-06,2.5e-06,0,[],0.0,0.0,0.0,0.0,0.25,escaped,escaped,0.0,0.0,0.0,0.0,0.25,0.0,0.25,escaped,escaped,escaped,escaped,[],[],0,[],0,[],0,[],0,[],zero_threshold_velocity_resolved_capture,"base-search timeout evidence was superseded by the complete dual-timestep zero-threshold audit, including adaptive node-only escalation where required",velocity_resolved_capture,nonmonotone finite-speed capture retained as a direct boolean mask,True
12,2,True,2,"[0.0,0.25]",0.2,5e-06,2.5e-06,0,[],0.0,0.0,0.0,1.25,1.5,two_core_entries,escaped,0.0,1.25,1.25,1.25,1.5,1.25,1.5,two_core_entries,escaped,two_core_entries,escaped,[],[],0,[],0,[],0,[],0,[],zero_threshold_grid_resolved_capture,"base-search timeout evidence was superseded by the complete dual-timestep zero-threshold audit, including adaptive node-only escalation where required",grid_resolved_capture,dual-timestep direct grid recovered a contiguous zero-origin capture boundary,False
12,3,True,2,"[0.0,0.25]",0.2,5e-06,2.5e-06,0,[],0.0,0.0,0.0,0.75,1.0,two_core_entries,escaped,0.0,0.75,0.75,0.75,1.0,0.75,1.0,two_core_entries,escaped,two_core_entries,escaped,[],[],0,[],0,[],0,[],0,[],zero_threshold_grid_resolved_capture,"base-search timeout evidence was superseded by the complete dual-timestep zero-threshold audit, including adaptive node-only escalation where required",grid_resolved_capture,dual-timestep direct grid recovered a contiguous zero-origin capture boundary,False
12,4,True,2,"[0.0,0.25]",0.2,5e-06,2.5e-06,0,[],0.0,0.0,0.0,0.75,1.0,two_core_entries,escaped,0.0,0.75,0.75,0.75,1.0,0.75,1.0,two_core_entries,escaped,two_core_entries,escaped,[],[],0,[],0,[],0,[],0,[],zero_threshold_grid_resolved_capture,"base-search timeout evidence was superseded by the complete dual-timestep zero-threshold audit, including adaptive node-only escalation where required",grid_resolved_capture,dual-timestep direct grid recovered a contiguous zero-origin capture boundary,False
12,5,True,2,"[0.0,0.25]",0.2,5e-06,2.5e-06,0,[],0.0,0.0,0.0,0.0,0.25,escaped,escaped,0.0,0.0,0.0,0.0,0.25,0.0,0.25,escaped,escaped,escaped,escaped,[],[],0,[],0,[],0,[],0,[],zero_threshold_velocity_resolved_capture,"base-search timeout evidence was superseded by the complete dual-timestep zero-threshold audit, including adaptive node-only escalation where required",velocity_resolved_capture,nonmonotone finite-speed capture retained as a direct boolean mask,True
12,6,True,2,"[0.0,0.25]",0.2,5e-06,2.5e-06,0,[],0.0,0.0,0.0,0.0,1.25,escaped,escaped,0.0,0.0,0.0,0.0,1.25,0.0,1.25,escaped,escaped,escaped,escaped,[],[],0,[],0,[],0,[],0,[],zero_threshold_velocity_resolved_capture,"base-search timeout evidence was superseded by the complete dual-timestep zero-threshold audit, including adaptive node-only escalation where required",velocity_resolved_capture,nonmonotone finite-speed capture retained as a direct boolean mask,True
12,7,True,2,"[0.0,0.25]",0.2,5e-06,2.5e-06,0,[],0.0,0.0,0.0,0.0,1.5,escaped,escaped,0.0,0.0,0.0,0.0,1.5,0.0,1.5,escaped,escaped,escaped,escaped,[],[],0,[],0,[],0,[],0,[],zero_threshold_velocity_resolved_capture,"base-search timeout evidence was superseded by the complete dual-timestep zero-threshold audit, including adaptive node-only escalation where required",velocity_resolved_capture,nonmonotone finite-speed capture retained as a direct boolean mask,True
12,8,True,2,"[0.0,0.25]",0.2,5e-06,2.5e-06,0,[],0.0,0.0,0.0,0.75,1.0,two_core_entries,escaped,0.0,0.75,0.75,0.75,1.0,0.75,1.0,two_core_entries,escaped,two_core_entries,escaped,[],[],0,[],0,[],0,[],0,[],zero_threshold_grid_resolved_capture,"base-search timeout evidence was superseded by the complete dual-timestep zero-threshold audit, including adaptive node-only escalation where required",grid_resolved_capture,dual-timestep direct grid recovered a contiguous zero-origin capture boundary,False
12,9,True,2,"[0.0,0.25]",0.2,5e-06,2.5e-06,0,[],0.0,0.0,0.0,0.5,0.75,bounded_core_residence,escaped,0.0,0.5,0.5,0.5,0.75,0.5,0.75,bounded_core_residence,escaped,bounded_core_residence,escaped,[],[],0,[],0,[],0,[],0,[],zero_threshold_grid_resolved_capture,"base-search timeout evidence was superseded by the complete dual-timestep zero-threshold audit, including adaptive node-only escalation where required",grid_resolved_capture,dual-timestep direct grid recovered a contiguous zero-origin capture boundary,False
12,10,True,2,"[0.0,0.25]",0.2,5e-06,2.5e-06,0,[],0.0,0.0,0.0,1.25,1.5,bounded_core_residence,escaped,0.0,1.25,1.25,1.25,1.5,1.25,1.5,bounded_core_residence,escaped,bounded_core_residence,escaped,[],[],0,[],0,[],0,[],0,[],zero_threshold_grid_resolved_capture,"base-search timeout evidence was superseded by the complete dual-timestep zero-threshold audit, including adaptive node-only escalation where required",grid_resolved_capture,dual-timestep direct grid recovered a contiguous zero-origin capture boundary,False
12,11,True,1,[0.0],0.2,5e-06,2.5e-06,0,[],0.0,0.0,0.0,2.25,2.5,two_core_entries,escaped,0.0,2.25,2.25,2.25,2.5,2.25,2.5,two_core_entries,escaped,two_core_entries,escaped,[],[],0,[],0,[],0,[],0,[],zero_threshold_grid_resolved_capture,"base-search timeout evidence was superseded by the complete dual-timestep zero-threshold audit, including adaptive node-only escalation where required",grid_resolved_capture,dual-timestep direct grid recovered a contiguous zero-origin capture boundary,False
12,12,True,2,"[0.0,0.25]",0.2,5e-06,2.5e-06,0,[],0.0,0.0,0.0,0.0,1.25,escaped,escaped,0.0,0.0,0.0,0.0,1.25,0.0,1.25,escaped,escaped,escaped,escaped,[],[],0,[],0,[],0,[],0,[],zero_threshold_velocity_resolved_capture,"base-search timeout evidence was superseded by the complete dual-timestep zero-threshold audit, including adaptive node-only escalation where required",velocity_resolved_capture,nonmonotone finite-speed capture retained as a direct boolean mask,True
12,13,True,2,"[0.0,0.25]",0.2,5e-06,2.5e-06,0,[],0.0,0.0,0.0,1.75,2.0,bounded_core_residence,escaped,0.0,1.75,1.75,1.75,2.0,1.75,2.0,bounded_core_residence,escaped,bounded_core_residence,escaped,[],[],0,[],0,[],0,[],0,[],zero_threshold_grid_resolved_capture,"base-search timeout evidence was superseded by the complete dual-timestep zero-threshold audit, including adaptive node-only escalation where required",grid_resolved_capture,dual-timestep direct grid recovered a contiguous zero-origin capture boundary,False
12,14,True,2,"[0.0,0.25]",0.2,5e-06,2.5e-06,0,[],0.0,0.0,0.0,0.0,0.75,escaped,escaped,0.0,0.0,0.0,0.0,0.75,0.0,0.75,escaped,escaped,escaped,escaped,[],[],0,[],0,[],0,[],0,[],zero_threshold_velocity_resolved_capture,"base-search timeout evidence was superseded by the complete dual-timestep zero-threshold audit, including adaptive node-only escalation where required",velocity_resolved_capture,nonmonotone finite-speed capture retained as a direct boolean mask,True
12,15,True,2,"[0.0,0.25]",0.2,5e-06,2.5e-06,0,[],0.0,0.0,0.0,1.75,2.0,two_core_entries,escaped,0.0,1.75,1.75,1.75,2.0,1.75,2.0,two_core_entries,escaped,two_core_entries,escaped,[],[],0,[],0,[],0,[],0,[],zero_threshold_grid_resolved_capture,"base-search timeout evidence was superseded by the complete dual-timestep zero-threshold audit, including adaptive node-only escalation where required",grid_resolved_capture,dual-timestep direct grid recovered a contiguous zero-origin capture boundary,False
12,16,True,2,"[0.0,0.25]",0.2,5e-06,2.5e-06,0,[],0.0,0.0,0.0,2.0,2.25,bounded_core_residence,escaped,0.0,2.0,2.0,2.0,2.25,2.0,2.25,bounded_core_residence,escaped,bounded_core_residence,escaped,[],[],0,[],0,[],0,[],0,[],zero_threshold_grid_resolved_capture,"base-search timeout evidence was superseded by the complete dual-timestep zero-threshold audit, including adaptive node-only escalation where required",grid_resolved_capture,dual-timestep direct grid recovered a contiguous zero-origin capture boundary,False
12,17,True,5,"[1.23046875,1.25,1.8359375,2.5,3.046875]",0.2,5e-06,2.5e-06,0,[],0.0,0.0,0.0,3.046875,3.18359375,two_core_entries,escaped,1.0791015625,3.046875,3.046875,3.046875,3.18359375,3.046875,3.18359375,two_core_entries,escaped,two_core_entries,escaped,"[{""speed_m_per_s"":1.23046875,""trapped"":true,""termination_reason"":""two_core_entries""},{""speed_m_per_s"":1.25,""trapped"":true,""termination_reason"":""two_core_entries""},{""speed_m_per_s"":1.8359375,""trapped"":true,""termination_reason"":""two_core_entries""},{""speed_m_per_s"":2.5,""trapped"":true,""termination_reason"":""bounded_core_residence""},{""speed_m_per_s"":3.046875,""trapped"":true,""termination_reason"":""two_core_entries""}]","[{""speed_m_per_s"":1.23046875,""trapped"":true,""termination_reason"":""two_core_entries""},{""speed_m_per_s"":1.25,""trapped"":true,""termination_reason"":""two_core_entries""},{""speed_m_per_s"":1.8359375,""trapped"":true,""termination_reason"":""two_core_entries""},{""speed_m_per_s"":2.5,""trapped"":true,""termination_reason"":""bounded_core_residence""},{""speed_m_per_s"":3.046875,""trapped"":true,""termination_reason"":""two_core_entries""}]",0,[],0,[],0,[],0,[],dual_step_research_recovered_boundary,"targeted timeout-node or endpoint evidence changed or remained non-definitive; complete 200 ms coarse/fine searches recovered compatible definitive brackets, and any internally censored nodes were resolved by the bounded adaptive dual-timestep hierarchy",not_applicable,positive scalar capture threshold,False
12,18,True,2,"[0.0,0.25]",0.2,5e-06,2.5e-06,0,[],0.0,0.0,0.0,1.0,1.25,two_core_entries,escaped,0.0,1.0,1.0,1.0,1.25,1.0,1.25,two_core_entries,escaped,two_core_entries,escaped,[],[],0,[],0,[],0,[],0,[],zero_threshold_grid_resolved_capture,"base-search timeout evidence was superseded by the complete dual-timestep zero-threshold audit, including adaptive node-only escalation where required",grid_resolved_capture,dual-timestep direct grid recovered a contiguous zero-origin capture boundary,False
12,19,True,2,"[0.0,0.25]",0.2,5e-06,2.5e-06,0,[],0.0,0.0,0.0,0.0,0.25,escaped,escaped,0.0,0.0,0.0,0.0,0.25,0.0,0.25,escaped,escaped,escaped,escaped,[],[],0,[],0,[],0,[],0,[],zero_threshold_velocity_resolved_capture,"base-search timeout evidence was superseded by the complete dual-timestep zero-threshold audit, including adaptive node-only escalation where required",velocity_resolved_capture,nonmonotone finite-speed capture retained as a direct boolean mask,True
12,20,True,2,"[0.0,0.25]",0.2,5e-06,2.5e-06,0,[],0.0,0.0,0.0,0.0,1.75,escaped,escaped,0.0,0.0,0.0,0.0,1.75,0.0,1.75,escaped,escaped,escaped,escaped,[],[],0,[],0,[],0,[],0,[],zero_threshold_velocity_resolved_capture,"base-search timeout evidence was superseded by the complete dual-timestep zero-threshold audit, including adaptive node-only escalation where required",velocity_resolved_capture,nonmonotone finite-speed capture retained as a direct boolean mask,True
12,21,True,2,"[0.0,0.25]",0.2,5e-06,2.5e-06,0,[],0.0,0.0,0.0,0.0,1.0,escaped,escaped,0.0,0.0,0.0,0.0,1.0,0.0,1.0,escaped,escaped,escaped,escaped,[],[],0,[],0,[],0,[],0,[],zero_threshold_velocity_resolved_capture,"base-search timeout evidence was superseded by the complete dual-timestep zero-threshold audit, including adaptive node-only escalation where required",velocity_resolved_capture,nonmonotone finite-speed capture retained as a direct boolean mask,True
12,22,True,2,"[0.0,0.25]",0.2,5e-06,2.5e-06,0,[],0.0,0.0,0.0,2.25,2.5,two_core_entries,escaped,0.0,2.25,2.25,2.25,2.5,2.25,2.5,two_core_entries,escaped,two_core_entries,escaped,[],[],0,[],0,[],0,[],0,[],zero_threshold_grid_resolved_capture,"base-search timeout evidence was superseded by the complete dual-timestep zero-threshold audit, including adaptive node-only escalation where required",grid_resolved_capture,dual-timestep direct grid recovered a contiguous zero-origin capture boundary,False
12,23,True,2,"[0.0,0.25]",0.2,5e-06,2.5e-06,0,[],0.0,0.0,0.0,0.0,0.75,escaped,escaped,0.0,0.0,0.0,0.0,0.75,0.0,0.75,escaped,escaped,escaped,escaped,[],[],0,[],0,[],0,[],0,[],zero_threshold_velocity_resolved_capture,"base-search timeout evidence was superseded by the complete dual-timestep zero-threshold audit, including adaptive node-only escalation where required",velocity_resolved_capture,nonmonotone finite-speed capture retained as a direct boolean mask,True
12,24,True,2,"[0.0,0.25]",0.2,5e-06,2.5e-06,1,"[{""level_index"":1,""duration_s"":0.25,""coarse_time_step_s"":5e-06,""fine_time_step_s"":2.5e-06,""velocity_m_per_s"":0.75,""resolved"":true,""coarse_result"":{""trapped"":true,""termination_reason"":""bounded_core_residence"",""elapsed_time_s"":0.23582000000016545,""minimum_radius_m"":0.001129006142203836,""final_radius_m"":0.0011502824635318632,""final_position_m"":[-0.0005666296169071205,-0.0009883629078071686,0.00015880612590067348],""final_velocity_m_per_s"":[0.20834070858229153,-0.14879087778799865,0.29785904346089676],""entered_trap_core"":true,""core_entry_count"":1},""fine_result"":{""trapped"":true,""termination_reason"":""bounded_core_residence"",""elapsed_time_s"":0.23581999999958547,""minimum_radius_m"":0.0011290061422057841,""final_radius_m"":0.0011502824635311372,""final_position_m"":[-0.0005666296169149717,-0.0009883629078033566,0.00015880612589112508],""final_velocity_m_per_s"":[0.20834070858284787,-0.14879087778869468,0.29785904346198117],""entered_trap_core"":true,""core_entry_count"":1}}]",0.25,5e-06,2.5e-06,0.0,1.25,escaped,escaped,0.0,0.0,0.0,0.0,1.25,0.0,1.25,escaped,escaped,escaped,escaped,[],[],0,[],0,[],0,[],0,[],zero_threshold_velocity_resolved_capture,"base-search timeout evidence was superseded by the complete dual-timestep zero-threshold audit, including adaptive node-only escalation where required",velocity_resolved_capture,nonmonotone finite-speed capture retained as a direct boolean mask,True
13,0,True,2,"[0.0,0.25]",0.2,5e-06,2.5e-06,0,[],0.0,0.0,0.0,0.0,1.0,escaped,escaped,0.0,0.0,0.0,0.0,1.0,0.0,1.0,escaped,escaped,escaped,escaped,[],[],0,[],0,[],0,[],0,[],zero_threshold_velocity_resolved_capture,"base-search timeout evidence was superseded by the complete dual-timestep zero-threshold audit, including adaptive node-only escalation where required",velocity_resolved_capture,nonmonotone finite-speed capture retained as a direct boolean mask,True
13,1,True,2,"[0.0,0.25]",0.2,5e-06,2.5e-06,0,[],0.0,0.0,0.0,1.0,1.25,two_core_entries,escaped,0.0,1.0,1.0,1.0,1.25,1.0,1.25,two_core_entries,escaped,two_core_entries,escaped,[],[],0,[],0,[],0,[],0,[],zero_threshold_grid_resolved_capture,"base-search timeout evidence was superseded by the complete dual-timestep zero-threshold audit, including adaptive node-only escalation where required",grid_resolved_capture,dual-timestep direct grid recovered a contiguous zero-origin capture boundary,False
13,2,True,2,"[0.0,0.25]",0.2,5e-06,2.5e-06,0,[],0.0,0.0,0.0,0.75,1.0,bounded_core_residence,escaped,0.0,0.75,0.75,0.75,1.0,0.75,1.0,bounded_core_residence,escaped,bounded_core_residence,escaped,[],[],0,[],0,[],0,[],0,[],zero_threshold_grid_resolved_capture,"base-search timeout evidence was superseded by the complete dual-timestep zero-threshold audit, including adaptive node-only escalation where required",grid_resolved_capture,dual-timestep direct grid recovered a contiguous zero-origin capture boundary,False
13,3,True,2,"[0.0,0.25]",0.2,5e-06,2.5e-06,0,[],0.0,0.0,0.0,0.5,0.75,two_core_entries,escaped,0.0,0.5,0.5,0.5,0.75,0.5,0.75,two_core_entries,escaped,two_core_entries,escaped,[],[],0,[],0,[],0,[],0,[],zero_threshold_grid_resolved_capture,"base-search timeout evidence was superseded by the complete dual-timestep zero-threshold audit, including adaptive node-only escalation where required",grid_resolved_capture,dual-timestep direct grid recovered a contiguous zero-origin capture boundary,False
13,4,True,2,"[0.0,0.25]",0.2,5e-06,2.5e-06,0,[],0.0,0.0,0.0,1.0,1.25,two_core_entries,escaped,0.0,1.0,1.0,1.0,1.25,1.0,1.25,two_core_entries,escaped,two_core_entries,escaped,[],[],0,[],0,[],0,[],0,[],zero_threshold_grid_resolved_capture,"base-search timeout evidence was superseded by the complete dual-timestep zero-threshold audit, including adaptive node-only escalation where required",grid_resolved_capture,dual-timestep direct grid recovered a contiguous zero-origin capture boundary,False
13,5,True,2,"[0.0,0.25]",0.2,5e-06,2.5e-06,0,[],0.0,0.0,0.0,0.0,1.0,escaped,escaped,0.0,0.0,0.0,0.0,1.0,0.0,1.0,escaped,escaped,escaped,escaped,[],[],0,[],0,[],0,[],0,[],zero_threshold_velocity_resolved_capture,"base-search timeout evidence was superseded by the complete dual-timestep zero-threshold audit, including adaptive node-only escalation where required",velocity_resolved_capture,nonmonotone finite-speed capture retained as a direct boolean mask,True
13,6,True,1,[0.0],0.2,5e-06,2.5e-06,0,[],0.0,0.0,0.0,1.25,1.5,two_core_entries,escaped,0.0,1.25,1.25,1.25,1.5,1.25,1.5,two_core_entries,escaped,two_core_entries,escaped,[],[],0,[],0,[],0,[],0,[],zero_threshold_grid_resolved_capture,"base-search timeout evidence was superseded by the complete dual-timestep zero-threshold audit, including adaptive node-only escalation where required",grid_resolved_capture,dual-timestep direct grid recovered a contiguous zero-origin capture boundary,False
13,7,True,2,"[0.0,0.25]",0.2,5e-06,2.5e-06,0,[],0.0,0.0,0.0,0.5,0.75,bounded_core_residence,escaped,0.0,0.5,0.5,0.5,0.75,0.5,0.75,bounded_core_residence,escaped,bounded_core_residence,escaped,[],[],0,[],0,[],0,[],0,[],zero_threshold_grid_resolved_capture,"base-search timeout evidence was superseded by the complete dual-timestep zero-threshold audit, including adaptive node-only escalation where required",grid_resolved_capture,dual-timestep direct grid recovered a contiguous zero-origin capture boundary,False
13,8,True,2,"[0.0,0.25]",0.2,5e-06,2.5e-06,0,[],0.0,0.0,0.0,0.5,0.75,two_core_entries,escaped,0.0,0.5,0.5,0.5,0.75,0.5,0.75,two_core_entries,escaped,two_core_entries,escaped,[],[],0,[],0,[],0,[],0,[],zero_threshold_grid_resolved_capture,"base-search timeout evidence was superseded by the complete dual-timestep zero-threshold audit, including adaptive node-only escalation where required",grid_resolved_capture,dual-timestep direct grid recovered a contiguous zero-origin capture boundary,False
13,9,True,2,"[0.0,0.25]",0.2,5e-06,2.5e-06,0,[],0.0,0.0,0.0,0.0,1.0,escaped,escaped,0.0,0.0,0.0,0.0,1.0,0.0,1.0,escaped,escaped,escaped,escaped,[],[],0,[],0,[],0,[],0,[],zero_threshold_velocity_resolved_capture,"base-search timeout evidence was superseded by the complete dual-timestep zero-threshold audit, including adaptive node-only escalation where required",velocity_resolved_capture,nonmonotone finite-speed capture retained as a direct boolean mask,True
13,10,True,2,"[0.0,0.25]",0.2,5e-06,2.5e-06,0,[],0.0,0.0,0.0,0.75,1.0,two_core_entries,escaped,0.0,0.75,0.75,0.75,1.0,0.75,1.0,two_core_entries,escaped,two_core_entries,escaped,[],[],0,[],0,[],0,[],0,[],zero_threshold_grid_resolved_capture,"base-search timeout evidence was superseded by the complete dual-timestep zero-threshold audit, including adaptive node-only escalation where required",grid_resolved_capture,dual-timestep direct grid recovered a contiguous zero-origin capture boundary,False
13,11,True,2,"[0.0,0.25]",0.2,5e-06,2.5e-06,0,[],0.0,0.0,0.0,0.5,0.75,two_core_entries,escaped,0.0,0.5,0.5,0.5,0.75,0.5,0.75,two_core_entries,escaped,two_core_entries,escaped,[],[],0,[],0,[],0,[],0,[],zero_threshold_grid_resolved_capture,"base-search timeout evidence was superseded by the complete dual-timestep zero-threshold audit, including adaptive node-only escalation where required",grid_resolved_capture,dual-timestep direct grid recovered a contiguous zero-origin capture boundary,False
13,12,True,2,"[0.0,0.25]",0.2,5e-06,2.5e-06,0,[],0.0,0.0,0.0,0.75,1.0,two_core_entries,escaped,0.0,0.75,0.75,0.75,1.0,0.75,1.0,two_core_entries,escaped,two_core_entries,escaped,[],[],0,[],0,[],0,[],0,[],zero_threshold_grid_resolved_capture,"base-search timeout evidence was superseded by the complete dual-timestep zero-threshold audit, including adaptive node-only escalation where required",grid_resolved_capture,dual-timestep direct grid recovered a contiguous zero-origin capture boundary,False
13,13,True,2,"[0.3125,0.625]",0.2,5e-06,2.5e-06,0,[],0.0,0.0,0.0,0.625,0.7763671875,bounded_core_residence,escaped,0.15625,0.625,0.625,0.625,0.7763671875,0.625,0.7763671875,bounded_core_residence,escaped,bounded_core_residence,escaped,"[{""speed_m_per_s"":0.3125,""trapped"":true,""termination_reason"":""two_core_entries""},{""speed_m_per_s"":0.625,""trapped"":true,""termination_reason"":""bounded_core_residence""}]","[{""speed_m_per_s"":0.3125,""trapped"":true,""termination_reason"":""two_core_entries""},{""speed_m_per_s"":0.625,""trapped"":true,""termination_reason"":""bounded_core_residence""}]",0,[],0,[],0,[],0,[],dual_step_research_recovered_boundary,"targeted timeout-node or endpoint evidence changed or remained non-definitive; complete 200 ms coarse/fine searches recovered compatible definitive brackets, and any internally censored nodes were resolved by the bounded adaptive dual-timestep hierarchy",not_applicable,positive scalar capture threshold,False
13,14,True,2,"[0.0,0.25]",0.2,5e-06,2.5e-06,0,[],0.0,0.0,0.0,0.5,0.75,bounded_core_residence,escaped,0.0,0.5,0.5,0.5,0.75,0.5,0.75,bounded_core_residence,escaped,bounded_core_residence,escaped,[],[],0,[],0,[],0,[],0,[],zero_threshold_grid_resolved_capture,"base-search timeout evidence was superseded by the complete dual-timestep zero-threshold audit, including adaptive node-only escalation where required",grid_resolved_capture,dual-timestep direct grid recovered a contiguous zero-origin capture boundary,False
13,15,True,2,"[0.0,0.25]",0.2,5e-06,2.5e-06,0,[],0.0,0.0,0.0,0.75,1.0,two_core_entries,escaped,0.0,0.75,0.75,0.75,1.0,0.75,1.0,two_core_entries,escaped,two_core_entries,escaped,[],[],0,[],0,[],0,[],0,[],zero_threshold_grid_resolved_capture,"base-search timeout evidence was superseded by the complete dual-timestep zero-threshold audit, including adaptive node-only escalation where required",grid_resolved_capture,dual-timestep direct grid recovered a contiguous zero-origin capture boundary,False
13,16,True,1,[0.0],0.2,5e-06,2.5e-06,0,[],0.0,0.0,0.0,1.25,1.5,two_core_entries,escaped,0.0,1.25,1.25,1.25,1.5,1.25,1.5,two_core_entries,escaped,two_core_entries,escaped,[],[],0,[],0,[],0,[],0,[],zero_threshold_grid_resolved_capture,"base-search timeout evidence was superseded by the complete dual-timestep zero-threshold audit, including adaptive node-only escalation where required",grid_resolved_capture,dual-timestep direct grid recovered a contiguous zero-origin capture boundary,False
13,17,True,2,"[0.0,0.25]",0.2,5e-06,2.5e-06,0,[],0.0,0.0,0.0,0.0,0.5,escaped,escaped,0.0,0.0,0.0,0.0,0.5,0.0,0.5,escaped,escaped,escaped,escaped,[],[],0,[],0,[],0,[],0,[],zero_threshold_velocity_resolved_capture,"base-search timeout evidence was superseded by the complete dual-timestep zero-threshold audit, including adaptive node-only escalation where required",velocity_resolved_capture,nonmonotone finite-speed capture retained as a direct boolean mask,True
13,18,True,2,"[0.0,0.25]",0.2,5e-06,2.5e-06,0,[],0.0,0.0,0.0,0.5,0.75,two_core_entries,escaped,0.0,0.5,0.5,0.5,0.75,0.5,0.75,two_core_entries,escaped,two_core_entries,escaped,[],[],0,[],0,[],0,[],0,[],zero_threshold_grid_resolved_capture,"base-search timeout evidence was superseded by the complete dual-timestep zero-threshold audit, including adaptive node-only escalation where required",grid_resolved_capture,dual-timestep direct grid recovered a contiguous zero-origin capture boundary,False
13,19,True,2,"[0.0,0.25]",0.2,5e-06,2.5e-06,0,[],0.0,0.0,0.0,0.0,1.0,escaped,escaped,0.0,0.0,0.0,0.0,1.0,0.0,1.0,escaped,escaped,escaped,escaped,[],[],0,[],0,[],0,[],0,[],zero_threshold_velocity_resolved_capture,"base-search timeout evidence was superseded by the complete dual-timestep zero-threshold audit, including adaptive node-only escalation where required",velocity_resolved_capture,nonmonotone finite-speed capture retained as a direct boolean mask,True
13,20,True,2,"[0.0,0.25]",0.2,5e-06,2.5e-06,0,[],0.0,0.0,0.0,0.0,1.0,escaped,escaped,0.0,0.0,0.0,0.0,1.0,0.0,1.0,escaped,escaped,escaped,escaped,[],[],0,[],0,[],0,[],0,[],zero_threshold_velocity_resolved_capture,"base-search timeout evidence was superseded by the complete dual-timestep zero-threshold audit, including adaptive node-only escalation where required",velocity_resolved_capture,nonmonotone finite-speed capture retained as a direct boolean mask,True
13,21,True,2,"[0.3125,0.625]",0.2,5e-06,2.5e-06,0,[],0.0,0.0,0.0,0.7763671875,0.927734375,two_core_entries,escaped,0.15625,0.7763671875,0.7763671875,0.7763671875,0.927734375,0.7763671875,0.927734375,two_core_entries,escaped,two_core_entries,escaped,"[{""speed_m_per_s"":0.3125,""trapped"":true,""termination_reason"":""two_core_entries""},{""speed_m_per_s"":0.625,""trapped"":true,""termination_reason"":""two_core_entries""}]","[{""speed_m_per_s"":0.3125,""trapped"":true,""termination_reason"":""two_core_entries""},{""speed_m_per_s"":0.625,""trapped"":true,""termination_reason"":""two_core_entries""}]",0,[],0,[],0,[],0,[],dual_step_research_recovered_boundary,"targeted timeout-node or endpoint evidence changed or remained non-definitive; complete 200 ms coarse/fine searches recovered compatible definitive brackets, and any internally censored nodes were resolved by the bounded adaptive dual-timestep hierarchy",not_applicable,positive scalar capture threshold,False
13,22,True,2,"[0.0,0.25]",0.2,5e-06,2.5e-06,0,[],0.0,0.0,0.0,0.75,1.0,two_core_entries,escaped,0.0,0.75,0.75,0.75,1.0,0.75,1.0,two_core_entries,escaped,two_core_entries,escaped,[],[],0,[],0,[],0,[],0,[],zero_threshold_grid_resolved_capture,"base-search timeout evidence was superseded by the complete dual-timestep zero-threshold audit, including adaptive node-only escalation where required",grid_resolved_capture,dual-timestep direct grid recovered a contiguous zero-origin capture boundary,False
13,23,True,2,"[0.0,0.25]",0.2,5e-06,2.5e-06,0,[],0.0,0.0,0.0,0.25,0.5,two_core_entries,escaped,0.0,0.25,0.25,0.25,0.5,0.25,0.5,two_core_entries,escaped,two_core_entries,escaped,[],[],0,[],0,[],0,[],0,[],zero_threshold_grid_resolved_capture,"base-search timeout evidence was superseded by the complete dual-timestep zero-threshold audit, including adaptive node-only escalation where required",grid_resolved_capture,dual-timestep direct grid recovered a contiguous zero-origin capture boundary,False
13,24,True,1,[0.0],0.2,5e-06,2.5e-06,0,[],0.0,0.0,0.0,0.0,0.25,escaped,escaped,0.0,0.0,0.0,0.0,0.25,0.0,0.25,escaped,escaped,escaped,escaped,[],[],0,[],0,[],0,[],0,[],zero_threshold_confirmed_zero_capture,"base-search timeout evidence was superseded by the complete dual-timestep zero-threshold audit, including adaptive node-only escalation where required",confirmed_zero_capture,dual-timestep direct velocity scan contains no capture,False
14,0,True,2,"[0.0,0.25]",0.2,5e-06,2.5e-06,0,[],0.0,0.0,0.0,0.0,1.0,escaped,escaped,0.0,0.0,0.0,0.0,1.0,0.0,1.0,escaped,escaped,escaped,escaped,[],[],0,[],0,[],0,[],0,[],zero_threshold_velocity_resolved_capture,"base-search timeout evidence was superseded by the complete dual-timestep zero-threshold audit, including adaptive node-only escalation where required",velocity_resolved_capture,nonmonotone finite-speed capture retained as a direct boolean mask,True
14,1,True,2,"[0.0,0.25]",0.2,5e-06,2.5e-06,0,[],0.0,0.0,0.0,0.25,0.5,bounded_core_residence,escaped,0.0,0.25,0.25,0.25,0.5,0.25,0.5,bounded_core_residence,escaped,bounded_core_residence,escaped,[],[],0,[],0,[],0,[],0,[],zero_threshold_grid_resolved_capture,"base-search timeout evidence was superseded by the complete dual-timestep zero-threshold audit, including adaptive node-only escalation where required",grid_resolved_capture,dual-timestep direct grid recovered a contiguous zero-origin capture boundary,False
14,2,True,1,[0.25],0.2,5e-06,2.5e-06,0,[],0.0,0.0,0.0,0.0,0.75,escaped,escaped,0.0,0.0,0.0,0.0,0.75,0.0,0.75,escaped,escaped,escaped,escaped,[],[],0,[],0,[],0,[],0,[],zero_threshold_velocity_resolved_capture,"base-search timeout evidence was superseded by the complete dual-timestep zero-threshold audit, including adaptive node-only escalation where required",velocity_resolved_capture,nonmonotone finite-speed capture retained as a direct boolean mask,True
14,3,True,2,"[0.0,0.25]",0.2,5e-06,2.5e-06,0,[],0.0,0.0,0.0,0.0,1.25,escaped,escaped,0.0,0.0,0.0,0.0,1.25,0.0,1.25,escaped,escaped,escaped,escaped,[],[],0,[],0,[],0,[],0,[],zero_threshold_velocity_resolved_capture,"base-search timeout evidence was superseded by the complete dual-timestep zero-threshold audit, including adaptive node-only escalation where required",velocity_resolved_capture,nonmonotone finite-speed capture retained as a direct boolean mask,True
14,4,True,2,"[0.0,0.25]",0.2,5e-06,2.5e-06,0,[],0.0,0.0,0.0,0.0,0.25,escaped,escaped,0.0,0.0,0.0,0.0,0.25,0.0,0.25,escaped,escaped,escaped,escaped,[],[],0,[],0,[],0,[],0,[],zero_threshold_velocity_resolved_capture,"base-search timeout evidence was superseded by the complete dual-timestep zero-threshold audit, including adaptive node-only escalation where required",velocity_resolved_capture,nonmonotone finite-speed capture retained as a direct boolean mask,True
14,5,True,2,"[0.0,0.25]",0.2,5e-06,2.5e-06,0,[],0.0,0.0,0.0,1.0,1.25,two_core_entries,escaped,0.0,1.0,1.0,1.0,1.25,1.0,1.25,two_core_entries,escaped,two_core_entries,escaped,[],[],0,[],0,[],0,[],0,[],zero_threshold_grid_resolved_capture,"base-search timeout evidence was superseded by the complete dual-timestep zero-threshold audit, including adaptive node-only escalation where required",grid_resolved_capture,dual-timestep direct grid recovered a contiguous zero-origin capture boundary,False
14,6,True,2,"[0.0,0.25]",0.2,5e-06,2.5e-06,0,[],0.0,0.0,0.0,0.0,0.75,escaped,escaped,0.0,0.0,0.0,0.0,0.75,0.0,0.75,escaped,escaped,escaped,escaped,[],[],0,[],0,[],0,[],0,[],zero_threshold_velocity_resolved_capture,"base-search timeout evidence was superseded by the complete dual-timestep zero-threshold audit, including adaptive node-only escalation where required",velocity_resolved_capture,nonmonotone finite-speed capture retained as a direct boolean mask,True
14,7,True,2,"[0.0,0.25]",0.2,5e-06,2.5e-06,0,[],0.0,0.0,0.0,1.25,1.5,two_core_entries,escaped,0.0,1.25,1.25,1.25,1.5,1.25,1.5,two_core_entries,escaped,two_core_entries,escaped,[],[],0,[],0,[],0,[],0,[],zero_threshold_grid_resolved_capture,"base-search timeout evidence was superseded by the complete dual-timestep zero-threshold audit, including adaptive node-only escalation where required",grid_resolved_capture,dual-timestep direct grid recovered a contiguous zero-origin capture boundary,False
14,8,True,1,[0.25],0.2,5e-06,2.5e-06,0,[],0.0,0.0,0.0,0.0,0.75,escaped,escaped,0.0,0.0,0.0,0.0,0.75,0.0,0.75,escaped,escaped,escaped,escaped,[],[],0,[],0,[],0,[],0,[],zero_threshold_velocity_resolved_capture,"base-search timeout evidence was superseded by the complete dual-timestep zero-threshold audit, including adaptive node-only escalation where required",velocity_resolved_capture,nonmonotone finite-speed capture retained as a direct boolean mask,True
14,9,True,2,"[0.0,0.25]",0.2,5e-06,2.5e-06,0,[],0.0,0.0,0.0,0.75,1.0,two_core_entries,escaped,0.0,0.75,0.75,0.75,1.0,0.75,1.0,two_core_entries,escaped,two_core_entries,escaped,[],[],0,[],0,[],0,[],0,[],zero_threshold_grid_resolved_capture,"base-search timeout evidence was superseded by the complete dual-timestep zero-threshold audit, including adaptive node-only escalation where required",grid_resolved_capture,dual-timestep direct grid recovered a contiguous zero-origin capture boundary,False
14,10,True,2,"[0.0,0.25]",0.2,5e-06,2.5e-06,0,[],0.0,0.0,0.0,1.0,1.25,two_core_entries,escaped,0.0,1.0,1.0,1.0,1.25,1.0,1.25,two_core_entries,escaped,two_core_entries,escaped,[],[],0,[],0,[],0,[],0,[],zero_threshold_grid_resolved_capture,"base-search timeout evidence was superseded by the complete dual-timestep zero-threshold audit, including adaptive node-only escalation where required",grid_resolved_capture,dual-timestep direct grid recovered a contiguous zero-origin capture boundary,False
14,11,True,1,[0.25],0.2,5e-06,2.5e-06,0,[],0.0,0.0,0.0,0.0,0.25,escaped,escaped,0.0,0.0,0.0,0.0,0.25,0.0,0.25,escaped,escaped,escaped,escaped,[],[],0,[],0,[],0,[],0,[],zero_threshold_velocity_resolved_capture,"base-search timeout evidence was superseded by the complete dual-timestep zero-threshold audit, including adaptive node-only escalation where required",velocity_resolved_capture,nonmonotone finite-speed capture retained as a direct boolean mask,True
14,12,True,2,"[0.0,0.25]",0.2,5e-06,2.5e-06,0,[],0.0,0.0,0.0,1.0,1.25,two_core_entries,escaped,0.0,1.0,1.0,1.0,1.25,1.0,1.25,two_core_entries,escaped,two_core_entries,escaped,[],[],0,[],0,[],0,[],0,[],zero_threshold_grid_resolved_capture,"base-search timeout evidence was superseded by the complete dual-timestep zero-threshold audit, including adaptive node-only escalation where required",grid_resolved_capture,dual-timestep direct grid recovered a contiguous zero-origin capture boundary,False
14,13,True,2,"[0.0,0.25]",0.2,5e-06,2.5e-06,0,[],0.0,0.0,0.0,1.25,1.5,two_core_entries,escaped,0.0,1.25,1.25,1.25,1.5,1.25,1.5,two_core_entries,escaped,two_core_entries,escaped,[],[],0,[],0,[],0,[],0,[],zero_threshold_grid_resolved_capture,"base-search timeout evidence was superseded by the complete dual-timestep zero-threshold audit, including adaptive node-only escalation where required",grid_resolved_capture,dual-timestep direct grid recovered a contiguous zero-origin capture boundary,False
14,14,True,2,"[0.0,0.25]",0.2,5e-06,2.5e-06,0,[],0.0,0.0,0.0,0.5,0.75,two_core_entries,escaped,0.0,0.5,0.5,0.5,0.75,0.5,0.75,two_core_entries,escaped,two_core_entries,escaped,[],[],0,[],0,[],0,[],0,[],zero_threshold_grid_resolved_capture,"base-search timeout evidence was superseded by the complete dual-timestep zero-threshold audit, including adaptive node-only escalation where required",grid_resolved_capture,dual-timestep direct grid recovered a contiguous zero-origin capture boundary,False
14,15,True,2,"[0.0,0.25]",0.2,5e-06,2.5e-06,0,[],0.0,0.0,0.0,0.75,1.0,two_core_entries,escaped,0.0,0.75,0.75,0.75,1.0,0.75,1.0,two_core_entries,escaped,two_core_entries,escaped,[],[],0,[],0,[],0,[],0,[],zero_threshold_grid_resolved_capture,"base-search timeout evidence was superseded by the complete dual-timestep zero-threshold audit, including adaptive node-only escalation where required",grid_resolved_capture,dual-timestep direct grid recovered a contiguous zero-origin capture boundary,False
14,16,True,2,"[0.0,0.25]",0.2,5e-06,2.5e-06,0,[],0.0,0.0,0.0,0.0,1.25,escaped,escaped,0.0,0.0,0.0,0.0,1.25,0.0,1.25,escaped,escaped,escaped,escaped,[],[],0,[],0,[],0,[],0,[],zero_threshold_velocity_resolved_capture,"base-search timeout evidence was superseded by the complete dual-timestep zero-threshold audit, including adaptive node-only escalation where required",velocity_resolved_capture,nonmonotone finite-speed capture retained as a direct boolean mask,True
14,17,True,2,"[0.0,0.25]",0.2,5e-06,2.5e-06,0,[],0.0,0.0,0.0,0.75,1.0,bounded_core_residence,escaped,0.0,0.75,0.75,0.75,1.0,0.75,1.0,bounded_core_residence,escaped,bounded_core_residence,escaped,[],[],0,[],0,[],0,[],0,[],zero_threshold_grid_resolved_capture,"base-search timeout evidence was superseded by the complete dual-timestep zero-threshold audit, including adaptive node-only escalation where required",grid_resolved_capture,dual-timestep direct grid recovered a contiguous zero-origin capture boundary,False
14,18,True,5,"[0.46630859375,0.6201171875,0.625,0.927734375,1.25]",0.2,5e-06,2.5e-06,0,[],0.0,0.0,0.0,1.0791015625,1.23046875,two_core_entries,escaped,0.3125,1.0791015625,1.0791015625,1.0791015625,1.23046875,1.0791015625,1.23046875,two_core_entries,escaped,two_core_entries,escaped,"[{""speed_m_per_s"":0.46630859375,""trapped"":true,""termination_reason"":""two_core_entries""},{""speed_m_per_s"":0.6201171875,""trapped"":true,""termination_reason"":""two_core_entries""},{""speed_m_per_s"":0.625,""trapped"":true,""termination_reason"":""two_core_entries""},{""speed_m_per_s"":0.927734375,""trapped"":true,""termination_reason"":""two_core_entries""},{""speed_m_per_s"":1.25,""trapped"":false,""termination_reason"":""escaped""}]","[{""speed_m_per_s"":0.46630859375,""trapped"":true,""termination_reason"":""two_core_entries""},{""speed_m_per_s"":0.6201171875,""trapped"":true,""termination_reason"":""two_core_entries""},{""speed_m_per_s"":0.625,""trapped"":true,""termination_reason"":""two_core_entries""},{""speed_m_per_s"":0.927734375,""trapped"":true,""termination_reason"":""two_core_entries""},{""speed_m_per_s"":1.25,""trapped"":false,""termination_reason"":""escaped""}]",0,[],0,[],0,[],0,[],dual_step_research_recovered_boundary,"targeted timeout-node or endpoint evidence changed or remained non-definitive; complete 200 ms coarse/fine searches recovered compatible definitive brackets, and any internally censored nodes were resolved by the bounded adaptive dual-timestep hierarchy",not_applicable,positive scalar capture threshold,False
14,19,True,2,"[0.0,0.25]",0.2,5e-06,2.5e-06,0,[],0.0,0.0,0.0,0.5,0.75,bounded_core_residence,escaped,0.0,0.5,0.5,0.5,0.75,0.5,0.75,bounded_core_residence,escaped,bounded_core_residence,escaped,[],[],0,[],0,[],0,[],0,[],zero_threshold_grid_resolved_capture,"base-search timeout evidence was superseded by the complete dual-timestep zero-threshold audit, including adaptive node-only escalation where required",grid_resolved_capture,dual-timestep direct grid recovered a contiguous zero-origin capture boundary,False
14,20,True,2,"[0.0,0.25]",0.2,5e-06,2.5e-06,0,[],0.0,0.0,0.0,0.0,1.0,escaped,escaped,0.0,0.0,0.0,0.0,1.0,0.0,1.0,escaped,escaped,escaped,escaped,[],[],0,[],0,[],0,[],0,[],zero_threshold_velocity_resolved_capture,"base-search timeout evidence was superseded by the complete dual-timestep zero-threshold audit, including adaptive node-only escalation where required",velocity_resolved_capture,nonmonotone finite-speed capture retained as a direct boolean mask,True
14,21,True,2,"[0.0,0.25]",0.2,5e-06,2.5e-06,0,[],0.0,0.0,0.0,0.0,1.0,escaped,escaped,0.0,0.0,0.0,0.0,1.0,0.0,1.0,escaped,escaped,escaped,escaped,[],[],0,[],0,[],0,[],0,[],zero_threshold_velocity_resolved_capture,"base-search timeout evidence was superseded by the complete dual-timestep zero-threshold audit, including adaptive node-only escalation where required",velocity_resolved_capture,nonmonotone finite-speed capture retained as a direct boolean mask,True
14,22,True,2,"[0.0,0.25]",0.2,5e-06,2.5e-06,0,[],0.0,0.0,0.0,0.0,1.0,escaped,escaped,0.0,0.0,0.0,0.0,1.0,0.0,1.0,escaped,escaped,escaped,escaped,[],[],0,[],0,[],0,[],0,[],zero_threshold_velocity_resolved_capture,"base-search timeout evidence was superseded by the complete dual-timestep zero-threshold audit, including adaptive node-only escalation where required",velocity_resolved_capture,nonmonotone finite-speed capture retained as a direct boolean mask,True
14,23,True,2,"[0.0,0.25]",0.2,5e-06,2.5e-06,0,[],0.0,0.0,0.0,0.0,0.75,escaped,escaped,0.0,0.0,0.0,0.0,0.75,0.0,0.75,escaped,escaped,escaped,escaped,[],[],0,[],0,[],0,[],0,[],zero_threshold_velocity_resolved_capture,"base-search timeout evidence was superseded by the complete dual-timestep zero-threshold audit, including adaptive node-only escalation where required",velocity_resolved_capture,nonmonotone finite-speed capture retained as a direct boolean mask,True
14,24,True,2,"[0.0,0.25]",0.2,5e-06,2.5e-06,0,[],0.0,0.0,0.0,0.0,0.25,escaped,escaped,0.0,0.0,0.0,0.0,0.25,0.0,0.25,escaped,escaped,escaped,escaped,[],[],0,[],0,[],0,[],0,[],zero_threshold_velocity_resolved_capture,"base-search timeout evidence was superseded by the complete dual-timestep zero-threshold audit, including adaptive node-only escalation where required",velocity_resolved_capture,nonmonotone finite-speed capture retained as a direct boolean mask,True
15,0,True,2,"[0.0,0.25]",0.2,5e-06,2.5e-06,0,[],0.0,0.0,0.0,0.5,0.75,bounded_core_residence,escaped,0.0,0.5,0.5,0.5,0.75,0.5,0.75,bounded_core_residence,escaped,bounded_core_residence,escaped,[],[],0,[],0,[],0,[],0,[],zero_threshold_grid_resolved_capture,"base-search timeout evidence was superseded by the complete dual-timestep zero-threshold audit, including adaptive node-only escalation where required",grid_resolved_capture,dual-timestep direct grid recovered a contiguous zero-origin capture boundary,False
15,1,True,2,"[0.0,0.25]",0.2,5e-06,2.5e-06,0,[],0.0,0.0,0.0,0.0,1.25,escaped,escaped,0.0,0.0,0.0,0.0,1.25,0.0,1.25,escaped,escaped,escaped,escaped,[],[],0,[],0,[],0,[],0,[],zero_threshold_velocity_resolved_capture,"base-search timeout evidence was superseded by the complete dual-timestep zero-threshold audit, including adaptive node-only escalation where required",velocity_resolved_capture,nonmonotone finite-speed capture retained as a direct boolean mask,True
15,2,True,2,"[0.0,0.25]",0.2,5e-06,2.5e-06,0,[],0.0,0.0,0.0,0.0,1.75,escaped,escaped,0.0,0.0,0.0,0.0,1.75,0.0,1.75,escaped,escaped,escaped,escaped,[],[],0,[],0,[],0,[],0,[],zero_threshold_velocity_resolved_capture,"base-search timeout evidence was superseded by the complete dual-timestep zero-threshold audit, including adaptive node-only escalation where required",velocity_resolved_capture,nonmonotone finite-speed capture retained as a direct boolean mask,True
15,3,True,2,"[0.0,0.25]",0.2,5e-06,2.5e-06,0,[],0.0,0.0,0.0,0.75,1.0,bounded_core_residence,escaped,0.0,0.75,0.75,0.75,1.0,0.75,1.0,bounded_core_residence,escaped,bounded_core_residence,escaped,[],[],0,[],0,[],0,[],0,[],zero_threshold_velocity_resolved_capture,"base-search timeout evidence was superseded by the complete dual-timestep zero-threshold audit, including adaptive node-only escalation where required",velocity_resolved_capture,dual-timestep direct grid recovered the zero-origin capture boundary and retained later nonmonotone capture as a boolean mask,True
15,4,True,2,"[0.0,0.25]",0.2,5e-06,2.5e-06,0,[],0.0,0.0,0.0,1.0,1.25,two_core_entries,escaped,0.0,1.0,1.0,1.0,1.25,1.0,1.25,two_core_entries,escaped,two_core_entries,escaped,[],[],0,[],0,[],0,[],0,[],zero_threshold_grid_resolved_capture,"base-search timeout evidence was superseded by the complete dual-timestep zero-threshold audit, including adaptive node-only escalation where required",grid_resolved_capture,dual-timestep direct grid recovered a contiguous zero-origin capture boundary,False
15,5,True,2,"[0.0,0.25]",0.2,5e-06,2.5e-06,0,[],0.0,0.0,0.0,0.0,1.0,escaped,escaped,0.0,0.0,0.0,0.0,1.0,0.0,1.0,escaped,escaped,escaped,escaped,[],[],0,[],0,[],0,[],0,[],zero_threshold_velocity_resolved_capture,"base-search timeout evidence was superseded by the complete dual-timestep zero-threshold audit, including adaptive node-only escalation where required",velocity_resolved_capture,nonmonotone finite-speed capture retained as a direct boolean mask,True
15,6,True,2,"[0.0,0.25]",0.2,5e-06,2.5e-06,0,[],0.0,0.0,0.0,0.5,0.75,two_core_entries,escaped,0.0,0.5,0.5,0.5,0.75,0.5,0.75,two_core_entries,escaped,two_core_entries,escaped,[],[],0,[],0,[],0,[],0,[],zero_threshold_grid_resolved_capture,"base-search timeout evidence was superseded by the complete dual-timestep zero-threshold audit, including adaptive node-only escalation where required",grid_resolved_capture,dual-timestep direct grid recovered a contiguous zero-origin capture boundary,False
15,7,True,2,"[0.0,0.25]",0.2,5e-06,2.5e-06,0,[],0.0,0.0,0.0,0.0,1.25,escaped,escaped,0.0,0.0,0.0,0.0,1.25,0.0,1.25,escaped,escaped,escaped,escaped,[],[],0,[],0,[],0,[],0,[],zero_threshold_velocity_resolved_capture,"base-search timeout evidence was superseded by the complete dual-timestep zero-threshold audit, including adaptive node-only escalation where required",velocity_resolved_capture,nonmonotone finite-speed capture retained as a direct boolean mask,True
15,8,True,2,"[0.0,0.25]",0.2,5e-06,2.5e-06,0,[],0.0,0.0,0.0,0.0,1.0,escaped,escaped,0.0,0.0,0.0,0.0,1.0,0.0,1.0,escaped,escaped,escaped,escaped,[],[],0,[],0,[],0,[],0,[],zero_threshold_velocity_resolved_capture,"base-search timeout evidence was superseded by the complete dual-timestep zero-threshold audit, including adaptive node-only escalation where required",velocity_resolved_capture,nonmonotone finite-speed capture retained as a direct boolean mask,True
15,9,True,2,"[0.0,0.25]",0.2,5e-06,2.5e-06,0,[],0.0,0.0,0.0,0.0,2.0,escaped,escaped,0.0,0.0,0.0,0.0,2.0,0.0,2.0,escaped,escaped,escaped,escaped,[],[],0,[],0,[],0,[],0,[],zero_threshold_velocity_resolved_capture,"base-search timeout evidence was superseded by the complete dual-timestep zero-threshold audit, including adaptive node-only escalation where required",velocity_resolved_capture,nonmonotone finite-speed capture retained as a direct boolean mask,True
15,10,True,2,"[0.0,0.25]",0.2,5e-06,2.5e-06,0,[],0.0,0.0,0.0,0.0,2.0,escaped,escaped,0.0,0.0,0.0,0.0,2.0,0.0,2.0,escaped,escaped,escaped,escaped,[],[],0,[],0,[],0,[],0,[],zero_threshold_velocity_resolved_capture,"base-search timeout evidence was superseded by the complete dual-timestep zero-threshold audit, including adaptive node-only escalation where required",velocity_resolved_capture,nonmonotone finite-speed capture retained as a direct boolean mask,True
15,11,True,2,"[0.0,0.25]",0.2,5e-06,2.5e-06,0,[],0.0,0.0,0.0,0.0,0.25,escaped,escaped,0.0,0.0,0.0,0.0,0.25,0.0,0.25,escaped,escaped,escaped,escaped,[],[],0,[],0,[],0,[],0,[],zero_threshold_velocity_resolved_capture,"base-search timeout evidence was superseded by the complete dual-timestep zero-threshold audit, including adaptive node-only escalation where required",velocity_resolved_capture,nonmonotone finite-speed capture retained as a direct boolean mask,True
15,12,True,2,"[0.0,0.25]",0.2,5e-06,2.5e-06,0,[],0.0,0.0,0.0,1.5,1.75,two_core_entries,escaped,0.0,1.5,1.5,1.5,1.75,1.5,1.75,two_core_entries,escaped,two_core_entries,escaped,[],[],0,[],0,[],0,[],0,[],zero_threshold_grid_resolved_capture,"base-search timeout evidence was superseded by the complete dual-timestep zero-threshold audit, including adaptive node-only escalation where required",grid_resolved_capture,dual-timestep direct grid recovered a contiguous zero-origin capture boundary,False
15,13,True,2,"[0.0,0.25]",0.2,5e-06,2.5e-06,0,[],0.0,0.0,0.0,0.5,0.75,two_core_entries,escaped,0.0,0.5,0.5,0.5,0.75,0.5,0.75,two_core_entries,escaped,two_core_entries,escaped,[],[],0,[],0,[],0,[],0,[],zero_threshold_grid_resolved_capture,"base-search timeout evidence was superseded by the complete dual-timestep zero-threshold audit, including adaptive node-only escalation where required",grid_resolved_capture,dual-timestep direct grid recovered a contiguous zero-origin capture boundary,False
15,14,True,3,"[0.15625,0.3125,0.625]",0.2,5e-06,2.5e-06,0,[],0.0,0.0,0.0,0.5,0.75,two_core_entries,escaped,0.0,0.5,0.5,0.5,0.75,0.5,0.75,two_core_entries,escaped,two_core_entries,escaped,[],[],0,[],0,[],0,[],0,[],zero_threshold_grid_resolved_capture,"base-search timeout evidence was superseded by the complete dual-timestep zero-threshold audit, including adaptive node-only escalation where required",grid_resolved_capture,dual-timestep direct grid recovered a contiguous zero-origin capture boundary,False
15,15,True,2,"[0.0,0.25]",0.2,5e-06,2.5e-06,0,[],0.0,0.0,0.0,0.0,0.25,escaped,escaped,0.0,0.0,0.0,0.0,0.25,0.0,0.25,escaped,escaped,escaped,escaped,[],[],0,[],0,[],0,[],0,[],zero_threshold_velocity_resolved_capture,"base-search timeout evidence was superseded by the complete dual-timestep zero-threshold audit, including adaptive node-only escalation where required",velocity_resolved_capture,nonmonotone finite-speed capture retained as a direct boolean mask,True
15,16,True,4,"[0.15625,0.3125,0.625,1.25]",0.2,5e-06,2.5e-06,0,[],0.0,0.0,0.0,1.25,1.5,bounded_core_residence,escaped,0.0,1.25,1.25,1.25,1.5,1.25,1.5,bounded_core_residence,escaped,bounded_core_residence,escaped,[],[],0,[],0,[],0,[],0,[],zero_threshold_grid_resolved_capture,"base-search timeout evidence was superseded by the complete dual-timestep zero-threshold audit, including adaptive node-only escalation where required",grid_resolved_capture,dual-timestep direct grid recovered a contiguous zero-origin capture boundary,False
15,17,True,1,[0.46630859375],0.2,5e-06,2.5e-06,0,[],0.0,0.0,0.0,0.46630859375,0.6201171875,two_core_entries,escaped,0.3125,0.46630859375,0.46630859375,0.46630859375,0.6201171875,0.46630859375,0.6201171875,two_core_entries,escaped,two_core_entries,escaped,"[{""speed_m_per_s"":0.46630859375,""trapped"":true,""termination_reason"":""two_core_entries""}]","[{""speed_m_per_s"":0.46630859375,""trapped"":true,""termination_reason"":""two_core_entries""}]",0,[],0,[],0,[],0,[],dual_step_research_recovered_boundary,"targeted timeout-node or endpoint evidence changed or remained non-definitive; complete 200 ms coarse/fine searches recovered compatible definitive brackets, and any internally censored nodes were resolved by the bounded adaptive dual-timestep hierarchy",not_applicable,positive scalar capture threshold,False
15,18,True,2,"[0.0,0.25]",0.2,5e-06,2.5e-06,0,[],0.0,0.0,0.0,0.5,0.75,two_core_entries,escaped,0.0,0.5,0.5,0.5,0.75,0.5,0.75,two_core_entries,escaped,two_core_entries,escaped,[],[],0,[],0,[],0,[],0,[],zero_threshold_grid_resolved_capture,"base-search timeout evidence was superseded by the complete dual-timestep zero-threshold audit, including adaptive node-only escalation where required",grid_resolved_capture,dual-timestep direct grid recovered a contiguous zero-origin capture boundary,False
15,19,True,2,"[0.0,0.25]",0.2,5e-06,2.5e-06,0,[],0.0,0.0,0.0,0.0,0.25,escaped,escaped,0.0,0.0,0.0,0.0,0.25,0.0,0.25,escaped,escaped,escaped,escaped,[],[],0,[],0,[],0,[],0,[],zero_threshold_confirmed_zero_capture,"base-search timeout evidence was superseded by the complete dual-timestep zero-threshold audit, including adaptive node-only escalation where required",confirmed_zero_capture,dual-timestep direct velocity scan contains no capture,False
15,20,True,2,"[0.0,0.25]",0.2,5e-06,2.5e-06,0,[],0.0,0.0,0.0,0.0,1.5,escaped,escaped,0.0,0.0,0.0,0.0,1.5,0.0,1.5,escaped,escaped,escaped,escaped,[],[],0,[],0,[],0,[],0,[],zero_threshold_velocity_resolved_capture,"base-search timeout evidence was superseded by the complete dual-timestep zero-threshold audit, including adaptive node-only escalation where required",velocity_resolved_capture,nonmonotone finite-speed capture retained as a direct boolean mask,True
15,21,True,2,"[0.15625,0.3125]",0.2,5e-06,2.5e-06,0,[],0.0,0.0,0.0,0.5,0.75,two_core_entries,escaped,0.0,0.5,0.5,0.5,0.75,0.5,0.75,two_core_entries,escaped,two_core_entries,escaped,[],[],0,[],0,[],0,[],0,[],zero_threshold_grid_resolved_capture,"base-search timeout evidence was superseded by the complete dual-timestep zero-threshold audit, including adaptive node-only escalation where required",grid_resolved_capture,dual-timestep direct grid recovered a contiguous zero-origin capture boundary,False
15,22,True,2,"[0.0,0.25]",0.2,5e-06,2.5e-06,0,[],0.0,0.0,0.0,0.0,1.25,escaped,escaped,0.0,0.0,0.0,0.0,1.25,0.0,1.25,escaped,escaped,escaped,escaped,[],[],0,[],0,[],0,[],0,[],zero_threshold_velocity_resolved_capture,"base-search timeout evidence was superseded by the complete dual-timestep zero-threshold audit, including adaptive node-only escalation where required",velocity_resolved_capture,nonmonotone finite-speed capture retained as a direct boolean mask,True
15,23,True,2,"[0.0,0.25]",0.2,5e-06,2.5e-06,0,[],0.0,0.0,0.0,0.0,1.0,escaped,escaped,0.0,0.0,0.0,0.0,1.0,0.0,1.0,escaped,escaped,escaped,escaped,[],[],0,[],0,[],0,[],0,[],zero_threshold_velocity_resolved_capture,"base-search timeout evidence was superseded by the complete dual-timestep zero-threshold audit, including adaptive node-only escalation where required",velocity_resolved_capture,nonmonotone finite-speed capture retained as a direct boolean mask,True
15,24,True,2,"[0.0,0.25]",0.2,5e-06,2.5e-06,0,[],0.0,0.0,0.0,0.0,2.75,escaped,escaped,0.0,0.0,0.0,0.0,2.75,0.0,2.75,escaped,escaped,escaped,escaped,[],[],0,[],0,[],0,[],0,[],zero_threshold_velocity_resolved_capture,"base-search timeout evidence was superseded by the complete dual-timestep zero-threshold audit, including adaptive node-only escalation where required",velocity_resolved_capture,nonmonotone finite-speed capture retained as a direct boolean mask,True
16,0,True,2,"[0.0,0.25]",0.2,5e-06,2.5e-06,0,[],0.0,0.0,0.0,0.5,0.75,two_core_entries,escaped,0.0,0.5,0.5,0.5,0.75,0.5,0.75,two_core_entries,escaped,two_core_entries,escaped,[],[],0,[],0,[],0,[],0,[],zero_threshold_grid_resolved_capture,"base-search timeout evidence was superseded by the complete dual-timestep zero-threshold audit, including adaptive node-only escalation where required",grid_resolved_capture,dual-timestep direct grid recovered a contiguous zero-origin capture boundary,False
16,1,True,2,"[0.0,0.25]",0.2,5e-06,2.5e-06,0,[],0.0,0.0,0.0,2.25,2.5,two_core_entries,escaped,0.0,2.25,2.25,2.25,2.5,2.25,2.5,two_core_entries,escaped,two_core_entries,escaped,[],[],0,[],0,[],0,[],0,[],zero_threshold_grid_resolved_capture,"base-search timeout evidence was superseded by the complete dual-timestep zero-threshold audit, including adaptive node-only escalation where required",grid_resolved_capture,dual-timestep direct grid recovered a contiguous zero-origin capture boundary,False
16,2,True,2,"[0.0,0.25]",0.2,5e-06,2.5e-06,0,[],0.0,0.0,0.0,0.0,0.75,escaped,escaped,0.0,0.0,0.0,0.0,0.75,0.0,0.75,escaped,escaped,escaped,escaped,[],[],0,[],0,[],0,[],0,[],zero_threshold_velocity_resolved_capture,"base-search timeout evidence was superseded by the complete dual-timestep zero-threshold audit, including adaptive node-only escalation where required",velocity_resolved_capture,nonmonotone finite-speed capture retained as a direct boolean mask,True
16,3,True,2,"[0.0,0.25]",0.2,5e-06,2.5e-06,0,[],0.0,0.0,0.0,0.0,1.25,escaped,escaped,0.0,0.0,0.0,0.0,1.25,0.0,1.25,escaped,escaped,escaped,escaped,[],[],0,[],0,[],0,[],0,[],zero_threshold_velocity_resolved_capture,"base-search timeout evidence was superseded by the complete dual-timestep zero-threshold audit, including adaptive node-only escalation where required",velocity_resolved_capture,nonmonotone finite-speed capture retained as a direct boolean mask,True
16,4,True,2,"[0.0,0.25]",0.2,5e-06,2.5e-06,0,[],0.0,0.0,0.0,0.75,1.0,two_core_entries,escaped,0.0,0.75,0.75,0.75,1.0,0.75,1.0,two_core_entries,escaped,two_core_entries,escaped,[],[],0,[],0,[],0,[],0,[],zero_threshold_grid_resolved_capture,"base-search timeout evidence was superseded by the complete dual-timestep zero-threshold audit, including adaptive node-only escalation where required",grid_resolved_capture,dual-timestep direct grid recovered a contiguous zero-origin capture boundary,False
16,5,True,3,"[1.23046875,1.25,1.8359375]",0.2,5e-06,2.5e-06,0,[],0.0,0.0,0.0,1.982421875,2.12890625,bounded_core_residence,escaped,1.0791015625,1.982421875,1.982421875,1.982421875,2.12890625,1.982421875,2.12890625,bounded_core_residence,escaped,bounded_core_residence,escaped,"[{""speed_m_per_s"":1.23046875,""trapped"":true,""termination_reason"":""two_core_entries""},{""speed_m_per_s"":1.25,""trapped"":true,""termination_reason"":""two_core_entries""},{""speed_m_per_s"":1.8359375,""trapped"":true,""termination_reason"":""two_core_entries""}]","[{""speed_m_per_s"":1.23046875,""trapped"":true,""termination_reason"":""two_core_entries""},{""speed_m_per_s"":1.25,""trapped"":true,""termination_reason"":""two_core_entries""},{""speed_m_per_s"":1.8359375,""trapped"":true,""termination_reason"":""two_core_entries""}]",0,[],0,[],0,[],0,[],dual_step_research_recovered_boundary,"targeted timeout-node or endpoint evidence changed or remained non-definitive; complete 200 ms coarse/fine searches recovered compatible definitive brackets, and any internally censored nodes were resolved by the bounded adaptive dual-timestep hierarchy",not_applicable,positive scalar capture threshold,False
16,6,True,2,"[0.0,0.25]",0.2,5e-06,2.5e-06,0,[],0.0,0.0,0.0,0.75,1.0,two_core_entries,escaped,0.0,0.75,0.75,0.75,1.0,0.75,1.0,two_core_entries,escaped,two_core_entries,escaped,[],[],0,[],0,[],0,[],0,[],zero_threshold_grid_resolved_capture,"base-search timeout evidence was superseded by the complete dual-timestep zero-threshold audit, including adaptive node-only escalation where required",grid_resolved_capture,dual-timestep direct grid recovered a contiguous zero-origin capture boundary,False
16,7,True,2,"[0.0,0.25]",0.2,5e-06,2.5e-06,0,[],0.0,0.0,0.0,2.75,3.0,bounded_core_residence,escaped,0.0,2.75,2.75,2.75,3.0,2.75,3.0,bounded_core_residence,escaped,bounded_core_residence,escaped,[],[],0,[],0,[],0,[],0,[],zero_threshold_grid_resolved_capture,"base-search timeout evidence was superseded by the complete dual-timestep zero-threshold audit, including adaptive node-only escalation where required",grid_resolved_capture,dual-timestep direct grid recovered a contiguous zero-origin capture boundary,False
16,8,True,2,"[0.0,0.25]",0.2,5e-06,2.5e-06,0,[],0.0,0.0,0.0,1.25,1.5,bounded_core_residence,escaped,0.0,1.25,1.25,1.25,1.5,1.25,1.5,bounded_core_residence,escaped,bounded_core_residence,escaped,[],[],0,[],0,[],0,[],0,[],zero_threshold_grid_resolved_capture,"base-search timeout evidence was superseded by the complete dual-timestep zero-threshold audit, including adaptive node-only escalation where required",grid_resolved_capture,dual-timestep direct grid recovered a contiguous zero-origin capture boundary,False
16,9,True,2,"[0.0,0.25]",0.2,5e-06,2.5e-06,0,[],0.0,0.0,0.0,0.0,0.25,escaped,escaped,0.0,0.0,0.0,0.0,0.25,0.0,0.25,escaped,escaped,escaped,escaped,[],[],0,[],0,[],0,[],0,[],zero_threshold_velocity_resolved_capture,"base-search timeout evidence was superseded by the complete dual-timestep zero-threshold audit, including adaptive node-only escalation where required",velocity_resolved_capture,nonmonotone finite-speed capture retained as a direct boolean mask,True
16,10,True,2,"[0.0,0.25]",0.2,5e-06,2.5e-06,0,[],0.0,0.0,0.0,0.0,0.75,escaped,escaped,0.0,0.0,0.0,0.0,0.75,0.0,0.75,escaped,escaped,escaped,escaped,[],[],0,[],0,[],0,[],0,[],zero_threshold_velocity_resolved_capture,"base-search timeout evidence was superseded by the complete dual-timestep zero-threshold audit, including adaptive node-only escalation where required",velocity_resolved_capture,nonmonotone finite-speed capture retained as a direct boolean mask,True
16,11,True,4,"[0.15625,0.3125,0.625,1.25]",0.2,5e-06,2.5e-06,0,[],0.0,0.0,0.0,1.75,2.0,bounded_core_residence,escaped,0.0,1.75,1.75,1.75,2.0,1.75,2.0,bounded_core_residence,escaped,bounded_core_residence,escaped,[],[],0,[],0,[],0,[],0,[],zero_threshold_grid_resolved_capture,"base-search timeout evidence was superseded by the complete dual-timestep zero-threshold audit, including adaptive node-only escalation where required",grid_resolved_capture,dual-timestep direct grid recovered a contiguous zero-origin capture boundary,False
16,12,True,2,"[0.0,0.25]",0.2,5e-06,2.5e-06,0,[],0.0,0.0,0.0,0.0,0.75,escaped,escaped,0.0,0.0,0.0,0.0,0.75,0.0,0.75,escaped,escaped,escaped,escaped,[],[],0,[],0,[],0,[],0,[],zero_threshold_velocity_resolved_capture,"base-search timeout evidence was superseded by the complete dual-timestep zero-threshold audit, including adaptive node-only escalation where required",velocity_resolved_capture,nonmonotone finite-speed capture retained as a direct boolean mask,True
16,13,True,2,"[0.0,0.25]",0.2,5e-06,2.5e-06,0,[],0.0,0.0,0.0,0.0,0.5,escaped,escaped,0.0,0.0,0.0,0.0,0.5,0.0,0.5,escaped,escaped,escaped,escaped,[],[],0,[],0,[],0,[],0,[],zero_threshold_velocity_resolved_capture,"base-search timeout evidence was superseded by the complete dual-timestep zero-threshold audit, including adaptive node-only escalation where required",velocity_resolved_capture,nonmonotone finite-speed capture retained as a direct boolean mask,True
16,14,True,2,"[0.0,0.25]",0.2,5e-06,2.5e-06,0,[],0.0,0.0,0.0,0.0,0.25,escaped,escaped,0.0,0.0,0.0,0.0,0.25,0.0,0.25,escaped,escaped,escaped,escaped,[],[],0,[],0,[],0,[],0,[],zero_threshold_confirmed_zero_capture,"base-search timeout evidence was superseded by the complete dual-timestep zero-threshold audit, including adaptive node-only escalation where required",confirmed_zero_capture,dual-timestep direct velocity scan contains no capture,False
16,15,True,2,"[0.0,0.25]",0.2,5e-06,2.5e-06,0,[],0.0,0.0,0.0,1.25,1.5,bounded_core_residence,escaped,0.0,1.25,1.25,1.25,1.5,1.25,1.5,bounded_core_residence,escaped,bounded_core_residence,escaped,[],[],0,[],0,[],0,[],0,[],zero_threshold_grid_resolved_capture,"base-search timeout evidence was superseded by the complete dual-timestep zero-threshold audit, including adaptive node-only escalation where required",grid_resolved_capture,dual-timestep direct grid recovered a contiguous zero-origin capture boundary,False
16,16,True,2,"[0.0,0.25]",0.2,5e-06,2.5e-06,0,[],0.0,0.0,0.0,0.0,0.75,escaped,escaped,0.0,0.0,0.0,0.0,0.75,0.0,0.75,escaped,escaped,escaped,escaped,[],[],0,[],0,[],0,[],0,[],zero_threshold_velocity_resolved_capture,"base-search timeout evidence was superseded by the complete dual-timestep zero-threshold audit, including adaptive node-only escalation where required",velocity_resolved_capture,nonmonotone finite-speed capture retained as a direct boolean mask,True
16,17,True,2,"[0.0,0.25]",0.2,5e-06,2.5e-06,0,[],0.0,0.0,0.0,0.5,0.75,bounded_core_residence,escaped,0.0,0.5,0.5,0.5,0.75,0.5,0.75,bounded_core_residence,escaped,bounded_core_residence,escaped,[],[],0,[],0,[],0,[],0,[],zero_threshold_grid_resolved_capture,"base-search timeout evidence was superseded by the complete dual-timestep zero-threshold audit, including adaptive node-only escalation where required",grid_resolved_capture,dual-timestep direct grid recovered a contiguous zero-origin capture boundary,False
16,18,True,2,"[0.0,0.25]",0.2,5e-06,2.5e-06,0,[],0.0,0.0,0.0,0.25,0.5,bounded_core_residence,escaped,0.0,0.25,0.25,0.25,0.5,0.25,0.5,bounded_core_residence,escaped,bounded_core_residence,escaped,[],[],0,[],0,[],0,[],0,[],zero_threshold_grid_resolved_capture,"base-search timeout evidence was superseded by the complete dual-timestep zero-threshold audit, including adaptive node-only escalation where required",grid_resolved_capture,dual-timestep direct grid recovered a contiguous zero-origin capture boundary,False
16,19,True,2,"[0.0,0.25]",0.2,5e-06,2.5e-06,0,[],0.0,0.0,0.0,2.25,2.5,bounded_core_residence,escaped,0.0,2.25,2.25,2.25,2.5,2.25,2.5,bounded_core_residence,escaped,bounded_core_residence,escaped,[],[],0,[],0,[],0,[],0,[],zero_threshold_grid_resolved_capture,"base-search timeout evidence was superseded by the complete dual-timestep zero-threshold audit, including adaptive node-only escalation where required",grid_resolved_capture,dual-timestep direct grid recovered a contiguous zero-origin capture boundary,False
16,20,True,2,"[0.0,0.25]",0.2,5e-06,2.5e-06,0,[],0.0,0.0,0.0,0.0,1.25,escaped,escaped,0.0,0.0,0.0,0.0,1.25,0.0,1.25,escaped,escaped,escaped,escaped,[],[],0,[],0,[],0,[],0,[],zero_threshold_velocity_resolved_capture,"base-search timeout evidence was superseded by the complete dual-timestep zero-threshold audit, including adaptive node-only escalation where required",velocity_resolved_capture,nonmonotone finite-speed capture retained as a direct boolean mask,True
16,21,True,2,"[0.0,0.25]",0.2,5e-06,2.5e-06,0,[],0.0,0.0,0.0,0.0,1.0,escaped,escaped,0.0,0.0,0.0,0.0,1.0,0.0,1.0,escaped,escaped,escaped,escaped,[],[],0,[],0,[],0,[],0,[],zero_threshold_velocity_resolved_capture,"base-search timeout evidence was superseded by the complete dual-timestep zero-threshold audit, including adaptive node-only escalation where required",velocity_resolved_capture,nonmonotone finite-speed capture retained as a direct boolean mask,True
16,22,True,2,"[0.0,0.25]",0.2,5e-06,2.5e-06,0,[],0.0,0.0,0.0,0.0,1.0,escaped,escaped,0.0,0.0,0.0,0.0,1.0,0.0,1.0,escaped,escaped,escaped,escaped,[],[],0,[],0,[],0,[],0,[],zero_threshold_velocity_resolved_capture,"base-search timeout evidence was superseded by the complete dual-timestep zero-threshold audit, including adaptive node-only escalation where required",velocity_resolved_capture,nonmonotone finite-speed capture retained as a direct boolean mask,True
16,23,True,2,"[0.0,0.25]",0.2,5e-06,2.5e-06,0,[],0.0,0.0,0.0,1.0,1.25,bounded_core_residence,escaped,0.0,1.0,1.0,1.0,1.25,1.0,1.25,bounded_core_residence,escaped,bounded_core_residence,escaped,[],[],0,[],0,[],0,[],0,[],zero_threshold_grid_resolved_capture,"base-search timeout evidence was superseded by the complete dual-timestep zero-threshold audit, including adaptive node-only escalation where required",grid_resolved_capture,dual-timestep direct grid recovered a contiguous zero-origin capture boundary,False
16,24,True,3,"[0.3125,0.625,1.25]",0.2,5e-06,2.5e-06,0,[],0.0,0.0,0.0,1.25,1.396484375,two_core_entries,escaped,0.15625,1.25,1.25,1.25,1.396484375,1.25,1.396484375,two_core_entries,escaped,two_core_entries,escaped,"[{""speed_m_per_s"":0.3125,""trapped"":true,""termination_reason"":""two_core_entries""},{""speed_m_per_s"":0.625,""trapped"":true,""termination_reason"":""two_core_entries""},{""speed_m_per_s"":1.25,""trapped"":true,""termination_reason"":""two_core_entries""}]","[{""speed_m_per_s"":0.3125,""trapped"":true,""termination_reason"":""two_core_entries""},{""speed_m_per_s"":0.625,""trapped"":true,""termination_reason"":""two_core_entries""},{""speed_m_per_s"":1.25,""trapped"":true,""termination_reason"":""two_core_entries""}]",0,[],0,[],0,[],0,[],dual_step_research_recovered_boundary,"targeted timeout-node or endpoint evidence changed or remained non-definitive; complete 200 ms coarse/fine searches recovered compatible definitive brackets, and any internally censored nodes were resolved by the bounded adaptive dual-timestep hierarchy",not_applicable,positive scalar capture threshold,False
17,0,True,2,"[0.0,0.25]",0.2,5e-06,2.5e-06,0,[],0.0,0.0,0.0,0.0,1.5,escaped,escaped,0.0,0.0,0.0,0.0,1.5,0.0,1.5,escaped,escaped,escaped,escaped,[],[],0,[],0,[],0,[],0,[],zero_threshold_velocity_resolved_capture,"base-search timeout evidence was superseded by the complete dual-timestep zero-threshold audit, including adaptive node-only escalation where required",velocity_resolved_capture,nonmonotone finite-speed capture retained as a direct boolean mask,True
17,1,True,2,"[0.0,0.25]",0.2,5e-06,2.5e-06,0,[],0.0,0.0,0.0,0.0,1.0,escaped,escaped,0.0,0.0,0.0,0.0,1.0,0.0,1.0,escaped,escaped,escaped,escaped,[],[],0,[],0,[],0,[],0,[],zero_threshold_velocity_resolved_capture,"base-search timeout evidence was superseded by the complete dual-timestep zero-threshold audit, including adaptive node-only escalation where required",velocity_resolved_capture,nonmonotone finite-speed capture retained as a direct boolean mask,True
17,2,True,2,"[0.0,0.25]",0.2,5e-06,2.5e-06,0,[],0.0,0.0,0.0,1.5,1.75,two_core_entries,escaped,0.0,1.5,1.5,1.5,1.75,1.5,1.75,two_core_entries,escaped,two_core_entries,escaped,[],[],0,[],0,[],0,[],0,[],zero_threshold_grid_resolved_capture,"base-search timeout evidence was superseded by the complete dual-timestep zero-threshold audit, including adaptive node-only escalation where required",grid_resolved_capture,dual-timestep direct grid recovered a contiguous zero-origin capture boundary,False
17,3,True,2,"[0.0,0.25]",0.2,5e-06,2.5e-06,0,[],0.0,0.0,0.0,6.5,6.75,bounded_core_residence,escaped,0.0,6.5,6.5,6.5,6.75,6.5,6.75,bounded_core_residence,escaped,bounded_core_residence,escaped,[],[],0,[],0,[],0,[],0,[],zero_threshold_grid_resolved_capture,"base-search timeout evidence was superseded by the complete dual-timestep zero-threshold audit, including adaptive node-only escalation where required",grid_resolved_capture,dual-timestep direct grid recovered a contiguous zero-origin capture boundary,False
17,4,True,2,"[0.0,0.25]",0.2,5e-06,2.5e-06,0,[],0.0,0.0,0.0,2.5,2.75,two_core_entries,escaped,0.0,2.5,2.5,2.5,2.75,2.5,2.75,two_core_entries,escaped,two_core_entries,escaped,[],[],0,[],0,[],0,[],0,[],zero_threshold_grid_resolved_capture,"base-search timeout evidence was superseded by the complete dual-timestep zero-threshold audit, including adaptive node-only escalation where required",grid_resolved_capture,dual-timestep direct grid recovered a contiguous zero-origin capture boundary,False
17,5,True,2,"[0.0,0.25]",0.2,5e-06,2.5e-06,0,[],0.0,0.0,0.0,0.75,1.0,bounded_core_residence,escaped,0.0,0.75,0.75,0.75,1.0,0.75,1.0,bounded_core_residence,escaped,bounded_core_residence,escaped,[],[],0,[],0,[],0,[],0,[],zero_threshold_grid_resolved_capture,"base-search timeout evidence was superseded by the complete dual-timestep zero-threshold audit, including adaptive node-only escalation where required",grid_resolved_capture,dual-timestep direct grid recovered a contiguous zero-origin capture boundary,False
17,6,True,1,[0.0],0.2,5e-06,2.5e-06,0,[],0.0,0.0,0.0,7.0,7.25,two_core_entries,escaped,0.0,7.0,7.0,7.0,7.25,7.0,7.25,two_core_entries,escaped,two_core_entries,escaped,[],[],0,[],0,[],0,[],0,[],zero_threshold_grid_resolved_capture,"base-search timeout evidence was superseded by the complete dual-timestep zero-threshold audit, including adaptive node-only escalation where required",grid_resolved_capture,dual-timestep direct grid recovered a contiguous zero-origin capture boundary,False
17,7,True,2,"[0.0,0.25]",0.2,5e-06,2.5e-06,0,[],0.0,0.0,0.0,0.5,0.75,bounded_core_residence,escaped,0.0,0.5,0.5,0.5,0.75,0.5,0.75,bounded_core_residence,escaped,bounded_core_residence,escaped,[],[],0,[],0,[],0,[],0,[],zero_threshold_grid_resolved_capture,"base-search timeout evidence was superseded by the complete dual-timestep zero-threshold audit, including adaptive node-only escalation where required",grid_resolved_capture,dual-timestep direct grid recovered a contiguous zero-origin capture boundary,False
17,8,True,2,"[0.0,0.25]",0.2,5e-06,2.5e-06,0,[],0.0,0.0,0.0,0.0,0.75,escaped,escaped,0.0,0.0,0.0,0.0,0.75,0.0,0.75,escaped,escaped,escaped,escaped,[],[],0,[],0,[],0,[],0,[],zero_threshold_velocity_resolved_capture,"base-search timeout evidence was superseded by the complete dual-timestep zero-threshold audit, including adaptive node-only escalation where required",velocity_resolved_capture,nonmonotone finite-speed capture retained as a direct boolean mask,True
17,9,True,2,"[0.0,0.25]",0.2,5e-06,2.5e-06,0,[],0.0,0.0,0.0,1.25,1.5,two_core_entries,escaped,0.0,1.25,1.25,1.25,1.5,1.25,1.5,two_core_entries,escaped,two_core_entries,escaped,[],[],0,[],0,[],0,[],0,[],zero_threshold_grid_resolved_capture,"base-search timeout evidence was superseded by the complete dual-timestep zero-threshold audit, including adaptive node-only escalation where required",grid_resolved_capture,dual-timestep direct grid recovered a contiguous zero-origin capture boundary,False
17,10,True,2,"[0.0,0.25]",0.2,5e-06,2.5e-06,0,[],0.0,0.0,0.0,0.0,1.25,escaped,escaped,0.0,0.0,0.0,0.0,1.25,0.0,1.25,escaped,escaped,escaped,escaped,[],[],0,[],0,[],0,[],0,[],zero_threshold_velocity_resolved_capture,"base-search timeout evidence was superseded by the complete dual-timestep zero-threshold audit, including adaptive node-only escalation where required",velocity_resolved_capture,nonmonotone finite-speed capture retained as a direct boolean mask,True
17,11,True,2,"[0.0,0.25]",0.2,5e-06,2.5e-06,0,[],0.0,0.0,0.0,0.0,0.25,escaped,escaped,0.0,0.0,0.0,0.0,0.25,0.0,0.25,escaped,escaped,escaped,escaped,[],[],0,[],0,[],0,[],0,[],zero_threshold_confirmed_zero_capture,"base-search timeout evidence was superseded by the complete dual-timestep zero-threshold audit, including adaptive node-only escalation where required",confirmed_zero_capture,dual-timestep direct velocity scan contains no capture,False
17,12,True,2,"[0.0,0.25]",0.2,5e-06,2.5e-06,0,[],0.0,0.0,0.0,1.25,1.5,two_core_entries,escaped,0.0,1.25,1.25,1.25,1.5,1.25,1.5,two_core_entries,escaped,two_core_entries,escaped,[],[],0,[],0,[],0,[],0,[],zero_threshold_grid_resolved_capture,"base-search timeout evidence was superseded by the complete dual-timestep zero-threshold audit, including adaptive node-only escalation where required",grid_resolved_capture,dual-timestep direct grid recovered a contiguous zero-origin capture boundary,False
17,13,True,2,"[0.0,0.25]",0.2,5e-06,2.5e-06,0,[],0.0,0.0,0.0,1.25,1.5,two_core_entries,escaped,0.0,1.25,1.25,1.25,1.5,1.25,1.5,two_core_entries,escaped,two_core_entries,escaped,[],[],0,[],0,[],0,[],0,[],zero_threshold_grid_resolved_capture,"base-search timeout evidence was superseded by the complete dual-timestep zero-threshold audit, including adaptive node-only escalation where required",grid_resolved_capture,dual-timestep direct grid recovered a contiguous zero-origin capture boundary,False
17,14,True,2,"[0.0,0.25]",0.2,5e-06,2.5e-06,0,[],0.0,0.0,0.0,0.5,0.75,two_core_entries,escaped,0.0,0.5,0.5,0.5,0.75,0.5,0.75,two_core_entries,escaped,two_core_entries,escaped,[],[],0,[],0,[],0,[],0,[],zero_threshold_grid_resolved_capture,"base-search timeout evidence was superseded by the complete dual-timestep zero-threshold audit, including adaptive node-only escalation where required",grid_resolved_capture,dual-timestep direct grid recovered a contiguous zero-origin capture boundary,False
17,15,True,2,"[0.0,0.25]",0.2,5e-06,2.5e-06,0,[],0.0,0.0,0.0,0.0,1.0,escaped,escaped,0.0,0.0,0.0,0.0,1.0,0.0,1.0,escaped,escaped,escaped,escaped,[],[],0,[],0,[],0,[],0,[],zero_threshold_velocity_resolved_capture,"base-search timeout evidence was superseded by the complete dual-timestep zero-threshold audit, including adaptive node-only escalation where required",velocity_resolved_capture,nonmonotone finite-speed capture retained as a direct boolean mask,True
17,16,True,2,"[0.0,0.25]",0.2,5e-06,2.5e-06,0,[],0.0,0.0,0.0,1.25,1.5,two_core_entries,escaped,0.0,1.25,1.25,1.25,1.5,1.25,1.5,two_core_entries,escaped,two_core_entries,escaped,[],[],0,[],0,[],0,[],0,[],zero_threshold_grid_resolved_capture,"base-search timeout evidence was superseded by the complete dual-timestep zero-threshold audit, including adaptive node-only escalation where required",grid_resolved_capture,dual-timestep direct grid recovered a contiguous zero-origin capture boundary,False
17,17,True,1,[0.25],0.2,5e-06,2.5e-06,0,[],0.0,0.0,0.0,0.0,0.75,escaped,escaped,0.0,0.0,0.0,0.0,0.75,0.0,0.75,escaped,escaped,escaped,escaped,[],[],0,[],0,[],0,[],0,[],zero_threshold_velocity_resolved_capture,"base-search timeout evidence was superseded by the complete dual-timestep zero-threshold audit, including adaptive node-only escalation where required",velocity_resolved_capture,nonmonotone finite-speed capture retained as a direct boolean mask,True
17,18,True,2,"[0.0,0.25]",0.2,5e-06,2.5e-06,0,[],0.0,0.0,0.0,1.0,1.25,two_core_entries,escaped,0.0,1.0,1.0,1.0,1.25,1.0,1.25,two_core_entries,escaped,two_core_entries,escaped,[],[],0,[],0,[],0,[],0,[],zero_threshold_grid_resolved_capture,"base-search timeout evidence was superseded by the complete dual-timestep zero-threshold audit, including adaptive node-only escalation where required",grid_resolved_capture,dual-timestep direct grid recovered a contiguous zero-origin capture boundary,False
17,19,True,2,"[0.0,0.25]",0.2,5e-06,2.5e-06,0,[],0.0,0.0,0.0,1.0,1.25,two_core_entries,escaped,0.0,1.0,1.0,1.0,1.25,1.0,1.25,two_core_entries,escaped,two_core_entries,escaped,[],[],0,[],0,[],0,[],0,[],zero_threshold_grid_resolved_capture,"base-search timeout evidence was superseded by the complete dual-timestep zero-threshold audit, including adaptive node-only escalation where required",grid_resolved_capture,dual-timestep direct grid recovered a contiguous zero-origin capture boundary,False
17,20,True,2,"[0.0,0.25]",0.2,5e-06,2.5e-06,0,[],0.0,0.0,0.0,0.0,0.75,escaped,escaped,0.0,0.0,0.0,0.0,0.75,0.0,0.75,escaped,escaped,escaped,escaped,[],[],0,[],0,[],0,[],0,[],zero_threshold_velocity_resolved_capture,"base-search timeout evidence was superseded by the complete dual-timestep zero-threshold audit, including adaptive node-only escalation where required",velocity_resolved_capture,nonmonotone finite-speed capture retained as a direct boolean mask,True
17,21,True,2,"[0.0,0.25]",0.2,5e-06,2.5e-06,0,[],0.0,0.0,0.0,1.0,1.25,two_core_entries,escaped,0.0,1.0,1.0,1.0,1.25,1.0,1.25,two_core_entries,escaped,two_core_entries,escaped,[],[],0,[],0,[],0,[],0,[],zero_threshold_grid_resolved_capture,"base-search timeout evidence was superseded by the complete dual-timestep zero-threshold audit, including adaptive node-only escalation where required",grid_resolved_capture,dual-timestep direct grid recovered a contiguous zero-origin capture boundary,False
17,22,True,2,"[0.0,0.25]",0.2,5e-06,2.5e-06,0,[],0.0,0.0,0.0,5.25,5.5,two_core_entries,escaped,0.0,5.25,5.25,5.25,5.5,5.25,5.5,two_core_entries,escaped,two_core_entries,escaped,[],[],0,[],0,[],0,[],0,[],zero_threshold_grid_resolved_capture,"base-search timeout evidence was superseded by the complete dual-timestep zero-threshold audit, including adaptive node-only escalation where required",grid_resolved_capture,dual-timestep direct grid recovered a contiguous zero-origin capture boundary,False
17,23,True,2,"[0.0,0.25]",0.2,5e-06,2.5e-06,0,[],0.0,0.0,0.0,0.0,0.25,escaped,escaped,0.0,0.0,0.0,0.0,0.25,0.0,0.25,escaped,escaped,escaped,escaped,[],[],0,[],0,[],0,[],0,[],zero_threshold_confirmed_zero_capture,"base-search timeout evidence was superseded by the complete dual-timestep zero-threshold audit, including adaptive node-only escalation where required",confirmed_zero_capture,dual-timestep direct velocity scan contains no capture,False
17,24,True,2,"[0.0,0.25]",0.2,5e-06,2.5e-06,0,[],0.0,0.0,0.0,5.0,5.25,two_core_entries,escaped,0.0,5.0,5.0,5.0,5.25,5.0,5.25,two_core_entries,escaped,two_core_entries,escaped,[],[],0,[],0,[],0,[],0,[],zero_threshold_grid_resolved_capture,"base-search timeout evidence was superseded by the complete dual-timestep zero-threshold audit, including adaptive node-only escalation where required",grid_resolved_capture,dual-timestep direct grid recovered a contiguous zero-origin capture boundary,False
18,0,True,2,"[0.0,0.25]",0.2,5e-06,2.5e-06,0,[],0.0,0.0,0.0,1.25,1.5,two_core_entries,escaped,0.0,1.25,1.25,1.25,1.5,1.25,1.5,two_core_entries,escaped,two_core_entries,escaped,[],[],0,[],0,[],0,[],0,[],zero_threshold_grid_resolved_capture,"base-search timeout evidence was superseded by the complete dual-timestep zero-threshold audit, including adaptive node-only escalation where required",grid_resolved_capture,dual-timestep direct grid recovered a contiguous zero-origin capture boundary,False
18,1,True,2,"[0.0,0.25]",0.2,5e-06,2.5e-06,0,[],0.0,0.0,0.0,1.0,1.25,two_core_entries,escaped,0.0,1.0,1.0,1.0,1.25,1.0,1.25,two_core_entries,escaped,two_core_entries,escaped,[],[],0,[],0,[],0,[],0,[],zero_threshold_grid_resolved_capture,"base-search timeout evidence was superseded by the complete dual-timestep zero-threshold audit, including adaptive node-only escalation where required",grid_resolved_capture,dual-timestep direct grid recovered a contiguous zero-origin capture boundary,False
18,2,True,1,[0.25],0.2,5e-06,2.5e-06,0,[],0.0,0.0,0.0,0.0,0.25,escaped,escaped,0.0,0.0,0.0,0.0,0.25,0.0,0.25,escaped,escaped,escaped,escaped,[],[],0,[],0,[],0,[],0,[],zero_threshold_velocity_resolved_capture,"base-search timeout evidence was superseded by the complete dual-timestep zero-threshold audit, including adaptive node-only escalation where required",velocity_resolved_capture,nonmonotone finite-speed capture retained as a direct boolean mask,True
18,3,True,2,"[0.0,0.25]",0.2,5e-06,2.5e-06,0,[],0.0,0.0,0.0,0.0,1.5,escaped,escaped,0.0,0.0,0.0,0.0,1.5,0.0,1.5,escaped,escaped,escaped,escaped,[],[],0,[],0,[],0,[],0,[],zero_threshold_velocity_resolved_capture,"base-search timeout evidence was superseded by the complete dual-timestep zero-threshold audit, including adaptive node-only escalation where required",velocity_resolved_capture,nonmonotone finite-speed capture retained as a direct boolean mask,True
18,4,True,2,"[0.0,0.25]",0.2,5e-06,2.5e-06,0,[],0.0,0.0,0.0,0.0,0.25,escaped,escaped,0.0,0.0,0.0,0.0,0.25,0.0,0.25,escaped,escaped,escaped,escaped,[],[],0,[],0,[],0,[],0,[],zero_threshold_velocity_resolved_capture,"base-search timeout evidence was superseded by the complete dual-timestep zero-threshold audit, including adaptive node-only escalation where required",velocity_resolved_capture,nonmonotone finite-speed capture retained as a direct boolean mask,True
18,5,True,2,"[0.0,0.25]",0.2,5e-06,2.5e-06,0,[],0.0,0.0,0.0,1.0,1.25,two_core_entries,escaped,0.0,1.0,1.0,1.0,1.25,1.0,1.25,two_core_entries,escaped,two_core_entries,escaped,[],[],0,[],0,[],0,[],0,[],zero_threshold_grid_resolved_capture,"base-search timeout evidence was superseded by the complete dual-timestep zero-threshold audit, including adaptive node-only escalation where required",grid_resolved_capture,dual-timestep direct grid recovered a contiguous zero-origin capture boundary,False
18,6,True,2,"[0.0,0.25]",0.2,5e-06,2.5e-06,0,[],0.0,0.0,0.0,0.0,1.25,escaped,escaped,0.0,0.0,0.0,0.0,1.25,0.0,1.25,escaped,escaped,escaped,escaped,[],[],0,[],0,[],0,[],0,[],zero_threshold_velocity_resolved_capture,"base-search timeout evidence was superseded by the complete dual-timestep zero-threshold audit, including adaptive node-only escalation where required",velocity_resolved_capture,nonmonotone finite-speed capture retained as a direct boolean mask,True
18,7,True,2,"[0.0,0.25]",0.2,5e-06,2.5e-06,1,"[{""level_index"":1,""duration_s"":0.25,""coarse_time_step_s"":5e-06,""fine_time_step_s"":2.5e-06,""velocity_m_per_s"":1.25,""resolved"":true,""coarse_result"":{""trapped"":false,""termination_reason"":""escaped"",""elapsed_time_s"":0.20579500000013543,""minimum_radius_m"":0.005960118900317049,""final_radius_m"":0.03000106582958068,""final_position_m"":[0.010362068115156983,0.012229785544845296,-0.02535988645114117],""final_velocity_m_per_s"":[0.007226361262698407,-0.01583642404219685,-0.9624856277845943],""entered_trap_core"":false,""core_entry_count"":0},""fine_result"":{""trapped"":false,""termination_reason"":""escaped"",""elapsed_time_s"":0.20579499999972212,""minimum_radius_m"":0.005960118471268248,""final_radius_m"":0.030001065829609066,""final_position_m"":[0.010362068115182439,0.012229785544891791,-0.025359886451141928],""final_velocity_m_per_s"":[0.007226361262852575,-0.015836424040488354,-0.9624856277846078],""entered_trap_core"":false,""core_entry_count"":0}}]",0.25,5e-06,2.5e-06,0.0,1.25,escaped,escaped,0.0,0.0,0.0,0.0,1.25,0.0,1.25,escaped,escaped,escaped,escaped,[],[],0,[],0,[],0,[],0,[],zero_threshold_velocity_resolved_capture,"base-search timeout evidence was superseded by the complete dual-timestep zero-threshold audit, including adaptive node-only escalation where required",velocity_resolved_capture,nonmonotone finite-speed capture retained as a direct boolean mask,True
18,8,True,2,"[0.0,0.25]",0.2,5e-06,2.5e-06,0,[],0.0,0.0,0.0,0.75,1.0,bounded_core_residence,escaped,0.0,0.75,0.75,0.75,1.0,0.75,1.0,bounded_core_residence,escaped,bounded_core_residence,escaped,[],[],0,[],0,[],0,[],0,[],zero_threshold_grid_resolved_capture,"base-search timeout evidence was superseded by the complete dual-timestep zero-threshold audit, including adaptive node-only escalation where required",grid_resolved_capture,dual-timestep direct grid recovered a contiguous zero-origin capture boundary,False
18,9,True,2,"[0.0,0.25]",0.2,5e-06,2.5e-06,0,[],0.0,0.0,0.0,0.0,1.25,escaped,escaped,0.0,0.0,0.0,0.0,1.25,0.0,1.25,escaped,escaped,escaped,escaped,[],[],0,[],0,[],0,[],0,[],zero_threshold_velocity_resolved_capture,"base-search timeout evidence was superseded by the complete dual-timestep zero-threshold audit, including adaptive node-only escalation where required",velocity_resolved_capture,nonmonotone finite-speed capture retained as a direct boolean mask,True
18,10,True,1,[0.25],0.2,5e-06,2.5e-06,0,[],0.0,0.0,0.0,0.0,0.25,escaped,escaped,0.0,0.0,0.0,0.0,0.25,0.0,0.25,escaped,escaped,escaped,escaped,[],[],0,[],0,[],0,[],0,[],zero_threshold_velocity_resolved_capture,"base-search timeout evidence was superseded by the complete dual-timestep zero-threshold audit, including adaptive node-only escalation where required",velocity_resolved_capture,nonmonotone finite-speed capture retained as a direct boolean mask,True
18,11,True,2,"[0.0,0.25]",0.2,5e-06,2.5e-06,0,[],0.0,0.0,0.0,0.75,1.0,two_core_entries,escaped,0.0,0.75,0.75,0.75,1.0,0.75,1.0,two_core_entries,escaped,two_core_entries,escaped,[],[],0,[],0,[],0,[],0,[],zero_threshold_grid_resolved_capture,"base-search timeout evidence was superseded by the complete dual-timestep zero-threshold audit, including adaptive node-only escalation where required",grid_resolved_capture,dual-timestep direct grid recovered a contiguous zero-origin capture boundary,False
18,12,True,2,"[0.0,0.25]",0.2,5e-06,2.5e-06,0,[],0.0,0.0,0.0,0.0,1.25,escaped,escaped,0.0,0.0,0.0,0.0,1.25,0.0,1.25,escaped,escaped,escaped,escaped,[],[],0,[],0,[],0,[],0,[],zero_threshold_velocity_resolved_capture,"base-search timeout evidence was superseded by the complete dual-timestep zero-threshold audit, including adaptive node-only escalation where required",velocity_resolved_capture,nonmonotone finite-speed capture retained as a direct boolean mask,True
18,13,True,2,"[0.0,0.25]",0.2,5e-06,2.5e-06,0,[],0.0,0.0,0.0,1.0,1.25,bounded_core_residence,escaped,0.0,1.0,1.0,1.0,1.25,1.0,1.25,bounded_core_residence,escaped,bounded_core_residence,escaped,[],[],0,[],0,[],0,[],0,[],zero_threshold_grid_resolved_capture,"base-search timeout evidence was superseded by the complete dual-timestep zero-threshold audit, including adaptive node-only escalation where required",grid_resolved_capture,dual-timestep direct grid recovered a contiguous zero-origin capture boundary,False
18,14,True,2,"[0.0,0.25]",0.2,5e-06,2.5e-06,0,[],0.0,0.0,0.0,1.0,1.25,two_core_entries,escaped,0.0,1.0,1.0,1.0,1.25,1.0,1.25,two_core_entries,escaped,two_core_entries,escaped,[],[],0,[],0,[],0,[],0,[],zero_threshold_grid_resolved_capture,"base-search timeout evidence was superseded by the complete dual-timestep zero-threshold audit, including adaptive node-only escalation where required",grid_resolved_capture,dual-timestep direct grid recovered a contiguous zero-origin capture boundary,False
18,15,True,2,"[0.0,0.25]",0.2,5e-06,2.5e-06,0,[],0.0,0.0,0.0,1.25,1.5,two_core_entries,escaped,0.0,1.25,1.25,1.25,1.5,1.25,1.5,two_core_entries,escaped,two_core_entries,escaped,[],[],0,[],0,[],0,[],0,[],zero_threshold_grid_resolved_capture,"base-search timeout evidence was superseded by the complete dual-timestep zero-threshold audit, including adaptive node-only escalation where required",grid_resolved_capture,dual-timestep direct grid recovered a contiguous zero-origin capture boundary,False
18,16,True,2,"[0.0,0.25]",0.2,5e-06,2.5e-06,0,[],0.0,0.0,0.0,0.0,1.0,escaped,escaped,0.0,0.0,0.0,0.0,1.0,0.0,1.0,escaped,escaped,escaped,escaped,[],[],0,[],0,[],0,[],0,[],zero_threshold_velocity_resolved_capture,"base-search timeout evidence was superseded by the complete dual-timestep zero-threshold audit, including adaptive node-only escalation where required",velocity_resolved_capture,nonmonotone finite-speed capture retained as a direct boolean mask,True
18,17,True,2,"[0.0,0.25]",0.2,5e-06,2.5e-06,0,[],0.0,0.0,0.0,0.0,1.25,escaped,escaped,0.0,0.0,0.0,0.0,1.25,0.0,1.25,escaped,escaped,escaped,escaped,[],[],0,[],0,[],0,[],0,[],zero_threshold_velocity_resolved_capture,"base-search timeout evidence was superseded by the complete dual-timestep zero-threshold audit, including adaptive node-only escalation where required",velocity_resolved_capture,nonmonotone finite-speed capture retained as a direct boolean mask,True
18,18,True,2,"[0.0,0.25]",0.2,5e-06,2.5e-06,0,[],0.0,0.0,0.0,0.75,1.0,bounded_core_residence,escaped,0.0,0.75,0.75,0.75,1.0,0.75,1.0,bounded_core_residence,escaped,bounded_core_residence,escaped,[],[],0,[],0,[],0,[],0,[],zero_threshold_grid_resolved_capture,"base-search timeout evidence was superseded by the complete dual-timestep zero-threshold audit, including adaptive node-only escalation where required",grid_resolved_capture,dual-timestep direct grid recovered a contiguous zero-origin capture boundary,False
18,19,True,2,"[0.0,0.25]",0.2,5e-06,2.5e-06,0,[],0.0,0.0,0.0,1.0,1.25,bounded_core_residence,escaped,0.0,1.0,1.0,1.0,1.25,1.0,1.25,bounded_core_residence,escaped,bounded_core_residence,escaped,[],[],0,[],0,[],0,[],0,[],zero_threshold_grid_resolved_capture,"base-search timeout evidence was superseded by the complete dual-timestep zero-threshold audit, including adaptive node-only escalation where required",grid_resolved_capture,dual-timestep direct grid recovered a contiguous zero-origin capture boundary,False
18,20,True,2,"[0.0,0.25]",0.2,5e-06,2.5e-06,0,[],0.0,0.0,0.0,0.0,1.25,escaped,escaped,0.0,0.0,0.0,0.0,1.25,0.0,1.25,escaped,escaped,escaped,escaped,[],[],0,[],0,[],0,[],0,[],zero_threshold_velocity_resolved_capture,"base-search timeout evidence was superseded by the complete dual-timestep zero-threshold audit, including adaptive node-only escalation where required",velocity_resolved_capture,nonmonotone finite-speed capture retained as a direct boolean mask,True
18,21,True,2,"[0.0,0.25]",0.2,5e-06,2.5e-06,0,[],0.0,0.0,0.0,0.0,1.5,escaped,escaped,0.0,0.0,0.0,0.0,1.5,0.0,1.5,escaped,escaped,escaped,escaped,[],[],0,[],0,[],0,[],0,[],zero_threshold_velocity_resolved_capture,"base-search timeout evidence was superseded by the complete dual-timestep zero-threshold audit, including adaptive node-only escalation where required",velocity_resolved_capture,nonmonotone finite-speed capture retained as a direct boolean mask,True
18,22,True,2,"[0.0,0.25]",0.2,5e-06,2.5e-06,0,[],0.0,0.0,0.0,1.0,1.25,two_core_entries,escaped,0.0,1.0,1.0,1.0,1.25,1.0,1.25,two_core_entries,escaped,two_core_entries,escaped,[],[],0,[],0,[],0,[],0,[],zero_threshold_grid_resolved_capture,"base-search timeout evidence was superseded by the complete dual-timestep zero-threshold audit, including adaptive node-only escalation where required",grid_resolved_capture,dual-timestep direct grid recovered a contiguous zero-origin capture boundary,False
18,23,True,2,"[0.0,0.25]",0.2,5e-06,2.5e-06,0,[],0.0,0.0,0.0,1.0,1.25,two_core_entries,escaped,0.0,1.0,1.0,1.0,1.25,1.0,1.25,two_core_entries,escaped,two_core_entries,escaped,[],[],0,[],0,[],0,[],0,[],zero_threshold_grid_resolved_capture,"base-search timeout evidence was superseded by the complete dual-timestep zero-threshold audit, including adaptive node-only escalation where required",grid_resolved_capture,dual-timestep direct grid recovered a contiguous zero-origin capture boundary,False
18,24,True,1,[0.25],0.2,5e-06,2.5e-06,0,[],0.0,0.0,0.0,0.0,0.25,escaped,escaped,0.0,0.0,0.0,0.0,0.25,0.0,0.25,escaped,escaped,escaped,escaped,[],[],0,[],0,[],0,[],0,[],zero_threshold_velocity_resolved_capture,"base-search timeout evidence was superseded by the complete dual-timestep zero-threshold audit, including adaptive node-only escalation where required",velocity_resolved_capture,nonmonotone finite-speed capture retained as a direct boolean mask,True
19,0,True,2,"[0.0,0.25]",0.2,5e-06,2.5e-06,0,[],0.0,0.0,0.0,0.75,1.0,bounded_core_residence,escaped,0.0,0.75,0.75,0.75,1.0,0.75,1.0,bounded_core_residence,escaped,bounded_core_residence,escaped,[],[],0,[],0,[],0,[],0,[],zero_threshold_grid_resolved_capture,"base-search timeout evidence was superseded by the complete dual-timestep zero-threshold audit, including adaptive node-only escalation where required",grid_resolved_capture,dual-timestep direct grid recovered a contiguous zero-origin capture boundary,False
19,1,True,2,"[0.0,0.25]",0.2,5e-06,2.5e-06,0,[],0.0,0.0,0.0,1.0,1.25,two_core_entries,escaped,0.0,1.0,1.0,1.0,1.25,1.0,1.25,two_core_entries,escaped,two_core_entries,escaped,[],[],0,[],0,[],0,[],0,[],zero_threshold_grid_resolved_capture,"base-search timeout evidence was superseded by the complete dual-timestep zero-threshold audit, including adaptive node-only escalation where required",grid_resolved_capture,dual-timestep direct grid recovered a contiguous zero-origin capture boundary,False
19,2,True,2,"[0.0,0.25]",0.2,5e-06,2.5e-06,0,[],0.0,0.0,0.0,0.5,0.75,two_core_entries,escaped,0.0,0.5,0.5,0.5,0.75,0.5,0.75,two_core_entries,escaped,two_core_entries,escaped,[],[],0,[],0,[],0,[],0,[],zero_threshold_grid_resolved_capture,"base-search timeout evidence was superseded by the complete dual-timestep zero-threshold audit, including adaptive node-only escalation where required",grid_resolved_capture,dual-timestep direct grid recovered a contiguous zero-origin capture boundary,False
19,3,True,2,"[0.0,0.25]",0.2,5e-06,2.5e-06,0,[],0.0,0.0,0.0,0.5,0.75,two_core_entries,escaped,0.0,0.5,0.5,0.5,0.75,0.5,0.75,two_core_entries,escaped,two_core_entries,escaped,[],[],0,[],0,[],0,[],0,[],zero_threshold_grid_resolved_capture,"base-search timeout evidence was superseded by the complete dual-timestep zero-threshold audit, including adaptive node-only escalation where required",grid_resolved_capture,dual-timestep direct grid recovered a contiguous zero-origin capture boundary,False
19,4,True,2,"[0.0,0.25]",0.2,5e-06,2.5e-06,0,[],0.0,0.0,0.0,0.75,1.0,two_core_entries,escaped,0.0,0.75,0.75,0.75,1.0,0.75,1.0,two_core_entries,escaped,two_core_entries,escaped,[],[],0,[],0,[],0,[],0,[],zero_threshold_grid_resolved_capture,"base-search timeout evidence was superseded by the complete dual-timestep zero-threshold audit, including adaptive node-only escalation where required",grid_resolved_capture,dual-timestep direct grid recovered a contiguous zero-origin capture boundary,False
19,5,True,2,"[0.0,0.25]",0.2,5e-06,2.5e-06,0,[],0.0,0.0,0.0,0.5,0.75,two_core_entries,escaped,0.0,0.5,0.5,0.5,0.75,0.5,0.75,two_core_entries,escaped,two_core_entries,escaped,[],[],0,[],0,[],0,[],0,[],zero_threshold_grid_resolved_capture,"base-search timeout evidence was superseded by the complete dual-timestep zero-threshold audit, including adaptive node-only escalation where required",grid_resolved_capture,dual-timestep direct grid recovered a contiguous zero-origin capture boundary,False
19,6,True,2,"[0.0,0.25]",0.2,5e-06,2.5e-06,0,[],0.0,0.0,0.0,0.5,0.75,two_core_entries,escaped,0.0,0.5,0.5,0.5,0.75,0.5,0.75,two_core_entries,escaped,two_core_entries,escaped,[],[],0,[],0,[],0,[],0,[],zero_threshold_grid_resolved_capture,"base-search timeout evidence was superseded by the complete dual-timestep zero-threshold audit, including adaptive node-only escalation where required",grid_resolved_capture,dual-timestep direct grid recovered a contiguous zero-origin capture boundary,False
19,7,True,3,"[0.15625,0.3125,0.625]",0.2,5e-06,2.5e-06,0,[],0.0,0.0,0.0,0.5,0.75,two_core_entries,escaped,0.0,0.5,0.5,0.5,0.75,0.5,0.75,two_core_entries,escaped,two_core_entries,escaped,[],[],0,[],0,[],0,[],0,[],zero_threshold_grid_resolved_capture,"base-search timeout evidence was superseded by the complete dual-timestep zero-threshold audit, including adaptive node-only escalation where required",grid_resolved_capture,dual-timestep direct grid recovered a contiguous zero-origin capture boundary,False
19,8,True,2,"[0.0,0.25]",0.2,5e-06,2.5e-06,0,[],0.0,0.0,0.0,0.0,1.0,escaped,escaped,0.0,0.0,0.0,0.0,1.0,0.0,1.0,escaped,escaped,escaped,escaped,[],[],0,[],0,[],0,[],0,[],zero_threshold_velocity_resolved_capture,"base-search timeout evidence was superseded by the complete dual-timestep zero-threshold audit, including adaptive node-only escalation where required",velocity_resolved_capture,nonmonotone finite-speed capture retained as a direct boolean mask,True
19,9,True,2,"[0.0,0.25]",0.2,5e-06,2.5e-06,0,[],0.0,0.0,0.0,0.5,0.75,two_core_entries,escaped,0.0,0.5,0.5,0.5,0.75,0.5,0.75,two_core_entries,escaped,two_core_entries,escaped,[],[],0,[],0,[],0,[],0,[],zero_threshold_grid_resolved_capture,"base-search timeout evidence was superseded by the complete dual-timestep zero-threshold audit, including adaptive node-only escalation where required",grid_resolved_capture,dual-timestep direct grid recovered a contiguous zero-origin capture boundary,False
19,10,True,2,"[0.0,0.25]",0.2,5e-06,2.5e-06,0,[],0.0,0.0,0.0,0.75,1.0,two_core_entries,escaped,0.0,0.75,0.75,0.75,1.0,0.75,1.0,two_core_entries,escaped,two_core_entries,escaped,[],[],0,[],0,[],0,[],0,[],zero_threshold_grid_resolved_capture,"base-search timeout evidence was superseded by the complete dual-timestep zero-threshold audit, including adaptive node-only escalation where required",grid_resolved_capture,dual-timestep direct grid recovered a contiguous zero-origin capture boundary,False
19,11,True,2,"[0.0,0.25]",0.2,5e-06,2.5e-06,0,[],0.0,0.0,0.0,0.75,1.0,two_core_entries,escaped,0.0,0.75,0.75,0.75,1.0,0.75,1.0,two_core_entries,escaped,two_core_entries,escaped,[],[],0,[],0,[],0,[],0,[],zero_threshold_grid_resolved_capture,"base-search timeout evidence was superseded by the complete dual-timestep zero-threshold audit, including adaptive node-only escalation where required",grid_resolved_capture,dual-timestep direct grid recovered a contiguous zero-origin capture boundary,False
19,12,True,2,"[0.0,0.25]",0.2,5e-06,2.5e-06,0,[],0.0,0.0,0.0,0.0,1.0,escaped,escaped,0.0,0.0,0.0,0.0,1.0,0.0,1.0,escaped,escaped,escaped,escaped,[],[],0,[],0,[],0,[],0,[],zero_threshold_velocity_resolved_capture,"base-search timeout evidence was superseded by the complete dual-timestep zero-threshold audit, including adaptive node-only escalation where required",velocity_resolved_capture,nonmonotone finite-speed capture retained as a direct boolean mask,True
19,13,True,2,"[0.0,0.25]",0.2,5e-06,2.5e-06,0,[],0.0,0.0,0.0,1.0,1.25,two_core_entries,escaped,0.0,1.0,1.0,1.0,1.25,1.0,1.25,two_core_entries,escaped,two_core_entries,escaped,[],[],0,[],0,[],0,[],0,[],zero_threshold_grid_resolved_capture,"base-search timeout evidence was superseded by the complete dual-timestep zero-threshold audit, including adaptive node-only escalation where required",grid_resolved_capture,dual-timestep direct grid recovered a contiguous zero-origin capture boundary,False
19,14,True,2,"[0.0,0.25]",0.2,5e-06,2.5e-06,0,[],0.0,0.0,0.0,0.0,1.0,escaped,escaped,0.0,0.0,0.0,0.0,1.0,0.0,1.0,escaped,escaped,escaped,escaped,[],[],0,[],0,[],0,[],0,[],zero_threshold_velocity_resolved_capture,"base-search timeout evidence was superseded by the complete dual-timestep zero-threshold audit, including adaptive node-only escalation where required",velocity_resolved_capture,nonmonotone finite-speed capture retained as a direct boolean mask,True
19,15,True,2,"[0.0,0.25]",0.2,5e-06,2.5e-06,0,[],0.0,0.0,0.0,0.0,1.0,escaped,escaped,0.0,0.0,0.0,0.0,1.0,0.0,1.0,escaped,escaped,escaped,escaped,[],[],0,[],0,[],0,[],0,[],zero_threshold_velocity_resolved_capture,"base-search timeout evidence was superseded by the complete dual-timestep zero-threshold audit, including adaptive node-only escalation where required",velocity_resolved_capture,nonmonotone finite-speed capture retained as a direct boolean mask,True
19,16,True,2,"[0.0,0.25]",0.2,5e-06,2.5e-06,0,[],0.0,0.0,0.0,0.75,1.0,two_core_entries,escaped,0.0,0.75,0.75,0.75,1.0,0.75,1.0,two_core_entries,escaped,two_core_entries,escaped,[],[],0,[],0,[],0,[],0,[],zero_threshold_grid_resolved_capture,"base-search timeout evidence was superseded by the complete dual-timestep zero-threshold audit, including adaptive node-only escalation where required",grid_resolved_capture,dual-timestep direct grid recovered a contiguous zero-origin capture boundary,False
19,17,True,2,"[0.0,0.25]",0.2,5e-06,2.5e-06,0,[],0.0,0.0,0.0,0.75,1.0,two_core_entries,escaped,0.0,0.75,0.75,0.75,1.0,0.75,1.0,two_core_entries,escaped,two_core_entries,escaped,[],[],0,[],0,[],0,[],0,[],zero_threshold_grid_resolved_capture,"base-search timeout evidence was superseded by the complete dual-timestep zero-threshold audit, including adaptive node-only escalation where required",grid_resolved_capture,dual-timestep direct grid recovered a contiguous zero-origin capture boundary,False
19,18,True,2,"[0.0,0.25]",0.2,5e-06,2.5e-06,0,[],0.0,0.0,0.0,0.75,1.0,bounded_core_residence,escaped,0.0,0.75,0.75,0.75,1.0,0.75,1.0,bounded_core_residence,escaped,bounded_core_residence,escaped,[],[],0,[],0,[],0,[],0,[],zero_threshold_grid_resolved_capture,"base-search timeout evidence was superseded by the complete dual-timestep zero-threshold audit, including adaptive node-only escalation where required",grid_resolved_capture,dual-timestep direct grid recovered a contiguous zero-origin capture boundary,False
19,19,True,2,"[0.0,0.25]",0.2,5e-06,2.5e-06,0,[],0.0,0.0,0.0,0.25,0.5,two_core_entries,escaped,0.0,0.25,0.25,0.25,0.5,0.25,0.5,two_core_entries,escaped,two_core_entries,escaped,[],[],0,[],0,[],0,[],0,[],zero_threshold_grid_resolved_capture,"base-search timeout evidence was superseded by the complete dual-timestep zero-threshold audit, including adaptive node-only escalation where required",grid_resolved_capture,dual-timestep direct grid recovered a contiguous zero-origin capture boundary,False
19,20,True,2,"[0.0,0.25]",0.2,5e-06,2.5e-06,0,[],0.0,0.0,0.0,0.75,1.0,two_core_entries,escaped,0.0,0.75,0.75,0.75,1.0,0.75,1.0,two_core_entries,escaped,two_core_entries,escaped,[],[],0,[],0,[],0,[],0,[],zero_threshold_grid_resolved_capture,"base-search timeout evidence was superseded by the complete dual-timestep zero-threshold audit, including adaptive node-only escalation where required",grid_resolved_capture,dual-timestep direct grid recovered a contiguous zero-origin capture boundary,False
19,21,True,2,"[0.0,0.25]",0.2,5e-06,2.5e-06,0,[],0.0,0.0,0.0,0.5,0.75,two_core_entries,escaped,0.0,0.5,0.5,0.5,0.75,0.5,0.75,two_core_entries,escaped,two_core_entries,escaped,[],[],0,[],0,[],0,[],0,[],zero_threshold_grid_resolved_capture,"base-search timeout evidence was superseded by the complete dual-timestep zero-threshold audit, including adaptive node-only escalation where required",grid_resolved_capture,dual-timestep direct grid recovered a contiguous zero-origin capture boundary,False
19,22,True,2,"[0.0,0.25]",0.2,5e-06,2.5e-06,0,[],0.0,0.0,0.0,0.0,1.25,escaped,escaped,0.0,0.0,0.0,0.0,1.25,0.0,1.25,escaped,escaped,escaped,escaped,[],[],0,[],0,[],0,[],0,[],zero_threshold_velocity_resolved_capture,"base-search timeout evidence was superseded by the complete dual-timestep zero-threshold audit, including adaptive node-only escalation where required",velocity_resolved_capture,nonmonotone finite-speed capture retained as a direct boolean mask,True
19,23,True,2,"[0.0,0.25]",0.2,5e-06,2.5e-06,0,[],0.0,0.0,0.0,0.75,1.0,two_core_entries,escaped,0.0,0.75,0.75,0.75,1.0,0.75,1.0,two_core_entries,escaped,two_core_entries,escaped,[],[],0,[],0,[],0,[],0,[],zero_threshold_grid_resolved_capture,"base-search timeout evidence was superseded by the complete dual-timestep zero-threshold audit, including adaptive node-only escalation where required",grid_resolved_capture,dual-timestep direct grid recovered a contiguous zero-origin capture boundary,False
19,24,True,2,"[0.0,0.25]",0.2,5e-06,2.5e-06,0,[],0.0,0.0,0.0,0.0,1.25,escaped,escaped,0.0,0.0,0.0,0.0,1.25,0.0,1.25,escaped,escaped,escaped,escaped,[],[],0,[],0,[],0,[],0,[],zero_threshold_velocity_resolved_capture,"base-search timeout evidence was superseded by the complete dual-timestep zero-threshold audit, including adaptive node-only escalation where required",velocity_resolved_capture,nonmonotone finite-speed capture retained as a direct boolean mask,True
20,0,True,2,"[0.0,0.25]",0.2,5e-06,2.5e-06,0,[],0.0,0.0,0.0,0.0,0.25,escaped,escaped,0.0,0.0,0.0,0.0,0.25,0.0,0.25,escaped,escaped,escaped,escaped,[],[],0,[],0,[],0,[],0,[],zero_threshold_confirmed_zero_capture,"base-search timeout evidence was superseded by the complete dual-timestep zero-threshold audit, including adaptive node-only escalation where required",confirmed_zero_capture,dual-timestep direct velocity scan contains no capture,False
20,1,True,2,"[0.0,0.25]",0.2,5e-06,2.5e-06,0,[],0.0,0.0,0.0,2.5,2.75,two_core_entries,escaped,0.0,2.5,2.5,2.5,2.75,2.5,2.75,two_core_entries,escaped,two_core_entries,escaped,[],[],0,[],0,[],0,[],0,[],zero_threshold_grid_resolved_capture,"base-search timeout evidence was superseded by the complete dual-timestep zero-threshold audit, including adaptive node-only escalation where required",grid_resolved_capture,dual-timestep direct grid recovered a contiguous zero-origin capture boundary,False
20,2,True,2,"[0.0,0.25]",0.2,5e-06,2.5e-06,0,[],0.0,0.0,0.0,0.0,1.0,escaped,escaped,0.0,0.0,0.0,0.0,1.0,0.0,1.0,escaped,escaped,escaped,escaped,[],[],0,[],0,[],0,[],0,[],zero_threshold_velocity_resolved_capture,"base-search timeout evidence was superseded by the complete dual-timestep zero-threshold audit, including adaptive node-only escalation where required",velocity_resolved_capture,nonmonotone finite-speed capture retained as a direct boolean mask,True
20,3,True,2,"[0.0,0.25]",0.2,5e-06,2.5e-06,0,[],0.0,0.0,0.0,0.0,1.25,escaped,escaped,0.0,0.0,0.0,0.0,1.25,0.0,1.25,escaped,escaped,escaped,escaped,[],[],0,[],0,[],0,[],0,[],zero_threshold_velocity_resolved_capture,"base-search timeout evidence was superseded by the complete dual-timestep zero-threshold audit, including adaptive node-only escalation where required",velocity_resolved_capture,nonmonotone finite-speed capture retained as a direct boolean mask,True
20,4,True,2,"[0.0,0.25]",0.2,5e-06,2.5e-06,0,[],0.0,0.0,0.0,0.0,2.5,escaped,escaped,0.0,0.0,0.0,0.0,2.5,0.0,2.5,escaped,escaped,escaped,escaped,[],[],0,[],0,[],0,[],0,[],zero_threshold_velocity_resolved_capture,"base-search timeout evidence was superseded by the complete dual-timestep zero-threshold audit, including adaptive node-only escalation where required",velocity_resolved_capture,nonmonotone finite-speed capture retained as a direct boolean mask,True
20,5,True,2,"[0.0,0.25]",0.2,5e-06,2.5e-06,1,"[{""level_index"":1,""duration_s"":0.25,""coarse_time_step_s"":5e-06,""fine_time_step_s"":2.5e-06,""velocity_m_per_s"":1.0,""resolved"":true,""coarse_result"":{""trapped"":true,""termination_reason"":""bounded_core_residence"",""elapsed_time_s"":0.21729000000014692,""minimum_radius_m"":0.0015581318181192812,""final_radius_m"":0.0015651020847076674,""final_position_m"":[0.00024908850519581163,0.0015443141046280109,-5.092541980767146e-05],""final_velocity_m_per_s"":[-0.3362136510512733,0.07452831908206822,-0.1140649300675688],""entered_trap_core"":true,""core_entry_count"":1},""fine_result"":{""trapped"":true,""termination_reason"":""bounded_core_residence"",""elapsed_time_s"":0.2172899999996698,""minimum_radius_m"":0.0015581317339679898,""final_radius_m"":0.0015651020847010618,""final_position_m"":[0.00024908850523087066,0.0015443141046159773,-5.092541979809778e-05],""final_velocity_m_per_s"":[-0.33621365105326856,0.07452831908787864,-0.11406493006781937],""entered_trap_core"":true,""core_entry_count"":1}}]",0.25,5e-06,2.5e-06,0.0,2.0,escaped,escaped,0.0,0.0,0.0,0.0,2.0,0.0,2.0,escaped,escaped,escaped,escaped,[],[],0,[],0,[],0,[],0,[],zero_threshold_velocity_resolved_capture,"base-search timeout evidence was superseded by the complete dual-timestep zero-threshold audit, including adaptive node-only escalation where required",velocity_resolved_capture,nonmonotone finite-speed capture retained as a direct boolean mask,True
20,6,True,2,"[0.0,0.25]",0.2,5e-06,2.5e-06,0,[],0.0,0.0,0.0,2.5,2.75,bounded_core_residence,escaped,0.0,2.5,2.5,2.5,2.75,2.5,2.75,bounded_core_residence,escaped,bounded_core_residence,escaped,[],[],0,[],0,[],0,[],0,[],zero_threshold_velocity_resolved_capture,"base-search timeout evidence was superseded by the complete dual-timestep zero-threshold audit, including adaptive node-only escalation where required",velocity_resolved_capture,dual-timestep direct grid recovered the zero-origin capture boundary and retained later nonmonotone capture as a boolean mask,True
20,7,True,2,"[0.0,0.25]",0.2,5e-06,2.5e-06,0,[],0.0,0.0,0.0,1.75,2.0,two_core_entries,escaped,0.0,1.75,1.75,1.75,2.0,1.75,2.0,two_core_entries,escaped,two_core_entries,escaped,[],[],0,[],0,[],0,[],0,[],zero_threshold_grid_resolved_capture,"base-search timeout evidence was superseded by the complete dual-timestep zero-threshold audit, including adaptive node-only escalation where required",grid_resolved_capture,dual-timestep direct grid recovered a contiguous zero-origin capture boundary,False
20,8,True,2,"[0.0,0.25]",0.2,5e-06,2.5e-06,0,[],0.0,0.0,0.0,0.5,0.75,two_core_entries,escaped,0.0,0.5,0.5,0.5,0.75,0.5,0.75,two_core_entries,escaped,two_core_entries,escaped,[],[],0,[],0,[],0,[],0,[],zero_threshold_grid_resolved_capture,"base-search timeout evidence was superseded by the complete dual-timestep zero-threshold audit, including adaptive node-only escalation where required",grid_resolved_capture,dual-timestep direct grid recovered a contiguous zero-origin capture boundary,False
20,9,True,2,"[0.0,0.25]",0.2,5e-06,2.5e-06,0,[],0.0,0.0,0.0,0.0,1.75,escaped,escaped,0.0,0.0,0.0,0.0,1.75,0.0,1.75,escaped,escaped,escaped,escaped,[],[],0,[],0,[],0,[],0,[],zero_threshold_velocity_resolved_capture,"base-search timeout evidence was superseded by the complete dual-timestep zero-threshold audit, including adaptive node-only escalation where required",velocity_resolved_capture,nonmonotone finite-speed capture retained as a direct boolean mask,True
20,10,True,2,"[0.0,0.25]",0.2,5e-06,2.5e-06,0,[],0.0,0.0,0.0,0.5,0.75,two_core_entries,escaped,0.0,0.5,0.5,0.5,0.75,0.5,0.75,two_core_entries,escaped,two_core_entries,escaped,[],[],0,[],0,[],0,[],0,[],zero_threshold_velocity_resolved_capture,"base-search timeout evidence was superseded by the complete dual-timestep zero-threshold audit, including adaptive node-only escalation where required",velocity_resolved_capture,dual-timestep direct grid recovered the zero-origin capture boundary and retained later nonmonotone capture as a boolean mask,True
20,11,True,2,"[0.0,0.25]",0.2,5e-06,2.5e-06,0,[],0.0,0.0,0.0,0.5,0.75,two_core_entries,escaped,0.0,0.5,0.5,0.5,0.75,0.5,0.75,two_core_entries,escaped,two_core_entries,escaped,[],[],0,[],0,[],0,[],0,[],zero_threshold_grid_resolved_capture,"base-search timeout evidence was superseded by the complete dual-timestep zero-threshold audit, including adaptive node-only escalation where required",grid_resolved_capture,dual-timestep direct grid recovered a contiguous zero-origin capture boundary,False
20,12,True,2,"[0.0,0.25]",0.2,5e-06,2.5e-06,0,[],0.0,0.0,0.0,0.75,1.0,two_core_entries,escaped,0.0,0.75,0.75,0.75,1.0,0.75,1.0,two_core_entries,escaped,two_core_entries,escaped,[],[],0,[],0,[],0,[],0,[],zero_threshold_grid_resolved_capture,"base-search timeout evidence was superseded by the complete dual-timestep zero-threshold audit, including adaptive node-only escalation where required",grid_resolved_capture,dual-timestep direct grid recovered a contiguous zero-origin capture boundary,False
20,13,True,2,"[0.0,0.25]",0.2,5e-06,2.5e-06,0,[],0.0,0.0,0.0,0.0,2.5,escaped,escaped,0.0,0.0,0.0,0.0,2.5,0.0,2.5,escaped,escaped,escaped,escaped,[],[],0,[],0,[],0,[],0,[],zero_threshold_velocity_resolved_capture,"base-search timeout evidence was superseded by the complete dual-timestep zero-threshold audit, including adaptive node-only escalation where required",velocity_resolved_capture,nonmonotone finite-speed capture retained as a direct boolean mask,True
20,14,True,2,"[0.0,0.25]",0.2,5e-06,2.5e-06,0,[],0.0,0.0,0.0,0.75,1.0,two_core_entries,escaped,0.0,0.75,0.75,0.75,1.0,0.75,1.0,two_core_entries,escaped,two_core_entries,escaped,[],[],0,[],0,[],0,[],0,[],zero_threshold_grid_resolved_capture,"base-search timeout evidence was superseded by the complete dual-timestep zero-threshold audit, including adaptive node-only escalation where required",grid_resolved_capture,dual-timestep direct grid recovered a contiguous zero-origin capture boundary,False
20,15,True,2,"[0.0,0.25]",0.2,5e-06,2.5e-06,0,[],0.0,0.0,0.0,3.25,3.5,two_core_entries,escaped,0.0,3.25,3.25,3.25,3.5,3.25,3.5,two_core_entries,escaped,two_core_entries,escaped,[],[],0,[],0,[],0,[],0,[],zero_threshold_grid_resolved_capture,"base-search timeout evidence was superseded by the complete dual-timestep zero-threshold audit, including adaptive node-only escalation where required",grid_resolved_capture,dual-timestep direct grid recovered a contiguous zero-origin capture boundary,False
20,16,True,2,"[0.0,0.25]",0.2,5e-06,2.5e-06,0,[],0.0,0.0,0.0,2.0,2.25,two_core_entries,escaped,0.0,2.0,2.0,2.0,2.25,2.0,2.25,two_core_entries,escaped,two_core_entries,escaped,[],[],0,[],0,[],0,[],0,[],zero_threshold_grid_resolved_capture,"base-search timeout evidence was superseded by the complete dual-timestep zero-threshold audit, including adaptive node-only escalation where required",grid_resolved_capture,dual-timestep direct grid recovered a contiguous zero-origin capture boundary,False
20,17,True,2,"[0.0,0.25]",0.2,5e-06,2.5e-06,0,[],0.0,0.0,0.0,2.5,2.75,two_core_entries,escaped,0.0,2.5,2.5,2.5,2.75,2.5,2.75,two_core_entries,escaped,two_core_entries,escaped,[],[],0,[],0,[],0,[],0,[],zero_threshold_grid_resolved_capture,"base-search timeout evidence was superseded by the complete dual-timestep zero-threshold audit, including adaptive node-only escalation where required",grid_resolved_capture,dual-timestep direct grid recovered a contiguous zero-origin capture boundary,False
20,18,True,2,"[0.0,0.25]",0.2,5e-06,2.5e-06,0,[],0.0,0.0,0.0,0.0,1.25,escaped,escaped,0.0,0.0,0.0,0.0,1.25,0.0,1.25,escaped,escaped,escaped,escaped,[],[],0,[],0,[],0,[],0,[],zero_threshold_velocity_resolved_capture,"base-search timeout evidence was superseded by the complete dual-timestep zero-threshold audit, including adaptive node-only escalation where required",velocity_resolved_capture,nonmonotone finite-speed capture retained as a direct boolean mask,True
20,19,True,2,"[0.0,0.25]",0.2,5e-06,2.5e-06,0,[],0.0,0.0,0.0,3.0,3.25,bounded_core_residence,escaped,0.0,3.0,3.0,3.0,3.25,3.0,3.25,bounded_core_residence,escaped,bounded_core_residence,escaped,[],[],0,[],0,[],0,[],0,[],zero_threshold_grid_resolved_capture,"base-search timeout evidence was superseded by the complete dual-timestep zero-threshold audit, including adaptive node-only escalation where required",grid_resolved_capture,dual-timestep direct grid recovered a contiguous zero-origin capture boundary,False
20,20,True,2,"[0.0,0.25]",0.2,5e-06,2.5e-06,0,[],0.0,0.0,0.0,0.0,1.25,escaped,escaped,0.0,0.0,0.0,0.0,1.25,0.0,1.25,escaped,escaped,escaped,escaped,[],[],0,[],0,[],0,[],0,[],zero_threshold_velocity_resolved_capture,"base-search timeout evidence was superseded by the complete dual-timestep zero-threshold audit, including adaptive node-only escalation where required",velocity_resolved_capture,nonmonotone finite-speed capture retained as a direct boolean mask,True
20,21,True,2,"[0.0,0.25]",0.2,5e-06,2.5e-06,0,[],0.0,0.0,0.0,0.5,0.75,two_core_entries,escaped,0.0,0.5,0.5,0.5,0.75,0.5,0.75,two_core_entries,escaped,two_core_entries,escaped,[],[],0,[],0,[],0,[],0,[],zero_threshold_grid_resolved_capture,"base-search timeout evidence was superseded by the complete dual-timestep zero-threshold audit, including adaptive node-only escalation where required",grid_resolved_capture,dual-timestep direct grid recovered a contiguous zero-origin capture boundary,False
20,22,True,2,"[0.0,0.25]",0.2,5e-06,2.5e-06,0,[],0.0,0.0,0.0,0.0,0.25,escaped,escaped,0.0,0.0,0.0,0.0,0.25,0.0,0.25,escaped,escaped,escaped,escaped,[],[],0,[],0,[],0,[],0,[],zero_threshold_velocity_resolved_capture,"base-search timeout evidence was superseded by the complete dual-timestep zero-threshold audit, including adaptive node-only escalation where required",velocity_resolved_capture,nonmonotone finite-speed capture retained as a direct boolean mask,True
20,23,True,2,"[0.0,0.25]",0.2,5e-06,2.5e-06,0,[],0.0,0.0,0.0,3.0,3.25,two_core_entries,escaped,0.0,3.0,3.0,3.0,3.25,3.0,3.25,two_core_entries,escaped,two_core_entries,escaped,[],[],0,[],0,[],0,[],0,[],zero_threshold_grid_resolved_capture,"base-search timeout evidence was superseded by the complete dual-timestep zero-threshold audit, including adaptive node-only escalation where required",grid_resolved_capture,dual-timestep direct grid recovered a contiguous zero-origin capture boundary,False
20,24,True,2,"[0.0,0.25]",0.2,5e-06,2.5e-06,0,[],0.0,0.0,0.0,2.5,2.75,two_core_entries,escaped,0.0,2.5,2.5,2.5,2.75,2.5,2.75,two_core_entries,escaped,two_core_entries,escaped,[],[],0,[],0,[],0,[],0,[],zero_threshold_grid_resolved_capture,"base-search timeout evidence was superseded by the complete dual-timestep zero-threshold audit, including adaptive node-only escalation where required",grid_resolved_capture,dual-timestep direct grid recovered a contiguous zero-origin capture boundary,False
21,0,True,1,[2.63671875],0.2,5e-06,2.5e-06,0,[],0.0,0.0,0.0,2.63671875,2.7734375,two_core_entries,escaped,2.5,2.63671875,2.63671875,2.63671875,2.7734375,2.63671875,2.7734375,two_core_entries,escaped,two_core_entries,escaped,"[{""speed_m_per_s"":2.63671875,""trapped"":true,""termination_reason"":""two_core_entries""}]","[{""speed_m_per_s"":2.63671875,""trapped"":true,""termination_reason"":""two_core_entries""}]",0,[],0,[],0,[],0,[],dual_step_research_recovered_boundary,"targeted timeout-node or endpoint evidence changed or remained non-definitive; complete 200 ms coarse/fine searches recovered compatible definitive brackets, and any internally censored nodes were resolved by the bounded adaptive dual-timestep hierarchy",not_applicable,positive scalar capture threshold,False
21,1,True,2,"[0.0,0.25]",0.2,5e-06,2.5e-06,0,[],0.0,0.0,0.0,1.75,2.0,bounded_core_residence,escaped,0.0,1.75,1.75,1.75,2.0,1.75,2.0,bounded_core_residence,escaped,bounded_core_residence,escaped,[],[],0,[],0,[],0,[],0,[],zero_threshold_velocity_resolved_capture,"base-search timeout evidence was superseded by the complete dual-timestep zero-threshold audit, including adaptive node-only escalation where required",velocity_resolved_capture,dual-timestep direct grid recovered the zero-origin capture boundary and retained later nonmonotone capture as a boolean mask,True
21,2,True,2,"[0.0,0.25]",0.2,5e-06,2.5e-06,0,[],0.0,0.0,0.0,4.0,4.25,two_core_entries,escaped,0.0,4.0,4.0,4.0,4.25,4.0,4.25,two_core_entries,escaped,two_core_entries,escaped,[],[],0,[],0,[],0,[],0,[],zero_threshold_grid_resolved_capture,"base-search timeout evidence was superseded by the complete dual-timestep zero-threshold audit, including adaptive node-only escalation where required",grid_resolved_capture,dual-timestep direct grid recovered a contiguous zero-origin capture boundary,False
21,3,True,2,"[0.0,0.25]",0.2,5e-06,2.5e-06,0,[],0.0,0.0,0.0,1.25,1.5,two_core_entries,escaped,0.0,1.25,1.25,1.25,1.5,1.25,1.5,two_core_entries,escaped,two_core_entries,escaped,[],[],0,[],0,[],0,[],0,[],zero_threshold_grid_resolved_capture,"base-search timeout evidence was superseded by the complete dual-timestep zero-threshold audit, including adaptive node-only escalation where required",grid_resolved_capture,dual-timestep direct grid recovered a contiguous zero-origin capture boundary,False
21,4,True,2,"[1.23046875,1.25]",0.2,5e-06,2.5e-06,0,[],0.0,0.0,0.0,1.689453125,1.8359375,two_core_entries,escaped,1.0791015625,1.689453125,1.689453125,1.689453125,1.8359375,1.689453125,1.8359375,two_core_entries,escaped,two_core_entries,escaped,"[{""speed_m_per_s"":1.23046875,""trapped"":true,""termination_reason"":""two_core_entries""},{""speed_m_per_s"":1.25,""trapped"":true,""termination_reason"":""two_core_entries""}]","[{""speed_m_per_s"":1.23046875,""trapped"":true,""termination_reason"":""two_core_entries""},{""speed_m_per_s"":1.25,""trapped"":true,""termination_reason"":""two_core_entries""}]",0,[],0,[],0,[],0,[],dual_step_research_recovered_boundary,"targeted timeout-node or endpoint evidence changed or remained non-definitive; complete 200 ms coarse/fine searches recovered compatible definitive brackets, and any internally censored nodes were resolved by the bounded adaptive dual-timestep hierarchy",not_applicable,positive scalar capture threshold,False
21,5,True,2,"[0.0,0.25]",0.2,5e-06,2.5e-06,0,[],0.0,0.0,0.0,0.0,0.25,two_core_entries,escaped,0.0,0.0,0.0,0.0,0.25,0.0,0.25,two_core_entries,escaped,two_core_entries,escaped,[],[],0,[],0,[],0,[],0,[],zero_threshold_velocity_resolved_capture,"base-search timeout evidence was superseded by the complete dual-timestep zero-threshold audit, including adaptive node-only escalation where required",velocity_resolved_capture,dual-timestep direct grid recovered the zero-origin capture boundary and retained later nonmonotone capture as a boolean mask,True
21,6,True,1,[0.927734375],0.2,5e-06,2.5e-06,0,[],0.0,0.0,0.0,0.927734375,1.0791015625,two_core_entries,escaped,0.7763671875,0.927734375,0.927734375,0.927734375,1.0791015625,0.927734375,1.0791015625,two_core_entries,escaped,two_core_entries,escaped,"[{""speed_m_per_s"":0.927734375,""trapped"":true,""termination_reason"":""two_core_entries""}]","[{""speed_m_per_s"":0.927734375,""trapped"":true,""termination_reason"":""two_core_entries""}]",0,[],0,[],0,[],0,[],dual_step_research_recovered_boundary,"targeted timeout-node or endpoint evidence changed or remained non-definitive; complete 200 ms coarse/fine searches recovered compatible definitive brackets, and any internally censored nodes were resolved by the bounded adaptive dual-timestep hierarchy",not_applicable,positive scalar capture threshold,False
21,7,True,2,"[0.0,0.25]",0.2,5e-06,2.5e-06,0,[],0.0,0.0,0.0,0.5,0.75,two_core_entries,escaped,0.0,0.5,0.5,0.5,0.75,0.5,0.75,two_core_entries,escaped,two_core_entries,escaped,[],[],0,[],0,[],0,[],0,[],zero_threshold_velocity_resolved_capture,"base-search timeout evidence was superseded by the complete dual-timestep zero-threshold audit, including adaptive node-only escalation where required",velocity_resolved_capture,dual-timestep direct grid recovered the zero-origin capture boundary and retained later nonmonotone capture as a boolean mask,True
21,8,True,2,"[0.0,0.25]",0.2,5e-06,2.5e-06,0,[],0.0,0.0,0.0,1.0,1.25,bounded_core_residence,escaped,0.0,1.0,1.0,1.0,1.25,1.0,1.25,bounded_core_residence,escaped,bounded_core_residence,escaped,[],[],0,[],0,[],0,[],0,[],zero_threshold_grid_resolved_capture,"base-search timeout evidence was superseded by the complete dual-timestep zero-threshold audit, including adaptive node-only escalation where required",grid_resolved_capture,dual-timestep direct grid recovered a contiguous zero-origin capture boundary,False
21,9,True,2,"[0.0,0.25]",0.2,5e-06,2.5e-06,0,[],0.0,0.0,0.0,0.75,1.0,two_core_entries,escaped,0.0,0.75,0.75,0.75,1.0,0.75,1.0,two_core_entries,escaped,two_core_entries,escaped,[],[],0,[],0,[],0,[],0,[],zero_threshold_grid_resolved_capture,"base-search timeout evidence was superseded by the complete dual-timestep zero-threshold audit, including adaptive node-only escalation where required",grid_resolved_capture,dual-timestep direct grid recovered a contiguous zero-origin capture boundary,False
21,10,True,2,"[0.0,0.25]",0.2,5e-06,2.5e-06,0,[],0.0,0.0,0.0,0.75,1.0,two_core_entries,escaped,0.0,0.75,0.75,0.75,1.0,0.75,1.0,two_core_entries,escaped,two_core_entries,escaped,[],[],0,[],0,[],0,[],0,[],zero_threshold_grid_resolved_capture,"base-search timeout evidence was superseded by the complete dual-timestep zero-threshold audit, including adaptive node-only escalation where required",grid_resolved_capture,dual-timestep direct grid recovered a contiguous zero-origin capture boundary,False
21,11,True,2,"[0.0,0.25]",0.2,5e-06,2.5e-06,0,[],0.0,0.0,0.0,0.5,0.75,two_core_entries,escaped,0.0,0.5,0.5,0.5,0.75,0.5,0.75,two_core_entries,escaped,two_core_entries,escaped,[],[],0,[],0,[],0,[],0,[],zero_threshold_grid_resolved_capture,"base-search timeout evidence was superseded by the complete dual-timestep zero-threshold audit, including adaptive node-only escalation where required",grid_resolved_capture,dual-timestep direct grid recovered a contiguous zero-origin capture boundary,False
21,12,True,2,"[0.0,0.25]",0.2,5e-06,2.5e-06,0,[],0.0,0.0,0.0,2.75,3.0,two_core_entries,escaped,0.0,2.75,2.75,2.75,3.0,2.75,3.0,two_core_entries,escaped,two_core_entries,escaped,[],[],0,[],0,[],0,[],0,[],zero_threshold_grid_resolved_capture,"base-search timeout evidence was superseded by the complete dual-timestep zero-threshold audit, including adaptive node-only escalation where required",grid_resolved_capture,dual-timestep direct grid recovered a contiguous zero-origin capture boundary,False
21,13,True,2,"[0.0,0.25]",0.2,5e-06,2.5e-06,0,[],0.0,0.0,0.0,0.0,1.5,escaped,escaped,0.0,0.0,0.0,0.0,1.5,0.0,1.5,escaped,escaped,escaped,escaped,[],[],0,[],0,[],0,[],0,[],zero_threshold_velocity_resolved_capture,"base-search timeout evidence was superseded by the complete dual-timestep zero-threshold audit, including adaptive node-only escalation where required",velocity_resolved_capture,nonmonotone finite-speed capture retained as a direct boolean mask,True
21,14,True,2,"[0.0,0.25]",0.2,5e-06,2.5e-06,0,[],0.0,0.0,0.0,3.5,3.75,two_core_entries,escaped,0.0,3.5,3.5,3.5,3.75,3.5,3.75,two_core_entries,escaped,two_core_entries,escaped,[],[],0,[],0,[],0,[],0,[],zero_threshold_grid_resolved_capture,"base-search timeout evidence was superseded by the complete dual-timestep zero-threshold audit, including adaptive node-only escalation where required",grid_resolved_capture,dual-timestep direct grid recovered a contiguous zero-origin capture boundary,False
21,15,True,2,"[0.0,0.25]",0.2,5e-06,2.5e-06,0,[],0.0,0.0,0.0,2.75,3.0,two_core_entries,escaped,0.0,2.75,2.75,2.75,3.0,2.75,3.0,two_core_entries,escaped,two_core_entries,escaped,[],[],0,[],0,[],0,[],0,[],zero_threshold_grid_resolved_capture,"base-search timeout evidence was superseded by the complete dual-timestep zero-threshold audit, including adaptive node-only escalation where required",grid_resolved_capture,dual-timestep direct grid recovered a contiguous zero-origin capture boundary,False
21,16,True,2,"[0.0,0.25]",0.2,5e-06,2.5e-06,0,[],0.0,0.0,0.0,1.5,1.75,two_core_entries,escaped,0.0,1.5,1.5,1.5,1.75,1.5,1.75,two_core_entries,escaped,two_core_entries,escaped,[],[],0,[],0,[],0,[],0,[],zero_threshold_velocity_resolved_capture,"base-search timeout evidence was superseded by the complete dual-timestep zero-threshold audit, including adaptive node-only escalation where required",velocity_resolved_capture,dual-timestep direct grid recovered the zero-origin capture boundary and retained later nonmonotone capture as a boolean mask,True
21,17,True,2,"[0.0,0.25]",0.2,5e-06,2.5e-06,0,[],0.0,0.0,0.0,0.5,0.75,two_core_entries,escaped,0.0,0.5,0.5,0.5,0.75,0.5,0.75,two_core_entries,escaped,two_core_entries,escaped,[],[],0,[],0,[],0,[],0,[],zero_threshold_grid_resolved_capture,"base-search timeout evidence was superseded by the complete dual-timestep zero-threshold audit, including adaptive node-only escalation where required",grid_resolved_capture,dual-timestep direct grid recovered a contiguous zero-origin capture boundary,False
21,18,True,2,"[0.0,0.25]",0.2,5e-06,2.5e-06,0,[],0.0,0.0,0.0,0.75,1.0,bounded_core_residence,escaped,0.0,0.75,0.75,0.75,1.0,0.75,1.0,bounded_core_residence,escaped,bounded_core_residence,escaped,[],[],0,[],0,[],0,[],0,[],zero_threshold_grid_resolved_capture,"base-search timeout evidence was superseded by the complete dual-timestep zero-threshold audit, including adaptive node-only escalation where required",grid_resolved_capture,dual-timestep direct grid recovered a contiguous zero-origin capture boundary,False
21,19,True,2,"[1.23046875,1.25]",0.2,5e-06,2.5e-06,0,[],0.0,0.0,0.0,1.689453125,1.8359375,two_core_entries,escaped,1.0791015625,1.689453125,1.689453125,1.689453125,1.8359375,1.689453125,1.8359375,two_core_entries,escaped,two_core_entries,escaped,"[{""speed_m_per_s"":1.23046875,""trapped"":true,""termination_reason"":""two_core_entries""},{""speed_m_per_s"":1.25,""trapped"":true,""termination_reason"":""two_core_entries""}]","[{""speed_m_per_s"":1.23046875,""trapped"":true,""termination_reason"":""two_core_entries""},{""speed_m_per_s"":1.25,""trapped"":true,""termination_reason"":""two_core_entries""}]",0,[],0,[],0,[],0,[],dual_step_research_recovered_boundary,"targeted timeout-node or endpoint evidence changed or remained non-definitive; complete 200 ms coarse/fine searches recovered compatible definitive brackets, and any internally censored nodes were resolved by the bounded adaptive dual-timestep hierarchy",not_applicable,positive scalar capture threshold,False
21,20,True,2,"[0.0,0.25]",0.2,5e-06,2.5e-06,0,[],0.0,0.0,0.0,0.25,0.5,bounded_core_residence,escaped,0.0,0.25,0.25,0.25,0.5,0.25,0.5,bounded_core_residence,escaped,bounded_core_residence,escaped,[],[],0,[],0,[],0,[],0,[],zero_threshold_velocity_resolved_capture,"base-search timeout evidence was superseded by the complete dual-timestep zero-threshold audit, including adaptive node-only escalation where required",velocity_resolved_capture,dual-timestep direct grid recovered the zero-origin capture boundary and retained later nonmonotone capture as a boolean mask,True
21,21,True,2,"[0.0,0.25]",0.2,5e-06,2.5e-06,0,[],0.0,0.0,0.0,0.5,0.75,two_core_entries,escaped,0.0,0.5,0.5,0.5,0.75,0.5,0.75,two_core_entries,escaped,two_core_entries,escaped,[],[],0,[],0,[],0,[],0,[],zero_threshold_velocity_resolved_capture,"base-search timeout evidence was superseded by the complete dual-timestep zero-threshold audit, including adaptive node-only escalation where required",velocity_resolved_capture,dual-timestep direct grid recovered the zero-origin capture boundary and retained later nonmonotone capture as a boolean mask,True
21,22,True,2,"[0.0,0.25]",0.2,5e-06,2.5e-06,0,[],0.0,0.0,0.0,0.0,1.5,escaped,escaped,0.0,0.0,0.0,0.0,1.5,0.0,1.5,escaped,escaped,escaped,escaped,[],[],0,[],0,[],0,[],0,[],zero_threshold_velocity_resolved_capture,"base-search timeout evidence was superseded by the complete dual-timestep zero-threshold audit, including adaptive node-only escalation where required",velocity_resolved_capture,nonmonotone finite-speed capture retained as a direct boolean mask,True
21,23,True,2,"[0.0,0.25]",0.2,5e-06,2.5e-06,0,[],0.0,0.0,0.0,3.5,3.75,two_core_entries,escaped,0.0,3.5,3.5,3.5,3.75,3.5,3.75,two_core_entries,escaped,two_core_entries,escaped,[],[],0,[],0,[],0,[],0,[],zero_threshold_grid_resolved_capture,"base-search timeout evidence was superseded by the complete dual-timestep zero-threshold audit, including adaptive node-only escalation where required",grid_resolved_capture,dual-timestep direct grid recovered a contiguous zero-origin capture boundary,False
21,24,True,2,"[0.0,0.25]",0.2,5e-06,2.5e-06,0,[],0.0,0.0,0.0,2.0,2.25,two_core_entries,escaped,0.0,2.0,2.0,2.0,2.25,2.0,2.25,two_core_entries,escaped,two_core_entries,escaped,[],[],0,[],0,[],0,[],0,[],zero_threshold_grid_resolved_capture,"base-search timeout evidence was superseded by the complete dual-timestep zero-threshold audit, including adaptive node-only escalation where required",grid_resolved_capture,dual-timestep direct grid recovered a contiguous zero-origin capture boundary,False
22,0,True,2,"[0.0,0.25]",0.2,5e-06,2.5e-06,0,[],0.0,0.0,0.0,0.75,1.0,two_core_entries,escaped,0.0,0.75,0.75,0.75,1.0,0.75,1.0,two_core_entries,escaped,two_core_entries,escaped,[],[],0,[],0,[],0,[],0,[],zero_threshold_grid_resolved_capture,"base-search timeout evidence was superseded by the complete dual-timestep zero-threshold audit, including adaptive node-only escalation where required",grid_resolved_capture,dual-timestep direct grid recovered a contiguous zero-origin capture boundary,False
22,1,True,2,"[0.0,0.25]",0.2,5e-06,2.5e-06,0,[],0.0,0.0,0.0,0.5,0.75,two_core_entries,escaped,0.0,0.5,0.5,0.5,0.75,0.5,0.75,two_core_entries,escaped,two_core_entries,escaped,[],[],0,[],0,[],0,[],0,[],zero_threshold_grid_resolved_capture,"base-search timeout evidence was superseded by the complete dual-timestep zero-threshold audit, including adaptive node-only escalation where required",grid_resolved_capture,dual-timestep direct grid recovered a contiguous zero-origin capture boundary,False
22,2,True,2,"[0.0,0.25]",0.2,5e-06,2.5e-06,0,[],0.0,0.0,0.0,0.75,1.0,two_core_entries,escaped,0.0,0.75,0.75,0.75,1.0,0.75,1.0,two_core_entries,escaped,two_core_entries,escaped,[],[],0,[],0,[],0,[],0,[],zero_threshold_grid_resolved_capture,"base-search timeout evidence was superseded by the complete dual-timestep zero-threshold audit, including adaptive node-only escalation where required",grid_resolved_capture,dual-timestep direct grid recovered a contiguous zero-origin capture boundary,False
22,3,True,2,"[0.0,0.25]",0.2,5e-06,2.5e-06,0,[],0.0,0.0,0.0,0.5,0.75,bounded_core_residence,escaped,0.0,0.5,0.5,0.5,0.75,0.5,0.75,bounded_core_residence,escaped,bounded_core_residence,escaped,[],[],0,[],0,[],0,[],0,[],zero_threshold_grid_resolved_capture,"base-search timeout evidence was superseded by the complete dual-timestep zero-threshold audit, including adaptive node-only escalation where required",grid_resolved_capture,dual-timestep direct grid recovered a contiguous zero-origin capture boundary,False
22,4,True,2,"[0.0,0.25]",0.2,5e-06,2.5e-06,0,[],0.0,0.0,0.0,0.5,0.75,two_core_entries,escaped,0.0,0.5,0.5,0.5,0.75,0.5,0.75,two_core_entries,escaped,two_core_entries,escaped,[],[],0,[],0,[],0,[],0,[],zero_threshold_grid_resolved_capture,"base-search timeout evidence was superseded by the complete dual-timestep zero-threshold audit, including adaptive node-only escalation where required",grid_resolved_capture,dual-timestep direct grid recovered a contiguous zero-origin capture boundary,False
22,5,True,2,"[0.0,0.25]",0.2,5e-06,2.5e-06,0,[],0.0,0.0,0.0,0.75,1.0,two_core_entries,escaped,0.0,0.75,0.75,0.75,1.0,0.75,1.0,two_core_entries,escaped,two_core_entries,escaped,[],[],0,[],0,[],0,[],0,[],zero_threshold_grid_resolved_capture,"base-search timeout evidence was superseded by the complete dual-timestep zero-threshold audit, including adaptive node-only escalation where required",grid_resolved_capture,dual-timestep direct grid recovered a contiguous zero-origin capture boundary,False
22,6,True,2,"[0.0,0.25]",0.2,5e-06,2.5e-06,0,[],0.0,0.0,0.0,0.0,1.0,escaped,escaped,0.0,0.0,0.0,0.0,1.0,0.0,1.0,escaped,escaped,escaped,escaped,[],[],0,[],0,[],0,[],0,[],zero_threshold_velocity_resolved_capture,"base-search timeout evidence was superseded by the complete dual-timestep zero-threshold audit, including adaptive node-only escalation where required",velocity_resolved_capture,nonmonotone finite-speed capture retained as a direct boolean mask,True
22,7,True,2,"[0.0,0.25]",0.2,5e-06,2.5e-06,0,[],0.0,0.0,0.0,0.0,0.75,escaped,escaped,0.0,0.0,0.0,0.0,0.75,0.0,0.75,escaped,escaped,escaped,escaped,[],[],0,[],0,[],0,[],0,[],zero_threshold_velocity_resolved_capture,"base-search timeout evidence was superseded by the complete dual-timestep zero-threshold audit, including adaptive node-only escalation where required",velocity_resolved_capture,nonmonotone finite-speed capture retained as a direct boolean mask,True
22,8,True,1,[0.927734375],0.2,5e-06,2.5e-06,0,[],0.0,0.0,0.0,0.927734375,1.0791015625,two_core_entries,escaped,0.7763671875,0.927734375,0.927734375,0.927734375,1.0791015625,0.927734375,1.0791015625,two_core_entries,escaped,two_core_entries,escaped,"[{""speed_m_per_s"":0.927734375,""trapped"":true,""termination_reason"":""two_core_entries""}]","[{""speed_m_per_s"":0.927734375,""trapped"":true,""termination_reason"":""two_core_entries""}]",0,[],0,[],0,[],0,[],dual_step_research_recovered_boundary,"targeted timeout-node or endpoint evidence changed or remained non-definitive; complete 200 ms coarse/fine searches recovered compatible definitive brackets, and any internally censored nodes were resolved by the bounded adaptive dual-timestep hierarchy",not_applicable,positive scalar capture threshold,False
22,9,True,2,"[0.0,0.25]",0.2,5e-06,2.5e-06,0,[],0.0,0.0,0.0,0.75,1.0,two_core_entries,escaped,0.0,0.75,0.75,0.75,1.0,0.75,1.0,two_core_entries,escaped,two_core_entries,escaped,[],[],0,[],0,[],0,[],0,[],zero_threshold_grid_resolved_capture,"base-search timeout evidence was superseded by the complete dual-timestep zero-threshold audit, including adaptive node-only escalation where required",grid_resolved_capture,dual-timestep direct grid recovered a contiguous zero-origin capture boundary,False
22,10,True,2,"[0.0,0.25]",0.2,5e-06,2.5e-06,0,[],0.0,0.0,0.0,0.75,1.0,two_core_entries,escaped,0.0,0.75,0.75,0.75,1.0,0.75,1.0,two_core_entries,escaped,two_core_entries,escaped,[],[],0,[],0,[],0,[],0,[],zero_threshold_grid_resolved_capture,"base-search timeout evidence was superseded by the complete dual-timestep zero-threshold audit, including adaptive node-only escalation where required",grid_resolved_capture,dual-timestep direct grid recovered a contiguous zero-origin capture boundary,False
22,11,True,2,"[0.0,0.25]",0.2,5e-06,2.5e-06,0,[],0.0,0.0,0.0,0.5,0.75,bounded_core_residence,escaped,0.0,0.5,0.5,0.5,0.75,0.5,0.75,bounded_core_residence,escaped,bounded_core_residence,escaped,[],[],0,[],0,[],0,[],0,[],zero_threshold_grid_resolved_capture,"base-search timeout evidence was superseded by the complete dual-timestep zero-threshold audit, including adaptive node-only escalation where required",grid_resolved_capture,dual-timestep direct grid recovered a contiguous zero-origin capture boundary,False
22,12,True,2,"[0.0,0.25]",0.2,5e-06,2.5e-06,0,[],0.0,0.0,0.0,0.25,0.5,bounded_core_residence,escaped,0.0,0.25,0.25,0.25,0.5,0.25,0.5,bounded_core_residence,escaped,bounded_core_residence,escaped,[],[],0,[],0,[],0,[],0,[],zero_threshold_grid_resolved_capture,"base-search timeout evidence was superseded by the complete dual-timestep zero-threshold audit, including adaptive node-only escalation where required",grid_resolved_capture,dual-timestep direct grid recovered a contiguous zero-origin capture boundary,False
22,13,True,2,"[0.0,0.25]",0.2,5e-06,2.5e-06,0,[],0.0,0.0,0.0,0.5,0.75,two_core_entries,escaped,0.0,0.5,0.5,0.5,0.75,0.5,0.75,two_core_entries,escaped,two_core_entries,escaped,[],[],0,[],0,[],0,[],0,[],zero_threshold_grid_resolved_capture,"base-search timeout evidence was superseded by the complete dual-timestep zero-threshold audit, including adaptive node-only escalation where required",grid_resolved_capture,dual-timestep direct grid recovered a contiguous zero-origin capture boundary,False
22,14,True,2,"[0.0,0.25]",0.2,5e-06,2.5e-06,0,[],0.0,0.0,0.0,1.0,1.25,two_core_entries,escaped,0.0,1.0,1.0,1.0,1.25,1.0,1.25,two_core_entries,escaped,two_core_entries,escaped,[],[],0,[],0,[],0,[],0,[],zero_threshold_grid_resolved_capture,"base-search timeout evidence was superseded by the complete dual-timestep zero-threshold audit, including adaptive node-only escalation where required",grid_resolved_capture,dual-timestep direct grid recovered a contiguous zero-origin capture boundary,False
22,15,True,1,[0.0],0.2,5e-06,2.5e-06,0,[],0.0,0.0,0.0,0.75,1.0,bounded_core_residence,escaped,0.0,0.75,0.75,0.75,1.0,0.75,1.0,bounded_core_residence,escaped,bounded_core_residence,escaped,[],[],0,[],0,[],0,[],0,[],zero_threshold_grid_resolved_capture,"base-search timeout evidence was superseded by the complete dual-timestep zero-threshold audit, including adaptive node-only escalation where required",grid_resolved_capture,dual-timestep direct grid recovered a contiguous zero-origin capture boundary,False
22,16,True,2,"[0.0,0.25]",0.2,5e-06,2.5e-06,0,[],0.0,0.0,0.0,0.75,1.0,bounded_core_residence,escaped,0.0,0.75,0.75,0.75,1.0,0.75,1.0,bounded_core_residence,escaped,bounded_core_residence,escaped,[],[],0,[],0,[],0,[],0,[],zero_threshold_grid_resolved_capture,"base-search timeout evidence was superseded by the complete dual-timestep zero-threshold audit, including adaptive node-only escalation where required",grid_resolved_capture,dual-timestep direct grid recovered a contiguous zero-origin capture boundary,False
22,17,True,2,"[0.0,0.25]",0.2,5e-06,2.5e-06,0,[],0.0,0.0,0.0,0.0,1.25,escaped,escaped,0.0,0.0,0.0,0.0,1.25,0.0,1.25,escaped,escaped,escaped,escaped,[],[],0,[],0,[],0,[],0,[],zero_threshold_velocity_resolved_capture,"base-search timeout evidence was superseded by the complete dual-timestep zero-threshold audit, including adaptive node-only escalation where required",velocity_resolved_capture,nonmonotone finite-speed capture retained as a direct boolean mask,True
22,18,True,2,"[0.0,0.25]",0.2,5e-06,2.5e-06,0,[],0.0,0.0,0.0,0.75,1.0,two_core_entries,escaped,0.0,0.75,0.75,0.75,1.0,0.75,1.0,two_core_entries,escaped,two_core_entries,escaped,[],[],0,[],0,[],0,[],0,[],zero_threshold_grid_resolved_capture,"base-search timeout evidence was superseded by the complete dual-timestep zero-threshold audit, including adaptive node-only escalation where required",grid_resolved_capture,dual-timestep direct grid recovered a contiguous zero-origin capture boundary,False
22,19,True,2,"[0.0,0.25]",0.2,5e-06,2.5e-06,0,[],0.0,0.0,0.0,1.0,1.25,two_core_entries,escaped,0.0,1.0,1.0,1.0,1.25,1.0,1.25,two_core_entries,escaped,two_core_entries,escaped,[],[],0,[],0,[],0,[],0,[],zero_threshold_grid_resolved_capture,"base-search timeout evidence was superseded by the complete dual-timestep zero-threshold audit, including adaptive node-only escalation where required",grid_resolved_capture,dual-timestep direct grid recovered a contiguous zero-origin capture boundary,False
22,20,True,2,"[0.0,0.25]",0.2,5e-06,2.5e-06,0,[],0.0,0.0,0.0,0.75,1.0,two_core_entries,escaped,0.0,0.75,0.75,0.75,1.0,0.75,1.0,two_core_entries,escaped,two_core_entries,escaped,[],[],0,[],0,[],0,[],0,[],zero_threshold_grid_resolved_capture,"base-search timeout evidence was superseded by the complete dual-timestep zero-threshold audit, including adaptive node-only escalation where required",grid_resolved_capture,dual-timestep direct grid recovered a contiguous zero-origin capture boundary,False
22,21,True,2,"[0.0,0.25]",0.2,5e-06,2.5e-06,0,[],0.0,0.0,0.0,1.0,1.25,two_core_entries,escaped,0.0,1.0,1.0,1.0,1.25,1.0,1.25,two_core_entries,escaped,two_core_entries,escaped,[],[],0,[],0,[],0,[],0,[],zero_threshold_grid_resolved_capture,"base-search timeout evidence was superseded by the complete dual-timestep zero-threshold audit, including adaptive node-only escalation where required",grid_resolved_capture,dual-timestep direct grid recovered a contiguous zero-origin capture boundary,False
22,22,True,2,"[0.0,0.25]",0.2,5e-06,2.5e-06,0,[],0.0,0.0,0.0,1.0,1.25,bounded_core_residence,escaped,0.0,1.0,1.0,1.0,1.25,1.0,1.25,bounded_core_residence,escaped,bounded_core_residence,escaped,[],[],0,[],0,[],0,[],0,[],zero_threshold_grid_resolved_capture,"base-search timeout evidence was superseded by the complete dual-timestep zero-threshold audit, including adaptive node-only escalation where required",grid_resolved_capture,dual-timestep direct grid recovered a contiguous zero-origin capture boundary,False
22,23,True,2,"[0.0,0.25]",0.2,5e-06,2.5e-06,0,[],0.0,0.0,0.0,0.75,1.0,two_core_entries,escaped,0.0,0.75,0.75,0.75,1.0,0.75,1.0,two_core_entries,escaped,two_core_entries,escaped,[],[],0,[],0,[],0,[],0,[],zero_threshold_grid_resolved_capture,"base-search timeout evidence was superseded by the complete dual-timestep zero-threshold audit, including adaptive node-only escalation where required",grid_resolved_capture,dual-timestep direct grid recovered a contiguous zero-origin capture boundary,False
22,24,True,2,"[0.0,0.25]",0.2,5e-06,2.5e-06,0,[],0.0,0.0,0.0,1.0,1.25,two_core_entries,escaped,0.0,1.0,1.0,1.0,1.25,1.0,1.25,two_core_entries,escaped,two_core_entries,escaped,[],[],0,[],0,[],0,[],0,[],zero_threshold_grid_resolved_capture,"base-search timeout evidence was superseded by the complete dual-timestep zero-threshold audit, including adaptive node-only escalation where required",grid_resolved_capture,dual-timestep direct grid recovered a contiguous zero-origin capture boundary,False
23,0,True,2,"[0.0,0.25]",0.2,5e-06,2.5e-06,0,[],0.0,0.0,0.0,0.0,0.75,escaped,escaped,0.0,0.0,0.0,0.0,0.75,0.0,0.75,escaped,escaped,escaped,escaped,[],[],0,[],0,[],0,[],0,[],zero_threshold_velocity_resolved_capture,"base-search timeout evidence was superseded by the complete dual-timestep zero-threshold audit, including adaptive node-only escalation where required",velocity_resolved_capture,nonmonotone finite-speed capture retained as a direct boolean mask,True
23,1,True,2,"[0.0,0.25]",0.2,5e-06,2.5e-06,0,[],0.0,0.0,0.0,1.25,1.5,two_core_entries,escaped,0.0,1.25,1.25,1.25,1.5,1.25,1.5,two_core_entries,escaped,two_core_entries,escaped,[],[],0,[],0,[],0,[],0,[],zero_threshold_grid_resolved_capture,"base-search timeout evidence was superseded by the complete dual-timestep zero-threshold audit, including adaptive node-only escalation where required",grid_resolved_capture,dual-timestep direct grid recovered a contiguous zero-origin capture boundary,False
23,2,True,2,"[0.0,0.25]",0.2,5e-06,2.5e-06,0,[],0.0,0.0,0.0,2.25,2.5,bounded_core_residence,escaped,0.0,2.25,2.25,2.25,2.5,2.25,2.5,bounded_core_residence,escaped,bounded_core_residence,escaped,[],[],0,[],0,[],0,[],0,[],zero_threshold_grid_resolved_capture,"base-search timeout evidence was superseded by the complete dual-timestep zero-threshold audit, including adaptive node-only escalation where required",grid_resolved_capture,dual-timestep direct grid recovered a contiguous zero-origin capture boundary,False
23,3,True,1,[0.0],0.2,5e-06,2.5e-06,0,[],0.0,0.0,0.0,0.0,0.25,two_core_entries,escaped,0.0,0.0,0.0,0.0,0.25,0.0,0.25,two_core_entries,escaped,two_core_entries,escaped,[],[],0,[],0,[],0,[],0,[],zero_threshold_grid_resolved_capture,"base-search timeout evidence was superseded by the complete dual-timestep zero-threshold audit, including adaptive node-only escalation where required",grid_resolved_capture,dual-timestep direct grid recovered a contiguous zero-origin capture boundary,False
23,4,True,2,"[0.0,0.25]",0.2,5e-06,2.5e-06,0,[],0.0,0.0,0.0,1.5,1.75,bounded_core_residence,escaped,0.0,1.5,1.5,1.5,1.75,1.5,1.75,bounded_core_residence,escaped,bounded_core_residence,escaped,[],[],0,[],0,[],0,[],0,[],zero_threshold_grid_resolved_capture,"base-search timeout evidence was superseded by the complete dual-timestep zero-threshold audit, including adaptive node-only escalation where required",grid_resolved_capture,dual-timestep direct grid recovered a contiguous zero-origin capture boundary,False
23,5,True,2,"[0.0,0.25]",0.2,5e-06,2.5e-06,0,[],0.0,0.0,0.0,0.5,0.75,two_core_entries,escaped,0.0,0.5,0.5,0.5,0.75,0.5,0.75,two_core_entries,escaped,two_core_entries,escaped,[],[],0,[],0,[],0,[],0,[],zero_threshold_grid_resolved_capture,"base-search timeout evidence was superseded by the complete dual-timestep zero-threshold audit, including adaptive node-only escalation where required",grid_resolved_capture,dual-timestep direct grid recovered a contiguous zero-origin capture boundary,False
23,6,True,2,"[0.0,0.25]",0.2,5e-06,2.5e-06,0,[],0.0,0.0,0.0,0.0,2.0,escaped,escaped,0.0,0.0,0.0,0.0,2.0,0.0,2.0,escaped,escaped,escaped,escaped,[],[],0,[],0,[],0,[],0,[],zero_threshold_velocity_resolved_capture,"base-search timeout evidence was superseded by the complete dual-timestep zero-threshold audit, including adaptive node-only escalation where required",velocity_resolved_capture,nonmonotone finite-speed capture retained as a direct boolean mask,True
23,7,True,2,"[0.0,0.25]",0.2,5e-06,2.5e-06,0,[],0.0,0.0,0.0,0.75,1.0,two_core_entries,escaped,0.0,0.75,0.75,0.75,1.0,0.75,1.0,two_core_entries,escaped,two_core_entries,escaped,[],[],0,[],0,[],0,[],0,[],zero_threshold_grid_resolved_capture,"base-search timeout evidence was superseded by the complete dual-timestep zero-threshold audit, including adaptive node-only escalation where required",grid_resolved_capture,dual-timestep direct grid recovered a contiguous zero-origin capture boundary,False
23,8,True,2,"[0.0,0.25]",0.2,5e-06,2.5e-06,0,[],0.0,0.0,0.0,1.0,1.25,two_core_entries,escaped,0.0,1.0,1.0,1.0,1.25,1.0,1.25,two_core_entries,escaped,two_core_entries,escaped,[],[],0,[],0,[],0,[],0,[],zero_threshold_grid_resolved_capture,"base-search timeout evidence was superseded by the complete dual-timestep zero-threshold audit, including adaptive node-only escalation where required",grid_resolved_capture,dual-timestep direct grid recovered a contiguous zero-origin capture boundary,False
23,9,True,2,"[0.0,0.25]",0.2,5e-06,2.5e-06,0,[],0.0,0.0,0.0,1.5,1.75,bounded_core_residence,escaped,0.0,1.5,1.5,1.5,1.75,1.5,1.75,bounded_core_residence,escaped,bounded_core_residence,escaped,[],[],0,[],0,[],0,[],0,[],zero_threshold_grid_resolved_capture,"base-search timeout evidence was superseded by the complete dual-timestep zero-threshold audit, including adaptive node-only escalation where required",grid_resolved_capture,dual-timestep direct grid recovered a contiguous zero-origin capture boundary,False
23,10,True,2,"[0.0,0.25]",0.2,5e-06,2.5e-06,0,[],0.0,0.0,0.0,1.25,1.5,two_core_entries,escaped,0.0,1.25,1.25,1.25,1.5,1.25,1.5,two_core_entries,escaped,two_core_entries,escaped,[],[],0,[],0,[],0,[],0,[],zero_threshold_grid_resolved_capture,"base-search timeout evidence was superseded by the complete dual-timestep zero-threshold audit, including adaptive node-only escalation where required",grid_resolved_capture,dual-timestep direct grid recovered a contiguous zero-origin capture boundary,False
23,11,True,2,"[0.0,0.25]",0.2,5e-06,2.5e-06,0,[],0.0,0.0,0.0,1.25,1.5,two_core_entries,escaped,0.0,1.25,1.25,1.25,1.5,1.25,1.5,two_core_entries,escaped,two_core_entries,escaped,[],[],0,[],0,[],0,[],0,[],zero_threshold_grid_resolved_capture,"base-search timeout evidence was superseded by the complete dual-timestep zero-threshold audit, including adaptive node-only escalation where required",grid_resolved_capture,dual-timestep direct grid recovered a contiguous zero-origin capture boundary,False
23,12,True,1,[0.25],0.2,5e-06,2.5e-06,0,[],0.0,0.0,0.0,0.0,0.25,escaped,escaped,0.0,0.0,0.0,0.0,0.25,0.0,0.25,escaped,escaped,escaped,escaped,[],[],0,[],0,[],0,[],0,[],zero_threshold_confirmed_zero_capture,"base-search timeout evidence was superseded by the complete dual-timestep zero-threshold audit, including adaptive node-only escalation where required",confirmed_zero_capture,dual-timestep direct velocity scan contains no capture,False
23,13,True,2,"[0.0,0.25]",0.2,5e-06,2.5e-06,0,[],0.0,0.0,0.0,0.0,0.25,escaped,escaped,0.0,0.0,0.0,0.0,0.25,0.0,0.25,escaped,escaped,escaped,escaped,[],[],0,[],0,[],0,[],0,[],zero_threshold_velocity_resolved_capture,"base-search timeout evidence was superseded by the complete dual-timestep zero-threshold audit, including adaptive node-only escalation where required",velocity_resolved_capture,nonmonotone finite-speed capture retained as a direct boolean mask,True
23,14,True,2,"[0.0,0.25]",0.2,5e-06,2.5e-06,0,[],0.0,0.0,0.0,0.0,2.25,escaped,escaped,0.0,0.0,0.0,0.0,2.25,0.0,2.25,escaped,escaped,escaped,escaped,[],[],0,[],0,[],0,[],0,[],zero_threshold_velocity_resolved_capture,"base-search timeout evidence was superseded by the complete dual-timestep zero-threshold audit, including adaptive node-only escalation where required",velocity_resolved_capture,nonmonotone finite-speed capture retained as a direct boolean mask,True
23,15,True,1,[0.25],0.2,5e-06,2.5e-06,0,[],0.0,0.0,0.0,0.0,0.25,escaped,escaped,0.0,0.0,0.0,0.0,0.25,0.0,0.25,escaped,escaped,escaped,escaped,[],[],0,[],0,[],0,[],0,[],zero_threshold_confirmed_zero_capture,"base-search timeout evidence was superseded by the complete dual-timestep zero-threshold audit, including adaptive node-only escalation where required",confirmed_zero_capture,dual-timestep direct velocity scan contains no capture,False
23,16,True,2,"[0.0,0.25]",0.2,5e-06,2.5e-06,0,[],0.0,0.0,0.0,0.0,0.75,escaped,escaped,0.0,0.0,0.0,0.0,0.75,0.0,0.75,escaped,escaped,escaped,escaped,[],[],0,[],0,[],0,[],0,[],zero_threshold_velocity_resolved_capture,"base-search timeout evidence was superseded by the complete dual-timestep zero-threshold audit, including adaptive node-only escalation where required",velocity_resolved_capture,nonmonotone finite-speed capture retained as a direct boolean mask,True
23,17,True,2,"[0.0,0.25]",0.2,5e-06,2.5e-06,0,[],0.0,0.0,0.0,0.0,0.75,escaped,escaped,0.0,0.0,0.0,0.0,0.75,0.0,0.75,escaped,escaped,escaped,escaped,[],[],0,[],0,[],0,[],0,[],zero_threshold_velocity_resolved_capture,"base-search timeout evidence was superseded by the complete dual-timestep zero-threshold audit, including adaptive node-only escalation where required",velocity_resolved_capture,nonmonotone finite-speed capture retained as a direct boolean mask,True
23,18,True,2,"[0.0,0.25]",0.2,5e-06,2.5e-06,0,[],0.0,0.0,0.0,0.0,0.25,escaped,escaped,0.0,0.0,0.0,0.0,0.25,0.0,0.25,escaped,escaped,escaped,escaped,[],[],0,[],0,[],0,[],0,[],zero_threshold_velocity_resolved_capture,"base-search timeout evidence was superseded by the complete dual-timestep zero-threshold audit, including adaptive node-only escalation where required",velocity_resolved_capture,nonmonotone finite-speed capture retained as a direct boolean mask,True
23,19,True,1,[0.25],0.2,5e-06,2.5e-06,0,[],0.0,0.0,0.0,0.0,0.5,escaped,escaped,0.0,0.0,0.0,0.0,0.5,0.0,0.5,escaped,escaped,escaped,escaped,[],[],0,[],0,[],0,[],0,[],zero_threshold_velocity_resolved_capture,"base-search timeout evidence was superseded by the complete dual-timestep zero-threshold audit, including adaptive node-only escalation where required",velocity_resolved_capture,nonmonotone finite-speed capture retained as a direct boolean mask,True
23,20,True,2,"[0.0,0.25]",0.2,5e-06,2.5e-06,0,[],0.0,0.0,0.0,1.25,1.5,bounded_core_residence,escaped,0.0,1.25,1.25,1.25,1.5,1.25,1.5,bounded_core_residence,escaped,bounded_core_residence,escaped,[],[],0,[],0,[],0,[],0,[],zero_threshold_grid_resolved_capture,"base-search timeout evidence was superseded by the complete dual-timestep zero-threshold audit, including adaptive node-only escalation where required",grid_resolved_capture,dual-timestep direct grid recovered a contiguous zero-origin capture boundary,False
23,21,True,2,"[0.0,0.25]",0.2,5e-06,2.5e-06,0,[],0.0,0.0,0.0,2.0,2.25,two_core_entries,escaped,0.0,2.0,2.0,2.0,2.25,2.0,2.25,two_core_entries,escaped,two_core_entries,escaped,[],[],0,[],0,[],0,[],0,[],zero_threshold_grid_resolved_capture,"base-search timeout evidence was superseded by the complete dual-timestep zero-threshold audit, including adaptive node-only escalation where required",grid_resolved_capture,dual-timestep direct grid recovered a contiguous zero-origin capture boundary,False
23,22,True,2,"[0.0,0.25]",0.2,5e-06,2.5e-06,0,[],0.0,0.0,0.0,0.0,0.75,escaped,escaped,0.0,0.0,0.0,0.0,0.75,0.0,0.75,escaped,escaped,escaped,escaped,[],[],0,[],0,[],0,[],0,[],zero_threshold_velocity_resolved_capture,"base-search timeout evidence was superseded by the complete dual-timestep zero-threshold audit, including adaptive node-only escalation where required",velocity_resolved_capture,nonmonotone finite-speed capture retained as a direct boolean mask,True
23,23,True,2,"[0.0,0.25]",0.2,5e-06,2.5e-06,1,"[{""level_index"":1,""duration_s"":0.25,""coarse_time_step_s"":5e-06,""fine_time_step_s"":2.5e-06,""velocity_m_per_s"":2.5,""resolved"":true,""coarse_result"":{""trapped"":true,""termination_reason"":""two_core_entries"",""elapsed_time_s"":0.22035500000015,""minimum_radius_m"":0.0007787846081864467,""final_radius_m"":0.0019982997533700766,""final_position_m"":[-0.0005926476974744103,0.0007896483629655222,0.0017373618143216628],""final_velocity_m_per_s"":[-0.07988366562882104,-0.3889235540372101,-0.32048119594740826],""entered_trap_core"":true,""core_entry_count"":2},""fine_result"":{""trapped"":true,""termination_reason"":""two_core_entries"",""elapsed_time_s"":0.22035249999965587,""minimum_radius_m"":0.0007787846081829231,""final_radius_m"":0.00199932120700212,""final_position_m"":[-0.0005924479337078204,0.0007906206663512827,0.0017381627359231936],""final_velocity_m_per_s"":[-0.07992734332188653,-0.38891915350630046,-0.3202560554961339],""entered_trap_core"":true,""core_entry_count"":2}}]",0.25,5e-06,2.5e-06,2.5,2.75,two_core_entries,escaped,0.0,2.5,2.5,2.5,2.75,2.5,2.75,two_core_entries,escaped,two_core_entries,escaped,[],[],0,[],0,[],0,[],0,[],zero_threshold_grid_resolved_capture,"base-search timeout evidence was superseded by the complete dual-timestep zero-threshold audit, including adaptive node-only escalation where required",grid_resolved_capture,dual-timestep direct grid recovered a contiguous zero-origin capture boundary,False
23,24,True,1,[0.0],0.2,5e-06,2.5e-06,0,[],0.0,0.0,0.0,2.0,2.25,two_core_entries,escaped,0.0,2.0,2.0,2.0,2.25,2.0,2.25,two_core_entries,escaped,two_core_entries,escaped,[],[],0,[],0,[],0,[],0,[],zero_threshold_grid_resolved_capture,"base-search timeout evidence was superseded by the complete dual-timestep zero-threshold audit, including adaptive node-only escalation where required",grid_resolved_capture,dual-timestep direct grid recovered a contiguous zero-origin capture boundary,False
24,0,True,2,"[0.0,0.25]",0.2,5e-06,2.5e-06,0,[],0.0,0.0,0.0,1.0,1.25,two_core_entries,escaped,0.0,1.0,1.0,1.0,1.25,1.0,1.25,two_core_entries,escaped,two_core_entries,escaped,[],[],0,[],0,[],0,[],0,[],zero_threshold_grid_resolved_capture,"base-search timeout evidence was superseded by the complete dual-timestep zero-threshold audit, including adaptive node-only escalation where required",grid_resolved_capture,dual-timestep direct grid recovered a contiguous zero-origin capture boundary,False
24,1,True,2,"[0.0,0.25]",0.2,5e-06,2.5e-06,0,[],0.0,0.0,0.0,2.0,2.25,two_core_entries,escaped,0.0,2.0,2.0,2.0,2.25,2.0,2.25,two_core_entries,escaped,two_core_entries,escaped,[],[],0,[],0,[],0,[],0,[],zero_threshold_grid_resolved_capture,"base-search timeout evidence was superseded by the complete dual-timestep zero-threshold audit, including adaptive node-only escalation where required",grid_resolved_capture,dual-timestep direct grid recovered a contiguous zero-origin capture boundary,False
24,2,True,2,"[0.0,0.25]",0.2,5e-06,2.5e-06,0,[],0.0,0.0,0.0,0.0,0.25,escaped,escaped,0.0,0.0,0.0,0.0,0.25,0.0,0.25,escaped,escaped,escaped,escaped,[],[],0,[],0,[],0,[],0,[],zero_threshold_velocity_resolved_capture,"base-search timeout evidence was superseded by the complete dual-timestep zero-threshold audit, including adaptive node-only escalation where required",velocity_resolved_capture,nonmonotone finite-speed capture retained as a direct boolean mask,True
24,3,True,1,[0.25],0.2,5e-06,2.5e-06,0,[],0.0,0.0,0.0,0.0,0.25,escaped,escaped,0.0,0.0,0.0,0.0,0.25,0.0,0.25,escaped,escaped,escaped,escaped,[],[],0,[],0,[],0,[],0,[],zero_threshold_velocity_resolved_capture,"base-search timeout evidence was superseded by the complete dual-timestep zero-threshold audit, including adaptive node-only escalation where required",velocity_resolved_capture,nonmonotone finite-speed capture retained as a direct boolean mask,True
24,4,True,2,"[0.0,0.25]",0.2,5e-06,2.5e-06,0,[],0.0,0.0,0.0,1.25,1.5,two_core_entries,escaped,0.0,1.25,1.25,1.25,1.5,1.25,1.5,two_core_entries,escaped,two_core_entries,escaped,[],[],0,[],0,[],0,[],0,[],zero_threshold_grid_resolved_capture,"base-search timeout evidence was superseded by the complete dual-timestep zero-threshold audit, including adaptive node-only escalation where required",grid_resolved_capture,dual-timestep direct grid recovered a contiguous zero-origin capture boundary,False
24,5,True,2,"[0.0,0.25]",0.2,5e-06,2.5e-06,0,[],0.0,0.0,0.0,1.5,1.75,two_core_entries,escaped,0.0,1.5,1.5,1.5,1.75,1.5,1.75,two_core_entries,escaped,two_core_entries,escaped,[],[],0,[],0,[],0,[],0,[],zero_threshold_grid_resolved_capture,"base-search timeout evidence was superseded by the complete dual-timestep zero-threshold audit, including adaptive node-only escalation where required",grid_resolved_capture,dual-timestep direct grid recovered a contiguous zero-origin capture boundary,False
24,6,True,1,[0.0],0.2,5e-06,2.5e-06,0,[],0.0,0.0,0.0,1.5,1.75,two_core_entries,escaped,0.0,1.5,1.5,1.5,1.75,1.5,1.75,two_core_entries,escaped,two_core_entries,escaped,[],[],0,[],0,[],0,[],0,[],zero_threshold_grid_resolved_capture,"base-search timeout evidence was superseded by the complete dual-timestep zero-threshold audit, including adaptive node-only escalation where required",grid_resolved_capture,dual-timestep direct grid recovered a contiguous zero-origin capture boundary,False
24,7,True,2,"[0.0,0.25]",0.2,5e-06,2.5e-06,0,[],0.0,0.0,0.0,2.5,2.75,two_core_entries,escaped,0.0,2.5,2.5,2.5,2.75,2.5,2.75,two_core_entries,escaped,two_core_entries,escaped,[],[],0,[],0,[],0,[],0,[],zero_threshold_grid_resolved_capture,"base-search timeout evidence was superseded by the complete dual-timestep zero-threshold audit, including adaptive node-only escalation where required",grid_resolved_capture,dual-timestep direct grid recovered a contiguous zero-origin capture boundary,False
24,8,True,2,"[0.0,0.25]",0.2,5e-06,2.5e-06,0,[],0.0,0.0,0.0,1.25,1.5,two_core_entries,escaped,0.0,1.25,1.25,1.25,1.5,1.25,1.5,two_core_entries,escaped,two_core_entries,escaped,[],[],0,[],0,[],0,[],0,[],zero_threshold_grid_resolved_capture,"base-search timeout evidence was superseded by the complete dual-timestep zero-threshold audit, including adaptive node-only escalation where required",grid_resolved_capture,dual-timestep direct grid recovered a contiguous zero-origin capture boundary,False
24,9,True,2,"[0.0,0.25]",0.2,5e-06,2.5e-06,0,[],0.0,0.0,0.0,0.0,0.25,escaped,escaped,0.0,0.0,0.0,0.0,0.25,0.0,0.25,escaped,escaped,escaped,escaped,[],[],0,[],0,[],0,[],0,[],zero_threshold_velocity_resolved_capture,"base-search timeout evidence was superseded by the complete dual-timestep zero-threshold audit, including adaptive node-only escalation where required",velocity_resolved_capture,nonmonotone finite-speed capture retained as a direct boolean mask,True
24,10,True,2,"[0.0,0.25]",0.2,5e-06,2.5e-06,0,[],0.0,0.0,0.0,0.0,1.25,escaped,escaped,0.0,0.0,0.0,0.0,1.25,0.0,1.25,escaped,escaped,escaped,escaped,[],[],0,[],0,[],0,[],0,[],zero_threshold_velocity_resolved_capture,"base-search timeout evidence was superseded by the complete dual-timestep zero-threshold audit, including adaptive node-only escalation where required",velocity_resolved_capture,nonmonotone finite-speed capture retained as a direct boolean mask,True
24,11,True,2,"[0.0,0.25]",0.2,5e-06,2.5e-06,0,[],0.0,0.0,0.0,0.0,1.25,escaped,escaped,0.0,0.0,0.0,0.0,1.25,0.0,1.25,escaped,escaped,escaped,escaped,[],[],0,[],0,[],0,[],0,[],zero_threshold_velocity_resolved_capture,"base-search timeout evidence was superseded by the complete dual-timestep zero-threshold audit, including adaptive node-only escalation where required",velocity_resolved_capture,nonmonotone finite-speed capture retained as a direct boolean mask,True
24,12,True,2,"[0.0,0.25]",0.2,5e-06,2.5e-06,0,[],0.0,0.0,0.0,1.5,1.75,two_core_entries,escaped,0.0,1.5,1.5,1.5,1.75,1.5,1.75,two_core_entries,escaped,two_core_entries,escaped,[],[],0,[],0,[],0,[],0,[],zero_threshold_grid_resolved_capture,"base-search timeout evidence was superseded by the complete dual-timestep zero-threshold audit, including adaptive node-only escalation where required",grid_resolved_capture,dual-timestep direct grid recovered a contiguous zero-origin capture boundary,False
24,13,True,2,"[0.0,0.25]",0.2,5e-06,2.5e-06,0,[],0.0,0.0,0.0,0.5,0.75,bounded_core_residence,escaped,0.0,0.5,0.5,0.5,0.75,0.5,0.75,bounded_core_residence,escaped,bounded_core_residence,escaped,[],[],0,[],0,[],0,[],0,[],zero_threshold_grid_resolved_capture,"base-search timeout evidence was superseded by the complete dual-timestep zero-threshold audit, including adaptive node-only escalation where required",grid_resolved_capture,dual-timestep direct grid recovered a contiguous zero-origin capture boundary,False
24,14,True,2,"[0.0,0.25]",0.2,5e-06,2.5e-06,0,[],0.0,0.0,0.0,1.5,1.75,two_core_entries,escaped,0.0,1.5,1.5,1.5,1.75,1.5,1.75,two_core_entries,escaped,two_core_entries,escaped,[],[],0,[],0,[],0,[],0,[],zero_threshold_grid_resolved_capture,"base-search timeout evidence was superseded by the complete dual-timestep zero-threshold audit, including adaptive node-only escalation where required",grid_resolved_capture,dual-timestep direct grid recovered a contiguous zero-origin capture boundary,False
24,15,True,2,"[0.0,0.25]",0.2,5e-06,2.5e-06,0,[],0.0,0.0,0.0,0.75,1.0,two_core_entries,escaped,0.0,0.75,0.75,0.75,1.0,0.75,1.0,two_core_entries,escaped,two_core_entries,escaped,[],[],0,[],0,[],0,[],0,[],zero_threshold_grid_resolved_capture,"base-search timeout evidence was superseded by the complete dual-timestep zero-threshold audit, including adaptive node-only escalation where required",grid_resolved_capture,dual-timestep direct grid recovered a contiguous zero-origin capture boundary,False
24,16,True,2,"[0.0,0.25]",0.2,5e-06,2.5e-06,0,[],0.0,0.0,0.0,0.0,1.0,escaped,escaped,0.0,0.0,0.0,0.0,1.0,0.0,1.0,escaped,escaped,escaped,escaped,[],[],0,[],0,[],0,[],0,[],zero_threshold_velocity_resolved_capture,"base-search timeout evidence was superseded by the complete dual-timestep zero-threshold audit, including adaptive node-only escalation where required",velocity_resolved_capture,nonmonotone finite-speed capture retained as a direct boolean mask,True
24,17,True,2,"[0.0,0.25]",0.2,5e-06,2.5e-06,0,[],0.0,0.0,0.0,0.0,0.25,escaped,escaped,0.0,0.0,0.0,0.0,0.25,0.0,0.25,escaped,escaped,escaped,escaped,[],[],0,[],0,[],0,[],0,[],zero_threshold_velocity_resolved_capture,"base-search timeout evidence was superseded by the complete dual-timestep zero-threshold audit, including adaptive node-only escalation where required",velocity_resolved_capture,nonmonotone finite-speed capture retained as a direct boolean mask,True
24,18,True,2,"[0.0,0.25]",0.2,5e-06,2.5e-06,0,[],0.0,0.0,0.0,1.5,1.75,two_core_entries,escaped,0.0,1.5,1.5,1.5,1.75,1.5,1.75,two_core_entries,escaped,two_core_entries,escaped,[],[],0,[],0,[],0,[],0,[],zero_threshold_grid_resolved_capture,"base-search timeout evidence was superseded by the complete dual-timestep zero-threshold audit, including adaptive node-only escalation where required",grid_resolved_capture,dual-timestep direct grid recovered a contiguous zero-origin capture boundary,False
24,19,True,2,"[0.0,0.25]",0.2,5e-06,2.5e-06,0,[],0.0,0.0,0.0,0.0,1.5,escaped,escaped,0.0,0.0,0.0,0.0,1.5,0.0,1.5,escaped,escaped,escaped,escaped,[],[],0,[],0,[],0,[],0,[],zero_threshold_velocity_resolved_capture,"base-search timeout evidence was superseded by the complete dual-timestep zero-threshold audit, including adaptive node-only escalation where required",velocity_resolved_capture,nonmonotone finite-speed capture retained as a direct boolean mask,True
24,20,True,2,"[0.0,0.25]",0.2,5e-06,2.5e-06,0,[],0.0,0.0,0.0,0.0,1.0,escaped,escaped,0.0,0.0,0.0,0.0,1.0,0.0,1.0,escaped,escaped,escaped,escaped,[],[],0,[],0,[],0,[],0,[],zero_threshold_velocity_resolved_capture,"base-search timeout evidence was superseded by the complete dual-timestep zero-threshold audit, including adaptive node-only escalation where required",velocity_resolved_capture,nonmonotone finite-speed capture retained as a direct boolean mask,True
24,21,True,2,"[0.3125,0.625]",0.2,5e-06,2.5e-06,0,[],0.0,0.0,0.0,0.7763671875,0.927734375,two_core_entries,escaped,0.15625,0.7763671875,0.7763671875,0.7763671875,0.927734375,0.7763671875,0.927734375,two_core_entries,escaped,two_core_entries,escaped,"[{""speed_m_per_s"":0.3125,""trapped"":true,""termination_reason"":""two_core_entries""},{""speed_m_per_s"":0.625,""trapped"":true,""termination_reason"":""two_core_entries""}]","[{""speed_m_per_s"":0.3125,""trapped"":true,""termination_reason"":""two_core_entries""},{""speed_m_per_s"":0.625,""trapped"":true,""termination_reason"":""two_core_entries""}]",0,[],0,[],0,[],0,[],dual_step_research_recovered_boundary,"targeted timeout-node or endpoint evidence changed or remained non-definitive; complete 200 ms coarse/fine searches recovered compatible definitive brackets, and any internally censored nodes were resolved by the bounded adaptive dual-timestep hierarchy",not_applicable,positive scalar capture threshold,False
24,22,True,2,"[0.0,0.25]",0.2,5e-06,2.5e-06,0,[],0.0,0.0,0.0,1.5,1.75,two_core_entries,escaped,0.0,1.5,1.5,1.5,1.75,1.5,1.75,two_core_entries,escaped,two_core_entries,escaped,[],[],0,[],0,[],0,[],0,[],zero_threshold_grid_resolved_capture,"base-search timeout evidence was superseded by the complete dual-timestep zero-threshold audit, including adaptive node-only escalation where required",grid_resolved_capture,dual-timestep direct grid recovered a contiguous zero-origin capture boundary,False
24,23,True,1,[0.0],0.2,5e-06,2.5e-06,0,[],0.0,0.0,0.0,1.5,1.75,two_core_entries,escaped,0.0,1.5,1.5,1.5,1.75,1.5,1.75,two_core_entries,escaped,two_core_entries,escaped,[],[],0,[],0,[],0,[],0,[],zero_threshold_grid_resolved_capture,"base-search timeout evidence was superseded by the complete dual-timestep zero-threshold audit, including adaptive node-only escalation where required",grid_resolved_capture,dual-timestep direct grid recovered a contiguous zero-origin capture boundary,False
24,24,True,2,"[0.0,0.25]",0.2,5e-06,2.5e-06,0,[],0.0,0.0,0.0,0.0,1.25,escaped,escaped,0.0,0.0,0.0,0.0,1.25,0.0,1.25,escaped,escaped,escaped,escaped,[],[],0,[],0,[],0,[],0,[],zero_threshold_velocity_resolved_capture,"base-search timeout evidence was superseded by the complete dual-timestep zero-threshold audit, including adaptive node-only escalation where required",velocity_resolved_capture,nonmonotone finite-speed capture retained as a direct boolean mask,True
