disc_index,point_index,base_timeout_detected,base_evaluation_timeout_count,base_evaluation_timeout_speeds_m_per_s_json,accepted_max_simulation_time_s,accepted_coarse_time_step_s,accepted_time_step_s,adaptive_audit_level_count,adaptive_audit_evidence_json,adaptive_max_duration_s,adaptive_coarse_time_step_s,adaptive_fine_time_step_s,accepted_trapped_velocity_lower_m_per_s,accepted_untrapped_velocity_upper_m_per_s,accepted_lower_classification,accepted_upper_classification,base_capture_velocity_m_per_s,coarse_capture_velocity_m_per_s,fine_capture_velocity_m_per_s,coarse_trapped_velocity_lower_m_per_s,coarse_untrapped_velocity_upper_m_per_s,fine_trapped_velocity_lower_m_per_s,fine_untrapped_velocity_upper_m_per_s,coarse_lower_classification,coarse_upper_classification,fine_lower_classification,fine_upper_classification,timeout_node_coarse_results_json,timeout_node_fine_results_json,coarse_evaluation_timeout_count,coarse_evaluation_timeout_speeds_m_per_s_json,fine_evaluation_timeout_count,fine_evaluation_timeout_speeds_m_per_s_json,pre_adaptive_coarse_evaluation_timeout_count,pre_adaptive_coarse_evaluation_timeout_speeds_m_per_s_json,pre_adaptive_fine_evaluation_timeout_count,pre_adaptive_fine_evaluation_timeout_speeds_m_per_s_json,timeout_resolution_status,timeout_resolution_reason,zero_threshold_audit_status,zero_threshold_audit_reason,velocity_resolved_override
0,0,True,1,[0.0],0.2,5e-06,2.5e-06,0,[],0.0,0.0,0.0,1.0,1.25,bounded_core_residence,escaped,0.0,1.0,1.0,1.0,1.25,1.0,1.25,bounded_core_residence,escaped,bounded_core_residence,escaped,[],[],0,[],0,[],0,[],0,[],zero_threshold_grid_resolved_capture,"base-search timeout evidence was superseded by the complete dual-timestep zero-threshold audit, including adaptive node-only escalation where required",grid_resolved_capture,dual-timestep direct grid recovered a contiguous zero-origin capture boundary,False
0,1,True,3,"[1.0791015625,1.23046875,1.25]",0.2,5e-06,2.5e-06,0,[],0.0,0.0,0.0,1.54296875,1.689453125,two_core_entries,escaped,0.927734375,1.54296875,1.54296875,1.54296875,1.689453125,1.54296875,1.689453125,two_core_entries,escaped,two_core_entries,escaped,"[{""speed_m_per_s"":1.0791015625,""trapped"":true,""termination_reason"":""bounded_core_residence""},{""speed_m_per_s"":1.23046875,""trapped"":true,""termination_reason"":""bounded_core_residence""},{""speed_m_per_s"":1.25,""trapped"":true,""termination_reason"":""bounded_core_residence""}]","[{""speed_m_per_s"":1.0791015625,""trapped"":true,""termination_reason"":""bounded_core_residence""},{""speed_m_per_s"":1.23046875,""trapped"":true,""termination_reason"":""bounded_core_residence""},{""speed_m_per_s"":1.25,""trapped"":true,""termination_reason"":""bounded_core_residence""}]",0,[],0,[],0,[],0,[],dual_step_research_recovered_boundary,"targeted timeout-node or endpoint evidence changed or remained non-definitive; complete 200 ms coarse/fine searches recovered compatible definitive brackets, and any internally censored nodes were resolved by the bounded adaptive dual-timestep hierarchy",not_applicable,positive scalar capture threshold,False
0,2,True,1,[0.0],0.2,5e-06,2.5e-06,0,[],0.0,0.0,0.0,1.5,1.75,bounded_core_residence,escaped,0.0,1.5,1.5,1.5,1.75,1.5,1.75,bounded_core_residence,escaped,bounded_core_residence,escaped,[],[],0,[],0,[],0,[],0,[],zero_threshold_grid_resolved_capture,"base-search timeout evidence was superseded by the complete dual-timestep zero-threshold audit, including adaptive node-only escalation where required",grid_resolved_capture,dual-timestep direct grid recovered a contiguous zero-origin capture boundary,False
0,3,True,4,"[0.7763671875,0.927734375,1.23046875,1.25]",0.2,5e-06,2.5e-06,0,[],0.0,0.0,0.0,1.54296875,1.689453125,two_core_entries,escaped,0.625,1.54296875,1.54296875,1.54296875,1.689453125,1.54296875,1.689453125,two_core_entries,escaped,two_core_entries,escaped,"[{""speed_m_per_s"":0.7763671875,""trapped"":true,""termination_reason"":""bounded_core_residence""},{""speed_m_per_s"":0.927734375,""trapped"":true,""termination_reason"":""bounded_core_residence""},{""speed_m_per_s"":1.23046875,""trapped"":true,""termination_reason"":""two_core_entries""},{""speed_m_per_s"":1.25,""trapped"":true,""termination_reason"":""two_core_entries""}]","[{""speed_m_per_s"":0.7763671875,""trapped"":true,""termination_reason"":""bounded_core_residence""},{""speed_m_per_s"":0.927734375,""trapped"":true,""termination_reason"":""bounded_core_residence""},{""speed_m_per_s"":1.23046875,""trapped"":true,""termination_reason"":""two_core_entries""},{""speed_m_per_s"":1.25,""trapped"":true,""termination_reason"":""two_core_entries""}]",0,[],0,[],0,[],0,[],dual_step_research_recovered_boundary,"targeted timeout-node or endpoint evidence changed or remained non-definitive; complete 200 ms coarse/fine searches recovered compatible definitive brackets, and any internally censored nodes were resolved by the bounded adaptive dual-timestep hierarchy",not_applicable,positive scalar capture threshold,False
0,4,True,2,"[0.0,0.25]",0.2,5e-06,2.5e-06,0,[],0.0,0.0,0.0,0.0,2.0,escaped,escaped,0.0,0.0,0.0,0.0,2.0,0.0,2.0,escaped,escaped,escaped,escaped,[],[],0,[],0,[],0,[],0,[],zero_threshold_velocity_resolved_capture,"base-search timeout evidence was superseded by the complete dual-timestep zero-threshold audit, including adaptive node-only escalation where required",velocity_resolved_capture,nonmonotone finite-speed capture retained as a direct boolean mask,True
0,5,True,1,[0.25],0.2,5e-06,2.5e-06,0,[],0.0,0.0,0.0,0.0,0.25,escaped,escaped,0.0,0.0,0.0,0.0,0.25,0.0,0.25,escaped,escaped,escaped,escaped,[],[],0,[],0,[],0,[],0,[],zero_threshold_velocity_resolved_capture,"base-search timeout evidence was superseded by the complete dual-timestep zero-threshold audit, including adaptive node-only escalation where required",velocity_resolved_capture,nonmonotone finite-speed capture retained as a direct boolean mask,True
0,6,True,1,[0.0],0.2,5e-06,2.5e-06,0,[],0.0,0.0,0.0,2.0,2.25,two_core_entries,escaped,0.0,2.0,2.0,2.0,2.25,2.0,2.25,two_core_entries,escaped,two_core_entries,escaped,[],[],0,[],0,[],0,[],0,[],zero_threshold_grid_resolved_capture,"base-search timeout evidence was superseded by the complete dual-timestep zero-threshold audit, including adaptive node-only escalation where required",grid_resolved_capture,dual-timestep direct grid recovered a contiguous zero-origin capture boundary,False
0,7,True,3,"[1.0791015625,1.23046875,1.25]",0.2,5e-06,2.5e-06,0,[],0.0,0.0,0.0,1.25,1.396484375,two_core_entries,escaped,0.927734375,1.25,1.25,1.25,1.396484375,1.25,1.396484375,two_core_entries,escaped,two_core_entries,escaped,"[{""speed_m_per_s"":1.0791015625,""trapped"":true,""termination_reason"":""two_core_entries""},{""speed_m_per_s"":1.23046875,""trapped"":true,""termination_reason"":""two_core_entries""},{""speed_m_per_s"":1.25,""trapped"":true,""termination_reason"":""two_core_entries""}]","[{""speed_m_per_s"":1.0791015625,""trapped"":true,""termination_reason"":""two_core_entries""},{""speed_m_per_s"":1.23046875,""trapped"":true,""termination_reason"":""two_core_entries""},{""speed_m_per_s"":1.25,""trapped"":true,""termination_reason"":""two_core_entries""}]",0,[],0,[],0,[],0,[],dual_step_research_recovered_boundary,"targeted timeout-node or endpoint evidence changed or remained non-definitive; complete 200 ms coarse/fine searches recovered compatible definitive brackets, and any internally censored nodes were resolved by the bounded adaptive dual-timestep hierarchy",not_applicable,positive scalar capture threshold,False
0,8,True,1,[0.25],0.2,5e-06,2.5e-06,0,[],0.0,0.0,0.0,0.0,0.25,escaped,escaped,0.0,0.0,0.0,0.0,0.25,0.0,0.25,escaped,escaped,escaped,escaped,[],[],0,[],0,[],0,[],0,[],zero_threshold_velocity_resolved_capture,"base-search timeout evidence was superseded by the complete dual-timestep zero-threshold audit, including adaptive node-only escalation where required",velocity_resolved_capture,nonmonotone finite-speed capture retained as a direct boolean mask,True
0,9,True,1,[0.0],0.2,5e-06,2.5e-06,0,[],0.0,0.0,0.0,0.0,1.75,escaped,escaped,0.0,0.0,0.0,0.0,1.75,0.0,1.75,escaped,escaped,escaped,escaped,[],[],0,[],0,[],0,[],0,[],zero_threshold_velocity_resolved_capture,"base-search timeout evidence was superseded by the complete dual-timestep zero-threshold audit, including adaptive node-only escalation where required",velocity_resolved_capture,nonmonotone finite-speed capture retained as a direct boolean mask,True
0,10,True,1,[0.0],0.2,5e-06,2.5e-06,0,[],0.0,0.0,0.0,1.5,1.75,two_core_entries,escaped,0.0,1.5,1.5,1.5,1.75,1.5,1.75,two_core_entries,escaped,two_core_entries,escaped,[],[],0,[],0,[],0,[],0,[],zero_threshold_grid_resolved_capture,"base-search timeout evidence was superseded by the complete dual-timestep zero-threshold audit, including adaptive node-only escalation where required",grid_resolved_capture,dual-timestep direct grid recovered a contiguous zero-origin capture boundary,False
0,11,True,2,"[0.0,0.25]",0.2,5e-06,2.5e-06,0,[],0.0,0.0,0.0,1.5,1.75,two_core_entries,escaped,0.0,1.5,1.5,1.5,1.75,1.5,1.75,two_core_entries,escaped,two_core_entries,escaped,[],[],0,[],0,[],0,[],0,[],zero_threshold_grid_resolved_capture,"base-search timeout evidence was superseded by the complete dual-timestep zero-threshold audit, including adaptive node-only escalation where required",grid_resolved_capture,dual-timestep direct grid recovered a contiguous zero-origin capture boundary,False
0,12,True,2,"[0.0,0.25]",0.2,5e-06,2.5e-06,0,[],0.0,0.0,0.0,1.5,1.75,two_core_entries,escaped,0.0,1.5,1.5,1.5,1.75,1.5,1.75,two_core_entries,escaped,two_core_entries,escaped,[],[],0,[],0,[],0,[],0,[],zero_threshold_grid_resolved_capture,"base-search timeout evidence was superseded by the complete dual-timestep zero-threshold audit, including adaptive node-only escalation where required",grid_resolved_capture,dual-timestep direct grid recovered a contiguous zero-origin capture boundary,False
0,13,True,2,"[0.0,0.25]",0.2,5e-06,2.5e-06,0,[],0.0,0.0,0.0,1.25,1.5,bounded_core_residence,escaped,0.0,1.25,1.25,1.25,1.5,1.25,1.5,bounded_core_residence,escaped,bounded_core_residence,escaped,[],[],0,[],0,[],0,[],0,[],zero_threshold_grid_resolved_capture,"base-search timeout evidence was superseded by the complete dual-timestep zero-threshold audit, including adaptive node-only escalation where required",grid_resolved_capture,dual-timestep direct grid recovered a contiguous zero-origin capture boundary,False
0,14,True,1,[0.0],0.2,5e-06,2.5e-06,0,[],0.0,0.0,0.0,1.25,1.5,two_core_entries,escaped,0.0,1.25,1.25,1.25,1.5,1.25,1.5,two_core_entries,escaped,two_core_entries,escaped,[],[],0,[],0,[],0,[],0,[],zero_threshold_grid_resolved_capture,"base-search timeout evidence was superseded by the complete dual-timestep zero-threshold audit, including adaptive node-only escalation where required",grid_resolved_capture,dual-timestep direct grid recovered a contiguous zero-origin capture boundary,False
0,15,True,2,"[0.0,0.25]",0.2,5e-06,2.5e-06,0,[],0.0,0.0,0.0,1.75,2.0,two_core_entries,escaped,0.0,1.75,1.75,1.75,2.0,1.75,2.0,two_core_entries,escaped,two_core_entries,escaped,[],[],0,[],0,[],0,[],0,[],zero_threshold_grid_resolved_capture,"base-search timeout evidence was superseded by the complete dual-timestep zero-threshold audit, including adaptive node-only escalation where required",grid_resolved_capture,dual-timestep direct grid recovered a contiguous zero-origin capture boundary,False
0,16,True,1,[0.0],0.2,5e-06,2.5e-06,0,[],0.0,0.0,0.0,1.5,1.75,two_core_entries,escaped,0.0,1.5,1.5,1.5,1.75,1.5,1.75,two_core_entries,escaped,two_core_entries,escaped,[],[],0,[],0,[],0,[],0,[],zero_threshold_grid_resolved_capture,"base-search timeout evidence was superseded by the complete dual-timestep zero-threshold audit, including adaptive node-only escalation where required",grid_resolved_capture,dual-timestep direct grid recovered a contiguous zero-origin capture boundary,False
0,17,True,1,[0.0],0.2,5e-06,2.5e-06,0,[],0.0,0.0,0.0,0.0,2.0,escaped,escaped,0.0,0.0,0.0,0.0,2.0,0.0,2.0,escaped,escaped,escaped,escaped,[],[],0,[],0,[],0,[],0,[],zero_threshold_velocity_resolved_capture,"base-search timeout evidence was superseded by the complete dual-timestep zero-threshold audit, including adaptive node-only escalation where required",velocity_resolved_capture,nonmonotone finite-speed capture retained as a direct boolean mask,True
0,18,True,1,[0.0],0.2,5e-06,2.5e-06,0,[],0.0,0.0,0.0,0.0,2.25,escaped,escaped,0.0,0.0,0.0,0.0,2.25,0.0,2.25,escaped,escaped,escaped,escaped,[],[],0,[],0,[],0,[],0,[],zero_threshold_velocity_resolved_capture,"base-search timeout evidence was superseded by the complete dual-timestep zero-threshold audit, including adaptive node-only escalation where required",velocity_resolved_capture,nonmonotone finite-speed capture retained as a direct boolean mask,True
0,19,True,1,[0.0],0.2,5e-06,2.5e-06,0,[],0.0,0.0,0.0,0.0,2.0,escaped,escaped,0.0,0.0,0.0,0.0,2.0,0.0,2.0,escaped,escaped,escaped,escaped,[],[],0,[],0,[],0,[],0,[],zero_threshold_velocity_resolved_capture,"base-search timeout evidence was superseded by the complete dual-timestep zero-threshold audit, including adaptive node-only escalation where required",velocity_resolved_capture,nonmonotone finite-speed capture retained as a direct boolean mask,True
0,20,True,2,"[0.0,0.25]",0.2,5e-06,2.5e-06,0,[],0.0,0.0,0.0,0.0,1.75,escaped,escaped,0.0,0.0,0.0,0.0,1.75,0.0,1.75,escaped,escaped,escaped,escaped,[],[],0,[],0,[],0,[],0,[],zero_threshold_velocity_resolved_capture,"base-search timeout evidence was superseded by the complete dual-timestep zero-threshold audit, including adaptive node-only escalation where required",velocity_resolved_capture,nonmonotone finite-speed capture retained as a direct boolean mask,True
0,21,True,1,[0.0],0.2,5e-06,2.5e-06,0,[],0.0,0.0,0.0,1.0,1.25,bounded_core_residence,escaped,0.0,1.0,1.0,1.0,1.25,1.0,1.25,bounded_core_residence,escaped,bounded_core_residence,escaped,[],[],0,[],0,[],0,[],0,[],zero_threshold_grid_resolved_capture,"base-search timeout evidence was superseded by the complete dual-timestep zero-threshold audit, including adaptive node-only escalation where required",grid_resolved_capture,dual-timestep direct grid recovered a contiguous zero-origin capture boundary,False
0,22,True,1,[0.0],0.2,5e-06,2.5e-06,0,[],0.0,0.0,0.0,0.0,2.0,escaped,escaped,0.0,0.0,0.0,0.0,2.0,0.0,2.0,escaped,escaped,escaped,escaped,[],[],0,[],0,[],0,[],0,[],zero_threshold_velocity_resolved_capture,"base-search timeout evidence was superseded by the complete dual-timestep zero-threshold audit, including adaptive node-only escalation where required",velocity_resolved_capture,nonmonotone finite-speed capture retained as a direct boolean mask,True
0,23,True,1,[0.0],0.2,5e-06,2.5e-06,0,[],0.0,0.0,0.0,1.5,1.75,two_core_entries,escaped,0.0,1.5,1.5,1.5,1.75,1.5,1.75,two_core_entries,escaped,two_core_entries,escaped,[],[],0,[],0,[],0,[],0,[],zero_threshold_grid_resolved_capture,"base-search timeout evidence was superseded by the complete dual-timestep zero-threshold audit, including adaptive node-only escalation where required",grid_resolved_capture,dual-timestep direct grid recovered a contiguous zero-origin capture boundary,False
0,24,True,1,[0.25],0.2,5e-06,2.5e-06,0,[],0.0,0.0,0.0,0.0,2.0,escaped,escaped,0.0,0.0,0.0,0.0,2.0,0.0,2.0,escaped,escaped,escaped,escaped,[],[],0,[],0,[],0,[],0,[],zero_threshold_velocity_resolved_capture,"base-search timeout evidence was superseded by the complete dual-timestep zero-threshold audit, including adaptive node-only escalation where required",velocity_resolved_capture,nonmonotone finite-speed capture retained as a direct boolean mask,True
1,0,True,1,[0.0],0.2,5e-06,2.5e-06,0,[],0.0,0.0,0.0,0.0,2.75,escaped,escaped,0.0,0.0,0.0,0.0,2.75,0.0,2.75,escaped,escaped,escaped,escaped,[],[],0,[],0,[],0,[],0,[],zero_threshold_velocity_resolved_capture,"base-search timeout evidence was superseded by the complete dual-timestep zero-threshold audit, including adaptive node-only escalation where required",velocity_resolved_capture,nonmonotone finite-speed capture retained as a direct boolean mask,True
1,1,True,2,"[0.0,0.25]",0.2,5e-06,2.5e-06,0,[],0.0,0.0,0.0,0.0,0.25,escaped,escaped,0.0,0.0,0.0,0.0,0.25,0.0,0.25,escaped,escaped,escaped,escaped,[],[],0,[],0,[],0,[],0,[],zero_threshold_velocity_resolved_capture,"base-search timeout evidence was superseded by the complete dual-timestep zero-threshold audit, including adaptive node-only escalation where required",velocity_resolved_capture,nonmonotone finite-speed capture retained as a direct boolean mask,True
1,2,True,2,"[0.0,0.25]",0.2,5e-06,2.5e-06,0,[],0.0,0.0,0.0,0.0,2.25,escaped,escaped,0.0,0.0,0.0,0.0,2.25,0.0,2.25,escaped,escaped,escaped,escaped,[],[],0,[],0,[],0,[],0,[],zero_threshold_velocity_resolved_capture,"base-search timeout evidence was superseded by the complete dual-timestep zero-threshold audit, including adaptive node-only escalation where required",velocity_resolved_capture,nonmonotone finite-speed capture retained as a direct boolean mask,True
1,3,True,1,[0.0],0.2,5e-06,2.5e-06,0,[],0.0,0.0,0.0,2.25,2.5,bounded_core_residence,escaped,0.0,2.25,2.25,2.25,2.5,2.25,2.5,bounded_core_residence,escaped,bounded_core_residence,escaped,[],[],0,[],0,[],0,[],0,[],zero_threshold_grid_resolved_capture,"base-search timeout evidence was superseded by the complete dual-timestep zero-threshold audit, including adaptive node-only escalation where required",grid_resolved_capture,dual-timestep direct grid recovered a contiguous zero-origin capture boundary,False
1,4,True,2,"[0.0,0.25]",0.2,5e-06,2.5e-06,0,[],0.0,0.0,0.0,0.0,1.75,escaped,escaped,0.0,0.0,0.0,0.0,1.75,0.0,1.75,escaped,escaped,escaped,escaped,[],[],0,[],0,[],0,[],0,[],zero_threshold_velocity_resolved_capture,"base-search timeout evidence was superseded by the complete dual-timestep zero-threshold audit, including adaptive node-only escalation where required",velocity_resolved_capture,nonmonotone finite-speed capture retained as a direct boolean mask,True
1,5,True,2,"[0.0,0.25]",0.2,5e-06,2.5e-06,0,[],0.0,0.0,0.0,0.0,3.75,escaped,escaped,0.0,0.0,0.0,0.0,3.75,0.0,3.75,escaped,escaped,escaped,escaped,[],[],0,[],0,[],0,[],0,[],zero_threshold_velocity_resolved_capture,"base-search timeout evidence was superseded by the complete dual-timestep zero-threshold audit, including adaptive node-only escalation where required",velocity_resolved_capture,nonmonotone finite-speed capture retained as a direct boolean mask,True
1,6,True,2,"[0.0,0.25]",0.2,5e-06,2.5e-06,0,[],0.0,0.0,0.0,0.0,0.25,escaped,escaped,0.0,0.0,0.0,0.0,0.25,0.0,0.25,escaped,escaped,escaped,escaped,[],[],0,[],0,[],0,[],0,[],zero_threshold_velocity_resolved_capture,"base-search timeout evidence was superseded by the complete dual-timestep zero-threshold audit, including adaptive node-only escalation where required",velocity_resolved_capture,nonmonotone finite-speed capture retained as a direct boolean mask,True
1,7,True,2,"[1.23046875,1.25]",0.2,5e-06,2.5e-06,0,[],0.0,0.0,0.0,1.23046875,1.3818359375,two_core_entries,escaped,1.0791015625,1.23046875,1.23046875,1.23046875,1.3818359375,1.23046875,1.3818359375,two_core_entries,escaped,two_core_entries,escaped,"[{""speed_m_per_s"":1.23046875,""trapped"":true,""termination_reason"":""two_core_entries""},{""speed_m_per_s"":1.25,""trapped"":false,""termination_reason"":""escaped""}]","[{""speed_m_per_s"":1.23046875,""trapped"":true,""termination_reason"":""two_core_entries""},{""speed_m_per_s"":1.25,""trapped"":false,""termination_reason"":""escaped""}]",0,[],0,[],0,[],0,[],dual_step_research_recovered_boundary,"targeted timeout-node or endpoint evidence changed or remained non-definitive; complete 200 ms coarse/fine searches recovered compatible definitive brackets, and any internally censored nodes were resolved by the bounded adaptive dual-timestep hierarchy",not_applicable,positive scalar capture threshold,False
1,8,True,2,"[0.0,0.25]",0.2,5e-06,2.5e-06,0,[],0.0,0.0,0.0,0.0,1.5,escaped,escaped,0.0,0.0,0.0,0.0,1.5,0.0,1.5,escaped,escaped,escaped,escaped,[],[],0,[],0,[],0,[],0,[],zero_threshold_velocity_resolved_capture,"base-search timeout evidence was superseded by the complete dual-timestep zero-threshold audit, including adaptive node-only escalation where required",velocity_resolved_capture,nonmonotone finite-speed capture retained as a direct boolean mask,True
1,9,True,2,"[0.0,0.25]",0.2,5e-06,2.5e-06,0,[],0.0,0.0,0.0,0.0,2.0,escaped,escaped,0.0,0.0,0.0,0.0,2.0,0.0,2.0,escaped,escaped,escaped,escaped,[],[],0,[],0,[],0,[],0,[],zero_threshold_velocity_resolved_capture,"base-search timeout evidence was superseded by the complete dual-timestep zero-threshold audit, including adaptive node-only escalation where required",velocity_resolved_capture,nonmonotone finite-speed capture retained as a direct boolean mask,True
1,10,True,2,"[1.54296875,1.8359375]",0.2,5e-06,2.5e-06,0,[],0.0,0.0,0.0,1.982421875,2.12890625,two_core_entries,escaped,1.396484375,1.982421875,1.982421875,1.982421875,2.12890625,1.982421875,2.12890625,two_core_entries,escaped,two_core_entries,escaped,"[{""speed_m_per_s"":1.54296875,""trapped"":true,""termination_reason"":""two_core_entries""},{""speed_m_per_s"":1.8359375,""trapped"":true,""termination_reason"":""two_core_entries""}]","[{""speed_m_per_s"":1.54296875,""trapped"":true,""termination_reason"":""two_core_entries""},{""speed_m_per_s"":1.8359375,""trapped"":true,""termination_reason"":""two_core_entries""}]",0,[],0,[],0,[],0,[],dual_step_research_recovered_boundary,"targeted timeout-node or endpoint evidence changed or remained non-definitive; complete 200 ms coarse/fine searches recovered compatible definitive brackets, and any internally censored nodes were resolved by the bounded adaptive dual-timestep hierarchy",not_applicable,positive scalar capture threshold,False
1,11,True,4,"[0.15625,0.3125,0.625,1.25]",0.2,5e-06,2.5e-06,0,[],0.0,0.0,0.0,1.25,1.5,two_core_entries,escaped,0.0,1.25,1.25,1.25,1.5,1.25,1.5,two_core_entries,escaped,two_core_entries,escaped,[],[],0,[],0,[],0,[],0,[],zero_threshold_grid_resolved_capture,"base-search timeout evidence was superseded by the complete dual-timestep zero-threshold audit, including adaptive node-only escalation where required",grid_resolved_capture,dual-timestep direct grid recovered a contiguous zero-origin capture boundary,False
1,12,True,1,[0.0],0.2,5e-06,2.5e-06,0,[],0.0,0.0,0.0,0.0,2.0,escaped,escaped,0.0,0.0,0.0,0.0,2.0,0.0,2.0,escaped,escaped,escaped,escaped,[],[],0,[],0,[],0,[],0,[],zero_threshold_velocity_resolved_capture,"base-search timeout evidence was superseded by the complete dual-timestep zero-threshold audit, including adaptive node-only escalation where required",velocity_resolved_capture,nonmonotone finite-speed capture retained as a direct boolean mask,True
1,13,True,2,"[0.0,0.25]",0.2,5e-06,2.5e-06,0,[],0.0,0.0,0.0,0.0,2.5,escaped,escaped,0.0,0.0,0.0,0.0,2.5,0.0,2.5,escaped,escaped,escaped,escaped,[],[],0,[],0,[],0,[],0,[],zero_threshold_velocity_resolved_capture,"base-search timeout evidence was superseded by the complete dual-timestep zero-threshold audit, including adaptive node-only escalation where required",velocity_resolved_capture,nonmonotone finite-speed capture retained as a direct boolean mask,True
1,14,True,3,"[2.91015625,3.046875,3.59375]",0.2,5e-06,2.5e-06,0,[],0.0,0.0,0.0,3.73046875,3.8671875,bounded_core_residence,escaped,2.7734375,3.73046875,3.73046875,3.73046875,3.8671875,3.73046875,3.8671875,bounded_core_residence,escaped,bounded_core_residence,escaped,"[{""speed_m_per_s"":2.91015625,""trapped"":true,""termination_reason"":""bounded_core_residence""},{""speed_m_per_s"":3.046875,""trapped"":true,""termination_reason"":""bounded_core_residence""},{""speed_m_per_s"":3.59375,""trapped"":true,""termination_reason"":""two_core_entries""}]","[{""speed_m_per_s"":2.91015625,""trapped"":true,""termination_reason"":""bounded_core_residence""},{""speed_m_per_s"":3.046875,""trapped"":true,""termination_reason"":""bounded_core_residence""},{""speed_m_per_s"":3.59375,""trapped"":true,""termination_reason"":""two_core_entries""}]",0,[],0,[],0,[],0,[],dual_step_research_recovered_boundary,"targeted timeout-node or endpoint evidence changed or remained non-definitive; complete 200 ms coarse/fine searches recovered compatible definitive brackets, and any internally censored nodes were resolved by the bounded adaptive dual-timestep hierarchy",not_applicable,positive scalar capture threshold,False
1,15,True,3,"[0.927734375,1.23046875,1.25]",0.2,5e-06,2.5e-06,0,[],0.0,0.0,0.0,1.396484375,1.54296875,bounded_core_residence,escaped,0.7763671875,1.396484375,1.396484375,1.396484375,1.54296875,1.396484375,1.54296875,bounded_core_residence,escaped,bounded_core_residence,escaped,"[{""speed_m_per_s"":0.927734375,""trapped"":true,""termination_reason"":""two_core_entries""},{""speed_m_per_s"":1.23046875,""trapped"":true,""termination_reason"":""bounded_core_residence""},{""speed_m_per_s"":1.25,""trapped"":true,""termination_reason"":""bounded_core_residence""}]","[{""speed_m_per_s"":0.927734375,""trapped"":true,""termination_reason"":""two_core_entries""},{""speed_m_per_s"":1.23046875,""trapped"":true,""termination_reason"":""bounded_core_residence""},{""speed_m_per_s"":1.25,""trapped"":true,""termination_reason"":""bounded_core_residence""}]",0,[],0,[],0,[],0,[],dual_step_research_recovered_boundary,"targeted timeout-node or endpoint evidence changed or remained non-definitive; complete 200 ms coarse/fine searches recovered compatible definitive brackets, and any internally censored nodes were resolved by the bounded adaptive dual-timestep hierarchy",not_applicable,positive scalar capture threshold,False
1,16,True,1,[0.0],0.2,5e-06,2.5e-06,0,[],0.0,0.0,0.0,2.5,2.75,two_core_entries,escaped,0.0,2.5,2.5,2.5,2.75,2.5,2.75,two_core_entries,escaped,two_core_entries,escaped,[],[],0,[],0,[],0,[],0,[],zero_threshold_grid_resolved_capture,"base-search timeout evidence was superseded by the complete dual-timestep zero-threshold audit, including adaptive node-only escalation where required",grid_resolved_capture,dual-timestep direct grid recovered a contiguous zero-origin capture boundary,False
1,17,True,1,[0.0],0.2,5e-06,2.5e-06,0,[],0.0,0.0,0.0,0.0,2.75,escaped,escaped,0.0,0.0,0.0,0.0,2.75,0.0,2.75,escaped,escaped,escaped,escaped,[],[],0,[],0,[],0,[],0,[],zero_threshold_velocity_resolved_capture,"base-search timeout evidence was superseded by the complete dual-timestep zero-threshold audit, including adaptive node-only escalation where required",velocity_resolved_capture,nonmonotone finite-speed capture retained as a direct boolean mask,True
1,18,True,3,"[2.12890625,2.421875,2.5]",0.2,5e-06,2.5e-06,0,[],0.0,0.0,0.0,3.3203125,3.45703125,two_core_entries,escaped,1.982421875,3.3203125,3.3203125,3.3203125,3.45703125,3.3203125,3.45703125,two_core_entries,escaped,two_core_entries,escaped,"[{""speed_m_per_s"":2.12890625,""trapped"":true,""termination_reason"":""two_core_entries""},{""speed_m_per_s"":2.421875,""trapped"":true,""termination_reason"":""two_core_entries""},{""speed_m_per_s"":2.5,""trapped"":true,""termination_reason"":""two_core_entries""}]","[{""speed_m_per_s"":2.12890625,""trapped"":true,""termination_reason"":""two_core_entries""},{""speed_m_per_s"":2.421875,""trapped"":true,""termination_reason"":""two_core_entries""},{""speed_m_per_s"":2.5,""trapped"":true,""termination_reason"":""two_core_entries""}]",0,[],0,[],0,[],0,[],dual_step_research_recovered_boundary,"targeted timeout-node or endpoint evidence changed or remained non-definitive; complete 200 ms coarse/fine searches recovered compatible definitive brackets, and any internally censored nodes were resolved by the bounded adaptive dual-timestep hierarchy",not_applicable,positive scalar capture threshold,False
1,19,True,2,"[2.91015625,3.046875]",0.2,5e-06,2.5e-06,0,[],0.0,0.0,0.0,3.18359375,3.3203125,two_core_entries,escaped,2.7734375,3.18359375,3.18359375,3.18359375,3.3203125,3.18359375,3.3203125,two_core_entries,escaped,two_core_entries,escaped,"[{""speed_m_per_s"":2.91015625,""trapped"":true,""termination_reason"":""two_core_entries""},{""speed_m_per_s"":3.046875,""trapped"":true,""termination_reason"":""two_core_entries""}]","[{""speed_m_per_s"":2.91015625,""trapped"":true,""termination_reason"":""two_core_entries""},{""speed_m_per_s"":3.046875,""trapped"":true,""termination_reason"":""two_core_entries""}]",0,[],0,[],0,[],0,[],dual_step_research_recovered_boundary,"targeted timeout-node or endpoint evidence changed or remained non-definitive; complete 200 ms coarse/fine searches recovered compatible definitive brackets, and any internally censored nodes were resolved by the bounded adaptive dual-timestep hierarchy",not_applicable,positive scalar capture threshold,False
1,20,True,2,"[0.0,0.25]",0.2,5e-06,2.5e-06,0,[],0.0,0.0,0.0,0.5,0.75,two_core_entries,escaped,0.0,0.5,0.5,0.5,0.75,0.5,0.75,two_core_entries,escaped,two_core_entries,escaped,[],[],0,[],0,[],0,[],0,[],zero_threshold_grid_resolved_capture,"base-search timeout evidence was superseded by the complete dual-timestep zero-threshold audit, including adaptive node-only escalation where required",grid_resolved_capture,dual-timestep direct grid recovered a contiguous zero-origin capture boundary,False
1,21,True,2,"[0.0,0.25]",0.2,5e-06,2.5e-06,0,[],0.0,0.0,0.0,0.0,0.25,escaped,escaped,0.0,0.0,0.0,0.0,0.25,0.0,0.25,escaped,escaped,escaped,escaped,[],[],0,[],0,[],0,[],0,[],zero_threshold_velocity_resolved_capture,"base-search timeout evidence was superseded by the complete dual-timestep zero-threshold audit, including adaptive node-only escalation where required",velocity_resolved_capture,nonmonotone finite-speed capture retained as a direct boolean mask,True
1,22,True,3,"[1.8359375,2.421875,2.5]",0.2,5e-06,2.5e-06,0,[],0.0,0.0,0.0,2.5,2.63671875,bounded_core_residence,escaped,1.689453125,2.5,2.5,2.5,2.63671875,2.5,2.63671875,bounded_core_residence,escaped,bounded_core_residence,escaped,"[{""speed_m_per_s"":1.8359375,""trapped"":true,""termination_reason"":""bounded_core_residence""},{""speed_m_per_s"":2.421875,""trapped"":true,""termination_reason"":""two_core_entries""},{""speed_m_per_s"":2.5,""trapped"":true,""termination_reason"":""bounded_core_residence""}]","[{""speed_m_per_s"":1.8359375,""trapped"":true,""termination_reason"":""bounded_core_residence""},{""speed_m_per_s"":2.421875,""trapped"":true,""termination_reason"":""two_core_entries""},{""speed_m_per_s"":2.5,""trapped"":true,""termination_reason"":""bounded_core_residence""}]",0,[],0,[],0,[],0,[],dual_step_research_recovered_boundary,"targeted timeout-node or endpoint evidence changed or remained non-definitive; complete 200 ms coarse/fine searches recovered compatible definitive brackets, and any internally censored nodes were resolved by the bounded adaptive dual-timestep hierarchy",not_applicable,positive scalar capture threshold,False
1,23,True,2,"[0.0,0.25]",0.2,5e-06,2.5e-06,0,[],0.0,0.0,0.0,0.0,0.25,escaped,escaped,0.0,0.0,0.0,0.0,0.25,0.0,0.25,escaped,escaped,escaped,escaped,[],[],0,[],0,[],0,[],0,[],zero_threshold_velocity_resolved_capture,"base-search timeout evidence was superseded by the complete dual-timestep zero-threshold audit, including adaptive node-only escalation where required",velocity_resolved_capture,nonmonotone finite-speed capture retained as a direct boolean mask,True
1,24,True,2,"[0.0,0.25]",0.2,5e-06,2.5e-06,0,[],0.0,0.0,0.0,0.0,3.75,escaped,escaped,0.0,0.0,0.0,0.0,3.75,0.0,3.75,escaped,escaped,escaped,escaped,[],[],0,[],0,[],0,[],0,[],zero_threshold_velocity_resolved_capture,"base-search timeout evidence was superseded by the complete dual-timestep zero-threshold audit, including adaptive node-only escalation where required",velocity_resolved_capture,nonmonotone finite-speed capture retained as a direct boolean mask,True
2,0,True,2,"[0.0,0.25]",0.2,5e-06,2.5e-06,0,[],0.0,0.0,0.0,1.25,1.5,bounded_core_residence,escaped,0.0,1.25,1.25,1.25,1.5,1.25,1.5,bounded_core_residence,escaped,bounded_core_residence,escaped,[],[],0,[],0,[],0,[],0,[],zero_threshold_grid_resolved_capture,"base-search timeout evidence was superseded by the complete dual-timestep zero-threshold audit, including adaptive node-only escalation where required",grid_resolved_capture,dual-timestep direct grid recovered a contiguous zero-origin capture boundary,False
2,1,True,4,"[0.7763671875,0.927734375,1.23046875,1.25]",0.2,5e-06,2.5e-06,0,[],0.0,0.0,0.0,1.25,1.396484375,two_core_entries,escaped,0.625,1.25,1.25,1.25,1.396484375,1.25,1.396484375,two_core_entries,escaped,two_core_entries,escaped,"[{""speed_m_per_s"":0.7763671875,""trapped"":true,""termination_reason"":""two_core_entries""},{""speed_m_per_s"":0.927734375,""trapped"":true,""termination_reason"":""bounded_core_residence""},{""speed_m_per_s"":1.23046875,""trapped"":true,""termination_reason"":""two_core_entries""},{""speed_m_per_s"":1.25,""trapped"":true,""termination_reason"":""two_core_entries""}]","[{""speed_m_per_s"":0.7763671875,""trapped"":true,""termination_reason"":""two_core_entries""},{""speed_m_per_s"":0.927734375,""trapped"":true,""termination_reason"":""bounded_core_residence""},{""speed_m_per_s"":1.23046875,""trapped"":true,""termination_reason"":""two_core_entries""},{""speed_m_per_s"":1.25,""trapped"":true,""termination_reason"":""two_core_entries""}]",0,[],0,[],0,[],0,[],dual_step_research_recovered_boundary,"targeted timeout-node or endpoint evidence changed or remained non-definitive; complete 200 ms coarse/fine searches recovered compatible definitive brackets, and any internally censored nodes were resolved by the bounded adaptive dual-timestep hierarchy",not_applicable,positive scalar capture threshold,False
2,2,True,2,"[0.0,0.25]",0.2,5e-06,2.5e-06,0,[],0.0,0.0,0.0,0.0,1.25,escaped,escaped,0.0,0.0,0.0,0.0,1.25,0.0,1.25,escaped,escaped,escaped,escaped,[],[],0,[],0,[],0,[],0,[],zero_threshold_velocity_resolved_capture,"base-search timeout evidence was superseded by the complete dual-timestep zero-threshold audit, including adaptive node-only escalation where required",velocity_resolved_capture,nonmonotone finite-speed capture retained as a direct boolean mask,True
2,3,True,1,[0.0],0.2,5e-06,2.5e-06,0,[],0.0,0.0,0.0,1.5,1.75,two_core_entries,escaped,0.0,1.5,1.5,1.5,1.75,1.5,1.75,two_core_entries,escaped,two_core_entries,escaped,[],[],0,[],0,[],0,[],0,[],zero_threshold_grid_resolved_capture,"base-search timeout evidence was superseded by the complete dual-timestep zero-threshold audit, including adaptive node-only escalation where required",grid_resolved_capture,dual-timestep direct grid recovered a contiguous zero-origin capture boundary,False
2,4,True,2,"[0.0,0.25]",0.2,5e-06,2.5e-06,0,[],0.0,0.0,0.0,0.0,1.5,escaped,escaped,0.0,0.0,0.0,0.0,1.5,0.0,1.5,escaped,escaped,escaped,escaped,[],[],0,[],0,[],0,[],0,[],zero_threshold_velocity_resolved_capture,"base-search timeout evidence was superseded by the complete dual-timestep zero-threshold audit, including adaptive node-only escalation where required",velocity_resolved_capture,nonmonotone finite-speed capture retained as a direct boolean mask,True
2,5,True,1,[0.0],0.2,5e-06,2.5e-06,0,[],0.0,0.0,0.0,1.75,2.0,two_core_entries,escaped,0.0,1.75,1.75,1.75,2.0,1.75,2.0,two_core_entries,escaped,two_core_entries,escaped,[],[],0,[],0,[],0,[],0,[],zero_threshold_grid_resolved_capture,"base-search timeout evidence was superseded by the complete dual-timestep zero-threshold audit, including adaptive node-only escalation where required",grid_resolved_capture,dual-timestep direct grid recovered a contiguous zero-origin capture boundary,False
2,6,True,1,[0.0],0.2,5e-06,2.5e-06,0,[],0.0,0.0,0.0,1.0,1.25,two_core_entries,escaped,0.0,1.0,1.0,1.0,1.25,1.0,1.25,two_core_entries,escaped,two_core_entries,escaped,[],[],0,[],0,[],0,[],0,[],zero_threshold_grid_resolved_capture,"base-search timeout evidence was superseded by the complete dual-timestep zero-threshold audit, including adaptive node-only escalation where required",grid_resolved_capture,dual-timestep direct grid recovered a contiguous zero-origin capture boundary,False
2,7,True,2,"[0.0,0.25]",0.2,5e-06,2.5e-06,0,[],0.0,0.0,0.0,0.75,1.0,two_core_entries,escaped,0.0,0.75,0.75,0.75,1.0,0.75,1.0,two_core_entries,escaped,two_core_entries,escaped,[],[],0,[],0,[],0,[],0,[],zero_threshold_grid_resolved_capture,"base-search timeout evidence was superseded by the complete dual-timestep zero-threshold audit, including adaptive node-only escalation where required",grid_resolved_capture,dual-timestep direct grid recovered a contiguous zero-origin capture boundary,False
2,8,True,1,[0.0],0.2,5e-06,2.5e-06,0,[],0.0,0.0,0.0,1.75,2.0,two_core_entries,escaped,0.0,1.75,1.75,1.75,2.0,1.75,2.0,two_core_entries,escaped,two_core_entries,escaped,[],[],0,[],0,[],0,[],0,[],zero_threshold_grid_resolved_capture,"base-search timeout evidence was superseded by the complete dual-timestep zero-threshold audit, including adaptive node-only escalation where required",grid_resolved_capture,dual-timestep direct grid recovered a contiguous zero-origin capture boundary,False
2,9,True,2,"[1.23046875,1.25]",0.2,5e-06,2.5e-06,0,[],0.0,0.0,0.0,1.25,1.396484375,bounded_core_residence,escaped,1.0791015625,1.25,1.25,1.25,1.396484375,1.25,1.396484375,bounded_core_residence,escaped,bounded_core_residence,escaped,"[{""speed_m_per_s"":1.23046875,""trapped"":true,""termination_reason"":""two_core_entries""},{""speed_m_per_s"":1.25,""trapped"":true,""termination_reason"":""bounded_core_residence""}]","[{""speed_m_per_s"":1.23046875,""trapped"":true,""termination_reason"":""two_core_entries""},{""speed_m_per_s"":1.25,""trapped"":true,""termination_reason"":""bounded_core_residence""}]",0,[],0,[],0,[],0,[],dual_step_research_recovered_boundary,"targeted timeout-node or endpoint evidence changed or remained non-definitive; complete 200 ms coarse/fine searches recovered compatible definitive brackets, and any internally censored nodes were resolved by the bounded adaptive dual-timestep hierarchy",not_applicable,positive scalar capture threshold,False
2,10,True,2,"[0.0,0.25]",0.2,5e-06,2.5e-06,0,[],0.0,0.0,0.0,0.75,1.0,bounded_core_residence,escaped,0.0,0.75,0.75,0.75,1.0,0.75,1.0,bounded_core_residence,escaped,bounded_core_residence,escaped,[],[],0,[],0,[],0,[],0,[],zero_threshold_grid_resolved_capture,"base-search timeout evidence was superseded by the complete dual-timestep zero-threshold audit, including adaptive node-only escalation where required",grid_resolved_capture,dual-timestep direct grid recovered a contiguous zero-origin capture boundary,False
2,11,True,1,[0.0],0.2,5e-06,2.5e-06,0,[],0.0,0.0,0.0,1.5,1.75,bounded_core_residence,escaped,0.0,1.5,1.5,1.5,1.75,1.5,1.75,bounded_core_residence,escaped,bounded_core_residence,escaped,[],[],0,[],0,[],0,[],0,[],zero_threshold_grid_resolved_capture,"base-search timeout evidence was superseded by the complete dual-timestep zero-threshold audit, including adaptive node-only escalation where required",grid_resolved_capture,dual-timestep direct grid recovered a contiguous zero-origin capture boundary,False
2,12,True,3,"[0.3125,0.625,1.25]",0.2,5e-06,2.5e-06,0,[],0.0,0.0,0.0,1.25,1.396484375,two_core_entries,escaped,0.15625,1.25,1.25,1.25,1.396484375,1.25,1.396484375,two_core_entries,escaped,two_core_entries,escaped,"[{""speed_m_per_s"":0.3125,""trapped"":true,""termination_reason"":""bounded_core_residence""},{""speed_m_per_s"":0.625,""trapped"":true,""termination_reason"":""bounded_core_residence""},{""speed_m_per_s"":1.25,""trapped"":true,""termination_reason"":""two_core_entries""}]","[{""speed_m_per_s"":0.3125,""trapped"":true,""termination_reason"":""bounded_core_residence""},{""speed_m_per_s"":0.625,""trapped"":true,""termination_reason"":""bounded_core_residence""},{""speed_m_per_s"":1.25,""trapped"":true,""termination_reason"":""two_core_entries""}]",0,[],0,[],0,[],0,[],dual_step_research_recovered_boundary,"targeted timeout-node or endpoint evidence changed or remained non-definitive; complete 200 ms coarse/fine searches recovered compatible definitive brackets, and any internally censored nodes were resolved by the bounded adaptive dual-timestep hierarchy",not_applicable,positive scalar capture threshold,False
2,13,True,1,[0.0],0.2,5e-06,2.5e-06,0,[],0.0,0.0,0.0,1.5,1.75,two_core_entries,escaped,0.0,1.5,1.5,1.5,1.75,1.5,1.75,two_core_entries,escaped,two_core_entries,escaped,[],[],0,[],0,[],0,[],0,[],zero_threshold_grid_resolved_capture,"base-search timeout evidence was superseded by the complete dual-timestep zero-threshold audit, including adaptive node-only escalation where required",grid_resolved_capture,dual-timestep direct grid recovered a contiguous zero-origin capture boundary,False
2,14,True,1,[0.0],0.2,5e-06,2.5e-06,0,[],0.0,0.0,0.0,1.5,1.75,two_core_entries,escaped,0.0,1.5,1.5,1.5,1.75,1.5,1.75,two_core_entries,escaped,two_core_entries,escaped,[],[],0,[],0,[],0,[],0,[],zero_threshold_grid_resolved_capture,"base-search timeout evidence was superseded by the complete dual-timestep zero-threshold audit, including adaptive node-only escalation where required",grid_resolved_capture,dual-timestep direct grid recovered a contiguous zero-origin capture boundary,False
2,15,True,2,"[0.0,0.25]",0.2,5e-06,2.5e-06,0,[],0.0,0.0,0.0,1.5,1.75,bounded_core_residence,escaped,0.0,1.5,1.5,1.5,1.75,1.5,1.75,bounded_core_residence,escaped,bounded_core_residence,escaped,[],[],0,[],0,[],0,[],0,[],zero_threshold_grid_resolved_capture,"base-search timeout evidence was superseded by the complete dual-timestep zero-threshold audit, including adaptive node-only escalation where required",grid_resolved_capture,dual-timestep direct grid recovered a contiguous zero-origin capture boundary,False
2,16,True,2,"[0.0,0.25]",0.2,5e-06,2.5e-06,0,[],0.0,0.0,0.0,1.25,1.5,two_core_entries,escaped,0.0,1.25,1.25,1.25,1.5,1.25,1.5,two_core_entries,escaped,two_core_entries,escaped,[],[],0,[],0,[],0,[],0,[],zero_threshold_grid_resolved_capture,"base-search timeout evidence was superseded by the complete dual-timestep zero-threshold audit, including adaptive node-only escalation where required",grid_resolved_capture,dual-timestep direct grid recovered a contiguous zero-origin capture boundary,False
2,17,True,2,"[0.0,0.25]",0.2,5e-06,2.5e-06,0,[],0.0,0.0,0.0,1.25,1.5,two_core_entries,escaped,0.0,1.25,1.25,1.25,1.5,1.25,1.5,two_core_entries,escaped,two_core_entries,escaped,[],[],0,[],0,[],0,[],0,[],zero_threshold_grid_resolved_capture,"base-search timeout evidence was superseded by the complete dual-timestep zero-threshold audit, including adaptive node-only escalation where required",grid_resolved_capture,dual-timestep direct grid recovered a contiguous zero-origin capture boundary,False
2,18,True,2,"[0.0,0.25]",0.2,5e-06,2.5e-06,0,[],0.0,0.0,0.0,0.75,1.0,bounded_core_residence,escaped,0.0,0.75,0.75,0.75,1.0,0.75,1.0,bounded_core_residence,escaped,bounded_core_residence,escaped,[],[],0,[],0,[],0,[],0,[],zero_threshold_grid_resolved_capture,"base-search timeout evidence was superseded by the complete dual-timestep zero-threshold audit, including adaptive node-only escalation where required",grid_resolved_capture,dual-timestep direct grid recovered a contiguous zero-origin capture boundary,False
2,19,True,2,"[0.0,0.25]",0.2,5e-06,2.5e-06,0,[],0.0,0.0,0.0,1.25,1.5,two_core_entries,escaped,0.0,1.25,1.25,1.25,1.5,1.25,1.5,two_core_entries,escaped,two_core_entries,escaped,[],[],0,[],0,[],0,[],0,[],zero_threshold_grid_resolved_capture,"base-search timeout evidence was superseded by the complete dual-timestep zero-threshold audit, including adaptive node-only escalation where required",grid_resolved_capture,dual-timestep direct grid recovered a contiguous zero-origin capture boundary,False
2,20,True,2,"[0.0,0.25]",0.2,5e-06,2.5e-06,0,[],0.0,0.0,0.0,1.25,1.5,two_core_entries,escaped,0.0,1.25,1.25,1.25,1.5,1.25,1.5,two_core_entries,escaped,two_core_entries,escaped,[],[],0,[],0,[],0,[],0,[],zero_threshold_grid_resolved_capture,"base-search timeout evidence was superseded by the complete dual-timestep zero-threshold audit, including adaptive node-only escalation where required",grid_resolved_capture,dual-timestep direct grid recovered a contiguous zero-origin capture boundary,False
2,21,True,2,"[0.0,0.25]",0.2,5e-06,2.5e-06,0,[],0.0,0.0,0.0,1.75,2.0,two_core_entries,escaped,0.0,1.75,1.75,1.75,2.0,1.75,2.0,two_core_entries,escaped,two_core_entries,escaped,[],[],0,[],0,[],0,[],0,[],zero_threshold_grid_resolved_capture,"base-search timeout evidence was superseded by the complete dual-timestep zero-threshold audit, including adaptive node-only escalation where required",grid_resolved_capture,dual-timestep direct grid recovered a contiguous zero-origin capture boundary,False
2,22,True,1,[0.0],0.2,5e-06,2.5e-06,0,[],0.0,0.0,0.0,1.25,1.5,two_core_entries,escaped,0.0,1.25,1.25,1.25,1.5,1.25,1.5,two_core_entries,escaped,two_core_entries,escaped,[],[],0,[],0,[],0,[],0,[],zero_threshold_grid_resolved_capture,"base-search timeout evidence was superseded by the complete dual-timestep zero-threshold audit, including adaptive node-only escalation where required",grid_resolved_capture,dual-timestep direct grid recovered a contiguous zero-origin capture boundary,False
2,23,True,2,"[0.0,0.25]",0.2,5e-06,2.5e-06,0,[],0.0,0.0,0.0,1.25,1.5,two_core_entries,escaped,0.0,1.25,1.25,1.25,1.5,1.25,1.5,two_core_entries,escaped,two_core_entries,escaped,[],[],0,[],0,[],0,[],0,[],zero_threshold_grid_resolved_capture,"base-search timeout evidence was superseded by the complete dual-timestep zero-threshold audit, including adaptive node-only escalation where required",grid_resolved_capture,dual-timestep direct grid recovered a contiguous zero-origin capture boundary,False
2,24,True,3,"[0.3125,0.625,1.25]",0.2,5e-06,2.5e-06,0,[],0.0,0.0,0.0,1.54296875,1.689453125,bounded_core_residence,escaped,0.15625,1.54296875,1.54296875,1.54296875,1.689453125,1.54296875,1.689453125,bounded_core_residence,escaped,bounded_core_residence,escaped,"[{""speed_m_per_s"":0.3125,""trapped"":true,""termination_reason"":""bounded_core_residence""},{""speed_m_per_s"":0.625,""trapped"":true,""termination_reason"":""bounded_core_residence""},{""speed_m_per_s"":1.25,""trapped"":true,""termination_reason"":""two_core_entries""}]","[{""speed_m_per_s"":0.3125,""trapped"":true,""termination_reason"":""bounded_core_residence""},{""speed_m_per_s"":0.625,""trapped"":true,""termination_reason"":""bounded_core_residence""},{""speed_m_per_s"":1.25,""trapped"":true,""termination_reason"":""two_core_entries""}]",0,[],0,[],0,[],0,[],dual_step_research_recovered_boundary,"targeted timeout-node or endpoint evidence changed or remained non-definitive; complete 200 ms coarse/fine searches recovered compatible definitive brackets, and any internally censored nodes were resolved by the bounded adaptive dual-timestep hierarchy",not_applicable,positive scalar capture threshold,False
3,0,True,1,[0.0],0.2,5e-06,2.5e-06,0,[],0.0,0.0,0.0,2.0,2.25,bounded_core_residence,escaped,0.0,2.0,2.0,2.0,2.25,2.0,2.25,bounded_core_residence,escaped,bounded_core_residence,escaped,[],[],0,[],0,[],0,[],0,[],zero_threshold_grid_resolved_capture,"base-search timeout evidence was superseded by the complete dual-timestep zero-threshold audit, including adaptive node-only escalation where required",grid_resolved_capture,dual-timestep direct grid recovered a contiguous zero-origin capture boundary,False
3,1,True,6,"[0.7763671875,0.927734375,1.23046875,1.25,1.8359375,2.5]",0.2,5e-06,2.5e-06,0,[],0.0,0.0,0.0,1.982421875,2.12890625,bounded_core_residence,escaped,0.625,1.982421875,1.982421875,1.982421875,2.12890625,1.982421875,2.12890625,bounded_core_residence,escaped,bounded_core_residence,escaped,"[{""speed_m_per_s"":0.7763671875,""trapped"":true,""termination_reason"":""bounded_core_residence""},{""speed_m_per_s"":0.927734375,""trapped"":true,""termination_reason"":""two_core_entries""},{""speed_m_per_s"":1.23046875,""trapped"":true,""termination_reason"":""bounded_core_residence""},{""speed_m_per_s"":1.25,""trapped"":true,""termination_reason"":""bounded_core_residence""},{""speed_m_per_s"":1.8359375,""trapped"":true,""termination_reason"":""bounded_core_residence""},{""speed_m_per_s"":2.5,""trapped"":false,""termination_reason"":""escaped""}]","[{""speed_m_per_s"":0.7763671875,""trapped"":true,""termination_reason"":""bounded_core_residence""},{""speed_m_per_s"":0.927734375,""trapped"":true,""termination_reason"":""two_core_entries""},{""speed_m_per_s"":1.23046875,""trapped"":true,""termination_reason"":""bounded_core_residence""},{""speed_m_per_s"":1.25,""trapped"":true,""termination_reason"":""bounded_core_residence""},{""speed_m_per_s"":1.8359375,""trapped"":true,""termination_reason"":""bounded_core_residence""},{""speed_m_per_s"":2.5,""trapped"":false,""termination_reason"":""escaped""}]",0,[],0,[],0,[],0,[],dual_step_research_recovered_boundary,"targeted timeout-node or endpoint evidence changed or remained non-definitive; complete 200 ms coarse/fine searches recovered compatible definitive brackets, and any internally censored nodes were resolved by the bounded adaptive dual-timestep hierarchy",not_applicable,positive scalar capture threshold,False
3,2,True,2,"[0.0,0.25]",0.2,5e-06,2.5e-06,0,[],0.0,0.0,0.0,0.0,1.5,escaped,escaped,0.0,0.0,0.0,0.0,1.5,0.0,1.5,escaped,escaped,escaped,escaped,[],[],0,[],0,[],0,[],0,[],zero_threshold_velocity_resolved_capture,"base-search timeout evidence was superseded by the complete dual-timestep zero-threshold audit, including adaptive node-only escalation where required",velocity_resolved_capture,nonmonotone finite-speed capture retained as a direct boolean mask,True
3,3,True,1,[0.25],0.2,5e-06,2.5e-06,0,[],0.0,0.0,0.0,0.0,1.75,escaped,escaped,0.0,0.0,0.0,0.0,1.75,0.0,1.75,escaped,escaped,escaped,escaped,[],[],0,[],0,[],0,[],0,[],zero_threshold_velocity_resolved_capture,"base-search timeout evidence was superseded by the complete dual-timestep zero-threshold audit, including adaptive node-only escalation where required",velocity_resolved_capture,nonmonotone finite-speed capture retained as a direct boolean mask,True
3,4,True,1,[0.0],0.2,5e-06,2.5e-06,0,[],0.0,0.0,0.0,0.0,1.5,escaped,escaped,0.0,0.0,0.0,0.0,1.5,0.0,1.5,escaped,escaped,escaped,escaped,[],[],0,[],0,[],0,[],0,[],zero_threshold_velocity_resolved_capture,"base-search timeout evidence was superseded by the complete dual-timestep zero-threshold audit, including adaptive node-only escalation where required",velocity_resolved_capture,nonmonotone finite-speed capture retained as a direct boolean mask,True
3,5,True,2,"[0.0,0.25]",0.2,5e-06,2.5e-06,0,[],0.0,0.0,0.0,0.0,1.5,escaped,escaped,0.0,0.0,0.0,0.0,1.5,0.0,1.5,escaped,escaped,escaped,escaped,[],[],0,[],0,[],0,[],0,[],zero_threshold_velocity_resolved_capture,"base-search timeout evidence was superseded by the complete dual-timestep zero-threshold audit, including adaptive node-only escalation where required",velocity_resolved_capture,nonmonotone finite-speed capture retained as a direct boolean mask,True
3,6,True,1,[2.12890625],0.2,5e-06,2.5e-06,0,[],0.0,0.0,0.0,2.12890625,2.275390625,bounded_core_residence,escaped,1.982421875,2.12890625,2.12890625,2.12890625,2.275390625,2.12890625,2.275390625,bounded_core_residence,escaped,bounded_core_residence,escaped,"[{""speed_m_per_s"":2.12890625,""trapped"":true,""termination_reason"":""bounded_core_residence""}]","[{""speed_m_per_s"":2.12890625,""trapped"":true,""termination_reason"":""bounded_core_residence""}]",0,[],0,[],0,[],0,[],dual_step_research_recovered_boundary,"targeted timeout-node or endpoint evidence changed or remained non-definitive; complete 200 ms coarse/fine searches recovered compatible definitive brackets, and any internally censored nodes were resolved by the bounded adaptive dual-timestep hierarchy",not_applicable,positive scalar capture threshold,False
3,7,True,3,"[0.3125,0.625,1.25]",0.2,5e-06,2.5e-06,0,[],0.0,0.0,0.0,2.275390625,2.421875,bounded_core_residence,escaped,0.15625,2.275390625,2.275390625,2.275390625,2.421875,2.275390625,2.421875,bounded_core_residence,escaped,bounded_core_residence,escaped,"[{""speed_m_per_s"":0.3125,""trapped"":true,""termination_reason"":""bounded_core_residence""},{""speed_m_per_s"":0.625,""trapped"":true,""termination_reason"":""bounded_core_residence""},{""speed_m_per_s"":1.25,""trapped"":true,""termination_reason"":""bounded_core_residence""}]","[{""speed_m_per_s"":0.3125,""trapped"":true,""termination_reason"":""bounded_core_residence""},{""speed_m_per_s"":0.625,""trapped"":true,""termination_reason"":""bounded_core_residence""},{""speed_m_per_s"":1.25,""trapped"":true,""termination_reason"":""bounded_core_residence""}]",0,[],0,[],0,[],0,[],dual_step_research_recovered_boundary,"targeted timeout-node or endpoint evidence changed or remained non-definitive; complete 200 ms coarse/fine searches recovered compatible definitive brackets, and any internally censored nodes were resolved by the bounded adaptive dual-timestep hierarchy",not_applicable,positive scalar capture threshold,False
3,8,True,4,"[1.0791015625,1.23046875,1.25,1.8359375]",0.2,5e-06,2.5e-06,0,[],0.0,0.0,0.0,2.275390625,2.421875,two_core_entries,escaped,0.927734375,2.275390625,2.275390625,2.275390625,2.421875,2.275390625,2.421875,two_core_entries,escaped,two_core_entries,escaped,"[{""speed_m_per_s"":1.0791015625,""trapped"":true,""termination_reason"":""bounded_core_residence""},{""speed_m_per_s"":1.23046875,""trapped"":true,""termination_reason"":""two_core_entries""},{""speed_m_per_s"":1.25,""trapped"":true,""termination_reason"":""two_core_entries""},{""speed_m_per_s"":1.8359375,""trapped"":true,""termination_reason"":""bounded_core_residence""}]","[{""speed_m_per_s"":1.0791015625,""trapped"":true,""termination_reason"":""bounded_core_residence""},{""speed_m_per_s"":1.23046875,""trapped"":true,""termination_reason"":""two_core_entries""},{""speed_m_per_s"":1.25,""trapped"":true,""termination_reason"":""two_core_entries""},{""speed_m_per_s"":1.8359375,""trapped"":true,""termination_reason"":""bounded_core_residence""}]",0,[],0,[],0,[],0,[],dual_step_research_recovered_boundary,"targeted timeout-node or endpoint evidence changed or remained non-definitive; complete 200 ms coarse/fine searches recovered compatible definitive brackets, and any internally censored nodes were resolved by the bounded adaptive dual-timestep hierarchy",not_applicable,positive scalar capture threshold,False
3,9,True,1,[0.0],0.2,5e-06,2.5e-06,0,[],0.0,0.0,0.0,2.25,2.5,two_core_entries,escaped,0.0,2.25,2.25,2.25,2.5,2.25,2.5,two_core_entries,escaped,two_core_entries,escaped,[],[],0,[],0,[],0,[],0,[],zero_threshold_grid_resolved_capture,"base-search timeout evidence was superseded by the complete dual-timestep zero-threshold audit, including adaptive node-only escalation where required",grid_resolved_capture,dual-timestep direct grid recovered a contiguous zero-origin capture boundary,False
3,10,True,1,[2.12890625],0.2,5e-06,2.5e-06,0,[],0.0,0.0,0.0,2.12890625,2.275390625,two_core_entries,escaped,1.982421875,2.12890625,2.12890625,2.12890625,2.275390625,2.12890625,2.275390625,two_core_entries,escaped,two_core_entries,escaped,"[{""speed_m_per_s"":2.12890625,""trapped"":true,""termination_reason"":""two_core_entries""}]","[{""speed_m_per_s"":2.12890625,""trapped"":true,""termination_reason"":""two_core_entries""}]",0,[],0,[],0,[],0,[],dual_step_research_recovered_boundary,"targeted timeout-node or endpoint evidence changed or remained non-definitive; complete 200 ms coarse/fine searches recovered compatible definitive brackets, and any internally censored nodes were resolved by the bounded adaptive dual-timestep hierarchy",not_applicable,positive scalar capture threshold,False
3,11,True,1,[0.0],0.2,5e-06,2.5e-06,0,[],0.0,0.0,0.0,1.0,1.25,two_core_entries,escaped,0.0,1.0,1.0,1.0,1.25,1.0,1.25,two_core_entries,escaped,two_core_entries,escaped,[],[],0,[],0,[],0,[],0,[],zero_threshold_grid_resolved_capture,"base-search timeout evidence was superseded by the complete dual-timestep zero-threshold audit, including adaptive node-only escalation where required",grid_resolved_capture,dual-timestep direct grid recovered a contiguous zero-origin capture boundary,False
3,12,True,2,"[0.0,0.25]",0.2,5e-06,2.5e-06,0,[],0.0,0.0,0.0,1.25,1.5,two_core_entries,escaped,0.0,1.25,1.25,1.25,1.5,1.25,1.5,two_core_entries,escaped,two_core_entries,escaped,[],[],0,[],0,[],0,[],0,[],zero_threshold_grid_resolved_capture,"base-search timeout evidence was superseded by the complete dual-timestep zero-threshold audit, including adaptive node-only escalation where required",grid_resolved_capture,dual-timestep direct grid recovered a contiguous zero-origin capture boundary,False
3,13,True,1,[0.0],0.2,5e-06,2.5e-06,0,[],0.0,0.0,0.0,1.0,1.25,two_core_entries,escaped,0.0,1.0,1.0,1.0,1.25,1.0,1.25,two_core_entries,escaped,two_core_entries,escaped,[],[],0,[],0,[],0,[],0,[],zero_threshold_grid_resolved_capture,"base-search timeout evidence was superseded by the complete dual-timestep zero-threshold audit, including adaptive node-only escalation where required",grid_resolved_capture,dual-timestep direct grid recovered a contiguous zero-origin capture boundary,False
3,14,True,1,[0.0],0.2,5e-06,2.5e-06,0,[],0.0,0.0,0.0,2.25,2.5,two_core_entries,escaped,0.0,2.25,2.25,2.25,2.5,2.25,2.5,two_core_entries,escaped,two_core_entries,escaped,[],[],0,[],0,[],0,[],0,[],zero_threshold_grid_resolved_capture,"base-search timeout evidence was superseded by the complete dual-timestep zero-threshold audit, including adaptive node-only escalation where required",grid_resolved_capture,dual-timestep direct grid recovered a contiguous zero-origin capture boundary,False
3,15,True,3,"[1.396484375,1.54296875,1.8359375]",0.2,5e-06,2.5e-06,0,[],0.0,0.0,0.0,2.12890625,2.275390625,two_core_entries,escaped,1.25,2.12890625,2.12890625,2.12890625,2.275390625,2.12890625,2.275390625,two_core_entries,escaped,two_core_entries,escaped,"[{""speed_m_per_s"":1.396484375,""trapped"":true,""termination_reason"":""bounded_core_residence""},{""speed_m_per_s"":1.54296875,""trapped"":true,""termination_reason"":""bounded_core_residence""},{""speed_m_per_s"":1.8359375,""trapped"":true,""termination_reason"":""two_core_entries""}]","[{""speed_m_per_s"":1.396484375,""trapped"":true,""termination_reason"":""bounded_core_residence""},{""speed_m_per_s"":1.54296875,""trapped"":true,""termination_reason"":""bounded_core_residence""},{""speed_m_per_s"":1.8359375,""trapped"":true,""termination_reason"":""two_core_entries""}]",0,[],0,[],0,[],0,[],dual_step_research_recovered_boundary,"targeted timeout-node or endpoint evidence changed or remained non-definitive; complete 200 ms coarse/fine searches recovered compatible definitive brackets, and any internally censored nodes were resolved by the bounded adaptive dual-timestep hierarchy",not_applicable,positive scalar capture threshold,False
3,16,True,2,"[0.0,0.25]",0.2,5e-06,2.5e-06,0,[],0.0,0.0,0.0,0.0,1.5,escaped,escaped,0.0,0.0,0.0,0.0,1.5,0.0,1.5,escaped,escaped,escaped,escaped,[],[],0,[],0,[],0,[],0,[],zero_threshold_velocity_resolved_capture,"base-search timeout evidence was superseded by the complete dual-timestep zero-threshold audit, including adaptive node-only escalation where required",velocity_resolved_capture,nonmonotone finite-speed capture retained as a direct boolean mask,True
3,17,True,5,"[0.6201171875,0.625,0.927734375,1.25,1.54296875]",0.2,5e-06,2.5e-06,0,[],0.0,0.0,0.0,1.54296875,1.689453125,two_core_entries,escaped,0.46630859375,1.54296875,1.54296875,1.54296875,1.689453125,1.54296875,1.689453125,two_core_entries,escaped,two_core_entries,escaped,"[{""speed_m_per_s"":0.6201171875,""trapped"":true,""termination_reason"":""bounded_core_residence""},{""speed_m_per_s"":0.625,""trapped"":true,""termination_reason"":""bounded_core_residence""},{""speed_m_per_s"":0.927734375,""trapped"":true,""termination_reason"":""bounded_core_residence""},{""speed_m_per_s"":1.25,""trapped"":true,""termination_reason"":""bounded_core_residence""},{""speed_m_per_s"":1.54296875,""trapped"":true,""termination_reason"":""two_core_entries""}]","[{""speed_m_per_s"":0.6201171875,""trapped"":true,""termination_reason"":""bounded_core_residence""},{""speed_m_per_s"":0.625,""trapped"":true,""termination_reason"":""bounded_core_residence""},{""speed_m_per_s"":0.927734375,""trapped"":true,""termination_reason"":""bounded_core_residence""},{""speed_m_per_s"":1.25,""trapped"":true,""termination_reason"":""bounded_core_residence""},{""speed_m_per_s"":1.54296875,""trapped"":true,""termination_reason"":""two_core_entries""}]",0,[],0,[],0,[],0,[],dual_step_research_recovered_boundary,"targeted timeout-node or endpoint evidence changed or remained non-definitive; complete 200 ms coarse/fine searches recovered compatible definitive brackets, and any internally censored nodes were resolved by the bounded adaptive dual-timestep hierarchy",not_applicable,positive scalar capture threshold,False
3,18,True,1,[0.0],0.2,5e-06,2.5e-06,0,[],0.0,0.0,0.0,0.0,1.75,escaped,escaped,0.0,0.0,0.0,0.0,1.75,0.0,1.75,escaped,escaped,escaped,escaped,[],[],0,[],0,[],0,[],0,[],zero_threshold_velocity_resolved_capture,"base-search timeout evidence was superseded by the complete dual-timestep zero-threshold audit, including adaptive node-only escalation where required",velocity_resolved_capture,nonmonotone finite-speed capture retained as a direct boolean mask,True
3,19,True,2,"[0.0,0.25]",0.2,5e-06,2.5e-06,0,[],0.0,0.0,0.0,2.25,2.5,two_core_entries,escaped,0.0,2.25,2.25,2.25,2.5,2.25,2.5,two_core_entries,escaped,two_core_entries,escaped,[],[],0,[],0,[],0,[],0,[],zero_threshold_grid_resolved_capture,"base-search timeout evidence was superseded by the complete dual-timestep zero-threshold audit, including adaptive node-only escalation where required",grid_resolved_capture,dual-timestep direct grid recovered a contiguous zero-origin capture boundary,False
3,20,True,1,[0.0],0.2,5e-06,2.5e-06,0,[],0.0,0.0,0.0,2.75,3.0,two_core_entries,escaped,0.0,2.75,2.75,2.75,3.0,2.75,3.0,two_core_entries,escaped,two_core_entries,escaped,[],[],0,[],0,[],0,[],0,[],zero_threshold_grid_resolved_capture,"base-search timeout evidence was superseded by the complete dual-timestep zero-threshold audit, including adaptive node-only escalation where required",grid_resolved_capture,dual-timestep direct grid recovered a contiguous zero-origin capture boundary,False
3,21,True,2,"[0.0,0.25]",0.2,5e-06,2.5e-06,0,[],0.0,0.0,0.0,1.25,1.5,two_core_entries,escaped,0.0,1.25,1.25,1.25,1.5,1.25,1.5,two_core_entries,escaped,two_core_entries,escaped,[],[],0,[],0,[],0,[],0,[],zero_threshold_grid_resolved_capture,"base-search timeout evidence was superseded by the complete dual-timestep zero-threshold audit, including adaptive node-only escalation where required",grid_resolved_capture,dual-timestep direct grid recovered a contiguous zero-origin capture boundary,False
3,22,True,1,[0.0],0.2,5e-06,2.5e-06,0,[],0.0,0.0,0.0,1.0,1.25,bounded_core_residence,escaped,0.0,1.0,1.0,1.0,1.25,1.0,1.25,bounded_core_residence,escaped,bounded_core_residence,escaped,[],[],0,[],0,[],0,[],0,[],zero_threshold_grid_resolved_capture,"base-search timeout evidence was superseded by the complete dual-timestep zero-threshold audit, including adaptive node-only escalation where required",grid_resolved_capture,dual-timestep direct grid recovered a contiguous zero-origin capture boundary,False
3,23,True,2,"[0.0,0.25]",0.2,5e-06,2.5e-06,0,[],0.0,0.0,0.0,0.0,3.0,escaped,escaped,0.0,0.0,0.0,0.0,3.0,0.0,3.0,escaped,escaped,escaped,escaped,[],[],0,[],0,[],0,[],0,[],zero_threshold_velocity_resolved_capture,"base-search timeout evidence was superseded by the complete dual-timestep zero-threshold audit, including adaptive node-only escalation where required",velocity_resolved_capture,nonmonotone finite-speed capture retained as a direct boolean mask,True
3,24,True,1,[0.0],0.2,5e-06,2.5e-06,0,[],0.0,0.0,0.0,1.0,1.25,two_core_entries,escaped,0.0,1.0,1.0,1.0,1.25,1.0,1.25,two_core_entries,escaped,two_core_entries,escaped,[],[],0,[],0,[],0,[],0,[],zero_threshold_grid_resolved_capture,"base-search timeout evidence was superseded by the complete dual-timestep zero-threshold audit, including adaptive node-only escalation where required",grid_resolved_capture,dual-timestep direct grid recovered a contiguous zero-origin capture boundary,False
4,0,True,2,"[0.0,0.25]",0.2,5e-06,2.5e-06,0,[],0.0,0.0,0.0,0.0,1.5,escaped,escaped,0.0,0.0,0.0,0.0,1.5,0.0,1.5,escaped,escaped,escaped,escaped,[],[],0,[],0,[],0,[],0,[],zero_threshold_velocity_resolved_capture,"base-search timeout evidence was superseded by the complete dual-timestep zero-threshold audit, including adaptive node-only escalation where required",velocity_resolved_capture,nonmonotone finite-speed capture retained as a direct boolean mask,True
4,1,True,4,"[3.8671875,4.140625,4.6875,5.0]",0.2,5e-06,2.5e-06,0,[],0.0,0.0,0.0,6.171875,6.40625,two_core_entries,escaped,3.73046875,6.171875,6.171875,6.171875,6.40625,6.171875,6.40625,two_core_entries,escaped,two_core_entries,escaped,"[{""speed_m_per_s"":3.8671875,""trapped"":true,""termination_reason"":""two_core_entries""},{""speed_m_per_s"":4.140625,""trapped"":true,""termination_reason"":""two_core_entries""},{""speed_m_per_s"":4.6875,""trapped"":true,""termination_reason"":""two_core_entries""},{""speed_m_per_s"":5.0,""trapped"":true,""termination_reason"":""two_core_entries""}]","[{""speed_m_per_s"":3.8671875,""trapped"":true,""termination_reason"":""two_core_entries""},{""speed_m_per_s"":4.140625,""trapped"":true,""termination_reason"":""two_core_entries""},{""speed_m_per_s"":4.6875,""trapped"":true,""termination_reason"":""two_core_entries""},{""speed_m_per_s"":5.0,""trapped"":true,""termination_reason"":""two_core_entries""}]",0,[],0,[],0,[],0,[],dual_step_research_recovered_boundary,"targeted timeout-node or endpoint evidence changed or remained non-definitive; complete 200 ms coarse/fine searches recovered compatible definitive brackets, and any internally censored nodes were resolved by the bounded adaptive dual-timestep hierarchy",not_applicable,positive scalar capture threshold,False
4,2,True,4,"[5.0,7.1484375,7.421875,7.96875]",0.2,5e-06,2.5e-06,0,[],0.0,0.0,0.0,7.8125,8.046875,bounded_core_residence,escaped,7.01171875,7.8125,7.8125,7.8125,8.046875,7.8125,8.046875,bounded_core_residence,escaped,bounded_core_residence,escaped,"[{""speed_m_per_s"":5.0,""trapped"":true,""termination_reason"":""two_core_entries""},{""speed_m_per_s"":7.1484375,""trapped"":true,""termination_reason"":""two_core_entries""},{""speed_m_per_s"":7.421875,""trapped"":true,""termination_reason"":""two_core_entries""},{""speed_m_per_s"":7.96875,""trapped"":true,""termination_reason"":""bounded_core_residence""}]","[{""speed_m_per_s"":5.0,""trapped"":true,""termination_reason"":""two_core_entries""},{""speed_m_per_s"":7.1484375,""trapped"":true,""termination_reason"":""two_core_entries""},{""speed_m_per_s"":7.421875,""trapped"":true,""termination_reason"":""two_core_entries""},{""speed_m_per_s"":7.96875,""trapped"":true,""termination_reason"":""bounded_core_residence""}]",0,[],0,[],0,[],0,[],dual_step_research_recovered_boundary,"targeted timeout-node or endpoint evidence changed or remained non-definitive; complete 200 ms coarse/fine searches recovered compatible definitive brackets, and any internally censored nodes were resolved by the bounded adaptive dual-timestep hierarchy",not_applicable,positive scalar capture threshold,False
4,3,True,1,[0.0],0.2,5e-06,2.5e-06,0,[],0.0,0.0,0.0,3.25,3.5,two_core_entries,escaped,0.0,3.25,3.25,3.25,3.5,3.25,3.5,two_core_entries,escaped,two_core_entries,escaped,[],[],0,[],0,[],0,[],0,[],zero_threshold_grid_resolved_capture,"base-search timeout evidence was superseded by the complete dual-timestep zero-threshold audit, including adaptive node-only escalation where required",grid_resolved_capture,dual-timestep direct grid recovered a contiguous zero-origin capture boundary,False
4,4,True,2,"[0.0,0.25]",0.2,5e-06,2.5e-06,0,[],0.0,0.0,0.0,0.0,0.25,escaped,escaped,0.0,0.0,0.0,0.0,0.25,0.0,0.25,escaped,escaped,escaped,escaped,[],[],0,[],0,[],0,[],0,[],zero_threshold_velocity_resolved_capture,"base-search timeout evidence was superseded by the complete dual-timestep zero-threshold audit, including adaptive node-only escalation where required",velocity_resolved_capture,nonmonotone finite-speed capture retained as a direct boolean mask,True
4,5,True,2,"[0.0,0.25]",0.2,5e-06,2.5e-06,0,[],0.0,0.0,0.0,0.0,1.25,escaped,escaped,0.0,0.0,0.0,0.0,1.25,0.0,1.25,escaped,escaped,escaped,escaped,[],[],0,[],0,[],0,[],0,[],zero_threshold_velocity_resolved_capture,"base-search timeout evidence was superseded by the complete dual-timestep zero-threshold audit, including adaptive node-only escalation where required",velocity_resolved_capture,nonmonotone finite-speed capture retained as a direct boolean mask,True
4,6,True,2,"[0.0,0.25]",0.2,5e-06,2.5e-06,0,[],0.0,0.0,0.0,0.0,0.25,escaped,escaped,0.0,0.0,0.0,0.0,0.25,0.0,0.25,escaped,escaped,escaped,escaped,[],[],0,[],0,[],0,[],0,[],zero_threshold_confirmed_zero_capture,"base-search timeout evidence was superseded by the complete dual-timestep zero-threshold audit, including adaptive node-only escalation where required",confirmed_zero_capture,dual-timestep direct velocity scan contains no capture,False
4,7,True,2,"[0.0,0.25]",0.2,5e-06,2.5e-06,0,[],0.0,0.0,0.0,0.0,2.0,escaped,escaped,0.0,0.0,0.0,0.0,2.0,0.0,2.0,escaped,escaped,escaped,escaped,[],[],0,[],0,[],0,[],0,[],zero_threshold_velocity_resolved_capture,"base-search timeout evidence was superseded by the complete dual-timestep zero-threshold audit, including adaptive node-only escalation where required",velocity_resolved_capture,nonmonotone finite-speed capture retained as a direct boolean mask,True
4,8,True,5,"[1.689453125,1.8359375,2.421875,2.5,3.59375]",0.2,5e-06,2.5e-06,0,[],0.0,0.0,0.0,4.140625,4.27734375,two_core_entries,escaped,1.54296875,4.140625,4.140625,4.140625,4.27734375,4.140625,4.27734375,two_core_entries,escaped,two_core_entries,escaped,"[{""speed_m_per_s"":1.689453125,""trapped"":true,""termination_reason"":""bounded_core_residence""},{""speed_m_per_s"":1.8359375,""trapped"":true,""termination_reason"":""bounded_core_residence""},{""speed_m_per_s"":2.421875,""trapped"":true,""termination_reason"":""bounded_core_residence""},{""speed_m_per_s"":2.5,""trapped"":true,""termination_reason"":""bounded_core_residence""},{""speed_m_per_s"":3.59375,""trapped"":true,""termination_reason"":""bounded_core_residence""}]","[{""speed_m_per_s"":1.689453125,""trapped"":true,""termination_reason"":""bounded_core_residence""},{""speed_m_per_s"":1.8359375,""trapped"":true,""termination_reason"":""bounded_core_residence""},{""speed_m_per_s"":2.421875,""trapped"":true,""termination_reason"":""bounded_core_residence""},{""speed_m_per_s"":2.5,""trapped"":true,""termination_reason"":""bounded_core_residence""},{""speed_m_per_s"":3.59375,""trapped"":true,""termination_reason"":""bounded_core_residence""}]",0,[],0,[],0,[],0,[],dual_step_research_recovered_boundary,"targeted timeout-node or endpoint evidence changed or remained non-definitive; complete 200 ms coarse/fine searches recovered compatible definitive brackets, and any internally censored nodes were resolved by the bounded adaptive dual-timestep hierarchy",not_applicable,positive scalar capture threshold,False
4,9,True,2,"[0.0,0.25]",0.2,5e-06,2.5e-06,0,[],0.0,0.0,0.0,0.0,0.25,escaped,escaped,0.0,0.0,0.0,0.0,0.25,0.0,0.25,escaped,escaped,escaped,escaped,[],[],0,[],0,[],0,[],0,[],zero_threshold_velocity_resolved_capture,"base-search timeout evidence was superseded by the complete dual-timestep zero-threshold audit, including adaptive node-only escalation where required",velocity_resolved_capture,nonmonotone finite-speed capture retained as a direct boolean mask,True
4,10,True,1,[0.0],0.2,5e-06,2.5e-06,0,[],0.0,0.0,0.0,2.0,2.25,bounded_core_residence,escaped,0.0,2.0,2.0,2.0,2.25,2.0,2.25,bounded_core_residence,escaped,bounded_core_residence,escaped,[],[],0,[],0,[],0,[],0,[],zero_threshold_grid_resolved_capture,"base-search timeout evidence was superseded by the complete dual-timestep zero-threshold audit, including adaptive node-only escalation where required",grid_resolved_capture,dual-timestep direct grid recovered a contiguous zero-origin capture boundary,False
4,11,True,4,"[4.00390625,4.140625,4.6875,5.0]",0.2,5e-06,2.5e-06,0,[],0.0,0.0,0.0,6.640625,6.875,two_core_entries,escaped,3.8671875,6.640625,6.640625,6.640625,6.875,6.640625,6.875,two_core_entries,escaped,two_core_entries,escaped,"[{""speed_m_per_s"":4.00390625,""trapped"":true,""termination_reason"":""two_core_entries""},{""speed_m_per_s"":4.140625,""trapped"":true,""termination_reason"":""two_core_entries""},{""speed_m_per_s"":4.6875,""trapped"":true,""termination_reason"":""two_core_entries""},{""speed_m_per_s"":5.0,""trapped"":true,""termination_reason"":""two_core_entries""}]","[{""speed_m_per_s"":4.00390625,""trapped"":true,""termination_reason"":""two_core_entries""},{""speed_m_per_s"":4.140625,""trapped"":true,""termination_reason"":""two_core_entries""},{""speed_m_per_s"":4.6875,""trapped"":true,""termination_reason"":""two_core_entries""},{""speed_m_per_s"":5.0,""trapped"":true,""termination_reason"":""two_core_entries""}]",0,[],0,[],0,[],0,[],dual_step_research_recovered_boundary,"targeted timeout-node or endpoint evidence changed or remained non-definitive; complete 200 ms coarse/fine searches recovered compatible definitive brackets, and any internally censored nodes were resolved by the bounded adaptive dual-timestep hierarchy",not_applicable,positive scalar capture threshold,False
4,12,True,2,"[0.0,0.25]",0.2,5e-06,2.5e-06,0,[],0.0,0.0,0.0,0.0,2.0,escaped,escaped,0.0,0.0,0.0,0.0,2.0,0.0,2.0,escaped,escaped,escaped,escaped,[],[],0,[],0,[],0,[],0,[],zero_threshold_velocity_resolved_capture,"base-search timeout evidence was superseded by the complete dual-timestep zero-threshold audit, including adaptive node-only escalation where required",velocity_resolved_capture,nonmonotone finite-speed capture retained as a direct boolean mask,True
4,13,True,5,"[1.689453125,1.8359375,2.421875,2.5,3.59375]",0.2,5e-06,2.5e-06,0,[],0.0,0.0,0.0,3.8671875,4.00390625,two_core_entries,escaped,1.54296875,3.8671875,3.8671875,3.8671875,4.00390625,3.8671875,4.00390625,two_core_entries,escaped,two_core_entries,escaped,"[{""speed_m_per_s"":1.689453125,""trapped"":true,""termination_reason"":""two_core_entries""},{""speed_m_per_s"":1.8359375,""trapped"":true,""termination_reason"":""two_core_entries""},{""speed_m_per_s"":2.421875,""trapped"":true,""termination_reason"":""bounded_core_residence""},{""speed_m_per_s"":2.5,""trapped"":true,""termination_reason"":""bounded_core_residence""},{""speed_m_per_s"":3.59375,""trapped"":true,""termination_reason"":""bounded_core_residence""}]","[{""speed_m_per_s"":1.689453125,""trapped"":true,""termination_reason"":""two_core_entries""},{""speed_m_per_s"":1.8359375,""trapped"":true,""termination_reason"":""two_core_entries""},{""speed_m_per_s"":2.421875,""trapped"":true,""termination_reason"":""bounded_core_residence""},{""speed_m_per_s"":2.5,""trapped"":true,""termination_reason"":""bounded_core_residence""},{""speed_m_per_s"":3.59375,""trapped"":true,""termination_reason"":""bounded_core_residence""}]",0,[],0,[],0,[],0,[],dual_step_research_recovered_boundary,"targeted timeout-node or endpoint evidence changed or remained non-definitive; complete 200 ms coarse/fine searches recovered compatible definitive brackets, and any internally censored nodes were resolved by the bounded adaptive dual-timestep hierarchy",not_applicable,positive scalar capture threshold,False
4,14,True,2,"[0.0,0.25]",0.2,5e-06,2.5e-06,0,[],0.0,0.0,0.0,3.25,3.5,bounded_core_residence,escaped,0.0,3.25,3.25,3.25,3.5,3.25,3.5,bounded_core_residence,escaped,bounded_core_residence,escaped,[],[],0,[],0,[],0,[],0,[],zero_threshold_grid_resolved_capture,"base-search timeout evidence was superseded by the complete dual-timestep zero-threshold audit, including adaptive node-only escalation where required",grid_resolved_capture,dual-timestep direct grid recovered a contiguous zero-origin capture boundary,False
4,15,True,2,"[0.0,0.25]",0.2,5e-06,2.5e-06,0,[],0.0,0.0,0.0,7.5,7.75,two_core_entries,escaped,0.0,7.5,7.5,7.5,7.75,7.5,7.75,two_core_entries,escaped,two_core_entries,escaped,[],[],0,[],0,[],0,[],0,[],zero_threshold_grid_resolved_capture,"base-search timeout evidence was superseded by the complete dual-timestep zero-threshold audit, including adaptive node-only escalation where required",grid_resolved_capture,dual-timestep direct grid recovered a contiguous zero-origin capture boundary,False
4,16,True,2,"[0.0,0.25]",0.2,5e-06,2.5e-06,0,[],0.0,0.0,0.0,0.0,1.0,escaped,escaped,0.0,0.0,0.0,0.0,1.0,0.0,1.0,escaped,escaped,escaped,escaped,[],[],0,[],0,[],0,[],0,[],zero_threshold_velocity_resolved_capture,"base-search timeout evidence was superseded by the complete dual-timestep zero-threshold audit, including adaptive node-only escalation where required",velocity_resolved_capture,nonmonotone finite-speed capture retained as a direct boolean mask,True
4,17,True,1,[0.0],0.2,5e-06,2.5e-06,0,[],0.0,0.0,0.0,4.75,5.0,bounded_core_residence,escaped,0.0,4.75,4.75,4.75,5.0,4.75,5.0,bounded_core_residence,escaped,bounded_core_residence,escaped,[],[],0,[],0,[],0,[],0,[],zero_threshold_grid_resolved_capture,"base-search timeout evidence was superseded by the complete dual-timestep zero-threshold audit, including adaptive node-only escalation where required",grid_resolved_capture,dual-timestep direct grid recovered a contiguous zero-origin capture boundary,False
4,18,True,4,"[2.63671875,2.7734375,3.046875,3.59375]",0.2,5e-06,2.5e-06,0,[],0.0,0.0,0.0,3.18359375,3.3203125,two_core_entries,escaped,2.5,3.18359375,3.18359375,3.18359375,3.3203125,3.18359375,3.3203125,two_core_entries,escaped,two_core_entries,escaped,"[{""speed_m_per_s"":2.63671875,""trapped"":true,""termination_reason"":""bounded_core_residence""},{""speed_m_per_s"":2.7734375,""trapped"":true,""termination_reason"":""bounded_core_residence""},{""speed_m_per_s"":3.046875,""trapped"":true,""termination_reason"":""two_core_entries""},{""speed_m_per_s"":3.59375,""trapped"":false,""termination_reason"":""escaped""}]","[{""speed_m_per_s"":2.63671875,""trapped"":true,""termination_reason"":""bounded_core_residence""},{""speed_m_per_s"":2.7734375,""trapped"":true,""termination_reason"":""bounded_core_residence""},{""speed_m_per_s"":3.046875,""trapped"":true,""termination_reason"":""two_core_entries""},{""speed_m_per_s"":3.59375,""trapped"":false,""termination_reason"":""escaped""}]",0,[],0,[],0,[],0,[],dual_step_research_recovered_boundary,"targeted timeout-node or endpoint evidence changed or remained non-definitive; complete 200 ms coarse/fine searches recovered compatible definitive brackets, and any internally censored nodes were resolved by the bounded adaptive dual-timestep hierarchy",not_applicable,positive scalar capture threshold,False
4,19,True,1,[1.689453125],0.2,5e-06,2.5e-06,0,[],0.0,0.0,0.0,1.689453125,1.8359375,two_core_entries,escaped,1.54296875,1.689453125,1.689453125,1.689453125,1.8359375,1.689453125,1.8359375,two_core_entries,escaped,two_core_entries,escaped,"[{""speed_m_per_s"":1.689453125,""trapped"":true,""termination_reason"":""two_core_entries""}]","[{""speed_m_per_s"":1.689453125,""trapped"":true,""termination_reason"":""two_core_entries""}]",0,[],0,[],0,[],0,[],dual_step_research_recovered_boundary,"targeted timeout-node or endpoint evidence changed or remained non-definitive; complete 200 ms coarse/fine searches recovered compatible definitive brackets, and any internally censored nodes were resolved by the bounded adaptive dual-timestep hierarchy",not_applicable,positive scalar capture threshold,False
4,20,True,2,"[0.0,0.25]",0.2,5e-06,2.5e-06,0,[],0.0,0.0,0.0,0.0,4.5,escaped,escaped,0.0,0.0,0.0,0.0,4.5,0.0,4.5,escaped,escaped,escaped,escaped,[],[],0,[],0,[],0,[],0,[],zero_threshold_velocity_resolved_capture,"base-search timeout evidence was superseded by the complete dual-timestep zero-threshold audit, including adaptive node-only escalation where required",velocity_resolved_capture,nonmonotone finite-speed capture retained as a direct boolean mask,True
4,21,True,2,"[0.0,0.25]",0.2,5e-06,2.5e-06,0,[],0.0,0.0,0.0,1.0,1.25,bounded_core_residence,escaped,0.0,1.0,1.0,1.0,1.25,1.0,1.25,bounded_core_residence,escaped,bounded_core_residence,escaped,[],[],0,[],0,[],0,[],0,[],zero_threshold_grid_resolved_capture,"base-search timeout evidence was superseded by the complete dual-timestep zero-threshold audit, including adaptive node-only escalation where required",grid_resolved_capture,dual-timestep direct grid recovered a contiguous zero-origin capture boundary,False
4,22,True,3,"[5.703125,5.9375,6.875]",0.2,5e-06,2.5e-06,0,[],0.0,0.0,0.0,8.046875,8.28125,two_core_entries,escaped,5.46875,8.046875,8.046875,8.046875,8.28125,8.046875,8.28125,two_core_entries,escaped,two_core_entries,escaped,"[{""speed_m_per_s"":5.703125,""trapped"":true,""termination_reason"":""two_core_entries""},{""speed_m_per_s"":5.9375,""trapped"":true,""termination_reason"":""two_core_entries""},{""speed_m_per_s"":6.875,""trapped"":true,""termination_reason"":""bounded_core_residence""}]","[{""speed_m_per_s"":5.703125,""trapped"":true,""termination_reason"":""two_core_entries""},{""speed_m_per_s"":5.9375,""trapped"":true,""termination_reason"":""two_core_entries""},{""speed_m_per_s"":6.875,""trapped"":true,""termination_reason"":""bounded_core_residence""}]",0,[],0,[],0,[],0,[],dual_step_research_recovered_boundary,"targeted timeout-node or endpoint evidence changed or remained non-definitive; complete 200 ms coarse/fine searches recovered compatible definitive brackets, and any internally censored nodes were resolved by the bounded adaptive dual-timestep hierarchy",not_applicable,positive scalar capture threshold,False
4,23,True,2,"[0.0,0.25]",0.2,5e-06,2.5e-06,0,[],0.0,0.0,0.0,0.0,1.5,escaped,escaped,0.0,0.0,0.0,0.0,1.5,0.0,1.5,escaped,escaped,escaped,escaped,[],[],0,[],0,[],0,[],0,[],zero_threshold_velocity_resolved_capture,"base-search timeout evidence was superseded by the complete dual-timestep zero-threshold audit, including adaptive node-only escalation where required",velocity_resolved_capture,nonmonotone finite-speed capture retained as a direct boolean mask,True
4,24,True,2,"[0.0,0.25]",0.2,5e-06,2.5e-06,0,[],0.0,0.0,0.0,5.25,5.5,two_core_entries,escaped,0.0,5.25,5.25,5.25,5.5,5.25,5.5,two_core_entries,escaped,two_core_entries,escaped,[],[],0,[],0,[],0,[],0,[],zero_threshold_grid_resolved_capture,"base-search timeout evidence was superseded by the complete dual-timestep zero-threshold audit, including adaptive node-only escalation where required",grid_resolved_capture,dual-timestep direct grid recovered a contiguous zero-origin capture boundary,False
5,0,True,1,[0.0],0.2,5e-06,2.5e-06,0,[],0.0,0.0,0.0,1.5,1.75,two_core_entries,escaped,0.0,1.5,1.5,1.5,1.75,1.5,1.75,two_core_entries,escaped,two_core_entries,escaped,[],[],0,[],0,[],0,[],0,[],zero_threshold_grid_resolved_capture,"base-search timeout evidence was superseded by the complete dual-timestep zero-threshold audit, including adaptive node-only escalation where required",grid_resolved_capture,dual-timestep direct grid recovered a contiguous zero-origin capture boundary,False
5,1,True,1,[0.0],0.2,5e-06,2.5e-06,0,[],0.0,0.0,0.0,1.75,2.0,bounded_core_residence,escaped,0.0,1.75,1.75,1.75,2.0,1.75,2.0,bounded_core_residence,escaped,bounded_core_residence,escaped,[],[],0,[],0,[],0,[],0,[],zero_threshold_grid_resolved_capture,"base-search timeout evidence was superseded by the complete dual-timestep zero-threshold audit, including adaptive node-only escalation where required",grid_resolved_capture,dual-timestep direct grid recovered a contiguous zero-origin capture boundary,False
5,2,True,3,"[1.0791015625,1.23046875,1.25]",0.2,5e-06,2.5e-06,0,[],0.0,0.0,0.0,1.54296875,1.689453125,two_core_entries,escaped,0.927734375,1.54296875,1.54296875,1.54296875,1.689453125,1.54296875,1.689453125,two_core_entries,escaped,two_core_entries,escaped,"[{""speed_m_per_s"":1.0791015625,""trapped"":true,""termination_reason"":""two_core_entries""},{""speed_m_per_s"":1.23046875,""trapped"":true,""termination_reason"":""bounded_core_residence""},{""speed_m_per_s"":1.25,""trapped"":true,""termination_reason"":""bounded_core_residence""}]","[{""speed_m_per_s"":1.0791015625,""trapped"":true,""termination_reason"":""two_core_entries""},{""speed_m_per_s"":1.23046875,""trapped"":true,""termination_reason"":""bounded_core_residence""},{""speed_m_per_s"":1.25,""trapped"":true,""termination_reason"":""bounded_core_residence""}]",0,[],0,[],0,[],0,[],dual_step_research_recovered_boundary,"targeted timeout-node or endpoint evidence changed or remained non-definitive; complete 200 ms coarse/fine searches recovered compatible definitive brackets, and any internally censored nodes were resolved by the bounded adaptive dual-timestep hierarchy",not_applicable,positive scalar capture threshold,False
5,3,True,2,"[0.0,0.25]",0.2,5e-06,2.5e-06,0,[],0.0,0.0,0.0,0.75,1.0,bounded_core_residence,escaped,0.0,0.75,0.75,0.75,1.0,0.75,1.0,bounded_core_residence,escaped,bounded_core_residence,escaped,[],[],0,[],0,[],0,[],0,[],zero_threshold_grid_resolved_capture,"base-search timeout evidence was superseded by the complete dual-timestep zero-threshold audit, including adaptive node-only escalation where required",grid_resolved_capture,dual-timestep direct grid recovered a contiguous zero-origin capture boundary,False
5,4,True,2,"[0.0,0.25]",0.2,5e-06,2.5e-06,0,[],0.0,0.0,0.0,0.75,1.0,two_core_entries,escaped,0.0,0.75,0.75,0.75,1.0,0.75,1.0,two_core_entries,escaped,two_core_entries,escaped,[],[],0,[],0,[],0,[],0,[],zero_threshold_grid_resolved_capture,"base-search timeout evidence was superseded by the complete dual-timestep zero-threshold audit, including adaptive node-only escalation where required",grid_resolved_capture,dual-timestep direct grid recovered a contiguous zero-origin capture boundary,False
5,5,True,1,[1.54296875],0.2,5e-06,2.5e-06,0,[],0.0,0.0,0.0,1.54296875,1.689453125,two_core_entries,escaped,1.396484375,1.54296875,1.54296875,1.54296875,1.689453125,1.54296875,1.689453125,two_core_entries,escaped,two_core_entries,escaped,"[{""speed_m_per_s"":1.54296875,""trapped"":true,""termination_reason"":""two_core_entries""}]","[{""speed_m_per_s"":1.54296875,""trapped"":true,""termination_reason"":""two_core_entries""}]",0,[],0,[],0,[],0,[],dual_step_research_recovered_boundary,"targeted timeout-node or endpoint evidence changed or remained non-definitive; complete 200 ms coarse/fine searches recovered compatible definitive brackets, and any internally censored nodes were resolved by the bounded adaptive dual-timestep hierarchy",not_applicable,positive scalar capture threshold,False
5,6,True,1,[0.0],0.2,5e-06,2.5e-06,0,[],0.0,0.0,0.0,1.25,1.5,two_core_entries,escaped,0.0,1.25,1.25,1.25,1.5,1.25,1.5,two_core_entries,escaped,two_core_entries,escaped,[],[],0,[],0,[],0,[],0,[],zero_threshold_grid_resolved_capture,"base-search timeout evidence was superseded by the complete dual-timestep zero-threshold audit, including adaptive node-only escalation where required",grid_resolved_capture,dual-timestep direct grid recovered a contiguous zero-origin capture boundary,False
5,7,True,2,"[0.0,0.25]",0.2,5e-06,2.5e-06,0,[],0.0,0.0,0.0,1.0,1.25,bounded_core_residence,escaped,0.0,1.0,1.0,1.0,1.25,1.0,1.25,bounded_core_residence,escaped,bounded_core_residence,escaped,[],[],0,[],0,[],0,[],0,[],zero_threshold_grid_resolved_capture,"base-search timeout evidence was superseded by the complete dual-timestep zero-threshold audit, including adaptive node-only escalation where required",grid_resolved_capture,dual-timestep direct grid recovered a contiguous zero-origin capture boundary,False
5,8,True,2,"[0.0,0.25]",0.2,5e-06,2.5e-06,0,[],0.0,0.0,0.0,0.0,1.5,escaped,escaped,0.0,0.0,0.0,0.0,1.5,0.0,1.5,escaped,escaped,escaped,escaped,[],[],0,[],0,[],0,[],0,[],zero_threshold_velocity_resolved_capture,"base-search timeout evidence was superseded by the complete dual-timestep zero-threshold audit, including adaptive node-only escalation where required",velocity_resolved_capture,nonmonotone finite-speed capture retained as a direct boolean mask,True
5,9,True,1,[0.0],0.2,5e-06,2.5e-06,0,[],0.0,0.0,0.0,1.75,2.0,two_core_entries,escaped,0.0,1.75,1.75,1.75,2.0,1.75,2.0,two_core_entries,escaped,two_core_entries,escaped,[],[],0,[],0,[],0,[],0,[],zero_threshold_grid_resolved_capture,"base-search timeout evidence was superseded by the complete dual-timestep zero-threshold audit, including adaptive node-only escalation where required",grid_resolved_capture,dual-timestep direct grid recovered a contiguous zero-origin capture boundary,False
5,10,True,3,"[0.927734375,1.23046875,1.25]",0.2,5e-06,2.5e-06,0,[],0.0,0.0,0.0,1.396484375,1.54296875,two_core_entries,escaped,0.7763671875,1.396484375,1.396484375,1.396484375,1.54296875,1.396484375,1.54296875,two_core_entries,escaped,two_core_entries,escaped,"[{""speed_m_per_s"":0.927734375,""trapped"":true,""termination_reason"":""bounded_core_residence""},{""speed_m_per_s"":1.23046875,""trapped"":true,""termination_reason"":""two_core_entries""},{""speed_m_per_s"":1.25,""trapped"":true,""termination_reason"":""two_core_entries""}]","[{""speed_m_per_s"":0.927734375,""trapped"":true,""termination_reason"":""bounded_core_residence""},{""speed_m_per_s"":1.23046875,""trapped"":true,""termination_reason"":""two_core_entries""},{""speed_m_per_s"":1.25,""trapped"":true,""termination_reason"":""two_core_entries""}]",0,[],0,[],0,[],0,[],dual_step_research_recovered_boundary,"targeted timeout-node or endpoint evidence changed or remained non-definitive; complete 200 ms coarse/fine searches recovered compatible definitive brackets, and any internally censored nodes were resolved by the bounded adaptive dual-timestep hierarchy",not_applicable,positive scalar capture threshold,False
5,11,True,2,"[0.0,0.25]",0.2,5e-06,2.5e-06,0,[],0.0,0.0,0.0,1.25,1.5,bounded_core_residence,escaped,0.0,1.25,1.25,1.25,1.5,1.25,1.5,bounded_core_residence,escaped,bounded_core_residence,escaped,[],[],0,[],0,[],0,[],0,[],zero_threshold_grid_resolved_capture,"base-search timeout evidence was superseded by the complete dual-timestep zero-threshold audit, including adaptive node-only escalation where required",grid_resolved_capture,dual-timestep direct grid recovered a contiguous zero-origin capture boundary,False
5,12,True,1,[0.0],0.2,5e-06,2.5e-06,0,[],0.0,0.0,0.0,1.25,1.5,bounded_core_residence,escaped,0.0,1.25,1.25,1.25,1.5,1.25,1.5,bounded_core_residence,escaped,bounded_core_residence,escaped,[],[],0,[],0,[],0,[],0,[],zero_threshold_grid_resolved_capture,"base-search timeout evidence was superseded by the complete dual-timestep zero-threshold audit, including adaptive node-only escalation where required",grid_resolved_capture,dual-timestep direct grid recovered a contiguous zero-origin capture boundary,False
5,13,True,2,"[0.0,0.25]",0.2,5e-06,2.5e-06,0,[],0.0,0.0,0.0,1.25,1.5,bounded_core_residence,escaped,0.0,1.25,1.25,1.25,1.5,1.25,1.5,bounded_core_residence,escaped,bounded_core_residence,escaped,[],[],0,[],0,[],0,[],0,[],zero_threshold_grid_resolved_capture,"base-search timeout evidence was superseded by the complete dual-timestep zero-threshold audit, including adaptive node-only escalation where required",grid_resolved_capture,dual-timestep direct grid recovered a contiguous zero-origin capture boundary,False
5,14,True,2,"[0.0,0.25]",0.2,5e-06,2.5e-06,0,[],0.0,0.0,0.0,1.0,1.25,two_core_entries,escaped,0.0,1.0,1.0,1.0,1.25,1.0,1.25,two_core_entries,escaped,two_core_entries,escaped,[],[],0,[],0,[],0,[],0,[],zero_threshold_grid_resolved_capture,"base-search timeout evidence was superseded by the complete dual-timestep zero-threshold audit, including adaptive node-only escalation where required",grid_resolved_capture,dual-timestep direct grid recovered a contiguous zero-origin capture boundary,False
5,15,True,1,[0.0],0.2,5e-06,2.5e-06,0,[],0.0,0.0,0.0,2.0,2.25,two_core_entries,escaped,0.0,2.0,2.0,2.0,2.25,2.0,2.25,two_core_entries,escaped,two_core_entries,escaped,[],[],0,[],0,[],0,[],0,[],zero_threshold_grid_resolved_capture,"base-search timeout evidence was superseded by the complete dual-timestep zero-threshold audit, including adaptive node-only escalation where required",grid_resolved_capture,dual-timestep direct grid recovered a contiguous zero-origin capture boundary,False
5,16,True,1,[0.0],0.2,5e-06,2.5e-06,0,[],0.0,0.0,0.0,1.5,1.75,bounded_core_residence,escaped,0.0,1.5,1.5,1.5,1.75,1.5,1.75,bounded_core_residence,escaped,bounded_core_residence,escaped,[],[],0,[],0,[],0,[],0,[],zero_threshold_grid_resolved_capture,"base-search timeout evidence was superseded by the complete dual-timestep zero-threshold audit, including adaptive node-only escalation where required",grid_resolved_capture,dual-timestep direct grid recovered a contiguous zero-origin capture boundary,False
5,17,True,1,[0.0],0.2,5e-06,2.5e-06,0,[],0.0,0.0,0.0,1.25,1.5,bounded_core_residence,escaped,0.0,1.25,1.25,1.25,1.5,1.25,1.5,bounded_core_residence,escaped,bounded_core_residence,escaped,[],[],0,[],0,[],0,[],0,[],zero_threshold_grid_resolved_capture,"base-search timeout evidence was superseded by the complete dual-timestep zero-threshold audit, including adaptive node-only escalation where required",grid_resolved_capture,dual-timestep direct grid recovered a contiguous zero-origin capture boundary,False
5,18,True,1,[0.0],0.2,5e-06,2.5e-06,0,[],0.0,0.0,0.0,1.25,1.5,two_core_entries,escaped,0.0,1.25,1.25,1.25,1.5,1.25,1.5,two_core_entries,escaped,two_core_entries,escaped,[],[],0,[],0,[],0,[],0,[],zero_threshold_grid_resolved_capture,"base-search timeout evidence was superseded by the complete dual-timestep zero-threshold audit, including adaptive node-only escalation where required",grid_resolved_capture,dual-timestep direct grid recovered a contiguous zero-origin capture boundary,False
5,19,True,1,[0.0],0.2,5e-06,2.5e-06,0,[],0.0,0.0,0.0,1.5,1.75,two_core_entries,escaped,0.0,1.5,1.5,1.5,1.75,1.5,1.75,two_core_entries,escaped,two_core_entries,escaped,[],[],0,[],0,[],0,[],0,[],zero_threshold_grid_resolved_capture,"base-search timeout evidence was superseded by the complete dual-timestep zero-threshold audit, including adaptive node-only escalation where required",grid_resolved_capture,dual-timestep direct grid recovered a contiguous zero-origin capture boundary,False
5,20,True,4,"[1.25,1.3818359375,1.533203125,1.8359375]",0.2,5e-06,2.5e-06,0,[],0.0,0.0,0.0,1.689453125,1.8359375,two_core_entries,escaped,1.23046875,1.689453125,1.689453125,1.689453125,1.8359375,1.689453125,1.8359375,two_core_entries,escaped,two_core_entries,escaped,"[{""speed_m_per_s"":1.25,""trapped"":true,""termination_reason"":""two_core_entries""},{""speed_m_per_s"":1.3818359375,""trapped"":true,""termination_reason"":""two_core_entries""},{""speed_m_per_s"":1.533203125,""trapped"":true,""termination_reason"":""two_core_entries""},{""speed_m_per_s"":1.8359375,""trapped"":false,""termination_reason"":""escaped""}]","[{""speed_m_per_s"":1.25,""trapped"":true,""termination_reason"":""two_core_entries""},{""speed_m_per_s"":1.3818359375,""trapped"":true,""termination_reason"":""two_core_entries""},{""speed_m_per_s"":1.533203125,""trapped"":true,""termination_reason"":""two_core_entries""},{""speed_m_per_s"":1.8359375,""trapped"":false,""termination_reason"":""escaped""}]",0,[],0,[],0,[],0,[],dual_step_research_recovered_boundary,"targeted timeout-node or endpoint evidence changed or remained non-definitive; complete 200 ms coarse/fine searches recovered compatible definitive brackets, and any internally censored nodes were resolved by the bounded adaptive dual-timestep hierarchy",not_applicable,positive scalar capture threshold,False
5,21,True,2,"[1.689453125,1.8359375]",0.2,5e-06,2.5e-06,0,[],0.0,0.0,0.0,1.689453125,1.8359375,two_core_entries,escaped,1.54296875,1.689453125,1.689453125,1.689453125,1.8359375,1.689453125,1.8359375,two_core_entries,escaped,two_core_entries,escaped,"[{""speed_m_per_s"":1.689453125,""trapped"":true,""termination_reason"":""two_core_entries""},{""speed_m_per_s"":1.8359375,""trapped"":false,""termination_reason"":""escaped""}]","[{""speed_m_per_s"":1.689453125,""trapped"":true,""termination_reason"":""two_core_entries""},{""speed_m_per_s"":1.8359375,""trapped"":false,""termination_reason"":""escaped""}]",0,[],0,[],0,[],0,[],dual_step_research_recovered_boundary,"targeted timeout-node or endpoint evidence changed or remained non-definitive; complete 200 ms coarse/fine searches recovered compatible definitive brackets, and any internally censored nodes were resolved by the bounded adaptive dual-timestep hierarchy",not_applicable,positive scalar capture threshold,False
5,22,True,2,"[0.0,0.25]",0.2,5e-06,2.5e-06,0,[],0.0,0.0,0.0,1.0,1.25,two_core_entries,escaped,0.0,1.0,1.0,1.0,1.25,1.0,1.25,two_core_entries,escaped,two_core_entries,escaped,[],[],0,[],0,[],0,[],0,[],zero_threshold_grid_resolved_capture,"base-search timeout evidence was superseded by the complete dual-timestep zero-threshold audit, including adaptive node-only escalation where required",grid_resolved_capture,dual-timestep direct grid recovered a contiguous zero-origin capture boundary,False
5,23,True,1,[0.0],0.2,5e-06,2.5e-06,0,[],0.0,0.0,0.0,1.75,2.0,two_core_entries,escaped,0.0,1.75,1.75,1.75,2.0,1.75,2.0,two_core_entries,escaped,two_core_entries,escaped,[],[],0,[],0,[],0,[],0,[],zero_threshold_grid_resolved_capture,"base-search timeout evidence was superseded by the complete dual-timestep zero-threshold audit, including adaptive node-only escalation where required",grid_resolved_capture,dual-timestep direct grid recovered a contiguous zero-origin capture boundary,False
5,24,True,4,"[1.0791015625,1.23046875,1.25,1.8359375]",0.2,5e-06,2.5e-06,0,[],0.0,0.0,0.0,1.689453125,1.8359375,two_core_entries,escaped,0.927734375,1.689453125,1.689453125,1.689453125,1.8359375,1.689453125,1.8359375,two_core_entries,escaped,two_core_entries,escaped,"[{""speed_m_per_s"":1.0791015625,""trapped"":true,""termination_reason"":""bounded_core_residence""},{""speed_m_per_s"":1.23046875,""trapped"":true,""termination_reason"":""bounded_core_residence""},{""speed_m_per_s"":1.25,""trapped"":true,""termination_reason"":""bounded_core_residence""},{""speed_m_per_s"":1.8359375,""trapped"":false,""termination_reason"":""escaped""}]","[{""speed_m_per_s"":1.0791015625,""trapped"":true,""termination_reason"":""bounded_core_residence""},{""speed_m_per_s"":1.23046875,""trapped"":true,""termination_reason"":""bounded_core_residence""},{""speed_m_per_s"":1.25,""trapped"":true,""termination_reason"":""bounded_core_residence""},{""speed_m_per_s"":1.8359375,""trapped"":false,""termination_reason"":""escaped""}]",0,[],0,[],0,[],0,[],dual_step_research_recovered_boundary,"targeted timeout-node or endpoint evidence changed or remained non-definitive; complete 200 ms coarse/fine searches recovered compatible definitive brackets, and any internally censored nodes were resolved by the bounded adaptive dual-timestep hierarchy",not_applicable,positive scalar capture threshold,False
6,0,True,2,"[0.0,0.25]",0.2,5e-06,2.5e-06,0,[],0.0,0.0,0.0,1.5,1.75,two_core_entries,escaped,0.0,1.5,1.5,1.5,1.75,1.5,1.75,two_core_entries,escaped,two_core_entries,escaped,[],[],0,[],0,[],0,[],0,[],zero_threshold_grid_resolved_capture,"base-search timeout evidence was superseded by the complete dual-timestep zero-threshold audit, including adaptive node-only escalation where required",grid_resolved_capture,dual-timestep direct grid recovered a contiguous zero-origin capture boundary,False
6,1,True,7,"[0.46630859375,0.6201171875,0.625,0.927734375,1.25,1.54296875,2.5]",0.2,5e-06,2.5e-06,0,[],0.0,0.0,0.0,2.63671875,2.7734375,two_core_entries,escaped,0.3125,2.63671875,2.63671875,2.63671875,2.7734375,2.63671875,2.7734375,two_core_entries,escaped,two_core_entries,escaped,"[{""speed_m_per_s"":0.46630859375,""trapped"":true,""termination_reason"":""bounded_core_residence""},{""speed_m_per_s"":0.6201171875,""trapped"":true,""termination_reason"":""bounded_core_residence""},{""speed_m_per_s"":0.625,""trapped"":true,""termination_reason"":""bounded_core_residence""},{""speed_m_per_s"":0.927734375,""trapped"":true,""termination_reason"":""bounded_core_residence""},{""speed_m_per_s"":1.25,""trapped"":true,""termination_reason"":""bounded_core_residence""},{""speed_m_per_s"":1.54296875,""trapped"":true,""termination_reason"":""bounded_core_residence""},{""speed_m_per_s"":2.5,""trapped"":true,""termination_reason"":""two_core_entries""}]","[{""speed_m_per_s"":0.46630859375,""trapped"":true,""termination_reason"":""bounded_core_residence""},{""speed_m_per_s"":0.6201171875,""trapped"":true,""termination_reason"":""bounded_core_residence""},{""speed_m_per_s"":0.625,""trapped"":true,""termination_reason"":""bounded_core_residence""},{""speed_m_per_s"":0.927734375,""trapped"":true,""termination_reason"":""bounded_core_residence""},{""speed_m_per_s"":1.25,""trapped"":true,""termination_reason"":""bounded_core_residence""},{""speed_m_per_s"":1.54296875,""trapped"":true,""termination_reason"":""bounded_core_residence""},{""speed_m_per_s"":2.5,""trapped"":true,""termination_reason"":""two_core_entries""}]",0,[],0,[],0,[],0,[],dual_step_research_recovered_boundary,"targeted timeout-node or endpoint evidence changed or remained non-definitive; complete 200 ms coarse/fine searches recovered compatible definitive brackets, and any internally censored nodes were resolved by the bounded adaptive dual-timestep hierarchy",not_applicable,positive scalar capture threshold,False
6,2,True,2,"[0.0,0.25]",0.2,5e-06,2.5e-06,0,[],0.0,0.0,0.0,0.0,1.0,escaped,escaped,0.0,0.0,0.0,0.0,1.0,0.0,1.0,escaped,escaped,escaped,escaped,[],[],0,[],0,[],0,[],0,[],zero_threshold_velocity_resolved_capture,"base-search timeout evidence was superseded by the complete dual-timestep zero-threshold audit, including adaptive node-only escalation where required",velocity_resolved_capture,nonmonotone finite-speed capture retained as a direct boolean mask,True
6,3,True,1,[0.0],0.2,5e-06,2.5e-06,0,[],0.0,0.0,0.0,3.5,3.75,two_core_entries,escaped,0.0,3.5,3.5,3.5,3.75,3.5,3.75,two_core_entries,escaped,two_core_entries,escaped,[],[],0,[],0,[],0,[],0,[],zero_threshold_grid_resolved_capture,"base-search timeout evidence was superseded by the complete dual-timestep zero-threshold audit, including adaptive node-only escalation where required",grid_resolved_capture,dual-timestep direct grid recovered a contiguous zero-origin capture boundary,False
6,4,True,2,"[0.0,0.25]",0.2,5e-06,2.5e-06,0,[],0.0,0.0,0.0,1.5,1.75,bounded_core_residence,escaped,0.0,1.5,1.5,1.5,1.75,1.5,1.75,bounded_core_residence,escaped,bounded_core_residence,escaped,[],[],0,[],0,[],0,[],0,[],zero_threshold_grid_resolved_capture,"base-search timeout evidence was superseded by the complete dual-timestep zero-threshold audit, including adaptive node-only escalation where required",grid_resolved_capture,dual-timestep direct grid recovered a contiguous zero-origin capture boundary,False
6,5,True,2,"[0.0,0.25]",0.2,5e-06,2.5e-06,0,[],0.0,0.0,0.0,1.5,1.75,two_core_entries,escaped,0.0,1.5,1.5,1.5,1.75,1.5,1.75,two_core_entries,escaped,two_core_entries,escaped,[],[],0,[],0,[],0,[],0,[],zero_threshold_grid_resolved_capture,"base-search timeout evidence was superseded by the complete dual-timestep zero-threshold audit, including adaptive node-only escalation where required",grid_resolved_capture,dual-timestep direct grid recovered a contiguous zero-origin capture boundary,False
6,6,True,4,"[1.0791015625,1.23046875,1.25,1.8359375]",0.2,5e-06,2.5e-06,0,[],0.0,0.0,0.0,2.12890625,2.275390625,two_core_entries,escaped,0.927734375,2.12890625,2.12890625,2.12890625,2.275390625,2.12890625,2.275390625,two_core_entries,escaped,two_core_entries,escaped,"[{""speed_m_per_s"":1.0791015625,""trapped"":true,""termination_reason"":""two_core_entries""},{""speed_m_per_s"":1.23046875,""trapped"":true,""termination_reason"":""two_core_entries""},{""speed_m_per_s"":1.25,""trapped"":true,""termination_reason"":""two_core_entries""},{""speed_m_per_s"":1.8359375,""trapped"":true,""termination_reason"":""bounded_core_residence""}]","[{""speed_m_per_s"":1.0791015625,""trapped"":true,""termination_reason"":""two_core_entries""},{""speed_m_per_s"":1.23046875,""trapped"":true,""termination_reason"":""two_core_entries""},{""speed_m_per_s"":1.25,""trapped"":true,""termination_reason"":""two_core_entries""},{""speed_m_per_s"":1.8359375,""trapped"":true,""termination_reason"":""bounded_core_residence""}]",0,[],0,[],0,[],0,[],dual_step_research_recovered_boundary,"targeted timeout-node or endpoint evidence changed or remained non-definitive; complete 200 ms coarse/fine searches recovered compatible definitive brackets, and any internally censored nodes were resolved by the bounded adaptive dual-timestep hierarchy",not_applicable,positive scalar capture threshold,False
6,7,True,2,"[0.0,0.25]",0.2,5e-06,2.5e-06,0,[],0.0,0.0,0.0,3.25,3.5,two_core_entries,escaped,0.0,3.25,3.25,3.25,3.5,3.25,3.5,two_core_entries,escaped,two_core_entries,escaped,[],[],0,[],0,[],0,[],0,[],zero_threshold_grid_resolved_capture,"base-search timeout evidence was superseded by the complete dual-timestep zero-threshold audit, including adaptive node-only escalation where required",grid_resolved_capture,dual-timestep direct grid recovered a contiguous zero-origin capture boundary,False
6,8,True,3,"[2.12890625,2.421875,2.5]",0.2,5e-06,2.5e-06,0,[],0.0,0.0,0.0,3.046875,3.18359375,bounded_core_residence,escaped,1.982421875,3.046875,3.046875,3.046875,3.18359375,3.046875,3.18359375,bounded_core_residence,escaped,bounded_core_residence,escaped,"[{""speed_m_per_s"":2.12890625,""trapped"":true,""termination_reason"":""bounded_core_residence""},{""speed_m_per_s"":2.421875,""trapped"":true,""termination_reason"":""two_core_entries""},{""speed_m_per_s"":2.5,""trapped"":true,""termination_reason"":""two_core_entries""}]","[{""speed_m_per_s"":2.12890625,""trapped"":true,""termination_reason"":""bounded_core_residence""},{""speed_m_per_s"":2.421875,""trapped"":true,""termination_reason"":""two_core_entries""},{""speed_m_per_s"":2.5,""trapped"":true,""termination_reason"":""two_core_entries""}]",0,[],0,[],0,[],0,[],dual_step_research_recovered_boundary,"targeted timeout-node or endpoint evidence changed or remained non-definitive; complete 200 ms coarse/fine searches recovered compatible definitive brackets, and any internally censored nodes were resolved by the bounded adaptive dual-timestep hierarchy",not_applicable,positive scalar capture threshold,False
6,9,True,2,"[0.0,0.25]",0.2,5e-06,2.5e-06,0,[],0.0,0.0,0.0,0.0,1.25,escaped,escaped,0.0,0.0,0.0,0.0,1.25,0.0,1.25,escaped,escaped,escaped,escaped,[],[],0,[],0,[],0,[],0,[],zero_threshold_velocity_resolved_capture,"base-search timeout evidence was superseded by the complete dual-timestep zero-threshold audit, including adaptive node-only escalation where required",velocity_resolved_capture,nonmonotone finite-speed capture retained as a direct boolean mask,True
6,10,True,1,[0.0],0.2,5e-06,2.5e-06,0,[],0.0,0.0,0.0,1.5,1.75,bounded_core_residence,escaped,0.0,1.5,1.5,1.5,1.75,1.5,1.75,bounded_core_residence,escaped,bounded_core_residence,escaped,[],[],0,[],0,[],0,[],0,[],zero_threshold_grid_resolved_capture,"base-search timeout evidence was superseded by the complete dual-timestep zero-threshold audit, including adaptive node-only escalation where required",grid_resolved_capture,dual-timestep direct grid recovered a contiguous zero-origin capture boundary,False
6,11,True,4,"[2.5,2.568359375,2.71484375,3.0078125]",0.2,5e-06,2.5e-06,0,[],0.0,0.0,0.0,3.3203125,3.45703125,two_core_entries,escaped,2.421875,3.3203125,3.3203125,3.3203125,3.45703125,3.3203125,3.45703125,two_core_entries,escaped,two_core_entries,escaped,"[{""speed_m_per_s"":2.5,""trapped"":true,""termination_reason"":""two_core_entries""},{""speed_m_per_s"":2.568359375,""trapped"":true,""termination_reason"":""two_core_entries""},{""speed_m_per_s"":2.71484375,""trapped"":true,""termination_reason"":""two_core_entries""},{""speed_m_per_s"":3.0078125,""trapped"":true,""termination_reason"":""two_core_entries""}]","[{""speed_m_per_s"":2.5,""trapped"":true,""termination_reason"":""two_core_entries""},{""speed_m_per_s"":2.568359375,""trapped"":true,""termination_reason"":""two_core_entries""},{""speed_m_per_s"":2.71484375,""trapped"":true,""termination_reason"":""two_core_entries""},{""speed_m_per_s"":3.0078125,""trapped"":true,""termination_reason"":""two_core_entries""}]",0,[],0,[],0,[],0,[],dual_step_research_recovered_boundary,"targeted timeout-node or endpoint evidence changed or remained non-definitive; complete 200 ms coarse/fine searches recovered compatible definitive brackets, and any internally censored nodes were resolved by the bounded adaptive dual-timestep hierarchy",not_applicable,positive scalar capture threshold,False
6,12,True,2,"[0.0,0.25]",0.2,5e-06,2.5e-06,0,[],0.0,0.0,0.0,0.0,2.5,escaped,escaped,0.0,0.0,0.0,0.0,2.5,0.0,2.5,escaped,escaped,escaped,escaped,[],[],0,[],0,[],0,[],0,[],zero_threshold_velocity_resolved_capture,"base-search timeout evidence was superseded by the complete dual-timestep zero-threshold audit, including adaptive node-only escalation where required",velocity_resolved_capture,nonmonotone finite-speed capture retained as a direct boolean mask,True
6,13,True,2,"[0.0,0.25]",0.2,5e-06,2.5e-06,0,[],0.0,0.0,0.0,0.0,1.25,escaped,escaped,0.0,0.0,0.0,0.0,1.25,0.0,1.25,escaped,escaped,escaped,escaped,[],[],0,[],0,[],0,[],0,[],zero_threshold_velocity_resolved_capture,"base-search timeout evidence was superseded by the complete dual-timestep zero-threshold audit, including adaptive node-only escalation where required",velocity_resolved_capture,nonmonotone finite-speed capture retained as a direct boolean mask,True
6,14,True,1,[1.8359375],0.2,5e-06,2.5e-06,0,[],0.0,0.0,0.0,1.8359375,1.982421875,two_core_entries,escaped,1.689453125,1.8359375,1.8359375,1.8359375,1.982421875,1.8359375,1.982421875,two_core_entries,escaped,two_core_entries,escaped,"[{""speed_m_per_s"":1.8359375,""trapped"":true,""termination_reason"":""two_core_entries""}]","[{""speed_m_per_s"":1.8359375,""trapped"":true,""termination_reason"":""two_core_entries""}]",0,[],0,[],0,[],0,[],dual_step_research_recovered_boundary,"targeted timeout-node or endpoint evidence changed or remained non-definitive; complete 200 ms coarse/fine searches recovered compatible definitive brackets, and any internally censored nodes were resolved by the bounded adaptive dual-timestep hierarchy",not_applicable,positive scalar capture threshold,False
6,15,True,2,"[0.0,0.25]",0.2,5e-06,2.5e-06,0,[],0.0,0.0,0.0,0.75,1.0,bounded_core_residence,escaped,0.0,0.75,0.75,0.75,1.0,0.75,1.0,bounded_core_residence,escaped,bounded_core_residence,escaped,[],[],0,[],0,[],0,[],0,[],zero_threshold_grid_resolved_capture,"base-search timeout evidence was superseded by the complete dual-timestep zero-threshold audit, including adaptive node-only escalation where required",grid_resolved_capture,dual-timestep direct grid recovered a contiguous zero-origin capture boundary,False
6,16,True,2,"[0.0,0.25]",0.2,5e-06,2.5e-06,0,[],0.0,0.0,0.0,1.75,2.0,two_core_entries,escaped,0.0,1.75,1.75,1.75,2.0,1.75,2.0,two_core_entries,escaped,two_core_entries,escaped,[],[],0,[],0,[],0,[],0,[],zero_threshold_grid_resolved_capture,"base-search timeout evidence was superseded by the complete dual-timestep zero-threshold audit, including adaptive node-only escalation where required",grid_resolved_capture,dual-timestep direct grid recovered a contiguous zero-origin capture boundary,False
6,17,True,2,"[0.0,0.25]",0.2,5e-06,2.5e-06,0,[],0.0,0.0,0.0,0.0,1.5,escaped,escaped,0.0,0.0,0.0,0.0,1.5,0.0,1.5,escaped,escaped,escaped,escaped,[],[],0,[],0,[],0,[],0,[],zero_threshold_velocity_resolved_capture,"base-search timeout evidence was superseded by the complete dual-timestep zero-threshold audit, including adaptive node-only escalation where required",velocity_resolved_capture,nonmonotone finite-speed capture retained as a direct boolean mask,True
6,18,True,2,"[0.0,0.25]",0.2,5e-06,2.5e-06,0,[],0.0,0.0,0.0,1.5,1.75,two_core_entries,escaped,0.0,1.5,1.5,1.5,1.75,1.5,1.75,two_core_entries,escaped,two_core_entries,escaped,[],[],0,[],0,[],0,[],0,[],zero_threshold_grid_resolved_capture,"base-search timeout evidence was superseded by the complete dual-timestep zero-threshold audit, including adaptive node-only escalation where required",grid_resolved_capture,dual-timestep direct grid recovered a contiguous zero-origin capture boundary,False
6,19,True,2,"[0.0,0.25]",0.2,5e-06,2.5e-06,0,[],0.0,0.0,0.0,1.0,1.25,bounded_core_residence,escaped,0.0,1.0,1.0,1.0,1.25,1.0,1.25,bounded_core_residence,escaped,bounded_core_residence,escaped,[],[],0,[],0,[],0,[],0,[],zero_threshold_grid_resolved_capture,"base-search timeout evidence was superseded by the complete dual-timestep zero-threshold audit, including adaptive node-only escalation where required",grid_resolved_capture,dual-timestep direct grid recovered a contiguous zero-origin capture boundary,False
6,20,True,2,"[0.0,0.25]",0.2,5e-06,2.5e-06,0,[],0.0,0.0,0.0,0.75,1.0,bounded_core_residence,escaped,0.0,0.75,0.75,0.75,1.0,0.75,1.0,bounded_core_residence,escaped,bounded_core_residence,escaped,[],[],0,[],0,[],0,[],0,[],zero_threshold_grid_resolved_capture,"base-search timeout evidence was superseded by the complete dual-timestep zero-threshold audit, including adaptive node-only escalation where required",grid_resolved_capture,dual-timestep direct grid recovered a contiguous zero-origin capture boundary,False
6,21,True,2,"[0.0,0.25]",0.2,5e-06,2.5e-06,0,[],0.0,0.0,0.0,1.5,1.75,two_core_entries,escaped,0.0,1.5,1.5,1.5,1.75,1.5,1.75,two_core_entries,escaped,two_core_entries,escaped,[],[],0,[],0,[],0,[],0,[],zero_threshold_grid_resolved_capture,"base-search timeout evidence was superseded by the complete dual-timestep zero-threshold audit, including adaptive node-only escalation where required",grid_resolved_capture,dual-timestep direct grid recovered a contiguous zero-origin capture boundary,False
6,22,True,2,"[0.0,0.25]",0.2,5e-06,2.5e-06,0,[],0.0,0.0,0.0,0.0,0.25,escaped,escaped,0.0,0.0,0.0,0.0,0.25,0.0,0.25,escaped,escaped,escaped,escaped,[],[],0,[],0,[],0,[],0,[],zero_threshold_confirmed_zero_capture,"base-search timeout evidence was superseded by the complete dual-timestep zero-threshold audit, including adaptive node-only escalation where required",confirmed_zero_capture,dual-timestep direct velocity scan contains no capture,False
6,23,True,2,"[0.0,0.25]",0.2,5e-06,2.5e-06,0,[],0.0,0.0,0.0,0.0,2.0,escaped,escaped,0.0,0.0,0.0,0.0,2.0,0.0,2.0,escaped,escaped,escaped,escaped,[],[],0,[],0,[],0,[],0,[],zero_threshold_velocity_resolved_capture,"base-search timeout evidence was superseded by the complete dual-timestep zero-threshold audit, including adaptive node-only escalation where required",velocity_resolved_capture,nonmonotone finite-speed capture retained as a direct boolean mask,True
6,24,True,2,"[0.0,0.25]",0.2,5e-06,2.5e-06,0,[],0.0,0.0,0.0,0.0,1.25,escaped,escaped,0.0,0.0,0.0,0.0,1.25,0.0,1.25,escaped,escaped,escaped,escaped,[],[],0,[],0,[],0,[],0,[],zero_threshold_velocity_resolved_capture,"base-search timeout evidence was superseded by the complete dual-timestep zero-threshold audit, including adaptive node-only escalation where required",velocity_resolved_capture,nonmonotone finite-speed capture retained as a direct boolean mask,True
7,0,True,2,"[0.0,0.25]",0.2,5e-06,2.5e-06,0,[],0.0,0.0,0.0,0.0,1.25,escaped,escaped,0.0,0.0,0.0,0.0,1.25,0.0,1.25,escaped,escaped,escaped,escaped,[],[],0,[],0,[],0,[],0,[],zero_threshold_velocity_resolved_capture,"base-search timeout evidence was superseded by the complete dual-timestep zero-threshold audit, including adaptive node-only escalation where required",velocity_resolved_capture,nonmonotone finite-speed capture retained as a direct boolean mask,True
7,1,True,1,[0.0],0.2,5e-06,2.5e-06,0,[],0.0,0.0,0.0,1.5,1.75,two_core_entries,escaped,0.0,1.5,1.5,1.5,1.75,1.5,1.75,two_core_entries,escaped,two_core_entries,escaped,[],[],0,[],0,[],0,[],0,[],zero_threshold_grid_resolved_capture,"base-search timeout evidence was superseded by the complete dual-timestep zero-threshold audit, including adaptive node-only escalation where required",grid_resolved_capture,dual-timestep direct grid recovered a contiguous zero-origin capture boundary,False
7,2,True,2,"[1.982421875,2.12890625]",0.2,5e-06,2.5e-06,0,[],0.0,0.0,0.0,1.982421875,2.12890625,two_core_entries,escaped,1.8359375,1.982421875,1.982421875,1.982421875,2.12890625,1.982421875,2.12890625,two_core_entries,escaped,two_core_entries,escaped,"[{""speed_m_per_s"":1.982421875,""trapped"":true,""termination_reason"":""two_core_entries""},{""speed_m_per_s"":2.12890625,""trapped"":false,""termination_reason"":""escaped""}]","[{""speed_m_per_s"":1.982421875,""trapped"":true,""termination_reason"":""two_core_entries""},{""speed_m_per_s"":2.12890625,""trapped"":false,""termination_reason"":""escaped""}]",0,[],0,[],0,[],0,[],dual_step_research_recovered_boundary,"targeted timeout-node or endpoint evidence changed or remained non-definitive; complete 200 ms coarse/fine searches recovered compatible definitive brackets, and any internally censored nodes were resolved by the bounded adaptive dual-timestep hierarchy",not_applicable,positive scalar capture threshold,False
7,3,True,2,"[0.0,0.25]",0.2,5e-06,2.5e-06,0,[],0.0,0.0,0.0,0.0,0.25,escaped,escaped,0.0,0.0,0.0,0.0,0.25,0.0,0.25,escaped,escaped,escaped,escaped,[],[],0,[],0,[],0,[],0,[],zero_threshold_velocity_resolved_capture,"base-search timeout evidence was superseded by the complete dual-timestep zero-threshold audit, including adaptive node-only escalation where required",velocity_resolved_capture,nonmonotone finite-speed capture retained as a direct boolean mask,True
7,4,True,2,"[0.0,0.25]",0.2,5e-06,2.5e-06,0,[],0.0,0.0,0.0,0.0,2.0,escaped,escaped,0.0,0.0,0.0,0.0,2.0,0.0,2.0,escaped,escaped,escaped,escaped,[],[],0,[],0,[],0,[],0,[],zero_threshold_velocity_resolved_capture,"base-search timeout evidence was superseded by the complete dual-timestep zero-threshold audit, including adaptive node-only escalation where required",velocity_resolved_capture,nonmonotone finite-speed capture retained as a direct boolean mask,True
7,5,True,2,"[1.689453125,1.8359375]",0.2,5e-06,2.5e-06,0,[],0.0,0.0,0.0,1.982421875,2.12890625,two_core_entries,escaped,1.54296875,1.982421875,1.982421875,1.982421875,2.12890625,1.982421875,2.12890625,two_core_entries,escaped,two_core_entries,escaped,"[{""speed_m_per_s"":1.689453125,""trapped"":true,""termination_reason"":""two_core_entries""},{""speed_m_per_s"":1.8359375,""trapped"":true,""termination_reason"":""two_core_entries""}]","[{""speed_m_per_s"":1.689453125,""trapped"":true,""termination_reason"":""two_core_entries""},{""speed_m_per_s"":1.8359375,""trapped"":true,""termination_reason"":""two_core_entries""}]",0,[],0,[],0,[],0,[],dual_step_research_recovered_boundary,"targeted timeout-node or endpoint evidence changed or remained non-definitive; complete 200 ms coarse/fine searches recovered compatible definitive brackets, and any internally censored nodes were resolved by the bounded adaptive dual-timestep hierarchy",not_applicable,positive scalar capture threshold,False
7,6,True,3,"[0.6201171875,0.625,0.927734375]",0.2,5e-06,2.5e-06,0,[],0.0,0.0,0.0,1.0791015625,1.23046875,two_core_entries,escaped,0.46630859375,1.0791015625,1.0791015625,1.0791015625,1.23046875,1.0791015625,1.23046875,two_core_entries,escaped,two_core_entries,escaped,"[{""speed_m_per_s"":0.6201171875,""trapped"":true,""termination_reason"":""two_core_entries""},{""speed_m_per_s"":0.625,""trapped"":true,""termination_reason"":""two_core_entries""},{""speed_m_per_s"":0.927734375,""trapped"":true,""termination_reason"":""bounded_core_residence""}]","[{""speed_m_per_s"":0.6201171875,""trapped"":true,""termination_reason"":""two_core_entries""},{""speed_m_per_s"":0.625,""trapped"":true,""termination_reason"":""two_core_entries""},{""speed_m_per_s"":0.927734375,""trapped"":true,""termination_reason"":""bounded_core_residence""}]",0,[],0,[],0,[],0,[],dual_step_research_recovered_boundary,"targeted timeout-node or endpoint evidence changed or remained non-definitive; complete 200 ms coarse/fine searches recovered compatible definitive brackets, and any internally censored nodes were resolved by the bounded adaptive dual-timestep hierarchy",not_applicable,positive scalar capture threshold,False
7,7,True,2,"[0.0,0.25]",0.2,5e-06,2.5e-06,0,[],0.0,0.0,0.0,0.0,0.25,escaped,escaped,0.0,0.0,0.0,0.0,0.25,0.0,0.25,escaped,escaped,escaped,escaped,[],[],0,[],0,[],0,[],0,[],zero_threshold_velocity_resolved_capture,"base-search timeout evidence was superseded by the complete dual-timestep zero-threshold audit, including adaptive node-only escalation where required",velocity_resolved_capture,nonmonotone finite-speed capture retained as a direct boolean mask,True
7,8,True,2,"[1.982421875,2.12890625]",0.2,5e-06,2.5e-06,0,[],0.0,0.0,0.0,2.12890625,2.275390625,bounded_core_residence,escaped,1.8359375,2.12890625,2.12890625,2.12890625,2.275390625,2.12890625,2.275390625,bounded_core_residence,escaped,bounded_core_residence,escaped,"[{""speed_m_per_s"":1.982421875,""trapped"":true,""termination_reason"":""bounded_core_residence""},{""speed_m_per_s"":2.12890625,""trapped"":true,""termination_reason"":""bounded_core_residence""}]","[{""speed_m_per_s"":1.982421875,""trapped"":true,""termination_reason"":""bounded_core_residence""},{""speed_m_per_s"":2.12890625,""trapped"":true,""termination_reason"":""bounded_core_residence""}]",0,[],0,[],0,[],0,[],dual_step_research_recovered_boundary,"targeted timeout-node or endpoint evidence changed or remained non-definitive; complete 200 ms coarse/fine searches recovered compatible definitive brackets, and any internally censored nodes were resolved by the bounded adaptive dual-timestep hierarchy",not_applicable,positive scalar capture threshold,False
7,9,True,2,"[0.0,0.25]",0.2,5e-06,2.5e-06,0,[],0.0,0.0,0.0,0.0,0.25,escaped,escaped,0.0,0.0,0.0,0.0,0.25,0.0,0.25,escaped,escaped,escaped,escaped,[],[],0,[],0,[],0,[],0,[],zero_threshold_velocity_resolved_capture,"base-search timeout evidence was superseded by the complete dual-timestep zero-threshold audit, including adaptive node-only escalation where required",velocity_resolved_capture,nonmonotone finite-speed capture retained as a direct boolean mask,True
7,10,True,3,"[0.3125,0.625,1.25]",0.2,5e-06,2.5e-06,0,[],0.0,0.0,0.0,1.982421875,2.12890625,two_core_entries,escaped,0.15625,1.982421875,1.982421875,1.982421875,2.12890625,1.982421875,2.12890625,two_core_entries,escaped,two_core_entries,escaped,"[{""speed_m_per_s"":0.3125,""trapped"":true,""termination_reason"":""bounded_core_residence""},{""speed_m_per_s"":0.625,""trapped"":true,""termination_reason"":""bounded_core_residence""},{""speed_m_per_s"":1.25,""trapped"":true,""termination_reason"":""two_core_entries""}]","[{""speed_m_per_s"":0.3125,""trapped"":true,""termination_reason"":""bounded_core_residence""},{""speed_m_per_s"":0.625,""trapped"":true,""termination_reason"":""bounded_core_residence""},{""speed_m_per_s"":1.25,""trapped"":true,""termination_reason"":""two_core_entries""}]",0,[],0,[],0,[],0,[],dual_step_research_recovered_boundary,"targeted timeout-node or endpoint evidence changed or remained non-definitive; complete 200 ms coarse/fine searches recovered compatible definitive brackets, and any internally censored nodes were resolved by the bounded adaptive dual-timestep hierarchy",not_applicable,positive scalar capture threshold,False
7,11,True,3,"[1.689453125,1.8359375,2.421875]",0.2,5e-06,2.5e-06,0,[],0.0,0.0,0.0,2.12890625,2.275390625,two_core_entries,escaped,1.54296875,2.12890625,2.12890625,2.12890625,2.275390625,2.12890625,2.275390625,two_core_entries,escaped,two_core_entries,escaped,"[{""speed_m_per_s"":1.689453125,""trapped"":true,""termination_reason"":""two_core_entries""},{""speed_m_per_s"":1.8359375,""trapped"":true,""termination_reason"":""bounded_core_residence""},{""speed_m_per_s"":2.421875,""trapped"":false,""termination_reason"":""escaped""}]","[{""speed_m_per_s"":1.689453125,""trapped"":true,""termination_reason"":""two_core_entries""},{""speed_m_per_s"":1.8359375,""trapped"":true,""termination_reason"":""bounded_core_residence""},{""speed_m_per_s"":2.421875,""trapped"":false,""termination_reason"":""escaped""}]",0,[],0,[],0,[],0,[],dual_step_research_recovered_boundary,"targeted timeout-node or endpoint evidence changed or remained non-definitive; complete 200 ms coarse/fine searches recovered compatible definitive brackets, and any internally censored nodes were resolved by the bounded adaptive dual-timestep hierarchy",not_applicable,positive scalar capture threshold,False
7,12,True,3,"[1.396484375,1.54296875,1.8359375]",0.2,5e-06,2.5e-06,0,[],0.0,0.0,0.0,1.8359375,1.982421875,bounded_core_residence,escaped,1.25,1.8359375,1.8359375,1.8359375,1.982421875,1.8359375,1.982421875,bounded_core_residence,escaped,bounded_core_residence,escaped,"[{""speed_m_per_s"":1.396484375,""trapped"":true,""termination_reason"":""two_core_entries""},{""speed_m_per_s"":1.54296875,""trapped"":true,""termination_reason"":""bounded_core_residence""},{""speed_m_per_s"":1.8359375,""trapped"":true,""termination_reason"":""bounded_core_residence""}]","[{""speed_m_per_s"":1.396484375,""trapped"":true,""termination_reason"":""two_core_entries""},{""speed_m_per_s"":1.54296875,""trapped"":true,""termination_reason"":""bounded_core_residence""},{""speed_m_per_s"":1.8359375,""trapped"":true,""termination_reason"":""bounded_core_residence""}]",0,[],0,[],0,[],0,[],dual_step_research_recovered_boundary,"targeted timeout-node or endpoint evidence changed or remained non-definitive; complete 200 ms coarse/fine searches recovered compatible definitive brackets, and any internally censored nodes were resolved by the bounded adaptive dual-timestep hierarchy",not_applicable,positive scalar capture threshold,False
7,13,True,4,"[1.0791015625,1.23046875,1.25,1.8359375]",0.2,5e-06,2.5e-06,0,[],0.0,0.0,0.0,1.689453125,1.8359375,two_core_entries,escaped,0.927734375,1.689453125,1.689453125,1.689453125,1.8359375,1.689453125,1.8359375,two_core_entries,escaped,two_core_entries,escaped,"[{""speed_m_per_s"":1.0791015625,""trapped"":true,""termination_reason"":""two_core_entries""},{""speed_m_per_s"":1.23046875,""trapped"":true,""termination_reason"":""bounded_core_residence""},{""speed_m_per_s"":1.25,""trapped"":true,""termination_reason"":""bounded_core_residence""},{""speed_m_per_s"":1.8359375,""trapped"":false,""termination_reason"":""escaped""}]","[{""speed_m_per_s"":1.0791015625,""trapped"":true,""termination_reason"":""two_core_entries""},{""speed_m_per_s"":1.23046875,""trapped"":true,""termination_reason"":""bounded_core_residence""},{""speed_m_per_s"":1.25,""trapped"":true,""termination_reason"":""bounded_core_residence""},{""speed_m_per_s"":1.8359375,""trapped"":false,""termination_reason"":""escaped""}]",0,[],0,[],0,[],0,[],dual_step_research_recovered_boundary,"targeted timeout-node or endpoint evidence changed or remained non-definitive; complete 200 ms coarse/fine searches recovered compatible definitive brackets, and any internally censored nodes were resolved by the bounded adaptive dual-timestep hierarchy",not_applicable,positive scalar capture threshold,False
7,14,True,4,"[0.6201171875,0.625,0.927734375,1.25]",0.2,5e-06,2.5e-06,0,[],0.0,0.0,0.0,1.25,1.396484375,bounded_core_residence,escaped,0.46630859375,1.25,1.25,1.25,1.396484375,1.25,1.396484375,bounded_core_residence,escaped,bounded_core_residence,escaped,"[{""speed_m_per_s"":0.6201171875,""trapped"":true,""termination_reason"":""bounded_core_residence""},{""speed_m_per_s"":0.625,""trapped"":true,""termination_reason"":""bounded_core_residence""},{""speed_m_per_s"":0.927734375,""trapped"":true,""termination_reason"":""bounded_core_residence""},{""speed_m_per_s"":1.25,""trapped"":true,""termination_reason"":""bounded_core_residence""}]","[{""speed_m_per_s"":0.6201171875,""trapped"":true,""termination_reason"":""bounded_core_residence""},{""speed_m_per_s"":0.625,""trapped"":true,""termination_reason"":""bounded_core_residence""},{""speed_m_per_s"":0.927734375,""trapped"":true,""termination_reason"":""bounded_core_residence""},{""speed_m_per_s"":1.25,""trapped"":true,""termination_reason"":""bounded_core_residence""}]",0,[],0,[],0,[],0,[],dual_step_research_recovered_boundary,"targeted timeout-node or endpoint evidence changed or remained non-definitive; complete 200 ms coarse/fine searches recovered compatible definitive brackets, and any internally censored nodes were resolved by the bounded adaptive dual-timestep hierarchy",not_applicable,positive scalar capture threshold,False
7,15,True,2,"[0.0,0.25]",0.2,5e-06,2.5e-06,0,[],0.0,0.0,0.0,0.0,2.0,escaped,escaped,0.0,0.0,0.0,0.0,2.0,0.0,2.0,escaped,escaped,escaped,escaped,[],[],0,[],0,[],0,[],0,[],zero_threshold_velocity_resolved_capture,"base-search timeout evidence was superseded by the complete dual-timestep zero-threshold audit, including adaptive node-only escalation where required",velocity_resolved_capture,nonmonotone finite-speed capture retained as a direct boolean mask,True
7,16,True,2,"[0.0,0.25]",0.2,5e-06,2.5e-06,0,[],0.0,0.0,0.0,0.0,2.0,escaped,escaped,0.0,0.0,0.0,0.0,2.0,0.0,2.0,escaped,escaped,escaped,escaped,[],[],0,[],0,[],0,[],0,[],zero_threshold_velocity_resolved_capture,"base-search timeout evidence was superseded by the complete dual-timestep zero-threshold audit, including adaptive node-only escalation where required",velocity_resolved_capture,nonmonotone finite-speed capture retained as a direct boolean mask,True
7,17,True,2,"[0.0,0.25]",0.2,5e-06,2.5e-06,0,[],0.0,0.0,0.0,0.0,0.25,escaped,escaped,0.0,0.0,0.0,0.0,0.25,0.0,0.25,escaped,escaped,escaped,escaped,[],[],0,[],0,[],0,[],0,[],zero_threshold_velocity_resolved_capture,"base-search timeout evidence was superseded by the complete dual-timestep zero-threshold audit, including adaptive node-only escalation where required",velocity_resolved_capture,nonmonotone finite-speed capture retained as a direct boolean mask,True
7,18,True,2,"[0.0,0.25]",0.2,5e-06,2.5e-06,0,[],0.0,0.0,0.0,0.0,1.25,escaped,escaped,0.0,0.0,0.0,0.0,1.25,0.0,1.25,escaped,escaped,escaped,escaped,[],[],0,[],0,[],0,[],0,[],zero_threshold_velocity_resolved_capture,"base-search timeout evidence was superseded by the complete dual-timestep zero-threshold audit, including adaptive node-only escalation where required",velocity_resolved_capture,nonmonotone finite-speed capture retained as a direct boolean mask,True
7,19,True,1,[0.0],0.2,5e-06,2.5e-06,0,[],0.0,0.0,0.0,1.25,1.5,bounded_core_residence,escaped,0.0,1.25,1.25,1.25,1.5,1.25,1.5,bounded_core_residence,escaped,bounded_core_residence,escaped,[],[],0,[],0,[],0,[],0,[],zero_threshold_grid_resolved_capture,"base-search timeout evidence was superseded by the complete dual-timestep zero-threshold audit, including adaptive node-only escalation where required",grid_resolved_capture,dual-timestep direct grid recovered a contiguous zero-origin capture boundary,False
7,20,True,1,[0.25],0.2,5e-06,2.5e-06,0,[],0.0,0.0,0.0,0.0,0.25,escaped,escaped,0.0,0.0,0.0,0.0,0.25,0.0,0.25,escaped,escaped,escaped,escaped,[],[],0,[],0,[],0,[],0,[],zero_threshold_velocity_resolved_capture,"base-search timeout evidence was superseded by the complete dual-timestep zero-threshold audit, including adaptive node-only escalation where required",velocity_resolved_capture,nonmonotone finite-speed capture retained as a direct boolean mask,True
7,21,True,2,"[0.0,0.25]",0.2,5e-06,2.5e-06,0,[],0.0,0.0,0.0,0.0,1.25,escaped,escaped,0.0,0.0,0.0,0.0,1.25,0.0,1.25,escaped,escaped,escaped,escaped,[],[],0,[],0,[],0,[],0,[],zero_threshold_velocity_resolved_capture,"base-search timeout evidence was superseded by the complete dual-timestep zero-threshold audit, including adaptive node-only escalation where required",velocity_resolved_capture,nonmonotone finite-speed capture retained as a direct boolean mask,True
7,22,True,2,"[0.0,0.25]",0.2,5e-06,2.5e-06,0,[],0.0,0.0,0.0,0.0,2.0,escaped,escaped,0.0,0.0,0.0,0.0,2.0,0.0,2.0,escaped,escaped,escaped,escaped,[],[],0,[],0,[],0,[],0,[],zero_threshold_velocity_resolved_capture,"base-search timeout evidence was superseded by the complete dual-timestep zero-threshold audit, including adaptive node-only escalation where required",velocity_resolved_capture,nonmonotone finite-speed capture retained as a direct boolean mask,True
7,23,True,2,"[0.0,0.25]",0.2,5e-06,2.5e-06,0,[],0.0,0.0,0.0,0.0,1.5,escaped,escaped,0.0,0.0,0.0,0.0,1.5,0.0,1.5,escaped,escaped,escaped,escaped,[],[],0,[],0,[],0,[],0,[],zero_threshold_velocity_resolved_capture,"base-search timeout evidence was superseded by the complete dual-timestep zero-threshold audit, including adaptive node-only escalation where required",velocity_resolved_capture,nonmonotone finite-speed capture retained as a direct boolean mask,True
7,24,True,2,"[0.0,0.25]",0.2,5e-06,2.5e-06,0,[],0.0,0.0,0.0,1.5,1.75,two_core_entries,escaped,0.0,1.5,1.5,1.5,1.75,1.5,1.75,two_core_entries,escaped,two_core_entries,escaped,[],[],0,[],0,[],0,[],0,[],zero_threshold_grid_resolved_capture,"base-search timeout evidence was superseded by the complete dual-timestep zero-threshold audit, including adaptive node-only escalation where required",grid_resolved_capture,dual-timestep direct grid recovered a contiguous zero-origin capture boundary,False
8,0,True,2,"[0.0,0.25]",0.2,5e-06,2.5e-06,0,[],0.0,0.0,0.0,1.25,1.5,two_core_entries,escaped,0.0,1.25,1.25,1.25,1.5,1.25,1.5,two_core_entries,escaped,two_core_entries,escaped,[],[],0,[],0,[],0,[],0,[],zero_threshold_grid_resolved_capture,"base-search timeout evidence was superseded by the complete dual-timestep zero-threshold audit, including adaptive node-only escalation where required",grid_resolved_capture,dual-timestep direct grid recovered a contiguous zero-origin capture boundary,False
8,1,True,1,[0.0],0.2,5e-06,2.5e-06,0,[],0.0,0.0,0.0,1.75,2.0,two_core_entries,escaped,0.0,1.75,1.75,1.75,2.0,1.75,2.0,two_core_entries,escaped,two_core_entries,escaped,[],[],0,[],0,[],0,[],0,[],zero_threshold_grid_resolved_capture,"base-search timeout evidence was superseded by the complete dual-timestep zero-threshold audit, including adaptive node-only escalation where required",grid_resolved_capture,dual-timestep direct grid recovered a contiguous zero-origin capture boundary,False
8,2,True,2,"[0.0,0.25]",0.2,5e-06,2.5e-06,0,[],0.0,0.0,0.0,1.0,1.25,two_core_entries,escaped,0.0,1.0,1.0,1.0,1.25,1.0,1.25,two_core_entries,escaped,two_core_entries,escaped,[],[],0,[],0,[],0,[],0,[],zero_threshold_grid_resolved_capture,"base-search timeout evidence was superseded by the complete dual-timestep zero-threshold audit, including adaptive node-only escalation where required",grid_resolved_capture,dual-timestep direct grid recovered a contiguous zero-origin capture boundary,False
8,3,True,1,[0.0],0.2,5e-06,2.5e-06,0,[],0.0,0.0,0.0,1.25,1.5,bounded_core_residence,escaped,0.0,1.25,1.25,1.25,1.5,1.25,1.5,bounded_core_residence,escaped,bounded_core_residence,escaped,[],[],0,[],0,[],0,[],0,[],zero_threshold_grid_resolved_capture,"base-search timeout evidence was superseded by the complete dual-timestep zero-threshold audit, including adaptive node-only escalation where required",grid_resolved_capture,dual-timestep direct grid recovered a contiguous zero-origin capture boundary,False
8,4,True,4,"[0.7763671875,0.927734375,1.23046875,1.25]",0.2,5e-06,2.5e-06,0,[],0.0,0.0,0.0,1.25,1.396484375,two_core_entries,escaped,0.625,1.25,1.25,1.25,1.396484375,1.25,1.396484375,two_core_entries,escaped,two_core_entries,escaped,"[{""speed_m_per_s"":0.7763671875,""trapped"":true,""termination_reason"":""bounded_core_residence""},{""speed_m_per_s"":0.927734375,""trapped"":true,""termination_reason"":""bounded_core_residence""},{""speed_m_per_s"":1.23046875,""trapped"":true,""termination_reason"":""two_core_entries""},{""speed_m_per_s"":1.25,""trapped"":true,""termination_reason"":""two_core_entries""}]","[{""speed_m_per_s"":0.7763671875,""trapped"":true,""termination_reason"":""bounded_core_residence""},{""speed_m_per_s"":0.927734375,""trapped"":true,""termination_reason"":""bounded_core_residence""},{""speed_m_per_s"":1.23046875,""trapped"":true,""termination_reason"":""two_core_entries""},{""speed_m_per_s"":1.25,""trapped"":true,""termination_reason"":""two_core_entries""}]",0,[],0,[],0,[],0,[],dual_step_research_recovered_boundary,"targeted timeout-node or endpoint evidence changed or remained non-definitive; complete 200 ms coarse/fine searches recovered compatible definitive brackets, and any internally censored nodes were resolved by the bounded adaptive dual-timestep hierarchy",not_applicable,positive scalar capture threshold,False
8,5,True,3,"[1.396484375,1.54296875,1.8359375]",0.2,5e-06,2.5e-06,0,[],0.0,0.0,0.0,1.8359375,1.982421875,bounded_core_residence,escaped,1.25,1.8359375,1.8359375,1.8359375,1.982421875,1.8359375,1.982421875,bounded_core_residence,escaped,bounded_core_residence,escaped,"[{""speed_m_per_s"":1.396484375,""trapped"":true,""termination_reason"":""two_core_entries""},{""speed_m_per_s"":1.54296875,""trapped"":true,""termination_reason"":""bounded_core_residence""},{""speed_m_per_s"":1.8359375,""trapped"":true,""termination_reason"":""bounded_core_residence""}]","[{""speed_m_per_s"":1.396484375,""trapped"":true,""termination_reason"":""two_core_entries""},{""speed_m_per_s"":1.54296875,""trapped"":true,""termination_reason"":""bounded_core_residence""},{""speed_m_per_s"":1.8359375,""trapped"":true,""termination_reason"":""bounded_core_residence""}]",0,[],0,[],0,[],0,[],dual_step_research_recovered_boundary,"targeted timeout-node or endpoint evidence changed or remained non-definitive; complete 200 ms coarse/fine searches recovered compatible definitive brackets, and any internally censored nodes were resolved by the bounded adaptive dual-timestep hierarchy",not_applicable,positive scalar capture threshold,False
8,6,True,2,"[0.0,0.25]",0.2,5e-06,2.5e-06,0,[],0.0,0.0,0.0,1.25,1.5,two_core_entries,escaped,0.0,1.25,1.25,1.25,1.5,1.25,1.5,two_core_entries,escaped,two_core_entries,escaped,[],[],0,[],0,[],0,[],0,[],zero_threshold_grid_resolved_capture,"base-search timeout evidence was superseded by the complete dual-timestep zero-threshold audit, including adaptive node-only escalation where required",grid_resolved_capture,dual-timestep direct grid recovered a contiguous zero-origin capture boundary,False
8,7,True,1,[0.0],0.2,5e-06,2.5e-06,0,[],0.0,0.0,0.0,1.75,2.0,two_core_entries,escaped,0.0,1.75,1.75,1.75,2.0,1.75,2.0,two_core_entries,escaped,two_core_entries,escaped,[],[],0,[],0,[],0,[],0,[],zero_threshold_grid_resolved_capture,"base-search timeout evidence was superseded by the complete dual-timestep zero-threshold audit, including adaptive node-only escalation where required",grid_resolved_capture,dual-timestep direct grid recovered a contiguous zero-origin capture boundary,False
8,8,True,2,"[1.689453125,1.8359375]",0.2,5e-06,2.5e-06,0,[],0.0,0.0,0.0,1.689453125,1.8359375,bounded_core_residence,escaped,1.54296875,1.689453125,1.689453125,1.689453125,1.8359375,1.689453125,1.8359375,bounded_core_residence,escaped,bounded_core_residence,escaped,"[{""speed_m_per_s"":1.689453125,""trapped"":true,""termination_reason"":""bounded_core_residence""},{""speed_m_per_s"":1.8359375,""trapped"":false,""termination_reason"":""escaped""}]","[{""speed_m_per_s"":1.689453125,""trapped"":true,""termination_reason"":""bounded_core_residence""},{""speed_m_per_s"":1.8359375,""trapped"":false,""termination_reason"":""escaped""}]",0,[],0,[],0,[],0,[],dual_step_research_recovered_boundary,"targeted timeout-node or endpoint evidence changed or remained non-definitive; complete 200 ms coarse/fine searches recovered compatible definitive brackets, and any internally censored nodes were resolved by the bounded adaptive dual-timestep hierarchy",not_applicable,positive scalar capture threshold,False
8,9,True,2,"[1.23046875,1.25]",0.2,5e-06,2.5e-06,0,[],0.0,0.0,0.0,1.396484375,1.54296875,two_core_entries,escaped,1.0791015625,1.396484375,1.396484375,1.396484375,1.54296875,1.396484375,1.54296875,two_core_entries,escaped,two_core_entries,escaped,"[{""speed_m_per_s"":1.23046875,""trapped"":true,""termination_reason"":""two_core_entries""},{""speed_m_per_s"":1.25,""trapped"":true,""termination_reason"":""two_core_entries""}]","[{""speed_m_per_s"":1.23046875,""trapped"":true,""termination_reason"":""two_core_entries""},{""speed_m_per_s"":1.25,""trapped"":true,""termination_reason"":""two_core_entries""}]",0,[],0,[],0,[],0,[],dual_step_research_recovered_boundary,"targeted timeout-node or endpoint evidence changed or remained non-definitive; complete 200 ms coarse/fine searches recovered compatible definitive brackets, and any internally censored nodes were resolved by the bounded adaptive dual-timestep hierarchy",not_applicable,positive scalar capture threshold,False
8,10,True,2,"[0.0,0.25]",0.2,5e-06,2.5e-06,0,[],0.0,0.0,0.0,1.5,1.75,two_core_entries,escaped,0.0,1.5,1.5,1.5,1.75,1.5,1.75,two_core_entries,escaped,two_core_entries,escaped,[],[],0,[],0,[],0,[],0,[],zero_threshold_grid_resolved_capture,"base-search timeout evidence was superseded by the complete dual-timestep zero-threshold audit, including adaptive node-only escalation where required",grid_resolved_capture,dual-timestep direct grid recovered a contiguous zero-origin capture boundary,False
8,11,True,2,"[0.0,0.25]",0.2,5e-06,2.5e-06,0,[],0.0,0.0,0.0,0.0,1.5,escaped,escaped,0.0,0.0,0.0,0.0,1.5,0.0,1.5,escaped,escaped,escaped,escaped,[],[],0,[],0,[],0,[],0,[],zero_threshold_velocity_resolved_capture,"base-search timeout evidence was superseded by the complete dual-timestep zero-threshold audit, including adaptive node-only escalation where required",velocity_resolved_capture,nonmonotone finite-speed capture retained as a direct boolean mask,True
8,12,True,4,"[0.7763671875,0.927734375,1.23046875,1.25]",0.2,5e-06,2.5e-06,0,[],0.0,0.0,0.0,1.0791015625,1.23046875,two_core_entries,escaped,0.625,1.0791015625,1.0791015625,1.0791015625,1.23046875,1.0791015625,1.23046875,two_core_entries,escaped,two_core_entries,escaped,"[{""speed_m_per_s"":0.7763671875,""trapped"":true,""termination_reason"":""bounded_core_residence""},{""speed_m_per_s"":0.927734375,""trapped"":true,""termination_reason"":""two_core_entries""},{""speed_m_per_s"":1.23046875,""trapped"":false,""termination_reason"":""escaped""},{""speed_m_per_s"":1.25,""trapped"":false,""termination_reason"":""escaped""}]","[{""speed_m_per_s"":0.7763671875,""trapped"":true,""termination_reason"":""bounded_core_residence""},{""speed_m_per_s"":0.927734375,""trapped"":true,""termination_reason"":""two_core_entries""},{""speed_m_per_s"":1.23046875,""trapped"":false,""termination_reason"":""escaped""},{""speed_m_per_s"":1.25,""trapped"":false,""termination_reason"":""escaped""}]",0,[],0,[],0,[],0,[],dual_step_research_recovered_boundary,"targeted timeout-node or endpoint evidence changed or remained non-definitive; complete 200 ms coarse/fine searches recovered compatible definitive brackets, and any internally censored nodes were resolved by the bounded adaptive dual-timestep hierarchy",not_applicable,positive scalar capture threshold,False
8,13,True,2,"[1.396484375,1.54296875]",0.2,5e-06,2.5e-06,0,[],0.0,0.0,0.0,1.54296875,1.689453125,two_core_entries,escaped,1.25,1.54296875,1.54296875,1.54296875,1.689453125,1.54296875,1.689453125,two_core_entries,escaped,two_core_entries,escaped,"[{""speed_m_per_s"":1.396484375,""trapped"":true,""termination_reason"":""bounded_core_residence""},{""speed_m_per_s"":1.54296875,""trapped"":true,""termination_reason"":""two_core_entries""}]","[{""speed_m_per_s"":1.396484375,""trapped"":true,""termination_reason"":""bounded_core_residence""},{""speed_m_per_s"":1.54296875,""trapped"":true,""termination_reason"":""two_core_entries""}]",0,[],0,[],0,[],0,[],dual_step_research_recovered_boundary,"targeted timeout-node or endpoint evidence changed or remained non-definitive; complete 200 ms coarse/fine searches recovered compatible definitive brackets, and any internally censored nodes were resolved by the bounded adaptive dual-timestep hierarchy",not_applicable,positive scalar capture threshold,False
8,14,True,2,"[1.23046875,1.25]",0.2,5e-06,2.5e-06,0,[],0.0,0.0,0.0,1.54296875,1.689453125,two_core_entries,escaped,1.0791015625,1.54296875,1.54296875,1.54296875,1.689453125,1.54296875,1.689453125,two_core_entries,escaped,two_core_entries,escaped,"[{""speed_m_per_s"":1.23046875,""trapped"":true,""termination_reason"":""bounded_core_residence""},{""speed_m_per_s"":1.25,""trapped"":true,""termination_reason"":""bounded_core_residence""}]","[{""speed_m_per_s"":1.23046875,""trapped"":true,""termination_reason"":""bounded_core_residence""},{""speed_m_per_s"":1.25,""trapped"":true,""termination_reason"":""bounded_core_residence""}]",0,[],0,[],0,[],0,[],dual_step_research_recovered_boundary,"targeted timeout-node or endpoint evidence changed or remained non-definitive; complete 200 ms coarse/fine searches recovered compatible definitive brackets, and any internally censored nodes were resolved by the bounded adaptive dual-timestep hierarchy",not_applicable,positive scalar capture threshold,False
8,15,True,2,"[0.0,0.25]",0.2,5e-06,2.5e-06,0,[],0.0,0.0,0.0,1.0,1.25,two_core_entries,escaped,0.0,1.0,1.0,1.0,1.25,1.0,1.25,two_core_entries,escaped,two_core_entries,escaped,[],[],0,[],0,[],0,[],0,[],zero_threshold_grid_resolved_capture,"base-search timeout evidence was superseded by the complete dual-timestep zero-threshold audit, including adaptive node-only escalation where required",grid_resolved_capture,dual-timestep direct grid recovered a contiguous zero-origin capture boundary,False
8,16,True,3,"[0.3125,0.625,1.25]",0.2,5e-06,2.5e-06,0,[],0.0,0.0,0.0,1.25,1.396484375,two_core_entries,escaped,0.15625,1.25,1.25,1.25,1.396484375,1.25,1.396484375,two_core_entries,escaped,two_core_entries,escaped,"[{""speed_m_per_s"":0.3125,""trapped"":true,""termination_reason"":""bounded_core_residence""},{""speed_m_per_s"":0.625,""trapped"":true,""termination_reason"":""bounded_core_residence""},{""speed_m_per_s"":1.25,""trapped"":true,""termination_reason"":""two_core_entries""}]","[{""speed_m_per_s"":0.3125,""trapped"":true,""termination_reason"":""bounded_core_residence""},{""speed_m_per_s"":0.625,""trapped"":true,""termination_reason"":""bounded_core_residence""},{""speed_m_per_s"":1.25,""trapped"":true,""termination_reason"":""two_core_entries""}]",0,[],0,[],0,[],0,[],dual_step_research_recovered_boundary,"targeted timeout-node or endpoint evidence changed or remained non-definitive; complete 200 ms coarse/fine searches recovered compatible definitive brackets, and any internally censored nodes were resolved by the bounded adaptive dual-timestep hierarchy",not_applicable,positive scalar capture threshold,False
8,17,True,1,[0.0],0.2,5e-06,2.5e-06,0,[],0.0,0.0,0.0,1.25,1.5,bounded_core_residence,escaped,0.0,1.25,1.25,1.25,1.5,1.25,1.5,bounded_core_residence,escaped,bounded_core_residence,escaped,[],[],0,[],0,[],0,[],0,[],zero_threshold_grid_resolved_capture,"base-search timeout evidence was superseded by the complete dual-timestep zero-threshold audit, including adaptive node-only escalation where required",grid_resolved_capture,dual-timestep direct grid recovered a contiguous zero-origin capture boundary,False
8,18,True,3,"[0.927734375,1.23046875,1.25]",0.2,5e-06,2.5e-06,0,[],0.0,0.0,0.0,1.25,1.396484375,bounded_core_residence,escaped,0.7763671875,1.25,1.25,1.25,1.396484375,1.25,1.396484375,bounded_core_residence,escaped,bounded_core_residence,escaped,"[{""speed_m_per_s"":0.927734375,""trapped"":true,""termination_reason"":""bounded_core_residence""},{""speed_m_per_s"":1.23046875,""trapped"":true,""termination_reason"":""bounded_core_residence""},{""speed_m_per_s"":1.25,""trapped"":true,""termination_reason"":""bounded_core_residence""}]","[{""speed_m_per_s"":0.927734375,""trapped"":true,""termination_reason"":""bounded_core_residence""},{""speed_m_per_s"":1.23046875,""trapped"":true,""termination_reason"":""bounded_core_residence""},{""speed_m_per_s"":1.25,""trapped"":true,""termination_reason"":""bounded_core_residence""}]",0,[],0,[],0,[],0,[],dual_step_research_recovered_boundary,"targeted timeout-node or endpoint evidence changed or remained non-definitive; complete 200 ms coarse/fine searches recovered compatible definitive brackets, and any internally censored nodes were resolved by the bounded adaptive dual-timestep hierarchy",not_applicable,positive scalar capture threshold,False
8,19,True,3,"[0.3125,0.625,1.25]",0.2,5e-06,2.5e-06,0,[],0.0,0.0,0.0,1.54296875,1.689453125,bounded_core_residence,escaped,0.15625,1.54296875,1.54296875,1.54296875,1.689453125,1.54296875,1.689453125,bounded_core_residence,escaped,bounded_core_residence,escaped,"[{""speed_m_per_s"":0.3125,""trapped"":true,""termination_reason"":""bounded_core_residence""},{""speed_m_per_s"":0.625,""trapped"":true,""termination_reason"":""bounded_core_residence""},{""speed_m_per_s"":1.25,""trapped"":true,""termination_reason"":""bounded_core_residence""}]","[{""speed_m_per_s"":0.3125,""trapped"":true,""termination_reason"":""bounded_core_residence""},{""speed_m_per_s"":0.625,""trapped"":true,""termination_reason"":""bounded_core_residence""},{""speed_m_per_s"":1.25,""trapped"":true,""termination_reason"":""bounded_core_residence""}]",0,[],0,[],0,[],0,[],dual_step_research_recovered_boundary,"targeted timeout-node or endpoint evidence changed or remained non-definitive; complete 200 ms coarse/fine searches recovered compatible definitive brackets, and any internally censored nodes were resolved by the bounded adaptive dual-timestep hierarchy",not_applicable,positive scalar capture threshold,False
8,20,True,3,"[1.0791015625,1.23046875,1.25]",0.2,5e-06,2.5e-06,0,[],0.0,0.0,0.0,1.25,1.396484375,two_core_entries,escaped,0.927734375,1.25,1.25,1.25,1.396484375,1.25,1.396484375,two_core_entries,escaped,two_core_entries,escaped,"[{""speed_m_per_s"":1.0791015625,""trapped"":true,""termination_reason"":""two_core_entries""},{""speed_m_per_s"":1.23046875,""trapped"":true,""termination_reason"":""two_core_entries""},{""speed_m_per_s"":1.25,""trapped"":true,""termination_reason"":""two_core_entries""}]","[{""speed_m_per_s"":1.0791015625,""trapped"":true,""termination_reason"":""two_core_entries""},{""speed_m_per_s"":1.23046875,""trapped"":true,""termination_reason"":""two_core_entries""},{""speed_m_per_s"":1.25,""trapped"":true,""termination_reason"":""two_core_entries""}]",0,[],0,[],0,[],0,[],dual_step_research_recovered_boundary,"targeted timeout-node or endpoint evidence changed or remained non-definitive; complete 200 ms coarse/fine searches recovered compatible definitive brackets, and any internally censored nodes were resolved by the bounded adaptive dual-timestep hierarchy",not_applicable,positive scalar capture threshold,False
8,21,True,2,"[0.0,0.25]",0.2,5e-06,2.5e-06,0,[],0.0,0.0,0.0,1.0,1.25,bounded_core_residence,escaped,0.0,1.0,1.0,1.0,1.25,1.0,1.25,bounded_core_residence,escaped,bounded_core_residence,escaped,[],[],0,[],0,[],0,[],0,[],zero_threshold_grid_resolved_capture,"base-search timeout evidence was superseded by the complete dual-timestep zero-threshold audit, including adaptive node-only escalation where required",grid_resolved_capture,dual-timestep direct grid recovered a contiguous zero-origin capture boundary,False
8,22,True,2,"[0.0,0.25]",0.2,5e-06,2.5e-06,0,[],0.0,0.0,0.0,1.0,1.25,bounded_core_residence,escaped,0.0,1.0,1.0,1.0,1.25,1.0,1.25,bounded_core_residence,escaped,bounded_core_residence,escaped,[],[],0,[],0,[],0,[],0,[],zero_threshold_grid_resolved_capture,"base-search timeout evidence was superseded by the complete dual-timestep zero-threshold audit, including adaptive node-only escalation where required",grid_resolved_capture,dual-timestep direct grid recovered a contiguous zero-origin capture boundary,False
8,23,True,2,"[0.0,0.25]",0.2,5e-06,2.5e-06,0,[],0.0,0.0,0.0,1.5,1.75,two_core_entries,escaped,0.0,1.5,1.5,1.5,1.75,1.5,1.75,two_core_entries,escaped,two_core_entries,escaped,[],[],0,[],0,[],0,[],0,[],zero_threshold_grid_resolved_capture,"base-search timeout evidence was superseded by the complete dual-timestep zero-threshold audit, including adaptive node-only escalation where required",grid_resolved_capture,dual-timestep direct grid recovered a contiguous zero-origin capture boundary,False
8,24,True,2,"[0.0,0.25]",0.2,5e-06,2.5e-06,0,[],0.0,0.0,0.0,0.0,0.25,escaped,escaped,0.0,0.0,0.0,0.0,0.25,0.0,0.25,escaped,escaped,escaped,escaped,[],[],0,[],0,[],0,[],0,[],zero_threshold_velocity_resolved_capture,"base-search timeout evidence was superseded by the complete dual-timestep zero-threshold audit, including adaptive node-only escalation where required",velocity_resolved_capture,nonmonotone finite-speed capture retained as a direct boolean mask,True
9,0,True,1,[0.0],0.2,5e-06,2.5e-06,0,[],0.0,0.0,0.0,1.5,1.75,bounded_core_residence,escaped,0.0,1.5,1.5,1.5,1.75,1.5,1.75,bounded_core_residence,escaped,bounded_core_residence,escaped,[],[],0,[],0,[],0,[],0,[],zero_threshold_grid_resolved_capture,"base-search timeout evidence was superseded by the complete dual-timestep zero-threshold audit, including adaptive node-only escalation where required",grid_resolved_capture,dual-timestep direct grid recovered a contiguous zero-origin capture boundary,False
9,1,True,3,"[1.0791015625,1.23046875,1.25]",0.2,5e-06,2.5e-06,0,[],0.0,0.0,0.0,1.25,1.396484375,two_core_entries,escaped,0.927734375,1.25,1.25,1.25,1.396484375,1.25,1.396484375,two_core_entries,escaped,two_core_entries,escaped,"[{""speed_m_per_s"":1.0791015625,""trapped"":true,""termination_reason"":""two_core_entries""},{""speed_m_per_s"":1.23046875,""trapped"":true,""termination_reason"":""two_core_entries""},{""speed_m_per_s"":1.25,""trapped"":true,""termination_reason"":""two_core_entries""}]","[{""speed_m_per_s"":1.0791015625,""trapped"":true,""termination_reason"":""two_core_entries""},{""speed_m_per_s"":1.23046875,""trapped"":true,""termination_reason"":""two_core_entries""},{""speed_m_per_s"":1.25,""trapped"":true,""termination_reason"":""two_core_entries""}]",0,[],0,[],0,[],0,[],dual_step_research_recovered_boundary,"targeted timeout-node or endpoint evidence changed or remained non-definitive; complete 200 ms coarse/fine searches recovered compatible definitive brackets, and any internally censored nodes were resolved by the bounded adaptive dual-timestep hierarchy",not_applicable,positive scalar capture threshold,False
9,2,True,2,"[0.0,0.25]",0.2,5e-06,2.5e-06,0,[],0.0,0.0,0.0,0.0,1.75,escaped,escaped,0.0,0.0,0.0,0.0,1.75,0.0,1.75,escaped,escaped,escaped,escaped,[],[],0,[],0,[],0,[],0,[],zero_threshold_velocity_resolved_capture,"base-search timeout evidence was superseded by the complete dual-timestep zero-threshold audit, including adaptive node-only escalation where required",velocity_resolved_capture,nonmonotone finite-speed capture retained as a direct boolean mask,True
9,3,False,0,[],0.05,5e-06,5e-06,0,[],0.0,0.0,0.0,0.46630859375,0.6201171875,two_core_entries,escaped,0.46630859375,0.46630859375,0.46630859375,0.46630859375,0.6201171875,0.46630859375,0.6201171875,two_core_entries,escaped,two_core_entries,escaped,[],[],0,[],0,[],0,[],0,[],not_required,base search contained no timeout,not_applicable,positive scalar capture threshold,False
9,4,True,1,[0.25],0.2,5e-06,2.5e-06,0,[],0.0,0.0,0.0,0.0,0.25,escaped,escaped,0.0,0.0,0.0,0.0,0.25,0.0,0.25,escaped,escaped,escaped,escaped,[],[],0,[],0,[],0,[],0,[],zero_threshold_velocity_resolved_capture,"base-search timeout evidence was superseded by the complete dual-timestep zero-threshold audit, including adaptive node-only escalation where required",velocity_resolved_capture,nonmonotone finite-speed capture retained as a direct boolean mask,True
9,5,True,1,[0.0],0.2,5e-06,2.5e-06,0,[],0.0,0.0,0.0,2.5,2.75,two_core_entries,escaped,0.0,2.5,2.5,2.5,2.75,2.5,2.75,two_core_entries,escaped,two_core_entries,escaped,[],[],0,[],0,[],0,[],0,[],zero_threshold_grid_resolved_capture,"base-search timeout evidence was superseded by the complete dual-timestep zero-threshold audit, including adaptive node-only escalation where required",grid_resolved_capture,dual-timestep direct grid recovered a contiguous zero-origin capture boundary,False
9,6,True,2,"[0.0,0.25]",0.2,5e-06,2.5e-06,0,[],0.0,0.0,0.0,0.0,1.75,escaped,escaped,0.0,0.0,0.0,0.0,1.75,0.0,1.75,escaped,escaped,escaped,escaped,[],[],0,[],0,[],0,[],0,[],zero_threshold_velocity_resolved_capture,"base-search timeout evidence was superseded by the complete dual-timestep zero-threshold audit, including adaptive node-only escalation where required",velocity_resolved_capture,nonmonotone finite-speed capture retained as a direct boolean mask,True
9,7,True,1,[0.0],0.2,5e-06,2.5e-06,0,[],0.0,0.0,0.0,2.25,2.5,bounded_core_residence,escaped,0.0,2.25,2.25,2.25,2.5,2.25,2.5,bounded_core_residence,escaped,bounded_core_residence,escaped,[],[],0,[],0,[],0,[],0,[],zero_threshold_grid_resolved_capture,"base-search timeout evidence was superseded by the complete dual-timestep zero-threshold audit, including adaptive node-only escalation where required",grid_resolved_capture,dual-timestep direct grid recovered a contiguous zero-origin capture boundary,False
9,8,True,2,"[0.0,0.25]",0.2,5e-06,2.5e-06,0,[],0.0,0.0,0.0,2.0,2.25,two_core_entries,escaped,0.0,2.0,2.0,2.0,2.25,2.0,2.25,two_core_entries,escaped,two_core_entries,escaped,[],[],0,[],0,[],0,[],0,[],zero_threshold_grid_resolved_capture,"base-search timeout evidence was superseded by the complete dual-timestep zero-threshold audit, including adaptive node-only escalation where required",grid_resolved_capture,dual-timestep direct grid recovered a contiguous zero-origin capture boundary,False
9,9,True,1,[0.0],0.2,5e-06,2.5e-06,0,[],0.0,0.0,0.0,0.0,2.0,escaped,escaped,0.0,0.0,0.0,0.0,2.0,0.0,2.0,escaped,escaped,escaped,escaped,[],[],0,[],0,[],0,[],0,[],zero_threshold_velocity_resolved_capture,"base-search timeout evidence was superseded by the complete dual-timestep zero-threshold audit, including adaptive node-only escalation where required",velocity_resolved_capture,nonmonotone finite-speed capture retained as a direct boolean mask,True
9,10,True,1,[0.0],0.2,5e-06,2.5e-06,0,[],0.0,0.0,0.0,0.0,2.5,escaped,escaped,0.0,0.0,0.0,0.0,2.5,0.0,2.5,escaped,escaped,escaped,escaped,[],[],0,[],0,[],0,[],0,[],zero_threshold_velocity_resolved_capture,"base-search timeout evidence was superseded by the complete dual-timestep zero-threshold audit, including adaptive node-only escalation where required",velocity_resolved_capture,nonmonotone finite-speed capture retained as a direct boolean mask,True
9,11,True,2,"[0.0,0.25]",0.2,5e-06,2.5e-06,0,[],0.0,0.0,0.0,0.0,0.25,escaped,escaped,0.0,0.0,0.0,0.0,0.25,0.0,0.25,escaped,escaped,escaped,escaped,[],[],0,[],0,[],0,[],0,[],zero_threshold_velocity_resolved_capture,"base-search timeout evidence was superseded by the complete dual-timestep zero-threshold audit, including adaptive node-only escalation where required",velocity_resolved_capture,nonmonotone finite-speed capture retained as a direct boolean mask,True
9,12,True,1,[1.8359375],0.2,5e-06,2.5e-06,0,[],0.0,0.0,0.0,1.8359375,1.982421875,two_core_entries,escaped,1.689453125,1.8359375,1.8359375,1.8359375,1.982421875,1.8359375,1.982421875,two_core_entries,escaped,two_core_entries,escaped,"[{""speed_m_per_s"":1.8359375,""trapped"":true,""termination_reason"":""two_core_entries""}]","[{""speed_m_per_s"":1.8359375,""trapped"":true,""termination_reason"":""two_core_entries""}]",0,[],0,[],0,[],0,[],dual_step_research_recovered_boundary,"targeted timeout-node or endpoint evidence changed or remained non-definitive; complete 200 ms coarse/fine searches recovered compatible definitive brackets, and any internally censored nodes were resolved by the bounded adaptive dual-timestep hierarchy",not_applicable,positive scalar capture threshold,False
9,13,True,2,"[0.0,0.25]",0.2,5e-06,2.5e-06,0,[],0.0,0.0,0.0,0.0,1.75,escaped,escaped,0.0,0.0,0.0,0.0,1.75,0.0,1.75,escaped,escaped,escaped,escaped,[],[],0,[],0,[],0,[],0,[],zero_threshold_velocity_resolved_capture,"base-search timeout evidence was superseded by the complete dual-timestep zero-threshold audit, including adaptive node-only escalation where required",velocity_resolved_capture,nonmonotone finite-speed capture retained as a direct boolean mask,True
9,14,True,1,[0.0],0.2,5e-06,2.5e-06,0,[],0.0,0.0,0.0,1.5,1.75,two_core_entries,escaped,0.0,1.5,1.5,1.5,1.75,1.5,1.75,two_core_entries,escaped,two_core_entries,escaped,[],[],0,[],0,[],0,[],0,[],zero_threshold_grid_resolved_capture,"base-search timeout evidence was superseded by the complete dual-timestep zero-threshold audit, including adaptive node-only escalation where required",grid_resolved_capture,dual-timestep direct grid recovered a contiguous zero-origin capture boundary,False
9,15,True,2,"[0.0,0.25]",0.2,5e-06,2.5e-06,0,[],0.0,0.0,0.0,0.0,1.5,escaped,escaped,0.0,0.0,0.0,0.0,1.5,0.0,1.5,escaped,escaped,escaped,escaped,[],[],0,[],0,[],0,[],0,[],zero_threshold_velocity_resolved_capture,"base-search timeout evidence was superseded by the complete dual-timestep zero-threshold audit, including adaptive node-only escalation where required",velocity_resolved_capture,nonmonotone finite-speed capture retained as a direct boolean mask,True
9,16,True,1,[1.0791015625],0.2,5e-06,2.5e-06,0,[],0.0,0.0,0.0,1.0791015625,1.23046875,two_core_entries,escaped,0.927734375,1.0791015625,1.0791015625,1.0791015625,1.23046875,1.0791015625,1.23046875,two_core_entries,escaped,two_core_entries,escaped,"[{""speed_m_per_s"":1.0791015625,""trapped"":true,""termination_reason"":""two_core_entries""}]","[{""speed_m_per_s"":1.0791015625,""trapped"":true,""termination_reason"":""two_core_entries""}]",0,[],0,[],0,[],0,[],dual_step_research_recovered_boundary,"targeted timeout-node or endpoint evidence changed or remained non-definitive; complete 200 ms coarse/fine searches recovered compatible definitive brackets, and any internally censored nodes were resolved by the bounded adaptive dual-timestep hierarchy",not_applicable,positive scalar capture threshold,False
9,17,True,2,"[0.0,0.25]",0.2,5e-06,2.5e-06,0,[],0.0,0.0,0.0,1.75,2.0,two_core_entries,escaped,0.0,1.75,1.75,1.75,2.0,1.75,2.0,two_core_entries,escaped,two_core_entries,escaped,[],[],0,[],0,[],0,[],0,[],zero_threshold_grid_resolved_capture,"base-search timeout evidence was superseded by the complete dual-timestep zero-threshold audit, including adaptive node-only escalation where required",grid_resolved_capture,dual-timestep direct grid recovered a contiguous zero-origin capture boundary,False
9,18,True,2,"[0.0,0.25]",0.2,5e-06,2.5e-06,0,[],0.0,0.0,0.0,1.5,1.75,two_core_entries,escaped,0.0,1.5,1.5,1.5,1.75,1.5,1.75,two_core_entries,escaped,two_core_entries,escaped,[],[],0,[],0,[],0,[],0,[],zero_threshold_grid_resolved_capture,"base-search timeout evidence was superseded by the complete dual-timestep zero-threshold audit, including adaptive node-only escalation where required",grid_resolved_capture,dual-timestep direct grid recovered a contiguous zero-origin capture boundary,False
9,19,True,3,"[0.927734375,1.23046875,1.25]",0.2,5e-06,2.5e-06,0,[],0.0,0.0,0.0,1.25,1.396484375,two_core_entries,escaped,0.7763671875,1.25,1.25,1.25,1.396484375,1.25,1.396484375,two_core_entries,escaped,two_core_entries,escaped,"[{""speed_m_per_s"":0.927734375,""trapped"":true,""termination_reason"":""bounded_core_residence""},{""speed_m_per_s"":1.23046875,""trapped"":true,""termination_reason"":""two_core_entries""},{""speed_m_per_s"":1.25,""trapped"":true,""termination_reason"":""two_core_entries""}]","[{""speed_m_per_s"":0.927734375,""trapped"":true,""termination_reason"":""bounded_core_residence""},{""speed_m_per_s"":1.23046875,""trapped"":true,""termination_reason"":""two_core_entries""},{""speed_m_per_s"":1.25,""trapped"":true,""termination_reason"":""two_core_entries""}]",0,[],0,[],0,[],0,[],dual_step_research_recovered_boundary,"targeted timeout-node or endpoint evidence changed or remained non-definitive; complete 200 ms coarse/fine searches recovered compatible definitive brackets, and any internally censored nodes were resolved by the bounded adaptive dual-timestep hierarchy",not_applicable,positive scalar capture threshold,False
9,20,True,2,"[0.0,0.25]",0.2,5e-06,2.5e-06,0,[],0.0,0.0,0.0,1.0,1.25,bounded_core_residence,escaped,0.0,1.0,1.0,1.0,1.25,1.0,1.25,bounded_core_residence,escaped,bounded_core_residence,escaped,[],[],0,[],0,[],0,[],0,[],zero_threshold_grid_resolved_capture,"base-search timeout evidence was superseded by the complete dual-timestep zero-threshold audit, including adaptive node-only escalation where required",grid_resolved_capture,dual-timestep direct grid recovered a contiguous zero-origin capture boundary,False
9,21,True,1,[0.0],0.2,5e-06,2.5e-06,0,[],0.0,0.0,0.0,2.5,2.75,two_core_entries,escaped,0.0,2.5,2.5,2.5,2.75,2.5,2.75,two_core_entries,escaped,two_core_entries,escaped,[],[],0,[],0,[],0,[],0,[],zero_threshold_grid_resolved_capture,"base-search timeout evidence was superseded by the complete dual-timestep zero-threshold audit, including adaptive node-only escalation where required",grid_resolved_capture,dual-timestep direct grid recovered a contiguous zero-origin capture boundary,False
9,22,True,1,[0.927734375],0.2,5e-06,2.5e-06,0,[],0.0,0.0,0.0,0.927734375,1.0791015625,two_core_entries,escaped,0.7763671875,0.927734375,0.927734375,0.927734375,1.0791015625,0.927734375,1.0791015625,two_core_entries,escaped,two_core_entries,escaped,"[{""speed_m_per_s"":0.927734375,""trapped"":true,""termination_reason"":""two_core_entries""}]","[{""speed_m_per_s"":0.927734375,""trapped"":true,""termination_reason"":""two_core_entries""}]",0,[],0,[],0,[],0,[],dual_step_research_recovered_boundary,"targeted timeout-node or endpoint evidence changed or remained non-definitive; complete 200 ms coarse/fine searches recovered compatible definitive brackets, and any internally censored nodes were resolved by the bounded adaptive dual-timestep hierarchy",not_applicable,positive scalar capture threshold,False
9,23,True,1,[0.0],0.2,5e-06,2.5e-06,0,[],0.0,0.0,0.0,2.5,2.75,bounded_core_residence,escaped,0.0,2.5,2.5,2.5,2.75,2.5,2.75,bounded_core_residence,escaped,bounded_core_residence,escaped,[],[],0,[],0,[],0,[],0,[],zero_threshold_grid_resolved_capture,"base-search timeout evidence was superseded by the complete dual-timestep zero-threshold audit, including adaptive node-only escalation where required",grid_resolved_capture,dual-timestep direct grid recovered a contiguous zero-origin capture boundary,False
9,24,True,2,"[0.0,0.25]",0.2,5e-06,2.5e-06,0,[],0.0,0.0,0.0,2.0,2.25,two_core_entries,escaped,0.0,2.0,2.0,2.0,2.25,2.0,2.25,two_core_entries,escaped,two_core_entries,escaped,[],[],0,[],0,[],0,[],0,[],zero_threshold_grid_resolved_capture,"base-search timeout evidence was superseded by the complete dual-timestep zero-threshold audit, including adaptive node-only escalation where required",grid_resolved_capture,dual-timestep direct grid recovered a contiguous zero-origin capture boundary,False
10,0,True,1,[0.0],0.2,5e-06,2.5e-06,0,[],0.0,0.0,0.0,1.5,1.75,bounded_core_residence,escaped,0.0,1.5,1.5,1.5,1.75,1.5,1.75,bounded_core_residence,escaped,bounded_core_residence,escaped,[],[],0,[],0,[],0,[],0,[],zero_threshold_grid_resolved_capture,"base-search timeout evidence was superseded by the complete dual-timestep zero-threshold audit, including adaptive node-only escalation where required",grid_resolved_capture,dual-timestep direct grid recovered a contiguous zero-origin capture boundary,False
10,1,True,2,"[0.0,0.25]",0.2,5e-06,2.5e-06,0,[],0.0,0.0,0.0,0.0,1.75,escaped,escaped,0.0,0.0,0.0,0.0,1.75,0.0,1.75,escaped,escaped,escaped,escaped,[],[],0,[],0,[],0,[],0,[],zero_threshold_velocity_resolved_capture,"base-search timeout evidence was superseded by the complete dual-timestep zero-threshold audit, including adaptive node-only escalation where required",velocity_resolved_capture,nonmonotone finite-speed capture retained as a direct boolean mask,True
10,2,True,1,[2.12890625],0.2,5e-06,2.5e-06,0,[],0.0,0.0,0.0,2.12890625,2.275390625,two_core_entries,escaped,1.982421875,2.12890625,2.12890625,2.12890625,2.275390625,2.12890625,2.275390625,two_core_entries,escaped,two_core_entries,escaped,"[{""speed_m_per_s"":2.12890625,""trapped"":true,""termination_reason"":""two_core_entries""}]","[{""speed_m_per_s"":2.12890625,""trapped"":true,""termination_reason"":""two_core_entries""}]",0,[],0,[],0,[],0,[],dual_step_research_recovered_boundary,"targeted timeout-node or endpoint evidence changed or remained non-definitive; complete 200 ms coarse/fine searches recovered compatible definitive brackets, and any internally censored nodes were resolved by the bounded adaptive dual-timestep hierarchy",not_applicable,positive scalar capture threshold,False
10,3,True,1,[0.0],0.2,5e-06,2.5e-06,0,[],0.0,0.0,0.0,1.5,1.75,bounded_core_residence,escaped,0.0,1.5,1.5,1.5,1.75,1.5,1.75,bounded_core_residence,escaped,bounded_core_residence,escaped,[],[],0,[],0,[],0,[],0,[],zero_threshold_grid_resolved_capture,"base-search timeout evidence was superseded by the complete dual-timestep zero-threshold audit, including adaptive node-only escalation where required",grid_resolved_capture,dual-timestep direct grid recovered a contiguous zero-origin capture boundary,False
10,4,True,2,"[0.0,0.25]",0.2,5e-06,2.5e-06,0,[],0.0,0.0,0.0,0.0,1.5,escaped,escaped,0.0,0.0,0.0,0.0,1.5,0.0,1.5,escaped,escaped,escaped,escaped,[],[],0,[],0,[],0,[],0,[],zero_threshold_velocity_resolved_capture,"base-search timeout evidence was superseded by the complete dual-timestep zero-threshold audit, including adaptive node-only escalation where required",velocity_resolved_capture,nonmonotone finite-speed capture retained as a direct boolean mask,True
10,5,True,1,[2.12890625],0.2,5e-06,2.5e-06,0,[],0.0,0.0,0.0,2.12890625,2.275390625,bounded_core_residence,escaped,1.982421875,2.12890625,2.12890625,2.12890625,2.275390625,2.12890625,2.275390625,bounded_core_residence,escaped,bounded_core_residence,escaped,"[{""speed_m_per_s"":2.12890625,""trapped"":true,""termination_reason"":""bounded_core_residence""}]","[{""speed_m_per_s"":2.12890625,""trapped"":true,""termination_reason"":""bounded_core_residence""}]",0,[],0,[],0,[],0,[],dual_step_research_recovered_boundary,"targeted timeout-node or endpoint evidence changed or remained non-definitive; complete 200 ms coarse/fine searches recovered compatible definitive brackets, and any internally censored nodes were resolved by the bounded adaptive dual-timestep hierarchy",not_applicable,positive scalar capture threshold,False
10,6,True,2,"[0.0,0.25]",0.2,5e-06,2.5e-06,0,[],0.0,0.0,0.0,1.0,1.25,two_core_entries,escaped,0.0,1.0,1.0,1.0,1.25,1.0,1.25,two_core_entries,escaped,two_core_entries,escaped,[],[],0,[],0,[],0,[],0,[],zero_threshold_grid_resolved_capture,"base-search timeout evidence was superseded by the complete dual-timestep zero-threshold audit, including adaptive node-only escalation where required",grid_resolved_capture,dual-timestep direct grid recovered a contiguous zero-origin capture boundary,False
10,7,True,2,"[0.0,0.25]",0.2,5e-06,2.5e-06,0,[],0.0,0.0,0.0,1.0,1.25,two_core_entries,escaped,0.0,1.0,1.0,1.0,1.25,1.0,1.25,two_core_entries,escaped,two_core_entries,escaped,[],[],0,[],0,[],0,[],0,[],zero_threshold_grid_resolved_capture,"base-search timeout evidence was superseded by the complete dual-timestep zero-threshold audit, including adaptive node-only escalation where required",grid_resolved_capture,dual-timestep direct grid recovered a contiguous zero-origin capture boundary,False
10,8,True,2,"[0.0,0.25]",0.2,5e-06,2.5e-06,0,[],0.0,0.0,0.0,1.25,1.5,two_core_entries,escaped,0.0,1.25,1.25,1.25,1.5,1.25,1.5,two_core_entries,escaped,two_core_entries,escaped,[],[],0,[],0,[],0,[],0,[],zero_threshold_grid_resolved_capture,"base-search timeout evidence was superseded by the complete dual-timestep zero-threshold audit, including adaptive node-only escalation where required",grid_resolved_capture,dual-timestep direct grid recovered a contiguous zero-origin capture boundary,False
10,9,True,2,"[0.0,0.25]",0.2,5e-06,2.5e-06,0,[],0.0,0.0,0.0,0.0,1.0,escaped,escaped,0.0,0.0,0.0,0.0,1.0,0.0,1.0,escaped,escaped,escaped,escaped,[],[],0,[],0,[],0,[],0,[],zero_threshold_velocity_resolved_capture,"base-search timeout evidence was superseded by the complete dual-timestep zero-threshold audit, including adaptive node-only escalation where required",velocity_resolved_capture,nonmonotone finite-speed capture retained as a direct boolean mask,True
10,10,True,2,"[0.0,0.25]",0.2,5e-06,2.5e-06,0,[],0.0,0.0,0.0,1.5,1.75,two_core_entries,escaped,0.0,1.5,1.5,1.5,1.75,1.5,1.75,two_core_entries,escaped,two_core_entries,escaped,[],[],0,[],0,[],0,[],0,[],zero_threshold_grid_resolved_capture,"base-search timeout evidence was superseded by the complete dual-timestep zero-threshold audit, including adaptive node-only escalation where required",grid_resolved_capture,dual-timestep direct grid recovered a contiguous zero-origin capture boundary,False
10,11,True,5,"[2.5,2.568359375,2.71484375,3.0078125,3.59375]",0.2,5e-06,2.5e-06,0,[],0.0,0.0,0.0,4.27734375,4.4140625,two_core_entries,escaped,2.421875,4.27734375,4.27734375,4.27734375,4.4140625,4.27734375,4.4140625,two_core_entries,escaped,two_core_entries,escaped,"[{""speed_m_per_s"":2.5,""trapped"":true,""termination_reason"":""two_core_entries""},{""speed_m_per_s"":2.568359375,""trapped"":true,""termination_reason"":""two_core_entries""},{""speed_m_per_s"":2.71484375,""trapped"":true,""termination_reason"":""two_core_entries""},{""speed_m_per_s"":3.0078125,""trapped"":true,""termination_reason"":""two_core_entries""},{""speed_m_per_s"":3.59375,""trapped"":true,""termination_reason"":""two_core_entries""}]","[{""speed_m_per_s"":2.5,""trapped"":true,""termination_reason"":""two_core_entries""},{""speed_m_per_s"":2.568359375,""trapped"":true,""termination_reason"":""two_core_entries""},{""speed_m_per_s"":2.71484375,""trapped"":true,""termination_reason"":""two_core_entries""},{""speed_m_per_s"":3.0078125,""trapped"":true,""termination_reason"":""two_core_entries""},{""speed_m_per_s"":3.59375,""trapped"":true,""termination_reason"":""two_core_entries""}]",0,[],0,[],0,[],0,[],dual_step_research_recovered_boundary,"targeted timeout-node or endpoint evidence changed or remained non-definitive; complete 200 ms coarse/fine searches recovered compatible definitive brackets, and any internally censored nodes were resolved by the bounded adaptive dual-timestep hierarchy",not_applicable,positive scalar capture threshold,False
10,12,True,4,"[0.15625,0.3125,0.625,1.25]",0.2,5e-06,2.5e-06,0,[],0.0,0.0,0.0,1.25,1.5,two_core_entries,escaped,0.0,1.25,1.25,1.25,1.5,1.25,1.5,two_core_entries,escaped,two_core_entries,escaped,[],[],0,[],0,[],0,[],0,[],zero_threshold_grid_resolved_capture,"base-search timeout evidence was superseded by the complete dual-timestep zero-threshold audit, including adaptive node-only escalation where required",grid_resolved_capture,dual-timestep direct grid recovered a contiguous zero-origin capture boundary,False
10,13,True,2,"[0.0,0.25]",0.2,5e-06,2.5e-06,0,[],0.0,0.0,0.0,0.5,0.75,bounded_core_residence,escaped,0.0,0.5,0.5,0.5,0.75,0.5,0.75,bounded_core_residence,escaped,bounded_core_residence,escaped,[],[],0,[],0,[],0,[],0,[],zero_threshold_grid_resolved_capture,"base-search timeout evidence was superseded by the complete dual-timestep zero-threshold audit, including adaptive node-only escalation where required",grid_resolved_capture,dual-timestep direct grid recovered a contiguous zero-origin capture boundary,False
10,14,True,2,"[0.0,0.25]",0.2,5e-06,2.5e-06,0,[],0.0,0.0,0.0,0.0,1.25,escaped,escaped,0.0,0.0,0.0,0.0,1.25,0.0,1.25,escaped,escaped,escaped,escaped,[],[],0,[],0,[],0,[],0,[],zero_threshold_velocity_resolved_capture,"base-search timeout evidence was superseded by the complete dual-timestep zero-threshold audit, including adaptive node-only escalation where required",velocity_resolved_capture,nonmonotone finite-speed capture retained as a direct boolean mask,True
10,15,True,5,"[0.6201171875,0.625,0.927734375,1.25,1.54296875]",0.2,5e-06,2.5e-06,0,[],0.0,0.0,0.0,1.54296875,1.689453125,bounded_core_residence,escaped,0.46630859375,1.54296875,1.54296875,1.54296875,1.689453125,1.54296875,1.689453125,bounded_core_residence,escaped,bounded_core_residence,escaped,"[{""speed_m_per_s"":0.6201171875,""trapped"":true,""termination_reason"":""two_core_entries""},{""speed_m_per_s"":0.625,""trapped"":true,""termination_reason"":""two_core_entries""},{""speed_m_per_s"":0.927734375,""trapped"":true,""termination_reason"":""two_core_entries""},{""speed_m_per_s"":1.25,""trapped"":true,""termination_reason"":""two_core_entries""},{""speed_m_per_s"":1.54296875,""trapped"":true,""termination_reason"":""bounded_core_residence""}]","[{""speed_m_per_s"":0.6201171875,""trapped"":true,""termination_reason"":""two_core_entries""},{""speed_m_per_s"":0.625,""trapped"":true,""termination_reason"":""two_core_entries""},{""speed_m_per_s"":0.927734375,""trapped"":true,""termination_reason"":""two_core_entries""},{""speed_m_per_s"":1.25,""trapped"":true,""termination_reason"":""two_core_entries""},{""speed_m_per_s"":1.54296875,""trapped"":true,""termination_reason"":""bounded_core_residence""}]",0,[],0,[],0,[],0,[],dual_step_research_recovered_boundary,"targeted timeout-node or endpoint evidence changed or remained non-definitive; complete 200 ms coarse/fine searches recovered compatible definitive brackets, and any internally censored nodes were resolved by the bounded adaptive dual-timestep hierarchy",not_applicable,positive scalar capture threshold,False
10,16,True,2,"[0.0,0.25]",0.2,5e-06,2.5e-06,0,[],0.0,0.0,0.0,1.0,1.25,two_core_entries,escaped,0.0,1.0,1.0,1.0,1.25,1.0,1.25,two_core_entries,escaped,two_core_entries,escaped,[],[],0,[],0,[],0,[],0,[],zero_threshold_grid_resolved_capture,"base-search timeout evidence was superseded by the complete dual-timestep zero-threshold audit, including adaptive node-only escalation where required",grid_resolved_capture,dual-timestep direct grid recovered a contiguous zero-origin capture boundary,False
10,17,True,5,"[0.7763671875,0.927734375,1.23046875,1.25,1.8359375]",0.2,5e-06,2.5e-06,0,[],0.0,0.0,0.0,1.689453125,1.8359375,two_core_entries,escaped,0.625,1.689453125,1.689453125,1.689453125,1.8359375,1.689453125,1.8359375,two_core_entries,escaped,two_core_entries,escaped,"[{""speed_m_per_s"":0.7763671875,""trapped"":true,""termination_reason"":""two_core_entries""},{""speed_m_per_s"":0.927734375,""trapped"":true,""termination_reason"":""bounded_core_residence""},{""speed_m_per_s"":1.23046875,""trapped"":true,""termination_reason"":""bounded_core_residence""},{""speed_m_per_s"":1.25,""trapped"":true,""termination_reason"":""bounded_core_residence""},{""speed_m_per_s"":1.8359375,""trapped"":false,""termination_reason"":""escaped""}]","[{""speed_m_per_s"":0.7763671875,""trapped"":true,""termination_reason"":""two_core_entries""},{""speed_m_per_s"":0.927734375,""trapped"":true,""termination_reason"":""bounded_core_residence""},{""speed_m_per_s"":1.23046875,""trapped"":true,""termination_reason"":""bounded_core_residence""},{""speed_m_per_s"":1.25,""trapped"":true,""termination_reason"":""bounded_core_residence""},{""speed_m_per_s"":1.8359375,""trapped"":false,""termination_reason"":""escaped""}]",0,[],0,[],0,[],0,[],dual_step_research_recovered_boundary,"targeted timeout-node or endpoint evidence changed or remained non-definitive; complete 200 ms coarse/fine searches recovered compatible definitive brackets, and any internally censored nodes were resolved by the bounded adaptive dual-timestep hierarchy",not_applicable,positive scalar capture threshold,False
10,18,True,1,[1.982421875],0.2,5e-06,2.5e-06,0,[],0.0,0.0,0.0,1.982421875,2.12890625,two_core_entries,escaped,1.8359375,1.982421875,1.982421875,1.982421875,2.12890625,1.982421875,2.12890625,two_core_entries,escaped,two_core_entries,escaped,"[{""speed_m_per_s"":1.982421875,""trapped"":true,""termination_reason"":""two_core_entries""}]","[{""speed_m_per_s"":1.982421875,""trapped"":true,""termination_reason"":""two_core_entries""}]",0,[],0,[],0,[],0,[],dual_step_research_recovered_boundary,"targeted timeout-node or endpoint evidence changed or remained non-definitive; complete 200 ms coarse/fine searches recovered compatible definitive brackets, and any internally censored nodes were resolved by the bounded adaptive dual-timestep hierarchy",not_applicable,positive scalar capture threshold,False
10,19,True,1,[0.0],0.2,5e-06,2.5e-06,0,[],0.0,0.0,0.0,2.0,2.25,two_core_entries,escaped,0.0,2.0,2.0,2.0,2.25,2.0,2.25,two_core_entries,escaped,two_core_entries,escaped,[],[],0,[],0,[],0,[],0,[],zero_threshold_grid_resolved_capture,"base-search timeout evidence was superseded by the complete dual-timestep zero-threshold audit, including adaptive node-only escalation where required",grid_resolved_capture,dual-timestep direct grid recovered a contiguous zero-origin capture boundary,False
10,20,True,1,[1.8359375],0.2,5e-06,2.5e-06,0,[],0.0,0.0,0.0,1.8359375,1.982421875,two_core_entries,escaped,1.689453125,1.8359375,1.8359375,1.8359375,1.982421875,1.8359375,1.982421875,two_core_entries,escaped,two_core_entries,escaped,"[{""speed_m_per_s"":1.8359375,""trapped"":true,""termination_reason"":""two_core_entries""}]","[{""speed_m_per_s"":1.8359375,""trapped"":true,""termination_reason"":""two_core_entries""}]",0,[],0,[],0,[],0,[],dual_step_research_recovered_boundary,"targeted timeout-node or endpoint evidence changed or remained non-definitive; complete 200 ms coarse/fine searches recovered compatible definitive brackets, and any internally censored nodes were resolved by the bounded adaptive dual-timestep hierarchy",not_applicable,positive scalar capture threshold,False
10,21,True,3,"[0.3125,0.625,1.25]",0.2,5e-06,2.5e-06,0,[],0.0,0.0,0.0,1.54296875,1.689453125,two_core_entries,escaped,0.15625,1.54296875,1.54296875,1.54296875,1.689453125,1.54296875,1.689453125,two_core_entries,escaped,two_core_entries,escaped,"[{""speed_m_per_s"":0.3125,""trapped"":true,""termination_reason"":""two_core_entries""},{""speed_m_per_s"":0.625,""trapped"":true,""termination_reason"":""bounded_core_residence""},{""speed_m_per_s"":1.25,""trapped"":true,""termination_reason"":""two_core_entries""}]","[{""speed_m_per_s"":0.3125,""trapped"":true,""termination_reason"":""two_core_entries""},{""speed_m_per_s"":0.625,""trapped"":true,""termination_reason"":""bounded_core_residence""},{""speed_m_per_s"":1.25,""trapped"":true,""termination_reason"":""two_core_entries""}]",0,[],0,[],0,[],0,[],dual_step_research_recovered_boundary,"targeted timeout-node or endpoint evidence changed or remained non-definitive; complete 200 ms coarse/fine searches recovered compatible definitive brackets, and any internally censored nodes were resolved by the bounded adaptive dual-timestep hierarchy",not_applicable,positive scalar capture threshold,False
10,22,True,1,[0.0],0.2,5e-06,2.5e-06,0,[],0.0,0.0,0.0,1.25,1.5,two_core_entries,escaped,0.0,1.25,1.25,1.25,1.5,1.25,1.5,two_core_entries,escaped,two_core_entries,escaped,[],[],0,[],0,[],0,[],0,[],zero_threshold_grid_resolved_capture,"base-search timeout evidence was superseded by the complete dual-timestep zero-threshold audit, including adaptive node-only escalation where required",grid_resolved_capture,dual-timestep direct grid recovered a contiguous zero-origin capture boundary,False
10,23,True,2,"[0.0,0.25]",0.2,5e-06,2.5e-06,0,[],0.0,0.0,0.0,0.0,0.25,escaped,escaped,0.0,0.0,0.0,0.0,0.25,0.0,0.25,escaped,escaped,escaped,escaped,[],[],0,[],0,[],0,[],0,[],zero_threshold_confirmed_zero_capture,"base-search timeout evidence was superseded by the complete dual-timestep zero-threshold audit, including adaptive node-only escalation where required",confirmed_zero_capture,dual-timestep direct velocity scan contains no capture,False
10,24,True,2,"[0.0,0.25]",0.2,5e-06,2.5e-06,0,[],0.0,0.0,0.0,0.5,0.75,two_core_entries,escaped,0.0,0.5,0.5,0.5,0.75,0.5,0.75,two_core_entries,escaped,two_core_entries,escaped,[],[],0,[],0,[],0,[],0,[],zero_threshold_grid_resolved_capture,"base-search timeout evidence was superseded by the complete dual-timestep zero-threshold audit, including adaptive node-only escalation where required",grid_resolved_capture,dual-timestep direct grid recovered a contiguous zero-origin capture boundary,False
11,0,True,1,[0.0],0.2,5e-06,2.5e-06,0,[],0.0,0.0,0.0,1.5,1.75,bounded_core_residence,escaped,0.0,1.5,1.5,1.5,1.75,1.5,1.75,bounded_core_residence,escaped,bounded_core_residence,escaped,[],[],0,[],0,[],0,[],0,[],zero_threshold_grid_resolved_capture,"base-search timeout evidence was superseded by the complete dual-timestep zero-threshold audit, including adaptive node-only escalation where required",grid_resolved_capture,dual-timestep direct grid recovered a contiguous zero-origin capture boundary,False
11,1,True,1,[0.0],0.2,5e-06,2.5e-06,0,[],0.0,0.0,0.0,2.5,2.75,bounded_core_residence,escaped,0.0,2.5,2.5,2.5,2.75,2.5,2.75,bounded_core_residence,escaped,bounded_core_residence,escaped,[],[],0,[],0,[],0,[],0,[],zero_threshold_grid_resolved_capture,"base-search timeout evidence was superseded by the complete dual-timestep zero-threshold audit, including adaptive node-only escalation where required",grid_resolved_capture,dual-timestep direct grid recovered a contiguous zero-origin capture boundary,False
11,2,True,1,[0.0],0.2,5e-06,2.5e-06,0,[],0.0,0.0,0.0,2.5,2.75,two_core_entries,escaped,0.0,2.5,2.5,2.5,2.75,2.5,2.75,two_core_entries,escaped,two_core_entries,escaped,[],[],0,[],0,[],0,[],0,[],zero_threshold_grid_resolved_capture,"base-search timeout evidence was superseded by the complete dual-timestep zero-threshold audit, including adaptive node-only escalation where required",grid_resolved_capture,dual-timestep direct grid recovered a contiguous zero-origin capture boundary,False
11,3,True,1,[0.25],0.2,5e-06,2.5e-06,0,[],0.0,0.0,0.0,0.0,0.25,escaped,escaped,0.0,0.0,0.0,0.0,0.25,0.0,0.25,escaped,escaped,escaped,escaped,[],[],0,[],0,[],0,[],0,[],zero_threshold_velocity_resolved_capture,"base-search timeout evidence was superseded by the complete dual-timestep zero-threshold audit, including adaptive node-only escalation where required",velocity_resolved_capture,nonmonotone finite-speed capture retained as a direct boolean mask,True
11,4,True,2,"[0.0,0.25]",0.2,5e-06,2.5e-06,0,[],0.0,0.0,0.0,0.0,1.5,escaped,escaped,0.0,0.0,0.0,0.0,1.5,0.0,1.5,escaped,escaped,escaped,escaped,[],[],0,[],0,[],0,[],0,[],zero_threshold_velocity_resolved_capture,"base-search timeout evidence was superseded by the complete dual-timestep zero-threshold audit, including adaptive node-only escalation where required",velocity_resolved_capture,nonmonotone finite-speed capture retained as a direct boolean mask,True
11,5,True,2,"[1.396484375,1.54296875]",0.2,5e-06,2.5e-06,0,[],0.0,0.0,0.0,1.689453125,1.8359375,two_core_entries,escaped,1.25,1.689453125,1.689453125,1.689453125,1.8359375,1.689453125,1.8359375,two_core_entries,escaped,two_core_entries,escaped,"[{""speed_m_per_s"":1.396484375,""trapped"":true,""termination_reason"":""two_core_entries""},{""speed_m_per_s"":1.54296875,""trapped"":true,""termination_reason"":""two_core_entries""}]","[{""speed_m_per_s"":1.396484375,""trapped"":true,""termination_reason"":""two_core_entries""},{""speed_m_per_s"":1.54296875,""trapped"":true,""termination_reason"":""two_core_entries""}]",0,[],0,[],0,[],0,[],dual_step_research_recovered_boundary,"targeted timeout-node or endpoint evidence changed or remained non-definitive; complete 200 ms coarse/fine searches recovered compatible definitive brackets, and any internally censored nodes were resolved by the bounded adaptive dual-timestep hierarchy",not_applicable,positive scalar capture threshold,False
11,6,True,1,[0.0],0.2,5e-06,2.5e-06,0,[],0.0,0.0,0.0,1.25,1.5,two_core_entries,escaped,0.0,1.25,1.25,1.25,1.5,1.25,1.5,two_core_entries,escaped,two_core_entries,escaped,[],[],0,[],0,[],0,[],0,[],zero_threshold_grid_resolved_capture,"base-search timeout evidence was superseded by the complete dual-timestep zero-threshold audit, including adaptive node-only escalation where required",grid_resolved_capture,dual-timestep direct grid recovered a contiguous zero-origin capture boundary,False
11,7,True,1,[0.927734375],0.2,5e-06,2.5e-06,0,[],0.0,0.0,0.0,0.927734375,1.0791015625,two_core_entries,escaped,0.7763671875,0.927734375,0.927734375,0.927734375,1.0791015625,0.927734375,1.0791015625,two_core_entries,escaped,two_core_entries,escaped,"[{""speed_m_per_s"":0.927734375,""trapped"":true,""termination_reason"":""two_core_entries""}]","[{""speed_m_per_s"":0.927734375,""trapped"":true,""termination_reason"":""two_core_entries""}]",0,[],0,[],0,[],0,[],dual_step_research_recovered_boundary,"targeted timeout-node or endpoint evidence changed or remained non-definitive; complete 200 ms coarse/fine searches recovered compatible definitive brackets, and any internally censored nodes were resolved by the bounded adaptive dual-timestep hierarchy",not_applicable,positive scalar capture threshold,False
11,8,True,2,"[0.0,0.25]",0.2,5e-06,2.5e-06,0,[],0.0,0.0,0.0,0.0,2.0,escaped,escaped,0.0,0.0,0.0,0.0,2.0,0.0,2.0,escaped,escaped,escaped,escaped,[],[],0,[],0,[],0,[],0,[],zero_threshold_velocity_resolved_capture,"base-search timeout evidence was superseded by the complete dual-timestep zero-threshold audit, including adaptive node-only escalation where required",velocity_resolved_capture,nonmonotone finite-speed capture retained as a direct boolean mask,True
11,9,True,1,[0.25],0.2,5e-06,2.5e-06,0,[],0.0,0.0,0.0,0.0,0.25,escaped,escaped,0.0,0.0,0.0,0.0,0.25,0.0,0.25,escaped,escaped,escaped,escaped,[],[],0,[],0,[],0,[],0,[],zero_threshold_velocity_resolved_capture,"base-search timeout evidence was superseded by the complete dual-timestep zero-threshold audit, including adaptive node-only escalation where required",velocity_resolved_capture,nonmonotone finite-speed capture retained as a direct boolean mask,True
11,10,True,2,"[0.0,0.25]",0.2,5e-06,2.5e-06,0,[],0.0,0.0,0.0,0.0,0.25,escaped,escaped,0.0,0.0,0.0,0.0,0.25,0.0,0.25,escaped,escaped,escaped,escaped,[],[],0,[],0,[],0,[],0,[],zero_threshold_velocity_resolved_capture,"base-search timeout evidence was superseded by the complete dual-timestep zero-threshold audit, including adaptive node-only escalation where required",velocity_resolved_capture,nonmonotone finite-speed capture retained as a direct boolean mask,True
11,11,True,1,[0.0],0.2,5e-06,2.5e-06,0,[],0.0,0.0,0.0,2.25,2.5,bounded_core_residence,escaped,0.0,2.25,2.25,2.25,2.5,2.25,2.5,bounded_core_residence,escaped,bounded_core_residence,escaped,[],[],0,[],0,[],0,[],0,[],zero_threshold_grid_resolved_capture,"base-search timeout evidence was superseded by the complete dual-timestep zero-threshold audit, including adaptive node-only escalation where required",grid_resolved_capture,dual-timestep direct grid recovered a contiguous zero-origin capture boundary,False
11,12,True,1,[0.0],0.2,5e-06,2.5e-06,0,[],0.0,0.0,0.0,1.75,2.0,two_core_entries,escaped,0.0,1.75,1.75,1.75,2.0,1.75,2.0,two_core_entries,escaped,two_core_entries,escaped,[],[],0,[],0,[],0,[],0,[],zero_threshold_grid_resolved_capture,"base-search timeout evidence was superseded by the complete dual-timestep zero-threshold audit, including adaptive node-only escalation where required",grid_resolved_capture,dual-timestep direct grid recovered a contiguous zero-origin capture boundary,False
11,13,True,1,[0.0],0.2,5e-06,2.5e-06,0,[],0.0,0.0,0.0,1.25,1.5,two_core_entries,escaped,0.0,1.25,1.25,1.25,1.5,1.25,1.5,two_core_entries,escaped,two_core_entries,escaped,[],[],0,[],0,[],0,[],0,[],zero_threshold_grid_resolved_capture,"base-search timeout evidence was superseded by the complete dual-timestep zero-threshold audit, including adaptive node-only escalation where required",grid_resolved_capture,dual-timestep direct grid recovered a contiguous zero-origin capture boundary,False
11,14,True,2,"[1.23046875,1.25]",0.2,5e-06,2.5e-06,0,[],0.0,0.0,0.0,1.396484375,1.54296875,two_core_entries,escaped,1.0791015625,1.396484375,1.396484375,1.396484375,1.54296875,1.396484375,1.54296875,two_core_entries,escaped,two_core_entries,escaped,"[{""speed_m_per_s"":1.23046875,""trapped"":true,""termination_reason"":""two_core_entries""},{""speed_m_per_s"":1.25,""trapped"":true,""termination_reason"":""two_core_entries""}]","[{""speed_m_per_s"":1.23046875,""trapped"":true,""termination_reason"":""two_core_entries""},{""speed_m_per_s"":1.25,""trapped"":true,""termination_reason"":""two_core_entries""}]",0,[],0,[],0,[],0,[],dual_step_research_recovered_boundary,"targeted timeout-node or endpoint evidence changed or remained non-definitive; complete 200 ms coarse/fine searches recovered compatible definitive brackets, and any internally censored nodes were resolved by the bounded adaptive dual-timestep hierarchy",not_applicable,positive scalar capture threshold,False
11,15,True,1,[0.0],0.2,5e-06,2.5e-06,0,[],0.0,0.0,0.0,2.5,2.75,bounded_core_residence,escaped,0.0,2.5,2.5,2.5,2.75,2.5,2.75,bounded_core_residence,escaped,bounded_core_residence,escaped,[],[],0,[],0,[],0,[],0,[],zero_threshold_grid_resolved_capture,"base-search timeout evidence was superseded by the complete dual-timestep zero-threshold audit, including adaptive node-only escalation where required",grid_resolved_capture,dual-timestep direct grid recovered a contiguous zero-origin capture boundary,False
11,16,True,3,"[1.0791015625,1.23046875,1.25]",0.2,5e-06,2.5e-06,0,[],0.0,0.0,0.0,1.396484375,1.54296875,bounded_core_residence,escaped,0.927734375,1.396484375,1.396484375,1.396484375,1.54296875,1.396484375,1.54296875,bounded_core_residence,escaped,bounded_core_residence,escaped,"[{""speed_m_per_s"":1.0791015625,""trapped"":true,""termination_reason"":""bounded_core_residence""},{""speed_m_per_s"":1.23046875,""trapped"":true,""termination_reason"":""bounded_core_residence""},{""speed_m_per_s"":1.25,""trapped"":true,""termination_reason"":""bounded_core_residence""}]","[{""speed_m_per_s"":1.0791015625,""trapped"":true,""termination_reason"":""bounded_core_residence""},{""speed_m_per_s"":1.23046875,""trapped"":true,""termination_reason"":""bounded_core_residence""},{""speed_m_per_s"":1.25,""trapped"":true,""termination_reason"":""bounded_core_residence""}]",0,[],0,[],0,[],0,[],dual_step_research_recovered_boundary,"targeted timeout-node or endpoint evidence changed or remained non-definitive; complete 200 ms coarse/fine searches recovered compatible definitive brackets, and any internally censored nodes were resolved by the bounded adaptive dual-timestep hierarchy",not_applicable,positive scalar capture threshold,False
11,17,True,2,"[0.0,0.25]",0.2,5e-06,2.5e-06,0,[],0.0,0.0,0.0,0.0,2.5,escaped,escaped,0.0,0.0,0.0,0.0,2.5,0.0,2.5,escaped,escaped,escaped,escaped,[],[],0,[],0,[],0,[],0,[],zero_threshold_velocity_resolved_capture,"base-search timeout evidence was superseded by the complete dual-timestep zero-threshold audit, including adaptive node-only escalation where required",velocity_resolved_capture,nonmonotone finite-speed capture retained as a direct boolean mask,True
11,18,True,2,"[0.0,0.25]",0.2,5e-06,2.5e-06,0,[],0.0,0.0,0.0,0.0,1.5,escaped,escaped,0.0,0.0,0.0,0.0,1.5,0.0,1.5,escaped,escaped,escaped,escaped,[],[],0,[],0,[],0,[],0,[],zero_threshold_velocity_resolved_capture,"base-search timeout evidence was superseded by the complete dual-timestep zero-threshold audit, including adaptive node-only escalation where required",velocity_resolved_capture,nonmonotone finite-speed capture retained as a direct boolean mask,True
11,19,True,2,"[0.0,0.25]",0.2,5e-06,2.5e-06,0,[],0.0,0.0,0.0,2.0,2.25,two_core_entries,escaped,0.0,2.0,2.0,2.0,2.25,2.0,2.25,two_core_entries,escaped,two_core_entries,escaped,[],[],0,[],0,[],0,[],0,[],zero_threshold_grid_resolved_capture,"base-search timeout evidence was superseded by the complete dual-timestep zero-threshold audit, including adaptive node-only escalation where required",grid_resolved_capture,dual-timestep direct grid recovered a contiguous zero-origin capture boundary,False
11,20,True,2,"[0.0,0.25]",0.2,5e-06,2.5e-06,0,[],0.0,0.0,0.0,0.0,2.5,escaped,escaped,0.0,0.0,0.0,0.0,2.5,0.0,2.5,escaped,escaped,escaped,escaped,[],[],0,[],0,[],0,[],0,[],zero_threshold_velocity_resolved_capture,"base-search timeout evidence was superseded by the complete dual-timestep zero-threshold audit, including adaptive node-only escalation where required",velocity_resolved_capture,nonmonotone finite-speed capture retained as a direct boolean mask,True
11,21,True,2,"[0.0,0.25]",0.2,5e-06,2.5e-06,0,[],0.0,0.0,0.0,0.0,0.25,escaped,escaped,0.0,0.0,0.0,0.0,0.25,0.0,0.25,escaped,escaped,escaped,escaped,[],[],0,[],0,[],0,[],0,[],zero_threshold_velocity_resolved_capture,"base-search timeout evidence was superseded by the complete dual-timestep zero-threshold audit, including adaptive node-only escalation where required",velocity_resolved_capture,nonmonotone finite-speed capture retained as a direct boolean mask,True
11,22,False,0,[],0.05,5e-06,5e-06,0,[],0.0,0.0,0.0,0.7763671875,0.927734375,two_core_entries,escaped,0.7763671875,0.7763671875,0.7763671875,0.7763671875,0.927734375,0.7763671875,0.927734375,two_core_entries,escaped,two_core_entries,escaped,[],[],0,[],0,[],0,[],0,[],not_required,base search contained no timeout,not_applicable,positive scalar capture threshold,False
11,23,True,1,[2.275390625],0.2,5e-06,2.5e-06,0,[],0.0,0.0,0.0,2.275390625,2.421875,two_core_entries,escaped,2.12890625,2.275390625,2.275390625,2.275390625,2.421875,2.275390625,2.421875,two_core_entries,escaped,two_core_entries,escaped,"[{""speed_m_per_s"":2.275390625,""trapped"":true,""termination_reason"":""two_core_entries""}]","[{""speed_m_per_s"":2.275390625,""trapped"":true,""termination_reason"":""two_core_entries""}]",0,[],0,[],0,[],0,[],dual_step_research_recovered_boundary,"targeted timeout-node or endpoint evidence changed or remained non-definitive; complete 200 ms coarse/fine searches recovered compatible definitive brackets, and any internally censored nodes were resolved by the bounded adaptive dual-timestep hierarchy",not_applicable,positive scalar capture threshold,False
11,24,True,2,"[0.0,0.25]",0.2,5e-06,2.5e-06,0,[],0.0,0.0,0.0,1.25,1.5,two_core_entries,escaped,0.0,1.25,1.25,1.25,1.5,1.25,1.5,two_core_entries,escaped,two_core_entries,escaped,[],[],0,[],0,[],0,[],0,[],zero_threshold_grid_resolved_capture,"base-search timeout evidence was superseded by the complete dual-timestep zero-threshold audit, including adaptive node-only escalation where required",grid_resolved_capture,dual-timestep direct grid recovered a contiguous zero-origin capture boundary,False
12,0,True,2,"[0.0,0.25]",0.2,5e-06,2.5e-06,0,[],0.0,0.0,0.0,0.0,1.5,escaped,escaped,0.0,0.0,0.0,0.0,1.5,0.0,1.5,escaped,escaped,escaped,escaped,[],[],0,[],0,[],0,[],0,[],zero_threshold_velocity_resolved_capture,"base-search timeout evidence was superseded by the complete dual-timestep zero-threshold audit, including adaptive node-only escalation where required",velocity_resolved_capture,nonmonotone finite-speed capture retained as a direct boolean mask,True
12,1,True,2,"[0.0,0.25]",0.2,5e-06,2.5e-06,0,[],0.0,0.0,0.0,0.0,2.25,escaped,escaped,0.0,0.0,0.0,0.0,2.25,0.0,2.25,escaped,escaped,escaped,escaped,[],[],0,[],0,[],0,[],0,[],zero_threshold_velocity_resolved_capture,"base-search timeout evidence was superseded by the complete dual-timestep zero-threshold audit, including adaptive node-only escalation where required",velocity_resolved_capture,nonmonotone finite-speed capture retained as a direct boolean mask,True
12,2,True,2,"[0.0,0.25]",0.2,5e-06,2.5e-06,0,[],0.0,0.0,0.0,1.5,1.75,two_core_entries,escaped,0.0,1.5,1.5,1.5,1.75,1.5,1.75,two_core_entries,escaped,two_core_entries,escaped,[],[],0,[],0,[],0,[],0,[],zero_threshold_grid_resolved_capture,"base-search timeout evidence was superseded by the complete dual-timestep zero-threshold audit, including adaptive node-only escalation where required",grid_resolved_capture,dual-timestep direct grid recovered a contiguous zero-origin capture boundary,False
12,3,True,2,"[0.0,0.25]",0.2,5e-06,2.5e-06,0,[],0.0,0.0,0.0,1.5,1.75,two_core_entries,escaped,0.0,1.5,1.5,1.5,1.75,1.5,1.75,two_core_entries,escaped,two_core_entries,escaped,[],[],0,[],0,[],0,[],0,[],zero_threshold_grid_resolved_capture,"base-search timeout evidence was superseded by the complete dual-timestep zero-threshold audit, including adaptive node-only escalation where required",grid_resolved_capture,dual-timestep direct grid recovered a contiguous zero-origin capture boundary,False
12,4,True,2,"[0.0,0.25]",0.2,5e-06,2.5e-06,0,[],0.0,0.0,0.0,0.75,1.0,two_core_entries,escaped,0.0,0.75,0.75,0.75,1.0,0.75,1.0,two_core_entries,escaped,two_core_entries,escaped,[],[],0,[],0,[],0,[],0,[],zero_threshold_grid_resolved_capture,"base-search timeout evidence was superseded by the complete dual-timestep zero-threshold audit, including adaptive node-only escalation where required",grid_resolved_capture,dual-timestep direct grid recovered a contiguous zero-origin capture boundary,False
12,5,True,2,"[0.0,0.25]",0.2,5e-06,2.5e-06,0,[],0.0,0.0,0.0,0.0,2.5,escaped,escaped,0.0,0.0,0.0,0.0,2.5,0.0,2.5,escaped,escaped,escaped,escaped,[],[],0,[],0,[],0,[],0,[],zero_threshold_velocity_resolved_capture,"base-search timeout evidence was superseded by the complete dual-timestep zero-threshold audit, including adaptive node-only escalation where required",velocity_resolved_capture,nonmonotone finite-speed capture retained as a direct boolean mask,True
12,6,True,1,[0.0],0.2,5e-06,2.5e-06,0,[],0.0,0.0,0.0,0.0,2.0,escaped,escaped,0.0,0.0,0.0,0.0,2.0,0.0,2.0,escaped,escaped,escaped,escaped,[],[],0,[],0,[],0,[],0,[],zero_threshold_velocity_resolved_capture,"base-search timeout evidence was superseded by the complete dual-timestep zero-threshold audit, including adaptive node-only escalation where required",velocity_resolved_capture,nonmonotone finite-speed capture retained as a direct boolean mask,True
12,7,True,1,[0.0],0.2,5e-06,2.5e-06,0,[],0.0,0.0,0.0,2.75,3.0,two_core_entries,escaped,0.0,2.75,2.75,2.75,3.0,2.75,3.0,two_core_entries,escaped,two_core_entries,escaped,[],[],0,[],0,[],0,[],0,[],zero_threshold_grid_resolved_capture,"base-search timeout evidence was superseded by the complete dual-timestep zero-threshold audit, including adaptive node-only escalation where required",grid_resolved_capture,dual-timestep direct grid recovered a contiguous zero-origin capture boundary,False
12,8,True,2,"[0.0,0.25]",0.2,5e-06,2.5e-06,0,[],0.0,0.0,0.0,1.25,1.5,two_core_entries,escaped,0.0,1.25,1.25,1.25,1.5,1.25,1.5,two_core_entries,escaped,two_core_entries,escaped,[],[],0,[],0,[],0,[],0,[],zero_threshold_grid_resolved_capture,"base-search timeout evidence was superseded by the complete dual-timestep zero-threshold audit, including adaptive node-only escalation where required",grid_resolved_capture,dual-timestep direct grid recovered a contiguous zero-origin capture boundary,False
12,9,True,3,"[0.6201171875,0.625,0.927734375]",0.2,5e-06,2.5e-06,0,[],0.0,0.0,0.0,1.0791015625,1.23046875,two_core_entries,escaped,0.46630859375,1.0791015625,1.0791015625,1.0791015625,1.23046875,1.0791015625,1.23046875,two_core_entries,escaped,two_core_entries,escaped,"[{""speed_m_per_s"":0.6201171875,""trapped"":true,""termination_reason"":""two_core_entries""},{""speed_m_per_s"":0.625,""trapped"":true,""termination_reason"":""two_core_entries""},{""speed_m_per_s"":0.927734375,""trapped"":true,""termination_reason"":""two_core_entries""}]","[{""speed_m_per_s"":0.6201171875,""trapped"":true,""termination_reason"":""two_core_entries""},{""speed_m_per_s"":0.625,""trapped"":true,""termination_reason"":""two_core_entries""},{""speed_m_per_s"":0.927734375,""trapped"":true,""termination_reason"":""two_core_entries""}]",0,[],0,[],0,[],0,[],dual_step_research_recovered_boundary,"targeted timeout-node or endpoint evidence changed or remained non-definitive; complete 200 ms coarse/fine searches recovered compatible definitive brackets, and any internally censored nodes were resolved by the bounded adaptive dual-timestep hierarchy",not_applicable,positive scalar capture threshold,False
12,10,True,2,"[0.0,0.25]",0.2,5e-06,2.5e-06,0,[],0.0,0.0,0.0,2.5,2.75,bounded_core_residence,escaped,0.0,2.5,2.5,2.5,2.75,2.5,2.75,bounded_core_residence,escaped,bounded_core_residence,escaped,[],[],0,[],0,[],0,[],0,[],zero_threshold_grid_resolved_capture,"base-search timeout evidence was superseded by the complete dual-timestep zero-threshold audit, including adaptive node-only escalation where required",grid_resolved_capture,dual-timestep direct grid recovered a contiguous zero-origin capture boundary,False
12,11,True,2,"[2.91015625,3.046875]",0.2,5e-06,2.5e-06,0,[],0.0,0.0,0.0,3.18359375,3.3203125,two_core_entries,escaped,2.7734375,3.18359375,3.18359375,3.18359375,3.3203125,3.18359375,3.3203125,two_core_entries,escaped,two_core_entries,escaped,"[{""speed_m_per_s"":2.91015625,""trapped"":true,""termination_reason"":""two_core_entries""},{""speed_m_per_s"":3.046875,""trapped"":true,""termination_reason"":""two_core_entries""}]","[{""speed_m_per_s"":2.91015625,""trapped"":true,""termination_reason"":""two_core_entries""},{""speed_m_per_s"":3.046875,""trapped"":true,""termination_reason"":""two_core_entries""}]",0,[],0,[],0,[],0,[],dual_step_research_recovered_boundary,"targeted timeout-node or endpoint evidence changed or remained non-definitive; complete 200 ms coarse/fine searches recovered compatible definitive brackets, and any internally censored nodes were resolved by the bounded adaptive dual-timestep hierarchy",not_applicable,positive scalar capture threshold,False
12,12,True,2,"[0.0,0.25]",0.2,5e-06,2.5e-06,0,[],0.0,0.0,0.0,0.0,1.5,escaped,escaped,0.0,0.0,0.0,0.0,1.5,0.0,1.5,escaped,escaped,escaped,escaped,[],[],0,[],0,[],0,[],0,[],zero_threshold_velocity_resolved_capture,"base-search timeout evidence was superseded by the complete dual-timestep zero-threshold audit, including adaptive node-only escalation where required",velocity_resolved_capture,nonmonotone finite-speed capture retained as a direct boolean mask,True
12,13,True,2,"[1.54296875,1.8359375]",0.2,5e-06,2.5e-06,0,[],0.0,0.0,0.0,2.275390625,2.421875,bounded_core_residence,escaped,1.396484375,2.275390625,2.275390625,2.275390625,2.421875,2.275390625,2.421875,bounded_core_residence,escaped,bounded_core_residence,escaped,"[{""speed_m_per_s"":1.54296875,""trapped"":true,""termination_reason"":""two_core_entries""},{""speed_m_per_s"":1.8359375,""trapped"":true,""termination_reason"":""bounded_core_residence""}]","[{""speed_m_per_s"":1.54296875,""trapped"":true,""termination_reason"":""two_core_entries""},{""speed_m_per_s"":1.8359375,""trapped"":true,""termination_reason"":""bounded_core_residence""}]",0,[],0,[],0,[],0,[],dual_step_research_recovered_boundary,"targeted timeout-node or endpoint evidence changed or remained non-definitive; complete 200 ms coarse/fine searches recovered compatible definitive brackets, and any internally censored nodes were resolved by the bounded adaptive dual-timestep hierarchy",not_applicable,positive scalar capture threshold,False
12,14,True,2,"[0.0,0.25]",0.2,5e-06,2.5e-06,0,[],0.0,0.0,0.0,0.0,1.0,escaped,escaped,0.0,0.0,0.0,0.0,1.0,0.0,1.0,escaped,escaped,escaped,escaped,[],[],0,[],0,[],0,[],0,[],zero_threshold_velocity_resolved_capture,"base-search timeout evidence was superseded by the complete dual-timestep zero-threshold audit, including adaptive node-only escalation where required",velocity_resolved_capture,nonmonotone finite-speed capture retained as a direct boolean mask,True
12,15,True,7,"[0.6201171875,0.625,0.927734375,1.25,1.54296875,2.5,2.7734375]",0.2,5e-06,2.5e-06,0,[],0.0,0.0,0.0,2.91015625,3.046875,two_core_entries,escaped,0.46630859375,2.91015625,2.91015625,2.91015625,3.046875,2.91015625,3.046875,two_core_entries,escaped,two_core_entries,escaped,"[{""speed_m_per_s"":0.6201171875,""trapped"":true,""termination_reason"":""two_core_entries""},{""speed_m_per_s"":0.625,""trapped"":true,""termination_reason"":""two_core_entries""},{""speed_m_per_s"":0.927734375,""trapped"":true,""termination_reason"":""bounded_core_residence""},{""speed_m_per_s"":1.25,""trapped"":true,""termination_reason"":""two_core_entries""},{""speed_m_per_s"":1.54296875,""trapped"":true,""termination_reason"":""bounded_core_residence""},{""speed_m_per_s"":2.5,""trapped"":true,""termination_reason"":""two_core_entries""},{""speed_m_per_s"":2.7734375,""trapped"":true,""termination_reason"":""two_core_entries""}]","[{""speed_m_per_s"":0.6201171875,""trapped"":true,""termination_reason"":""two_core_entries""},{""speed_m_per_s"":0.625,""trapped"":true,""termination_reason"":""two_core_entries""},{""speed_m_per_s"":0.927734375,""trapped"":true,""termination_reason"":""bounded_core_residence""},{""speed_m_per_s"":1.25,""trapped"":true,""termination_reason"":""two_core_entries""},{""speed_m_per_s"":1.54296875,""trapped"":true,""termination_reason"":""bounded_core_residence""},{""speed_m_per_s"":2.5,""trapped"":true,""termination_reason"":""two_core_entries""},{""speed_m_per_s"":2.7734375,""trapped"":true,""termination_reason"":""two_core_entries""}]",0,[],0,[],0,[],0,[],dual_step_research_recovered_boundary,"targeted timeout-node or endpoint evidence changed or remained non-definitive; complete 200 ms coarse/fine searches recovered compatible definitive brackets, and any internally censored nodes were resolved by the bounded adaptive dual-timestep hierarchy",not_applicable,positive scalar capture threshold,False
12,16,True,1,[0.0],0.2,5e-06,2.5e-06,0,[],0.0,0.0,0.0,2.5,2.75,two_core_entries,escaped,0.0,2.5,2.5,2.5,2.75,2.5,2.75,two_core_entries,escaped,two_core_entries,escaped,[],[],0,[],0,[],0,[],0,[],zero_threshold_grid_resolved_capture,"base-search timeout evidence was superseded by the complete dual-timestep zero-threshold audit, including adaptive node-only escalation where required",grid_resolved_capture,dual-timestep direct grid recovered a contiguous zero-origin capture boundary,False
12,17,True,5,"[2.5,2.568359375,2.71484375,3.0078125,3.59375]",0.2,5e-06,2.5e-06,0,[],0.0,0.0,0.0,4.4140625,4.55078125,two_core_entries,escaped,2.421875,4.4140625,4.4140625,4.4140625,4.55078125,4.4140625,4.55078125,two_core_entries,escaped,two_core_entries,escaped,"[{""speed_m_per_s"":2.5,""trapped"":true,""termination_reason"":""bounded_core_residence""},{""speed_m_per_s"":2.568359375,""trapped"":true,""termination_reason"":""two_core_entries""},{""speed_m_per_s"":2.71484375,""trapped"":true,""termination_reason"":""two_core_entries""},{""speed_m_per_s"":3.0078125,""trapped"":true,""termination_reason"":""bounded_core_residence""},{""speed_m_per_s"":3.59375,""trapped"":true,""termination_reason"":""bounded_core_residence""}]","[{""speed_m_per_s"":2.5,""trapped"":true,""termination_reason"":""bounded_core_residence""},{""speed_m_per_s"":2.568359375,""trapped"":true,""termination_reason"":""two_core_entries""},{""speed_m_per_s"":2.71484375,""trapped"":true,""termination_reason"":""two_core_entries""},{""speed_m_per_s"":3.0078125,""trapped"":true,""termination_reason"":""bounded_core_residence""},{""speed_m_per_s"":3.59375,""trapped"":true,""termination_reason"":""bounded_core_residence""}]",0,[],0,[],0,[],0,[],dual_step_research_recovered_boundary,"targeted timeout-node or endpoint evidence changed or remained non-definitive; complete 200 ms coarse/fine searches recovered compatible definitive brackets, and any internally censored nodes were resolved by the bounded adaptive dual-timestep hierarchy",not_applicable,positive scalar capture threshold,False
12,18,True,2,"[0.0,0.25]",0.2,5e-06,2.5e-06,0,[],0.0,0.0,0.0,1.5,1.75,two_core_entries,escaped,0.0,1.5,1.5,1.5,1.75,1.5,1.75,two_core_entries,escaped,two_core_entries,escaped,[],[],0,[],0,[],0,[],0,[],zero_threshold_grid_resolved_capture,"base-search timeout evidence was superseded by the complete dual-timestep zero-threshold audit, including adaptive node-only escalation where required",grid_resolved_capture,dual-timestep direct grid recovered a contiguous zero-origin capture boundary,False
12,19,True,2,"[0.0,0.25]",0.2,5e-06,2.5e-06,0,[],0.0,0.0,0.0,0.0,0.25,escaped,escaped,0.0,0.0,0.0,0.0,0.25,0.0,0.25,escaped,escaped,escaped,escaped,[],[],0,[],0,[],0,[],0,[],zero_threshold_velocity_resolved_capture,"base-search timeout evidence was superseded by the complete dual-timestep zero-threshold audit, including adaptive node-only escalation where required",velocity_resolved_capture,nonmonotone finite-speed capture retained as a direct boolean mask,True
12,20,True,2,"[0.0,0.25]",0.2,5e-06,2.5e-06,0,[],0.0,0.0,0.0,0.0,2.0,escaped,escaped,0.0,0.0,0.0,0.0,2.0,0.0,2.0,escaped,escaped,escaped,escaped,[],[],0,[],0,[],0,[],0,[],zero_threshold_velocity_resolved_capture,"base-search timeout evidence was superseded by the complete dual-timestep zero-threshold audit, including adaptive node-only escalation where required",velocity_resolved_capture,nonmonotone finite-speed capture retained as a direct boolean mask,True
12,21,True,1,[0.0],0.2,5e-06,2.5e-06,0,[],0.0,0.0,0.0,0.0,1.5,escaped,escaped,0.0,0.0,0.0,0.0,1.5,0.0,1.5,escaped,escaped,escaped,escaped,[],[],0,[],0,[],0,[],0,[],zero_threshold_velocity_resolved_capture,"base-search timeout evidence was superseded by the complete dual-timestep zero-threshold audit, including adaptive node-only escalation where required",velocity_resolved_capture,nonmonotone finite-speed capture retained as a direct boolean mask,True
12,22,True,2,"[2.421875,2.5]",0.2,5e-06,2.5e-06,0,[],0.0,0.0,0.0,3.18359375,3.3203125,two_core_entries,escaped,2.275390625,3.18359375,3.18359375,3.18359375,3.3203125,3.18359375,3.3203125,two_core_entries,escaped,two_core_entries,escaped,"[{""speed_m_per_s"":2.421875,""trapped"":true,""termination_reason"":""two_core_entries""},{""speed_m_per_s"":2.5,""trapped"":true,""termination_reason"":""two_core_entries""}]","[{""speed_m_per_s"":2.421875,""trapped"":true,""termination_reason"":""two_core_entries""},{""speed_m_per_s"":2.5,""trapped"":true,""termination_reason"":""two_core_entries""}]",0,[],0,[],0,[],0,[],dual_step_research_recovered_boundary,"targeted timeout-node or endpoint evidence changed or remained non-definitive; complete 200 ms coarse/fine searches recovered compatible definitive brackets, and any internally censored nodes were resolved by the bounded adaptive dual-timestep hierarchy",not_applicable,positive scalar capture threshold,False
12,23,True,2,"[0.0,0.25]",0.2,5e-06,2.5e-06,0,[],0.0,0.0,0.0,0.0,1.25,escaped,escaped,0.0,0.0,0.0,0.0,1.25,0.0,1.25,escaped,escaped,escaped,escaped,[],[],0,[],0,[],0,[],0,[],zero_threshold_velocity_resolved_capture,"base-search timeout evidence was superseded by the complete dual-timestep zero-threshold audit, including adaptive node-only escalation where required",velocity_resolved_capture,nonmonotone finite-speed capture retained as a direct boolean mask,True
12,24,True,2,"[0.0,0.25]",0.2,5e-06,2.5e-06,0,[],0.0,0.0,0.0,0.0,2.0,escaped,escaped,0.0,0.0,0.0,0.0,2.0,0.0,2.0,escaped,escaped,escaped,escaped,[],[],0,[],0,[],0,[],0,[],zero_threshold_velocity_resolved_capture,"base-search timeout evidence was superseded by the complete dual-timestep zero-threshold audit, including adaptive node-only escalation where required",velocity_resolved_capture,nonmonotone finite-speed capture retained as a direct boolean mask,True
13,0,True,2,"[0.0,0.25]",0.2,5e-06,2.5e-06,0,[],0.0,0.0,0.0,1.25,1.5,two_core_entries,escaped,0.0,1.25,1.25,1.25,1.5,1.25,1.5,two_core_entries,escaped,two_core_entries,escaped,[],[],0,[],0,[],0,[],0,[],zero_threshold_grid_resolved_capture,"base-search timeout evidence was superseded by the complete dual-timestep zero-threshold audit, including adaptive node-only escalation where required",grid_resolved_capture,dual-timestep direct grid recovered a contiguous zero-origin capture boundary,False
13,1,True,2,"[0.0,0.25]",0.2,5e-06,2.5e-06,0,[],0.0,0.0,0.0,1.5,1.75,bounded_core_residence,escaped,0.0,1.5,1.5,1.5,1.75,1.5,1.75,bounded_core_residence,escaped,bounded_core_residence,escaped,[],[],0,[],0,[],0,[],0,[],zero_threshold_grid_resolved_capture,"base-search timeout evidence was superseded by the complete dual-timestep zero-threshold audit, including adaptive node-only escalation where required",grid_resolved_capture,dual-timestep direct grid recovered a contiguous zero-origin capture boundary,False
13,2,True,2,"[0.0,0.25]",0.2,5e-06,2.5e-06,0,[],0.0,0.0,0.0,1.0,1.25,bounded_core_residence,escaped,0.0,1.0,1.0,1.0,1.25,1.0,1.25,bounded_core_residence,escaped,bounded_core_residence,escaped,[],[],0,[],0,[],0,[],0,[],zero_threshold_grid_resolved_capture,"base-search timeout evidence was superseded by the complete dual-timestep zero-threshold audit, including adaptive node-only escalation where required",grid_resolved_capture,dual-timestep direct grid recovered a contiguous zero-origin capture boundary,False
13,3,True,2,"[0.7763671875,0.927734375]",0.2,5e-06,2.5e-06,0,[],0.0,0.0,0.0,0.927734375,1.0791015625,two_core_entries,escaped,0.625,0.927734375,0.927734375,0.927734375,1.0791015625,0.927734375,1.0791015625,two_core_entries,escaped,two_core_entries,escaped,"[{""speed_m_per_s"":0.7763671875,""trapped"":true,""termination_reason"":""two_core_entries""},{""speed_m_per_s"":0.927734375,""trapped"":true,""termination_reason"":""two_core_entries""}]","[{""speed_m_per_s"":0.7763671875,""trapped"":true,""termination_reason"":""two_core_entries""},{""speed_m_per_s"":0.927734375,""trapped"":true,""termination_reason"":""two_core_entries""}]",0,[],0,[],0,[],0,[],dual_step_research_recovered_boundary,"targeted timeout-node or endpoint evidence changed or remained non-definitive; complete 200 ms coarse/fine searches recovered compatible definitive brackets, and any internally censored nodes were resolved by the bounded adaptive dual-timestep hierarchy",not_applicable,positive scalar capture threshold,False
13,4,True,1,[0.0],0.2,5e-06,2.5e-06,0,[],0.0,0.0,0.0,2.0,2.25,two_core_entries,escaped,0.0,2.0,2.0,2.0,2.25,2.0,2.25,two_core_entries,escaped,two_core_entries,escaped,[],[],0,[],0,[],0,[],0,[],zero_threshold_grid_resolved_capture,"base-search timeout evidence was superseded by the complete dual-timestep zero-threshold audit, including adaptive node-only escalation where required",grid_resolved_capture,dual-timestep direct grid recovered a contiguous zero-origin capture boundary,False
13,5,True,2,"[0.0,0.25]",0.2,5e-06,2.5e-06,0,[],0.0,0.0,0.0,0.0,1.5,escaped,escaped,0.0,0.0,0.0,0.0,1.5,0.0,1.5,escaped,escaped,escaped,escaped,[],[],0,[],0,[],0,[],0,[],zero_threshold_velocity_resolved_capture,"base-search timeout evidence was superseded by the complete dual-timestep zero-threshold audit, including adaptive node-only escalation where required",velocity_resolved_capture,nonmonotone finite-speed capture retained as a direct boolean mask,True
13,6,True,1,[0.0],0.2,5e-06,2.5e-06,0,[],0.0,0.0,0.0,2.0,2.25,two_core_entries,escaped,0.0,2.0,2.0,2.0,2.25,2.0,2.25,two_core_entries,escaped,two_core_entries,escaped,[],[],0,[],0,[],0,[],0,[],zero_threshold_grid_resolved_capture,"base-search timeout evidence was superseded by the complete dual-timestep zero-threshold audit, including adaptive node-only escalation where required",grid_resolved_capture,dual-timestep direct grid recovered a contiguous zero-origin capture boundary,False
13,7,True,1,[0.0],0.2,5e-06,2.5e-06,0,[],0.0,0.0,0.0,0.75,1.0,two_core_entries,escaped,0.0,0.75,0.75,0.75,1.0,0.75,1.0,two_core_entries,escaped,two_core_entries,escaped,[],[],0,[],0,[],0,[],0,[],zero_threshold_grid_resolved_capture,"base-search timeout evidence was superseded by the complete dual-timestep zero-threshold audit, including adaptive node-only escalation where required",grid_resolved_capture,dual-timestep direct grid recovered a contiguous zero-origin capture boundary,False
13,8,True,4,"[0.46630859375,0.6201171875,0.625,0.927734375]",0.2,5e-06,2.5e-06,0,[],0.0,0.0,0.0,0.927734375,1.0791015625,bounded_core_residence,escaped,0.3125,0.927734375,0.927734375,0.927734375,1.0791015625,0.927734375,1.0791015625,bounded_core_residence,escaped,bounded_core_residence,escaped,"[{""speed_m_per_s"":0.46630859375,""trapped"":true,""termination_reason"":""two_core_entries""},{""speed_m_per_s"":0.6201171875,""trapped"":true,""termination_reason"":""bounded_core_residence""},{""speed_m_per_s"":0.625,""trapped"":true,""termination_reason"":""bounded_core_residence""},{""speed_m_per_s"":0.927734375,""trapped"":true,""termination_reason"":""bounded_core_residence""}]","[{""speed_m_per_s"":0.46630859375,""trapped"":true,""termination_reason"":""two_core_entries""},{""speed_m_per_s"":0.6201171875,""trapped"":true,""termination_reason"":""bounded_core_residence""},{""speed_m_per_s"":0.625,""trapped"":true,""termination_reason"":""bounded_core_residence""},{""speed_m_per_s"":0.927734375,""trapped"":true,""termination_reason"":""bounded_core_residence""}]",0,[],0,[],0,[],0,[],dual_step_research_recovered_boundary,"targeted timeout-node or endpoint evidence changed or remained non-definitive; complete 200 ms coarse/fine searches recovered compatible definitive brackets, and any internally censored nodes were resolved by the bounded adaptive dual-timestep hierarchy",not_applicable,positive scalar capture threshold,False
13,9,True,2,"[0.0,0.25]",0.2,5e-06,2.5e-06,0,[],0.0,0.0,0.0,0.0,1.75,escaped,escaped,0.0,0.0,0.0,0.0,1.75,0.0,1.75,escaped,escaped,escaped,escaped,[],[],0,[],0,[],0,[],0,[],zero_threshold_velocity_resolved_capture,"base-search timeout evidence was superseded by the complete dual-timestep zero-threshold audit, including adaptive node-only escalation where required",velocity_resolved_capture,nonmonotone finite-speed capture retained as a direct boolean mask,True
13,10,True,2,"[1.23046875,1.25]",0.2,5e-06,2.5e-06,0,[],0.0,0.0,0.0,1.396484375,1.54296875,two_core_entries,escaped,1.0791015625,1.396484375,1.396484375,1.396484375,1.54296875,1.396484375,1.54296875,two_core_entries,escaped,two_core_entries,escaped,"[{""speed_m_per_s"":1.23046875,""trapped"":true,""termination_reason"":""two_core_entries""},{""speed_m_per_s"":1.25,""trapped"":true,""termination_reason"":""two_core_entries""}]","[{""speed_m_per_s"":1.23046875,""trapped"":true,""termination_reason"":""two_core_entries""},{""speed_m_per_s"":1.25,""trapped"":true,""termination_reason"":""two_core_entries""}]",0,[],0,[],0,[],0,[],dual_step_research_recovered_boundary,"targeted timeout-node or endpoint evidence changed or remained non-definitive; complete 200 ms coarse/fine searches recovered compatible definitive brackets, and any internally censored nodes were resolved by the bounded adaptive dual-timestep hierarchy",not_applicable,positive scalar capture threshold,False
13,11,True,2,"[0.927734375,1.23046875]",0.2,5e-06,2.5e-06,0,[],0.0,0.0,0.0,1.0791015625,1.23046875,two_core_entries,escaped,0.7763671875,1.0791015625,1.0791015625,1.0791015625,1.23046875,1.0791015625,1.23046875,two_core_entries,escaped,two_core_entries,escaped,"[{""speed_m_per_s"":0.927734375,""trapped"":true,""termination_reason"":""two_core_entries""},{""speed_m_per_s"":1.23046875,""trapped"":false,""termination_reason"":""escaped""}]","[{""speed_m_per_s"":0.927734375,""trapped"":true,""termination_reason"":""two_core_entries""},{""speed_m_per_s"":1.23046875,""trapped"":false,""termination_reason"":""escaped""}]",0,[],0,[],0,[],0,[],dual_step_research_recovered_boundary,"targeted timeout-node or endpoint evidence changed or remained non-definitive; complete 200 ms coarse/fine searches recovered compatible definitive brackets, and any internally censored nodes were resolved by the bounded adaptive dual-timestep hierarchy",not_applicable,positive scalar capture threshold,False
13,12,True,1,[0.0],0.2,5e-06,2.5e-06,0,[],0.0,0.0,0.0,1.5,1.75,two_core_entries,escaped,0.0,1.5,1.5,1.5,1.75,1.5,1.75,two_core_entries,escaped,two_core_entries,escaped,[],[],0,[],0,[],0,[],0,[],zero_threshold_grid_resolved_capture,"base-search timeout evidence was superseded by the complete dual-timestep zero-threshold audit, including adaptive node-only escalation where required",grid_resolved_capture,dual-timestep direct grid recovered a contiguous zero-origin capture boundary,False
13,13,True,4,"[0.7763671875,0.927734375,1.23046875,1.25]",0.2,5e-06,2.5e-06,0,[],0.0,0.0,0.0,1.396484375,1.54296875,two_core_entries,escaped,0.625,1.396484375,1.396484375,1.396484375,1.54296875,1.396484375,1.54296875,two_core_entries,escaped,two_core_entries,escaped,"[{""speed_m_per_s"":0.7763671875,""trapped"":true,""termination_reason"":""two_core_entries""},{""speed_m_per_s"":0.927734375,""trapped"":true,""termination_reason"":""bounded_core_residence""},{""speed_m_per_s"":1.23046875,""trapped"":true,""termination_reason"":""two_core_entries""},{""speed_m_per_s"":1.25,""trapped"":true,""termination_reason"":""two_core_entries""}]","[{""speed_m_per_s"":0.7763671875,""trapped"":true,""termination_reason"":""two_core_entries""},{""speed_m_per_s"":0.927734375,""trapped"":true,""termination_reason"":""bounded_core_residence""},{""speed_m_per_s"":1.23046875,""trapped"":true,""termination_reason"":""two_core_entries""},{""speed_m_per_s"":1.25,""trapped"":true,""termination_reason"":""two_core_entries""}]",0,[],0,[],0,[],0,[],dual_step_research_recovered_boundary,"targeted timeout-node or endpoint evidence changed or remained non-definitive; complete 200 ms coarse/fine searches recovered compatible definitive brackets, and any internally censored nodes were resolved by the bounded adaptive dual-timestep hierarchy",not_applicable,positive scalar capture threshold,False
13,14,True,2,"[0.0,0.25]",0.2,5e-06,2.5e-06,0,[],0.0,0.0,0.0,0.75,1.0,bounded_core_residence,escaped,0.0,0.75,0.75,0.75,1.0,0.75,1.0,bounded_core_residence,escaped,bounded_core_residence,escaped,[],[],0,[],0,[],0,[],0,[],zero_threshold_grid_resolved_capture,"base-search timeout evidence was superseded by the complete dual-timestep zero-threshold audit, including adaptive node-only escalation where required",grid_resolved_capture,dual-timestep direct grid recovered a contiguous zero-origin capture boundary,False
13,15,True,1,[0.0],0.2,5e-06,2.5e-06,0,[],0.0,0.0,0.0,1.0,1.25,two_core_entries,escaped,0.0,1.0,1.0,1.0,1.25,1.0,1.25,two_core_entries,escaped,two_core_entries,escaped,[],[],0,[],0,[],0,[],0,[],zero_threshold_grid_resolved_capture,"base-search timeout evidence was superseded by the complete dual-timestep zero-threshold audit, including adaptive node-only escalation where required",grid_resolved_capture,dual-timestep direct grid recovered a contiguous zero-origin capture boundary,False
13,16,True,1,[0.0],0.2,5e-06,2.5e-06,0,[],0.0,0.0,0.0,2.0,2.25,two_core_entries,escaped,0.0,2.0,2.0,2.0,2.25,2.0,2.25,two_core_entries,escaped,two_core_entries,escaped,[],[],0,[],0,[],0,[],0,[],zero_threshold_grid_resolved_capture,"base-search timeout evidence was superseded by the complete dual-timestep zero-threshold audit, including adaptive node-only escalation where required",grid_resolved_capture,dual-timestep direct grid recovered a contiguous zero-origin capture boundary,False
13,17,True,2,"[0.0,0.25]",0.2,5e-06,2.5e-06,0,[],0.0,0.0,0.0,0.75,1.0,bounded_core_residence,escaped,0.0,0.75,0.75,0.75,1.0,0.75,1.0,bounded_core_residence,escaped,bounded_core_residence,escaped,[],[],0,[],0,[],0,[],0,[],zero_threshold_grid_resolved_capture,"base-search timeout evidence was superseded by the complete dual-timestep zero-threshold audit, including adaptive node-only escalation where required",grid_resolved_capture,dual-timestep direct grid recovered a contiguous zero-origin capture boundary,False
13,18,True,2,"[0.0,0.25]",0.2,5e-06,2.5e-06,0,[],0.0,0.0,0.0,1.0,1.25,two_core_entries,escaped,0.0,1.0,1.0,1.0,1.25,1.0,1.25,two_core_entries,escaped,two_core_entries,escaped,[],[],0,[],0,[],0,[],0,[],zero_threshold_grid_resolved_capture,"base-search timeout evidence was superseded by the complete dual-timestep zero-threshold audit, including adaptive node-only escalation where required",grid_resolved_capture,dual-timestep direct grid recovered a contiguous zero-origin capture boundary,False
13,19,True,2,"[0.0,0.25]",0.2,5e-06,2.5e-06,0,[],0.0,0.0,0.0,0.0,1.5,escaped,escaped,0.0,0.0,0.0,0.0,1.5,0.0,1.5,escaped,escaped,escaped,escaped,[],[],0,[],0,[],0,[],0,[],zero_threshold_velocity_resolved_capture,"base-search timeout evidence was superseded by the complete dual-timestep zero-threshold audit, including adaptive node-only escalation where required",velocity_resolved_capture,nonmonotone finite-speed capture retained as a direct boolean mask,True
13,20,True,1,[0.0],0.2,5e-06,2.5e-06,0,[],0.0,0.0,0.0,1.5,1.75,two_core_entries,escaped,0.0,1.5,1.5,1.5,1.75,1.5,1.75,two_core_entries,escaped,two_core_entries,escaped,[],[],0,[],0,[],0,[],0,[],zero_threshold_grid_resolved_capture,"base-search timeout evidence was superseded by the complete dual-timestep zero-threshold audit, including adaptive node-only escalation where required",grid_resolved_capture,dual-timestep direct grid recovered a contiguous zero-origin capture boundary,False
13,21,True,4,"[0.7763671875,0.927734375,1.23046875,1.25]",0.2,5e-06,2.5e-06,0,[],0.0,0.0,0.0,1.396484375,1.54296875,bounded_core_residence,escaped,0.625,1.396484375,1.396484375,1.396484375,1.54296875,1.396484375,1.54296875,bounded_core_residence,escaped,bounded_core_residence,escaped,"[{""speed_m_per_s"":0.7763671875,""trapped"":true,""termination_reason"":""bounded_core_residence""},{""speed_m_per_s"":0.927734375,""trapped"":true,""termination_reason"":""bounded_core_residence""},{""speed_m_per_s"":1.23046875,""trapped"":true,""termination_reason"":""two_core_entries""},{""speed_m_per_s"":1.25,""trapped"":true,""termination_reason"":""two_core_entries""}]","[{""speed_m_per_s"":0.7763671875,""trapped"":true,""termination_reason"":""bounded_core_residence""},{""speed_m_per_s"":0.927734375,""trapped"":true,""termination_reason"":""bounded_core_residence""},{""speed_m_per_s"":1.23046875,""trapped"":true,""termination_reason"":""two_core_entries""},{""speed_m_per_s"":1.25,""trapped"":true,""termination_reason"":""two_core_entries""}]",0,[],0,[],0,[],0,[],dual_step_research_recovered_boundary,"targeted timeout-node or endpoint evidence changed or remained non-definitive; complete 200 ms coarse/fine searches recovered compatible definitive brackets, and any internally censored nodes were resolved by the bounded adaptive dual-timestep hierarchy",not_applicable,positive scalar capture threshold,False
13,22,True,2,"[1.396484375,1.54296875]",0.2,5e-06,2.5e-06,0,[],0.0,0.0,0.0,1.396484375,1.54296875,two_core_entries,escaped,1.25,1.396484375,1.396484375,1.396484375,1.54296875,1.396484375,1.54296875,two_core_entries,escaped,two_core_entries,escaped,"[{""speed_m_per_s"":1.396484375,""trapped"":true,""termination_reason"":""two_core_entries""},{""speed_m_per_s"":1.54296875,""trapped"":false,""termination_reason"":""escaped""}]","[{""speed_m_per_s"":1.396484375,""trapped"":true,""termination_reason"":""two_core_entries""},{""speed_m_per_s"":1.54296875,""trapped"":false,""termination_reason"":""escaped""}]",0,[],0,[],0,[],0,[],dual_step_research_recovered_boundary,"targeted timeout-node or endpoint evidence changed or remained non-definitive; complete 200 ms coarse/fine searches recovered compatible definitive brackets, and any internally censored nodes were resolved by the bounded adaptive dual-timestep hierarchy",not_applicable,positive scalar capture threshold,False
13,23,True,2,"[0.3125,0.625]",0.2,5e-06,2.5e-06,0,[],0.0,0.0,0.0,0.46630859375,0.6201171875,bounded_core_residence,escaped,0.15625,0.46630859375,0.46630859375,0.46630859375,0.6201171875,0.46630859375,0.6201171875,bounded_core_residence,escaped,bounded_core_residence,escaped,"[{""speed_m_per_s"":0.3125,""trapped"":true,""termination_reason"":""bounded_core_residence""},{""speed_m_per_s"":0.625,""trapped"":false,""termination_reason"":""escaped""}]","[{""speed_m_per_s"":0.3125,""trapped"":true,""termination_reason"":""bounded_core_residence""},{""speed_m_per_s"":0.625,""trapped"":false,""termination_reason"":""escaped""}]",0,[],0,[],0,[],0,[],dual_step_research_recovered_boundary,"targeted timeout-node or endpoint evidence changed or remained non-definitive; complete 200 ms coarse/fine searches recovered compatible definitive brackets, and any internally censored nodes were resolved by the bounded adaptive dual-timestep hierarchy",not_applicable,positive scalar capture threshold,False
13,24,True,2,"[0.0,0.25]",0.2,5e-06,2.5e-06,0,[],0.0,0.0,0.0,0.25,0.5,two_core_entries,escaped,0.0,0.25,0.25,0.25,0.5,0.25,0.5,two_core_entries,escaped,two_core_entries,escaped,[],[],0,[],0,[],0,[],0,[],zero_threshold_grid_resolved_capture,"base-search timeout evidence was superseded by the complete dual-timestep zero-threshold audit, including adaptive node-only escalation where required",grid_resolved_capture,dual-timestep direct grid recovered a contiguous zero-origin capture boundary,False
14,0,True,1,[0.0],0.2,5e-06,2.5e-06,0,[],0.0,0.0,0.0,1.25,1.5,two_core_entries,escaped,0.0,1.25,1.25,1.25,1.5,1.25,1.5,two_core_entries,escaped,two_core_entries,escaped,[],[],0,[],0,[],0,[],0,[],zero_threshold_grid_resolved_capture,"base-search timeout evidence was superseded by the complete dual-timestep zero-threshold audit, including adaptive node-only escalation where required",grid_resolved_capture,dual-timestep direct grid recovered a contiguous zero-origin capture boundary,False
14,1,True,2,"[0.0,0.25]",0.2,5e-06,2.5e-06,0,[],0.0,0.0,0.0,0.75,1.0,two_core_entries,escaped,0.0,0.75,0.75,0.75,1.0,0.75,1.0,two_core_entries,escaped,two_core_entries,escaped,[],[],0,[],0,[],0,[],0,[],zero_threshold_grid_resolved_capture,"base-search timeout evidence was superseded by the complete dual-timestep zero-threshold audit, including adaptive node-only escalation where required",grid_resolved_capture,dual-timestep direct grid recovered a contiguous zero-origin capture boundary,False
14,2,True,1,[0.25],0.2,5e-06,2.5e-06,0,[],0.0,0.0,0.0,0.0,1.25,escaped,escaped,0.0,0.0,0.0,0.0,1.25,0.0,1.25,escaped,escaped,escaped,escaped,[],[],0,[],0,[],0,[],0,[],zero_threshold_velocity_resolved_capture,"base-search timeout evidence was superseded by the complete dual-timestep zero-threshold audit, including adaptive node-only escalation where required",velocity_resolved_capture,nonmonotone finite-speed capture retained as a direct boolean mask,True
14,3,True,2,"[0.0,0.25]",0.2,5e-06,2.5e-06,0,[],0.0,0.0,0.0,0.0,1.75,escaped,escaped,0.0,0.0,0.0,0.0,1.75,0.0,1.75,escaped,escaped,escaped,escaped,[],[],0,[],0,[],0,[],0,[],zero_threshold_velocity_resolved_capture,"base-search timeout evidence was superseded by the complete dual-timestep zero-threshold audit, including adaptive node-only escalation where required",velocity_resolved_capture,nonmonotone finite-speed capture retained as a direct boolean mask,True
14,4,True,2,"[0.0,0.25]",0.2,5e-06,2.5e-06,0,[],0.0,0.0,0.0,0.0,0.25,escaped,escaped,0.0,0.0,0.0,0.0,0.25,0.0,0.25,escaped,escaped,escaped,escaped,[],[],0,[],0,[],0,[],0,[],zero_threshold_velocity_resolved_capture,"base-search timeout evidence was superseded by the complete dual-timestep zero-threshold audit, including adaptive node-only escalation where required",velocity_resolved_capture,nonmonotone finite-speed capture retained as a direct boolean mask,True
14,5,True,1,[0.0],0.2,5e-06,2.5e-06,0,[],0.0,0.0,0.0,1.75,2.0,two_core_entries,escaped,0.0,1.75,1.75,1.75,2.0,1.75,2.0,two_core_entries,escaped,two_core_entries,escaped,[],[],0,[],0,[],0,[],0,[],zero_threshold_grid_resolved_capture,"base-search timeout evidence was superseded by the complete dual-timestep zero-threshold audit, including adaptive node-only escalation where required",grid_resolved_capture,dual-timestep direct grid recovered a contiguous zero-origin capture boundary,False
14,6,True,2,"[0.0,0.25]",0.2,5e-06,2.5e-06,0,[],0.0,0.0,0.0,1.0,1.25,bounded_core_residence,escaped,0.0,1.0,1.0,1.0,1.25,1.0,1.25,bounded_core_residence,escaped,bounded_core_residence,escaped,[],[],0,[],0,[],0,[],0,[],zero_threshold_grid_resolved_capture,"base-search timeout evidence was superseded by the complete dual-timestep zero-threshold audit, including adaptive node-only escalation where required",grid_resolved_capture,dual-timestep direct grid recovered a contiguous zero-origin capture boundary,False
14,7,True,1,[0.0],0.2,5e-06,2.5e-06,0,[],0.0,0.0,0.0,1.75,2.0,two_core_entries,escaped,0.0,1.75,1.75,1.75,2.0,1.75,2.0,two_core_entries,escaped,two_core_entries,escaped,[],[],0,[],0,[],0,[],0,[],zero_threshold_grid_resolved_capture,"base-search timeout evidence was superseded by the complete dual-timestep zero-threshold audit, including adaptive node-only escalation where required",grid_resolved_capture,dual-timestep direct grid recovered a contiguous zero-origin capture boundary,False
14,8,True,1,[0.25],0.2,5e-06,2.5e-06,0,[],0.0,0.0,0.0,0.0,1.0,escaped,escaped,0.0,0.0,0.0,0.0,1.0,0.0,1.0,escaped,escaped,escaped,escaped,[],[],0,[],0,[],0,[],0,[],zero_threshold_velocity_resolved_capture,"base-search timeout evidence was superseded by the complete dual-timestep zero-threshold audit, including adaptive node-only escalation where required",velocity_resolved_capture,nonmonotone finite-speed capture retained as a direct boolean mask,True
14,9,True,3,"[1.0791015625,1.23046875,1.25]",0.2,5e-06,2.5e-06,0,[],0.0,0.0,0.0,1.25,1.396484375,bounded_core_residence,escaped,0.927734375,1.25,1.25,1.25,1.396484375,1.25,1.396484375,bounded_core_residence,escaped,bounded_core_residence,escaped,"[{""speed_m_per_s"":1.0791015625,""trapped"":true,""termination_reason"":""bounded_core_residence""},{""speed_m_per_s"":1.23046875,""trapped"":true,""termination_reason"":""bounded_core_residence""},{""speed_m_per_s"":1.25,""trapped"":true,""termination_reason"":""bounded_core_residence""}]","[{""speed_m_per_s"":1.0791015625,""trapped"":true,""termination_reason"":""bounded_core_residence""},{""speed_m_per_s"":1.23046875,""trapped"":true,""termination_reason"":""bounded_core_residence""},{""speed_m_per_s"":1.25,""trapped"":true,""termination_reason"":""bounded_core_residence""}]",0,[],0,[],0,[],0,[],dual_step_research_recovered_boundary,"targeted timeout-node or endpoint evidence changed or remained non-definitive; complete 200 ms coarse/fine searches recovered compatible definitive brackets, and any internally censored nodes were resolved by the bounded adaptive dual-timestep hierarchy",not_applicable,positive scalar capture threshold,False
14,10,True,4,"[1.0791015625,1.23046875,1.25,1.8359375]",0.2,5e-06,2.5e-06,0,[],0.0,0.0,0.0,1.689453125,1.8359375,bounded_core_residence,escaped,0.927734375,1.689453125,1.689453125,1.689453125,1.8359375,1.689453125,1.8359375,bounded_core_residence,escaped,bounded_core_residence,escaped,"[{""speed_m_per_s"":1.0791015625,""trapped"":true,""termination_reason"":""two_core_entries""},{""speed_m_per_s"":1.23046875,""trapped"":true,""termination_reason"":""two_core_entries""},{""speed_m_per_s"":1.25,""trapped"":true,""termination_reason"":""two_core_entries""},{""speed_m_per_s"":1.8359375,""trapped"":false,""termination_reason"":""escaped""}]","[{""speed_m_per_s"":1.0791015625,""trapped"":true,""termination_reason"":""two_core_entries""},{""speed_m_per_s"":1.23046875,""trapped"":true,""termination_reason"":""two_core_entries""},{""speed_m_per_s"":1.25,""trapped"":true,""termination_reason"":""two_core_entries""},{""speed_m_per_s"":1.8359375,""trapped"":false,""termination_reason"":""escaped""}]",0,[],0,[],0,[],0,[],dual_step_research_recovered_boundary,"targeted timeout-node or endpoint evidence changed or remained non-definitive; complete 200 ms coarse/fine searches recovered compatible definitive brackets, and any internally censored nodes were resolved by the bounded adaptive dual-timestep hierarchy",not_applicable,positive scalar capture threshold,False
14,11,True,1,[0.25],0.2,5e-06,2.5e-06,0,[],0.0,0.0,0.0,0.0,0.25,escaped,escaped,0.0,0.0,0.0,0.0,0.25,0.0,0.25,escaped,escaped,escaped,escaped,[],[],0,[],0,[],0,[],0,[],zero_threshold_velocity_resolved_capture,"base-search timeout evidence was superseded by the complete dual-timestep zero-threshold audit, including adaptive node-only escalation where required",velocity_resolved_capture,nonmonotone finite-speed capture retained as a direct boolean mask,True
14,12,True,1,[0.0],0.2,5e-06,2.5e-06,0,[],0.0,0.0,0.0,1.75,2.0,bounded_core_residence,escaped,0.0,1.75,1.75,1.75,2.0,1.75,2.0,bounded_core_residence,escaped,bounded_core_residence,escaped,[],[],0,[],0,[],0,[],0,[],zero_threshold_grid_resolved_capture,"base-search timeout evidence was superseded by the complete dual-timestep zero-threshold audit, including adaptive node-only escalation where required",grid_resolved_capture,dual-timestep direct grid recovered a contiguous zero-origin capture boundary,False
14,13,True,5,"[0.7763671875,0.927734375,1.23046875,1.25,1.8359375]",0.2,5e-06,2.5e-06,0,[],0.0,0.0,0.0,1.982421875,2.12890625,two_core_entries,escaped,0.625,1.982421875,1.982421875,1.982421875,2.12890625,1.982421875,2.12890625,two_core_entries,escaped,two_core_entries,escaped,"[{""speed_m_per_s"":0.7763671875,""trapped"":true,""termination_reason"":""two_core_entries""},{""speed_m_per_s"":0.927734375,""trapped"":true,""termination_reason"":""two_core_entries""},{""speed_m_per_s"":1.23046875,""trapped"":true,""termination_reason"":""two_core_entries""},{""speed_m_per_s"":1.25,""trapped"":true,""termination_reason"":""two_core_entries""},{""speed_m_per_s"":1.8359375,""trapped"":true,""termination_reason"":""two_core_entries""}]","[{""speed_m_per_s"":0.7763671875,""trapped"":true,""termination_reason"":""two_core_entries""},{""speed_m_per_s"":0.927734375,""trapped"":true,""termination_reason"":""two_core_entries""},{""speed_m_per_s"":1.23046875,""trapped"":true,""termination_reason"":""two_core_entries""},{""speed_m_per_s"":1.25,""trapped"":true,""termination_reason"":""two_core_entries""},{""speed_m_per_s"":1.8359375,""trapped"":true,""termination_reason"":""two_core_entries""}]",0,[],0,[],0,[],0,[],dual_step_research_recovered_boundary,"targeted timeout-node or endpoint evidence changed or remained non-definitive; complete 200 ms coarse/fine searches recovered compatible definitive brackets, and any internally censored nodes were resolved by the bounded adaptive dual-timestep hierarchy",not_applicable,positive scalar capture threshold,False
14,14,True,2,"[0.7763671875,0.927734375]",0.2,5e-06,2.5e-06,0,[],0.0,0.0,0.0,1.0791015625,1.23046875,two_core_entries,escaped,0.625,1.0791015625,1.0791015625,1.0791015625,1.23046875,1.0791015625,1.23046875,two_core_entries,escaped,two_core_entries,escaped,"[{""speed_m_per_s"":0.7763671875,""trapped"":true,""termination_reason"":""bounded_core_residence""},{""speed_m_per_s"":0.927734375,""trapped"":true,""termination_reason"":""two_core_entries""}]","[{""speed_m_per_s"":0.7763671875,""trapped"":true,""termination_reason"":""bounded_core_residence""},{""speed_m_per_s"":0.927734375,""trapped"":true,""termination_reason"":""two_core_entries""}]",0,[],0,[],0,[],0,[],dual_step_research_recovered_boundary,"targeted timeout-node or endpoint evidence changed or remained non-definitive; complete 200 ms coarse/fine searches recovered compatible definitive brackets, and any internally censored nodes were resolved by the bounded adaptive dual-timestep hierarchy",not_applicable,positive scalar capture threshold,False
14,15,True,1,[0.0],0.2,5e-06,2.5e-06,0,[],0.0,0.0,0.0,1.25,1.5,two_core_entries,escaped,0.0,1.25,1.25,1.25,1.5,1.25,1.5,two_core_entries,escaped,two_core_entries,escaped,[],[],0,[],0,[],0,[],0,[],zero_threshold_grid_resolved_capture,"base-search timeout evidence was superseded by the complete dual-timestep zero-threshold audit, including adaptive node-only escalation where required",grid_resolved_capture,dual-timestep direct grid recovered a contiguous zero-origin capture boundary,False
14,16,True,1,[0.0],0.2,5e-06,2.5e-06,0,[],0.0,0.0,0.0,0.0,2.0,escaped,escaped,0.0,0.0,0.0,0.0,2.0,0.0,2.0,escaped,escaped,escaped,escaped,[],[],0,[],0,[],0,[],0,[],zero_threshold_velocity_resolved_capture,"base-search timeout evidence was superseded by the complete dual-timestep zero-threshold audit, including adaptive node-only escalation where required",velocity_resolved_capture,nonmonotone finite-speed capture retained as a direct boolean mask,True
14,17,True,2,"[0.0,0.25]",0.2,5e-06,2.5e-06,0,[],0.0,0.0,0.0,1.25,1.5,two_core_entries,escaped,0.0,1.25,1.25,1.25,1.5,1.25,1.5,two_core_entries,escaped,two_core_entries,escaped,[],[],0,[],0,[],0,[],0,[],zero_threshold_grid_resolved_capture,"base-search timeout evidence was superseded by the complete dual-timestep zero-threshold audit, including adaptive node-only escalation where required",grid_resolved_capture,dual-timestep direct grid recovered a contiguous zero-origin capture boundary,False
14,18,True,3,"[1.0791015625,1.23046875,1.25]",0.2,5e-06,2.5e-06,0,[],0.0,0.0,0.0,1.54296875,1.689453125,bounded_core_residence,escaped,0.927734375,1.54296875,1.54296875,1.54296875,1.689453125,1.54296875,1.689453125,bounded_core_residence,escaped,bounded_core_residence,escaped,"[{""speed_m_per_s"":1.0791015625,""trapped"":true,""termination_reason"":""two_core_entries""},{""speed_m_per_s"":1.23046875,""trapped"":true,""termination_reason"":""two_core_entries""},{""speed_m_per_s"":1.25,""trapped"":true,""termination_reason"":""two_core_entries""}]","[{""speed_m_per_s"":1.0791015625,""trapped"":true,""termination_reason"":""two_core_entries""},{""speed_m_per_s"":1.23046875,""trapped"":true,""termination_reason"":""two_core_entries""},{""speed_m_per_s"":1.25,""trapped"":true,""termination_reason"":""two_core_entries""}]",0,[],0,[],0,[],0,[],dual_step_research_recovered_boundary,"targeted timeout-node or endpoint evidence changed or remained non-definitive; complete 200 ms coarse/fine searches recovered compatible definitive brackets, and any internally censored nodes were resolved by the bounded adaptive dual-timestep hierarchy",not_applicable,positive scalar capture threshold,False
14,19,True,1,[1.0791015625],0.2,5e-06,2.5e-06,0,[],0.0,0.0,0.0,1.0791015625,1.23046875,bounded_core_residence,escaped,0.927734375,1.0791015625,1.0791015625,1.0791015625,1.23046875,1.0791015625,1.23046875,bounded_core_residence,escaped,bounded_core_residence,escaped,"[{""speed_m_per_s"":1.0791015625,""trapped"":true,""termination_reason"":""bounded_core_residence""}]","[{""speed_m_per_s"":1.0791015625,""trapped"":true,""termination_reason"":""bounded_core_residence""}]",0,[],0,[],0,[],0,[],dual_step_research_recovered_boundary,"targeted timeout-node or endpoint evidence changed or remained non-definitive; complete 200 ms coarse/fine searches recovered compatible definitive brackets, and any internally censored nodes were resolved by the bounded adaptive dual-timestep hierarchy",not_applicable,positive scalar capture threshold,False
14,20,True,1,[0.0],0.2,5e-06,2.5e-06,0,[],0.0,0.0,0.0,1.25,1.5,bounded_core_residence,escaped,0.0,1.25,1.25,1.25,1.5,1.25,1.5,bounded_core_residence,escaped,bounded_core_residence,escaped,[],[],0,[],0,[],0,[],0,[],zero_threshold_grid_resolved_capture,"base-search timeout evidence was superseded by the complete dual-timestep zero-threshold audit, including adaptive node-only escalation where required",grid_resolved_capture,dual-timestep direct grid recovered a contiguous zero-origin capture boundary,False
14,21,True,1,[0.0],0.2,5e-06,2.5e-06,0,[],0.0,0.0,0.0,1.25,1.5,two_core_entries,escaped,0.0,1.25,1.25,1.25,1.5,1.25,1.5,two_core_entries,escaped,two_core_entries,escaped,[],[],0,[],0,[],0,[],0,[],zero_threshold_grid_resolved_capture,"base-search timeout evidence was superseded by the complete dual-timestep zero-threshold audit, including adaptive node-only escalation where required",grid_resolved_capture,dual-timestep direct grid recovered a contiguous zero-origin capture boundary,False
14,22,True,2,"[0.0,0.25]",0.2,5e-06,2.5e-06,0,[],0.0,0.0,0.0,0.0,1.5,escaped,escaped,0.0,0.0,0.0,0.0,1.5,0.0,1.5,escaped,escaped,escaped,escaped,[],[],0,[],0,[],0,[],0,[],zero_threshold_velocity_resolved_capture,"base-search timeout evidence was superseded by the complete dual-timestep zero-threshold audit, including adaptive node-only escalation where required",velocity_resolved_capture,nonmonotone finite-speed capture retained as a direct boolean mask,True
14,23,True,2,"[0.0,0.25]",0.2,5e-06,2.5e-06,0,[],0.0,0.0,0.0,0.0,1.25,escaped,escaped,0.0,0.0,0.0,0.0,1.25,0.0,1.25,escaped,escaped,escaped,escaped,[],[],0,[],0,[],0,[],0,[],zero_threshold_velocity_resolved_capture,"base-search timeout evidence was superseded by the complete dual-timestep zero-threshold audit, including adaptive node-only escalation where required",velocity_resolved_capture,nonmonotone finite-speed capture retained as a direct boolean mask,True
14,24,True,2,"[0.0,0.25]",0.2,5e-06,2.5e-06,0,[],0.0,0.0,0.0,0.0,0.25,escaped,escaped,0.0,0.0,0.0,0.0,0.25,0.0,0.25,escaped,escaped,escaped,escaped,[],[],0,[],0,[],0,[],0,[],zero_threshold_velocity_resolved_capture,"base-search timeout evidence was superseded by the complete dual-timestep zero-threshold audit, including adaptive node-only escalation where required",velocity_resolved_capture,nonmonotone finite-speed capture retained as a direct boolean mask,True
15,0,True,2,"[0.0,0.25]",0.2,5e-06,2.5e-06,0,[],0.0,0.0,0.0,0.75,1.0,bounded_core_residence,escaped,0.0,0.75,0.75,0.75,1.0,0.75,1.0,bounded_core_residence,escaped,bounded_core_residence,escaped,[],[],0,[],0,[],0,[],0,[],zero_threshold_grid_resolved_capture,"base-search timeout evidence was superseded by the complete dual-timestep zero-threshold audit, including adaptive node-only escalation where required",grid_resolved_capture,dual-timestep direct grid recovered a contiguous zero-origin capture boundary,False
15,1,True,2,"[0.0,0.25]",0.2,5e-06,2.5e-06,0,[],0.0,0.0,0.0,0.0,1.75,escaped,escaped,0.0,0.0,0.0,0.0,1.75,0.0,1.75,escaped,escaped,escaped,escaped,[],[],0,[],0,[],0,[],0,[],zero_threshold_velocity_resolved_capture,"base-search timeout evidence was superseded by the complete dual-timestep zero-threshold audit, including adaptive node-only escalation where required",velocity_resolved_capture,nonmonotone finite-speed capture retained as a direct boolean mask,True
15,2,True,2,"[0.0,0.25]",0.2,5e-06,2.5e-06,0,[],0.0,0.0,0.0,0.0,2.25,escaped,escaped,0.0,0.0,0.0,0.0,2.25,0.0,2.25,escaped,escaped,escaped,escaped,[],[],0,[],0,[],0,[],0,[],zero_threshold_velocity_resolved_capture,"base-search timeout evidence was superseded by the complete dual-timestep zero-threshold audit, including adaptive node-only escalation where required",velocity_resolved_capture,nonmonotone finite-speed capture retained as a direct boolean mask,True
15,3,True,8,"[0.46630859375,0.6201171875,0.625,0.927734375,1.25,1.54296875,2.5,2.7734375]",0.2,5e-06,2.5e-06,1,"[{""level_index"":1,""duration_s"":0.25,""coarse_time_step_s"":5e-06,""fine_time_step_s"":2.5e-06,""velocity_m_per_s"":2.5,""resolved"":true,""coarse_result"":{""trapped"":true,""termination_reason"":""two_core_entries"",""elapsed_time_s"":0.21044500000014008,""minimum_radius_m"":0.0019680259877394093,""final_radius_m"":0.0019993978044899746,""final_position_m"":[-0.0010418312189172934,0.0007939382736885484,-0.0015105764824930531],""final_velocity_m_per_s"":[0.30121865894424515,0.13237220170408584,0.0700823565212492],""entered_trap_core"":true,""core_entry_count"":2},""fine_result"":{""trapped"":true,""termination_reason"":""two_core_entries"",""elapsed_time_s"":0.21044249999970097,""minimum_radius_m"":0.0019680259920605843,""final_radius_m"":0.0019997908999602617,""final_position_m"":[-0.0010425842039691994,0.0007936071976024987,-0.0015107512823464007],""final_velocity_m_per_s"":[0.3011642760648274,0.13248539048755092,0.06975571118787026],""entered_trap_core"":true,""core_entry_count"":2}}]",0.25,5e-06,2.5e-06,3.0078125,3.154296875,bounded_core_residence,escaped,0.3125,3.0078125,3.0078125,3.0078125,3.154296875,3.0078125,3.154296875,bounded_core_residence,escaped,bounded_core_residence,escaped,"[{""speed_m_per_s"":0.46630859375,""trapped"":true,""termination_reason"":""bounded_core_residence""},{""speed_m_per_s"":0.6201171875,""trapped"":true,""termination_reason"":""bounded_core_residence""},{""speed_m_per_s"":0.625,""trapped"":true,""termination_reason"":""bounded_core_residence""},{""speed_m_per_s"":0.927734375,""trapped"":true,""termination_reason"":""bounded_core_residence""},{""speed_m_per_s"":1.25,""trapped"":true,""termination_reason"":""bounded_core_residence""},{""speed_m_per_s"":1.54296875,""trapped"":true,""termination_reason"":""two_core_entries""},{""speed_m_per_s"":2.5,""trapped"":false,""termination_reason"":""timeout""},{""speed_m_per_s"":2.7734375,""trapped"":false,""termination_reason"":""escaped""}]","[{""speed_m_per_s"":0.46630859375,""trapped"":true,""termination_reason"":""bounded_core_residence""},{""speed_m_per_s"":0.6201171875,""trapped"":true,""termination_reason"":""bounded_core_residence""},{""speed_m_per_s"":0.625,""trapped"":true,""termination_reason"":""bounded_core_residence""},{""speed_m_per_s"":0.927734375,""trapped"":true,""termination_reason"":""bounded_core_residence""},{""speed_m_per_s"":1.25,""trapped"":true,""termination_reason"":""bounded_core_residence""},{""speed_m_per_s"":1.54296875,""trapped"":true,""termination_reason"":""two_core_entries""},{""speed_m_per_s"":2.5,""trapped"":false,""termination_reason"":""timeout""},{""speed_m_per_s"":2.7734375,""trapped"":false,""termination_reason"":""escaped""}]",0,[],0,[],1,[2.5],1,[2.5],adaptive_dual_step_research_recovered_boundary,"targeted timeout-node or endpoint evidence changed or remained non-definitive; complete 200 ms coarse/fine searches recovered compatible definitive brackets, and any internally censored nodes were resolved by the bounded adaptive dual-timestep hierarchy",not_applicable,positive scalar capture threshold,False
15,4,True,2,"[0.0,0.25]",0.2,5e-06,2.5e-06,0,[],0.0,0.0,0.0,2.0,2.25,two_core_entries,escaped,0.0,2.0,2.0,2.0,2.25,2.0,2.25,two_core_entries,escaped,two_core_entries,escaped,[],[],0,[],0,[],0,[],0,[],zero_threshold_grid_resolved_capture,"base-search timeout evidence was superseded by the complete dual-timestep zero-threshold audit, including adaptive node-only escalation where required",grid_resolved_capture,dual-timestep direct grid recovered a contiguous zero-origin capture boundary,False
15,5,True,2,"[0.0,0.25]",0.2,5e-06,2.5e-06,0,[],0.0,0.0,0.0,0.0,1.5,escaped,escaped,0.0,0.0,0.0,0.0,1.5,0.0,1.5,escaped,escaped,escaped,escaped,[],[],0,[],0,[],0,[],0,[],zero_threshold_velocity_resolved_capture,"base-search timeout evidence was superseded by the complete dual-timestep zero-threshold audit, including adaptive node-only escalation where required",velocity_resolved_capture,nonmonotone finite-speed capture retained as a direct boolean mask,True
15,6,True,1,[0.0],0.2,5e-06,2.5e-06,0,[],0.0,0.0,0.0,0.75,1.0,bounded_core_residence,escaped,0.0,0.75,0.75,0.75,1.0,0.75,1.0,bounded_core_residence,escaped,bounded_core_residence,escaped,[],[],0,[],0,[],0,[],0,[],zero_threshold_grid_resolved_capture,"base-search timeout evidence was superseded by the complete dual-timestep zero-threshold audit, including adaptive node-only escalation where required",grid_resolved_capture,dual-timestep direct grid recovered a contiguous zero-origin capture boundary,False
15,7,True,2,"[0.0,0.25]",0.2,5e-06,2.5e-06,0,[],0.0,0.0,0.0,0.0,1.75,escaped,escaped,0.0,0.0,0.0,0.0,1.75,0.0,1.75,escaped,escaped,escaped,escaped,[],[],0,[],0,[],0,[],0,[],zero_threshold_velocity_resolved_capture,"base-search timeout evidence was superseded by the complete dual-timestep zero-threshold audit, including adaptive node-only escalation where required",velocity_resolved_capture,nonmonotone finite-speed capture retained as a direct boolean mask,True
15,8,True,2,"[0.0,0.25]",0.2,5e-06,2.5e-06,0,[],0.0,0.0,0.0,0.0,1.75,escaped,escaped,0.0,0.0,0.0,0.0,1.75,0.0,1.75,escaped,escaped,escaped,escaped,[],[],0,[],0,[],0,[],0,[],zero_threshold_velocity_resolved_capture,"base-search timeout evidence was superseded by the complete dual-timestep zero-threshold audit, including adaptive node-only escalation where required",velocity_resolved_capture,nonmonotone finite-speed capture retained as a direct boolean mask,True
15,9,True,2,"[0.0,0.25]",0.2,5e-06,2.5e-06,0,[],0.0,0.0,0.0,0.0,2.75,escaped,escaped,0.0,0.0,0.0,0.0,2.75,0.0,2.75,escaped,escaped,escaped,escaped,[],[],0,[],0,[],0,[],0,[],zero_threshold_velocity_resolved_capture,"base-search timeout evidence was superseded by the complete dual-timestep zero-threshold audit, including adaptive node-only escalation where required",velocity_resolved_capture,nonmonotone finite-speed capture retained as a direct boolean mask,True
15,10,True,2,"[0.0,0.25]",0.2,5e-06,2.5e-06,0,[],0.0,0.0,0.0,0.0,3.0,escaped,escaped,0.0,0.0,0.0,0.0,3.0,0.0,3.0,escaped,escaped,escaped,escaped,[],[],0,[],0,[],0,[],0,[],zero_threshold_velocity_resolved_capture,"base-search timeout evidence was superseded by the complete dual-timestep zero-threshold audit, including adaptive node-only escalation where required",velocity_resolved_capture,nonmonotone finite-speed capture retained as a direct boolean mask,True
15,11,True,2,"[0.0,0.25]",0.2,5e-06,2.5e-06,0,[],0.0,0.0,0.0,0.0,1.25,escaped,escaped,0.0,0.0,0.0,0.0,1.25,0.0,1.25,escaped,escaped,escaped,escaped,[],[],0,[],0,[],0,[],0,[],zero_threshold_velocity_resolved_capture,"base-search timeout evidence was superseded by the complete dual-timestep zero-threshold audit, including adaptive node-only escalation where required",velocity_resolved_capture,nonmonotone finite-speed capture retained as a direct boolean mask,True
15,12,True,2,"[0.0,0.25]",0.2,5e-06,2.5e-06,0,[],0.0,0.0,0.0,2.0,2.25,bounded_core_residence,escaped,0.0,2.0,2.0,2.0,2.25,2.0,2.25,bounded_core_residence,escaped,bounded_core_residence,escaped,[],[],0,[],0,[],0,[],0,[],zero_threshold_grid_resolved_capture,"base-search timeout evidence was superseded by the complete dual-timestep zero-threshold audit, including adaptive node-only escalation where required",grid_resolved_capture,dual-timestep direct grid recovered a contiguous zero-origin capture boundary,False
15,13,True,2,"[0.0,0.25]",0.2,5e-06,2.5e-06,0,[],0.0,0.0,0.0,1.0,1.25,bounded_core_residence,escaped,0.0,1.0,1.0,1.0,1.25,1.0,1.25,bounded_core_residence,escaped,bounded_core_residence,escaped,[],[],0,[],0,[],0,[],0,[],zero_threshold_grid_resolved_capture,"base-search timeout evidence was superseded by the complete dual-timestep zero-threshold audit, including adaptive node-only escalation where required",grid_resolved_capture,dual-timestep direct grid recovered a contiguous zero-origin capture boundary,False
15,14,True,1,[0.927734375],0.2,5e-06,2.5e-06,0,[],0.0,0.0,0.0,0.927734375,1.0791015625,bounded_core_residence,escaped,0.7763671875,0.927734375,0.927734375,0.927734375,1.0791015625,0.927734375,1.0791015625,bounded_core_residence,escaped,bounded_core_residence,escaped,"[{""speed_m_per_s"":0.927734375,""trapped"":true,""termination_reason"":""bounded_core_residence""}]","[{""speed_m_per_s"":0.927734375,""trapped"":true,""termination_reason"":""bounded_core_residence""}]",0,[],0,[],0,[],0,[],dual_step_research_recovered_boundary,"targeted timeout-node or endpoint evidence changed or remained non-definitive; complete 200 ms coarse/fine searches recovered compatible definitive brackets, and any internally censored nodes were resolved by the bounded adaptive dual-timestep hierarchy",not_applicable,positive scalar capture threshold,False
15,15,True,2,"[0.0,0.25]",0.2,5e-06,2.5e-06,0,[],0.0,0.0,0.0,1.75,2.0,two_core_entries,escaped,0.0,1.75,1.75,1.75,2.0,1.75,2.0,two_core_entries,escaped,two_core_entries,escaped,[],[],0,[],0,[],0,[],0,[],zero_threshold_grid_resolved_capture,"base-search timeout evidence was superseded by the complete dual-timestep zero-threshold audit, including adaptive node-only escalation where required",grid_resolved_capture,dual-timestep direct grid recovered a contiguous zero-origin capture boundary,False
15,16,True,2,"[2.7734375,3.046875]",0.2,5e-06,2.5e-06,0,[],0.0,0.0,0.0,2.91015625,3.046875,two_core_entries,escaped,2.63671875,2.91015625,2.91015625,2.91015625,3.046875,2.91015625,3.046875,two_core_entries,escaped,two_core_entries,escaped,"[{""speed_m_per_s"":2.7734375,""trapped"":true,""termination_reason"":""two_core_entries""},{""speed_m_per_s"":3.046875,""trapped"":false,""termination_reason"":""escaped""}]","[{""speed_m_per_s"":2.7734375,""trapped"":true,""termination_reason"":""two_core_entries""},{""speed_m_per_s"":3.046875,""trapped"":false,""termination_reason"":""escaped""}]",0,[],0,[],0,[],0,[],dual_step_research_recovered_boundary,"targeted timeout-node or endpoint evidence changed or remained non-definitive; complete 200 ms coarse/fine searches recovered compatible definitive brackets, and any internally censored nodes were resolved by the bounded adaptive dual-timestep hierarchy",not_applicable,positive scalar capture threshold,False
15,17,False,0,[],0.05,5e-06,5e-06,0,[],0.0,0.0,0.0,0.7763671875,0.927734375,two_core_entries,escaped,0.7763671875,0.7763671875,0.7763671875,0.7763671875,0.927734375,0.7763671875,0.927734375,two_core_entries,escaped,two_core_entries,escaped,[],[],0,[],0,[],0,[],0,[],not_required,base search contained no timeout,not_applicable,positive scalar capture threshold,False
15,18,True,2,"[0.0,0.25]",0.2,5e-06,2.5e-06,0,[],0.0,0.0,0.0,1.0,1.25,two_core_entries,escaped,0.0,1.0,1.0,1.0,1.25,1.0,1.25,two_core_entries,escaped,two_core_entries,escaped,[],[],0,[],0,[],0,[],0,[],zero_threshold_grid_resolved_capture,"base-search timeout evidence was superseded by the complete dual-timestep zero-threshold audit, including adaptive node-only escalation where required",grid_resolved_capture,dual-timestep direct grid recovered a contiguous zero-origin capture boundary,False
15,19,True,2,"[0.0,0.25]",0.2,5e-06,2.5e-06,0,[],0.0,0.0,0.0,0.75,1.0,two_core_entries,escaped,0.0,0.75,0.75,0.75,1.0,0.75,1.0,two_core_entries,escaped,two_core_entries,escaped,[],[],0,[],0,[],0,[],0,[],zero_threshold_grid_resolved_capture,"base-search timeout evidence was superseded by the complete dual-timestep zero-threshold audit, including adaptive node-only escalation where required",grid_resolved_capture,dual-timestep direct grid recovered a contiguous zero-origin capture boundary,False
15,20,True,2,"[0.0,0.25]",0.2,5e-06,2.5e-06,0,[],0.0,0.0,0.0,0.0,3.0,escaped,escaped,0.0,0.0,0.0,0.0,3.0,0.0,3.0,escaped,escaped,escaped,escaped,[],[],0,[],0,[],0,[],0,[],zero_threshold_velocity_resolved_capture,"base-search timeout evidence was superseded by the complete dual-timestep zero-threshold audit, including adaptive node-only escalation where required",velocity_resolved_capture,nonmonotone finite-speed capture retained as a direct boolean mask,True
15,21,False,0,[],0.05,5e-06,5e-06,0,[],0.0,0.0,0.0,0.7763671875,0.927734375,two_core_entries,escaped,0.7763671875,0.7763671875,0.7763671875,0.7763671875,0.927734375,0.7763671875,0.927734375,two_core_entries,escaped,two_core_entries,escaped,[],[],0,[],0,[],0,[],0,[],not_required,base search contained no timeout,not_applicable,positive scalar capture threshold,False
15,22,True,2,"[0.0,0.25]",0.2,5e-06,2.5e-06,0,[],0.0,0.0,0.0,0.0,1.75,escaped,escaped,0.0,0.0,0.0,0.0,1.75,0.0,1.75,escaped,escaped,escaped,escaped,[],[],0,[],0,[],0,[],0,[],zero_threshold_velocity_resolved_capture,"base-search timeout evidence was superseded by the complete dual-timestep zero-threshold audit, including adaptive node-only escalation where required",velocity_resolved_capture,nonmonotone finite-speed capture retained as a direct boolean mask,True
15,23,True,2,"[0.0,0.25]",0.2,5e-06,2.5e-06,0,[],0.0,0.0,0.0,0.0,1.25,escaped,escaped,0.0,0.0,0.0,0.0,1.25,0.0,1.25,escaped,escaped,escaped,escaped,[],[],0,[],0,[],0,[],0,[],zero_threshold_velocity_resolved_capture,"base-search timeout evidence was superseded by the complete dual-timestep zero-threshold audit, including adaptive node-only escalation where required",velocity_resolved_capture,nonmonotone finite-speed capture retained as a direct boolean mask,True
15,24,True,1,[0.0],0.2,5e-06,2.5e-06,0,[],0.0,0.0,0.0,3.25,3.5,two_core_entries,escaped,0.0,3.25,3.25,3.25,3.5,3.25,3.5,two_core_entries,escaped,two_core_entries,escaped,[],[],0,[],0,[],0,[],0,[],zero_threshold_grid_resolved_capture,"base-search timeout evidence was superseded by the complete dual-timestep zero-threshold audit, including adaptive node-only escalation where required",grid_resolved_capture,dual-timestep direct grid recovered a contiguous zero-origin capture boundary,False
16,0,True,2,"[0.0,0.25]",0.2,5e-06,2.5e-06,0,[],0.0,0.0,0.0,1.0,1.25,bounded_core_residence,escaped,0.0,1.0,1.0,1.0,1.25,1.0,1.25,bounded_core_residence,escaped,bounded_core_residence,escaped,[],[],0,[],0,[],0,[],0,[],zero_threshold_grid_resolved_capture,"base-search timeout evidence was superseded by the complete dual-timestep zero-threshold audit, including adaptive node-only escalation where required",grid_resolved_capture,dual-timestep direct grid recovered a contiguous zero-origin capture boundary,False
16,1,True,2,"[0.0,0.25]",0.2,5e-06,2.5e-06,0,[],0.0,0.0,0.0,3.5,3.75,bounded_core_residence,escaped,0.0,3.5,3.5,3.5,3.75,3.5,3.75,bounded_core_residence,escaped,bounded_core_residence,escaped,[],[],0,[],0,[],0,[],0,[],zero_threshold_grid_resolved_capture,"base-search timeout evidence was superseded by the complete dual-timestep zero-threshold audit, including adaptive node-only escalation where required",grid_resolved_capture,dual-timestep direct grid recovered a contiguous zero-origin capture boundary,False
16,2,True,2,"[0.0,0.25]",0.2,5e-06,2.5e-06,0,[],0.0,0.0,0.0,0.0,1.25,escaped,escaped,0.0,0.0,0.0,0.0,1.25,0.0,1.25,escaped,escaped,escaped,escaped,[],[],0,[],0,[],0,[],0,[],zero_threshold_velocity_resolved_capture,"base-search timeout evidence was superseded by the complete dual-timestep zero-threshold audit, including adaptive node-only escalation where required",velocity_resolved_capture,nonmonotone finite-speed capture retained as a direct boolean mask,True
16,3,True,2,"[0.0,0.25]",0.2,5e-06,2.5e-06,0,[],0.0,0.0,0.0,0.0,3.75,escaped,escaped,0.0,0.0,0.0,0.0,3.75,0.0,3.75,escaped,escaped,escaped,escaped,[],[],0,[],0,[],0,[],0,[],zero_threshold_velocity_resolved_capture,"base-search timeout evidence was superseded by the complete dual-timestep zero-threshold audit, including adaptive node-only escalation where required",velocity_resolved_capture,nonmonotone finite-speed capture retained as a direct boolean mask,True
16,4,True,2,"[0.0,0.25]",0.2,5e-06,2.5e-06,0,[],0.0,0.0,0.0,1.0,1.25,two_core_entries,escaped,0.0,1.0,1.0,1.0,1.25,1.0,1.25,two_core_entries,escaped,two_core_entries,escaped,[],[],0,[],0,[],0,[],0,[],zero_threshold_grid_resolved_capture,"base-search timeout evidence was superseded by the complete dual-timestep zero-threshold audit, including adaptive node-only escalation where required",grid_resolved_capture,dual-timestep direct grid recovered a contiguous zero-origin capture boundary,False
16,5,True,3,"[2.12890625,2.421875,2.5]",0.2,5e-06,2.5e-06,0,[],0.0,0.0,0.0,3.18359375,3.3203125,two_core_entries,escaped,1.982421875,3.18359375,3.18359375,3.18359375,3.3203125,3.18359375,3.3203125,two_core_entries,escaped,two_core_entries,escaped,"[{""speed_m_per_s"":2.12890625,""trapped"":true,""termination_reason"":""bounded_core_residence""},{""speed_m_per_s"":2.421875,""trapped"":true,""termination_reason"":""two_core_entries""},{""speed_m_per_s"":2.5,""trapped"":true,""termination_reason"":""bounded_core_residence""}]","[{""speed_m_per_s"":2.12890625,""trapped"":true,""termination_reason"":""bounded_core_residence""},{""speed_m_per_s"":2.421875,""trapped"":true,""termination_reason"":""two_core_entries""},{""speed_m_per_s"":2.5,""trapped"":true,""termination_reason"":""bounded_core_residence""}]",0,[],0,[],0,[],0,[],dual_step_research_recovered_boundary,"targeted timeout-node or endpoint evidence changed or remained non-definitive; complete 200 ms coarse/fine searches recovered compatible definitive brackets, and any internally censored nodes were resolved by the bounded adaptive dual-timestep hierarchy",not_applicable,positive scalar capture threshold,False
16,6,True,2,"[0.0,0.25]",0.2,5e-06,2.5e-06,0,[],0.0,0.0,0.0,2.25,2.5,bounded_core_residence,escaped,0.0,2.25,2.25,2.25,2.5,2.25,2.5,bounded_core_residence,escaped,bounded_core_residence,escaped,[],[],0,[],0,[],0,[],0,[],zero_threshold_grid_resolved_capture,"base-search timeout evidence was superseded by the complete dual-timestep zero-threshold audit, including adaptive node-only escalation where required",grid_resolved_capture,dual-timestep direct grid recovered a contiguous zero-origin capture boundary,False
16,7,True,4,"[3.046875,3.59375,4.6875,5.0]",0.2,5e-06,2.5e-06,0,[],0.0,0.0,0.0,4.82421875,4.9609375,bounded_core_residence,escaped,2.91015625,4.82421875,4.82421875,4.82421875,4.9609375,4.82421875,4.9609375,bounded_core_residence,escaped,bounded_core_residence,escaped,"[{""speed_m_per_s"":3.046875,""trapped"":true,""termination_reason"":""bounded_core_residence""},{""speed_m_per_s"":3.59375,""trapped"":true,""termination_reason"":""bounded_core_residence""},{""speed_m_per_s"":4.6875,""trapped"":true,""termination_reason"":""two_core_entries""},{""speed_m_per_s"":5.0,""trapped"":false,""termination_reason"":""escaped""}]","[{""speed_m_per_s"":3.046875,""trapped"":true,""termination_reason"":""bounded_core_residence""},{""speed_m_per_s"":3.59375,""trapped"":true,""termination_reason"":""bounded_core_residence""},{""speed_m_per_s"":4.6875,""trapped"":true,""termination_reason"":""two_core_entries""},{""speed_m_per_s"":5.0,""trapped"":false,""termination_reason"":""escaped""}]",0,[],0,[],0,[],0,[],dual_step_research_recovered_boundary,"targeted timeout-node or endpoint evidence changed or remained non-definitive; complete 200 ms coarse/fine searches recovered compatible definitive brackets, and any internally censored nodes were resolved by the bounded adaptive dual-timestep hierarchy",not_applicable,positive scalar capture threshold,False
16,8,True,1,[3.046875],0.2,5e-06,2.5e-06,0,[],0.0,0.0,0.0,3.18359375,3.3203125,two_core_entries,escaped,2.91015625,3.18359375,3.18359375,3.18359375,3.3203125,3.18359375,3.3203125,two_core_entries,escaped,two_core_entries,escaped,"[{""speed_m_per_s"":3.046875,""trapped"":true,""termination_reason"":""two_core_entries""}]","[{""speed_m_per_s"":3.046875,""trapped"":true,""termination_reason"":""two_core_entries""}]",0,[],0,[],0,[],0,[],dual_step_research_recovered_boundary,"targeted timeout-node or endpoint evidence changed or remained non-definitive; complete 200 ms coarse/fine searches recovered compatible definitive brackets, and any internally censored nodes were resolved by the bounded adaptive dual-timestep hierarchy",not_applicable,positive scalar capture threshold,False
16,9,True,2,"[0.0,0.25]",0.2,5e-06,2.5e-06,0,[],0.0,0.0,0.0,0.0,2.0,escaped,escaped,0.0,0.0,0.0,0.0,2.0,0.0,2.0,escaped,escaped,escaped,escaped,[],[],0,[],0,[],0,[],0,[],zero_threshold_velocity_resolved_capture,"base-search timeout evidence was superseded by the complete dual-timestep zero-threshold audit, including adaptive node-only escalation where required",velocity_resolved_capture,nonmonotone finite-speed capture retained as a direct boolean mask,True
16,10,True,2,"[0.0,0.25]",0.2,5e-06,2.5e-06,1,"[{""level_index"":1,""duration_s"":0.25,""coarse_time_step_s"":5e-06,""fine_time_step_s"":2.5e-06,""velocity_m_per_s"":1.25,""resolved"":true,""coarse_result"":{""trapped"":true,""termination_reason"":""two_core_entries"",""elapsed_time_s"":0.20611000000013574,""minimum_radius_m"":0.0019463874950780787,""final_radius_m"":0.001999991969635513,""final_position_m"":[-0.0009868557941756391,0.0002970440742225531,-0.00171401526774932],""final_velocity_m_per_s"":[0.410182386465924,0.11103330412086802,0.07910520882694891],""entered_trap_core"":true,""core_entry_count"":2},""fine_result"":{""trapped"":true,""termination_reason"":""two_core_entries"",""elapsed_time_s"":0.20610999999972068,""minimum_radius_m"":0.001946386119969515,""final_radius_m"":0.001999991969653494,""final_position_m"":[-0.0009868557942133585,0.0002970440742320222,-0.0017140152677469426],""final_velocity_m_per_s"":[0.41018238646927835,0.11103330412250738,0.07910520882450325],""entered_trap_core"":true,""core_entry_count"":2}}]",0.25,5e-06,2.5e-06,0.0,1.5,escaped,escaped,0.0,0.0,0.0,0.0,1.5,0.0,1.5,escaped,escaped,escaped,escaped,[],[],0,[],0,[],0,[],0,[],zero_threshold_velocity_resolved_capture,"base-search timeout evidence was superseded by the complete dual-timestep zero-threshold audit, including adaptive node-only escalation where required",velocity_resolved_capture,nonmonotone finite-speed capture retained as a direct boolean mask,True
16,11,True,3,"[2.12890625,2.421875,2.5]",0.2,5e-06,2.5e-06,0,[],0.0,0.0,0.0,3.046875,3.18359375,two_core_entries,escaped,1.982421875,3.046875,3.046875,3.046875,3.18359375,3.046875,3.18359375,two_core_entries,escaped,two_core_entries,escaped,"[{""speed_m_per_s"":2.12890625,""trapped"":true,""termination_reason"":""bounded_core_residence""},{""speed_m_per_s"":2.421875,""trapped"":true,""termination_reason"":""bounded_core_residence""},{""speed_m_per_s"":2.5,""trapped"":true,""termination_reason"":""bounded_core_residence""}]","[{""speed_m_per_s"":2.12890625,""trapped"":true,""termination_reason"":""bounded_core_residence""},{""speed_m_per_s"":2.421875,""trapped"":true,""termination_reason"":""bounded_core_residence""},{""speed_m_per_s"":2.5,""trapped"":true,""termination_reason"":""bounded_core_residence""}]",0,[],0,[],0,[],0,[],dual_step_research_recovered_boundary,"targeted timeout-node or endpoint evidence changed or remained non-definitive; complete 200 ms coarse/fine searches recovered compatible definitive brackets, and any internally censored nodes were resolved by the bounded adaptive dual-timestep hierarchy",not_applicable,positive scalar capture threshold,False
16,12,True,2,"[0.0,0.25]",0.2,5e-06,2.5e-06,0,[],0.0,0.0,0.0,0.0,1.25,escaped,escaped,0.0,0.0,0.0,0.0,1.25,0.0,1.25,escaped,escaped,escaped,escaped,[],[],0,[],0,[],0,[],0,[],zero_threshold_velocity_resolved_capture,"base-search timeout evidence was superseded by the complete dual-timestep zero-threshold audit, including adaptive node-only escalation where required",velocity_resolved_capture,nonmonotone finite-speed capture retained as a direct boolean mask,True
16,13,True,2,"[0.0,0.25]",0.2,5e-06,2.5e-06,0,[],0.0,0.0,0.0,1.25,1.5,bounded_core_residence,escaped,0.0,1.25,1.25,1.25,1.5,1.25,1.5,bounded_core_residence,escaped,bounded_core_residence,escaped,[],[],0,[],0,[],0,[],0,[],zero_threshold_grid_resolved_capture,"base-search timeout evidence was superseded by the complete dual-timestep zero-threshold audit, including adaptive node-only escalation where required",grid_resolved_capture,dual-timestep direct grid recovered a contiguous zero-origin capture boundary,False
16,14,True,2,"[0.0,0.25]",0.2,5e-06,2.5e-06,0,[],0.0,0.0,0.0,0.0,0.25,escaped,escaped,0.0,0.0,0.0,0.0,0.25,0.0,0.25,escaped,escaped,escaped,escaped,[],[],0,[],0,[],0,[],0,[],zero_threshold_velocity_resolved_capture,"base-search timeout evidence was superseded by the complete dual-timestep zero-threshold audit, including adaptive node-only escalation where required",velocity_resolved_capture,nonmonotone finite-speed capture retained as a direct boolean mask,True
16,15,True,6,"[0.7763671875,0.927734375,1.23046875,1.25,1.8359375,2.5]",0.2,5e-06,2.5e-06,0,[],0.0,0.0,0.0,2.421875,2.568359375,bounded_core_residence,escaped,0.625,2.421875,2.421875,2.421875,2.568359375,2.421875,2.568359375,bounded_core_residence,escaped,bounded_core_residence,escaped,"[{""speed_m_per_s"":0.7763671875,""trapped"":true,""termination_reason"":""bounded_core_residence""},{""speed_m_per_s"":0.927734375,""trapped"":true,""termination_reason"":""bounded_core_residence""},{""speed_m_per_s"":1.23046875,""trapped"":true,""termination_reason"":""bounded_core_residence""},{""speed_m_per_s"":1.25,""trapped"":true,""termination_reason"":""bounded_core_residence""},{""speed_m_per_s"":1.8359375,""trapped"":true,""termination_reason"":""bounded_core_residence""},{""speed_m_per_s"":2.5,""trapped"":false,""termination_reason"":""escaped""}]","[{""speed_m_per_s"":0.7763671875,""trapped"":true,""termination_reason"":""bounded_core_residence""},{""speed_m_per_s"":0.927734375,""trapped"":true,""termination_reason"":""bounded_core_residence""},{""speed_m_per_s"":1.23046875,""trapped"":true,""termination_reason"":""bounded_core_residence""},{""speed_m_per_s"":1.25,""trapped"":true,""termination_reason"":""bounded_core_residence""},{""speed_m_per_s"":1.8359375,""trapped"":true,""termination_reason"":""bounded_core_residence""},{""speed_m_per_s"":2.5,""trapped"":false,""termination_reason"":""escaped""}]",0,[],0,[],0,[],0,[],dual_step_research_recovered_boundary,"targeted timeout-node or endpoint evidence changed or remained non-definitive; complete 200 ms coarse/fine searches recovered compatible definitive brackets, and any internally censored nodes were resolved by the bounded adaptive dual-timestep hierarchy",not_applicable,positive scalar capture threshold,False
16,16,True,1,[0.0],0.2,5e-06,2.5e-06,0,[],0.0,0.0,0.0,0.0,1.25,escaped,escaped,0.0,0.0,0.0,0.0,1.25,0.0,1.25,escaped,escaped,escaped,escaped,[],[],0,[],0,[],0,[],0,[],zero_threshold_velocity_resolved_capture,"base-search timeout evidence was superseded by the complete dual-timestep zero-threshold audit, including adaptive node-only escalation where required",velocity_resolved_capture,nonmonotone finite-speed capture retained as a direct boolean mask,True
16,17,True,2,"[0.0,0.25]",0.2,5e-06,2.5e-06,0,[],0.0,0.0,0.0,1.0,1.25,two_core_entries,escaped,0.0,1.0,1.0,1.0,1.25,1.0,1.25,two_core_entries,escaped,two_core_entries,escaped,[],[],0,[],0,[],0,[],0,[],zero_threshold_grid_resolved_capture,"base-search timeout evidence was superseded by the complete dual-timestep zero-threshold audit, including adaptive node-only escalation where required",grid_resolved_capture,dual-timestep direct grid recovered a contiguous zero-origin capture boundary,False
16,18,True,2,"[0.0,0.25]",0.2,5e-06,2.5e-06,0,[],0.0,0.0,0.0,1.0,1.25,two_core_entries,escaped,0.0,1.0,1.0,1.0,1.25,1.0,1.25,two_core_entries,escaped,two_core_entries,escaped,[],[],0,[],0,[],0,[],0,[],zero_threshold_grid_resolved_capture,"base-search timeout evidence was superseded by the complete dual-timestep zero-threshold audit, including adaptive node-only escalation where required",grid_resolved_capture,dual-timestep direct grid recovered a contiguous zero-origin capture boundary,False
16,19,True,2,"[0.0,0.25]",0.2,5e-06,2.5e-06,0,[],0.0,0.0,0.0,3.75,4.0,bounded_core_residence,escaped,0.0,3.75,3.75,3.75,4.0,3.75,4.0,bounded_core_residence,escaped,bounded_core_residence,escaped,[],[],0,[],0,[],0,[],0,[],zero_threshold_grid_resolved_capture,"base-search timeout evidence was superseded by the complete dual-timestep zero-threshold audit, including adaptive node-only escalation where required",grid_resolved_capture,dual-timestep direct grid recovered a contiguous zero-origin capture boundary,False
16,20,True,2,"[0.0,0.25]",0.2,5e-06,2.5e-06,0,[],0.0,0.0,0.0,0.0,1.75,escaped,escaped,0.0,0.0,0.0,0.0,1.75,0.0,1.75,escaped,escaped,escaped,escaped,[],[],0,[],0,[],0,[],0,[],zero_threshold_velocity_resolved_capture,"base-search timeout evidence was superseded by the complete dual-timestep zero-threshold audit, including adaptive node-only escalation where required",velocity_resolved_capture,nonmonotone finite-speed capture retained as a direct boolean mask,True
16,21,True,1,[0.0],0.2,5e-06,2.5e-06,0,[],0.0,0.0,0.0,1.75,2.0,two_core_entries,escaped,0.0,1.75,1.75,1.75,2.0,1.75,2.0,two_core_entries,escaped,two_core_entries,escaped,[],[],0,[],0,[],0,[],0,[],zero_threshold_grid_resolved_capture,"base-search timeout evidence was superseded by the complete dual-timestep zero-threshold audit, including adaptive node-only escalation where required",grid_resolved_capture,dual-timestep direct grid recovered a contiguous zero-origin capture boundary,False
16,22,True,1,[0.0],0.2,5e-06,2.5e-06,0,[],0.0,0.0,0.0,1.75,2.0,two_core_entries,escaped,0.0,1.75,1.75,1.75,2.0,1.75,2.0,two_core_entries,escaped,two_core_entries,escaped,[],[],0,[],0,[],0,[],0,[],zero_threshold_grid_resolved_capture,"base-search timeout evidence was superseded by the complete dual-timestep zero-threshold audit, including adaptive node-only escalation where required",grid_resolved_capture,dual-timestep direct grid recovered a contiguous zero-origin capture boundary,False
16,23,True,2,"[0.0,0.25]",0.2,5e-06,2.5e-06,0,[],0.0,0.0,0.0,1.5,1.75,two_core_entries,escaped,0.0,1.5,1.5,1.5,1.75,1.5,1.75,two_core_entries,escaped,two_core_entries,escaped,[],[],0,[],0,[],0,[],0,[],zero_threshold_grid_resolved_capture,"base-search timeout evidence was superseded by the complete dual-timestep zero-threshold audit, including adaptive node-only escalation where required",grid_resolved_capture,dual-timestep direct grid recovered a contiguous zero-origin capture boundary,False
16,24,True,3,"[1.396484375,1.54296875,1.8359375]",0.2,5e-06,2.5e-06,0,[],0.0,0.0,0.0,2.275390625,2.421875,two_core_entries,escaped,1.25,2.275390625,2.275390625,2.275390625,2.421875,2.275390625,2.421875,two_core_entries,escaped,two_core_entries,escaped,"[{""speed_m_per_s"":1.396484375,""trapped"":true,""termination_reason"":""bounded_core_residence""},{""speed_m_per_s"":1.54296875,""trapped"":true,""termination_reason"":""bounded_core_residence""},{""speed_m_per_s"":1.8359375,""trapped"":true,""termination_reason"":""bounded_core_residence""}]","[{""speed_m_per_s"":1.396484375,""trapped"":true,""termination_reason"":""bounded_core_residence""},{""speed_m_per_s"":1.54296875,""trapped"":true,""termination_reason"":""bounded_core_residence""},{""speed_m_per_s"":1.8359375,""trapped"":true,""termination_reason"":""bounded_core_residence""}]",0,[],0,[],0,[],0,[],dual_step_research_recovered_boundary,"targeted timeout-node or endpoint evidence changed or remained non-definitive; complete 200 ms coarse/fine searches recovered compatible definitive brackets, and any internally censored nodes were resolved by the bounded adaptive dual-timestep hierarchy",not_applicable,positive scalar capture threshold,False
17,0,True,2,"[0.0,0.25]",0.2,5e-06,2.5e-06,0,[],0.0,0.0,0.0,1.75,2.0,bounded_core_residence,escaped,0.0,1.75,1.75,1.75,2.0,1.75,2.0,bounded_core_residence,escaped,bounded_core_residence,escaped,[],[],0,[],0,[],0,[],0,[],zero_threshold_velocity_resolved_capture,"base-search timeout evidence was superseded by the complete dual-timestep zero-threshold audit, including adaptive node-only escalation where required",velocity_resolved_capture,dual-timestep direct grid recovered the zero-origin capture boundary and retained later nonmonotone capture as a boolean mask,True
17,1,True,2,"[0.0,0.25]",0.2,5e-06,2.5e-06,0,[],0.0,0.0,0.0,0.0,2.25,escaped,escaped,0.0,0.0,0.0,0.0,2.25,0.0,2.25,escaped,escaped,escaped,escaped,[],[],0,[],0,[],0,[],0,[],zero_threshold_velocity_resolved_capture,"base-search timeout evidence was superseded by the complete dual-timestep zero-threshold audit, including adaptive node-only escalation where required",velocity_resolved_capture,nonmonotone finite-speed capture retained as a direct boolean mask,True
17,2,True,2,"[0.0,0.25]",0.2,5e-06,2.5e-06,0,[],0.0,0.0,0.0,2.0,2.25,two_core_entries,escaped,0.0,2.0,2.0,2.0,2.25,2.0,2.25,two_core_entries,escaped,two_core_entries,escaped,[],[],0,[],0,[],0,[],0,[],zero_threshold_grid_resolved_capture,"base-search timeout evidence was superseded by the complete dual-timestep zero-threshold audit, including adaptive node-only escalation where required",grid_resolved_capture,dual-timestep direct grid recovered a contiguous zero-origin capture boundary,False
17,3,True,4,"[7.109375,7.34375,7.8125,8.75]",0.2,5e-06,2.5e-06,0,[],0.0,0.0,0.0,9.6875,9.921875,two_core_entries,escaped,6.875,9.6875,9.6875,9.6875,9.921875,9.6875,9.921875,two_core_entries,escaped,two_core_entries,escaped,"[{""speed_m_per_s"":7.109375,""trapped"":true,""termination_reason"":""two_core_entries""},{""speed_m_per_s"":7.34375,""trapped"":true,""termination_reason"":""two_core_entries""},{""speed_m_per_s"":7.8125,""trapped"":true,""termination_reason"":""two_core_entries""},{""speed_m_per_s"":8.75,""trapped"":true,""termination_reason"":""two_core_entries""}]","[{""speed_m_per_s"":7.109375,""trapped"":true,""termination_reason"":""two_core_entries""},{""speed_m_per_s"":7.34375,""trapped"":true,""termination_reason"":""two_core_entries""},{""speed_m_per_s"":7.8125,""trapped"":true,""termination_reason"":""two_core_entries""},{""speed_m_per_s"":8.75,""trapped"":true,""termination_reason"":""two_core_entries""}]",0,[],0,[],0,[],0,[],dual_step_research_recovered_boundary,"targeted timeout-node or endpoint evidence changed or remained non-definitive; complete 200 ms coarse/fine searches recovered compatible definitive brackets, and any internally censored nodes were resolved by the bounded adaptive dual-timestep hierarchy",not_applicable,positive scalar capture threshold,False
17,4,True,7,"[0.7763671875,0.927734375,1.23046875,1.25,1.8359375,2.5,3.046875]",0.2,5e-06,2.5e-06,0,[],0.0,0.0,0.0,3.8671875,4.00390625,two_core_entries,escaped,0.625,3.8671875,3.8671875,3.8671875,4.00390625,3.8671875,4.00390625,two_core_entries,escaped,two_core_entries,escaped,"[{""speed_m_per_s"":0.7763671875,""trapped"":true,""termination_reason"":""bounded_core_residence""},{""speed_m_per_s"":0.927734375,""trapped"":true,""termination_reason"":""bounded_core_residence""},{""speed_m_per_s"":1.23046875,""trapped"":true,""termination_reason"":""bounded_core_residence""},{""speed_m_per_s"":1.25,""trapped"":true,""termination_reason"":""two_core_entries""},{""speed_m_per_s"":1.8359375,""trapped"":true,""termination_reason"":""bounded_core_residence""},{""speed_m_per_s"":2.5,""trapped"":true,""termination_reason"":""two_core_entries""},{""speed_m_per_s"":3.046875,""trapped"":true,""termination_reason"":""bounded_core_residence""}]","[{""speed_m_per_s"":0.7763671875,""trapped"":true,""termination_reason"":""bounded_core_residence""},{""speed_m_per_s"":0.927734375,""trapped"":true,""termination_reason"":""bounded_core_residence""},{""speed_m_per_s"":1.23046875,""trapped"":true,""termination_reason"":""bounded_core_residence""},{""speed_m_per_s"":1.25,""trapped"":true,""termination_reason"":""two_core_entries""},{""speed_m_per_s"":1.8359375,""trapped"":true,""termination_reason"":""bounded_core_residence""},{""speed_m_per_s"":2.5,""trapped"":true,""termination_reason"":""two_core_entries""},{""speed_m_per_s"":3.046875,""trapped"":true,""termination_reason"":""bounded_core_residence""}]",0,[],0,[],0,[],0,[],dual_step_research_recovered_boundary,"targeted timeout-node or endpoint evidence changed or remained non-definitive; complete 200 ms coarse/fine searches recovered compatible definitive brackets, and any internally censored nodes were resolved by the bounded adaptive dual-timestep hierarchy",not_applicable,positive scalar capture threshold,False
17,5,True,1,[0.0],0.2,5e-06,2.5e-06,0,[],0.0,0.0,0.0,4.25,4.5,two_core_entries,escaped,0.0,4.25,4.25,4.25,4.5,4.25,4.5,two_core_entries,escaped,two_core_entries,escaped,[],[],0,[],0,[],0,[],0,[],zero_threshold_grid_resolved_capture,"base-search timeout evidence was superseded by the complete dual-timestep zero-threshold audit, including adaptive node-only escalation where required",grid_resolved_capture,dual-timestep direct grid recovered a contiguous zero-origin capture boundary,False
17,6,True,5,"[7.109375,7.34375,7.8125,8.75,10.0]",0.2,5e-06,2.5e-06,0,[],0.0,0.0,0.0,10.625,10.78125,two_core_entries,escaped,6.875,10.625,10.625,10.625,10.78125,10.625,10.78125,two_core_entries,escaped,two_core_entries,escaped,"[{""speed_m_per_s"":7.109375,""trapped"":true,""termination_reason"":""two_core_entries""},{""speed_m_per_s"":7.34375,""trapped"":true,""termination_reason"":""two_core_entries""},{""speed_m_per_s"":7.8125,""trapped"":true,""termination_reason"":""two_core_entries""},{""speed_m_per_s"":8.75,""trapped"":true,""termination_reason"":""two_core_entries""},{""speed_m_per_s"":10.0,""trapped"":true,""termination_reason"":""two_core_entries""}]","[{""speed_m_per_s"":7.109375,""trapped"":true,""termination_reason"":""two_core_entries""},{""speed_m_per_s"":7.34375,""trapped"":true,""termination_reason"":""two_core_entries""},{""speed_m_per_s"":7.8125,""trapped"":true,""termination_reason"":""two_core_entries""},{""speed_m_per_s"":8.75,""trapped"":true,""termination_reason"":""two_core_entries""},{""speed_m_per_s"":10.0,""trapped"":true,""termination_reason"":""two_core_entries""}]",0,[],0,[],0,[],0,[],dual_step_research_recovered_boundary,"targeted timeout-node or endpoint evidence changed or remained non-definitive; complete 200 ms coarse/fine searches recovered compatible definitive brackets, and any internally censored nodes were resolved by the bounded adaptive dual-timestep hierarchy",not_applicable,positive scalar capture threshold,False
17,7,True,2,"[0.0,0.25]",0.2,5e-06,2.5e-06,0,[],0.0,0.0,0.0,1.0,1.25,two_core_entries,escaped,0.0,1.0,1.0,1.0,1.25,1.0,1.25,two_core_entries,escaped,two_core_entries,escaped,[],[],0,[],0,[],0,[],0,[],zero_threshold_grid_resolved_capture,"base-search timeout evidence was superseded by the complete dual-timestep zero-threshold audit, including adaptive node-only escalation where required",grid_resolved_capture,dual-timestep direct grid recovered a contiguous zero-origin capture boundary,False
17,8,True,2,"[0.0,0.25]",0.2,5e-06,2.5e-06,0,[],0.0,0.0,0.0,0.0,2.0,escaped,escaped,0.0,0.0,0.0,0.0,2.0,0.0,2.0,escaped,escaped,escaped,escaped,[],[],0,[],0,[],0,[],0,[],zero_threshold_velocity_resolved_capture,"base-search timeout evidence was superseded by the complete dual-timestep zero-threshold audit, including adaptive node-only escalation where required",velocity_resolved_capture,nonmonotone finite-speed capture retained as a direct boolean mask,True
17,9,True,2,"[0.0,0.25]",0.2,5e-06,2.5e-06,0,[],0.0,0.0,0.0,1.75,2.0,two_core_entries,escaped,0.0,1.75,1.75,1.75,2.0,1.75,2.0,two_core_entries,escaped,two_core_entries,escaped,[],[],0,[],0,[],0,[],0,[],zero_threshold_grid_resolved_capture,"base-search timeout evidence was superseded by the complete dual-timestep zero-threshold audit, including adaptive node-only escalation where required",grid_resolved_capture,dual-timestep direct grid recovered a contiguous zero-origin capture boundary,False
17,10,True,2,"[0.0,0.25]",0.2,5e-06,2.5e-06,0,[],0.0,0.0,0.0,0.0,1.75,escaped,escaped,0.0,0.0,0.0,0.0,1.75,0.0,1.75,escaped,escaped,escaped,escaped,[],[],0,[],0,[],0,[],0,[],zero_threshold_velocity_resolved_capture,"base-search timeout evidence was superseded by the complete dual-timestep zero-threshold audit, including adaptive node-only escalation where required",velocity_resolved_capture,nonmonotone finite-speed capture retained as a direct boolean mask,True
17,11,True,2,"[0.0,0.25]",0.2,5e-06,2.5e-06,0,[],0.0,0.0,0.0,0.0,1.5,escaped,escaped,0.0,0.0,0.0,0.0,1.5,0.0,1.5,escaped,escaped,escaped,escaped,[],[],0,[],0,[],0,[],0,[],zero_threshold_velocity_resolved_capture,"base-search timeout evidence was superseded by the complete dual-timestep zero-threshold audit, including adaptive node-only escalation where required",velocity_resolved_capture,nonmonotone finite-speed capture retained as a direct boolean mask,True
17,12,True,2,"[0.0,0.25]",0.2,5e-06,2.5e-06,0,[],0.0,0.0,0.0,1.75,2.0,two_core_entries,escaped,0.0,1.75,1.75,1.75,2.0,1.75,2.0,two_core_entries,escaped,two_core_entries,escaped,[],[],0,[],0,[],0,[],0,[],zero_threshold_grid_resolved_capture,"base-search timeout evidence was superseded by the complete dual-timestep zero-threshold audit, including adaptive node-only escalation where required",grid_resolved_capture,dual-timestep direct grid recovered a contiguous zero-origin capture boundary,False
17,13,True,2,"[0.0,0.25]",0.2,5e-06,2.5e-06,0,[],0.0,0.0,0.0,1.75,2.0,two_core_entries,escaped,0.0,1.75,1.75,1.75,2.0,1.75,2.0,two_core_entries,escaped,two_core_entries,escaped,[],[],0,[],0,[],0,[],0,[],zero_threshold_grid_resolved_capture,"base-search timeout evidence was superseded by the complete dual-timestep zero-threshold audit, including adaptive node-only escalation where required",grid_resolved_capture,dual-timestep direct grid recovered a contiguous zero-origin capture boundary,False
17,14,True,2,"[0.0,0.25]",0.2,5e-06,2.5e-06,0,[],0.0,0.0,0.0,0.75,1.0,two_core_entries,escaped,0.0,0.75,0.75,0.75,1.0,0.75,1.0,two_core_entries,escaped,two_core_entries,escaped,[],[],0,[],0,[],0,[],0,[],zero_threshold_grid_resolved_capture,"base-search timeout evidence was superseded by the complete dual-timestep zero-threshold audit, including adaptive node-only escalation where required",grid_resolved_capture,dual-timestep direct grid recovered a contiguous zero-origin capture boundary,False
17,15,True,2,"[0.0,0.25]",0.2,5e-06,2.5e-06,0,[],0.0,0.0,0.0,0.0,2.25,escaped,escaped,0.0,0.0,0.0,0.0,2.25,0.0,2.25,escaped,escaped,escaped,escaped,[],[],0,[],0,[],0,[],0,[],zero_threshold_velocity_resolved_capture,"base-search timeout evidence was superseded by the complete dual-timestep zero-threshold audit, including adaptive node-only escalation where required",velocity_resolved_capture,nonmonotone finite-speed capture retained as a direct boolean mask,True
17,16,True,2,"[0.0,0.25]",0.2,5e-06,2.5e-06,0,[],0.0,0.0,0.0,1.75,2.0,two_core_entries,escaped,0.0,1.75,1.75,1.75,2.0,1.75,2.0,two_core_entries,escaped,two_core_entries,escaped,[],[],0,[],0,[],0,[],0,[],zero_threshold_grid_resolved_capture,"base-search timeout evidence was superseded by the complete dual-timestep zero-threshold audit, including adaptive node-only escalation where required",grid_resolved_capture,dual-timestep direct grid recovered a contiguous zero-origin capture boundary,False
17,17,True,1,[0.25],0.2,5e-06,2.5e-06,0,[],0.0,0.0,0.0,0.0,1.0,escaped,escaped,0.0,0.0,0.0,0.0,1.0,0.0,1.0,escaped,escaped,escaped,escaped,[],[],0,[],0,[],0,[],0,[],zero_threshold_velocity_resolved_capture,"base-search timeout evidence was superseded by the complete dual-timestep zero-threshold audit, including adaptive node-only escalation where required",velocity_resolved_capture,nonmonotone finite-speed capture retained as a direct boolean mask,True
17,18,True,1,[0.0],0.2,5e-06,2.5e-06,0,[],0.0,0.0,0.0,1.75,2.0,two_core_entries,escaped,0.0,1.75,1.75,1.75,2.0,1.75,2.0,two_core_entries,escaped,two_core_entries,escaped,[],[],0,[],0,[],0,[],0,[],zero_threshold_grid_resolved_capture,"base-search timeout evidence was superseded by the complete dual-timestep zero-threshold audit, including adaptive node-only escalation where required",grid_resolved_capture,dual-timestep direct grid recovered a contiguous zero-origin capture boundary,False
17,19,True,1,[1.689453125],0.2,5e-06,2.5e-06,0,[],0.0,0.0,0.0,1.689453125,1.8359375,two_core_entries,escaped,1.54296875,1.689453125,1.689453125,1.689453125,1.8359375,1.689453125,1.8359375,two_core_entries,escaped,two_core_entries,escaped,"[{""speed_m_per_s"":1.689453125,""trapped"":true,""termination_reason"":""two_core_entries""}]","[{""speed_m_per_s"":1.689453125,""trapped"":true,""termination_reason"":""two_core_entries""}]",0,[],0,[],0,[],0,[],dual_step_research_recovered_boundary,"targeted timeout-node or endpoint evidence changed or remained non-definitive; complete 200 ms coarse/fine searches recovered compatible definitive brackets, and any internally censored nodes were resolved by the bounded adaptive dual-timestep hierarchy",not_applicable,positive scalar capture threshold,False
17,20,True,2,"[0.0,0.25]",0.2,5e-06,2.5e-06,0,[],0.0,0.0,0.0,0.0,2.0,escaped,escaped,0.0,0.0,0.0,0.0,2.0,0.0,2.0,escaped,escaped,escaped,escaped,[],[],0,[],0,[],0,[],0,[],zero_threshold_velocity_resolved_capture,"base-search timeout evidence was superseded by the complete dual-timestep zero-threshold audit, including adaptive node-only escalation where required",velocity_resolved_capture,nonmonotone finite-speed capture retained as a direct boolean mask,True
17,21,True,2,"[0.0,0.25]",0.2,5e-06,2.5e-06,0,[],0.0,0.0,0.0,1.5,1.75,two_core_entries,escaped,0.0,1.5,1.5,1.5,1.75,1.5,1.75,two_core_entries,escaped,two_core_entries,escaped,[],[],0,[],0,[],0,[],0,[],zero_threshold_grid_resolved_capture,"base-search timeout evidence was superseded by the complete dual-timestep zero-threshold audit, including adaptive node-only escalation where required",grid_resolved_capture,dual-timestep direct grid recovered a contiguous zero-origin capture boundary,False
17,22,True,6,"[4.82421875,4.9609375,5.0,5.234375,5.78125,6.875]",0.2,5e-06,2.5e-06,0,[],0.0,0.0,0.0,8.515625,8.75,two_core_entries,escaped,4.6875,8.515625,8.515625,8.515625,8.75,8.515625,8.75,two_core_entries,escaped,two_core_entries,escaped,"[{""speed_m_per_s"":4.82421875,""trapped"":true,""termination_reason"":""two_core_entries""},{""speed_m_per_s"":4.9609375,""trapped"":true,""termination_reason"":""two_core_entries""},{""speed_m_per_s"":5.0,""trapped"":true,""termination_reason"":""two_core_entries""},{""speed_m_per_s"":5.234375,""trapped"":true,""termination_reason"":""two_core_entries""},{""speed_m_per_s"":5.78125,""trapped"":true,""termination_reason"":""two_core_entries""},{""speed_m_per_s"":6.875,""trapped"":true,""termination_reason"":""bounded_core_residence""}]","[{""speed_m_per_s"":4.82421875,""trapped"":true,""termination_reason"":""two_core_entries""},{""speed_m_per_s"":4.9609375,""trapped"":true,""termination_reason"":""two_core_entries""},{""speed_m_per_s"":5.0,""trapped"":true,""termination_reason"":""two_core_entries""},{""speed_m_per_s"":5.234375,""trapped"":true,""termination_reason"":""two_core_entries""},{""speed_m_per_s"":5.78125,""trapped"":true,""termination_reason"":""two_core_entries""},{""speed_m_per_s"":6.875,""trapped"":true,""termination_reason"":""bounded_core_residence""}]",0,[],0,[],0,[],0,[],dual_step_research_recovered_boundary,"targeted timeout-node or endpoint evidence changed or remained non-definitive; complete 200 ms coarse/fine searches recovered compatible definitive brackets, and any internally censored nodes were resolved by the bounded adaptive dual-timestep hierarchy",not_applicable,positive scalar capture threshold,False
17,23,True,2,"[0.0,0.25]",0.2,5e-06,2.5e-06,0,[],0.0,0.0,0.0,0.0,0.25,escaped,escaped,0.0,0.0,0.0,0.0,0.25,0.0,0.25,escaped,escaped,escaped,escaped,[],[],0,[],0,[],0,[],0,[],zero_threshold_confirmed_zero_capture,"base-search timeout evidence was superseded by the complete dual-timestep zero-threshold audit, including adaptive node-only escalation where required",confirmed_zero_capture,dual-timestep direct velocity scan contains no capture,False
17,24,True,3,"[5.46875,5.9375,6.875]",0.2,5e-06,2.5e-06,0,[],0.0,0.0,0.0,7.109375,7.34375,two_core_entries,escaped,5.234375,7.109375,7.109375,7.109375,7.34375,7.109375,7.34375,two_core_entries,escaped,two_core_entries,escaped,"[{""speed_m_per_s"":5.46875,""trapped"":true,""termination_reason"":""two_core_entries""},{""speed_m_per_s"":5.9375,""trapped"":true,""termination_reason"":""two_core_entries""},{""speed_m_per_s"":6.875,""trapped"":true,""termination_reason"":""two_core_entries""}]","[{""speed_m_per_s"":5.46875,""trapped"":true,""termination_reason"":""two_core_entries""},{""speed_m_per_s"":5.9375,""trapped"":true,""termination_reason"":""two_core_entries""},{""speed_m_per_s"":6.875,""trapped"":true,""termination_reason"":""two_core_entries""}]",0,[],0,[],0,[],0,[],dual_step_research_recovered_boundary,"targeted timeout-node or endpoint evidence changed or remained non-definitive; complete 200 ms coarse/fine searches recovered compatible definitive brackets, and any internally censored nodes were resolved by the bounded adaptive dual-timestep hierarchy",not_applicable,positive scalar capture threshold,False
18,0,True,1,[0.0],0.2,5e-06,2.5e-06,0,[],0.0,0.0,0.0,1.75,2.0,two_core_entries,escaped,0.0,1.75,1.75,1.75,2.0,1.75,2.0,two_core_entries,escaped,two_core_entries,escaped,[],[],0,[],0,[],0,[],0,[],zero_threshold_grid_resolved_capture,"base-search timeout evidence was superseded by the complete dual-timestep zero-threshold audit, including adaptive node-only escalation where required",grid_resolved_capture,dual-timestep direct grid recovered a contiguous zero-origin capture boundary,False
18,1,True,1,[0.0],0.2,5e-06,2.5e-06,0,[],0.0,0.0,0.0,1.75,2.0,two_core_entries,escaped,0.0,1.75,1.75,1.75,2.0,1.75,2.0,two_core_entries,escaped,two_core_entries,escaped,[],[],0,[],0,[],0,[],0,[],zero_threshold_grid_resolved_capture,"base-search timeout evidence was superseded by the complete dual-timestep zero-threshold audit, including adaptive node-only escalation where required",grid_resolved_capture,dual-timestep direct grid recovered a contiguous zero-origin capture boundary,False
18,2,True,1,[0.25],0.2,5e-06,2.5e-06,0,[],0.0,0.0,0.0,0.0,1.75,escaped,escaped,0.0,0.0,0.0,0.0,1.75,0.0,1.75,escaped,escaped,escaped,escaped,[],[],0,[],0,[],0,[],0,[],zero_threshold_velocity_resolved_capture,"base-search timeout evidence was superseded by the complete dual-timestep zero-threshold audit, including adaptive node-only escalation where required",velocity_resolved_capture,nonmonotone finite-speed capture retained as a direct boolean mask,True
18,3,True,1,[0.0],0.2,5e-06,2.5e-06,0,[],0.0,0.0,0.0,0.0,2.0,escaped,escaped,0.0,0.0,0.0,0.0,2.0,0.0,2.0,escaped,escaped,escaped,escaped,[],[],0,[],0,[],0,[],0,[],zero_threshold_velocity_resolved_capture,"base-search timeout evidence was superseded by the complete dual-timestep zero-threshold audit, including adaptive node-only escalation where required",velocity_resolved_capture,nonmonotone finite-speed capture retained as a direct boolean mask,True
18,4,True,2,"[0.0,0.25]",0.2,5e-06,2.5e-06,0,[],0.0,0.0,0.0,0.0,1.75,escaped,escaped,0.0,0.0,0.0,0.0,1.75,0.0,1.75,escaped,escaped,escaped,escaped,[],[],0,[],0,[],0,[],0,[],zero_threshold_velocity_resolved_capture,"base-search timeout evidence was superseded by the complete dual-timestep zero-threshold audit, including adaptive node-only escalation where required",velocity_resolved_capture,nonmonotone finite-speed capture retained as a direct boolean mask,True
18,5,True,1,[0.0],0.2,5e-06,2.5e-06,0,[],0.0,0.0,0.0,1.25,1.5,bounded_core_residence,escaped,0.0,1.25,1.25,1.25,1.5,1.25,1.5,bounded_core_residence,escaped,bounded_core_residence,escaped,[],[],0,[],0,[],0,[],0,[],zero_threshold_grid_resolved_capture,"base-search timeout evidence was superseded by the complete dual-timestep zero-threshold audit, including adaptive node-only escalation where required",grid_resolved_capture,dual-timestep direct grid recovered a contiguous zero-origin capture boundary,False
18,6,True,2,"[0.0,0.25]",0.2,5e-06,2.5e-06,0,[],0.0,0.0,0.0,0.0,1.75,escaped,escaped,0.0,0.0,0.0,0.0,1.75,0.0,1.75,escaped,escaped,escaped,escaped,[],[],0,[],0,[],0,[],0,[],zero_threshold_velocity_resolved_capture,"base-search timeout evidence was superseded by the complete dual-timestep zero-threshold audit, including adaptive node-only escalation where required",velocity_resolved_capture,nonmonotone finite-speed capture retained as a direct boolean mask,True
18,7,True,1,[0.0],0.2,5e-06,2.5e-06,0,[],0.0,0.0,0.0,2.0,2.25,two_core_entries,escaped,0.0,2.0,2.0,2.0,2.25,2.0,2.25,two_core_entries,escaped,two_core_entries,escaped,[],[],0,[],0,[],0,[],0,[],zero_threshold_grid_resolved_capture,"base-search timeout evidence was superseded by the complete dual-timestep zero-threshold audit, including adaptive node-only escalation where required",grid_resolved_capture,dual-timestep direct grid recovered a contiguous zero-origin capture boundary,False
18,8,True,1,[0.0],0.2,5e-06,2.5e-06,0,[],0.0,0.0,0.0,1.25,1.5,two_core_entries,escaped,0.0,1.25,1.25,1.25,1.5,1.25,1.5,two_core_entries,escaped,two_core_entries,escaped,[],[],0,[],0,[],0,[],0,[],zero_threshold_grid_resolved_capture,"base-search timeout evidence was superseded by the complete dual-timestep zero-threshold audit, including adaptive node-only escalation where required",grid_resolved_capture,dual-timestep direct grid recovered a contiguous zero-origin capture boundary,False
18,9,True,2,"[0.0,0.25]",0.2,5e-06,2.5e-06,0,[],0.0,0.0,0.0,0.0,1.75,escaped,escaped,0.0,0.0,0.0,0.0,1.75,0.0,1.75,escaped,escaped,escaped,escaped,[],[],0,[],0,[],0,[],0,[],zero_threshold_velocity_resolved_capture,"base-search timeout evidence was superseded by the complete dual-timestep zero-threshold audit, including adaptive node-only escalation where required",velocity_resolved_capture,nonmonotone finite-speed capture retained as a direct boolean mask,True
18,10,True,1,[0.25],0.2,5e-06,2.5e-06,0,[],0.0,0.0,0.0,0.0,0.25,escaped,escaped,0.0,0.0,0.0,0.0,0.25,0.0,0.25,escaped,escaped,escaped,escaped,[],[],0,[],0,[],0,[],0,[],zero_threshold_velocity_resolved_capture,"base-search timeout evidence was superseded by the complete dual-timestep zero-threshold audit, including adaptive node-only escalation where required",velocity_resolved_capture,nonmonotone finite-speed capture retained as a direct boolean mask,True
18,11,True,1,[0.0],0.2,5e-06,2.5e-06,0,[],0.0,0.0,0.0,1.25,1.5,bounded_core_residence,escaped,0.0,1.25,1.25,1.25,1.5,1.25,1.5,bounded_core_residence,escaped,bounded_core_residence,escaped,[],[],0,[],0,[],0,[],0,[],zero_threshold_grid_resolved_capture,"base-search timeout evidence was superseded by the complete dual-timestep zero-threshold audit, including adaptive node-only escalation where required",grid_resolved_capture,dual-timestep direct grid recovered a contiguous zero-origin capture boundary,False
18,12,True,2,"[0.0,0.25]",0.2,5e-06,2.5e-06,0,[],0.0,0.0,0.0,0.0,1.75,escaped,escaped,0.0,0.0,0.0,0.0,1.75,0.0,1.75,escaped,escaped,escaped,escaped,[],[],0,[],0,[],0,[],0,[],zero_threshold_velocity_resolved_capture,"base-search timeout evidence was superseded by the complete dual-timestep zero-threshold audit, including adaptive node-only escalation where required",velocity_resolved_capture,nonmonotone finite-speed capture retained as a direct boolean mask,True
18,13,True,1,[0.0],0.2,5e-06,2.5e-06,0,[],0.0,0.0,0.0,1.5,1.75,bounded_core_residence,escaped,0.0,1.5,1.5,1.5,1.75,1.5,1.75,bounded_core_residence,escaped,bounded_core_residence,escaped,[],[],0,[],0,[],0,[],0,[],zero_threshold_grid_resolved_capture,"base-search timeout evidence was superseded by the complete dual-timestep zero-threshold audit, including adaptive node-only escalation where required",grid_resolved_capture,dual-timestep direct grid recovered a contiguous zero-origin capture boundary,False
18,14,True,2,"[0.0,0.25]",0.2,5e-06,2.5e-06,0,[],0.0,0.0,0.0,1.5,1.75,two_core_entries,escaped,0.0,1.5,1.5,1.5,1.75,1.5,1.75,two_core_entries,escaped,two_core_entries,escaped,[],[],0,[],0,[],0,[],0,[],zero_threshold_grid_resolved_capture,"base-search timeout evidence was superseded by the complete dual-timestep zero-threshold audit, including adaptive node-only escalation where required",grid_resolved_capture,dual-timestep direct grid recovered a contiguous zero-origin capture boundary,False
18,15,True,1,[0.0],0.2,5e-06,2.5e-06,0,[],0.0,0.0,0.0,1.75,2.0,two_core_entries,escaped,0.0,1.75,1.75,1.75,2.0,1.75,2.0,two_core_entries,escaped,two_core_entries,escaped,[],[],0,[],0,[],0,[],0,[],zero_threshold_grid_resolved_capture,"base-search timeout evidence was superseded by the complete dual-timestep zero-threshold audit, including adaptive node-only escalation where required",grid_resolved_capture,dual-timestep direct grid recovered a contiguous zero-origin capture boundary,False
18,16,True,1,[0.0],0.2,5e-06,2.5e-06,0,[],0.0,0.0,0.0,1.0,1.25,bounded_core_residence,escaped,0.0,1.0,1.0,1.0,1.25,1.0,1.25,bounded_core_residence,escaped,bounded_core_residence,escaped,[],[],0,[],0,[],0,[],0,[],zero_threshold_grid_resolved_capture,"base-search timeout evidence was superseded by the complete dual-timestep zero-threshold audit, including adaptive node-only escalation where required",grid_resolved_capture,dual-timestep direct grid recovered a contiguous zero-origin capture boundary,False
18,17,True,1,[0.0],0.2,5e-06,2.5e-06,0,[],0.0,0.0,0.0,1.75,2.0,two_core_entries,escaped,0.0,1.75,1.75,1.75,2.0,1.75,2.0,two_core_entries,escaped,two_core_entries,escaped,[],[],0,[],0,[],0,[],0,[],zero_threshold_grid_resolved_capture,"base-search timeout evidence was superseded by the complete dual-timestep zero-threshold audit, including adaptive node-only escalation where required",grid_resolved_capture,dual-timestep direct grid recovered a contiguous zero-origin capture boundary,False
18,18,True,3,"[0.3125,0.625,1.25]",0.2,5e-06,2.5e-06,0,[],0.0,0.0,0.0,1.396484375,1.54296875,bounded_core_residence,escaped,0.15625,1.396484375,1.396484375,1.396484375,1.54296875,1.396484375,1.54296875,bounded_core_residence,escaped,bounded_core_residence,escaped,"[{""speed_m_per_s"":0.3125,""trapped"":true,""termination_reason"":""bounded_core_residence""},{""speed_m_per_s"":0.625,""trapped"":true,""termination_reason"":""bounded_core_residence""},{""speed_m_per_s"":1.25,""trapped"":true,""termination_reason"":""two_core_entries""}]","[{""speed_m_per_s"":0.3125,""trapped"":true,""termination_reason"":""bounded_core_residence""},{""speed_m_per_s"":0.625,""trapped"":true,""termination_reason"":""bounded_core_residence""},{""speed_m_per_s"":1.25,""trapped"":true,""termination_reason"":""two_core_entries""}]",0,[],0,[],0,[],0,[],dual_step_research_recovered_boundary,"targeted timeout-node or endpoint evidence changed or remained non-definitive; complete 200 ms coarse/fine searches recovered compatible definitive brackets, and any internally censored nodes were resolved by the bounded adaptive dual-timestep hierarchy",not_applicable,positive scalar capture threshold,False
18,19,True,1,[0.0],0.2,5e-06,2.5e-06,0,[],0.0,0.0,0.0,1.75,2.0,two_core_entries,escaped,0.0,1.75,1.75,1.75,2.0,1.75,2.0,two_core_entries,escaped,two_core_entries,escaped,[],[],0,[],0,[],0,[],0,[],zero_threshold_grid_resolved_capture,"base-search timeout evidence was superseded by the complete dual-timestep zero-threshold audit, including adaptive node-only escalation where required",grid_resolved_capture,dual-timestep direct grid recovered a contiguous zero-origin capture boundary,False
18,20,True,2,"[0.0,0.25]",0.2,5e-06,2.5e-06,0,[],0.0,0.0,0.0,0.0,2.0,escaped,escaped,0.0,0.0,0.0,0.0,2.0,0.0,2.0,escaped,escaped,escaped,escaped,[],[],0,[],0,[],0,[],0,[],zero_threshold_velocity_resolved_capture,"base-search timeout evidence was superseded by the complete dual-timestep zero-threshold audit, including adaptive node-only escalation where required",velocity_resolved_capture,nonmonotone finite-speed capture retained as a direct boolean mask,True
18,21,True,1,[0.0],0.2,5e-06,2.5e-06,0,[],0.0,0.0,0.0,0.0,2.25,escaped,escaped,0.0,0.0,0.0,0.0,2.25,0.0,2.25,escaped,escaped,escaped,escaped,[],[],0,[],0,[],0,[],0,[],zero_threshold_velocity_resolved_capture,"base-search timeout evidence was superseded by the complete dual-timestep zero-threshold audit, including adaptive node-only escalation where required",velocity_resolved_capture,nonmonotone finite-speed capture retained as a direct boolean mask,True
18,22,True,2,"[0.0,0.25]",0.2,5e-06,2.5e-06,0,[],0.0,0.0,0.0,1.75,2.0,two_core_entries,escaped,0.0,1.75,1.75,1.75,2.0,1.75,2.0,two_core_entries,escaped,two_core_entries,escaped,[],[],0,[],0,[],0,[],0,[],zero_threshold_grid_resolved_capture,"base-search timeout evidence was superseded by the complete dual-timestep zero-threshold audit, including adaptive node-only escalation where required",grid_resolved_capture,dual-timestep direct grid recovered a contiguous zero-origin capture boundary,False
18,23,True,3,"[1.0791015625,1.23046875,1.25]",0.2,5e-06,2.5e-06,0,[],0.0,0.0,0.0,1.54296875,1.689453125,two_core_entries,escaped,0.927734375,1.54296875,1.54296875,1.54296875,1.689453125,1.54296875,1.689453125,two_core_entries,escaped,two_core_entries,escaped,"[{""speed_m_per_s"":1.0791015625,""trapped"":true,""termination_reason"":""two_core_entries""},{""speed_m_per_s"":1.23046875,""trapped"":true,""termination_reason"":""two_core_entries""},{""speed_m_per_s"":1.25,""trapped"":true,""termination_reason"":""two_core_entries""}]","[{""speed_m_per_s"":1.0791015625,""trapped"":true,""termination_reason"":""two_core_entries""},{""speed_m_per_s"":1.23046875,""trapped"":true,""termination_reason"":""two_core_entries""},{""speed_m_per_s"":1.25,""trapped"":true,""termination_reason"":""two_core_entries""}]",0,[],0,[],0,[],0,[],dual_step_research_recovered_boundary,"targeted timeout-node or endpoint evidence changed or remained non-definitive; complete 200 ms coarse/fine searches recovered compatible definitive brackets, and any internally censored nodes were resolved by the bounded adaptive dual-timestep hierarchy",not_applicable,positive scalar capture threshold,False
18,24,True,1,[0.25],0.2,5e-06,2.5e-06,0,[],0.0,0.0,0.0,0.0,0.25,escaped,escaped,0.0,0.0,0.0,0.0,0.25,0.0,0.25,escaped,escaped,escaped,escaped,[],[],0,[],0,[],0,[],0,[],zero_threshold_velocity_resolved_capture,"base-search timeout evidence was superseded by the complete dual-timestep zero-threshold audit, including adaptive node-only escalation where required",velocity_resolved_capture,nonmonotone finite-speed capture retained as a direct boolean mask,True
19,0,True,1,[0.0],0.2,5e-06,2.5e-06,0,[],0.0,0.0,0.0,1.25,1.5,two_core_entries,escaped,0.0,1.25,1.25,1.25,1.5,1.25,1.5,two_core_entries,escaped,two_core_entries,escaped,[],[],0,[],0,[],0,[],0,[],zero_threshold_grid_resolved_capture,"base-search timeout evidence was superseded by the complete dual-timestep zero-threshold audit, including adaptive node-only escalation where required",grid_resolved_capture,dual-timestep direct grid recovered a contiguous zero-origin capture boundary,False
19,1,True,2,"[1.689453125,1.8359375]",0.2,5e-06,2.5e-06,0,[],0.0,0.0,0.0,1.689453125,1.8359375,two_core_entries,escaped,1.54296875,1.689453125,1.689453125,1.689453125,1.8359375,1.689453125,1.8359375,two_core_entries,escaped,two_core_entries,escaped,"[{""speed_m_per_s"":1.689453125,""trapped"":true,""termination_reason"":""two_core_entries""},{""speed_m_per_s"":1.8359375,""trapped"":false,""termination_reason"":""escaped""}]","[{""speed_m_per_s"":1.689453125,""trapped"":true,""termination_reason"":""two_core_entries""},{""speed_m_per_s"":1.8359375,""trapped"":false,""termination_reason"":""escaped""}]",0,[],0,[],0,[],0,[],dual_step_research_recovered_boundary,"targeted timeout-node or endpoint evidence changed or remained non-definitive; complete 200 ms coarse/fine searches recovered compatible definitive brackets, and any internally censored nodes were resolved by the bounded adaptive dual-timestep hierarchy",not_applicable,positive scalar capture threshold,False
19,2,True,2,"[0.0,0.25]",0.2,5e-06,2.5e-06,0,[],0.0,0.0,0.0,0.75,1.0,two_core_entries,escaped,0.0,0.75,0.75,0.75,1.0,0.75,1.0,two_core_entries,escaped,two_core_entries,escaped,[],[],0,[],0,[],0,[],0,[],zero_threshold_grid_resolved_capture,"base-search timeout evidence was superseded by the complete dual-timestep zero-threshold audit, including adaptive node-only escalation where required",grid_resolved_capture,dual-timestep direct grid recovered a contiguous zero-origin capture boundary,False
19,3,True,2,"[0.0,0.25]",0.2,5e-06,2.5e-06,0,[],0.0,0.0,0.0,1.0,1.25,bounded_core_residence,escaped,0.0,1.0,1.0,1.0,1.25,1.0,1.25,bounded_core_residence,escaped,bounded_core_residence,escaped,[],[],0,[],0,[],0,[],0,[],zero_threshold_grid_resolved_capture,"base-search timeout evidence was superseded by the complete dual-timestep zero-threshold audit, including adaptive node-only escalation where required",grid_resolved_capture,dual-timestep direct grid recovered a contiguous zero-origin capture boundary,False
19,4,True,1,[0.0],0.2,5e-06,2.5e-06,0,[],0.0,0.0,0.0,1.5,1.75,two_core_entries,escaped,0.0,1.5,1.5,1.5,1.75,1.5,1.75,two_core_entries,escaped,two_core_entries,escaped,[],[],0,[],0,[],0,[],0,[],zero_threshold_grid_resolved_capture,"base-search timeout evidence was superseded by the complete dual-timestep zero-threshold audit, including adaptive node-only escalation where required",grid_resolved_capture,dual-timestep direct grid recovered a contiguous zero-origin capture boundary,False
19,5,True,1,[0.0],0.2,5e-06,2.5e-06,0,[],0.0,0.0,0.0,1.25,1.5,bounded_core_residence,escaped,0.0,1.25,1.25,1.25,1.5,1.25,1.5,bounded_core_residence,escaped,bounded_core_residence,escaped,[],[],0,[],0,[],0,[],0,[],zero_threshold_grid_resolved_capture,"base-search timeout evidence was superseded by the complete dual-timestep zero-threshold audit, including adaptive node-only escalation where required",grid_resolved_capture,dual-timestep direct grid recovered a contiguous zero-origin capture boundary,False
19,6,True,2,"[0.0,0.25]",0.2,5e-06,2.5e-06,0,[],0.0,0.0,0.0,1.5,1.75,bounded_core_residence,escaped,0.0,1.5,1.5,1.5,1.75,1.5,1.75,bounded_core_residence,escaped,bounded_core_residence,escaped,[],[],0,[],0,[],0,[],0,[],zero_threshold_grid_resolved_capture,"base-search timeout evidence was superseded by the complete dual-timestep zero-threshold audit, including adaptive node-only escalation where required",grid_resolved_capture,dual-timestep direct grid recovered a contiguous zero-origin capture boundary,False
19,7,True,3,"[0.3125,0.625,1.25]",0.2,5e-06,2.5e-06,0,[],0.0,0.0,0.0,1.25,1.396484375,bounded_core_residence,escaped,0.15625,1.25,1.25,1.25,1.396484375,1.25,1.396484375,bounded_core_residence,escaped,bounded_core_residence,escaped,"[{""speed_m_per_s"":0.3125,""trapped"":true,""termination_reason"":""bounded_core_residence""},{""speed_m_per_s"":0.625,""trapped"":true,""termination_reason"":""bounded_core_residence""},{""speed_m_per_s"":1.25,""trapped"":true,""termination_reason"":""bounded_core_residence""}]","[{""speed_m_per_s"":0.3125,""trapped"":true,""termination_reason"":""bounded_core_residence""},{""speed_m_per_s"":0.625,""trapped"":true,""termination_reason"":""bounded_core_residence""},{""speed_m_per_s"":1.25,""trapped"":true,""termination_reason"":""bounded_core_residence""}]",0,[],0,[],0,[],0,[],dual_step_research_recovered_boundary,"targeted timeout-node or endpoint evidence changed or remained non-definitive; complete 200 ms coarse/fine searches recovered compatible definitive brackets, and any internally censored nodes were resolved by the bounded adaptive dual-timestep hierarchy",not_applicable,positive scalar capture threshold,False
19,8,True,2,"[0.0,0.25]",0.2,5e-06,2.5e-06,0,[],0.0,0.0,0.0,0.0,1.5,escaped,escaped,0.0,0.0,0.0,0.0,1.5,0.0,1.5,escaped,escaped,escaped,escaped,[],[],0,[],0,[],0,[],0,[],zero_threshold_velocity_resolved_capture,"base-search timeout evidence was superseded by the complete dual-timestep zero-threshold audit, including adaptive node-only escalation where required",velocity_resolved_capture,nonmonotone finite-speed capture retained as a direct boolean mask,True
19,9,True,1,[1.0791015625],0.2,5e-06,2.5e-06,0,[],0.0,0.0,0.0,0.927734375,1.0791015625,two_core_entries,escaped,0.927734375,0.927734375,0.927734375,0.927734375,1.0791015625,0.927734375,1.0791015625,two_core_entries,escaped,two_core_entries,escaped,"[{""speed_m_per_s"":1.0791015625,""trapped"":false,""termination_reason"":""escaped""}]","[{""speed_m_per_s"":1.0791015625,""trapped"":false,""termination_reason"":""escaped""}]",0,[],0,[],0,[],0,[],targeted_timeout_nodes_confirmed_escaped,"every actual base-search timeout speed is escaped at 200 ms with 5 and 2.5 microsecond steps, and the saved endpoints remain a definitive trapped/escaped bracket",not_applicable,positive scalar capture threshold,False
19,10,True,1,[1.8359375],0.2,5e-06,2.5e-06,0,[],0.0,0.0,0.0,1.689453125,1.8359375,two_core_entries,escaped,1.689453125,1.689453125,1.689453125,1.689453125,1.8359375,1.689453125,1.8359375,two_core_entries,escaped,two_core_entries,escaped,"[{""speed_m_per_s"":1.8359375,""trapped"":false,""termination_reason"":""escaped""}]","[{""speed_m_per_s"":1.8359375,""trapped"":false,""termination_reason"":""escaped""}]",0,[],0,[],0,[],0,[],targeted_timeout_nodes_confirmed_escaped,"every actual base-search timeout speed is escaped at 200 ms with 5 and 2.5 microsecond steps, and the saved endpoints remain a definitive trapped/escaped bracket",not_applicable,positive scalar capture threshold,False
19,11,True,2,"[0.0,0.25]",0.2,5e-06,2.5e-06,0,[],0.0,0.0,0.0,1.25,1.5,two_core_entries,escaped,0.0,1.25,1.25,1.25,1.5,1.25,1.5,two_core_entries,escaped,two_core_entries,escaped,[],[],0,[],0,[],0,[],0,[],zero_threshold_grid_resolved_capture,"base-search timeout evidence was superseded by the complete dual-timestep zero-threshold audit, including adaptive node-only escalation where required",grid_resolved_capture,dual-timestep direct grid recovered a contiguous zero-origin capture boundary,False
19,12,True,2,"[0.0,0.25]",0.2,5e-06,2.5e-06,0,[],0.0,0.0,0.0,0.0,1.5,escaped,escaped,0.0,0.0,0.0,0.0,1.5,0.0,1.5,escaped,escaped,escaped,escaped,[],[],0,[],0,[],0,[],0,[],zero_threshold_velocity_resolved_capture,"base-search timeout evidence was superseded by the complete dual-timestep zero-threshold audit, including adaptive node-only escalation where required",velocity_resolved_capture,nonmonotone finite-speed capture retained as a direct boolean mask,True
19,13,True,2,"[0.0,0.25]",0.2,5e-06,2.5e-06,0,[],0.0,0.0,0.0,1.5,1.75,two_core_entries,escaped,0.0,1.5,1.5,1.5,1.75,1.5,1.75,two_core_entries,escaped,two_core_entries,escaped,[],[],0,[],0,[],0,[],0,[],zero_threshold_grid_resolved_capture,"base-search timeout evidence was superseded by the complete dual-timestep zero-threshold audit, including adaptive node-only escalation where required",grid_resolved_capture,dual-timestep direct grid recovered a contiguous zero-origin capture boundary,False
19,14,True,2,"[0.0,0.25]",0.2,5e-06,2.5e-06,0,[],0.0,0.0,0.0,1.25,1.5,two_core_entries,escaped,0.0,1.25,1.25,1.25,1.5,1.25,1.5,two_core_entries,escaped,two_core_entries,escaped,[],[],0,[],0,[],0,[],0,[],zero_threshold_grid_resolved_capture,"base-search timeout evidence was superseded by the complete dual-timestep zero-threshold audit, including adaptive node-only escalation where required",grid_resolved_capture,dual-timestep direct grid recovered a contiguous zero-origin capture boundary,False
19,15,True,2,"[0.0,0.25]",0.2,5e-06,2.5e-06,0,[],0.0,0.0,0.0,1.0,1.25,two_core_entries,escaped,0.0,1.0,1.0,1.0,1.25,1.0,1.25,two_core_entries,escaped,two_core_entries,escaped,[],[],0,[],0,[],0,[],0,[],zero_threshold_grid_resolved_capture,"base-search timeout evidence was superseded by the complete dual-timestep zero-threshold audit, including adaptive node-only escalation where required",grid_resolved_capture,dual-timestep direct grid recovered a contiguous zero-origin capture boundary,False
19,16,True,2,"[0.0,0.25]",0.2,5e-06,2.5e-06,0,[],0.0,0.0,0.0,1.25,1.5,two_core_entries,escaped,0.0,1.25,1.25,1.25,1.5,1.25,1.5,two_core_entries,escaped,two_core_entries,escaped,[],[],0,[],0,[],0,[],0,[],zero_threshold_grid_resolved_capture,"base-search timeout evidence was superseded by the complete dual-timestep zero-threshold audit, including adaptive node-only escalation where required",grid_resolved_capture,dual-timestep direct grid recovered a contiguous zero-origin capture boundary,False
19,17,True,1,[0.0],0.2,5e-06,2.5e-06,0,[],0.0,0.0,0.0,1.5,1.75,two_core_entries,escaped,0.0,1.5,1.5,1.5,1.75,1.5,1.75,two_core_entries,escaped,two_core_entries,escaped,[],[],0,[],0,[],0,[],0,[],zero_threshold_grid_resolved_capture,"base-search timeout evidence was superseded by the complete dual-timestep zero-threshold audit, including adaptive node-only escalation where required",grid_resolved_capture,dual-timestep direct grid recovered a contiguous zero-origin capture boundary,False
19,18,True,1,[0.0],0.2,5e-06,2.5e-06,0,[],0.0,0.0,0.0,1.25,1.5,two_core_entries,escaped,0.0,1.25,1.25,1.25,1.5,1.25,1.5,two_core_entries,escaped,two_core_entries,escaped,[],[],0,[],0,[],0,[],0,[],zero_threshold_grid_resolved_capture,"base-search timeout evidence was superseded by the complete dual-timestep zero-threshold audit, including adaptive node-only escalation where required",grid_resolved_capture,dual-timestep direct grid recovered a contiguous zero-origin capture boundary,False
19,19,True,4,"[0.15625,0.3125,0.625,1.25]",0.2,5e-06,2.5e-06,0,[],0.0,0.0,0.0,1.0,1.25,two_core_entries,escaped,0.0,1.0,1.0,1.0,1.25,1.0,1.25,two_core_entries,escaped,two_core_entries,escaped,[],[],0,[],0,[],0,[],0,[],zero_threshold_grid_resolved_capture,"base-search timeout evidence was superseded by the complete dual-timestep zero-threshold audit, including adaptive node-only escalation where required",grid_resolved_capture,dual-timestep direct grid recovered a contiguous zero-origin capture boundary,False
19,20,True,1,[0.0],0.2,5e-06,2.5e-06,0,[],0.0,0.0,0.0,1.5,1.75,bounded_core_residence,escaped,0.0,1.5,1.5,1.5,1.75,1.5,1.75,bounded_core_residence,escaped,bounded_core_residence,escaped,[],[],0,[],0,[],0,[],0,[],zero_threshold_grid_resolved_capture,"base-search timeout evidence was superseded by the complete dual-timestep zero-threshold audit, including adaptive node-only escalation where required",grid_resolved_capture,dual-timestep direct grid recovered a contiguous zero-origin capture boundary,False
19,21,True,2,"[0.0,0.25]",0.2,5e-06,2.5e-06,0,[],0.0,0.0,0.0,1.0,1.25,bounded_core_residence,escaped,0.0,1.0,1.0,1.0,1.25,1.0,1.25,bounded_core_residence,escaped,bounded_core_residence,escaped,[],[],0,[],0,[],0,[],0,[],zero_threshold_grid_resolved_capture,"base-search timeout evidence was superseded by the complete dual-timestep zero-threshold audit, including adaptive node-only escalation where required",grid_resolved_capture,dual-timestep direct grid recovered a contiguous zero-origin capture boundary,False
19,22,True,2,"[0.0,0.25]",0.2,5e-06,2.5e-06,0,[],0.0,0.0,0.0,0.0,1.75,escaped,escaped,0.0,0.0,0.0,0.0,1.75,0.0,1.75,escaped,escaped,escaped,escaped,[],[],0,[],0,[],0,[],0,[],zero_threshold_velocity_resolved_capture,"base-search timeout evidence was superseded by the complete dual-timestep zero-threshold audit, including adaptive node-only escalation where required",velocity_resolved_capture,nonmonotone finite-speed capture retained as a direct boolean mask,True
19,23,True,3,"[0.927734375,1.23046875,1.25]",0.2,5e-06,2.5e-06,0,[],0.0,0.0,0.0,1.54296875,1.689453125,two_core_entries,escaped,0.7763671875,1.54296875,1.54296875,1.54296875,1.689453125,1.54296875,1.689453125,two_core_entries,escaped,two_core_entries,escaped,"[{""speed_m_per_s"":0.927734375,""trapped"":true,""termination_reason"":""bounded_core_residence""},{""speed_m_per_s"":1.23046875,""trapped"":true,""termination_reason"":""two_core_entries""},{""speed_m_per_s"":1.25,""trapped"":true,""termination_reason"":""two_core_entries""}]","[{""speed_m_per_s"":0.927734375,""trapped"":true,""termination_reason"":""bounded_core_residence""},{""speed_m_per_s"":1.23046875,""trapped"":true,""termination_reason"":""two_core_entries""},{""speed_m_per_s"":1.25,""trapped"":true,""termination_reason"":""two_core_entries""}]",0,[],0,[],0,[],0,[],dual_step_research_recovered_boundary,"targeted timeout-node or endpoint evidence changed or remained non-definitive; complete 200 ms coarse/fine searches recovered compatible definitive brackets, and any internally censored nodes were resolved by the bounded adaptive dual-timestep hierarchy",not_applicable,positive scalar capture threshold,False
19,24,True,2,"[0.0,0.25]",0.2,5e-06,2.5e-06,0,[],0.0,0.0,0.0,0.0,1.75,escaped,escaped,0.0,0.0,0.0,0.0,1.75,0.0,1.75,escaped,escaped,escaped,escaped,[],[],0,[],0,[],0,[],0,[],zero_threshold_velocity_resolved_capture,"base-search timeout evidence was superseded by the complete dual-timestep zero-threshold audit, including adaptive node-only escalation where required",velocity_resolved_capture,nonmonotone finite-speed capture retained as a direct boolean mask,True
20,0,True,2,"[0.0,0.25]",0.2,5e-06,2.5e-06,0,[],0.0,0.0,0.0,0.0,0.25,escaped,escaped,0.0,0.0,0.0,0.0,0.25,0.0,0.25,escaped,escaped,escaped,escaped,[],[],0,[],0,[],0,[],0,[],zero_threshold_confirmed_zero_capture,"base-search timeout evidence was superseded by the complete dual-timestep zero-threshold audit, including adaptive node-only escalation where required",confirmed_zero_capture,dual-timestep direct velocity scan contains no capture,False
20,1,True,4,"[2.12890625,2.421875,2.5,3.59375]",0.2,5e-06,2.5e-06,0,[],0.0,0.0,0.0,3.8671875,4.00390625,bounded_core_residence,escaped,1.982421875,3.8671875,3.8671875,3.8671875,4.00390625,3.8671875,4.00390625,bounded_core_residence,escaped,bounded_core_residence,escaped,"[{""speed_m_per_s"":2.12890625,""trapped"":true,""termination_reason"":""two_core_entries""},{""speed_m_per_s"":2.421875,""trapped"":true,""termination_reason"":""bounded_core_residence""},{""speed_m_per_s"":2.5,""trapped"":true,""termination_reason"":""bounded_core_residence""},{""speed_m_per_s"":3.59375,""trapped"":true,""termination_reason"":""two_core_entries""}]","[{""speed_m_per_s"":2.12890625,""trapped"":true,""termination_reason"":""two_core_entries""},{""speed_m_per_s"":2.421875,""trapped"":true,""termination_reason"":""bounded_core_residence""},{""speed_m_per_s"":2.5,""trapped"":true,""termination_reason"":""bounded_core_residence""},{""speed_m_per_s"":3.59375,""trapped"":true,""termination_reason"":""two_core_entries""}]",0,[],0,[],0,[],0,[],dual_step_research_recovered_boundary,"targeted timeout-node or endpoint evidence changed or remained non-definitive; complete 200 ms coarse/fine searches recovered compatible definitive brackets, and any internally censored nodes were resolved by the bounded adaptive dual-timestep hierarchy",not_applicable,positive scalar capture threshold,False
20,2,True,2,"[0.0,0.25]",0.2,5e-06,2.5e-06,0,[],0.0,0.0,0.0,0.0,2.5,escaped,escaped,0.0,0.0,0.0,0.0,2.5,0.0,2.5,escaped,escaped,escaped,escaped,[],[],0,[],0,[],0,[],0,[],zero_threshold_velocity_resolved_capture,"base-search timeout evidence was superseded by the complete dual-timestep zero-threshold audit, including adaptive node-only escalation where required",velocity_resolved_capture,nonmonotone finite-speed capture retained as a direct boolean mask,True
20,3,True,2,"[0.0,0.25]",0.2,5e-06,2.5e-06,0,[],0.0,0.0,0.0,0.0,1.75,escaped,escaped,0.0,0.0,0.0,0.0,1.75,0.0,1.75,escaped,escaped,escaped,escaped,[],[],0,[],0,[],0,[],0,[],zero_threshold_velocity_resolved_capture,"base-search timeout evidence was superseded by the complete dual-timestep zero-threshold audit, including adaptive node-only escalation where required",velocity_resolved_capture,nonmonotone finite-speed capture retained as a direct boolean mask,True
20,4,True,1,[0.0],0.2,5e-06,2.5e-06,0,[],0.0,0.0,0.0,2.75,3.0,two_core_entries,escaped,0.0,2.75,2.75,2.75,3.0,2.75,3.0,two_core_entries,escaped,two_core_entries,escaped,[],[],0,[],0,[],0,[],0,[],zero_threshold_grid_resolved_capture,"base-search timeout evidence was superseded by the complete dual-timestep zero-threshold audit, including adaptive node-only escalation where required",grid_resolved_capture,dual-timestep direct grid recovered a contiguous zero-origin capture boundary,False
20,5,True,2,"[0.0,0.25]",0.2,5e-06,2.5e-06,0,[],0.0,0.0,0.0,0.0,3.0,escaped,escaped,0.0,0.0,0.0,0.0,3.0,0.0,3.0,escaped,escaped,escaped,escaped,[],[],0,[],0,[],0,[],0,[],zero_threshold_velocity_resolved_capture,"base-search timeout evidence was superseded by the complete dual-timestep zero-threshold audit, including adaptive node-only escalation where required",velocity_resolved_capture,nonmonotone finite-speed capture retained as a direct boolean mask,True
20,6,True,2,"[0.0,0.25]",0.2,5e-06,2.5e-06,0,[],0.0,0.0,0.0,4.0,4.25,two_core_entries,escaped,0.0,4.0,4.0,4.0,4.25,4.0,4.25,two_core_entries,escaped,two_core_entries,escaped,[],[],0,[],0,[],0,[],0,[],zero_threshold_grid_resolved_capture,"base-search timeout evidence was superseded by the complete dual-timestep zero-threshold audit, including adaptive node-only escalation where required",grid_resolved_capture,dual-timestep direct grid recovered a contiguous zero-origin capture boundary,False
20,7,True,3,"[1.23046875,1.25,1.8359375]",0.2,5e-06,2.5e-06,0,[],0.0,0.0,0.0,2.275390625,2.421875,two_core_entries,escaped,1.0791015625,2.275390625,2.275390625,2.275390625,2.421875,2.275390625,2.421875,two_core_entries,escaped,two_core_entries,escaped,"[{""speed_m_per_s"":1.23046875,""trapped"":true,""termination_reason"":""two_core_entries""},{""speed_m_per_s"":1.25,""trapped"":true,""termination_reason"":""two_core_entries""},{""speed_m_per_s"":1.8359375,""trapped"":true,""termination_reason"":""bounded_core_residence""}]","[{""speed_m_per_s"":1.23046875,""trapped"":true,""termination_reason"":""two_core_entries""},{""speed_m_per_s"":1.25,""trapped"":true,""termination_reason"":""two_core_entries""},{""speed_m_per_s"":1.8359375,""trapped"":true,""termination_reason"":""bounded_core_residence""}]",0,[],0,[],0,[],0,[],dual_step_research_recovered_boundary,"targeted timeout-node or endpoint evidence changed or remained non-definitive; complete 200 ms coarse/fine searches recovered compatible definitive brackets, and any internally censored nodes were resolved by the bounded adaptive dual-timestep hierarchy",not_applicable,positive scalar capture threshold,False
20,8,True,2,"[0.0,0.25]",0.2,5e-06,2.5e-06,0,[],0.0,0.0,0.0,1.0,1.25,two_core_entries,escaped,0.0,1.0,1.0,1.0,1.25,1.0,1.25,two_core_entries,escaped,two_core_entries,escaped,[],[],0,[],0,[],0,[],0,[],zero_threshold_grid_resolved_capture,"base-search timeout evidence was superseded by the complete dual-timestep zero-threshold audit, including adaptive node-only escalation where required",grid_resolved_capture,dual-timestep direct grid recovered a contiguous zero-origin capture boundary,False
20,9,True,2,"[0.0,0.25]",0.2,5e-06,2.5e-06,0,[],0.0,0.0,0.0,0.0,2.75,escaped,escaped,0.0,0.0,0.0,0.0,2.75,0.0,2.75,escaped,escaped,escaped,escaped,[],[],0,[],0,[],0,[],0,[],zero_threshold_velocity_resolved_capture,"base-search timeout evidence was superseded by the complete dual-timestep zero-threshold audit, including adaptive node-only escalation where required",velocity_resolved_capture,nonmonotone finite-speed capture retained as a direct boolean mask,True
20,10,True,3,"[0.3125,0.625,1.25]",0.2,5e-06,2.5e-06,0,[],0.0,0.0,0.0,1.54296875,1.689453125,bounded_core_residence,escaped,0.15625,1.54296875,1.54296875,1.54296875,1.689453125,1.54296875,1.689453125,bounded_core_residence,escaped,bounded_core_residence,escaped,"[{""speed_m_per_s"":0.3125,""trapped"":true,""termination_reason"":""bounded_core_residence""},{""speed_m_per_s"":0.625,""trapped"":true,""termination_reason"":""bounded_core_residence""},{""speed_m_per_s"":1.25,""trapped"":true,""termination_reason"":""two_core_entries""}]","[{""speed_m_per_s"":0.3125,""trapped"":true,""termination_reason"":""bounded_core_residence""},{""speed_m_per_s"":0.625,""trapped"":true,""termination_reason"":""bounded_core_residence""},{""speed_m_per_s"":1.25,""trapped"":true,""termination_reason"":""two_core_entries""}]",0,[],0,[],0,[],0,[],dual_step_research_recovered_boundary,"targeted timeout-node or endpoint evidence changed or remained non-definitive; complete 200 ms coarse/fine searches recovered compatible definitive brackets, and any internally censored nodes were resolved by the bounded adaptive dual-timestep hierarchy",not_applicable,positive scalar capture threshold,False
20,11,True,2,"[0.0,0.25]",0.2,5e-06,2.5e-06,0,[],0.0,0.0,0.0,1.75,2.0,bounded_core_residence,escaped,0.0,1.75,1.75,1.75,2.0,1.75,2.0,bounded_core_residence,escaped,bounded_core_residence,escaped,[],[],0,[],0,[],0,[],0,[],zero_threshold_grid_resolved_capture,"base-search timeout evidence was superseded by the complete dual-timestep zero-threshold audit, including adaptive node-only escalation where required",grid_resolved_capture,dual-timestep direct grid recovered a contiguous zero-origin capture boundary,False
20,12,True,2,"[0.0,0.25]",0.2,5e-06,2.5e-06,0,[],0.0,0.0,0.0,1.25,1.5,two_core_entries,escaped,0.0,1.25,1.25,1.25,1.5,1.25,1.5,two_core_entries,escaped,two_core_entries,escaped,[],[],0,[],0,[],0,[],0,[],zero_threshold_grid_resolved_capture,"base-search timeout evidence was superseded by the complete dual-timestep zero-threshold audit, including adaptive node-only escalation where required",grid_resolved_capture,dual-timestep direct grid recovered a contiguous zero-origin capture boundary,False
20,13,True,2,"[0.0,0.25]",0.2,5e-06,2.5e-06,0,[],0.0,0.0,0.0,0.0,3.5,escaped,escaped,0.0,0.0,0.0,0.0,3.5,0.0,3.5,escaped,escaped,escaped,escaped,[],[],0,[],0,[],0,[],0,[],zero_threshold_velocity_resolved_capture,"base-search timeout evidence was superseded by the complete dual-timestep zero-threshold audit, including adaptive node-only escalation where required",velocity_resolved_capture,nonmonotone finite-speed capture retained as a direct boolean mask,True
20,14,True,2,"[0.0,0.25]",0.2,5e-06,2.5e-06,0,[],0.0,0.0,0.0,2.0,2.25,two_core_entries,escaped,0.0,2.0,2.0,2.0,2.25,2.0,2.25,two_core_entries,escaped,two_core_entries,escaped,[],[],0,[],0,[],0,[],0,[],zero_threshold_grid_resolved_capture,"base-search timeout evidence was superseded by the complete dual-timestep zero-threshold audit, including adaptive node-only escalation where required",grid_resolved_capture,dual-timestep direct grid recovered a contiguous zero-origin capture boundary,False
20,15,True,4,"[3.73046875,3.8671875,4.140625,4.6875]",0.2,5e-06,2.5e-06,0,[],0.0,0.0,0.0,4.6875,4.82421875,bounded_core_residence,escaped,3.59375,4.6875,4.6875,4.6875,4.82421875,4.6875,4.82421875,bounded_core_residence,escaped,bounded_core_residence,escaped,"[{""speed_m_per_s"":3.73046875,""trapped"":true,""termination_reason"":""two_core_entries""},{""speed_m_per_s"":3.8671875,""trapped"":true,""termination_reason"":""bounded_core_residence""},{""speed_m_per_s"":4.140625,""trapped"":true,""termination_reason"":""bounded_core_residence""},{""speed_m_per_s"":4.6875,""trapped"":true,""termination_reason"":""bounded_core_residence""}]","[{""speed_m_per_s"":3.73046875,""trapped"":true,""termination_reason"":""two_core_entries""},{""speed_m_per_s"":3.8671875,""trapped"":true,""termination_reason"":""bounded_core_residence""},{""speed_m_per_s"":4.140625,""trapped"":true,""termination_reason"":""bounded_core_residence""},{""speed_m_per_s"":4.6875,""trapped"":true,""termination_reason"":""bounded_core_residence""}]",0,[],0,[],0,[],0,[],dual_step_research_recovered_boundary,"targeted timeout-node or endpoint evidence changed or remained non-definitive; complete 200 ms coarse/fine searches recovered compatible definitive brackets, and any internally censored nodes were resolved by the bounded adaptive dual-timestep hierarchy",not_applicable,positive scalar capture threshold,False
20,16,True,2,"[0.0,0.25]",0.2,5e-06,2.5e-06,0,[],0.0,0.0,0.0,2.75,3.0,two_core_entries,escaped,0.0,2.75,2.75,2.75,3.0,2.75,3.0,two_core_entries,escaped,two_core_entries,escaped,[],[],0,[],0,[],0,[],0,[],zero_threshold_grid_resolved_capture,"base-search timeout evidence was superseded by the complete dual-timestep zero-threshold audit, including adaptive node-only escalation where required",grid_resolved_capture,dual-timestep direct grid recovered a contiguous zero-origin capture boundary,False
20,17,True,1,[0.0],0.2,5e-06,2.5e-06,0,[],0.0,0.0,0.0,3.5,3.75,bounded_core_residence,escaped,0.0,3.5,3.5,3.5,3.75,3.5,3.75,bounded_core_residence,escaped,bounded_core_residence,escaped,[],[],0,[],0,[],0,[],0,[],zero_threshold_grid_resolved_capture,"base-search timeout evidence was superseded by the complete dual-timestep zero-threshold audit, including adaptive node-only escalation where required",grid_resolved_capture,dual-timestep direct grid recovered a contiguous zero-origin capture boundary,False
20,18,True,2,"[0.0,0.25]",0.2,5e-06,2.5e-06,0,[],0.0,0.0,0.0,0.0,1.75,escaped,escaped,0.0,0.0,0.0,0.0,1.75,0.0,1.75,escaped,escaped,escaped,escaped,[],[],0,[],0,[],0,[],0,[],zero_threshold_velocity_resolved_capture,"base-search timeout evidence was superseded by the complete dual-timestep zero-threshold audit, including adaptive node-only escalation where required",velocity_resolved_capture,nonmonotone finite-speed capture retained as a direct boolean mask,True
20,19,True,2,"[0.0,0.25]",0.2,5e-06,2.5e-06,0,[],0.0,0.0,0.0,4.25,4.5,two_core_entries,escaped,0.0,4.25,4.25,4.25,4.5,4.25,4.5,two_core_entries,escaped,two_core_entries,escaped,[],[],0,[],0,[],0,[],0,[],zero_threshold_grid_resolved_capture,"base-search timeout evidence was superseded by the complete dual-timestep zero-threshold audit, including adaptive node-only escalation where required",grid_resolved_capture,dual-timestep direct grid recovered a contiguous zero-origin capture boundary,False
20,20,True,2,"[0.0,0.25]",0.2,5e-06,2.5e-06,0,[],0.0,0.0,0.0,1.75,2.0,two_core_entries,escaped,0.0,1.75,1.75,1.75,2.0,1.75,2.0,two_core_entries,escaped,two_core_entries,escaped,[],[],0,[],0,[],0,[],0,[],zero_threshold_grid_resolved_capture,"base-search timeout evidence was superseded by the complete dual-timestep zero-threshold audit, including adaptive node-only escalation where required",grid_resolved_capture,dual-timestep direct grid recovered a contiguous zero-origin capture boundary,False
20,21,True,2,"[0.0,0.25]",0.2,5e-06,2.5e-06,0,[],0.0,0.0,0.0,1.0,1.25,two_core_entries,escaped,0.0,1.0,1.0,1.0,1.25,1.0,1.25,two_core_entries,escaped,two_core_entries,escaped,[],[],0,[],0,[],0,[],0,[],zero_threshold_grid_resolved_capture,"base-search timeout evidence was superseded by the complete dual-timestep zero-threshold audit, including adaptive node-only escalation where required",grid_resolved_capture,dual-timestep direct grid recovered a contiguous zero-origin capture boundary,False
20,22,True,2,"[0.0,0.25]",0.2,5e-06,2.5e-06,0,[],0.0,0.0,0.0,0.0,2.0,escaped,escaped,0.0,0.0,0.0,0.0,2.0,0.0,2.0,escaped,escaped,escaped,escaped,[],[],0,[],0,[],0,[],0,[],zero_threshold_velocity_resolved_capture,"base-search timeout evidence was superseded by the complete dual-timestep zero-threshold audit, including adaptive node-only escalation where required",velocity_resolved_capture,nonmonotone finite-speed capture retained as a direct boolean mask,True
20,23,True,2,"[0.0,0.25]",0.2,5e-06,2.5e-06,0,[],0.0,0.0,0.0,4.5,4.75,two_core_entries,escaped,0.0,4.5,4.5,4.5,4.75,4.5,4.75,two_core_entries,escaped,two_core_entries,escaped,[],[],0,[],0,[],0,[],0,[],zero_threshold_grid_resolved_capture,"base-search timeout evidence was superseded by the complete dual-timestep zero-threshold audit, including adaptive node-only escalation where required",grid_resolved_capture,dual-timestep direct grid recovered a contiguous zero-origin capture boundary,False
20,24,True,2,"[0.0,0.25]",0.2,5e-06,2.5e-06,0,[],0.0,0.0,0.0,3.5,3.75,two_core_entries,escaped,0.0,3.5,3.5,3.5,3.75,3.5,3.75,two_core_entries,escaped,two_core_entries,escaped,[],[],0,[],0,[],0,[],0,[],zero_threshold_grid_resolved_capture,"base-search timeout evidence was superseded by the complete dual-timestep zero-threshold audit, including adaptive node-only escalation where required",grid_resolved_capture,dual-timestep direct grid recovered a contiguous zero-origin capture boundary,False
21,0,True,1,[3.59375],0.2,5e-06,2.5e-06,0,[],0.0,0.0,0.0,3.59375,3.73046875,bounded_core_residence,escaped,3.45703125,3.59375,3.59375,3.59375,3.73046875,3.59375,3.73046875,bounded_core_residence,escaped,bounded_core_residence,escaped,"[{""speed_m_per_s"":3.59375,""trapped"":true,""termination_reason"":""bounded_core_residence""}]","[{""speed_m_per_s"":3.59375,""trapped"":true,""termination_reason"":""bounded_core_residence""}]",0,[],0,[],0,[],0,[],dual_step_research_recovered_boundary,"targeted timeout-node or endpoint evidence changed or remained non-definitive; complete 200 ms coarse/fine searches recovered compatible definitive brackets, and any internally censored nodes were resolved by the bounded adaptive dual-timestep hierarchy",not_applicable,positive scalar capture threshold,False
21,1,True,2,"[0.0,0.25]",0.2,5e-06,2.5e-06,0,[],0.0,0.0,0.0,2.5,2.75,bounded_core_residence,escaped,0.0,2.5,2.5,2.5,2.75,2.5,2.75,bounded_core_residence,escaped,bounded_core_residence,escaped,[],[],0,[],0,[],0,[],0,[],zero_threshold_velocity_resolved_capture,"base-search timeout evidence was superseded by the complete dual-timestep zero-threshold audit, including adaptive node-only escalation where required",velocity_resolved_capture,dual-timestep direct grid recovered the zero-origin capture boundary and retained later nonmonotone capture as a boolean mask,True
21,2,True,2,"[0.0,0.25]",0.2,5e-06,2.5e-06,0,[],0.0,0.0,0.0,5.75,6.0,two_core_entries,escaped,0.0,5.75,5.75,5.75,6.0,5.75,6.0,two_core_entries,escaped,two_core_entries,escaped,[],[],0,[],0,[],0,[],0,[],zero_threshold_grid_resolved_capture,"base-search timeout evidence was superseded by the complete dual-timestep zero-threshold audit, including adaptive node-only escalation where required",grid_resolved_capture,dual-timestep direct grid recovered a contiguous zero-origin capture boundary,False
21,3,True,2,"[0.0,0.25]",0.2,5e-06,2.5e-06,0,[],0.0,0.0,0.0,2.0,2.25,two_core_entries,escaped,0.0,2.0,2.0,2.0,2.25,2.0,2.25,two_core_entries,escaped,two_core_entries,escaped,[],[],0,[],0,[],0,[],0,[],zero_threshold_grid_resolved_capture,"base-search timeout evidence was superseded by the complete dual-timestep zero-threshold audit, including adaptive node-only escalation where required",grid_resolved_capture,dual-timestep direct grid recovered a contiguous zero-origin capture boundary,False
21,4,True,1,[2.5],0.2,5e-06,2.5e-06,0,[],0.0,0.0,0.0,2.5,2.63671875,bounded_core_residence,escaped,2.568359375,2.5,2.5,2.5,2.63671875,2.5,2.63671875,bounded_core_residence,escaped,bounded_core_residence,escaped,"[{""speed_m_per_s"":2.5,""trapped"":true,""termination_reason"":""bounded_core_residence""}]","[{""speed_m_per_s"":2.5,""trapped"":true,""termination_reason"":""bounded_core_residence""}]",0,[],0,[],0,[],0,[],dual_step_research_recovered_boundary,"targeted timeout-node or endpoint evidence changed or remained non-definitive; complete 200 ms coarse/fine searches recovered compatible definitive brackets, and any internally censored nodes were resolved by the bounded adaptive dual-timestep hierarchy",not_applicable,positive scalar capture threshold,False
21,5,True,2,"[0.0,0.25]",0.2,5e-06,2.5e-06,0,[],0.0,0.0,0.0,2.25,2.5,two_core_entries,escaped,0.0,2.25,2.25,2.25,2.5,2.25,2.5,two_core_entries,escaped,two_core_entries,escaped,[],[],0,[],0,[],0,[],0,[],zero_threshold_grid_resolved_capture,"base-search timeout evidence was superseded by the complete dual-timestep zero-threshold audit, including adaptive node-only escalation where required",grid_resolved_capture,dual-timestep direct grid recovered a contiguous zero-origin capture boundary,False
21,6,True,1,[1.54296875],0.2,5e-06,2.5e-06,0,[],0.0,0.0,0.0,1.54296875,1.689453125,two_core_entries,escaped,1.396484375,1.54296875,1.54296875,1.54296875,1.689453125,1.54296875,1.689453125,two_core_entries,escaped,two_core_entries,escaped,"[{""speed_m_per_s"":1.54296875,""trapped"":true,""termination_reason"":""two_core_entries""}]","[{""speed_m_per_s"":1.54296875,""trapped"":true,""termination_reason"":""two_core_entries""}]",0,[],0,[],0,[],0,[],dual_step_research_recovered_boundary,"targeted timeout-node or endpoint evidence changed or remained non-definitive; complete 200 ms coarse/fine searches recovered compatible definitive brackets, and any internally censored nodes were resolved by the bounded adaptive dual-timestep hierarchy",not_applicable,positive scalar capture threshold,False
21,7,True,2,"[0.0,0.25]",0.2,5e-06,2.5e-06,0,[],0.0,0.0,0.0,3.0,3.25,two_core_entries,escaped,0.0,3.0,3.0,3.0,3.25,3.0,3.25,two_core_entries,escaped,two_core_entries,escaped,[],[],0,[],0,[],0,[],0,[],zero_threshold_velocity_resolved_capture,"base-search timeout evidence was superseded by the complete dual-timestep zero-threshold audit, including adaptive node-only escalation where required",velocity_resolved_capture,dual-timestep direct grid recovered the zero-origin capture boundary and retained later nonmonotone capture as a boolean mask,True
21,8,True,2,"[0.0,0.25]",0.2,5e-06,2.5e-06,0,[],0.0,0.0,0.0,1.5,1.75,bounded_core_residence,escaped,0.0,1.5,1.5,1.5,1.75,1.5,1.75,bounded_core_residence,escaped,bounded_core_residence,escaped,[],[],0,[],0,[],0,[],0,[],zero_threshold_grid_resolved_capture,"base-search timeout evidence was superseded by the complete dual-timestep zero-threshold audit, including adaptive node-only escalation where required",grid_resolved_capture,dual-timestep direct grid recovered a contiguous zero-origin capture boundary,False
21,9,True,1,[1.0791015625],0.2,5e-06,2.5e-06,0,[],0.0,0.0,0.0,1.0791015625,1.23046875,two_core_entries,escaped,0.927734375,1.0791015625,1.0791015625,1.0791015625,1.23046875,1.0791015625,1.23046875,two_core_entries,escaped,two_core_entries,escaped,"[{""speed_m_per_s"":1.0791015625,""trapped"":true,""termination_reason"":""two_core_entries""}]","[{""speed_m_per_s"":1.0791015625,""trapped"":true,""termination_reason"":""two_core_entries""}]",0,[],0,[],0,[],0,[],dual_step_research_recovered_boundary,"targeted timeout-node or endpoint evidence changed or remained non-definitive; complete 200 ms coarse/fine searches recovered compatible definitive brackets, and any internally censored nodes were resolved by the bounded adaptive dual-timestep hierarchy",not_applicable,positive scalar capture threshold,False
21,10,True,1,[0.0],0.2,5e-06,2.5e-06,0,[],0.0,0.0,0.0,1.25,1.5,bounded_core_residence,escaped,0.0,1.25,1.25,1.25,1.5,1.25,1.5,bounded_core_residence,escaped,bounded_core_residence,escaped,[],[],0,[],0,[],0,[],0,[],zero_threshold_grid_resolved_capture,"base-search timeout evidence was superseded by the complete dual-timestep zero-threshold audit, including adaptive node-only escalation where required",grid_resolved_capture,dual-timestep direct grid recovered a contiguous zero-origin capture boundary,False
21,11,True,1,[0.0],0.2,5e-06,2.5e-06,0,[],0.0,0.0,0.0,0.75,1.0,two_core_entries,escaped,0.0,0.75,0.75,0.75,1.0,0.75,1.0,two_core_entries,escaped,two_core_entries,escaped,[],[],0,[],0,[],0,[],0,[],zero_threshold_grid_resolved_capture,"base-search timeout evidence was superseded by the complete dual-timestep zero-threshold audit, including adaptive node-only escalation where required",grid_resolved_capture,dual-timestep direct grid recovered a contiguous zero-origin capture boundary,False
21,12,True,3,"[3.73046875,3.8671875,4.140625]",0.2,5e-06,2.5e-06,0,[],0.0,0.0,0.0,4.27734375,4.4140625,bounded_core_residence,escaped,3.59375,4.27734375,4.27734375,4.27734375,4.4140625,4.27734375,4.4140625,bounded_core_residence,escaped,bounded_core_residence,escaped,"[{""speed_m_per_s"":3.73046875,""trapped"":true,""termination_reason"":""two_core_entries""},{""speed_m_per_s"":3.8671875,""trapped"":true,""termination_reason"":""two_core_entries""},{""speed_m_per_s"":4.140625,""trapped"":true,""termination_reason"":""bounded_core_residence""}]","[{""speed_m_per_s"":3.73046875,""trapped"":true,""termination_reason"":""two_core_entries""},{""speed_m_per_s"":3.8671875,""trapped"":true,""termination_reason"":""two_core_entries""},{""speed_m_per_s"":4.140625,""trapped"":true,""termination_reason"":""bounded_core_residence""}]",0,[],0,[],0,[],0,[],dual_step_research_recovered_boundary,"targeted timeout-node or endpoint evidence changed or remained non-definitive; complete 200 ms coarse/fine searches recovered compatible definitive brackets, and any internally censored nodes were resolved by the bounded adaptive dual-timestep hierarchy",not_applicable,positive scalar capture threshold,False
21,13,True,2,"[0.0,0.25]",0.2,5e-06,2.5e-06,0,[],0.0,0.0,0.0,0.0,2.0,escaped,escaped,0.0,0.0,0.0,0.0,2.0,0.0,2.0,escaped,escaped,escaped,escaped,[],[],0,[],0,[],0,[],0,[],zero_threshold_velocity_resolved_capture,"base-search timeout evidence was superseded by the complete dual-timestep zero-threshold audit, including adaptive node-only escalation where required",velocity_resolved_capture,nonmonotone finite-speed capture retained as a direct boolean mask,True
21,14,True,1,[0.0],0.2,5e-06,2.5e-06,0,[],0.0,0.0,0.0,5.0,5.25,two_core_entries,escaped,0.0,5.0,5.0,5.0,5.25,5.0,5.25,two_core_entries,escaped,two_core_entries,escaped,[],[],0,[],0,[],0,[],0,[],zero_threshold_grid_resolved_capture,"base-search timeout evidence was superseded by the complete dual-timestep zero-threshold audit, including adaptive node-only escalation where required",grid_resolved_capture,dual-timestep direct grid recovered a contiguous zero-origin capture boundary,False
21,15,True,2,"[0.0,0.25]",0.2,5e-06,2.5e-06,0,[],0.0,0.0,0.0,3.75,4.0,two_core_entries,escaped,0.0,3.75,3.75,3.75,4.0,3.75,4.0,two_core_entries,escaped,two_core_entries,escaped,[],[],0,[],0,[],0,[],0,[],zero_threshold_grid_resolved_capture,"base-search timeout evidence was superseded by the complete dual-timestep zero-threshold audit, including adaptive node-only escalation where required",grid_resolved_capture,dual-timestep direct grid recovered a contiguous zero-origin capture boundary,False
21,16,True,2,"[0.0,0.25]",0.2,5e-06,2.5e-06,0,[],0.0,0.0,0.0,3.0,3.25,two_core_entries,escaped,0.0,3.0,3.0,3.0,3.25,3.0,3.25,two_core_entries,escaped,two_core_entries,escaped,[],[],0,[],0,[],0,[],0,[],zero_threshold_grid_resolved_capture,"base-search timeout evidence was superseded by the complete dual-timestep zero-threshold audit, including adaptive node-only escalation where required",grid_resolved_capture,dual-timestep direct grid recovered a contiguous zero-origin capture boundary,False
21,17,True,2,"[0.0,0.25]",0.2,5e-06,2.5e-06,0,[],0.0,0.0,0.0,0.75,1.0,bounded_core_residence,escaped,0.0,0.75,0.75,0.75,1.0,0.75,1.0,bounded_core_residence,escaped,bounded_core_residence,escaped,[],[],0,[],0,[],0,[],0,[],zero_threshold_grid_resolved_capture,"base-search timeout evidence was superseded by the complete dual-timestep zero-threshold audit, including adaptive node-only escalation where required",grid_resolved_capture,dual-timestep direct grid recovered a contiguous zero-origin capture boundary,False
21,18,True,2,"[0.0,0.25]",0.2,5e-06,2.5e-06,0,[],0.0,0.0,0.0,1.25,1.5,two_core_entries,escaped,0.0,1.25,1.25,1.25,1.5,1.25,1.5,two_core_entries,escaped,two_core_entries,escaped,[],[],0,[],0,[],0,[],0,[],zero_threshold_grid_resolved_capture,"base-search timeout evidence was superseded by the complete dual-timestep zero-threshold audit, including adaptive node-only escalation where required",grid_resolved_capture,dual-timestep direct grid recovered a contiguous zero-origin capture boundary,False
21,19,False,0,[],0.05,5e-06,5e-06,0,[],0.0,0.0,0.0,2.5,2.63671875,two_core_entries,escaped,2.5,2.5,2.5,2.5,2.63671875,2.5,2.63671875,two_core_entries,escaped,two_core_entries,escaped,[],[],0,[],0,[],0,[],0,[],not_required,base search contained no timeout,not_applicable,positive scalar capture threshold,False
21,20,True,2,"[0.0,0.25]",0.2,5e-06,2.5e-06,0,[],0.0,0.0,0.0,2.5,2.75,two_core_entries,escaped,0.0,2.5,2.5,2.5,2.75,2.5,2.75,two_core_entries,escaped,two_core_entries,escaped,[],[],0,[],0,[],0,[],0,[],zero_threshold_grid_resolved_capture,"base-search timeout evidence was superseded by the complete dual-timestep zero-threshold audit, including adaptive node-only escalation where required",grid_resolved_capture,dual-timestep direct grid recovered a contiguous zero-origin capture boundary,False
21,21,True,2,"[0.0,0.25]",0.2,5e-06,2.5e-06,0,[],0.0,0.0,0.0,3.25,3.5,two_core_entries,escaped,0.0,3.25,3.25,3.25,3.5,3.25,3.5,two_core_entries,escaped,two_core_entries,escaped,[],[],0,[],0,[],0,[],0,[],zero_threshold_grid_resolved_capture,"base-search timeout evidence was superseded by the complete dual-timestep zero-threshold audit, including adaptive node-only escalation where required",grid_resolved_capture,dual-timestep direct grid recovered a contiguous zero-origin capture boundary,False
21,22,True,2,"[0.0,0.25]",0.2,5e-06,2.5e-06,0,[],0.0,0.0,0.0,0.0,2.25,escaped,escaped,0.0,0.0,0.0,0.0,2.25,0.0,2.25,escaped,escaped,escaped,escaped,[],[],0,[],0,[],0,[],0,[],zero_threshold_velocity_resolved_capture,"base-search timeout evidence was superseded by the complete dual-timestep zero-threshold audit, including adaptive node-only escalation where required",velocity_resolved_capture,nonmonotone finite-speed capture retained as a direct boolean mask,True
21,23,True,1,[0.0],0.2,5e-06,2.5e-06,0,[],0.0,0.0,0.0,5.25,5.5,two_core_entries,escaped,0.0,5.25,5.25,5.25,5.5,5.25,5.5,two_core_entries,escaped,two_core_entries,escaped,[],[],0,[],0,[],0,[],0,[],zero_threshold_grid_resolved_capture,"base-search timeout evidence was superseded by the complete dual-timestep zero-threshold audit, including adaptive node-only escalation where required",grid_resolved_capture,dual-timestep direct grid recovered a contiguous zero-origin capture boundary,False
21,24,True,1,[0.0],0.2,5e-06,2.5e-06,0,[],0.0,0.0,0.0,3.25,3.5,two_core_entries,escaped,0.0,3.25,3.25,3.25,3.5,3.25,3.5,two_core_entries,escaped,two_core_entries,escaped,[],[],0,[],0,[],0,[],0,[],zero_threshold_grid_resolved_capture,"base-search timeout evidence was superseded by the complete dual-timestep zero-threshold audit, including adaptive node-only escalation where required",grid_resolved_capture,dual-timestep direct grid recovered a contiguous zero-origin capture boundary,False
22,0,True,3,"[0.927734375,1.23046875,1.25]",0.2,5e-06,2.5e-06,0,[],0.0,0.0,0.0,1.25,1.396484375,two_core_entries,escaped,0.7763671875,1.25,1.25,1.25,1.396484375,1.25,1.396484375,two_core_entries,escaped,two_core_entries,escaped,"[{""speed_m_per_s"":0.927734375,""trapped"":true,""termination_reason"":""two_core_entries""},{""speed_m_per_s"":1.23046875,""trapped"":true,""termination_reason"":""two_core_entries""},{""speed_m_per_s"":1.25,""trapped"":true,""termination_reason"":""two_core_entries""}]","[{""speed_m_per_s"":0.927734375,""trapped"":true,""termination_reason"":""two_core_entries""},{""speed_m_per_s"":1.23046875,""trapped"":true,""termination_reason"":""two_core_entries""},{""speed_m_per_s"":1.25,""trapped"":true,""termination_reason"":""two_core_entries""}]",0,[],0,[],0,[],0,[],dual_step_research_recovered_boundary,"targeted timeout-node or endpoint evidence changed or remained non-definitive; complete 200 ms coarse/fine searches recovered compatible definitive brackets, and any internally censored nodes were resolved by the bounded adaptive dual-timestep hierarchy",not_applicable,positive scalar capture threshold,False
22,1,True,3,"[0.3125,0.625,1.25]",0.2,5e-06,2.5e-06,0,[],0.0,0.0,0.0,0.7763671875,0.927734375,two_core_entries,escaped,0.15625,0.7763671875,0.7763671875,0.7763671875,0.927734375,0.7763671875,0.927734375,two_core_entries,escaped,two_core_entries,escaped,"[{""speed_m_per_s"":0.3125,""trapped"":true,""termination_reason"":""two_core_entries""},{""speed_m_per_s"":0.625,""trapped"":true,""termination_reason"":""bounded_core_residence""},{""speed_m_per_s"":1.25,""trapped"":false,""termination_reason"":""escaped""}]","[{""speed_m_per_s"":0.3125,""trapped"":true,""termination_reason"":""two_core_entries""},{""speed_m_per_s"":0.625,""trapped"":true,""termination_reason"":""bounded_core_residence""},{""speed_m_per_s"":1.25,""trapped"":false,""termination_reason"":""escaped""}]",0,[],0,[],0,[],0,[],dual_step_research_recovered_boundary,"targeted timeout-node or endpoint evidence changed or remained non-definitive; complete 200 ms coarse/fine searches recovered compatible definitive brackets, and any internally censored nodes were resolved by the bounded adaptive dual-timestep hierarchy",not_applicable,positive scalar capture threshold,False
22,2,True,2,"[0.0,0.25]",0.2,5e-06,2.5e-06,0,[],0.0,0.0,0.0,1.25,1.5,two_core_entries,escaped,0.0,1.25,1.25,1.25,1.5,1.25,1.5,two_core_entries,escaped,two_core_entries,escaped,[],[],0,[],0,[],0,[],0,[],zero_threshold_grid_resolved_capture,"base-search timeout evidence was superseded by the complete dual-timestep zero-threshold audit, including adaptive node-only escalation where required",grid_resolved_capture,dual-timestep direct grid recovered a contiguous zero-origin capture boundary,False
22,3,True,2,"[0.0,0.25]",0.2,5e-06,2.5e-06,0,[],0.0,0.0,0.0,1.25,1.5,two_core_entries,escaped,0.0,1.25,1.25,1.25,1.5,1.25,1.5,two_core_entries,escaped,two_core_entries,escaped,[],[],0,[],0,[],0,[],0,[],zero_threshold_grid_resolved_capture,"base-search timeout evidence was superseded by the complete dual-timestep zero-threshold audit, including adaptive node-only escalation where required",grid_resolved_capture,dual-timestep direct grid recovered a contiguous zero-origin capture boundary,False
22,4,True,2,"[0.0,0.25]",0.2,5e-06,2.5e-06,0,[],0.0,0.0,0.0,0.75,1.0,two_core_entries,escaped,0.0,0.75,0.75,0.75,1.0,0.75,1.0,two_core_entries,escaped,two_core_entries,escaped,[],[],0,[],0,[],0,[],0,[],zero_threshold_velocity_resolved_capture,"base-search timeout evidence was superseded by the complete dual-timestep zero-threshold audit, including adaptive node-only escalation where required",velocity_resolved_capture,dual-timestep direct grid recovered the zero-origin capture boundary and retained later nonmonotone capture as a boolean mask,True
22,5,True,1,[0.0],0.2,5e-06,2.5e-06,0,[],0.0,0.0,0.0,1.25,1.5,two_core_entries,escaped,0.0,1.25,1.25,1.25,1.5,1.25,1.5,two_core_entries,escaped,two_core_entries,escaped,[],[],0,[],0,[],0,[],0,[],zero_threshold_grid_resolved_capture,"base-search timeout evidence was superseded by the complete dual-timestep zero-threshold audit, including adaptive node-only escalation where required",grid_resolved_capture,dual-timestep direct grid recovered a contiguous zero-origin capture boundary,False
22,6,True,2,"[0.0,0.25]",0.2,5e-06,2.5e-06,0,[],0.0,0.0,0.0,1.0,1.25,bounded_core_residence,escaped,0.0,1.0,1.0,1.0,1.25,1.0,1.25,bounded_core_residence,escaped,bounded_core_residence,escaped,[],[],0,[],0,[],0,[],0,[],zero_threshold_grid_resolved_capture,"base-search timeout evidence was superseded by the complete dual-timestep zero-threshold audit, including adaptive node-only escalation where required",grid_resolved_capture,dual-timestep direct grid recovered a contiguous zero-origin capture boundary,False
22,7,True,2,"[0.0,0.25]",0.2,5e-06,2.5e-06,0,[],0.0,0.0,0.0,1.25,1.5,two_core_entries,escaped,0.0,1.25,1.25,1.25,1.5,1.25,1.5,two_core_entries,escaped,two_core_entries,escaped,[],[],0,[],0,[],0,[],0,[],zero_threshold_grid_resolved_capture,"base-search timeout evidence was superseded by the complete dual-timestep zero-threshold audit, including adaptive node-only escalation where required",grid_resolved_capture,dual-timestep direct grid recovered a contiguous zero-origin capture boundary,False
22,8,True,1,[1.396484375],0.2,5e-06,2.5e-06,0,[],0.0,0.0,0.0,1.396484375,1.54296875,two_core_entries,escaped,1.25,1.396484375,1.396484375,1.396484375,1.54296875,1.396484375,1.54296875,two_core_entries,escaped,two_core_entries,escaped,"[{""speed_m_per_s"":1.396484375,""trapped"":true,""termination_reason"":""two_core_entries""}]","[{""speed_m_per_s"":1.396484375,""trapped"":true,""termination_reason"":""two_core_entries""}]",0,[],0,[],0,[],0,[],dual_step_research_recovered_boundary,"targeted timeout-node or endpoint evidence changed or remained non-definitive; complete 200 ms coarse/fine searches recovered compatible definitive brackets, and any internally censored nodes were resolved by the bounded adaptive dual-timestep hierarchy",not_applicable,positive scalar capture threshold,False
22,9,True,1,[0.0],0.2,5e-06,2.5e-06,0,[],0.0,0.0,0.0,1.25,1.5,two_core_entries,escaped,0.0,1.25,1.25,1.25,1.5,1.25,1.5,two_core_entries,escaped,two_core_entries,escaped,[],[],0,[],0,[],0,[],0,[],zero_threshold_grid_resolved_capture,"base-search timeout evidence was superseded by the complete dual-timestep zero-threshold audit, including adaptive node-only escalation where required",grid_resolved_capture,dual-timestep direct grid recovered a contiguous zero-origin capture boundary,False
22,10,True,2,"[1.396484375,1.54296875]",0.2,5e-06,2.5e-06,0,[],0.0,0.0,0.0,1.54296875,1.689453125,two_core_entries,escaped,1.25,1.54296875,1.54296875,1.54296875,1.689453125,1.54296875,1.689453125,two_core_entries,escaped,two_core_entries,escaped,"[{""speed_m_per_s"":1.396484375,""trapped"":true,""termination_reason"":""bounded_core_residence""},{""speed_m_per_s"":1.54296875,""trapped"":true,""termination_reason"":""two_core_entries""}]","[{""speed_m_per_s"":1.396484375,""trapped"":true,""termination_reason"":""bounded_core_residence""},{""speed_m_per_s"":1.54296875,""trapped"":true,""termination_reason"":""two_core_entries""}]",0,[],0,[],0,[],0,[],dual_step_research_recovered_boundary,"targeted timeout-node or endpoint evidence changed or remained non-definitive; complete 200 ms coarse/fine searches recovered compatible definitive brackets, and any internally censored nodes were resolved by the bounded adaptive dual-timestep hierarchy",not_applicable,positive scalar capture threshold,False
22,11,True,1,[0.0],0.2,5e-06,2.5e-06,0,[],0.0,0.0,0.0,1.25,1.5,two_core_entries,escaped,0.0,1.25,1.25,1.25,1.5,1.25,1.5,two_core_entries,escaped,two_core_entries,escaped,[],[],0,[],0,[],0,[],0,[],zero_threshold_grid_resolved_capture,"base-search timeout evidence was superseded by the complete dual-timestep zero-threshold audit, including adaptive node-only escalation where required",grid_resolved_capture,dual-timestep direct grid recovered a contiguous zero-origin capture boundary,False
22,12,True,3,"[0.15625,0.3125,0.625]",0.2,5e-06,2.5e-06,0,[],0.0,0.0,0.0,1.0,1.25,bounded_core_residence,escaped,0.0,1.0,1.0,1.0,1.25,1.0,1.25,bounded_core_residence,escaped,bounded_core_residence,escaped,[],[],0,[],0,[],0,[],0,[],zero_threshold_grid_resolved_capture,"base-search timeout evidence was superseded by the complete dual-timestep zero-threshold audit, including adaptive node-only escalation where required",grid_resolved_capture,dual-timestep direct grid recovered a contiguous zero-origin capture boundary,False
22,13,True,1,[0.0],0.2,5e-06,2.5e-06,0,[],0.0,0.0,0.0,1.25,1.5,two_core_entries,escaped,0.0,1.25,1.25,1.25,1.5,1.25,1.5,two_core_entries,escaped,two_core_entries,escaped,[],[],0,[],0,[],0,[],0,[],zero_threshold_grid_resolved_capture,"base-search timeout evidence was superseded by the complete dual-timestep zero-threshold audit, including adaptive node-only escalation where required",grid_resolved_capture,dual-timestep direct grid recovered a contiguous zero-origin capture boundary,False
22,14,True,1,[0.0],0.2,5e-06,2.5e-06,0,[],0.0,0.0,0.0,1.75,2.0,two_core_entries,escaped,0.0,1.75,1.75,1.75,2.0,1.75,2.0,two_core_entries,escaped,two_core_entries,escaped,[],[],0,[],0,[],0,[],0,[],zero_threshold_grid_resolved_capture,"base-search timeout evidence was superseded by the complete dual-timestep zero-threshold audit, including adaptive node-only escalation where required",grid_resolved_capture,dual-timestep direct grid recovered a contiguous zero-origin capture boundary,False
22,15,True,3,"[1.0791015625,1.23046875,1.25]",0.2,5e-06,2.5e-06,0,[],0.0,0.0,0.0,1.25,1.396484375,bounded_core_residence,escaped,0.927734375,1.25,1.25,1.25,1.396484375,1.25,1.396484375,bounded_core_residence,escaped,bounded_core_residence,escaped,"[{""speed_m_per_s"":1.0791015625,""trapped"":true,""termination_reason"":""two_core_entries""},{""speed_m_per_s"":1.23046875,""trapped"":true,""termination_reason"":""bounded_core_residence""},{""speed_m_per_s"":1.25,""trapped"":true,""termination_reason"":""bounded_core_residence""}]","[{""speed_m_per_s"":1.0791015625,""trapped"":true,""termination_reason"":""two_core_entries""},{""speed_m_per_s"":1.23046875,""trapped"":true,""termination_reason"":""bounded_core_residence""},{""speed_m_per_s"":1.25,""trapped"":true,""termination_reason"":""bounded_core_residence""}]",0,[],0,[],0,[],0,[],dual_step_research_recovered_boundary,"targeted timeout-node or endpoint evidence changed or remained non-definitive; complete 200 ms coarse/fine searches recovered compatible definitive brackets, and any internally censored nodes were resolved by the bounded adaptive dual-timestep hierarchy",not_applicable,positive scalar capture threshold,False
22,16,True,2,"[0.0,0.25]",0.2,5e-06,2.5e-06,0,[],0.0,0.0,0.0,1.25,1.5,bounded_core_residence,escaped,0.0,1.25,1.25,1.25,1.5,1.25,1.5,bounded_core_residence,escaped,bounded_core_residence,escaped,[],[],0,[],0,[],0,[],0,[],zero_threshold_grid_resolved_capture,"base-search timeout evidence was superseded by the complete dual-timestep zero-threshold audit, including adaptive node-only escalation where required",grid_resolved_capture,dual-timestep direct grid recovered a contiguous zero-origin capture boundary,False
22,17,True,2,"[0.0,0.25]",0.2,5e-06,2.5e-06,0,[],0.0,0.0,0.0,0.0,1.5,escaped,escaped,0.0,0.0,0.0,0.0,1.5,0.0,1.5,escaped,escaped,escaped,escaped,[],[],0,[],0,[],0,[],0,[],zero_threshold_velocity_resolved_capture,"base-search timeout evidence was superseded by the complete dual-timestep zero-threshold audit, including adaptive node-only escalation where required",velocity_resolved_capture,nonmonotone finite-speed capture retained as a direct boolean mask,True
22,18,True,1,[0.0],0.2,5e-06,2.5e-06,0,[],0.0,0.0,0.0,1.75,2.0,two_core_entries,escaped,0.0,1.75,1.75,1.75,2.0,1.75,2.0,two_core_entries,escaped,two_core_entries,escaped,[],[],0,[],0,[],0,[],0,[],zero_threshold_grid_resolved_capture,"base-search timeout evidence was superseded by the complete dual-timestep zero-threshold audit, including adaptive node-only escalation where required",grid_resolved_capture,dual-timestep direct grid recovered a contiguous zero-origin capture boundary,False
22,19,True,2,"[0.0,0.25]",0.2,5e-06,2.5e-06,0,[],0.0,0.0,0.0,1.5,1.75,two_core_entries,escaped,0.0,1.5,1.5,1.5,1.75,1.5,1.75,two_core_entries,escaped,two_core_entries,escaped,[],[],0,[],0,[],0,[],0,[],zero_threshold_grid_resolved_capture,"base-search timeout evidence was superseded by the complete dual-timestep zero-threshold audit, including adaptive node-only escalation where required",grid_resolved_capture,dual-timestep direct grid recovered a contiguous zero-origin capture boundary,False
22,20,True,1,[0.0],0.2,5e-06,2.5e-06,0,[],0.0,0.0,0.0,1.5,1.75,two_core_entries,escaped,0.0,1.5,1.5,1.5,1.75,1.5,1.75,two_core_entries,escaped,two_core_entries,escaped,[],[],0,[],0,[],0,[],0,[],zero_threshold_grid_resolved_capture,"base-search timeout evidence was superseded by the complete dual-timestep zero-threshold audit, including adaptive node-only escalation where required",grid_resolved_capture,dual-timestep direct grid recovered a contiguous zero-origin capture boundary,False
22,21,True,1,[0.0],0.2,5e-06,2.5e-06,0,[],0.0,0.0,0.0,1.75,2.0,two_core_entries,escaped,0.0,1.75,1.75,1.75,2.0,1.75,2.0,two_core_entries,escaped,two_core_entries,escaped,[],[],0,[],0,[],0,[],0,[],zero_threshold_grid_resolved_capture,"base-search timeout evidence was superseded by the complete dual-timestep zero-threshold audit, including adaptive node-only escalation where required",grid_resolved_capture,dual-timestep direct grid recovered a contiguous zero-origin capture boundary,False
22,22,True,4,"[0.15625,0.3125,0.625,1.25]",0.2,5e-06,2.5e-06,0,[],0.0,0.0,0.0,2.0,2.25,bounded_core_residence,escaped,0.0,2.0,2.0,2.0,2.25,2.0,2.25,bounded_core_residence,escaped,bounded_core_residence,escaped,[],[],0,[],0,[],0,[],0,[],zero_threshold_grid_resolved_capture,"base-search timeout evidence was superseded by the complete dual-timestep zero-threshold audit, including adaptive node-only escalation where required",grid_resolved_capture,dual-timestep direct grid recovered a contiguous zero-origin capture boundary,False
22,23,True,2,"[0.0,0.25]",0.2,5e-06,2.5e-06,0,[],0.0,0.0,0.0,1.5,1.75,two_core_entries,escaped,0.0,1.5,1.5,1.5,1.75,1.5,1.75,two_core_entries,escaped,two_core_entries,escaped,[],[],0,[],0,[],0,[],0,[],zero_threshold_grid_resolved_capture,"base-search timeout evidence was superseded by the complete dual-timestep zero-threshold audit, including adaptive node-only escalation where required",grid_resolved_capture,dual-timestep direct grid recovered a contiguous zero-origin capture boundary,False
22,24,True,1,[1.8359375],0.2,5e-06,2.5e-06,0,[],0.0,0.0,0.0,1.8359375,1.982421875,bounded_core_residence,escaped,1.689453125,1.8359375,1.8359375,1.8359375,1.982421875,1.8359375,1.982421875,bounded_core_residence,escaped,bounded_core_residence,escaped,"[{""speed_m_per_s"":1.8359375,""trapped"":true,""termination_reason"":""bounded_core_residence""}]","[{""speed_m_per_s"":1.8359375,""trapped"":true,""termination_reason"":""bounded_core_residence""}]",0,[],0,[],0,[],0,[],dual_step_research_recovered_boundary,"targeted timeout-node or endpoint evidence changed or remained non-definitive; complete 200 ms coarse/fine searches recovered compatible definitive brackets, and any internally censored nodes were resolved by the bounded adaptive dual-timestep hierarchy",not_applicable,positive scalar capture threshold,False
23,0,True,2,"[0.0,0.25]",0.2,5e-06,2.5e-06,0,[],0.0,0.0,0.0,0.0,1.25,escaped,escaped,0.0,0.0,0.0,0.0,1.25,0.0,1.25,escaped,escaped,escaped,escaped,[],[],0,[],0,[],0,[],0,[],zero_threshold_velocity_resolved_capture,"base-search timeout evidence was superseded by the complete dual-timestep zero-threshold audit, including adaptive node-only escalation where required",velocity_resolved_capture,nonmonotone finite-speed capture retained as a direct boolean mask,True
23,1,True,1,[0.0],0.2,5e-06,2.5e-06,0,[],0.0,0.0,0.0,1.75,2.0,two_core_entries,escaped,0.0,1.75,1.75,1.75,2.0,1.75,2.0,two_core_entries,escaped,two_core_entries,escaped,[],[],0,[],0,[],0,[],0,[],zero_threshold_grid_resolved_capture,"base-search timeout evidence was superseded by the complete dual-timestep zero-threshold audit, including adaptive node-only escalation where required",grid_resolved_capture,dual-timestep direct grid recovered a contiguous zero-origin capture boundary,False
23,2,True,2,"[0.0,0.25]",0.2,5e-06,2.5e-06,0,[],0.0,0.0,0.0,3.5,3.75,bounded_core_residence,escaped,0.0,3.5,3.5,3.5,3.75,3.5,3.75,bounded_core_residence,escaped,bounded_core_residence,escaped,[],[],0,[],0,[],0,[],0,[],zero_threshold_grid_resolved_capture,"base-search timeout evidence was superseded by the complete dual-timestep zero-threshold audit, including adaptive node-only escalation where required",grid_resolved_capture,dual-timestep direct grid recovered a contiguous zero-origin capture boundary,False
23,3,True,3,"[0.15625,0.3125,0.625]",0.2,5e-06,2.5e-06,0,[],0.0,0.0,0.0,0.5,0.75,two_core_entries,escaped,0.0,0.5,0.5,0.5,0.75,0.5,0.75,two_core_entries,escaped,two_core_entries,escaped,[],[],0,[],0,[],0,[],0,[],zero_threshold_grid_resolved_capture,"base-search timeout evidence was superseded by the complete dual-timestep zero-threshold audit, including adaptive node-only escalation where required",grid_resolved_capture,dual-timestep direct grid recovered a contiguous zero-origin capture boundary,False
23,4,True,2,"[1.54296875,1.8359375]",0.2,5e-06,2.5e-06,0,[],0.0,0.0,0.0,2.12890625,2.275390625,two_core_entries,escaped,1.396484375,2.12890625,2.12890625,2.12890625,2.275390625,2.12890625,2.275390625,two_core_entries,escaped,two_core_entries,escaped,"[{""speed_m_per_s"":1.54296875,""trapped"":true,""termination_reason"":""two_core_entries""},{""speed_m_per_s"":1.8359375,""trapped"":true,""termination_reason"":""bounded_core_residence""}]","[{""speed_m_per_s"":1.54296875,""trapped"":true,""termination_reason"":""two_core_entries""},{""speed_m_per_s"":1.8359375,""trapped"":true,""termination_reason"":""bounded_core_residence""}]",0,[],0,[],0,[],0,[],dual_step_research_recovered_boundary,"targeted timeout-node or endpoint evidence changed or remained non-definitive; complete 200 ms coarse/fine searches recovered compatible definitive brackets, and any internally censored nodes were resolved by the bounded adaptive dual-timestep hierarchy",not_applicable,positive scalar capture threshold,False
23,5,True,3,"[0.6201171875,0.625,0.927734375]",0.2,5e-06,2.5e-06,0,[],0.0,0.0,0.0,0.927734375,1.0791015625,two_core_entries,escaped,0.46630859375,0.927734375,0.927734375,0.927734375,1.0791015625,0.927734375,1.0791015625,two_core_entries,escaped,two_core_entries,escaped,"[{""speed_m_per_s"":0.6201171875,""trapped"":true,""termination_reason"":""two_core_entries""},{""speed_m_per_s"":0.625,""trapped"":true,""termination_reason"":""two_core_entries""},{""speed_m_per_s"":0.927734375,""trapped"":true,""termination_reason"":""two_core_entries""}]","[{""speed_m_per_s"":0.6201171875,""trapped"":true,""termination_reason"":""two_core_entries""},{""speed_m_per_s"":0.625,""trapped"":true,""termination_reason"":""two_core_entries""},{""speed_m_per_s"":0.927734375,""trapped"":true,""termination_reason"":""two_core_entries""}]",0,[],0,[],0,[],0,[],dual_step_research_recovered_boundary,"targeted timeout-node or endpoint evidence changed or remained non-definitive; complete 200 ms coarse/fine searches recovered compatible definitive brackets, and any internally censored nodes were resolved by the bounded adaptive dual-timestep hierarchy",not_applicable,positive scalar capture threshold,False
23,6,True,2,"[0.0,0.25]",0.2,5e-06,2.5e-06,0,[],0.0,0.0,0.0,2.25,2.5,two_core_entries,escaped,0.0,2.25,2.25,2.25,2.5,2.25,2.5,two_core_entries,escaped,two_core_entries,escaped,[],[],0,[],0,[],0,[],0,[],zero_threshold_grid_resolved_capture,"base-search timeout evidence was superseded by the complete dual-timestep zero-threshold audit, including adaptive node-only escalation where required",grid_resolved_capture,dual-timestep direct grid recovered a contiguous zero-origin capture boundary,False
23,7,True,2,"[0.0,0.25]",0.2,5e-06,2.5e-06,0,[],0.0,0.0,0.0,1.25,1.5,two_core_entries,escaped,0.0,1.25,1.25,1.25,1.5,1.25,1.5,two_core_entries,escaped,two_core_entries,escaped,[],[],0,[],0,[],0,[],0,[],zero_threshold_grid_resolved_capture,"base-search timeout evidence was superseded by the complete dual-timestep zero-threshold audit, including adaptive node-only escalation where required",grid_resolved_capture,dual-timestep direct grid recovered a contiguous zero-origin capture boundary,False
23,8,True,2,"[0.0,0.25]",0.2,5e-06,2.5e-06,0,[],0.0,0.0,0.0,1.75,2.0,bounded_core_residence,escaped,0.0,1.75,1.75,1.75,2.0,1.75,2.0,bounded_core_residence,escaped,bounded_core_residence,escaped,[],[],0,[],0,[],0,[],0,[],zero_threshold_grid_resolved_capture,"base-search timeout evidence was superseded by the complete dual-timestep zero-threshold audit, including adaptive node-only escalation where required",grid_resolved_capture,dual-timestep direct grid recovered a contiguous zero-origin capture boundary,False
23,9,True,2,"[2.421875,2.5]",0.2,5e-06,2.5e-06,0,[],0.0,0.0,0.0,2.5,2.63671875,bounded_core_residence,escaped,2.275390625,2.5,2.5,2.5,2.63671875,2.5,2.63671875,bounded_core_residence,escaped,bounded_core_residence,escaped,"[{""speed_m_per_s"":2.421875,""trapped"":true,""termination_reason"":""two_core_entries""},{""speed_m_per_s"":2.5,""trapped"":true,""termination_reason"":""bounded_core_residence""}]","[{""speed_m_per_s"":2.421875,""trapped"":true,""termination_reason"":""two_core_entries""},{""speed_m_per_s"":2.5,""trapped"":true,""termination_reason"":""bounded_core_residence""}]",0,[],0,[],0,[],0,[],dual_step_research_recovered_boundary,"targeted timeout-node or endpoint evidence changed or remained non-definitive; complete 200 ms coarse/fine searches recovered compatible definitive brackets, and any internally censored nodes were resolved by the bounded adaptive dual-timestep hierarchy",not_applicable,positive scalar capture threshold,False
23,10,True,2,"[0.0,0.25]",0.2,5e-06,2.5e-06,0,[],0.0,0.0,0.0,1.75,2.0,two_core_entries,escaped,0.0,1.75,1.75,1.75,2.0,1.75,2.0,two_core_entries,escaped,two_core_entries,escaped,[],[],0,[],0,[],0,[],0,[],zero_threshold_grid_resolved_capture,"base-search timeout evidence was superseded by the complete dual-timestep zero-threshold audit, including adaptive node-only escalation where required",grid_resolved_capture,dual-timestep direct grid recovered a contiguous zero-origin capture boundary,False
23,11,True,1,[0.0],0.2,5e-06,2.5e-06,0,[],0.0,0.0,0.0,2.0,2.25,bounded_core_residence,escaped,0.0,2.0,2.0,2.0,2.25,2.0,2.25,bounded_core_residence,escaped,bounded_core_residence,escaped,[],[],0,[],0,[],0,[],0,[],zero_threshold_grid_resolved_capture,"base-search timeout evidence was superseded by the complete dual-timestep zero-threshold audit, including adaptive node-only escalation where required",grid_resolved_capture,dual-timestep direct grid recovered a contiguous zero-origin capture boundary,False
23,12,True,1,[0.25],0.2,5e-06,2.5e-06,0,[],0.0,0.0,0.0,0.0,0.25,escaped,escaped,0.0,0.0,0.0,0.0,0.25,0.0,0.25,escaped,escaped,escaped,escaped,[],[],0,[],0,[],0,[],0,[],zero_threshold_velocity_resolved_capture,"base-search timeout evidence was superseded by the complete dual-timestep zero-threshold audit, including adaptive node-only escalation where required",velocity_resolved_capture,nonmonotone finite-speed capture retained as a direct boolean mask,True
23,13,True,2,"[0.0,0.25]",0.2,5e-06,2.5e-06,1,"[{""level_index"":1,""duration_s"":0.25,""coarse_time_step_s"":5e-06,""fine_time_step_s"":2.5e-06,""velocity_m_per_s"":2.25,""resolved"":true,""coarse_result"":{""trapped"":true,""termination_reason"":""bounded_core_residence"",""elapsed_time_s"":0.2036700000001333,""minimum_radius_m"":0.0007529021711391611,""final_radius_m"":0.0010721166503723939,""final_position_m"":[0.0007701790486857502,0.00014464284663120156,-0.0007316671318910377],""final_velocity_m_per_s"":[0.043362002277729815,0.3015811912621064,-0.3295780725076308],""entered_trap_core"":true,""core_entry_count"":1},""fine_result"":{""trapped"":true,""termination_reason"":""bounded_core_residence"",""elapsed_time_s"":0.20367249999973178,""minimum_radius_m"":0.0007529019831313022,""final_radius_m"":0.0010728585698958268,""final_position_m"":[0.0007702873225926452,0.0001453966954652539,-0.0007324907866995715],""final_velocity_m_per_s"":[0.043257150074767874,0.30149753297007514,-0.32934541554533264],""entered_trap_core"":true,""core_entry_count"":1}}]",0.25,5e-06,2.5e-06,0.0,0.25,escaped,escaped,0.0,0.0,0.0,0.0,0.25,0.0,0.25,escaped,escaped,escaped,escaped,[],[],0,[],0,[],0,[],0,[],zero_threshold_velocity_resolved_capture,"base-search timeout evidence was superseded by the complete dual-timestep zero-threshold audit, including adaptive node-only escalation where required",velocity_resolved_capture,nonmonotone finite-speed capture retained as a direct boolean mask,True
23,14,True,2,"[0.0,0.25]",0.2,5e-06,2.5e-06,0,[],0.0,0.0,0.0,0.0,3.0,escaped,escaped,0.0,0.0,0.0,0.0,3.0,0.0,3.0,escaped,escaped,escaped,escaped,[],[],0,[],0,[],0,[],0,[],zero_threshold_velocity_resolved_capture,"base-search timeout evidence was superseded by the complete dual-timestep zero-threshold audit, including adaptive node-only escalation where required",velocity_resolved_capture,nonmonotone finite-speed capture retained as a direct boolean mask,True
23,15,True,1,[0.25],0.2,5e-06,2.5e-06,0,[],0.0,0.0,0.0,0.0,0.25,escaped,escaped,0.0,0.0,0.0,0.0,0.25,0.0,0.25,escaped,escaped,escaped,escaped,[],[],0,[],0,[],0,[],0,[],zero_threshold_velocity_resolved_capture,"base-search timeout evidence was superseded by the complete dual-timestep zero-threshold audit, including adaptive node-only escalation where required",velocity_resolved_capture,nonmonotone finite-speed capture retained as a direct boolean mask,True
23,16,True,2,"[0.0,0.25]",0.2,5e-06,2.5e-06,0,[],0.0,0.0,0.0,0.0,1.75,escaped,escaped,0.0,0.0,0.0,0.0,1.75,0.0,1.75,escaped,escaped,escaped,escaped,[],[],0,[],0,[],0,[],0,[],zero_threshold_velocity_resolved_capture,"base-search timeout evidence was superseded by the complete dual-timestep zero-threshold audit, including adaptive node-only escalation where required",velocity_resolved_capture,nonmonotone finite-speed capture retained as a direct boolean mask,True
23,17,True,2,"[0.0,0.25]",0.2,5e-06,2.5e-06,0,[],0.0,0.0,0.0,0.0,1.0,escaped,escaped,0.0,0.0,0.0,0.0,1.0,0.0,1.0,escaped,escaped,escaped,escaped,[],[],0,[],0,[],0,[],0,[],zero_threshold_velocity_resolved_capture,"base-search timeout evidence was superseded by the complete dual-timestep zero-threshold audit, including adaptive node-only escalation where required",velocity_resolved_capture,nonmonotone finite-speed capture retained as a direct boolean mask,True
23,18,True,2,"[0.0,0.25]",0.2,5e-06,2.5e-06,0,[],0.0,0.0,0.0,0.0,0.25,escaped,escaped,0.0,0.0,0.0,0.0,0.25,0.0,0.25,escaped,escaped,escaped,escaped,[],[],0,[],0,[],0,[],0,[],zero_threshold_velocity_resolved_capture,"base-search timeout evidence was superseded by the complete dual-timestep zero-threshold audit, including adaptive node-only escalation where required",velocity_resolved_capture,nonmonotone finite-speed capture retained as a direct boolean mask,True
23,19,True,1,[0.25],0.2,5e-06,2.5e-06,0,[],0.0,0.0,0.0,0.0,0.75,escaped,escaped,0.0,0.0,0.0,0.0,0.75,0.0,0.75,escaped,escaped,escaped,escaped,[],[],0,[],0,[],0,[],0,[],zero_threshold_velocity_resolved_capture,"base-search timeout evidence was superseded by the complete dual-timestep zero-threshold audit, including adaptive node-only escalation where required",velocity_resolved_capture,nonmonotone finite-speed capture retained as a direct boolean mask,True
23,20,True,1,[0.0],0.2,5e-06,2.5e-06,0,[],0.0,0.0,0.0,2.25,2.5,bounded_core_residence,escaped,0.0,2.25,2.25,2.25,2.5,2.25,2.5,bounded_core_residence,escaped,bounded_core_residence,escaped,[],[],0,[],0,[],0,[],0,[],zero_threshold_grid_resolved_capture,"base-search timeout evidence was superseded by the complete dual-timestep zero-threshold audit, including adaptive node-only escalation where required",grid_resolved_capture,dual-timestep direct grid recovered a contiguous zero-origin capture boundary,False
23,21,True,4,"[1.982421875,2.12890625,2.421875,2.5]",0.2,5e-06,2.5e-06,0,[],0.0,0.0,0.0,2.63671875,2.7734375,two_core_entries,escaped,1.8359375,2.63671875,2.63671875,2.63671875,2.7734375,2.63671875,2.7734375,two_core_entries,escaped,two_core_entries,escaped,"[{""speed_m_per_s"":1.982421875,""trapped"":true,""termination_reason"":""bounded_core_residence""},{""speed_m_per_s"":2.12890625,""trapped"":true,""termination_reason"":""bounded_core_residence""},{""speed_m_per_s"":2.421875,""trapped"":true,""termination_reason"":""bounded_core_residence""},{""speed_m_per_s"":2.5,""trapped"":true,""termination_reason"":""two_core_entries""}]","[{""speed_m_per_s"":1.982421875,""trapped"":true,""termination_reason"":""bounded_core_residence""},{""speed_m_per_s"":2.12890625,""trapped"":true,""termination_reason"":""bounded_core_residence""},{""speed_m_per_s"":2.421875,""trapped"":true,""termination_reason"":""bounded_core_residence""},{""speed_m_per_s"":2.5,""trapped"":true,""termination_reason"":""two_core_entries""}]",0,[],0,[],0,[],0,[],dual_step_research_recovered_boundary,"targeted timeout-node or endpoint evidence changed or remained non-definitive; complete 200 ms coarse/fine searches recovered compatible definitive brackets, and any internally censored nodes were resolved by the bounded adaptive dual-timestep hierarchy",not_applicable,positive scalar capture threshold,False
23,22,True,1,[0.0],0.2,5e-06,2.5e-06,0,[],0.0,0.0,0.0,1.75,2.0,two_core_entries,escaped,0.0,1.75,1.75,1.75,2.0,1.75,2.0,two_core_entries,escaped,two_core_entries,escaped,[],[],0,[],0,[],0,[],0,[],zero_threshold_grid_resolved_capture,"base-search timeout evidence was superseded by the complete dual-timestep zero-threshold audit, including adaptive node-only escalation where required",grid_resolved_capture,dual-timestep direct grid recovered a contiguous zero-origin capture boundary,False
23,23,True,1,[3.046875],0.2,5e-06,2.5e-06,0,[],0.0,0.0,0.0,3.3203125,3.45703125,two_core_entries,escaped,2.91015625,3.3203125,3.3203125,3.3203125,3.45703125,3.3203125,3.45703125,two_core_entries,escaped,two_core_entries,escaped,"[{""speed_m_per_s"":3.046875,""trapped"":true,""termination_reason"":""two_core_entries""}]","[{""speed_m_per_s"":3.046875,""trapped"":true,""termination_reason"":""two_core_entries""}]",0,[],0,[],0,[],0,[],dual_step_research_recovered_boundary,"targeted timeout-node or endpoint evidence changed or remained non-definitive; complete 200 ms coarse/fine searches recovered compatible definitive brackets, and any internally censored nodes were resolved by the bounded adaptive dual-timestep hierarchy",not_applicable,positive scalar capture threshold,False
23,24,True,3,"[2.12890625,2.421875,2.5]",0.2,5e-06,2.5e-06,0,[],0.0,0.0,0.0,2.91015625,3.046875,two_core_entries,escaped,1.982421875,2.91015625,2.91015625,2.91015625,3.046875,2.91015625,3.046875,two_core_entries,escaped,two_core_entries,escaped,"[{""speed_m_per_s"":2.12890625,""trapped"":true,""termination_reason"":""two_core_entries""},{""speed_m_per_s"":2.421875,""trapped"":true,""termination_reason"":""bounded_core_residence""},{""speed_m_per_s"":2.5,""trapped"":true,""termination_reason"":""bounded_core_residence""}]","[{""speed_m_per_s"":2.12890625,""trapped"":true,""termination_reason"":""two_core_entries""},{""speed_m_per_s"":2.421875,""trapped"":true,""termination_reason"":""bounded_core_residence""},{""speed_m_per_s"":2.5,""trapped"":true,""termination_reason"":""bounded_core_residence""}]",0,[],0,[],0,[],0,[],dual_step_research_recovered_boundary,"targeted timeout-node or endpoint evidence changed or remained non-definitive; complete 200 ms coarse/fine searches recovered compatible definitive brackets, and any internally censored nodes were resolved by the bounded adaptive dual-timestep hierarchy",not_applicable,positive scalar capture threshold,False
24,0,True,3,"[0.927734375,1.23046875,1.25]",0.2,5e-06,2.5e-06,0,[],0.0,0.0,0.0,1.54296875,1.689453125,bounded_core_residence,escaped,0.7763671875,1.54296875,1.54296875,1.54296875,1.689453125,1.54296875,1.689453125,bounded_core_residence,escaped,bounded_core_residence,escaped,"[{""speed_m_per_s"":0.927734375,""trapped"":true,""termination_reason"":""bounded_core_residence""},{""speed_m_per_s"":1.23046875,""trapped"":true,""termination_reason"":""two_core_entries""},{""speed_m_per_s"":1.25,""trapped"":true,""termination_reason"":""two_core_entries""}]","[{""speed_m_per_s"":0.927734375,""trapped"":true,""termination_reason"":""bounded_core_residence""},{""speed_m_per_s"":1.23046875,""trapped"":true,""termination_reason"":""two_core_entries""},{""speed_m_per_s"":1.25,""trapped"":true,""termination_reason"":""two_core_entries""}]",0,[],0,[],0,[],0,[],dual_step_research_recovered_boundary,"targeted timeout-node or endpoint evidence changed or remained non-definitive; complete 200 ms coarse/fine searches recovered compatible definitive brackets, and any internally censored nodes were resolved by the bounded adaptive dual-timestep hierarchy",not_applicable,positive scalar capture threshold,False
24,1,True,4,"[2.12890625,2.421875,2.5,3.59375]",0.2,5e-06,2.5e-06,0,[],0.0,0.0,0.0,3.59375,3.73046875,two_core_entries,escaped,1.982421875,3.59375,3.59375,3.59375,3.73046875,3.59375,3.73046875,two_core_entries,escaped,two_core_entries,escaped,"[{""speed_m_per_s"":2.12890625,""trapped"":true,""termination_reason"":""bounded_core_residence""},{""speed_m_per_s"":2.421875,""trapped"":true,""termination_reason"":""bounded_core_residence""},{""speed_m_per_s"":2.5,""trapped"":true,""termination_reason"":""bounded_core_residence""},{""speed_m_per_s"":3.59375,""trapped"":true,""termination_reason"":""two_core_entries""}]","[{""speed_m_per_s"":2.12890625,""trapped"":true,""termination_reason"":""bounded_core_residence""},{""speed_m_per_s"":2.421875,""trapped"":true,""termination_reason"":""bounded_core_residence""},{""speed_m_per_s"":2.5,""trapped"":true,""termination_reason"":""bounded_core_residence""},{""speed_m_per_s"":3.59375,""trapped"":true,""termination_reason"":""two_core_entries""}]",0,[],0,[],0,[],0,[],dual_step_research_recovered_boundary,"targeted timeout-node or endpoint evidence changed or remained non-definitive; complete 200 ms coarse/fine searches recovered compatible definitive brackets, and any internally censored nodes were resolved by the bounded adaptive dual-timestep hierarchy",not_applicable,positive scalar capture threshold,False
24,2,True,2,"[0.0,0.25]",0.2,5e-06,2.5e-06,0,[],0.0,0.0,0.0,0.0,0.25,escaped,escaped,0.0,0.0,0.0,0.0,0.25,0.0,0.25,escaped,escaped,escaped,escaped,[],[],0,[],0,[],0,[],0,[],zero_threshold_velocity_resolved_capture,"base-search timeout evidence was superseded by the complete dual-timestep zero-threshold audit, including adaptive node-only escalation where required",velocity_resolved_capture,nonmonotone finite-speed capture retained as a direct boolean mask,True
24,3,True,1,[0.25],0.2,5e-06,2.5e-06,0,[],0.0,0.0,0.0,0.0,0.25,escaped,escaped,0.0,0.0,0.0,0.0,0.25,0.0,0.25,escaped,escaped,escaped,escaped,[],[],0,[],0,[],0,[],0,[],zero_threshold_velocity_resolved_capture,"base-search timeout evidence was superseded by the complete dual-timestep zero-threshold audit, including adaptive node-only escalation where required",velocity_resolved_capture,nonmonotone finite-speed capture retained as a direct boolean mask,True
24,4,True,3,"[1.23046875,1.25,1.8359375]",0.2,5e-06,2.5e-06,0,[],0.0,0.0,0.0,2.12890625,2.275390625,two_core_entries,escaped,1.0791015625,2.12890625,2.12890625,2.12890625,2.275390625,2.12890625,2.275390625,two_core_entries,escaped,two_core_entries,escaped,"[{""speed_m_per_s"":1.23046875,""trapped"":true,""termination_reason"":""two_core_entries""},{""speed_m_per_s"":1.25,""trapped"":true,""termination_reason"":""two_core_entries""},{""speed_m_per_s"":1.8359375,""trapped"":true,""termination_reason"":""two_core_entries""}]","[{""speed_m_per_s"":1.23046875,""trapped"":true,""termination_reason"":""two_core_entries""},{""speed_m_per_s"":1.25,""trapped"":true,""termination_reason"":""two_core_entries""},{""speed_m_per_s"":1.8359375,""trapped"":true,""termination_reason"":""two_core_entries""}]",0,[],0,[],0,[],0,[],dual_step_research_recovered_boundary,"targeted timeout-node or endpoint evidence changed or remained non-definitive; complete 200 ms coarse/fine searches recovered compatible definitive brackets, and any internally censored nodes were resolved by the bounded adaptive dual-timestep hierarchy",not_applicable,positive scalar capture threshold,False
24,5,True,2,"[0.0,0.25]",0.2,5e-06,2.5e-06,0,[],0.0,0.0,0.0,2.5,2.75,bounded_core_residence,escaped,0.0,2.5,2.5,2.5,2.75,2.5,2.75,bounded_core_residence,escaped,bounded_core_residence,escaped,[],[],0,[],0,[],0,[],0,[],zero_threshold_grid_resolved_capture,"base-search timeout evidence was superseded by the complete dual-timestep zero-threshold audit, including adaptive node-only escalation where required",grid_resolved_capture,dual-timestep direct grid recovered a contiguous zero-origin capture boundary,False
24,6,True,1,[0.0],0.2,5e-06,2.5e-06,0,[],0.0,0.0,0.0,2.0,2.25,two_core_entries,escaped,0.0,2.0,2.0,2.0,2.25,2.0,2.25,two_core_entries,escaped,two_core_entries,escaped,[],[],0,[],0,[],0,[],0,[],zero_threshold_grid_resolved_capture,"base-search timeout evidence was superseded by the complete dual-timestep zero-threshold audit, including adaptive node-only escalation where required",grid_resolved_capture,dual-timestep direct grid recovered a contiguous zero-origin capture boundary,False
24,7,True,1,[0.0],0.2,5e-06,2.5e-06,0,[],0.0,0.0,0.0,4.5,4.75,two_core_entries,escaped,0.0,4.5,4.5,4.5,4.75,4.5,4.75,two_core_entries,escaped,two_core_entries,escaped,[],[],0,[],0,[],0,[],0,[],zero_threshold_grid_resolved_capture,"base-search timeout evidence was superseded by the complete dual-timestep zero-threshold audit, including adaptive node-only escalation where required",grid_resolved_capture,dual-timestep direct grid recovered a contiguous zero-origin capture boundary,False
24,8,True,4,"[1.23046875,1.25,1.8359375,2.5]",0.2,5e-06,2.5e-06,0,[],0.0,0.0,0.0,2.5,2.63671875,bounded_core_residence,escaped,1.0791015625,2.5,2.5,2.5,2.63671875,2.5,2.63671875,bounded_core_residence,escaped,bounded_core_residence,escaped,"[{""speed_m_per_s"":1.23046875,""trapped"":true,""termination_reason"":""two_core_entries""},{""speed_m_per_s"":1.25,""trapped"":true,""termination_reason"":""two_core_entries""},{""speed_m_per_s"":1.8359375,""trapped"":true,""termination_reason"":""two_core_entries""},{""speed_m_per_s"":2.5,""trapped"":true,""termination_reason"":""bounded_core_residence""}]","[{""speed_m_per_s"":1.23046875,""trapped"":true,""termination_reason"":""two_core_entries""},{""speed_m_per_s"":1.25,""trapped"":true,""termination_reason"":""two_core_entries""},{""speed_m_per_s"":1.8359375,""trapped"":true,""termination_reason"":""two_core_entries""},{""speed_m_per_s"":2.5,""trapped"":true,""termination_reason"":""bounded_core_residence""}]",0,[],0,[],0,[],0,[],dual_step_research_recovered_boundary,"targeted timeout-node or endpoint evidence changed or remained non-definitive; complete 200 ms coarse/fine searches recovered compatible definitive brackets, and any internally censored nodes were resolved by the bounded adaptive dual-timestep hierarchy",not_applicable,positive scalar capture threshold,False
24,9,True,2,"[0.0,0.25]",0.2,5e-06,2.5e-06,0,[],0.0,0.0,0.0,0.0,1.5,escaped,escaped,0.0,0.0,0.0,0.0,1.5,0.0,1.5,escaped,escaped,escaped,escaped,[],[],0,[],0,[],0,[],0,[],zero_threshold_velocity_resolved_capture,"base-search timeout evidence was superseded by the complete dual-timestep zero-threshold audit, including adaptive node-only escalation where required",velocity_resolved_capture,nonmonotone finite-speed capture retained as a direct boolean mask,True
24,10,True,2,"[0.0,0.25]",0.2,5e-06,2.5e-06,0,[],0.0,0.0,0.0,0.0,1.75,escaped,escaped,0.0,0.0,0.0,0.0,1.75,0.0,1.75,escaped,escaped,escaped,escaped,[],[],0,[],0,[],0,[],0,[],zero_threshold_velocity_resolved_capture,"base-search timeout evidence was superseded by the complete dual-timestep zero-threshold audit, including adaptive node-only escalation where required",velocity_resolved_capture,nonmonotone finite-speed capture retained as a direct boolean mask,True
24,11,True,2,"[0.0,0.25]",0.2,5e-06,2.5e-06,0,[],0.0,0.0,0.0,0.0,1.75,escaped,escaped,0.0,0.0,0.0,0.0,1.75,0.0,1.75,escaped,escaped,escaped,escaped,[],[],0,[],0,[],0,[],0,[],zero_threshold_velocity_resolved_capture,"base-search timeout evidence was superseded by the complete dual-timestep zero-threshold audit, including adaptive node-only escalation where required",velocity_resolved_capture,nonmonotone finite-speed capture retained as a direct boolean mask,True
24,12,True,1,[2.421875],0.2,5e-06,2.5e-06,0,[],0.0,0.0,0.0,2.275390625,2.421875,two_core_entries,escaped,2.275390625,2.275390625,2.275390625,2.275390625,2.421875,2.275390625,2.421875,two_core_entries,escaped,two_core_entries,escaped,"[{""speed_m_per_s"":2.421875,""trapped"":false,""termination_reason"":""escaped""}]","[{""speed_m_per_s"":2.421875,""trapped"":false,""termination_reason"":""escaped""}]",0,[],0,[],0,[],0,[],targeted_timeout_nodes_confirmed_escaped,"every actual base-search timeout speed is escaped at 200 ms with 5 and 2.5 microsecond steps, and the saved endpoints remain a definitive trapped/escaped bracket",not_applicable,positive scalar capture threshold,False
24,13,True,2,"[0.0,0.25]",0.2,5e-06,2.5e-06,0,[],0.0,0.0,0.0,1.0,1.25,two_core_entries,escaped,0.0,1.0,1.0,1.0,1.25,1.0,1.25,two_core_entries,escaped,two_core_entries,escaped,[],[],0,[],0,[],0,[],0,[],zero_threshold_grid_resolved_capture,"base-search timeout evidence was superseded by the complete dual-timestep zero-threshold audit, including adaptive node-only escalation where required",grid_resolved_capture,dual-timestep direct grid recovered a contiguous zero-origin capture boundary,False
24,14,True,3,"[1.982421875,2.12890625,2.421875]",0.2,5e-06,2.5e-06,0,[],0.0,0.0,0.0,2.275390625,2.421875,two_core_entries,escaped,1.8359375,2.275390625,2.275390625,2.275390625,2.421875,2.275390625,2.421875,two_core_entries,escaped,two_core_entries,escaped,"[{""speed_m_per_s"":1.982421875,""trapped"":true,""termination_reason"":""two_core_entries""},{""speed_m_per_s"":2.12890625,""trapped"":true,""termination_reason"":""two_core_entries""},{""speed_m_per_s"":2.421875,""trapped"":false,""termination_reason"":""escaped""}]","[{""speed_m_per_s"":1.982421875,""trapped"":true,""termination_reason"":""two_core_entries""},{""speed_m_per_s"":2.12890625,""trapped"":true,""termination_reason"":""two_core_entries""},{""speed_m_per_s"":2.421875,""trapped"":false,""termination_reason"":""escaped""}]",0,[],0,[],0,[],0,[],dual_step_research_recovered_boundary,"targeted timeout-node or endpoint evidence changed or remained non-definitive; complete 200 ms coarse/fine searches recovered compatible definitive brackets, and any internally censored nodes were resolved by the bounded adaptive dual-timestep hierarchy",not_applicable,positive scalar capture threshold,False
24,15,True,3,"[0.927734375,1.23046875,1.25]",0.2,5e-06,2.5e-06,0,[],0.0,0.0,0.0,1.54296875,1.689453125,two_core_entries,escaped,0.7763671875,1.54296875,1.54296875,1.54296875,1.689453125,1.54296875,1.689453125,two_core_entries,escaped,two_core_entries,escaped,"[{""speed_m_per_s"":0.927734375,""trapped"":true,""termination_reason"":""two_core_entries""},{""speed_m_per_s"":1.23046875,""trapped"":true,""termination_reason"":""bounded_core_residence""},{""speed_m_per_s"":1.25,""trapped"":true,""termination_reason"":""two_core_entries""}]","[{""speed_m_per_s"":0.927734375,""trapped"":true,""termination_reason"":""two_core_entries""},{""speed_m_per_s"":1.23046875,""trapped"":true,""termination_reason"":""bounded_core_residence""},{""speed_m_per_s"":1.25,""trapped"":true,""termination_reason"":""two_core_entries""}]",0,[],0,[],0,[],0,[],dual_step_research_recovered_boundary,"targeted timeout-node or endpoint evidence changed or remained non-definitive; complete 200 ms coarse/fine searches recovered compatible definitive brackets, and any internally censored nodes were resolved by the bounded adaptive dual-timestep hierarchy",not_applicable,positive scalar capture threshold,False
24,16,True,2,"[0.0,0.25]",0.2,5e-06,2.5e-06,0,[],0.0,0.0,0.0,0.0,1.25,escaped,escaped,0.0,0.0,0.0,0.0,1.25,0.0,1.25,escaped,escaped,escaped,escaped,[],[],0,[],0,[],0,[],0,[],zero_threshold_velocity_resolved_capture,"base-search timeout evidence was superseded by the complete dual-timestep zero-threshold audit, including adaptive node-only escalation where required",velocity_resolved_capture,nonmonotone finite-speed capture retained as a direct boolean mask,True
24,17,True,2,"[0.0,0.25]",0.2,5e-06,2.5e-06,0,[],0.0,0.0,0.0,0.0,0.25,escaped,escaped,0.0,0.0,0.0,0.0,0.25,0.0,0.25,escaped,escaped,escaped,escaped,[],[],0,[],0,[],0,[],0,[],zero_threshold_velocity_resolved_capture,"base-search timeout evidence was superseded by the complete dual-timestep zero-threshold audit, including adaptive node-only escalation where required",velocity_resolved_capture,nonmonotone finite-speed capture retained as a direct boolean mask,True
24,18,True,2,"[2.421875,2.5]",0.2,5e-06,2.5e-06,0,[],0.0,0.0,0.0,2.5,2.63671875,two_core_entries,escaped,2.275390625,2.5,2.5,2.5,2.63671875,2.5,2.63671875,two_core_entries,escaped,two_core_entries,escaped,"[{""speed_m_per_s"":2.421875,""trapped"":true,""termination_reason"":""two_core_entries""},{""speed_m_per_s"":2.5,""trapped"":true,""termination_reason"":""two_core_entries""}]","[{""speed_m_per_s"":2.421875,""trapped"":true,""termination_reason"":""two_core_entries""},{""speed_m_per_s"":2.5,""trapped"":true,""termination_reason"":""two_core_entries""}]",0,[],0,[],0,[],0,[],dual_step_research_recovered_boundary,"targeted timeout-node or endpoint evidence changed or remained non-definitive; complete 200 ms coarse/fine searches recovered compatible definitive brackets, and any internally censored nodes were resolved by the bounded adaptive dual-timestep hierarchy",not_applicable,positive scalar capture threshold,False
24,19,True,1,[0.0],0.2,5e-06,2.5e-06,0,[],0.0,0.0,0.0,0.0,2.25,escaped,escaped,0.0,0.0,0.0,0.0,2.25,0.0,2.25,escaped,escaped,escaped,escaped,[],[],0,[],0,[],0,[],0,[],zero_threshold_velocity_resolved_capture,"base-search timeout evidence was superseded by the complete dual-timestep zero-threshold audit, including adaptive node-only escalation where required",velocity_resolved_capture,nonmonotone finite-speed capture retained as a direct boolean mask,True
24,20,True,2,"[0.0,0.25]",0.2,5e-06,2.5e-06,0,[],0.0,0.0,0.0,0.0,1.5,escaped,escaped,0.0,0.0,0.0,0.0,1.5,0.0,1.5,escaped,escaped,escaped,escaped,[],[],0,[],0,[],0,[],0,[],zero_threshold_velocity_resolved_capture,"base-search timeout evidence was superseded by the complete dual-timestep zero-threshold audit, including adaptive node-only escalation where required",velocity_resolved_capture,nonmonotone finite-speed capture retained as a direct boolean mask,True
24,21,True,3,"[0.927734375,1.23046875,1.25]",0.2,5e-06,2.5e-06,0,[],0.0,0.0,0.0,1.25,1.396484375,bounded_core_residence,escaped,0.7763671875,1.25,1.25,1.25,1.396484375,1.25,1.396484375,bounded_core_residence,escaped,bounded_core_residence,escaped,"[{""speed_m_per_s"":0.927734375,""trapped"":true,""termination_reason"":""two_core_entries""},{""speed_m_per_s"":1.23046875,""trapped"":true,""termination_reason"":""bounded_core_residence""},{""speed_m_per_s"":1.25,""trapped"":true,""termination_reason"":""bounded_core_residence""}]","[{""speed_m_per_s"":0.927734375,""trapped"":true,""termination_reason"":""two_core_entries""},{""speed_m_per_s"":1.23046875,""trapped"":true,""termination_reason"":""bounded_core_residence""},{""speed_m_per_s"":1.25,""trapped"":true,""termination_reason"":""bounded_core_residence""}]",0,[],0,[],0,[],0,[],dual_step_research_recovered_boundary,"targeted timeout-node or endpoint evidence changed or remained non-definitive; complete 200 ms coarse/fine searches recovered compatible definitive brackets, and any internally censored nodes were resolved by the bounded adaptive dual-timestep hierarchy",not_applicable,positive scalar capture threshold,False
24,22,True,4,"[1.54296875,1.8359375,2.421875,2.5]",0.2,5e-06,2.5e-06,0,[],0.0,0.0,0.0,2.91015625,3.046875,bounded_core_residence,escaped,1.396484375,2.91015625,2.91015625,2.91015625,3.046875,2.91015625,3.046875,bounded_core_residence,escaped,bounded_core_residence,escaped,"[{""speed_m_per_s"":1.54296875,""trapped"":true,""termination_reason"":""two_core_entries""},{""speed_m_per_s"":1.8359375,""trapped"":true,""termination_reason"":""bounded_core_residence""},{""speed_m_per_s"":2.421875,""trapped"":true,""termination_reason"":""bounded_core_residence""},{""speed_m_per_s"":2.5,""trapped"":true,""termination_reason"":""bounded_core_residence""}]","[{""speed_m_per_s"":1.54296875,""trapped"":true,""termination_reason"":""two_core_entries""},{""speed_m_per_s"":1.8359375,""trapped"":true,""termination_reason"":""bounded_core_residence""},{""speed_m_per_s"":2.421875,""trapped"":true,""termination_reason"":""bounded_core_residence""},{""speed_m_per_s"":2.5,""trapped"":true,""termination_reason"":""bounded_core_residence""}]",0,[],0,[],0,[],0,[],dual_step_research_recovered_boundary,"targeted timeout-node or endpoint evidence changed or remained non-definitive; complete 200 ms coarse/fine searches recovered compatible definitive brackets, and any internally censored nodes were resolved by the bounded adaptive dual-timestep hierarchy",not_applicable,positive scalar capture threshold,False
24,23,False,0,[],0.05,5e-06,5e-06,0,[],0.0,0.0,0.0,1.982421875,2.12890625,two_core_entries,escaped,1.982421875,1.982421875,1.982421875,1.982421875,2.12890625,1.982421875,2.12890625,two_core_entries,escaped,two_core_entries,escaped,[],[],0,[],0,[],0,[],0,[],not_required,base search contained no timeout,not_applicable,positive scalar capture threshold,False
24,24,True,2,"[0.0,0.25]",0.2,5e-06,2.5e-06,0,[],0.0,0.0,0.0,0.0,1.75,escaped,escaped,0.0,0.0,0.0,0.0,1.75,0.0,1.75,escaped,escaped,escaped,escaped,[],[],0,[],0,[],0,[],0,[],zero_threshold_velocity_resolved_capture,"base-search timeout evidence was superseded by the complete dual-timestep zero-threshold audit, including adaptive node-only escalation where required",velocity_resolved_capture,nonmonotone finite-speed capture retained as a direct boolean mask,True
