scan_type,configuration_role,combined_code,axis,coordinate_m,velocity_m_per_s,same_axis_force_proxy_n,reference_scalar_transition_shift_hz,reference_vector_transition_shift_hz,reference_tensor_transition_shift_hz,reference_total_transition_shift_hz,same_axis_effective_field_proxy_g,effective_field_proxy_magnitude_g
position,current,++-++-,x,-0.002,,2.668994086825419e-21,-8167581.884232363,6074662.775843834,5135586.973752744,3042667.8653642135,-4.340276519499165,4.340276519499165
position,current,++-++-,x,-0.0019500000000000001,,2.5978795688382583e-21,-8306039.154148558,5898501.449739689,5011106.344855775,2603568.6404469074,-4.214411282934252,4.214411282934252
position,current,++-++-,x,-0.0019,,2.5240041373679066e-21,-8455850.858955005,5724325.182600316,4882708.236137204,2151182.559782513,-4.089964348114233,4.089964348114233
position,current,++-++-,x,-0.00185,,2.4473779415287693e-21,-8617043.12529846,5552064.1115726475,4750348.96822556,1685369.954499749,-3.9668857988360284,3.9668857988360284
position,current,++-++-,x,-0.0018,,2.367918005082756e-21,-8789579.574527068,5381650.047781135,4614017.306939801,1206087.7801938674,-3.8451269149341996,3.8451269149341996
position,current,++-++-,x,-0.00175,,2.2854313912622113e-21,-8973356.248189006,5213016.404210675,4473736.963934015,713397.1199556829,-3.7246401207541235,3.7246401207541235
position,current,++-++-,x,-0.0017000000000000001,,2.199610834967733e-21,-9168196.87277359,5046098.126280818,4329568.929459489,207470.18296671676,-3.6053789355480768,3.6053789355480768
position,current,++-++-,x,-0.00165,,2.1100526424954123e-21,-9373848.552351821,4880831.624971054,4181613.5928400075,-311403.3345407603,-3.4872979256940106,3.4872979256940106
position,current,++-++-,x,-0.0016,,2.016304014354426e-21,-9589977.978235034,4717154.712363971,4030012.606029761,-842810.6598413019,-3.370352658641889,3.370352658641889
position,current,++-++-,x,-0.00155,,1.917939071662166e-21,-9816168.243713103,4555006.539479851,3874950.446156029,-1386211.2580772226,-3.254499658497222,3.254499658497222
position,current,++-++-,x,-0.0015,,1.8146517727856063e-21,-10051916.349261452,4394327.536282286,3716655.634288652,-1940933.1786905131,-3.139696363155771,3.139696363155771
position,current,++-++-,x,-0.00145,,1.706344754777662e-21,-10296631.479252435,4235059.353740232,3555401.5698587503,-2506170.555653453,-3.02590108290755,3.02590108290755
position,current,++-++-,x,-0.0014,,1.5931904981624196e-21,-10549634.125135431,4077144.807837547,3391506.9431882408,-3080982.374109643,-2.913072960432292,2.913072960432292
position,current,++-++-,x,-0.00135,,1.4756477852820023e-21,-10810156.122260742,3920527.825425953,3225335.692489584,-3664292.604345205,-2.801171932112012,2.801171932112012
position,current,++-++-,x,-0.0013,,1.3544373516559231e-21,-11077341.658050925,3765153.3918222645,3057296.4764337116,-4254891.789794948,-2.690158690589828,2.690158690589828
position,current,++-++-,x,-0.00125,,1.2305028561013835e-21,-11350249.298145596,3610967.500055239,2887841.638926063,-4851440.159164293,-2.5799946485074257,2.5799946485074257
position,current,++-++-,x,-0.0012000000000000001,,1.1049725964336844e-21,-11627855.064575905,3457917.1016716184,2717465.6490180665,-5452472.313886219,-2.47064190335654,2.47064190335654
position,current,++-++-,x,-0.00115,,9.791185215031014e-22,-11909056.586117495,3305950.059014849,2546703.00583766,-6056403.521264986,-2.3620632033826503,2.3620632033826503
position,current,++-++-,x,-0.0010999999999999998,,8.543136278743687e-22,-12192678.325917896,3155015.0988936606,2376125.6059514033,-6661537.6210728325,-2.254221914481714,2.254221914481714
position,current,++-++-,x,-0.0010500000000000002,,7.319914230539975e-22,-12477477.875523645,3005061.767561301,2206339.5785582066,-7266076.529404138,-2.147081988033351,2.147081988033351
position,current,++-++-,x,-0.001,,6.136060067811828e-22,-12762153.2878046,2856040.386929212,2037981.6022309042,-7868131.298644483,-2.0406079296160167,2.0406079296160167
position,current,++-++-,x,-0.0009499999999999999,,5.00589225328913e-22,-13045351.404275335,2707902.011942276,1871714.7254226105,-8465734.666910449,-1.9347647685521094,1.9347647685521094
position,current,++-++-,x,-0.0009,,3.9430311185519492e-22,-13325677.115258075,2560598.3890452352,1708223.7214846273,-9056855.004728213,-1.8295180282327053,1.8295180282327053
position,current,++-++-,x,-0.0008500000000000001,,2.9598873603823017e-22,-13601703.474543544,2414081.915672945,1548210.0173384657,-9639411.541532133,-1.7248336971738112,1.7248336971738112
position,current,++-++-,x,-0.0007999999999999999,,2.0671512344186457e-22,-13871982.574023364,2268305.600699244,1392386.243037707,-10211290.730286412,-1.6206782007575384,1.6206782007575384
position,current,++-++-,x,-0.00075,,1.2733341322114967e-22,-14135057.068527354,2123223.025781634,1241470.4570773824,-10770363.585668337,-1.5170183736133211,1.5170183736133211
position,current,++-++-,x,-0.0006999999999999999,,5.844162959750623e-23,-14389472.227133665,1978788.3075412204,1096180.10929276,-11314503.810299685,-1.4138214325959224,1.4138214325959224
position,current,++-++-,x,-0.00065,,3.643697277909683e-25,-14633788.374847189,1834956.0605190974,957225.8093774089,-11841606.504950684,-1.3110549503181954,1.3110549503181954
position,current,++-++-,x,-0.0006000000000000001,,-4.6850330782666165e-23,-14866593.578057861,1691681.360852444,825304.9742937254,-12349607.242911693,-1.2086868291980746,1.2086868291980746
position,current,++-++-,x,-0.0005499999999999999,,-8.341717266146355e-23,-15086516.418861585,1548919.710614992,701095.432015183,-12836501.276231408,-1.1066852759802512,1.1066852759802512
position,current,++-++-,x,-0.0005,,-1.0978534430217252e-22,-15292238.697380858,1406627.0027684332,585249.0620137136,-13300362.632598711,-1.0050187766943572,1.0050187766943572
position,current,++-++-,x,-0.0004499999999999999,,-1.2660005460567234e-22,-15482507.897845797,1264759.4866723674,478385.5545953308,-13739362.856578099,-0.9036560720122209,0.9036560720122209
position,current,++-++-,x,-0.00039999999999999996,,-1.346588192160603e-22,-15656149.253524056,1123273.7341019872,381086.37152457854,-14151789.147897488,-0.8025661329678948,0.8025661329678948
position,current,++-++-,x,-0.00035000000000000005,,-1.348673495191698e-22,-15812077.247702751,982126.6057237363,293888.9893224499,-14536061.652656564,-0.7017181370048995,0.7017181370048995
position,current,++-++-,x,-0.0002999999999999999,,-1.2819909396082213e-22,-15949306.392851636,841275.217980085,217281.50416069382,-14890749.670710858,-0.601081444315778,0.601081444315778
position,current,++-++-,x,-0.00025,,-1.1566130555032908e-22,-16066961.137799608,700676.9103358922,151697.67342538407,-15214586.554038333,-0.5006255744399984,0.5006255744399984
position,current,++-++-,x,-0.00019999999999999987,,-9.826924505549713e-23,-16164284.76314334,560289.212839188,97512.46383055062,-15506483.086473601,-0.40032018308650796,0.40032018308650796
position,current,++-++-,x,-0.00014999999999999996,,-7.702898554178618e-23,-16240647.13802407,420069.8139502334,55038.169505430575,-15765539.154568408,-0.30013503914796597,0.30013503914796597
position,current,++-++-,x,-0.00010000000000000005,,-5.292837268765379e-23,-16295551.226648964,279976.5285932679,24521.155859957365,-15991053.54219574,-0.20004000187408702,0.20004000187408702
position,current,++-++-,x,-4.9999999999999914e-05,,-2.693504492482445e-23,-16328638.250236226,139967.26638566868,6139.276383033791,-16182531.707467524,-0.10000499817174047,0.10000499817174047
position,current,++-++-,x,0.0,,0.0,-16339691.429122167,0.0,4.331163404506403e-09,-16339691.429122163,0.0,0.0
position,current,++-++-,x,5.000000000000013e-05,,2.693504492482445e-23,-16328638.250236226,139967.26638566868,6139.276383033791,-16182531.707467524,0.10000499817174047,0.10000499817174047
position,current,++-++-,x,0.00010000000000000026,,5.2928372687654546e-23,-16295551.226648964,279976.5285932722,24521.15585995845,-15991053.542195735,0.20004000187409016,0.20004000187409016
position,current,++-++-,x,0.00014999999999999996,,7.702898554178618e-23,-16240647.13802407,420069.8139502334,55038.169505430575,-15765539.154568408,0.30013503914796597,0.30013503914796597
position,current,++-++-,x,0.0002000000000000001,,9.826924505549713e-23,-16164284.76314334,560289.212839188,97512.46383055062,-15506483.086473601,0.40032018308650796,0.40032018308650796
position,current,++-++-,x,0.0002500000000000002,,1.1566130555032908e-22,-16066961.137799608,700676.9103358922,151697.67342538407,-15214586.554038333,0.5006255744399984,0.5006255744399984
position,current,++-++-,x,0.0002999999999999999,,1.2819909396082213e-22,-15949306.392851636,841275.217980085,217281.50416069382,-14890749.670710858,0.601081444315778,0.601081444315778
position,current,++-++-,x,0.00035000000000000005,,1.348673495191698e-22,-15812077.247702751,982126.6057237363,293888.9893224499,-14536061.652656564,0.7017181370048995,0.7017181370048995
position,current,++-++-,x,0.0004000000000000002,,1.346588192160603e-22,-15656149.253524056,1123273.7341019872,381086.3715245802,-14151789.147897488,0.8025661329678948,0.8025661329678948
position,current,++-++-,x,0.0004499999999999999,,1.2660005460567234e-22,-15482507.897845797,1264759.4866723674,478385.5545953308,-13739362.856578099,0.9036560720122209,0.9036560720122209
position,current,++-++-,x,0.0005,,1.0978534430217255e-22,-15292238.697380858,1406627.0027684332,585249.0620137136,-13300362.632598711,1.0050187766943572,1.0050187766943572
position,current,++-++-,x,0.0005500000000000001,,8.341717266146355e-23,-15086516.418861585,1548919.710614992,701095.432015183,-12836501.276231408,1.1066852759802512,1.1066852759802512
position,current,++-++-,x,0.0006000000000000003,,4.6850330782666165e-23,-14866593.578057861,1691681.360852444,825304.9742937254,-12349607.242911693,1.2086868291980746,1.2086868291980746
position,current,++-++-,x,0.00065,,-3.643697277909683e-25,-14633788.374847189,1834956.0605190974,957225.8093774089,-11841606.504950684,1.3110549503181954,1.3110549503181954
position,current,++-++-,x,0.0007000000000000001,,-5.844162959750698e-23,-14389472.227133665,1978788.3075412246,1096180.10929276,-11314503.81029968,1.4138214325959253,1.4138214325959253
position,current,++-++-,x,0.0007500000000000002,,-1.2733341322114816e-22,-14135057.068527354,2123223.025781634,1241470.4570773824,-10770363.585668337,1.5170183736133211,1.5170183736133211
position,current,++-++-,x,0.0007999999999999999,,-2.0671512344186455e-22,-13871982.574023364,2268305.600699244,1392386.243037707,-10211290.730286412,1.6206782007575384,1.6206782007575384
position,current,++-++-,x,0.0008500000000000001,,-2.9598873603823017e-22,-13601703.474543544,2414081.915672945,1548210.0173384657,-9639411.541532133,1.7248336971738112,1.7248336971738112
position,current,++-++-,x,0.0009000000000000002,,-3.9430311185519643e-22,-13325677.115258073,2560598.3890452352,1708223.7214846276,-9056855.004728211,1.8295180282327053,1.8295180282327053
position,current,++-++-,x,0.0009499999999999999,,-5.00589225328913e-22,-13045351.404275335,2707902.011942276,1871714.7254226105,-8465734.666910449,1.9347647685521094,1.9347647685521094
position,current,++-++-,x,0.001,,-6.136060067811828e-22,-12762153.2878046,2856040.386929212,2037981.6022309042,-7868131.298644483,2.0406079296160167,2.0406079296160167
position,current,++-++-,x,0.0010500000000000002,,-7.319914230539975e-22,-12477477.875523645,3005061.767561301,2206339.5785582066,-7266076.529404138,2.147081988033351,2.147081988033351
position,current,++-++-,x,0.0011000000000000003,,-8.54313627874368e-22,-12192678.32591789,3155015.0988936606,2376125.605951405,-6661537.621072824,2.254221914481714,2.254221914481714
position,current,++-++-,x,0.00115,,-9.791185215031014e-22,-11909056.586117495,3305950.059014849,2546703.00583766,-6056403.521264986,2.3620632033826503,2.3620632033826503
position,current,++-++-,x,0.0012000000000000001,,-1.1049725964336844e-21,-11627855.064575905,3457917.1016716184,2717465.6490180665,-5452472.313886219,2.47064190335654,2.47064190335654
position,current,++-++-,x,0.0012500000000000002,,-1.2305028561013835e-21,-11350249.298145596,3610967.500055239,2887841.6389260646,-4851440.159164292,2.5799946485074257,2.5799946485074257
position,current,++-++-,x,0.0013,,-1.3544373516559231e-21,-11077341.658050925,3765153.3918222645,3057296.4764337116,-4254891.789794948,2.690158690589828,2.690158690589828
position,current,++-++-,x,0.00135,,-1.4756477852820023e-21,-10810156.122260742,3920527.825425953,3225335.692489584,-3664292.604345205,2.801171932112012,2.801171932112012
position,current,++-++-,x,0.0014000000000000002,,-1.5931904981624204e-21,-10549634.12513543,4077144.807837547,3391506.943188242,-3080982.37410964,2.913072960432292,2.913072960432292
position,current,++-++-,x,0.0014500000000000003,,-1.706344754777663e-21,-10296631.479252432,4235059.353740232,3555401.569858752,-2506170.555653447,3.02590108290755,3.02590108290755
position,current,++-++-,x,0.0015,,-1.8146517727856063e-21,-10051916.349261452,4394327.536282286,3716655.634288652,-1940933.1786905131,3.139696363155771,3.139696363155771
position,current,++-++-,x,0.0015500000000000002,,-1.9179390716621705e-21,-9816168.243713101,4555006.539479861,3874950.4461560315,-1386211.2580772087,3.254499658497229,3.254499658497229
position,current,++-++-,x,0.0016000000000000003,,-2.0163040143544283e-21,-9589977.97823503,4717154.712363971,4030012.606029761,-842810.6598412975,3.370352658641889,3.370352658641889
position,current,++-++-,x,0.00165,,-2.1100526424954123e-21,-9373848.552351821,4880831.624971054,4181613.5928400075,-311403.3345407603,3.4872979256940106,3.4872979256940106
position,current,++-++-,x,0.0017000000000000001,,-2.199610834967733e-21,-9168196.87277359,5046098.126280818,4329568.929459489,207470.18296671676,3.6053789355480768,3.6053789355480768
position,current,++-++-,x,0.0017500000000000003,,-2.2854313912622113e-21,-8973356.248189006,5213016.404210675,4473736.963934015,713397.1199556829,3.7246401207541235,3.7246401207541235
position,current,++-++-,x,0.0018,,-2.367918005082756e-21,-8789579.574527068,5381650.047781135,4614017.306939801,1206087.7801938674,3.8451269149341996,3.8451269149341996
position,current,++-++-,x,0.00185,,-2.4473779415287693e-21,-8617043.12529846,5552064.1115726475,4750348.96822556,1685369.954499749,3.9668857988360284,3.9668857988360284
position,current,++-++-,x,0.0019000000000000002,,-2.5240041373679044e-21,-8455850.858955005,5724325.182600316,4882708.236137204,2151182.559782513,4.089964348114233,4.089964348114233
position,current,++-++-,x,0.0019500000000000003,,-2.5978795688382583e-21,-8306039.154148558,5898501.449739689,5011106.344855775,2603568.6404469074,4.214411282934252,4.214411282934252
position,current,++-++-,x,0.002,,-2.668994086825419e-21,-8167581.884232363,6074662.775843834,5135586.973752744,3042667.8653642135,4.340276519499165,4.340276519499165
velocity,current,++-++-,x,,-0.5,-2.1431224354478173e-22,,,,,,
velocity,current,++-++-,x,,-0.4875,-2.091096794536935e-22,,,,,,
velocity,current,++-++-,x,,-0.475,-2.0389552630978744e-22,,,,,,
velocity,current,++-++-,x,,-0.4625,-1.9867005582617145e-22,,,,,,
velocity,current,++-++-,x,,-0.45,-1.9343354167500738e-22,,,,,,
velocity,current,++-++-,x,,-0.4375,-1.8818625921111656e-22,,,,,,
velocity,current,++-++-,x,,-0.425,-1.829284858669373e-22,,,,,,
velocity,current,++-++-,x,,-0.4125,-1.7766050066923046e-22,,,,,,
velocity,current,++-++-,x,,-0.4,-1.7238258459244229e-22,,,,,,
velocity,current,++-++-,x,,-0.3875,-1.6709502016558216e-22,,,,,,
velocity,current,++-++-,x,,-0.375,-1.6179809157966857e-22,,,,,,
velocity,current,++-++-,x,,-0.3625,-1.5649208479577003e-22,,,,,,
velocity,current,++-++-,x,,-0.35,-1.5117728713551232e-22,,,,,,
velocity,current,++-++-,x,,-0.3375,-1.4585398765138224e-22,,,,,,
velocity,current,++-++-,x,,-0.32499999999999996,-1.4052247660533142e-22,,,,,,
velocity,current,++-++-,x,,-0.3125,-1.351830460484735e-22,,,,,,
velocity,current,++-++-,x,,-0.3,-1.2983598909434698e-22,,,,,,
velocity,current,++-++-,x,,-0.2875,-1.2448160028140475e-22,,,,,,
velocity,current,++-++-,x,,-0.275,-1.1912017544020084e-22,,,,,,
velocity,current,++-++-,x,,-0.26249999999999996,-1.1375201155902723e-22,,,,,,
velocity,current,++-++-,x,,-0.25,-1.0837740692180784e-22,,,,,,
velocity,current,++-++-,x,,-0.2375,-1.0299666089449487e-22,,,,,,
velocity,current,++-++-,x,,-0.22499999999999998,-9.761007384366837e-23,,,,,,
velocity,current,++-++-,x,,-0.21249999999999997,-9.221794728262355e-23,,,,,,
velocity,current,++-++-,x,,-0.19999999999999996,-8.682057946043848e-23,,,,,,
velocity,current,++-++-,x,,-0.1875,-8.141827440870292e-23,,,,,,
velocity,current,++-++-,x,,-0.175,-7.601133882819522e-23,,,,,,
velocity,current,++-++-,x,,-0.16249999999999998,-7.060007794059564e-23,,,,,,
velocity,current,++-++-,x,,-0.14999999999999997,-6.518479733964616e-23,,,,,,
velocity,current,++-++-,x,,-0.13749999999999996,-5.976580356862538e-23,,,,,,
velocity,current,++-++-,x,,-0.125,-5.434340376898478e-23,,,,,,
velocity,current,++-++-,x,,-0.11249999999999999,-4.891790555792391e-23,,,,,,
velocity,current,++-++-,x,,-0.09999999999999998,-4.348961738849693e-23,,,,,,
velocity,current,++-++-,x,,-0.08749999999999997,-3.805884786145531e-23,,,,,,
velocity,current,++-++-,x,,-0.07499999999999996,-3.262590634875104e-23,,,,,,
velocity,current,++-++-,x,,-0.0625,-2.7191102320170667e-23,,,,,,
velocity,current,++-++-,x,,-0.04999999999999999,-2.175474566332872e-23,,,,,,
velocity,current,++-++-,x,,-0.03749999999999998,-1.6317146627388173e-23,,,,,,
velocity,current,++-++-,x,,-0.024999999999999967,-1.0878615580686107e-23,,,,,,
velocity,current,++-++-,x,,-0.012499999999999956,-5.439463171633287e-24,,,,,,
velocity,current,++-++-,x,,0.0,0.0,,,,,,
velocity,current,++-++-,x,,0.012500000000000067,5.439463171633287e-24,,,,,,
velocity,current,++-++-,x,,0.025000000000000022,1.0878615580686112e-23,,,,,,
velocity,current,++-++-,x,,0.03749999999999998,1.6317146627388173e-23,,,,,,
velocity,current,++-++-,x,,0.050000000000000044,2.175474566332872e-23,,,,,,
velocity,current,++-++-,x,,0.0625,2.719110232017067e-23,,,,,,
velocity,current,++-++-,x,,0.07500000000000007,3.262590634875255e-23,,,,,,
velocity,current,++-++-,x,,0.08750000000000002,3.805884786145531e-23,,,,,,
velocity,current,++-++-,x,,0.10000000000000009,4.348961738849693e-23,,,,,,
velocity,current,++-++-,x,,0.11250000000000004,4.891790555792391e-23,,,,,,
velocity,current,++-++-,x,,0.125,5.434340376898478e-23,,,,,,
velocity,current,++-++-,x,,0.13750000000000007,5.976580356862538e-23,,,,,,
velocity,current,++-++-,x,,0.15000000000000002,6.518479733964616e-23,,,,,,
velocity,current,++-++-,x,,0.1625000000000001,7.060007794059564e-23,,,,,,
velocity,current,++-++-,x,,0.17500000000000004,7.601133882819524e-23,,,,,,
velocity,current,++-++-,x,,0.1875,8.141827440870292e-23,,,,,,
velocity,current,++-++-,x,,0.20000000000000007,8.682057946043848e-23,,,,,,
velocity,current,++-++-,x,,0.21250000000000002,9.221794728262355e-23,,,,,,
velocity,current,++-++-,x,,0.2250000000000001,9.761007384366837e-23,,,,,,
velocity,current,++-++-,x,,0.23750000000000004,1.0299666089449485e-22,,,,,,
velocity,current,++-++-,x,,0.25,1.0837740692180784e-22,,,,,,
velocity,current,++-++-,x,,0.26250000000000007,1.1375201155902723e-22,,,,,,
velocity,current,++-++-,x,,0.275,1.1912017544020084e-22,,,,,,
velocity,current,++-++-,x,,0.2875000000000001,1.2448160028140475e-22,,,,,,
velocity,current,++-++-,x,,0.30000000000000004,1.2983598909434698e-22,,,,,,
velocity,current,++-++-,x,,0.3125,1.351830460484735e-22,,,,,,
velocity,current,++-++-,x,,0.32500000000000007,1.4052247660533142e-22,,,,,,
velocity,current,++-++-,x,,0.3375,1.4585398765138224e-22,,,,,,
velocity,current,++-++-,x,,0.3500000000000001,1.5117728713551232e-22,,,,,,
velocity,current,++-++-,x,,0.36250000000000004,1.5649208479577003e-22,,,,,,
velocity,current,++-++-,x,,0.375,1.6179809157966857e-22,,,,,,
velocity,current,++-++-,x,,0.38750000000000007,1.6709502016558216e-22,,,,,,
velocity,current,++-++-,x,,0.4,1.7238258459244229e-22,,,,,,
velocity,current,++-++-,x,,0.4125000000000001,1.776605006692312e-22,,,,,,
velocity,current,++-++-,x,,0.42500000000000004,1.829284858669373e-22,,,,,,
velocity,current,++-++-,x,,0.4375,1.8818625921111656e-22,,,,,,
velocity,current,++-++-,x,,0.45000000000000007,1.9343354167500738e-22,,,,,,
velocity,current,++-++-,x,,0.4625,1.9867005582617145e-22,,,,,,
velocity,current,++-++-,x,,0.4750000000000001,2.0389552630978744e-22,,,,,,
velocity,current,++-++-,x,,0.48750000000000004,2.0910967945369353e-22,,,,,,
velocity,current,++-++-,x,,0.5,2.143122435447817e-22,,,,,,
position,current,++-++-,y,-0.002,,2.6689940868254198e-21,-8167581.884232363,6074662.775843834,5135586.973752744,3042667.8653642135,-4.340276519499165,4.340276519499165
position,current,++-++-,y,-0.0019500000000000001,,2.597879568838259e-21,-8306039.154148558,5898501.449739689,5011106.344855775,2603568.6404469074,-4.214411282934252,4.214411282934252
position,current,++-++-,y,-0.0019,,2.5240041373679066e-21,-8455850.858955005,5724325.182600316,4882708.236137204,2151182.559782513,-4.089964348114233,4.089964348114233
position,current,++-++-,y,-0.00185,,2.44737794152877e-21,-8617043.12529846,5552064.1115726475,4750348.968225561,1685369.95449975,-3.9668857988360284,3.9668857988360284
position,current,++-++-,y,-0.0018,,2.3679180050827553e-21,-8789579.57452707,5381650.047781135,4614017.306939801,1206087.7801938665,-3.8451269149341996,3.8451269149341996
position,current,++-++-,y,-0.00175,,2.285431391262212e-21,-8973356.248189004,5213016.404210675,4473736.9639340155,713397.119955685,-3.7246401207541235,3.7246401207541235
position,current,++-++-,y,-0.0017000000000000001,,2.1996108349677337e-21,-9168196.87277359,5046098.126280818,4329568.92945949,207470.18296671892,-3.6053789355480768,3.6053789355480768
position,current,++-++-,y,-0.00165,,2.1100526424954115e-21,-9373848.552351821,4880831.624971054,4181613.592840009,-311403.3345407592,-3.4872979256940106,3.4872979256940106
position,current,++-++-,y,-0.0016,,2.016304014354426e-21,-9589977.978235034,4717154.712363971,4030012.606029761,-842810.6598413019,-3.370352658641889,3.370352658641889
position,current,++-++-,y,-0.00155,,1.9179390716621667e-21,-9816168.243713101,4555006.539479851,3874950.4461560296,-1386211.2580772198,-3.254499658497222,3.254499658497222
position,current,++-++-,y,-0.0015,,1.8146517727856048e-21,-10051916.349261452,4394327.536282286,3716655.6342886533,-1940933.178690512,-3.139696363155771,3.139696363155771
position,current,++-++-,y,-0.00145,,1.7063447547776606e-21,-10296631.479252433,4235059.353740232,3555401.5698587494,-2506170.555653452,-3.02590108290755,3.02590108290755
position,current,++-++-,y,-0.0014,,1.5931904981624181e-21,-10549634.125135431,4077144.807837547,3391506.9431882417,-3080982.3741096426,-2.913072960432292,2.913072960432292
position,current,++-++-,y,-0.00135,,1.475647785282003e-21,-10810156.12226074,3920527.825425953,3225335.6924895844,-3664292.604345202,-2.801171932112012,2.801171932112012
position,current,++-++-,y,-0.0013,,1.3544373516559239e-21,-11077341.658050925,3765153.3918222645,3057296.476433711,-4254891.789794948,-2.690158690589828,2.690158690589828
position,current,++-++-,y,-0.00125,,1.2305028561013843e-21,-11350249.298145596,3610967.500055239,2887841.638926063,-4851440.159164293,-2.5799946485074257,2.5799946485074257
position,current,++-++-,y,-0.0012000000000000001,,1.1049725964336844e-21,-11627855.064575905,3457917.1016716184,2717465.649018067,-5452472.313886219,-2.47064190335654,2.47064190335654
position,current,++-++-,y,-0.00115,,9.791185215031014e-22,-11909056.586117495,3305950.059014849,2546703.0058376594,-6056403.521264987,-2.3620632033826503,2.3620632033826503
position,current,++-++-,y,-0.0010999999999999998,,8.543136278743657e-22,-12192678.325917896,3155015.0988936606,2376125.6059514037,-6661537.621072832,-2.254221914481714,2.254221914481714
position,current,++-++-,y,-0.0010500000000000002,,7.319914230539975e-22,-12477477.875523645,3005061.767561301,2206339.5785582056,-7266076.529404139,-2.147081988033351,2.147081988033351
position,current,++-++-,y,-0.001,,6.136060067811798e-22,-12762153.287804602,2856040.386929212,2037981.602230903,-7868131.298644486,-2.0406079296160167,2.0406079296160167
position,current,++-++-,y,-0.0009499999999999999,,5.00589225328913e-22,-13045351.404275335,2707902.011942276,1871714.7254226105,-8465734.666910449,-1.9347647685521094,1.9347647685521094
position,current,++-++-,y,-0.0009,,3.9430311185519568e-22,-13325677.115258075,2560598.3890452352,1708223.7214846273,-9056855.004728213,-1.8295180282327053,1.8295180282327053
position,current,++-++-,y,-0.0008500000000000001,,2.959887360382309e-22,-13601703.474543544,2414081.915672945,1548210.0173384657,-9639411.541532133,-1.7248336971738112,1.7248336971738112
position,current,++-++-,y,-0.0007999999999999999,,2.0671512344186532e-22,-13871982.574023364,2268305.600699244,1392386.2430377074,-10211290.730286412,-1.6206782007575384,1.6206782007575384
position,current,++-++-,y,-0.00075,,1.2733341322114967e-22,-14135057.068527354,2123223.025781634,1241470.4570773824,-10770363.585668337,-1.5170183736133211,1.5170183736133211
position,current,++-++-,y,-0.0006999999999999999,,5.844162959750623e-23,-14389472.227133665,1978788.3075412204,1096180.10929276,-11314503.810299685,-1.4138214325959224,1.4138214325959224
position,current,++-++-,y,-0.00065,,3.643697277909683e-25,-14633788.374847189,1834956.0605190974,957225.8093774084,-11841606.504950684,-1.3110549503181954,1.3110549503181954
position,current,++-++-,y,-0.0006000000000000001,,-4.685033078266691e-23,-14866593.578057863,1691681.360852444,825304.9742937254,-12349607.242911693,-1.2086868291980746,1.2086868291980746
position,current,++-++-,y,-0.0005499999999999999,,-8.34171726614628e-23,-15086516.418861585,1548919.710614992,701095.4320151841,-12836501.276231406,-1.1066852759802512,1.1066852759802512
position,current,++-++-,y,-0.0005,,-1.0978534430217102e-22,-15292238.697380856,1406627.0027684332,585249.0620137142,-13300362.63259871,-1.0050187766943572,1.0050187766943572
position,current,++-++-,y,-0.0004499999999999999,,-1.2660005460567234e-22,-15482507.897845797,1264759.4866723674,478385.5545953308,-13739362.856578099,-0.9036560720122209,0.9036560720122209
position,current,++-++-,y,-0.00039999999999999996,,-1.3465881921605955e-22,-15656149.253524058,1123273.7341019872,381086.37152457854,-14151789.147897493,-0.8025661329678948,0.8025661329678948
position,current,++-++-,y,-0.00035000000000000005,,-1.348673495191713e-22,-15812077.247702753,982126.6057237363,293888.9893224504,-14536061.652656566,-0.7017181370048995,0.7017181370048995
position,current,++-++-,y,-0.0002999999999999999,,-1.2819909396082213e-22,-15949306.392851636,841275.217980085,217281.50416069382,-14890749.670710858,-0.601081444315778,0.601081444315778
position,current,++-++-,y,-0.00025,,-1.1566130555032908e-22,-16066961.137799608,700676.9103358922,151697.67342538462,-15214586.554038333,-0.5006255744399984,0.5006255744399984
position,current,++-++-,y,-0.00019999999999999987,,-9.826924505549713e-23,-16164284.76314334,560289.212839188,97512.4638305517,-15506483.0864736,-0.40032018308650796,0.40032018308650796
position,current,++-++-,y,-0.00014999999999999996,,-7.702898554178543e-23,-16240647.13802407,420069.8139502334,55038.16950543111,-15765539.154568408,-0.30013503914796597,0.30013503914796597
position,current,++-++-,y,-0.00010000000000000005,,-5.292837268765379e-23,-16295551.226648964,279976.5285932679,24521.155859957908,-15991053.54219574,-0.20004000187408702,0.20004000187408702
position,current,++-++-,y,-4.9999999999999914e-05,,-2.693504492482445e-23,-16328638.250236226,139967.26638566868,6139.276383033791,-16182531.707467524,-0.10000499817174047,0.10000499817174047
position,current,++-++-,y,0.0,,0.0,-16339691.429122167,0.0,4.331163404506403e-09,-16339691.429122163,0.0,0.0
position,current,++-++-,y,5.000000000000013e-05,,2.693504492482595e-23,-16328638.250236228,139967.26638566868,6139.276383033791,-16182531.707467524,0.10000499817174047,0.10000499817174047
position,current,++-++-,y,0.00010000000000000026,,5.2928372687654546e-23,-16295551.226648964,279976.5285932722,24521.15585995845,-15991053.542195735,0.20004000187409016,0.20004000187409016
position,current,++-++-,y,0.00014999999999999996,,7.702898554178543e-23,-16240647.13802407,420069.8139502334,55038.16950543111,-15765539.154568408,0.30013503914796597,0.30013503914796597
position,current,++-++-,y,0.0002000000000000001,,9.826924505549713e-23,-16164284.76314334,560289.212839188,97512.4638305517,-15506483.0864736,0.40032018308650796,0.40032018308650796
position,current,++-++-,y,0.0002500000000000002,,1.1566130555032908e-22,-16066961.137799608,700676.9103358922,151697.67342538462,-15214586.554038333,0.5006255744399984,0.5006255744399984
position,current,++-++-,y,0.0002999999999999999,,1.2819909396082213e-22,-15949306.392851636,841275.217980085,217281.50416069382,-14890749.670710858,0.601081444315778,0.601081444315778
position,current,++-++-,y,0.00035000000000000005,,1.348673495191683e-22,-15812077.247702751,982126.6057237363,293888.9893224504,-14536061.652656564,0.7017181370048995,0.7017181370048995
position,current,++-++-,y,0.0004000000000000002,,1.346588192160603e-22,-15656149.253524056,1123273.7341019872,381086.37152457965,-14151789.147897488,0.8025661329678948,0.8025661329678948
position,current,++-++-,y,0.0004499999999999999,,1.2660005460567234e-22,-15482507.897845797,1264759.4866723674,478385.5545953308,-13739362.856578099,0.9036560720122209,0.9036560720122209
position,current,++-++-,y,0.0005,,1.0978534430217102e-22,-15292238.697380856,1406627.0027684332,585249.0620137142,-13300362.63259871,1.0050187766943572,1.0050187766943572
position,current,++-++-,y,0.0005500000000000001,,8.34171726614628e-23,-15086516.418861585,1548919.710614992,701095.4320151841,-12836501.276231406,1.1066852759802512,1.1066852759802512
position,current,++-++-,y,0.0006000000000000003,,4.685033078266691e-23,-14866593.578057863,1691681.360852444,825304.9742937254,-12349607.242911693,1.2086868291980746,1.2086868291980746
position,current,++-++-,y,0.00065,,-3.643697277909683e-25,-14633788.374847189,1834956.0605190974,957225.8093774084,-11841606.504950684,1.3110549503181954,1.3110549503181954
position,current,++-++-,y,0.0007000000000000001,,-5.844162959750622e-23,-14389472.227133665,1978788.3075412246,1096180.1092927607,-11314503.81029968,1.4138214325959253,1.4138214325959253
position,current,++-++-,y,0.0007500000000000002,,-1.2733341322114816e-22,-14135057.068527354,2123223.025781634,1241470.457077383,-10770363.585668337,1.5170183736133211,1.5170183736133211
position,current,++-++-,y,0.0007999999999999999,,-2.067151234418653e-22,-13871982.574023364,2268305.600699244,1392386.2430377074,-10211290.730286412,1.6206782007575384,1.6206782007575384
position,current,++-++-,y,0.0008500000000000001,,-2.959887360382309e-22,-13601703.474543544,2414081.915672945,1548210.0173384657,-9639411.541532133,1.7248336971738112,1.7248336971738112
position,current,++-++-,y,0.0009000000000000002,,-3.9430311185519568e-22,-13325677.115258073,2560598.3890452352,1708223.7214846276,-9056855.004728211,1.8295180282327053,1.8295180282327053
position,current,++-++-,y,0.0009499999999999999,,-5.00589225328913e-22,-13045351.404275335,2707902.011942276,1871714.7254226105,-8465734.666910449,1.9347647685521094,1.9347647685521094
position,current,++-++-,y,0.001,,-6.136060067811798e-22,-12762153.287804602,2856040.386929212,2037981.602230903,-7868131.298644486,2.0406079296160167,2.0406079296160167
position,current,++-++-,y,0.0010500000000000002,,-7.319914230539975e-22,-12477477.875523645,3005061.767561301,2206339.5785582056,-7266076.529404139,2.147081988033351,2.147081988033351
position,current,++-++-,y,0.0011000000000000003,,-8.543136278743687e-22,-12192678.32591789,3155015.0988936606,2376125.605951405,-6661537.621072824,2.254221914481714,2.254221914481714
position,current,++-++-,y,0.00115,,-9.791185215031014e-22,-11909056.586117495,3305950.059014849,2546703.0058376594,-6056403.521264987,2.3620632033826503,2.3620632033826503
position,current,++-++-,y,0.0012000000000000001,,-1.1049725964336844e-21,-11627855.064575905,3457917.1016716184,2717465.649018067,-5452472.313886219,2.47064190335654,2.47064190335654
position,current,++-++-,y,0.0012500000000000002,,-1.2305028561013835e-21,-11350249.298145596,3610967.500055239,2887841.6389260646,-4851440.159164292,2.5799946485074257,2.5799946485074257
position,current,++-++-,y,0.0013,,-1.3544373516559239e-21,-11077341.658050925,3765153.3918222645,3057296.476433711,-4254891.789794948,2.690158690589828,2.690158690589828
position,current,++-++-,y,0.00135,,-1.475647785282003e-21,-10810156.12226074,3920527.825425953,3225335.6924895844,-3664292.604345202,2.801171932112012,2.801171932112012
position,current,++-++-,y,0.0014000000000000002,,-1.5931904981624204e-21,-10549634.12513543,4077144.807837547,3391506.943188242,-3080982.37410964,2.913072960432292,2.913072960432292
position,current,++-++-,y,0.0014500000000000003,,-1.706344754777662e-21,-10296631.47925243,4235059.353740232,3555401.5698587513,-2506170.5556534454,3.02590108290755,3.02590108290755
position,current,++-++-,y,0.0015,,-1.8146517727856048e-21,-10051916.349261452,4394327.536282286,3716655.6342886533,-1940933.178690512,3.139696363155771,3.139696363155771
position,current,++-++-,y,0.0015500000000000002,,-1.9179390716621697e-21,-9816168.243713101,4555006.539479861,3874950.446156032,-1386211.258077208,3.254499658497229,3.254499658497229
position,current,++-++-,y,0.0016000000000000003,,-2.0163040143544283e-21,-9589977.97823503,4717154.712363971,4030012.606029761,-842810.6598412975,3.370352658641889,3.370352658641889
position,current,++-++-,y,0.00165,,-2.1100526424954115e-21,-9373848.552351821,4880831.624971054,4181613.592840009,-311403.3345407592,3.4872979256940106,3.4872979256940106
position,current,++-++-,y,0.0017000000000000001,,-2.199610834967733e-21,-9168196.87277359,5046098.126280818,4329568.92945949,207470.18296671784,3.6053789355480768,3.6053789355480768
position,current,++-++-,y,0.0017500000000000003,,-2.285431391262212e-21,-8973356.248189004,5213016.404210675,4473736.9639340155,713397.119955685,3.7246401207541235,3.7246401207541235
position,current,++-++-,y,0.0018,,-2.367918005082756e-21,-8789579.574527068,5381650.047781135,4614017.306939801,1206087.7801938674,3.8451269149341996,3.8451269149341996
position,current,++-++-,y,0.00185,,-2.44737794152877e-21,-8617043.12529846,5552064.1115726475,4750348.96822556,1685369.954499749,3.9668857988360284,3.9668857988360284
position,current,++-++-,y,0.0019000000000000002,,-2.524004137367905e-21,-8455850.858955005,5724325.182600316,4882708.236137204,2151182.5597825143,4.089964348114233,4.089964348114233
position,current,++-++-,y,0.0019500000000000003,,-2.597879568838259e-21,-8306039.154148558,5898501.449739689,5011106.344855775,2603568.6404469074,4.214411282934252,4.214411282934252
position,current,++-++-,y,0.002,,-2.6689940868254198e-21,-8167581.884232363,6074662.775843834,5135586.973752744,3042667.8653642135,4.340276519499165,4.340276519499165
velocity,current,++-++-,y,,-0.5,-2.143122435447825e-22,,,,,,
velocity,current,++-++-,y,,-0.4875,-2.091096794536935e-22,,,,,,
velocity,current,++-++-,y,,-0.475,-2.0389552630978744e-22,,,,,,
velocity,current,++-++-,y,,-0.4625,-1.986700558261707e-22,,,,,,
velocity,current,++-++-,y,,-0.45,-1.9343354167500513e-22,,,,,,
velocity,current,++-++-,y,,-0.4375,-1.881862592111173e-22,,,,,,
velocity,current,++-++-,y,,-0.425,-1.8292848586693805e-22,,,,,,
velocity,current,++-++-,y,,-0.4125,-1.776605006692297e-22,,,,,,
velocity,current,++-++-,y,,-0.4,-1.7238258459244229e-22,,,,,,
velocity,current,++-++-,y,,-0.3875,-1.6709502016558138e-22,,,,,,
velocity,current,++-++-,y,,-0.375,-1.6179809157966857e-22,,,,,,
velocity,current,++-++-,y,,-0.3625,-1.5649208479577003e-22,,,,,,
velocity,current,++-++-,y,,-0.35,-1.5117728713551006e-22,,,,,,
velocity,current,++-++-,y,,-0.3375,-1.458539876513815e-22,,,,,,
velocity,current,++-++-,y,,-0.32499999999999996,-1.4052247660533142e-22,,,,,,
velocity,current,++-++-,y,,-0.3125,-1.3518304604847426e-22,,,,,,
velocity,current,++-++-,y,,-0.3,-1.2983598909434773e-22,,,,,,
velocity,current,++-++-,y,,-0.2875,-1.2448160028140475e-22,,,,,,
velocity,current,++-++-,y,,-0.275,-1.1912017544020084e-22,,,,,,
velocity,current,++-++-,y,,-0.26249999999999996,-1.1375201155902723e-22,,,,,,
velocity,current,++-++-,y,,-0.25,-1.0837740692180784e-22,,,,,,
velocity,current,++-++-,y,,-0.2375,-1.0299666089449562e-22,,,,,,
velocity,current,++-++-,y,,-0.22499999999999998,-9.761007384366837e-23,,,,,,
velocity,current,++-++-,y,,-0.21249999999999997,-9.221794728262432e-23,,,,,,
velocity,current,++-++-,y,,-0.19999999999999996,-8.682057946043696e-23,,,,,,
velocity,current,++-++-,y,,-0.1875,-8.141827440870368e-23,,,,,,
velocity,current,++-++-,y,,-0.175,-7.601133882819522e-23,,,,,,
velocity,current,++-++-,y,,-0.16249999999999998,-7.06000779405964e-23,,,,,,
velocity,current,++-++-,y,,-0.14999999999999997,-6.518479733964541e-23,,,,,,
velocity,current,++-++-,y,,-0.13749999999999996,-5.976580356862614e-23,,,,,,
velocity,current,++-++-,y,,-0.125,-5.434340376898479e-23,,,,,,
velocity,current,++-++-,y,,-0.11249999999999999,-4.891790555792391e-23,,,,,,
velocity,current,++-++-,y,,-0.09999999999999998,-4.3489617388498435e-23,,,,,,
velocity,current,++-++-,y,,-0.08749999999999997,-3.805884786145456e-23,,,,,,
velocity,current,++-++-,y,,-0.07499999999999996,-3.2625906348751037e-23,,,,,,
velocity,current,++-++-,y,,-0.0625,-2.7191102320171425e-23,,,,,,
velocity,current,++-++-,y,,-0.04999999999999999,-2.1754745663330218e-23,,,,,,
velocity,current,++-++-,y,,-0.03749999999999998,-1.6317146627389678e-23,,,,,,
velocity,current,++-++-,y,,-0.024999999999999967,-1.0878615580684597e-23,,,,,,
velocity,current,++-++-,y,,-0.012499999999999956,-5.439463171633282e-24,,,,,,
velocity,current,++-++-,y,,0.0,0.0,,,,,,
velocity,current,++-++-,y,,0.012500000000000067,5.439463171633282e-24,,,,,,
velocity,current,++-++-,y,,0.025000000000000022,1.0878615580683846e-23,,,,,,
velocity,current,++-++-,y,,0.03749999999999998,1.6317146627389678e-23,,,,,,
velocity,current,++-++-,y,,0.050000000000000044,2.1754745663330218e-23,,,,,,
velocity,current,++-++-,y,,0.0625,2.719110232017369e-23,,,,,,
velocity,current,++-++-,y,,0.07500000000000007,3.2625906348752536e-23,,,,,,
velocity,current,++-++-,y,,0.08750000000000002,3.805884786145456e-23,,,,,,
velocity,current,++-++-,y,,0.10000000000000009,4.348961738849767e-23,,,,,,
velocity,current,++-++-,y,,0.11250000000000004,4.891790555792617e-23,,,,,,
velocity,current,++-++-,y,,0.125,5.434340376898478e-23,,,,,,
velocity,current,++-++-,y,,0.13750000000000007,5.976580356862614e-23,,,,,,
velocity,current,++-++-,y,,0.15000000000000002,6.518479733964541e-23,,,,,,
velocity,current,++-++-,y,,0.1625000000000001,7.06000779405964e-23,,,,,,
velocity,current,++-++-,y,,0.17500000000000004,7.601133882819598e-23,,,,,,
velocity,current,++-++-,y,,0.1875,8.141827440870368e-23,,,,,,
velocity,current,++-++-,y,,0.20000000000000007,8.682057946043696e-23,,,,,,
velocity,current,++-++-,y,,0.21250000000000002,9.221794728262432e-23,,,,,,
velocity,current,++-++-,y,,0.2250000000000001,9.761007384366837e-23,,,,,,
velocity,current,++-++-,y,,0.23750000000000004,1.0299666089449635e-22,,,,,,
velocity,current,++-++-,y,,0.25,1.0837740692180782e-22,,,,,,
velocity,current,++-++-,y,,0.26250000000000007,1.1375201155902723e-22,,,,,,
velocity,current,++-++-,y,,0.275,1.1912017544020084e-22,,,,,,
velocity,current,++-++-,y,,0.2875000000000001,1.2448160028140475e-22,,,,,,
velocity,current,++-++-,y,,0.30000000000000004,1.2983598909434773e-22,,,,,,
velocity,current,++-++-,y,,0.3125,1.35183046048472e-22,,,,,,
velocity,current,++-++-,y,,0.32500000000000007,1.4052247660533142e-22,,,,,,
velocity,current,++-++-,y,,0.3375,1.458539876513815e-22,,,,,,
velocity,current,++-++-,y,,0.3500000000000001,1.5117728713551006e-22,,,,,,
velocity,current,++-++-,y,,0.36250000000000004,1.5649208479577003e-22,,,,,,
velocity,current,++-++-,y,,0.375,1.6179809157966857e-22,,,,,,
velocity,current,++-++-,y,,0.38750000000000007,1.6709502016558138e-22,,,,,,
velocity,current,++-++-,y,,0.4,1.7238258459244229e-22,,,,,,
velocity,current,++-++-,y,,0.4125000000000001,1.776605006692297e-22,,,,,,
velocity,current,++-++-,y,,0.42500000000000004,1.8292848586693805e-22,,,,,,
velocity,current,++-++-,y,,0.4375,1.881862592111173e-22,,,,,,
velocity,current,++-++-,y,,0.45000000000000007,1.9343354167500513e-22,,,,,,
velocity,current,++-++-,y,,0.4625,1.9867005582617145e-22,,,,,,
velocity,current,++-++-,y,,0.4750000000000001,2.0389552630978744e-22,,,,,,
velocity,current,++-++-,y,,0.48750000000000004,2.0910967945369353e-22,,,,,,
velocity,current,++-++-,y,,0.5,2.143122435447825e-22,,,,,,
position,current,++-++-,z,-0.002,,2.668994086825419e-21,-8167581.884232365,6074662.775843834,5135586.9737527445,3042667.8653642135,4.340276519499165,4.340276519499165
position,current,++-++-,z,-0.0019500000000000001,,2.5978795688382587e-21,-8306039.15414856,5898501.449739689,5011106.344855777,2603568.640446906,4.214411282934252,4.214411282934252
position,current,++-++-,z,-0.0019,,2.5240041373679074e-21,-8455850.858955005,5724325.182600316,4882708.236137202,2151182.559782513,4.089964348114233,4.089964348114233
position,current,++-++-,z,-0.00185,,2.44737794152877e-21,-8617043.12529846,5552064.1115726475,4750348.96822556,1685369.9544997495,3.9668857988360284,3.9668857988360284
position,current,++-++-,z,-0.0018,,2.3679180050827575e-21,-8789579.57452707,5381650.047781135,4614017.306939801,1206087.7801938665,3.8451269149341996,3.8451269149341996
position,current,++-++-,z,-0.00175,,2.2854313912622135e-21,-8973356.248189004,5213016.404210675,4473736.9639340155,713397.1199556856,3.7246401207541235,3.7246401207541235
position,current,++-++-,z,-0.0017000000000000001,,2.1996108349677344e-21,-9168196.87277359,5046098.126280818,4329568.92945949,207470.18296671892,3.6053789355480768,3.6053789355480768
position,current,++-++-,z,-0.00165,,2.1100526424954115e-21,-9373848.552351823,4880831.624971054,4181613.592840008,-311403.33454076084,3.4872979256940106,3.4872979256940106
position,current,++-++-,z,-0.0016,,2.016304014354427e-21,-9589977.978235032,4717154.712363971,4030012.60602976,-842810.6598413019,3.370352658641889,3.370352658641889
position,current,++-++-,z,-0.00155,,1.9179390716621675e-21,-9816168.243713101,4555006.539479851,3874950.446156029,-1386211.2580772205,3.254499658497222,3.254499658497222
position,current,++-++-,z,-0.0015,,1.814651772785604e-21,-10051916.349261452,4394327.536282286,3716655.6342886523,-1940933.1786905124,3.139696363155771,3.139696363155771
position,current,++-++-,z,-0.00145,,1.7063447547776613e-21,-10296631.479252433,4235059.353740232,3555401.56985875,-2506170.5556534515,3.02590108290755,3.02590108290755
position,current,++-++-,z,-0.0014,,1.5931904981624181e-21,-10549634.125135431,4077144.807837547,3391506.9431882417,-3080982.3741096426,2.913072960432292,2.913072960432292
position,current,++-++-,z,-0.00135,,1.4756477852820047e-21,-10810156.12226074,3920527.825425953,3225335.692489585,-3664292.6043452015,2.801171932112012,2.801171932112012
position,current,++-++-,z,-0.0013,,1.3544373516559246e-21,-11077341.658050925,3765153.3918222645,3057296.476433711,-4254891.789794948,2.690158690589828,2.690158690589828
position,current,++-++-,z,-0.00125,,1.2305028561013835e-21,-11350249.298145596,3610967.500055239,2887841.638926064,-4851440.159164292,2.5799946485074257,2.5799946485074257
position,current,++-++-,z,-0.0012000000000000001,,1.1049725964336837e-21,-11627855.064575905,3457917.1016716184,2717465.649018067,-5452472.313886219,2.47064190335654,2.47064190335654
position,current,++-++-,z,-0.00115,,9.791185215031014e-22,-11909056.586117495,3305950.059014849,2546703.00583766,-6056403.521264986,2.3620632033826503,2.3620632033826503
position,current,++-++-,z,-0.0010999999999999998,,8.54313627874368e-22,-12192678.325917894,3155015.0988936606,2376125.605951404,-6661537.621072829,2.254221914481714,2.254221914481714
position,current,++-++-,z,-0.0010500000000000002,,7.3199142305399595e-22,-12477477.875523647,3005061.767561301,2206339.578558205,-7266076.529404142,2.147081988033351,2.147081988033351
position,current,++-++-,z,-0.001,,6.136060067811806e-22,-12762153.287804602,2856040.386929212,2037981.6022309032,-7868131.298644486,2.0406079296160167,2.0406079296160167
position,current,++-++-,z,-0.0009499999999999999,,5.005892253289122e-22,-13045351.404275335,2707902.011942276,1871714.725422611,-8465734.666910449,1.9347647685521094,1.9347647685521094
position,current,++-++-,z,-0.0009,,3.9430311185519643e-22,-13325677.115258075,2560598.3890452352,1708223.7214846273,-9056855.004728213,1.8295180282327053,1.8295180282327053
position,current,++-++-,z,-0.0008500000000000001,,2.9598873603822866e-22,-13601703.474543544,2414081.915672945,1548210.017338466,-9639411.541532133,1.7248336971738112,1.7248336971738112
position,current,++-++-,z,-0.0007999999999999999,,2.0671512344186457e-22,-13871982.574023364,2268305.600699244,1392386.2430377074,-10211290.730286412,1.6206782007575384,1.6206782007575384
position,current,++-++-,z,-0.00075,,1.2733341322114967e-22,-14135057.068527354,2123223.025781634,1241470.4570773821,-10770363.585668338,1.5170183736133211,1.5170183736133211
position,current,++-++-,z,-0.0006999999999999999,,5.844162959750623e-23,-14389472.227133667,1978788.3075412204,1096180.1092927598,-11314503.810299687,1.4138214325959224,1.4138214325959224
position,current,++-++-,z,-0.00065,,3.6436972779097934e-25,-14633788.374847189,1834956.0605190974,957225.8093774082,-11841606.504950684,1.3110549503181954,1.3110549503181954
position,current,++-++-,z,-0.0006000000000000001,,-4.6850330782667664e-23,-14866593.578057863,1691681.360852444,825304.9742937258,-12349607.242911693,1.2086868291980746,1.2086868291980746
position,current,++-++-,z,-0.0005499999999999999,,-8.341717266146278e-23,-15086516.418861585,1548919.710614992,701095.432015184,-12836501.276231406,1.1066852759802512,1.1066852759802512
position,current,++-++-,z,-0.0005,,-1.0978534430217102e-22,-15292238.697380856,1406627.0027684332,585249.0620137142,-13300362.63259871,1.0050187766943572,1.0050187766943572
position,current,++-++-,z,-0.0004499999999999999,,-1.2660005460567083e-22,-15482507.8978458,1264759.4866723674,478385.5545953308,-13739362.8565781,0.9036560720122209,0.9036560720122209
position,current,++-++-,z,-0.00039999999999999996,,-1.3465881921606106e-22,-15656149.253524058,1123273.7341019872,381086.37152457854,-14151789.147897493,0.8025661329678948,0.8025661329678948
position,current,++-++-,z,-0.00035000000000000005,,-1.348673495191728e-22,-15812077.247702753,982126.6057237363,293888.9893224504,-14536061.652656566,0.7017181370048995,0.7017181370048995
position,current,++-++-,z,-0.0002999999999999999,,-1.281990939608244e-22,-15949306.392851634,841275.217980085,217281.50416069382,-14890749.670710852,0.601081444315778,0.601081444315778
position,current,++-++-,z,-0.00025,,-1.1566130555032908e-22,-16066961.137799608,700676.9103358922,151697.67342538462,-15214586.554038333,0.5006255744399984,0.5006255744399984
position,current,++-++-,z,-0.00019999999999999987,,-9.826924505549713e-23,-16164284.76314334,560289.212839188,97512.4638305517,-15506483.0864736,0.40032018308650796,0.40032018308650796
position,current,++-++-,z,-0.00014999999999999996,,-7.702898554178618e-23,-16240647.13802407,420069.8139502334,55038.16950543111,-15765539.154568408,0.30013503914796597,0.30013503914796597
position,current,++-++-,z,-0.00010000000000000005,,-5.292837268765153e-23,-16295551.22664896,279976.5285932679,24521.155859957908,-15991053.542195735,0.20004000187408702,0.20004000187408702
position,current,++-++-,z,-4.9999999999999914e-05,,-2.6935044924826704e-23,-16328638.25023623,139967.26638566868,6139.276383033791,-16182531.707467528,0.10000499817174047,0.10000499817174047
position,current,++-++-,z,0.0,,-1.503898085083264e-36,-16339691.429122167,0.0,4.331163404506403e-09,-16339691.429122163,0.0,0.0
position,current,++-++-,z,5.000000000000013e-05,,2.6935044924826704e-23,-16328638.25023623,139967.26638566868,6139.276383033791,-16182531.707467528,-0.10000499817174047,0.10000499817174047
position,current,++-++-,z,0.00010000000000000026,,5.2928372687653793e-23,-16295551.226648962,279976.5285932722,24521.15585995845,-15991053.54219573,-0.20004000187409016,0.20004000187409016
position,current,++-++-,z,0.00014999999999999996,,7.702898554178618e-23,-16240647.13802407,420069.8139502334,55038.16950543111,-15765539.154568408,-0.30013503914796597,0.30013503914796597
position,current,++-++-,z,0.0002000000000000001,,9.826924505549713e-23,-16164284.76314334,560289.212839188,97512.4638305517,-15506483.0864736,-0.40032018308650796,0.40032018308650796
position,current,++-++-,z,0.0002500000000000002,,1.1566130555032908e-22,-16066961.137799608,700676.9103358922,151697.67342538462,-15214586.554038333,-0.5006255744399984,0.5006255744399984
position,current,++-++-,z,0.0002999999999999999,,1.281990939608244e-22,-15949306.392851634,841275.217980085,217281.50416069382,-14890749.670710852,-0.601081444315778,0.601081444315778
position,current,++-++-,z,0.00035000000000000005,,1.348673495191728e-22,-15812077.247702753,982126.6057237363,293888.9893224504,-14536061.652656566,-0.7017181370048995,0.7017181370048995
position,current,++-++-,z,0.0004000000000000002,,1.346588192160603e-22,-15656149.253524056,1123273.7341019872,381086.37152457965,-14151789.147897488,-0.8025661329678948,0.8025661329678948
position,current,++-++-,z,0.0004499999999999999,,1.2660005460567234e-22,-15482507.897845797,1264759.4866723674,478385.5545953308,-13739362.856578099,-0.9036560720122209,0.9036560720122209
position,current,++-++-,z,0.0005,,1.0978534430217104e-22,-15292238.697380854,1406627.0027684332,585249.0620137142,-13300362.632598706,-1.0050187766943572,1.0050187766943572
position,current,++-++-,z,0.0005500000000000001,,8.341717266146278e-23,-15086516.418861585,1548919.710614992,701095.432015184,-12836501.276231406,-1.1066852759802512,1.1066852759802512
position,current,++-++-,z,0.0006000000000000003,,4.6850330782667664e-23,-14866593.578057863,1691681.360852444,825304.9742937258,-12349607.242911693,-1.2086868291980746,1.2086868291980746
position,current,++-++-,z,0.00065,,-3.6436972779097934e-25,-14633788.374847189,1834956.0605190974,957225.8093774082,-11841606.504950684,-1.3110549503181954,1.3110549503181954
position,current,++-++-,z,0.0007000000000000001,,-5.844162959750549e-23,-14389472.227133667,1978788.3075412246,1096180.1092927607,-11314503.810299681,-1.4138214325959253,1.4138214325959253
position,current,++-++-,z,0.0007500000000000002,,-1.2733341322114892e-22,-14135057.068527354,2123223.025781634,1241470.4570773833,-10770363.585668337,-1.5170183736133211,1.5170183736133211
position,current,++-++-,z,0.0007999999999999999,,-2.0671512344186455e-22,-13871982.574023364,2268305.600699244,1392386.2430377074,-10211290.730286412,-1.6206782007575384,1.6206782007575384
position,current,++-++-,z,0.0008500000000000001,,-2.9598873603822866e-22,-13601703.474543547,2414081.915672945,1548210.017338466,-9639411.541532136,-1.7248336971738112,1.7248336971738112
position,current,++-++-,z,0.0009000000000000002,,-3.9430311185519643e-22,-13325677.115258075,2560598.3890452352,1708223.7214846278,-9056855.004728213,-1.8295180282327053,1.8295180282327053
position,current,++-++-,z,0.0009499999999999999,,-5.005892253289122e-22,-13045351.404275335,2707902.011942276,1871714.725422611,-8465734.666910449,-1.9347647685521094,1.9347647685521094
position,current,++-++-,z,0.001,,-6.136060067811806e-22,-12762153.287804602,2856040.386929212,2037981.6022309032,-7868131.298644486,-2.0406079296160167,2.0406079296160167
position,current,++-++-,z,0.0010500000000000002,,-7.3199142305399595e-22,-12477477.875523647,3005061.767561301,2206339.578558205,-7266076.529404142,-2.147081988033351,2.147081988033351
position,current,++-++-,z,0.0011000000000000003,,-8.543136278743687e-22,-12192678.325917892,3155015.0988936606,2376125.605951405,-6661537.621072826,-2.254221914481714,2.254221914481714
position,current,++-++-,z,0.00115,,-9.791185215031014e-22,-11909056.586117495,3305950.059014849,2546703.00583766,-6056403.521264986,-2.3620632033826503,2.3620632033826503
position,current,++-++-,z,0.0012000000000000001,,-1.1049725964336837e-21,-11627855.064575905,3457917.1016716184,2717465.649018067,-5452472.313886219,-2.47064190335654,2.47064190335654
position,current,++-++-,z,0.0012500000000000002,,-1.2305028561013828e-21,-11350249.298145596,3610967.500055239,2887841.638926064,-4851440.159164292,-2.5799946485074257,2.5799946485074257
position,current,++-++-,z,0.0013,,-1.3544373516559246e-21,-11077341.658050925,3765153.3918222645,3057296.476433711,-4254891.789794948,-2.690158690589828,2.690158690589828
position,current,++-++-,z,0.00135,,-1.4756477852820047e-21,-10810156.12226074,3920527.825425953,3225335.692489585,-3664292.6043452015,-2.801171932112012,2.801171932112012
position,current,++-++-,z,0.0014000000000000002,,-1.5931904981624219e-21,-10549634.12513543,4077144.807837547,3391506.9431882426,-3080982.3741096393,-2.913072960432292,2.913072960432292
position,current,++-++-,z,0.0014500000000000003,,-1.706344754777662e-21,-10296631.47925243,4235059.353740232,3555401.5698587513,-2506170.5556534454,-3.02590108290755,3.02590108290755
position,current,++-++-,z,0.0015,,-1.814651772785604e-21,-10051916.349261452,4394327.536282286,3716655.6342886523,-1940933.1786905124,-3.139696363155771,3.139696363155771
position,current,++-++-,z,0.0015500000000000002,,-1.9179390716621705e-21,-9816168.243713101,4555006.539479861,3874950.446156032,-1386211.258077208,-3.254499658497229,3.254499658497229
position,current,++-++-,z,0.0016000000000000003,,-2.01630401435443e-21,-9589977.97823503,4717154.712363971,4030012.606029761,-842810.6598412975,-3.370352658641889,3.370352658641889
position,current,++-++-,z,0.00165,,-2.1100526424954115e-21,-9373848.552351823,4880831.624971054,4181613.592840008,-311403.33454076084,-3.4872979256940106,3.4872979256940106
position,current,++-++-,z,0.0017000000000000001,,-2.1996108349677344e-21,-9168196.87277359,5046098.126280818,4329568.92945949,207470.18296671892,-3.6053789355480768,3.6053789355480768
position,current,++-++-,z,0.0017500000000000003,,-2.2854313912622135e-21,-8973356.248189004,5213016.404210675,4473736.9639340155,713397.1199556862,-3.7246401207541235,3.7246401207541235
position,current,++-++-,z,0.0018,,-2.3679180050827575e-21,-8789579.57452707,5381650.047781135,4614017.306939801,1206087.7801938665,-3.8451269149341996,3.8451269149341996
position,current,++-++-,z,0.00185,,-2.44737794152877e-21,-8617043.12529846,5552064.1115726475,4750348.968225561,1685369.95449975,-3.9668857988360284,3.9668857988360284
position,current,++-++-,z,0.0019000000000000002,,-2.5240041373679066e-21,-8455850.858955005,5724325.182600316,4882708.236137204,2151182.5597825143,-4.089964348114233,4.089964348114233
position,current,++-++-,z,0.0019500000000000003,,-2.5978795688382587e-21,-8306039.154148559,5898501.449739689,5011106.344855777,2603568.6404469074,-4.214411282934252,4.214411282934252
position,current,++-++-,z,0.002,,-2.668994086825419e-21,-8167581.884232365,6074662.775843834,5135586.9737527445,3042667.8653642135,-4.340276519499165,4.340276519499165
velocity,current,++-++-,z,,-0.5,-2.143122435447825e-22,,,,,,
velocity,current,++-++-,z,,-0.4875,-2.0910967945369574e-22,,,,,,
velocity,current,++-++-,z,,-0.475,-2.038955263097882e-22,,,,,,
velocity,current,++-++-,z,,-0.4625,-1.986700558261722e-22,,,,,,
velocity,current,++-++-,z,,-0.45,-1.9343354167500588e-22,,,,,,
velocity,current,++-++-,z,,-0.4375,-1.881862592111158e-22,,,,,,
velocity,current,++-++-,z,,-0.425,-1.829284858669358e-22,,,,,,
velocity,current,++-++-,z,,-0.4125,-1.7766050066923046e-22,,,,,,
velocity,current,++-++-,z,,-0.4,-1.7238258459244304e-22,,,,,,
velocity,current,++-++-,z,,-0.3875,-1.6709502016558364e-22,,,,,,
velocity,current,++-++-,z,,-0.375,-1.6179809157967083e-22,,,,,,
velocity,current,++-++-,z,,-0.3625,-1.5649208479577003e-22,,,,,,
velocity,current,++-++-,z,,-0.35,-1.5117728713551156e-22,,,,,,
velocity,current,++-++-,z,,-0.3375,-1.45853987651383e-22,,,,,,
velocity,current,++-++-,z,,-0.32499999999999996,-1.4052247660533066e-22,,,,,,
velocity,current,++-++-,z,,-0.3125,-1.3518304604847426e-22,,,,,,
velocity,current,++-++-,z,,-0.3,-1.298359890943485e-22,,,,,,
velocity,current,++-++-,z,,-0.2875,-1.244816002814055e-22,,,,,,
velocity,current,++-++-,z,,-0.275,-1.1912017544020084e-22,,,,,,
velocity,current,++-++-,z,,-0.26249999999999996,-1.1375201155902647e-22,,,,,,
velocity,current,++-++-,z,,-0.25,-1.0837740692180782e-22,,,,,,
velocity,current,++-++-,z,,-0.2375,-1.0299666089449562e-22,,,,,,
velocity,current,++-++-,z,,-0.22499999999999998,-9.761007384366988e-23,,,,,,
velocity,current,++-++-,z,,-0.21249999999999997,-9.221794728262356e-23,,,,,,
velocity,current,++-++-,z,,-0.19999999999999996,-8.682057946043697e-23,,,,,,
velocity,current,++-++-,z,,-0.1875,-8.141827440870218e-23,,,,,,
velocity,current,++-++-,z,,-0.175,-7.601133882819598e-23,,,,,,
velocity,current,++-++-,z,,-0.16249999999999998,-7.060007794059564e-23,,,,,,
velocity,current,++-++-,z,,-0.14999999999999997,-6.518479733964617e-23,,,,,,
velocity,current,++-++-,z,,-0.13749999999999996,-5.976580356862614e-23,,,,,,
velocity,current,++-++-,z,,-0.125,-5.434340376898402e-23,,,,,,
velocity,current,++-++-,z,,-0.11249999999999999,-4.8917905557926164e-23,,,,,,
velocity,current,++-++-,z,,-0.09999999999999998,-4.3489617388498435e-23,,,,,,
velocity,current,++-++-,z,,-0.08749999999999997,-3.805884786145455e-23,,,,,,
velocity,current,++-++-,z,,-0.07499999999999996,-3.2625906348751783e-23,,,,,,
velocity,current,++-++-,z,,-0.0625,-2.7191102320170667e-23,,,,,,
velocity,current,++-++-,z,,-0.04999999999999999,-2.175474566333022e-23,,,,,,
velocity,current,++-++-,z,,-0.03749999999999998,-1.6317146627388926e-23,,,,,,
velocity,current,++-++-,z,,-0.024999999999999967,-1.0878615580685356e-23,,,,,,
velocity,current,++-++-,z,,-0.012499999999999956,-5.4394631716347936e-24,,,,,,
velocity,current,++-++-,z,,0.0,-1.503898085083264e-36,,,,,,
velocity,current,++-++-,z,,0.012500000000000067,5.439463171634041e-24,,,,,,
velocity,current,++-++-,z,,0.025000000000000022,1.0878615580683856e-23,,,,,,
velocity,current,++-++-,z,,0.03749999999999998,1.6317146627388926e-23,,,,,,
velocity,current,++-++-,z,,0.050000000000000044,2.175474566333022e-23,,,,,,
velocity,current,++-++-,z,,0.0625,2.719110232017217e-23,,,,,,
velocity,current,++-++-,z,,0.07500000000000007,3.2625906348754046e-23,,,,,,
velocity,current,++-++-,z,,0.08750000000000002,3.805884786145455e-23,,,,,,
velocity,current,++-++-,z,,0.10000000000000009,4.3489617388498435e-23,,,,,,
velocity,current,++-++-,z,,0.11250000000000004,4.891790555792617e-23,,,,,,
velocity,current,++-++-,z,,0.125,5.434340376898252e-23,,,,,,
velocity,current,++-++-,z,,0.13750000000000007,5.976580356862614e-23,,,,,,
velocity,current,++-++-,z,,0.15000000000000002,6.518479733964617e-23,,,,,,
velocity,current,++-++-,z,,0.1625000000000001,7.060007794059489e-23,,,,,,
velocity,current,++-++-,z,,0.17500000000000004,7.601133882819522e-23,,,,,,
velocity,current,++-++-,z,,0.1875,8.141827440870293e-23,,,,,,
velocity,current,++-++-,z,,0.20000000000000007,8.682057946043697e-23,,,,,,
velocity,current,++-++-,z,,0.21250000000000002,9.221794728262356e-23,,,,,,
velocity,current,++-++-,z,,0.2250000000000001,9.761007384366762e-23,,,,,,
velocity,current,++-++-,z,,0.23750000000000004,1.0299666089449635e-22,,,,,,
velocity,current,++-++-,z,,0.25,1.0837740692180782e-22,,,,,,
velocity,current,++-++-,z,,0.26250000000000007,1.1375201155902647e-22,,,,,,
velocity,current,++-++-,z,,0.275,1.1912017544020084e-22,,,,,,
velocity,current,++-++-,z,,0.2875000000000001,1.244816002814055e-22,,,,,,
velocity,current,++-++-,z,,0.30000000000000004,1.2983598909434848e-22,,,,,,
velocity,current,++-++-,z,,0.3125,1.3518304604847426e-22,,,,,,
velocity,current,++-++-,z,,0.32500000000000007,1.4052247660533066e-22,,,,,,
velocity,current,++-++-,z,,0.3375,1.45853987651383e-22,,,,,,
velocity,current,++-++-,z,,0.3500000000000001,1.5117728713551156e-22,,,,,,
velocity,current,++-++-,z,,0.36250000000000004,1.5649208479577003e-22,,,,,,
velocity,current,++-++-,z,,0.375,1.6179809157967083e-22,,,,,,
velocity,current,++-++-,z,,0.38750000000000007,1.6709502016558364e-22,,,,,,
velocity,current,++-++-,z,,0.4,1.7238258459244304e-22,,,,,,
velocity,current,++-++-,z,,0.4125000000000001,1.776605006692297e-22,,,,,,
velocity,current,++-++-,z,,0.42500000000000004,1.829284858669358e-22,,,,,,
velocity,current,++-++-,z,,0.4375,1.881862592111158e-22,,,,,,
velocity,current,++-++-,z,,0.45000000000000007,1.9343354167500588e-22,,,,,,
velocity,current,++-++-,z,,0.4625,1.986700558261722e-22,,,,,,
velocity,current,++-++-,z,,0.4750000000000001,2.038955263097882e-22,,,,,,
velocity,current,++-++-,z,,0.48750000000000004,2.0910967945369576e-22,,,,,,
velocity,current,++-++-,z,,0.5,2.1431224354478244e-22,,,,,,
position,reversed_position_restoring,--+--+,x,-0.002,,-2.668994086825419e-21,-8167581.884232363,6074662.775843834,5135586.973752744,3042667.8653642135,4.340276519499165,4.340276519499165
position,reversed_position_restoring,--+--+,x,-0.0019500000000000001,,-2.5978795688382583e-21,-8306039.154148558,5898501.449739689,5011106.344855775,2603568.6404469074,4.214411282934252,4.214411282934252
position,reversed_position_restoring,--+--+,x,-0.0019,,-2.5240041373679066e-21,-8455850.858955005,5724325.182600316,4882708.236137204,2151182.559782513,4.089964348114233,4.089964348114233
position,reversed_position_restoring,--+--+,x,-0.00185,,-2.4473779415287693e-21,-8617043.12529846,5552064.1115726475,4750348.96822556,1685369.954499749,3.9668857988360284,3.9668857988360284
position,reversed_position_restoring,--+--+,x,-0.0018,,-2.367918005082756e-21,-8789579.574527068,5381650.047781135,4614017.306939801,1206087.7801938674,3.8451269149341996,3.8451269149341996
position,reversed_position_restoring,--+--+,x,-0.00175,,-2.2854313912622113e-21,-8973356.248189006,5213016.404210675,4473736.963934015,713397.1199556829,3.7246401207541235,3.7246401207541235
position,reversed_position_restoring,--+--+,x,-0.0017000000000000001,,-2.199610834967733e-21,-9168196.87277359,5046098.126280818,4329568.929459489,207470.18296671676,3.6053789355480768,3.6053789355480768
position,reversed_position_restoring,--+--+,x,-0.00165,,-2.1100526424954123e-21,-9373848.552351821,4880831.624971054,4181613.5928400075,-311403.3345407603,3.4872979256940106,3.4872979256940106
position,reversed_position_restoring,--+--+,x,-0.0016,,-2.016304014354426e-21,-9589977.978235034,4717154.712363971,4030012.606029761,-842810.6598413019,3.370352658641889,3.370352658641889
position,reversed_position_restoring,--+--+,x,-0.00155,,-1.917939071662166e-21,-9816168.243713103,4555006.539479851,3874950.446156029,-1386211.2580772226,3.254499658497222,3.254499658497222
position,reversed_position_restoring,--+--+,x,-0.0015,,-1.8146517727856063e-21,-10051916.349261452,4394327.536282286,3716655.634288652,-1940933.1786905131,3.139696363155771,3.139696363155771
position,reversed_position_restoring,--+--+,x,-0.00145,,-1.706344754777662e-21,-10296631.479252435,4235059.353740232,3555401.5698587503,-2506170.555653453,3.02590108290755,3.02590108290755
position,reversed_position_restoring,--+--+,x,-0.0014,,-1.5931904981624196e-21,-10549634.125135431,4077144.807837547,3391506.9431882408,-3080982.374109643,2.913072960432292,2.913072960432292
position,reversed_position_restoring,--+--+,x,-0.00135,,-1.4756477852820023e-21,-10810156.122260742,3920527.825425953,3225335.692489584,-3664292.604345205,2.801171932112012,2.801171932112012
position,reversed_position_restoring,--+--+,x,-0.0013,,-1.3544373516559231e-21,-11077341.658050925,3765153.3918222645,3057296.4764337116,-4254891.789794948,2.690158690589828,2.690158690589828
position,reversed_position_restoring,--+--+,x,-0.00125,,-1.2305028561013835e-21,-11350249.298145596,3610967.500055239,2887841.638926063,-4851440.159164293,2.5799946485074257,2.5799946485074257
position,reversed_position_restoring,--+--+,x,-0.0012000000000000001,,-1.1049725964336844e-21,-11627855.064575905,3457917.1016716184,2717465.6490180665,-5452472.313886219,2.47064190335654,2.47064190335654
position,reversed_position_restoring,--+--+,x,-0.00115,,-9.791185215031014e-22,-11909056.586117495,3305950.059014849,2546703.00583766,-6056403.521264986,2.3620632033826503,2.3620632033826503
position,reversed_position_restoring,--+--+,x,-0.0010999999999999998,,-8.543136278743687e-22,-12192678.325917896,3155015.0988936606,2376125.6059514033,-6661537.6210728325,2.254221914481714,2.254221914481714
position,reversed_position_restoring,--+--+,x,-0.0010500000000000002,,-7.319914230539975e-22,-12477477.875523645,3005061.767561301,2206339.5785582066,-7266076.529404138,2.147081988033351,2.147081988033351
position,reversed_position_restoring,--+--+,x,-0.001,,-6.136060067811828e-22,-12762153.2878046,2856040.386929212,2037981.6022309042,-7868131.298644483,2.0406079296160167,2.0406079296160167
position,reversed_position_restoring,--+--+,x,-0.0009499999999999999,,-5.00589225328913e-22,-13045351.404275335,2707902.011942276,1871714.7254226105,-8465734.666910449,1.9347647685521094,1.9347647685521094
position,reversed_position_restoring,--+--+,x,-0.0009,,-3.9430311185519492e-22,-13325677.115258075,2560598.3890452352,1708223.7214846273,-9056855.004728213,1.8295180282327053,1.8295180282327053
position,reversed_position_restoring,--+--+,x,-0.0008500000000000001,,-2.9598873603823017e-22,-13601703.474543544,2414081.915672945,1548210.0173384657,-9639411.541532133,1.7248336971738112,1.7248336971738112
position,reversed_position_restoring,--+--+,x,-0.0007999999999999999,,-2.0671512344186455e-22,-13871982.574023364,2268305.600699244,1392386.243037707,-10211290.730286412,1.6206782007575384,1.6206782007575384
position,reversed_position_restoring,--+--+,x,-0.00075,,-1.2733341322114967e-22,-14135057.068527354,2123223.025781634,1241470.4570773824,-10770363.585668337,1.5170183736133211,1.5170183736133211
position,reversed_position_restoring,--+--+,x,-0.0006999999999999999,,-5.844162959750623e-23,-14389472.227133665,1978788.3075412204,1096180.10929276,-11314503.810299685,1.4138214325959224,1.4138214325959224
position,reversed_position_restoring,--+--+,x,-0.00065,,-3.643697277909683e-25,-14633788.374847189,1834956.0605190974,957225.8093774089,-11841606.504950684,1.3110549503181954,1.3110549503181954
position,reversed_position_restoring,--+--+,x,-0.0006000000000000001,,4.6850330782666165e-23,-14866593.578057861,1691681.360852444,825304.9742937254,-12349607.242911693,1.2086868291980746,1.2086868291980746
position,reversed_position_restoring,--+--+,x,-0.0005499999999999999,,8.341717266146355e-23,-15086516.418861585,1548919.710614992,701095.432015183,-12836501.276231408,1.1066852759802512,1.1066852759802512
position,reversed_position_restoring,--+--+,x,-0.0005,,1.0978534430217255e-22,-15292238.697380858,1406627.0027684332,585249.0620137136,-13300362.632598711,1.0050187766943572,1.0050187766943572
position,reversed_position_restoring,--+--+,x,-0.0004499999999999999,,1.2660005460567234e-22,-15482507.897845797,1264759.4866723674,478385.5545953308,-13739362.856578099,0.9036560720122209,0.9036560720122209
position,reversed_position_restoring,--+--+,x,-0.00039999999999999996,,1.346588192160603e-22,-15656149.253524056,1123273.7341019872,381086.37152457854,-14151789.147897488,0.8025661329678948,0.8025661329678948
position,reversed_position_restoring,--+--+,x,-0.00035000000000000005,,1.348673495191698e-22,-15812077.247702751,982126.6057237363,293888.9893224499,-14536061.652656564,0.7017181370048995,0.7017181370048995
position,reversed_position_restoring,--+--+,x,-0.0002999999999999999,,1.2819909396082213e-22,-15949306.392851636,841275.217980085,217281.50416069382,-14890749.670710858,0.601081444315778,0.601081444315778
position,reversed_position_restoring,--+--+,x,-0.00025,,1.1566130555032908e-22,-16066961.137799608,700676.9103358922,151697.67342538407,-15214586.554038333,0.5006255744399984,0.5006255744399984
position,reversed_position_restoring,--+--+,x,-0.00019999999999999987,,9.826924505549713e-23,-16164284.76314334,560289.212839188,97512.46383055062,-15506483.086473601,0.40032018308650796,0.40032018308650796
position,reversed_position_restoring,--+--+,x,-0.00014999999999999996,,7.702898554178618e-23,-16240647.13802407,420069.8139502334,55038.169505430575,-15765539.154568408,0.30013503914796597,0.30013503914796597
position,reversed_position_restoring,--+--+,x,-0.00010000000000000005,,5.292837268765379e-23,-16295551.226648964,279976.5285932679,24521.155859957365,-15991053.54219574,0.20004000187408702,0.20004000187408702
position,reversed_position_restoring,--+--+,x,-4.9999999999999914e-05,,2.693504492482445e-23,-16328638.250236226,139967.26638566868,6139.276383033791,-16182531.707467524,0.10000499817174047,0.10000499817174047
position,reversed_position_restoring,--+--+,x,0.0,,0.0,-16339691.429122167,0.0,4.331163404506403e-09,-16339691.429122163,0.0,0.0
position,reversed_position_restoring,--+--+,x,5.000000000000013e-05,,-2.693504492482445e-23,-16328638.250236226,139967.26638566868,6139.276383033791,-16182531.707467524,-0.10000499817174047,0.10000499817174047
position,reversed_position_restoring,--+--+,x,0.00010000000000000026,,-5.292837268765455e-23,-16295551.226648964,279976.5285932722,24521.15585995845,-15991053.542195735,-0.20004000187409016,0.20004000187409016
position,reversed_position_restoring,--+--+,x,0.00014999999999999996,,-7.702898554178618e-23,-16240647.13802407,420069.8139502334,55038.169505430575,-15765539.154568408,-0.30013503914796597,0.30013503914796597
position,reversed_position_restoring,--+--+,x,0.0002000000000000001,,-9.826924505549713e-23,-16164284.76314334,560289.212839188,97512.46383055062,-15506483.086473601,-0.40032018308650796,0.40032018308650796
position,reversed_position_restoring,--+--+,x,0.0002500000000000002,,-1.1566130555032908e-22,-16066961.137799608,700676.9103358922,151697.67342538407,-15214586.554038333,-0.5006255744399984,0.5006255744399984
position,reversed_position_restoring,--+--+,x,0.0002999999999999999,,-1.2819909396082213e-22,-15949306.392851636,841275.217980085,217281.50416069382,-14890749.670710858,-0.601081444315778,0.601081444315778
position,reversed_position_restoring,--+--+,x,0.00035000000000000005,,-1.348673495191698e-22,-15812077.247702751,982126.6057237363,293888.9893224499,-14536061.652656564,-0.7017181370048995,0.7017181370048995
position,reversed_position_restoring,--+--+,x,0.0004000000000000002,,-1.346588192160603e-22,-15656149.253524056,1123273.7341019872,381086.3715245802,-14151789.147897488,-0.8025661329678948,0.8025661329678948
position,reversed_position_restoring,--+--+,x,0.0004499999999999999,,-1.2660005460567234e-22,-15482507.897845797,1264759.4866723674,478385.5545953308,-13739362.856578099,-0.9036560720122209,0.9036560720122209
position,reversed_position_restoring,--+--+,x,0.0005,,-1.0978534430217252e-22,-15292238.697380858,1406627.0027684332,585249.0620137136,-13300362.632598711,-1.0050187766943572,1.0050187766943572
position,reversed_position_restoring,--+--+,x,0.0005500000000000001,,-8.341717266146355e-23,-15086516.418861585,1548919.710614992,701095.432015183,-12836501.276231408,-1.1066852759802512,1.1066852759802512
position,reversed_position_restoring,--+--+,x,0.0006000000000000003,,-4.6850330782666165e-23,-14866593.578057861,1691681.360852444,825304.9742937254,-12349607.242911693,-1.2086868291980746,1.2086868291980746
position,reversed_position_restoring,--+--+,x,0.00065,,3.643697277909683e-25,-14633788.374847189,1834956.0605190974,957225.8093774089,-11841606.504950684,-1.3110549503181954,1.3110549503181954
position,reversed_position_restoring,--+--+,x,0.0007000000000000001,,5.844162959750698e-23,-14389472.227133665,1978788.3075412246,1096180.10929276,-11314503.81029968,-1.4138214325959253,1.4138214325959253
position,reversed_position_restoring,--+--+,x,0.0007500000000000002,,1.2733341322114816e-22,-14135057.068527354,2123223.025781634,1241470.4570773824,-10770363.585668337,-1.5170183736133211,1.5170183736133211
position,reversed_position_restoring,--+--+,x,0.0007999999999999999,,2.0671512344186457e-22,-13871982.574023364,2268305.600699244,1392386.243037707,-10211290.730286412,-1.6206782007575384,1.6206782007575384
position,reversed_position_restoring,--+--+,x,0.0008500000000000001,,2.9598873603823017e-22,-13601703.474543544,2414081.915672945,1548210.0173384657,-9639411.541532133,-1.7248336971738112,1.7248336971738112
position,reversed_position_restoring,--+--+,x,0.0009000000000000002,,3.9430311185519643e-22,-13325677.115258073,2560598.3890452352,1708223.7214846276,-9056855.004728211,-1.8295180282327053,1.8295180282327053
position,reversed_position_restoring,--+--+,x,0.0009499999999999999,,5.00589225328913e-22,-13045351.404275335,2707902.011942276,1871714.7254226105,-8465734.666910449,-1.9347647685521094,1.9347647685521094
position,reversed_position_restoring,--+--+,x,0.001,,6.136060067811828e-22,-12762153.2878046,2856040.386929212,2037981.6022309042,-7868131.298644483,-2.0406079296160167,2.0406079296160167
position,reversed_position_restoring,--+--+,x,0.0010500000000000002,,7.319914230539975e-22,-12477477.875523645,3005061.767561301,2206339.5785582066,-7266076.529404138,-2.147081988033351,2.147081988033351
position,reversed_position_restoring,--+--+,x,0.0011000000000000003,,8.54313627874368e-22,-12192678.32591789,3155015.0988936606,2376125.605951405,-6661537.621072824,-2.254221914481714,2.254221914481714
position,reversed_position_restoring,--+--+,x,0.00115,,9.791185215031014e-22,-11909056.586117495,3305950.059014849,2546703.00583766,-6056403.521264986,-2.3620632033826503,2.3620632033826503
position,reversed_position_restoring,--+--+,x,0.0012000000000000001,,1.1049725964336844e-21,-11627855.064575905,3457917.1016716184,2717465.6490180665,-5452472.313886219,-2.47064190335654,2.47064190335654
position,reversed_position_restoring,--+--+,x,0.0012500000000000002,,1.2305028561013835e-21,-11350249.298145596,3610967.500055239,2887841.6389260646,-4851440.159164292,-2.5799946485074257,2.5799946485074257
position,reversed_position_restoring,--+--+,x,0.0013,,1.3544373516559231e-21,-11077341.658050925,3765153.3918222645,3057296.4764337116,-4254891.789794948,-2.690158690589828,2.690158690589828
position,reversed_position_restoring,--+--+,x,0.00135,,1.4756477852820023e-21,-10810156.122260742,3920527.825425953,3225335.692489584,-3664292.604345205,-2.801171932112012,2.801171932112012
position,reversed_position_restoring,--+--+,x,0.0014000000000000002,,1.5931904981624204e-21,-10549634.12513543,4077144.807837547,3391506.943188242,-3080982.37410964,-2.913072960432292,2.913072960432292
position,reversed_position_restoring,--+--+,x,0.0014500000000000003,,1.706344754777663e-21,-10296631.479252432,4235059.353740232,3555401.569858752,-2506170.555653447,-3.02590108290755,3.02590108290755
position,reversed_position_restoring,--+--+,x,0.0015,,1.8146517727856063e-21,-10051916.349261452,4394327.536282286,3716655.634288652,-1940933.1786905131,-3.139696363155771,3.139696363155771
position,reversed_position_restoring,--+--+,x,0.0015500000000000002,,1.9179390716621705e-21,-9816168.243713101,4555006.539479861,3874950.4461560315,-1386211.2580772087,-3.254499658497229,3.254499658497229
position,reversed_position_restoring,--+--+,x,0.0016000000000000003,,2.0163040143544283e-21,-9589977.97823503,4717154.712363971,4030012.606029761,-842810.6598412975,-3.370352658641889,3.370352658641889
position,reversed_position_restoring,--+--+,x,0.00165,,2.1100526424954123e-21,-9373848.552351821,4880831.624971054,4181613.5928400075,-311403.3345407603,-3.4872979256940106,3.4872979256940106
position,reversed_position_restoring,--+--+,x,0.0017000000000000001,,2.199610834967733e-21,-9168196.87277359,5046098.126280818,4329568.929459489,207470.18296671676,-3.6053789355480768,3.6053789355480768
position,reversed_position_restoring,--+--+,x,0.0017500000000000003,,2.2854313912622113e-21,-8973356.248189006,5213016.404210675,4473736.963934015,713397.1199556829,-3.7246401207541235,3.7246401207541235
position,reversed_position_restoring,--+--+,x,0.0018,,2.367918005082756e-21,-8789579.574527068,5381650.047781135,4614017.306939801,1206087.7801938674,-3.8451269149341996,3.8451269149341996
position,reversed_position_restoring,--+--+,x,0.00185,,2.4473779415287693e-21,-8617043.12529846,5552064.1115726475,4750348.96822556,1685369.954499749,-3.9668857988360284,3.9668857988360284
position,reversed_position_restoring,--+--+,x,0.0019000000000000002,,2.5240041373679044e-21,-8455850.858955005,5724325.182600316,4882708.236137204,2151182.559782513,-4.089964348114233,4.089964348114233
position,reversed_position_restoring,--+--+,x,0.0019500000000000003,,2.5978795688382583e-21,-8306039.154148558,5898501.449739689,5011106.344855775,2603568.6404469074,-4.214411282934252,4.214411282934252
position,reversed_position_restoring,--+--+,x,0.002,,2.668994086825419e-21,-8167581.884232363,6074662.775843834,5135586.973752744,3042667.8653642135,-4.340276519499165,4.340276519499165
velocity,reversed_position_restoring,--+--+,x,,-0.5,-2.131396879934878e-22,,,,,,
velocity,reversed_position_restoring,--+--+,x,,-0.4875,-2.0796461971447921e-22,,,,,,
velocity,reversed_position_restoring,--+--+,x,,-0.475,-2.0277809615495687e-22,,,,,,
velocity,reversed_position_restoring,--+--+,x,,-0.4625,-1.975803858927767e-22,,,,,,
velocity,reversed_position_restoring,--+--+,x,,-0.45,-1.923717596396642e-22,,,,,,
velocity,reversed_position_restoring,--+--+,x,,-0.4375,-1.8715248975889453e-22,,,,,,
velocity,reversed_position_restoring,--+--+,x,,-0.425,-1.8192285039522064e-22,,,,,,
velocity,reversed_position_restoring,--+--+,x,,-0.4125,-1.766831177825804e-22,,,,,,
velocity,reversed_position_restoring,--+--+,x,,-0.4,-1.7143356949292156e-22,,,,,,
velocity,reversed_position_restoring,--+--+,x,,-0.3875,-1.6617448499169165e-22,,,,,,
velocity,reversed_position_restoring,--+--+,x,,-0.375,-1.6090614543052015e-22,,,,,,
velocity,reversed_position_restoring,--+--+,x,,-0.3625,-1.556288332267058e-22,,,,,,
velocity,reversed_position_restoring,--+--+,x,,-0.35,-1.5034283271258268e-22,,,,,,
velocity,reversed_position_restoring,--+--+,x,,-0.3375,-1.450484294475312e-22,,,,,,
velocity,reversed_position_restoring,--+--+,x,,-0.32499999999999996,-1.397459106527006e-22,,,,,,
velocity,reversed_position_restoring,--+--+,x,,-0.3125,-1.3443556472780697e-22,,,,,,
velocity,reversed_position_restoring,--+--+,x,,-0.3,-1.2911768158993506e-22,,,,,,
velocity,reversed_position_restoring,--+--+,x,,-0.2875,-1.2379255245117454e-22,,,,,,
velocity,reversed_position_restoring,--+--+,x,,-0.275,-1.1846046963357293e-22,,,,,,
velocity,reversed_position_restoring,--+--+,x,,-0.26249999999999996,-1.1312172686167246e-22,,,,,,
velocity,reversed_position_restoring,--+--+,x,,-0.25,-1.077766188145884e-22,,,,,,
velocity,reversed_position_restoring,--+--+,x,,-0.2375,-1.0242544150001565e-22,,,,,,
velocity,reversed_position_restoring,--+--+,x,,-0.22499999999999998,-9.706849169466294e-23,,,,,,
velocity,reversed_position_restoring,--+--+,x,,-0.21249999999999997,-9.170606740928454e-23,,,,,,
velocity,reversed_position_restoring,--+--+,x,,-0.19999999999999996,-8.633847925478545e-23,,,,,,
velocity,reversed_position_restoring,--+--+,x,,-0.1875,-8.096602273530812e-23,,,,,,
velocity,reversed_position_restoring,--+--+,x,,-0.175,-7.558899036227221e-23,,,,,,
velocity,reversed_position_restoring,--+--+,x,,-0.16249999999999998,-7.020768346598101e-23,,,,,,
velocity,reversed_position_restoring,--+--+,x,,-0.14999999999999997,-6.482240432737015e-23,,,,,,
velocity,reversed_position_restoring,--+--+,x,,-0.13749999999999996,-5.943345568000999e-23,,,,,,
velocity,reversed_position_restoring,--+--+,x,,-0.125,-5.404114116635781e-23,,,,,,
velocity,reversed_position_restoring,--+--+,x,,-0.11249999999999999,-4.864576494857759e-23,,,,,,
velocity,reversed_position_restoring,--+--+,x,,-0.09999999999999998,-4.3247631529500335e-23,,,,,,
velocity,reversed_position_restoring,--+--+,x,,-0.08749999999999997,-3.784704619794087e-23,,,,,,
velocity,reversed_position_restoring,--+--+,x,,-0.07499999999999996,-3.244431430507878e-23,,,,,,
velocity,reversed_position_restoring,--+--+,x,,-0.0625,-2.703974194015246e-23,,,,,,
velocity,reversed_position_restoring,--+--+,x,,-0.04999999999999999,-2.163363538879846e-23,,,,,,
velocity,reversed_position_restoring,--+--+,x,,-0.03749999999999998,-1.622630107746199e-23,,,,,,
velocity,reversed_position_restoring,--+--+,x,,-0.024999999999999967,-1.0818045817537511e-23,,,,,,
velocity,reversed_position_restoring,--+--+,x,,-0.012499999999999956,-5.409176427710067e-24,,,,,,
velocity,reversed_position_restoring,--+--+,x,,0.0,0.0,,,,,,
velocity,reversed_position_restoring,--+--+,x,,0.012500000000000067,5.409176427710067e-24,,,,,,
velocity,reversed_position_restoring,--+--+,x,,0.025000000000000022,1.0818045817536759e-23,,,,,,
velocity,reversed_position_restoring,--+--+,x,,0.03749999999999998,1.622630107746199e-23,,,,,,
velocity,reversed_position_restoring,--+--+,x,,0.050000000000000044,2.1633635388798458e-23,,,,,,
velocity,reversed_position_restoring,--+--+,x,,0.0625,2.703974194015246e-23,,,,,,
velocity,reversed_position_restoring,--+--+,x,,0.07500000000000007,3.244431430507953e-23,,,,,,
velocity,reversed_position_restoring,--+--+,x,,0.08750000000000002,3.784704619794087e-23,,,,,,
velocity,reversed_position_restoring,--+--+,x,,0.10000000000000009,4.3247631529500335e-23,,,,,,
velocity,reversed_position_restoring,--+--+,x,,0.11250000000000004,4.864576494857759e-23,,,,,,
velocity,reversed_position_restoring,--+--+,x,,0.125,5.404114116635781e-23,,,,,,
velocity,reversed_position_restoring,--+--+,x,,0.13750000000000007,5.943345568000999e-23,,,,,,
velocity,reversed_position_restoring,--+--+,x,,0.15000000000000002,6.482240432737017e-23,,,,,,
velocity,reversed_position_restoring,--+--+,x,,0.1625000000000001,7.020768346598101e-23,,,,,,
velocity,reversed_position_restoring,--+--+,x,,0.17500000000000004,7.558899036227221e-23,,,,,,
velocity,reversed_position_restoring,--+--+,x,,0.1875,8.096602273530812e-23,,,,,,
velocity,reversed_position_restoring,--+--+,x,,0.20000000000000007,8.633847925478545e-23,,,,,,
velocity,reversed_position_restoring,--+--+,x,,0.21250000000000002,9.170606740928454e-23,,,,,,
velocity,reversed_position_restoring,--+--+,x,,0.2250000000000001,9.706849169466294e-23,,,,,,
velocity,reversed_position_restoring,--+--+,x,,0.23750000000000004,1.0242544150001566e-22,,,,,,
velocity,reversed_position_restoring,--+--+,x,,0.25,1.077766188145884e-22,,,,,,
velocity,reversed_position_restoring,--+--+,x,,0.26250000000000007,1.1312172686167246e-22,,,,,,
velocity,reversed_position_restoring,--+--+,x,,0.275,1.1846046963357293e-22,,,,,,
velocity,reversed_position_restoring,--+--+,x,,0.2875000000000001,1.2379255245117454e-22,,,,,,
velocity,reversed_position_restoring,--+--+,x,,0.30000000000000004,1.2911768158993506e-22,,,,,,
velocity,reversed_position_restoring,--+--+,x,,0.3125,1.3443556472780697e-22,,,,,,
velocity,reversed_position_restoring,--+--+,x,,0.32500000000000007,1.397459106527006e-22,,,,,,
velocity,reversed_position_restoring,--+--+,x,,0.3375,1.450484294475312e-22,,,,,,
velocity,reversed_position_restoring,--+--+,x,,0.3500000000000001,1.5034283271258268e-22,,,,,,
velocity,reversed_position_restoring,--+--+,x,,0.36250000000000004,1.5562883322670878e-22,,,,,,
velocity,reversed_position_restoring,--+--+,x,,0.375,1.6090614543052017e-22,,,,,,
velocity,reversed_position_restoring,--+--+,x,,0.38750000000000007,1.6617448499169165e-22,,,,,,
velocity,reversed_position_restoring,--+--+,x,,0.4,1.7143356949292156e-22,,,,,,
velocity,reversed_position_restoring,--+--+,x,,0.4125000000000001,1.766831177825804e-22,,,,,,
velocity,reversed_position_restoring,--+--+,x,,0.42500000000000004,1.8192285039522064e-22,,,,,,
velocity,reversed_position_restoring,--+--+,x,,0.4375,1.8715248975889453e-22,,,,,,
velocity,reversed_position_restoring,--+--+,x,,0.45000000000000007,1.923717596396642e-22,,,,,,
velocity,reversed_position_restoring,--+--+,x,,0.4625,1.975803858927767e-22,,,,,,
velocity,reversed_position_restoring,--+--+,x,,0.4750000000000001,2.0277809615495687e-22,,,,,,
velocity,reversed_position_restoring,--+--+,x,,0.48750000000000004,2.0796461971447921e-22,,,,,,
velocity,reversed_position_restoring,--+--+,x,,0.5,2.131396879934878e-22,,,,,,
position,reversed_position_restoring,--+--+,y,-0.002,,-2.6689940868254198e-21,-8167581.884232363,6074662.775843834,5135586.973752744,3042667.8653642135,4.340276519499165,4.340276519499165
position,reversed_position_restoring,--+--+,y,-0.0019500000000000001,,-2.597879568838259e-21,-8306039.154148558,5898501.449739689,5011106.344855775,2603568.6404469074,4.214411282934252,4.214411282934252
position,reversed_position_restoring,--+--+,y,-0.0019,,-2.5240041373679066e-21,-8455850.858955005,5724325.182600316,4882708.236137204,2151182.559782513,4.089964348114233,4.089964348114233
position,reversed_position_restoring,--+--+,y,-0.00185,,-2.44737794152877e-21,-8617043.12529846,5552064.1115726475,4750348.968225561,1685369.95449975,3.9668857988360284,3.9668857988360284
position,reversed_position_restoring,--+--+,y,-0.0018,,-2.3679180050827553e-21,-8789579.57452707,5381650.047781135,4614017.306939801,1206087.7801938665,3.8451269149341996,3.8451269149341996
position,reversed_position_restoring,--+--+,y,-0.00175,,-2.285431391262212e-21,-8973356.248189004,5213016.404210675,4473736.9639340155,713397.119955685,3.7246401207541235,3.7246401207541235
position,reversed_position_restoring,--+--+,y,-0.0017000000000000001,,-2.1996108349677337e-21,-9168196.87277359,5046098.126280818,4329568.92945949,207470.18296671892,3.6053789355480768,3.6053789355480768
position,reversed_position_restoring,--+--+,y,-0.00165,,-2.1100526424954115e-21,-9373848.552351821,4880831.624971054,4181613.592840009,-311403.3345407592,3.4872979256940106,3.4872979256940106
position,reversed_position_restoring,--+--+,y,-0.0016,,-2.016304014354426e-21,-9589977.978235034,4717154.712363971,4030012.606029761,-842810.6598413019,3.370352658641889,3.370352658641889
position,reversed_position_restoring,--+--+,y,-0.00155,,-1.9179390716621667e-21,-9816168.243713101,4555006.539479851,3874950.4461560296,-1386211.2580772198,3.254499658497222,3.254499658497222
position,reversed_position_restoring,--+--+,y,-0.0015,,-1.8146517727856048e-21,-10051916.349261452,4394327.536282286,3716655.6342886533,-1940933.178690512,3.139696363155771,3.139696363155771
position,reversed_position_restoring,--+--+,y,-0.00145,,-1.7063447547776606e-21,-10296631.479252433,4235059.353740232,3555401.5698587494,-2506170.555653452,3.02590108290755,3.02590108290755
position,reversed_position_restoring,--+--+,y,-0.0014,,-1.5931904981624181e-21,-10549634.125135431,4077144.807837547,3391506.9431882417,-3080982.3741096426,2.913072960432292,2.913072960432292
position,reversed_position_restoring,--+--+,y,-0.00135,,-1.475647785282003e-21,-10810156.12226074,3920527.825425953,3225335.6924895844,-3664292.604345202,2.801171932112012,2.801171932112012
position,reversed_position_restoring,--+--+,y,-0.0013,,-1.3544373516559239e-21,-11077341.658050925,3765153.3918222645,3057296.476433711,-4254891.789794948,2.690158690589828,2.690158690589828
position,reversed_position_restoring,--+--+,y,-0.00125,,-1.2305028561013843e-21,-11350249.298145596,3610967.500055239,2887841.638926063,-4851440.159164293,2.5799946485074257,2.5799946485074257
position,reversed_position_restoring,--+--+,y,-0.0012000000000000001,,-1.1049725964336844e-21,-11627855.064575905,3457917.1016716184,2717465.649018067,-5452472.313886219,2.47064190335654,2.47064190335654
position,reversed_position_restoring,--+--+,y,-0.00115,,-9.791185215031014e-22,-11909056.586117495,3305950.059014849,2546703.0058376594,-6056403.521264987,2.3620632033826503,2.3620632033826503
position,reversed_position_restoring,--+--+,y,-0.0010999999999999998,,-8.543136278743657e-22,-12192678.325917896,3155015.0988936606,2376125.6059514037,-6661537.621072832,2.254221914481714,2.254221914481714
position,reversed_position_restoring,--+--+,y,-0.0010500000000000002,,-7.319914230539975e-22,-12477477.875523645,3005061.767561301,2206339.5785582056,-7266076.529404139,2.147081988033351,2.147081988033351
position,reversed_position_restoring,--+--+,y,-0.001,,-6.136060067811798e-22,-12762153.287804602,2856040.386929212,2037981.602230903,-7868131.298644486,2.0406079296160167,2.0406079296160167
position,reversed_position_restoring,--+--+,y,-0.0009499999999999999,,-5.00589225328913e-22,-13045351.404275335,2707902.011942276,1871714.7254226105,-8465734.666910449,1.9347647685521094,1.9347647685521094
position,reversed_position_restoring,--+--+,y,-0.0009,,-3.9430311185519568e-22,-13325677.115258075,2560598.3890452352,1708223.7214846273,-9056855.004728213,1.8295180282327053,1.8295180282327053
position,reversed_position_restoring,--+--+,y,-0.0008500000000000001,,-2.959887360382309e-22,-13601703.474543544,2414081.915672945,1548210.0173384657,-9639411.541532133,1.7248336971738112,1.7248336971738112
position,reversed_position_restoring,--+--+,y,-0.0007999999999999999,,-2.067151234418653e-22,-13871982.574023364,2268305.600699244,1392386.2430377074,-10211290.730286412,1.6206782007575384,1.6206782007575384
position,reversed_position_restoring,--+--+,y,-0.00075,,-1.2733341322114967e-22,-14135057.068527354,2123223.025781634,1241470.4570773824,-10770363.585668337,1.5170183736133211,1.5170183736133211
position,reversed_position_restoring,--+--+,y,-0.0006999999999999999,,-5.844162959750623e-23,-14389472.227133665,1978788.3075412204,1096180.10929276,-11314503.810299685,1.4138214325959224,1.4138214325959224
position,reversed_position_restoring,--+--+,y,-0.00065,,-3.643697277909683e-25,-14633788.374847189,1834956.0605190974,957225.8093774084,-11841606.504950684,1.3110549503181954,1.3110549503181954
position,reversed_position_restoring,--+--+,y,-0.0006000000000000001,,4.685033078266691e-23,-14866593.578057863,1691681.360852444,825304.9742937254,-12349607.242911693,1.2086868291980746,1.2086868291980746
position,reversed_position_restoring,--+--+,y,-0.0005499999999999999,,8.34171726614628e-23,-15086516.418861585,1548919.710614992,701095.4320151841,-12836501.276231406,1.1066852759802512,1.1066852759802512
position,reversed_position_restoring,--+--+,y,-0.0005,,1.0978534430217102e-22,-15292238.697380856,1406627.0027684332,585249.0620137142,-13300362.63259871,1.0050187766943572,1.0050187766943572
position,reversed_position_restoring,--+--+,y,-0.0004499999999999999,,1.2660005460567234e-22,-15482507.897845797,1264759.4866723674,478385.5545953308,-13739362.856578099,0.9036560720122209,0.9036560720122209
position,reversed_position_restoring,--+--+,y,-0.00039999999999999996,,1.3465881921605955e-22,-15656149.253524058,1123273.7341019872,381086.37152457854,-14151789.147897493,0.8025661329678948,0.8025661329678948
position,reversed_position_restoring,--+--+,y,-0.00035000000000000005,,1.348673495191713e-22,-15812077.247702753,982126.6057237363,293888.9893224504,-14536061.652656566,0.7017181370048995,0.7017181370048995
position,reversed_position_restoring,--+--+,y,-0.0002999999999999999,,1.2819909396082213e-22,-15949306.392851636,841275.217980085,217281.50416069382,-14890749.670710858,0.601081444315778,0.601081444315778
position,reversed_position_restoring,--+--+,y,-0.00025,,1.1566130555032908e-22,-16066961.137799608,700676.9103358922,151697.67342538462,-15214586.554038333,0.5006255744399984,0.5006255744399984
position,reversed_position_restoring,--+--+,y,-0.00019999999999999987,,9.826924505549713e-23,-16164284.76314334,560289.212839188,97512.4638305517,-15506483.0864736,0.40032018308650796,0.40032018308650796
position,reversed_position_restoring,--+--+,y,-0.00014999999999999996,,7.702898554178543e-23,-16240647.13802407,420069.8139502334,55038.16950543111,-15765539.154568408,0.30013503914796597,0.30013503914796597
position,reversed_position_restoring,--+--+,y,-0.00010000000000000005,,5.292837268765379e-23,-16295551.226648964,279976.5285932679,24521.155859957908,-15991053.54219574,0.20004000187408702,0.20004000187408702
position,reversed_position_restoring,--+--+,y,-4.9999999999999914e-05,,2.693504492482445e-23,-16328638.250236226,139967.26638566868,6139.276383033791,-16182531.707467524,0.10000499817174047,0.10000499817174047
position,reversed_position_restoring,--+--+,y,0.0,,0.0,-16339691.429122167,0.0,4.331163404506403e-09,-16339691.429122163,0.0,0.0
position,reversed_position_restoring,--+--+,y,5.000000000000013e-05,,-2.693504492482595e-23,-16328638.250236228,139967.26638566868,6139.276383033791,-16182531.707467524,-0.10000499817174047,0.10000499817174047
position,reversed_position_restoring,--+--+,y,0.00010000000000000026,,-5.292837268765455e-23,-16295551.226648964,279976.5285932722,24521.15585995845,-15991053.542195735,-0.20004000187409016,0.20004000187409016
position,reversed_position_restoring,--+--+,y,0.00014999999999999996,,-7.702898554178543e-23,-16240647.13802407,420069.8139502334,55038.16950543111,-15765539.154568408,-0.30013503914796597,0.30013503914796597
position,reversed_position_restoring,--+--+,y,0.0002000000000000001,,-9.826924505549713e-23,-16164284.76314334,560289.212839188,97512.4638305517,-15506483.0864736,-0.40032018308650796,0.40032018308650796
position,reversed_position_restoring,--+--+,y,0.0002500000000000002,,-1.1566130555032908e-22,-16066961.137799608,700676.9103358922,151697.67342538462,-15214586.554038333,-0.5006255744399984,0.5006255744399984
position,reversed_position_restoring,--+--+,y,0.0002999999999999999,,-1.2819909396082213e-22,-15949306.392851636,841275.217980085,217281.50416069382,-14890749.670710858,-0.601081444315778,0.601081444315778
position,reversed_position_restoring,--+--+,y,0.00035000000000000005,,-1.348673495191683e-22,-15812077.247702751,982126.6057237363,293888.9893224504,-14536061.652656564,-0.7017181370048995,0.7017181370048995
position,reversed_position_restoring,--+--+,y,0.0004000000000000002,,-1.346588192160603e-22,-15656149.253524056,1123273.7341019872,381086.37152457965,-14151789.147897488,-0.8025661329678948,0.8025661329678948
position,reversed_position_restoring,--+--+,y,0.0004499999999999999,,-1.2660005460567234e-22,-15482507.897845797,1264759.4866723674,478385.5545953308,-13739362.856578099,-0.9036560720122209,0.9036560720122209
position,reversed_position_restoring,--+--+,y,0.0005,,-1.0978534430217102e-22,-15292238.697380856,1406627.0027684332,585249.0620137142,-13300362.63259871,-1.0050187766943572,1.0050187766943572
position,reversed_position_restoring,--+--+,y,0.0005500000000000001,,-8.34171726614628e-23,-15086516.418861585,1548919.710614992,701095.4320151841,-12836501.276231406,-1.1066852759802512,1.1066852759802512
position,reversed_position_restoring,--+--+,y,0.0006000000000000003,,-4.685033078266691e-23,-14866593.578057863,1691681.360852444,825304.9742937254,-12349607.242911693,-1.2086868291980746,1.2086868291980746
position,reversed_position_restoring,--+--+,y,0.00065,,3.643697277909683e-25,-14633788.374847189,1834956.0605190974,957225.8093774084,-11841606.504950684,-1.3110549503181954,1.3110549503181954
position,reversed_position_restoring,--+--+,y,0.0007000000000000001,,5.844162959750622e-23,-14389472.227133665,1978788.3075412246,1096180.1092927607,-11314503.81029968,-1.4138214325959253,1.4138214325959253
position,reversed_position_restoring,--+--+,y,0.0007500000000000002,,1.2733341322114816e-22,-14135057.068527354,2123223.025781634,1241470.457077383,-10770363.585668337,-1.5170183736133211,1.5170183736133211
position,reversed_position_restoring,--+--+,y,0.0007999999999999999,,2.0671512344186532e-22,-13871982.574023364,2268305.600699244,1392386.2430377074,-10211290.730286412,-1.6206782007575384,1.6206782007575384
position,reversed_position_restoring,--+--+,y,0.0008500000000000001,,2.959887360382309e-22,-13601703.474543544,2414081.915672945,1548210.0173384657,-9639411.541532133,-1.7248336971738112,1.7248336971738112
position,reversed_position_restoring,--+--+,y,0.0009000000000000002,,3.9430311185519568e-22,-13325677.115258073,2560598.3890452352,1708223.7214846276,-9056855.004728211,-1.8295180282327053,1.8295180282327053
position,reversed_position_restoring,--+--+,y,0.0009499999999999999,,5.00589225328913e-22,-13045351.404275335,2707902.011942276,1871714.7254226105,-8465734.666910449,-1.9347647685521094,1.9347647685521094
position,reversed_position_restoring,--+--+,y,0.001,,6.136060067811798e-22,-12762153.287804602,2856040.386929212,2037981.602230903,-7868131.298644486,-2.0406079296160167,2.0406079296160167
position,reversed_position_restoring,--+--+,y,0.0010500000000000002,,7.319914230539975e-22,-12477477.875523645,3005061.767561301,2206339.5785582056,-7266076.529404139,-2.147081988033351,2.147081988033351
position,reversed_position_restoring,--+--+,y,0.0011000000000000003,,8.543136278743687e-22,-12192678.32591789,3155015.0988936606,2376125.605951405,-6661537.621072824,-2.254221914481714,2.254221914481714
position,reversed_position_restoring,--+--+,y,0.00115,,9.791185215031014e-22,-11909056.586117495,3305950.059014849,2546703.0058376594,-6056403.521264987,-2.3620632033826503,2.3620632033826503
position,reversed_position_restoring,--+--+,y,0.0012000000000000001,,1.1049725964336844e-21,-11627855.064575905,3457917.1016716184,2717465.649018067,-5452472.313886219,-2.47064190335654,2.47064190335654
position,reversed_position_restoring,--+--+,y,0.0012500000000000002,,1.2305028561013835e-21,-11350249.298145596,3610967.500055239,2887841.6389260646,-4851440.159164292,-2.5799946485074257,2.5799946485074257
position,reversed_position_restoring,--+--+,y,0.0013,,1.3544373516559239e-21,-11077341.658050925,3765153.3918222645,3057296.476433711,-4254891.789794948,-2.690158690589828,2.690158690589828
position,reversed_position_restoring,--+--+,y,0.00135,,1.475647785282003e-21,-10810156.12226074,3920527.825425953,3225335.6924895844,-3664292.604345202,-2.801171932112012,2.801171932112012
position,reversed_position_restoring,--+--+,y,0.0014000000000000002,,1.5931904981624204e-21,-10549634.12513543,4077144.807837547,3391506.943188242,-3080982.37410964,-2.913072960432292,2.913072960432292
position,reversed_position_restoring,--+--+,y,0.0014500000000000003,,1.706344754777662e-21,-10296631.47925243,4235059.353740232,3555401.5698587513,-2506170.5556534454,-3.02590108290755,3.02590108290755
position,reversed_position_restoring,--+--+,y,0.0015,,1.8146517727856048e-21,-10051916.349261452,4394327.536282286,3716655.6342886533,-1940933.178690512,-3.139696363155771,3.139696363155771
position,reversed_position_restoring,--+--+,y,0.0015500000000000002,,1.9179390716621697e-21,-9816168.243713101,4555006.539479861,3874950.446156032,-1386211.258077208,-3.254499658497229,3.254499658497229
position,reversed_position_restoring,--+--+,y,0.0016000000000000003,,2.0163040143544283e-21,-9589977.97823503,4717154.712363971,4030012.606029761,-842810.6598412975,-3.370352658641889,3.370352658641889
position,reversed_position_restoring,--+--+,y,0.00165,,2.1100526424954115e-21,-9373848.552351821,4880831.624971054,4181613.592840009,-311403.3345407592,-3.4872979256940106,3.4872979256940106
position,reversed_position_restoring,--+--+,y,0.0017000000000000001,,2.199610834967733e-21,-9168196.87277359,5046098.126280818,4329568.92945949,207470.18296671784,-3.6053789355480768,3.6053789355480768
position,reversed_position_restoring,--+--+,y,0.0017500000000000003,,2.285431391262212e-21,-8973356.248189004,5213016.404210675,4473736.9639340155,713397.119955685,-3.7246401207541235,3.7246401207541235
position,reversed_position_restoring,--+--+,y,0.0018,,2.367918005082756e-21,-8789579.574527068,5381650.047781135,4614017.306939801,1206087.7801938674,-3.8451269149341996,3.8451269149341996
position,reversed_position_restoring,--+--+,y,0.00185,,2.44737794152877e-21,-8617043.12529846,5552064.1115726475,4750348.96822556,1685369.954499749,-3.9668857988360284,3.9668857988360284
position,reversed_position_restoring,--+--+,y,0.0019000000000000002,,2.524004137367905e-21,-8455850.858955005,5724325.182600316,4882708.236137204,2151182.5597825143,-4.089964348114233,4.089964348114233
position,reversed_position_restoring,--+--+,y,0.0019500000000000003,,2.597879568838259e-21,-8306039.154148558,5898501.449739689,5011106.344855775,2603568.6404469074,-4.214411282934252,4.214411282934252
position,reversed_position_restoring,--+--+,y,0.002,,2.6689940868254198e-21,-8167581.884232363,6074662.775843834,5135586.973752744,3042667.8653642135,-4.340276519499165,4.340276519499165
velocity,reversed_position_restoring,--+--+,y,,-0.5,-2.131396879934878e-22,,,,,,
velocity,reversed_position_restoring,--+--+,y,,-0.4875,-2.0796461971447921e-22,,,,,,
velocity,reversed_position_restoring,--+--+,y,,-0.475,-2.0277809615495763e-22,,,,,,
velocity,reversed_position_restoring,--+--+,y,,-0.4625,-1.975803858927767e-22,,,,,,
velocity,reversed_position_restoring,--+--+,y,,-0.45,-1.923717596396642e-22,,,,,,
velocity,reversed_position_restoring,--+--+,y,,-0.4375,-1.8715248975889228e-22,,,,,,
velocity,reversed_position_restoring,--+--+,y,,-0.425,-1.8192285039522064e-22,,,,,,
velocity,reversed_position_restoring,--+--+,y,,-0.4125,-1.766831177825804e-22,,,,,,
velocity,reversed_position_restoring,--+--+,y,,-0.4,-1.7143356949292156e-22,,,,,,
velocity,reversed_position_restoring,--+--+,y,,-0.3875,-1.6617448499169165e-22,,,,,,
velocity,reversed_position_restoring,--+--+,y,,-0.375,-1.6090614543052017e-22,,,,,,
velocity,reversed_position_restoring,--+--+,y,,-0.3625,-1.556288332267073e-22,,,,,,
velocity,reversed_position_restoring,--+--+,y,,-0.35,-1.503428327125834e-22,,,,,,
velocity,reversed_position_restoring,--+--+,y,,-0.3375,-1.450484294475312e-22,,,,,,
velocity,reversed_position_restoring,--+--+,y,,-0.32499999999999996,-1.397459106527006e-22,,,,,,
velocity,reversed_position_restoring,--+--+,y,,-0.3125,-1.3443556472780622e-22,,,,,,
velocity,reversed_position_restoring,--+--+,y,,-0.3,-1.2911768158993506e-22,,,,,,
velocity,reversed_position_restoring,--+--+,y,,-0.2875,-1.2379255245117454e-22,,,,,,
velocity,reversed_position_restoring,--+--+,y,,-0.275,-1.1846046963357368e-22,,,,,,
velocity,reversed_position_restoring,--+--+,y,,-0.26249999999999996,-1.131217268616732e-22,,,,,,
velocity,reversed_position_restoring,--+--+,y,,-0.25,-1.077766188145884e-22,,,,,,
velocity,reversed_position_restoring,--+--+,y,,-0.2375,-1.0242544150001564e-22,,,,,,
velocity,reversed_position_restoring,--+--+,y,,-0.22499999999999998,-9.706849169466294e-23,,,,,,
velocity,reversed_position_restoring,--+--+,y,,-0.21249999999999997,-9.170606740928454e-23,,,,,,
velocity,reversed_position_restoring,--+--+,y,,-0.19999999999999996,-8.633847925478544e-23,,,,,,
velocity,reversed_position_restoring,--+--+,y,,-0.1875,-8.096602273530585e-23,,,,,,
velocity,reversed_position_restoring,--+--+,y,,-0.175,-7.558899036227221e-23,,,,,,
velocity,reversed_position_restoring,--+--+,y,,-0.16249999999999998,-7.020768346598101e-23,,,,,,
velocity,reversed_position_restoring,--+--+,y,,-0.14999999999999997,-6.482240432736865e-23,,,,,,
velocity,reversed_position_restoring,--+--+,y,,-0.13749999999999996,-5.943345568000848e-23,,,,,,
velocity,reversed_position_restoring,--+--+,y,,-0.125,-5.404114116635707e-23,,,,,,
velocity,reversed_position_restoring,--+--+,y,,-0.11249999999999999,-4.864576494857834e-23,,,,,,
velocity,reversed_position_restoring,--+--+,y,,-0.09999999999999998,-4.324763152949959e-23,,,,,,
velocity,reversed_position_restoring,--+--+,y,,-0.08749999999999997,-3.784704619794237e-23,,,,,,
velocity,reversed_position_restoring,--+--+,y,,-0.07499999999999996,-3.2444314305078033e-23,,,,,,
velocity,reversed_position_restoring,--+--+,y,,-0.0625,-2.7039741940151696e-23,,,,,,
velocity,reversed_position_restoring,--+--+,y,,-0.04999999999999999,-2.1633635388798455e-23,,,,,,
velocity,reversed_position_restoring,--+--+,y,,-0.03749999999999998,-1.6226301077462745e-23,,,,,,
velocity,reversed_position_restoring,--+--+,y,,-0.024999999999999967,-1.0818045817539778e-23,,,,,,
velocity,reversed_position_restoring,--+--+,y,,-0.012499999999999956,-5.409176427708571e-24,,,,,,
velocity,reversed_position_restoring,--+--+,y,,0.0,0.0,,,,,,
velocity,reversed_position_restoring,--+--+,y,,0.012500000000000067,5.409176427708571e-24,,,,,,
velocity,reversed_position_restoring,--+--+,y,,0.025000000000000022,1.0818045817539785e-23,,,,,,
velocity,reversed_position_restoring,--+--+,y,,0.03749999999999998,1.6226301077462745e-23,,,,,,
velocity,reversed_position_restoring,--+--+,y,,0.050000000000000044,2.1633635388798455e-23,,,,,,
velocity,reversed_position_restoring,--+--+,y,,0.0625,2.7039741940153224e-23,,,,,,
velocity,reversed_position_restoring,--+--+,y,,0.07500000000000007,3.244431430507653e-23,,,,,,
velocity,reversed_position_restoring,--+--+,y,,0.08750000000000002,3.784704619794236e-23,,,,,,
velocity,reversed_position_restoring,--+--+,y,,0.10000000000000009,4.324763152950109e-23,,,,,,
velocity,reversed_position_restoring,--+--+,y,,0.11250000000000004,4.864576494857758e-23,,,,,,
velocity,reversed_position_restoring,--+--+,y,,0.125,5.404114116635706e-23,,,,,,
velocity,reversed_position_restoring,--+--+,y,,0.13750000000000007,5.943345568000848e-23,,,,,,
velocity,reversed_position_restoring,--+--+,y,,0.15000000000000002,6.482240432736866e-23,,,,,,
velocity,reversed_position_restoring,--+--+,y,,0.1625000000000001,7.020768346598101e-23,,,,,,
velocity,reversed_position_restoring,--+--+,y,,0.17500000000000004,7.558899036227071e-23,,,,,,
velocity,reversed_position_restoring,--+--+,y,,0.1875,8.096602273530585e-23,,,,,,
velocity,reversed_position_restoring,--+--+,y,,0.20000000000000007,8.633847925478544e-23,,,,,,
velocity,reversed_position_restoring,--+--+,y,,0.21250000000000002,9.170606740928454e-23,,,,,,
velocity,reversed_position_restoring,--+--+,y,,0.2250000000000001,9.706849169466294e-23,,,,,,
velocity,reversed_position_restoring,--+--+,y,,0.23750000000000004,1.0242544150001488e-22,,,,,,
velocity,reversed_position_restoring,--+--+,y,,0.25,1.0777661881458691e-22,,,,,,
velocity,reversed_position_restoring,--+--+,y,,0.26250000000000007,1.131217268616732e-22,,,,,,
velocity,reversed_position_restoring,--+--+,y,,0.275,1.1846046963357368e-22,,,,,,
velocity,reversed_position_restoring,--+--+,y,,0.2875000000000001,1.2379255245117454e-22,,,,,,
velocity,reversed_position_restoring,--+--+,y,,0.30000000000000004,1.2911768158993506e-22,,,,,,
velocity,reversed_position_restoring,--+--+,y,,0.3125,1.3443556472780697e-22,,,,,,
velocity,reversed_position_restoring,--+--+,y,,0.32500000000000007,1.397459106527006e-22,,,,,,
velocity,reversed_position_restoring,--+--+,y,,0.3375,1.450484294475312e-22,,,,,,
velocity,reversed_position_restoring,--+--+,y,,0.3500000000000001,1.503428327125834e-22,,,,,,
velocity,reversed_position_restoring,--+--+,y,,0.36250000000000004,1.556288332267073e-22,,,,,,
velocity,reversed_position_restoring,--+--+,y,,0.375,1.6090614543052017e-22,,,,,,
velocity,reversed_position_restoring,--+--+,y,,0.38750000000000007,1.6617448499169165e-22,,,,,,
velocity,reversed_position_restoring,--+--+,y,,0.4,1.7143356949292156e-22,,,,,,
velocity,reversed_position_restoring,--+--+,y,,0.4125000000000001,1.7668311778258187e-22,,,,,,
velocity,reversed_position_restoring,--+--+,y,,0.42500000000000004,1.8192285039522064e-22,,,,,,
velocity,reversed_position_restoring,--+--+,y,,0.4375,1.8715248975889228e-22,,,,,,
velocity,reversed_position_restoring,--+--+,y,,0.45000000000000007,1.923717596396642e-22,,,,,,
velocity,reversed_position_restoring,--+--+,y,,0.4625,1.9758038589277445e-22,,,,,,
velocity,reversed_position_restoring,--+--+,y,,0.4750000000000001,2.0277809615495607e-22,,,,,,
velocity,reversed_position_restoring,--+--+,y,,0.48750000000000004,2.0796461971447921e-22,,,,,,
velocity,reversed_position_restoring,--+--+,y,,0.5,2.131396879934878e-22,,,,,,
position,reversed_position_restoring,--+--+,z,-0.002,,-2.668994086825419e-21,-8167581.884232365,6074662.775843834,5135586.9737527445,3042667.8653642135,-4.340276519499165,4.340276519499165
position,reversed_position_restoring,--+--+,z,-0.0019500000000000001,,-2.5978795688382587e-21,-8306039.15414856,5898501.449739689,5011106.344855777,2603568.640446906,-4.214411282934252,4.214411282934252
position,reversed_position_restoring,--+--+,z,-0.0019,,-2.5240041373679074e-21,-8455850.858955005,5724325.182600316,4882708.236137202,2151182.559782513,-4.089964348114233,4.089964348114233
position,reversed_position_restoring,--+--+,z,-0.00185,,-2.44737794152877e-21,-8617043.12529846,5552064.1115726475,4750348.96822556,1685369.9544997495,-3.9668857988360284,3.9668857988360284
position,reversed_position_restoring,--+--+,z,-0.0018,,-2.3679180050827575e-21,-8789579.57452707,5381650.047781135,4614017.306939801,1206087.7801938665,-3.8451269149341996,3.8451269149341996
position,reversed_position_restoring,--+--+,z,-0.00175,,-2.2854313912622135e-21,-8973356.248189004,5213016.404210675,4473736.9639340155,713397.1199556856,-3.7246401207541235,3.7246401207541235
position,reversed_position_restoring,--+--+,z,-0.0017000000000000001,,-2.1996108349677344e-21,-9168196.87277359,5046098.126280818,4329568.92945949,207470.18296671892,-3.6053789355480768,3.6053789355480768
position,reversed_position_restoring,--+--+,z,-0.00165,,-2.1100526424954115e-21,-9373848.552351823,4880831.624971054,4181613.592840008,-311403.33454076084,-3.4872979256940106,3.4872979256940106
position,reversed_position_restoring,--+--+,z,-0.0016,,-2.016304014354427e-21,-9589977.978235032,4717154.712363971,4030012.60602976,-842810.6598413019,-3.370352658641889,3.370352658641889
position,reversed_position_restoring,--+--+,z,-0.00155,,-1.9179390716621675e-21,-9816168.243713101,4555006.539479851,3874950.446156029,-1386211.2580772205,-3.254499658497222,3.254499658497222
position,reversed_position_restoring,--+--+,z,-0.0015,,-1.814651772785604e-21,-10051916.349261452,4394327.536282286,3716655.6342886523,-1940933.1786905124,-3.139696363155771,3.139696363155771
position,reversed_position_restoring,--+--+,z,-0.00145,,-1.7063447547776613e-21,-10296631.479252433,4235059.353740232,3555401.56985875,-2506170.5556534515,-3.02590108290755,3.02590108290755
position,reversed_position_restoring,--+--+,z,-0.0014,,-1.5931904981624181e-21,-10549634.125135431,4077144.807837547,3391506.9431882417,-3080982.3741096426,-2.913072960432292,2.913072960432292
position,reversed_position_restoring,--+--+,z,-0.00135,,-1.4756477852820047e-21,-10810156.12226074,3920527.825425953,3225335.692489585,-3664292.6043452015,-2.801171932112012,2.801171932112012
position,reversed_position_restoring,--+--+,z,-0.0013,,-1.3544373516559246e-21,-11077341.658050925,3765153.3918222645,3057296.476433711,-4254891.789794948,-2.690158690589828,2.690158690589828
position,reversed_position_restoring,--+--+,z,-0.00125,,-1.2305028561013835e-21,-11350249.298145596,3610967.500055239,2887841.638926064,-4851440.159164292,-2.5799946485074257,2.5799946485074257
position,reversed_position_restoring,--+--+,z,-0.0012000000000000001,,-1.1049725964336837e-21,-11627855.064575905,3457917.1016716184,2717465.649018067,-5452472.313886219,-2.47064190335654,2.47064190335654
position,reversed_position_restoring,--+--+,z,-0.00115,,-9.791185215031014e-22,-11909056.586117495,3305950.059014849,2546703.00583766,-6056403.521264986,-2.3620632033826503,2.3620632033826503
position,reversed_position_restoring,--+--+,z,-0.0010999999999999998,,-8.54313627874368e-22,-12192678.325917894,3155015.0988936606,2376125.605951404,-6661537.621072829,-2.254221914481714,2.254221914481714
position,reversed_position_restoring,--+--+,z,-0.0010500000000000002,,-7.3199142305399595e-22,-12477477.875523647,3005061.767561301,2206339.578558205,-7266076.529404142,-2.147081988033351,2.147081988033351
position,reversed_position_restoring,--+--+,z,-0.001,,-6.136060067811806e-22,-12762153.287804602,2856040.386929212,2037981.6022309032,-7868131.298644486,-2.0406079296160167,2.0406079296160167
position,reversed_position_restoring,--+--+,z,-0.0009499999999999999,,-5.005892253289122e-22,-13045351.404275335,2707902.011942276,1871714.725422611,-8465734.666910449,-1.9347647685521094,1.9347647685521094
position,reversed_position_restoring,--+--+,z,-0.0009,,-3.9430311185519643e-22,-13325677.115258075,2560598.3890452352,1708223.7214846273,-9056855.004728213,-1.8295180282327053,1.8295180282327053
position,reversed_position_restoring,--+--+,z,-0.0008500000000000001,,-2.9598873603822866e-22,-13601703.474543544,2414081.915672945,1548210.017338466,-9639411.541532133,-1.7248336971738112,1.7248336971738112
position,reversed_position_restoring,--+--+,z,-0.0007999999999999999,,-2.0671512344186455e-22,-13871982.574023364,2268305.600699244,1392386.2430377074,-10211290.730286412,-1.6206782007575384,1.6206782007575384
position,reversed_position_restoring,--+--+,z,-0.00075,,-1.2733341322114967e-22,-14135057.068527354,2123223.025781634,1241470.4570773821,-10770363.585668338,-1.5170183736133211,1.5170183736133211
position,reversed_position_restoring,--+--+,z,-0.0006999999999999999,,-5.844162959750623e-23,-14389472.227133667,1978788.3075412204,1096180.1092927598,-11314503.810299687,-1.4138214325959224,1.4138214325959224
position,reversed_position_restoring,--+--+,z,-0.00065,,-3.6436972779097934e-25,-14633788.374847189,1834956.0605190974,957225.8093774082,-11841606.504950684,-1.3110549503181954,1.3110549503181954
position,reversed_position_restoring,--+--+,z,-0.0006000000000000001,,4.6850330782667664e-23,-14866593.578057863,1691681.360852444,825304.9742937258,-12349607.242911693,-1.2086868291980746,1.2086868291980746
position,reversed_position_restoring,--+--+,z,-0.0005499999999999999,,8.341717266146278e-23,-15086516.418861585,1548919.710614992,701095.432015184,-12836501.276231406,-1.1066852759802512,1.1066852759802512
position,reversed_position_restoring,--+--+,z,-0.0005,,1.0978534430217102e-22,-15292238.697380856,1406627.0027684332,585249.0620137142,-13300362.63259871,-1.0050187766943572,1.0050187766943572
position,reversed_position_restoring,--+--+,z,-0.0004499999999999999,,1.2660005460567083e-22,-15482507.8978458,1264759.4866723674,478385.5545953308,-13739362.8565781,-0.9036560720122209,0.9036560720122209
position,reversed_position_restoring,--+--+,z,-0.00039999999999999996,,1.3465881921606106e-22,-15656149.253524058,1123273.7341019872,381086.37152457854,-14151789.147897493,-0.8025661329678948,0.8025661329678948
position,reversed_position_restoring,--+--+,z,-0.00035000000000000005,,1.348673495191728e-22,-15812077.247702753,982126.6057237363,293888.9893224504,-14536061.652656566,-0.7017181370048995,0.7017181370048995
position,reversed_position_restoring,--+--+,z,-0.0002999999999999999,,1.281990939608244e-22,-15949306.392851634,841275.217980085,217281.50416069382,-14890749.670710852,-0.601081444315778,0.601081444315778
position,reversed_position_restoring,--+--+,z,-0.00025,,1.1566130555032908e-22,-16066961.137799608,700676.9103358922,151697.67342538462,-15214586.554038333,-0.5006255744399984,0.5006255744399984
position,reversed_position_restoring,--+--+,z,-0.00019999999999999987,,9.826924505549713e-23,-16164284.76314334,560289.212839188,97512.4638305517,-15506483.0864736,-0.40032018308650796,0.40032018308650796
position,reversed_position_restoring,--+--+,z,-0.00014999999999999996,,7.702898554178618e-23,-16240647.13802407,420069.8139502334,55038.16950543111,-15765539.154568408,-0.30013503914796597,0.30013503914796597
position,reversed_position_restoring,--+--+,z,-0.00010000000000000005,,5.292837268765153e-23,-16295551.22664896,279976.5285932679,24521.155859957908,-15991053.542195735,-0.20004000187408702,0.20004000187408702
position,reversed_position_restoring,--+--+,z,-4.9999999999999914e-05,,2.6935044924826704e-23,-16328638.25023623,139967.26638566868,6139.276383033791,-16182531.707467528,-0.10000499817174047,0.10000499817174047
position,reversed_position_restoring,--+--+,z,0.0,,-1.503898085083264e-36,-16339691.429122167,0.0,4.331163404506403e-09,-16339691.429122163,0.0,0.0
position,reversed_position_restoring,--+--+,z,5.000000000000013e-05,,-2.6935044924826704e-23,-16328638.25023623,139967.26638566868,6139.276383033791,-16182531.707467528,0.10000499817174047,0.10000499817174047
position,reversed_position_restoring,--+--+,z,0.00010000000000000026,,-5.2928372687653793e-23,-16295551.226648962,279976.5285932722,24521.15585995845,-15991053.54219573,0.20004000187409016,0.20004000187409016
position,reversed_position_restoring,--+--+,z,0.00014999999999999996,,-7.702898554178618e-23,-16240647.13802407,420069.8139502334,55038.16950543111,-15765539.154568408,0.30013503914796597,0.30013503914796597
position,reversed_position_restoring,--+--+,z,0.0002000000000000001,,-9.826924505549713e-23,-16164284.76314334,560289.212839188,97512.4638305517,-15506483.0864736,0.40032018308650796,0.40032018308650796
position,reversed_position_restoring,--+--+,z,0.0002500000000000002,,-1.1566130555032908e-22,-16066961.137799608,700676.9103358922,151697.67342538462,-15214586.554038333,0.5006255744399984,0.5006255744399984
position,reversed_position_restoring,--+--+,z,0.0002999999999999999,,-1.281990939608244e-22,-15949306.392851634,841275.217980085,217281.50416069382,-14890749.670710852,0.601081444315778,0.601081444315778
position,reversed_position_restoring,--+--+,z,0.00035000000000000005,,-1.348673495191728e-22,-15812077.247702753,982126.6057237363,293888.9893224504,-14536061.652656566,0.7017181370048995,0.7017181370048995
position,reversed_position_restoring,--+--+,z,0.0004000000000000002,,-1.346588192160603e-22,-15656149.253524056,1123273.7341019872,381086.37152457965,-14151789.147897488,0.8025661329678948,0.8025661329678948
position,reversed_position_restoring,--+--+,z,0.0004499999999999999,,-1.2660005460567234e-22,-15482507.897845797,1264759.4866723674,478385.5545953308,-13739362.856578099,0.9036560720122209,0.9036560720122209
position,reversed_position_restoring,--+--+,z,0.0005,,-1.0978534430217102e-22,-15292238.697380854,1406627.0027684332,585249.0620137142,-13300362.632598706,1.0050187766943572,1.0050187766943572
position,reversed_position_restoring,--+--+,z,0.0005500000000000001,,-8.341717266146278e-23,-15086516.418861585,1548919.710614992,701095.432015184,-12836501.276231406,1.1066852759802512,1.1066852759802512
position,reversed_position_restoring,--+--+,z,0.0006000000000000003,,-4.6850330782667664e-23,-14866593.578057863,1691681.360852444,825304.9742937258,-12349607.242911693,1.2086868291980746,1.2086868291980746
position,reversed_position_restoring,--+--+,z,0.00065,,3.6436972779097934e-25,-14633788.374847189,1834956.0605190974,957225.8093774082,-11841606.504950684,1.3110549503181954,1.3110549503181954
position,reversed_position_restoring,--+--+,z,0.0007000000000000001,,5.844162959750549e-23,-14389472.227133667,1978788.3075412246,1096180.1092927607,-11314503.810299681,1.4138214325959253,1.4138214325959253
position,reversed_position_restoring,--+--+,z,0.0007500000000000002,,1.2733341322114892e-22,-14135057.068527354,2123223.025781634,1241470.4570773833,-10770363.585668337,1.5170183736133211,1.5170183736133211
position,reversed_position_restoring,--+--+,z,0.0007999999999999999,,2.0671512344186457e-22,-13871982.574023364,2268305.600699244,1392386.2430377074,-10211290.730286412,1.6206782007575384,1.6206782007575384
position,reversed_position_restoring,--+--+,z,0.0008500000000000001,,2.9598873603822866e-22,-13601703.474543547,2414081.915672945,1548210.017338466,-9639411.541532136,1.7248336971738112,1.7248336971738112
position,reversed_position_restoring,--+--+,z,0.0009000000000000002,,3.9430311185519643e-22,-13325677.115258075,2560598.3890452352,1708223.7214846278,-9056855.004728213,1.8295180282327053,1.8295180282327053
position,reversed_position_restoring,--+--+,z,0.0009499999999999999,,5.005892253289122e-22,-13045351.404275335,2707902.011942276,1871714.725422611,-8465734.666910449,1.9347647685521094,1.9347647685521094
position,reversed_position_restoring,--+--+,z,0.001,,6.136060067811806e-22,-12762153.287804602,2856040.386929212,2037981.6022309032,-7868131.298644486,2.0406079296160167,2.0406079296160167
position,reversed_position_restoring,--+--+,z,0.0010500000000000002,,7.3199142305399595e-22,-12477477.875523647,3005061.767561301,2206339.578558205,-7266076.529404142,2.147081988033351,2.147081988033351
position,reversed_position_restoring,--+--+,z,0.0011000000000000003,,8.543136278743687e-22,-12192678.325917892,3155015.0988936606,2376125.605951405,-6661537.621072826,2.254221914481714,2.254221914481714
position,reversed_position_restoring,--+--+,z,0.00115,,9.791185215031014e-22,-11909056.586117495,3305950.059014849,2546703.00583766,-6056403.521264986,2.3620632033826503,2.3620632033826503
position,reversed_position_restoring,--+--+,z,0.0012000000000000001,,1.1049725964336837e-21,-11627855.064575905,3457917.1016716184,2717465.649018067,-5452472.313886219,2.47064190335654,2.47064190335654
position,reversed_position_restoring,--+--+,z,0.0012500000000000002,,1.2305028561013828e-21,-11350249.298145596,3610967.500055239,2887841.638926064,-4851440.159164292,2.5799946485074257,2.5799946485074257
position,reversed_position_restoring,--+--+,z,0.0013,,1.3544373516559246e-21,-11077341.658050925,3765153.3918222645,3057296.476433711,-4254891.789794948,2.690158690589828,2.690158690589828
position,reversed_position_restoring,--+--+,z,0.00135,,1.4756477852820047e-21,-10810156.12226074,3920527.825425953,3225335.692489585,-3664292.6043452015,2.801171932112012,2.801171932112012
position,reversed_position_restoring,--+--+,z,0.0014000000000000002,,1.5931904981624219e-21,-10549634.12513543,4077144.807837547,3391506.9431882426,-3080982.3741096393,2.913072960432292,2.913072960432292
position,reversed_position_restoring,--+--+,z,0.0014500000000000003,,1.706344754777662e-21,-10296631.47925243,4235059.353740232,3555401.5698587513,-2506170.5556534454,3.02590108290755,3.02590108290755
position,reversed_position_restoring,--+--+,z,0.0015,,1.814651772785604e-21,-10051916.349261452,4394327.536282286,3716655.6342886523,-1940933.1786905124,3.139696363155771,3.139696363155771
position,reversed_position_restoring,--+--+,z,0.0015500000000000002,,1.9179390716621705e-21,-9816168.243713101,4555006.539479861,3874950.446156032,-1386211.258077208,3.254499658497229,3.254499658497229
position,reversed_position_restoring,--+--+,z,0.0016000000000000003,,2.01630401435443e-21,-9589977.97823503,4717154.712363971,4030012.606029761,-842810.6598412975,3.370352658641889,3.370352658641889
position,reversed_position_restoring,--+--+,z,0.00165,,2.1100526424954115e-21,-9373848.552351823,4880831.624971054,4181613.592840008,-311403.33454076084,3.4872979256940106,3.4872979256940106
position,reversed_position_restoring,--+--+,z,0.0017000000000000001,,2.1996108349677344e-21,-9168196.87277359,5046098.126280818,4329568.92945949,207470.18296671892,3.6053789355480768,3.6053789355480768
position,reversed_position_restoring,--+--+,z,0.0017500000000000003,,2.2854313912622135e-21,-8973356.248189004,5213016.404210675,4473736.9639340155,713397.1199556862,3.7246401207541235,3.7246401207541235
position,reversed_position_restoring,--+--+,z,0.0018,,2.3679180050827575e-21,-8789579.57452707,5381650.047781135,4614017.306939801,1206087.7801938665,3.8451269149341996,3.8451269149341996
position,reversed_position_restoring,--+--+,z,0.00185,,2.44737794152877e-21,-8617043.12529846,5552064.1115726475,4750348.968225561,1685369.95449975,3.9668857988360284,3.9668857988360284
position,reversed_position_restoring,--+--+,z,0.0019000000000000002,,2.5240041373679066e-21,-8455850.858955005,5724325.182600316,4882708.236137204,2151182.5597825143,4.089964348114233,4.089964348114233
position,reversed_position_restoring,--+--+,z,0.0019500000000000003,,2.5978795688382587e-21,-8306039.154148559,5898501.449739689,5011106.344855777,2603568.6404469074,4.214411282934252,4.214411282934252
position,reversed_position_restoring,--+--+,z,0.002,,2.668994086825419e-21,-8167581.884232365,6074662.775843834,5135586.9737527445,3042667.8653642135,4.340276519499165,4.340276519499165
velocity,reversed_position_restoring,--+--+,z,,-0.5,-2.131396879934863e-22,,,,,,
velocity,reversed_position_restoring,--+--+,z,,-0.4875,-2.0796461971447921e-22,,,,,,
velocity,reversed_position_restoring,--+--+,z,,-0.475,-2.0277809615495685e-22,,,,,,
velocity,reversed_position_restoring,--+--+,z,,-0.4625,-1.9758038589277595e-22,,,,,,
velocity,reversed_position_restoring,--+--+,z,,-0.45,-1.923717596396642e-22,,,,,,
velocity,reversed_position_restoring,--+--+,z,,-0.4375,-1.8715248975889228e-22,,,,,,
velocity,reversed_position_restoring,--+--+,z,,-0.425,-1.819228503952214e-22,,,,,,
velocity,reversed_position_restoring,--+--+,z,,-0.4125,-1.7668311778258114e-22,,,,,,
velocity,reversed_position_restoring,--+--+,z,,-0.4,-1.7143356949292156e-22,,,,,,
velocity,reversed_position_restoring,--+--+,z,,-0.3875,-1.6617448499169015e-22,,,,,,
velocity,reversed_position_restoring,--+--+,z,,-0.375,-1.609061454305224e-22,,,,,,
velocity,reversed_position_restoring,--+--+,z,,-0.3625,-1.5562883322670577e-22,,,,,,
velocity,reversed_position_restoring,--+--+,z,,-0.35,-1.503428327125834e-22,,,,,,
velocity,reversed_position_restoring,--+--+,z,,-0.3375,-1.4504842944753347e-22,,,,,,
velocity,reversed_position_restoring,--+--+,z,,-0.32499999999999996,-1.3974591065269988e-22,,,,,,
velocity,reversed_position_restoring,--+--+,z,,-0.3125,-1.3443556472780697e-22,,,,,,
velocity,reversed_position_restoring,--+--+,z,,-0.3,-1.2911768158993356e-22,,,,,,
velocity,reversed_position_restoring,--+--+,z,,-0.2875,-1.2379255245117527e-22,,,,,,
velocity,reversed_position_restoring,--+--+,z,,-0.275,-1.1846046963357368e-22,,,,,,
velocity,reversed_position_restoring,--+--+,z,,-0.26249999999999996,-1.1312172686167396e-22,,,,,,
velocity,reversed_position_restoring,--+--+,z,,-0.25,-1.0777661881458764e-22,,,,,,
velocity,reversed_position_restoring,--+--+,z,,-0.2375,-1.0242544150001415e-22,,,,,,
velocity,reversed_position_restoring,--+--+,z,,-0.22499999999999998,-9.70684916946637e-23,,,,,,
velocity,reversed_position_restoring,--+--+,z,,-0.21249999999999997,-9.170606740928529e-23,,,,,,
velocity,reversed_position_restoring,--+--+,z,,-0.19999999999999996,-8.633847925478544e-23,,,,,,
velocity,reversed_position_restoring,--+--+,z,,-0.1875,-8.096602273530585e-23,,,,,,
velocity,reversed_position_restoring,--+--+,z,,-0.175,-7.558899036226995e-23,,,,,,
velocity,reversed_position_restoring,--+--+,z,,-0.16249999999999998,-7.020768346598179e-23,,,,,,
velocity,reversed_position_restoring,--+--+,z,,-0.14999999999999997,-6.482240432736865e-23,,,,,,
velocity,reversed_position_restoring,--+--+,z,,-0.13749999999999996,-5.943345568000924e-23,,,,,,
velocity,reversed_position_restoring,--+--+,z,,-0.125,-5.404114116635781e-23,,,,,,
velocity,reversed_position_restoring,--+--+,z,,-0.11249999999999999,-4.8645764948578334e-23,,,,,,
velocity,reversed_position_restoring,--+--+,z,,-0.09999999999999998,-4.324763152950184e-23,,,,,,
velocity,reversed_position_restoring,--+--+,z,,-0.08749999999999997,-3.7847046197942374e-23,,,,,,
velocity,reversed_position_restoring,--+--+,z,,-0.07499999999999996,-3.2444314305078033e-23,,,,,,
velocity,reversed_position_restoring,--+--+,z,,-0.0625,-2.7039741940151714e-23,,,,,,
velocity,reversed_position_restoring,--+--+,z,,-0.04999999999999999,-2.1633635388796953e-23,,,,,,
velocity,reversed_position_restoring,--+--+,z,,-0.03749999999999998,-1.6226301077461993e-23,,,,,,
velocity,reversed_position_restoring,--+--+,z,,-0.024999999999999967,-1.0818045817539023e-23,,,,,,
velocity,reversed_position_restoring,--+--+,z,,-0.012499999999999956,-5.409176427710072e-24,,,,,,
velocity,reversed_position_restoring,--+--+,z,,0.0,-1.503898085083264e-36,,,,,,
velocity,reversed_position_restoring,--+--+,z,,0.012500000000000067,5.409176427708571e-24,,,,,,
velocity,reversed_position_restoring,--+--+,z,,0.025000000000000022,1.0818045817539018e-23,,,,,,
velocity,reversed_position_restoring,--+--+,z,,0.03749999999999998,1.6226301077461993e-23,,,,,,
velocity,reversed_position_restoring,--+--+,z,,0.050000000000000044,2.1633635388796956e-23,,,,,,
velocity,reversed_position_restoring,--+--+,z,,0.0625,2.703974194015171e-23,,,,,,
velocity,reversed_position_restoring,--+--+,z,,0.07500000000000007,3.2444314305078033e-23,,,,,,
velocity,reversed_position_restoring,--+--+,z,,0.08750000000000002,3.7847046197942374e-23,,,,,,
velocity,reversed_position_restoring,--+--+,z,,0.10000000000000009,4.324763152950184e-23,,,,,,
velocity,reversed_position_restoring,--+--+,z,,0.11250000000000004,4.8645764948578334e-23,,,,,,
velocity,reversed_position_restoring,--+--+,z,,0.125,5.404114116635707e-23,,,,,,
velocity,reversed_position_restoring,--+--+,z,,0.13750000000000007,5.943345568000924e-23,,,,,,
velocity,reversed_position_restoring,--+--+,z,,0.15000000000000002,6.482240432736865e-23,,,,,,
velocity,reversed_position_restoring,--+--+,z,,0.1625000000000001,7.020768346598177e-23,,,,,,
velocity,reversed_position_restoring,--+--+,z,,0.17500000000000004,7.558899036226996e-23,,,,,,
velocity,reversed_position_restoring,--+--+,z,,0.1875,8.096602273530812e-23,,,,,,
velocity,reversed_position_restoring,--+--+,z,,0.20000000000000007,8.633847925478545e-23,,,,,,
velocity,reversed_position_restoring,--+--+,z,,0.21250000000000002,9.170606740928529e-23,,,,,,
velocity,reversed_position_restoring,--+--+,z,,0.2250000000000001,9.706849169466445e-23,,,,,,
velocity,reversed_position_restoring,--+--+,z,,0.23750000000000004,1.0242544150001412e-22,,,,,,
velocity,reversed_position_restoring,--+--+,z,,0.25,1.0777661881458764e-22,,,,,,
velocity,reversed_position_restoring,--+--+,z,,0.26250000000000007,1.1312172686167396e-22,,,,,,
velocity,reversed_position_restoring,--+--+,z,,0.275,1.1846046963357368e-22,,,,,,
velocity,reversed_position_restoring,--+--+,z,,0.2875000000000001,1.2379255245117527e-22,,,,,,
velocity,reversed_position_restoring,--+--+,z,,0.30000000000000004,1.291176815899343e-22,,,,,,
velocity,reversed_position_restoring,--+--+,z,,0.3125,1.3443556472780697e-22,,,,,,
velocity,reversed_position_restoring,--+--+,z,,0.32500000000000007,1.3974591065269988e-22,,,,,,
velocity,reversed_position_restoring,--+--+,z,,0.3375,1.4504842944753347e-22,,,,,,
velocity,reversed_position_restoring,--+--+,z,,0.3500000000000001,1.503428327125834e-22,,,,,,
velocity,reversed_position_restoring,--+--+,z,,0.36250000000000004,1.5562883322670654e-22,,,,,,
velocity,reversed_position_restoring,--+--+,z,,0.375,1.609061454305224e-22,,,,,,
velocity,reversed_position_restoring,--+--+,z,,0.38750000000000007,1.6617448499169015e-22,,,,,,
velocity,reversed_position_restoring,--+--+,z,,0.4,1.7143356949292156e-22,,,,,,
velocity,reversed_position_restoring,--+--+,z,,0.4125000000000001,1.7668311778258114e-22,,,,,,
velocity,reversed_position_restoring,--+--+,z,,0.42500000000000004,1.819228503952214e-22,,,,,,
velocity,reversed_position_restoring,--+--+,z,,0.4375,1.8715248975889228e-22,,,,,,
velocity,reversed_position_restoring,--+--+,z,,0.45000000000000007,1.923717596396642e-22,,,,,,
velocity,reversed_position_restoring,--+--+,z,,0.4625,1.9758038589277595e-22,,,,,,
velocity,reversed_position_restoring,--+--+,z,,0.4750000000000001,2.0277809615495685e-22,,,,,,
velocity,reversed_position_restoring,--+--+,z,,0.48750000000000004,2.0796461971447921e-22,,,,,,
velocity,reversed_position_restoring,--+--+,z,,0.5,2.131396879934863e-22,,,,,,
