time_s,x_m,y_m,z_m,vx_m_per_s,vy_m_per_s,vz_m_per_s,fx_n,fy_n,fz_n,kernel_ground_weighted_absorption_rate_per_s,beff_x_t,beff_y_t,beff_z_t,quantization_x,quantization_y,quantization_z,reference_scalar_shift_hz,reference_vector_shift_hz,reference_tensor_shift_hz,reference_total_shift_hz,trap_component_00_atom_frame_frequency_hz,trap_component_00_atom_frame_wavelength_nm,trap_component_01_atom_frame_frequency_hz,trap_component_01_atom_frame_wavelength_nm,trap_component_02_atom_frame_frequency_hz,trap_component_02_atom_frame_wavelength_nm,trap_component_03_atom_frame_frequency_hz,trap_component_03_atom_frame_wavelength_nm,trap_component_04_atom_frame_frequency_hz,trap_component_04_atom_frame_wavelength_nm,trap_component_05_atom_frame_frequency_hz,trap_component_05_atom_frame_wavelength_nm
0.0,0.0008,-0.0007,0.0009,-0.15,0.1,-0.05,1.115951414673749e-22,-1.1415861921014622e-22,-3.8715108785832154e-22,56439020.25869821,4.125144940464179e-05,-2.9139484983010447e-05,-5.7917533889495806e-05,0.5368101460640282,-0.37919567471489246,-0.7536879376507456,-9481790.4336366,1075531.8388262677,140665.94958749754,-8265592.645222835,196036460216180.9,1529.2688802348362,196036460020008.75,1529.2688817651635,196036460052704.1,1529.2688815101094,196036460183485.53,1529.268880489891,196036460150790.2,1529.2688807449454,196036460085399.47,1529.2688812550546
4.9999999999999996e-06,0.0007992693317220971,-0.0006995197757955457,0.0008996826883186526,-0.14613365558060248,0.09604484089087056,-0.06346233626948955,1.0151606472371902e-22,-1.0241553733410242e-22,-3.5474131637744563e-22,56477439.38335207,4.1286811102223733e-05,-2.9198792936323363e-05,-5.8028078184525776e-05,0.5363992010416148,-0.37935139053594336,-0.7539021286747793,-9488448.665958282,1077278.5001397228,140963.07561090766,-8270207.090207651,196036460213652.66,1529.268880254559,196036460022536.97,1529.2688817454414,196036460055290.4,1529.2688814899336,196036460180899.22,1529.2688805100665,196036460159593.28,1529.2688806762728,196036460076596.34,1529.2688813237273
9.999999999999999e-06,0.0007985562491591796,-0.0006990572931224888,0.0008993036793284766,-0.14261651258349003,0.09249653461136223,-0.07580179803520272,9.234661085246095e-23,-9.18798075576978e-23,-3.249325385721043e-22,56516891.56329339,4.1327781232678543e-05,-2.926236755922355e-05,-5.813114156242662e-05,0.5360692670620235,-0.37956685459728506,-0.7540283441640031,-9495250.485331118,1079011.2050262073,141133.95264211055,-8275105.3276628,196036460211352.78,1529.2688802725002,196036460024836.84,1529.2688817275,196036460057610.66,1529.2688814718333,196036460178578.97,1529.2688805281666,196036460167662.16,1529.2688806133283,196036460068527.47,1529.268881386672
1.4999999999999999e-05,0.0007978591638788869,-0.0006986107268673215,0.000898868136829625,-0.13941705605854743,0.0893132510334667,-0.08710849977031512,8.400615222744826e-23,-8.242796032428411e-23,-2.975109063953536e-22,56557285.98394599,4.137390400109915e-05,-2.9329853030121427e-05,-5.822736892541834e-05,0.5358133364563341,-0.3798366818230589,-0.7540743753882502,-9502185.92430804,1080731.370324382,141189.12495766356,-8280265.429025993,196036460209260.66,1529.2688802888208,196036460026929.0,1529.2688817111793,196036460059692.25,1529.2688814555952,196036460176497.4,1529.268880544405,196036460175055.7,1529.2688805556515,196036460061133.94,1529.2688814443486
1.9999999999999998e-05,0.0007971766310564157,-0.0006981784396784384,0.0008983808110949657,-0.13650656449422957,0.08645743777662086,-0.09746514693187472,7.64210186181159e-23,-7.39490916147711e-23,-2.7228129532403447e-22,56598540.539815016,4.142475751689221e-05,-2.940092188153241e-05,-5.8317349612808e-05,0.5356249543575272,-0.3801559353592678,-0.7540473281436763,-9509245.538276413,1082440.2855292473,141138.44345449095,-8285666.809292675,196036460207357.44,1529.2688803036676,196036460028832.2,1529.2688816963328,196036460061559.66,1529.2688814410276,196036460174629.94,1529.2688805589728,196036460181828.0,1529.2688805028213,196036460054361.66,1529.2688814971787
2.4999999999999998e-05,0.0007965073367125635,-0.0006977589627541387,0.0008978460726716696,-0.1338588687704403,0.08389538485993654,-0.10694768465921953,6.95239333294252e-23,-6.63435980213438e-23,-2.490654706245647e-22,56640580.78699002,4.1479951265810935e-05,-2.9475272658890086e-05,-5.840162204551194e-05,0.5354981779674031,-0.3805200903632132,-0.753953687054824,-9516420.388475122,1084139.1168504169,140991.08880735838,-8291290.182817347,196036460205626.1,1529.2688803171736,196036460030563.53,1529.2688816828265,196036460063235.0,1529.2688814279584,196036460172954.6,1529.268880572042,196036460188028.7,1529.26888045445,196036460048160.94,1529.2688815455501
2.9999999999999997e-05,0.0007958500860593286,-0.0006973509785882422,0.000897267943256967,-0.1314501306470035,0.08159683317928326,-0.1156258829405254,6.325348799670917e-23,-5.952203670613569e-23,-2.27700462121344e-22,56683339.05052263,4.153912382528006e-05,-2.9552627773940742e-05,-5.8480678120446774e-05,0.5354275382633723,-0.38092499988131795,-0.7537993736629415,-9523702.024403239,1085828.9141566495,140755.59900091917,-8297117.511245669,196036460204051.0,1529.268880329461,196036460032138.62,1529.2688816705393,196036460064738.06,1529.268881416233,196036460171451.6,1529.268880583767,196036460193703.4,1529.268880410182,196036460042486.2,1529.2688815898184
3.5e-05,0.0007952037928620862,-0.00069695330547583,0.0008966501239296105,-0.12925863944848207,0.07953462248243834,-0.123563865471301,5.755365526863196e-23,-5.340409801444383e-23,-2.0803711797338837e-22,56726753.66178939,4.160194070247233e-05,-2.9632731541515942e-05,-5.855496711941369e-05,0.5354080044438034,-0.381366863972265,-0.7535897981272466,-9531082.46607442,1087510.6168837391,140439.89898930895,-8303131.950201372,196036460202617.97,1529.26888034064,196036460033571.66,1529.2688816593602,196036460066086.56,1529.2688814057133,196036460170103.06,1529.2688805942869,196036460198894.12,1529.2688803696892,196036460037295.53,1529.2688816303105
3.9999999999999996e-05,0.0007945674697339228,-0.0006965648836011338,0.0008959960209875766,-0.1272646256326668,0.07768437493925594,-0.13082058840677988,5.23733369600608e-23,-4.7917680293422696e-23,-1.8993881732703344e-22,56770768.297083035,4.166809238201199e-05,-2.971534837631232e-05,-5.8624899411077265e-05,0.5354349506384218,-0.3818422006269449,-0.7533299061202885,-9538554.184947915,1089185.0619779371,140051.331916082,-8309317.791053897,196036460201314.06,1529.2688803508117,196036460034875.56,1529.2688816491884,196036460067296.44,1529.2688813962752,196036460168893.2,1529.268880603725,196036460203639.34,1529.2688803326723,196036460032550.28,1529.2688816673278
4.4999999999999996e-05,0.0007939402192838536,-0.0006961847625473047,0.0008953087696150134,-0.1254500900138383,0.07602421076582629,-0.13745027451265746,4.766594736262849e-23,-4.29980559197204e-23,-1.7328031907367839e-22,56815331.42628752,4.173729245754579e-05,-2.9800261263155352e-05,-5.869084973797342e-05,0.5355041246057364,-0.38234782088417735,-0.7530242203245292,-9546110.087853795,1090852.9910173188,139596.69137824955,-8315660.405458226,196036460200127.53,1529.2688803600677,196036460036062.1,1529.2688816399325,196036460068382.03,1529.2688813878067,196036460167807.56,1529.2688806121937,196036460207974.56,1529.2688802988534,196036460028215.06,1529.2688817011467
4.9999999999999996e-05,0.00079332122604674,-0.0006958120900835917,0.0008945912555778649,-0.12379864742272269,0.0745344927425846,-0.14350280742969093,4.3389026823246005e-23,-3.858712246107582e-23,-1.5794673360654297e-22,56860395.80875839,4.1809276017832416e-05,-2.9887270169545566e-05,-5.8753160373187466e-05,0.5356116194464358,-0.38288080304274485,-0.7526768787303814,-9553743.496225363,1092515.0587529915,139082.25376689207,-8322146.183705479,196036460199047.66,1529.2688803684919,196036460037142.0,1529.268881631508,196036460069356.16,1529.2688813802074,196036460166833.44,1529.268880619793,196036460211932.3,1529.2688802679793,196036460024257.28,1529.268881732021
5.4999999999999995e-05,0.0007927097491279676,-0.0006954461021002077,0.0008938461351262969,-0.12229538375447249,0.07319759667680377,-0.14902409031360764,3.950388809708635e-23,-3.4632727477747534e-23,-1.4383259778024208e-22,56905918.06688416,4.188379794987199e-05,-2.9976190716146305e-05,-5.8812143764522766e-05,0.5357538464471734,-0.38343847177446616,-0.7522916684241029,-9561448.127759753,1094171.8379729162,138513.8100352536,-8328762.479751582,196036460198064.66,1529.26888037616,196036460038124.97,1529.2688816238401,196036460070230.38,1529.2688813733878,196036460165959.25,1529.2688806266124,196036460215542.75,1529.2688802398145,196036460020646.88,1529.2688817601859
5.9999999999999995e-05,0.0007921051155016218,-0.000695086113573917,0.0008930758532641673,-0.12092672526916265,0.07199770525813255,-0.15405637242590392,3.597528879321015e-23,-3.10880618683448e-23,-1.3084104665198753e-22,56951858.31969982,4.196063162688792e-05,-3.006685297476933e-05,-5.886808529350203e-05,0.5359275104760314,-0.3840183771755125,-0.7518720566070063,-9569218.079212777,1095823.8299274729,137896.69700032688,-8335497.552284977,196036460197169.7,1529.2688803831418,196036460039019.97,1529.2688816168584,196036460071015.0,1529.2688813672669,196036460165174.66,1529.268880632733,196036460218833.38,1529.2688802141445,196036460017356.25,1529.2688817858557
6.5e-05,0.0007915067139054178,-0.0006947315104592551,0.0008922826605290242,-0.11968031924079173,0.07092062293237826,-0.15863854702864766,3.277113216264983e-23,-2.7911114358217955e-23,-1.18883064302566e-22,56998179.84069303,4.2039567430440513e-05,-3.0159100271147187e-05,-5.8921245424302036e-05,0.5361295869952717,-0.38461827656226427,-0.7514212182807676,-9577047.805957682,1097471.4677398826,137235.82731152684,-8342340.5109062735,196036460196354.66,1529.2688803894998,196036460039835.0,1529.2688816105003,196036460071719.3,1529.2688813617726,196036460164470.3,1529.2688806382275,196036460221829.7,1529.2688801907702,196036460014359.9,1529.2688818092302
7e-05,0.0007909139892805537,-0.0006943817424108793,0.0008914686284124087,-0.11854492497283033,0.06995360967517825,-0.16280642332309578,2.986219197791426e-23,-2.506418162449731e-23,-1.0787681114178504e-22,57044848.78749902,4.212041156450623e-05,-3.0252788153317544e-05,-5.897186204478541e-05,0.5363573003373456,-0.3852361166210568,-0.750942062229545,-9584932.10750543,1099115.1254180707,136535.71917716227,-8349281.262910197,196036460195612.2,1529.2688803952915,196036460040577.4,1529.268881604709,196036460072351.62,1529.26888135684,196036460163838.0,1529.2688806431602,196036460224555.12,1529.2688801695094,196036460011634.5,1529.2688818304907
7.5e-05,0.0007903264377088255,-0.0006940363162521895,0.0008906356635369985,-0.11751031434564149,0.06908523173796338,-0.16659297508202098,2.7221859183524135e-23,-2.251342671690316e-23,-9.774701237202162e-23,57091833.927516386,4.220298492191603e-05,-3.034778347774497e-05,-5.902015227787368e-05,0.5366081049147989,-0.38587001868440435,-0.7504372528201446,-9592866.106845738,1100755.1227174262,135800.52309103066,-8356310.461037282,196036460194935.66,1529.2688804005693,196036460041253.97,1529.268881599431,196036460072919.47,1529.2688813524103,196036460163270.12,1529.26888064759,196036460227031.16,1529.268880150194,196036460009158.47,1529.2688818498061
7.999999999999999e-05,0.0007897436018031181,-0.0006936947901137247,0.0008897855206965253,-0.1165671811414902,0.06830522769294982,-0.17002856809464142,2.4825912387177108e-23,-2.022848426198246e-23,-8.842440660200534e-23,57139106.42148655,4.228712190566327e-05,-3.0443963435741782e-05,-5.906631432102037e-05,0.5368796660939185,-0.3865182634188106,-0.7499092319598349,-9600845.235745272,1102391.729950856,135034.049139355,-8363419.456655062,196036460194318.94,1529.26888040538,196036460041870.7,1529.26888159462,196036460073429.53,1529.2688813484313,196036460162760.1,1529.2688806515687,196036460229277.75,1529.2688801326685,196036460006911.9,1529.2688818673314
8.499999999999999e-05,0.0007891650665115123,-0.0006933567681729432,0.0008889198148539847,-0.11570705832115509,0.06760438815629265,-0.173141168508129,2.2652304813602258e-23,-1.8182103856072745e-23,-7.984524515375647e-23,57186639.60281344,4.237266954730322e-05,-3.054121482135151e-05,-5.911052913115424e-05,0.5371698439936893,-0.3871792779694542,-0.7493602374124527,-9608865.215034515,1104025.174946014,134239.7915206669,-8370600.2485678345,196036460193756.5,1529.2688804097677,196036460042433.12,1529.2688815902325,196036460073887.8,1529.2688813448563,196036460162301.84,1529.2688806551437,196036460231313.06,1529.268880116791,196036460004876.53,1529.2688818832094
8.999999999999999e-05,0.0007885904552981034,-0.0006930218959336117,0.0008880400321848745,-0.1149222426817738,0.06697444786630802,-0.17595653382202003,2.0680972606195796e-23,-1.6349831389711212e-23,-7.195083623043398e-23,57234408.81968614,4.24594864862425e-05,-3.063943325021357e-05,-5.915296188525123e-05,0.5374766773815521,-0.3878516238182605,-0.7487923204550281,-9616922.043198636,1105655.646521243,133420.95238684418,-8377845.444290549,196036460193243.3,1529.268880413771,196036460042946.3,1529.268881586229,196036460074299.72,1529.268881341643,196036460161889.88,1529.2688806583574,196036460233154.06,1529.2688801024296,196036460003035.56,1529.2688818975705
9.499999999999999e-05,0.0007880194266673219,-0.0006926898559895988,0.0008871475402444256,-0.11420572615630252,0.06640798880258451,-0.17849838808978677,1.8893656778583504e-23,-1.470972207641703e-23,-6.468713027946999e-23,57282391.25141402,4.254744217726459e-05,-3.0738522452259965e-05,-5.91937633050119e-05,0.5377983702161058,-0.3885339853992461,-0.7482073610856009,-9625011.977557521,1107283.2987865626,132580.46340628905,-8385148.215364669,196036460192774.75,1529.268880417426,196036460043414.88,1529.2688815825738,196036460074670.12,1529.2688813387535,196036460161519.5,1529.2688806612468,196036460234816.22,1529.2688800894632,196036460001373.44,1529.2688819105367
9.999999999999999e-05,0.0007874516710009135,-0.000692360364223361,0.0008862435973306515,-0.11355113328167236,0.06589835324754853,-0.1807885827548291,1.7273743055848608e-23,-1.3242082517554297e-23,-5.800434366809074e-23,57330565.759341516,4.263641602719091e-05,-3.0838393684692944e-05,-5.9233070995399176e-05,0.5381332772515224,-0.38922516020420383,-0.7476070830179098,-9633131.519290475,1108908.25580771,131721.00708773587,-8392502.256395029,196036460192346.75,1529.2688804207653,196036460043842.9,1529.2688815792349,196036460075003.4,1529.2688813361538,196036460161186.22,1529.2688806638464,196036460236313.78,1529.2688800777808,196036459999875.84,1529.2688819222194
0.00010499999999999999,0.0007868869076798343,-0.0006920331663944386,0.0008853293611084102,-0.11295266421583393,0.06543956578449472,-0.18284724444826364,1.5806114022795903e-23,-1.1929240200135948e-23,-5.185661305027404e-23,57378912.76617482,4.272629671321862e-05,-3.0938965107680745e-05,-5.9271010529713795e-05,0.5384798927572517,-0.38992404900025,-0.7469930663047613,-9641277.401579462,1110530.6148458957,130845.03595763583,-8399901.750775931,196036460191955.38,1529.268880423818,196036460044234.25,1529.2688815761821,196036460075303.4,1529.2688813338134,196036460160886.22,1529.2688806661868,196036460237659.97,1529.2688800672793,196036459998529.66,1529.268881932721
0.00010999999999999999,0.0007863248824654477,-0.0006917080350780304,0.0008844058965543509,-0.11240504287729866,0.06502626328163502,-0.1846929108118513,1.4477014869449004e-23,-1.0755335617936449e-23,-4.620168113707091e-23,57427414.11932324,4.281698147761691e-05,-3.1040161256882075e-05,-5.930769651189583e-05,0.5388368389715772,-0.39062964729472704,-0.7463667594564455,-9649446.573473556,1112150.4497522344,129954.79051798837,-8407341.333203332,196036460191597.3,1529.2688804266115,196036460044592.34,1529.2688815733886,196036460075573.66,1529.2688813317052,196036460160615.97,1529.2688806682952,196036460238866.84,1529.2688800578646,196036459997322.78,1529.2688819421357
0.00011499999999999999,0.0007857653651167673,-0.0006913847669176386,0.0008834741832771806,-0.11190346973608449,0.06465363207835532,-0.18634265543406925,1.3273931516320014e-23,-9.706136093215746e-24,-4.1000608143416856e-23,57476052.991973355,4.290837546203054e-05,-3.114191255926688e-05,-5.9343233494303364e-05,0.5392028556195387,-0.3913410377484388,-0.745729490274932,-9657636.189014278,1113767.8134090905,129052.31607626991,-8414816.059528917,196036460191269.3,1529.2688804291702,196036460044920.34,1529.26888157083,196036460075817.34,1529.2688813298041,196036460160372.28,1529.268880670196,196036460239945.62,1529.268880049449,196036459996244.0,1529.268881950551
0.00011999999999999999,0.0007852081472226316,-0.0006910631801595294,0.000882535122263236,-0.11144357882715462,0.06431735162183662,-0.18781220278891986,1.2185478308378088e-23,-8.768868690106817e-24,-3.6217508958536273e-23,57524813.76545949,4.300039115128612e-05,-3.124415484716262e-05,-5.9377716891934106e-05,0.5395767905194425,-0.39205738235291043,-0.7450824760221658,-9665843.59193263,1115382.7409584185,128139.4785302878,-8422321.372443926,196036460190968.56,1529.2688804315162,196036460045221.06,1529.2688815684837,196036460076037.22,1529.2688813280888,196036460160152.38,1529.2688806719116,196036460240906.56,1529.2688800419528,196036459995283.06,1529.2688819580474
0.000125,0.0007846530402293575,-0.0006907431124400665,0.0008815895420928925,-0.11102139865483,0.06401354389258762,-0.18911603406870017,1.1201297370043371e-23,-7.932070215138946e-24,-3.181931107489537e-23,57573681.95151571,4.309294777108004e-05,-3.134682896147594e-05,-5.9411233761913795e-05,0.5399575903083406,-0.3927779162326271,-0.7444268326627981,-9674066.306571689,1116995.251758547,127217.97879650009,-8429853.07601664,196036460190692.5,1529.2688804336697,196036460045497.12,1529.2688815663305,196036460076235.9,1529.268881326539,196036460159953.75,1529.268880673461,196036460241759.16,1529.268880035302,196036459994430.47,1529.2688819646983
0.00013000000000000002,0.0007840998736464366,-0.0006904244187999322,0.0008806382046697428,-0.1106333165841662,0.06373872802688493,-0.19026748462993645,1.0311964496546983e-23,-7.185452309819912e-24,-2.7775532349879523e-23,57622644.09787339,4.318597087950876e-05,-3.144988038311542e-05,-5.9443863503335127e-05,0.5403442932993394,-0.3935019415767402,-0.7437635825140764,-9682302.02477804,1118605.3521183634,126289.36599403841,-8437407.306665638,196036460190438.75,1529.2688804356492,196036460045750.88,1529.268881564351,196036460076415.6,1529.2688813251373,196036460159774.03,1529.268880674863,196036460242512.12,1529.268880029428,196036459993677.53,1529.268881970572
0.00013500000000000003,0.0007835484934139723,-0.000690106969901866,0.0008796818105010447,-0.11027604649283426,0.06348977961323879,-0.19127883373961163,9.508906091822483e-24,-6.5197814637502924e-24,-2.405807866446764e-23,57671687.713396594,4.327939181196657e-05,-3.155325880460382e-05,-5.947567858592972e-05,0.5407360211254666,-0.39422882127530273,-0.7430936629613284,-9690548.596118541,1120213.036875618,125355.05026137695,-8444980.508981548,196036460190205.12,1529.2688804374718,196036460045984.5,1529.2688815625283,196036460076578.38,1529.2688813238674,196036460159611.22,1529.2688806761332,196036460243173.4,1529.2688800242693,196036459993016.2,1529.2688819757311
0.00014000000000000004,0.0007829987604174684,-0.0006897906504311363,0.0008787210035644896,-0.10994659930078565,0.0632638941459451,-0.19216138731104057,8.78432244055378e-24,-5.926770163680211e-24,-2.0641055393964553e-23,57720801.203112185,4.3373147231996193e-05,-3.1656917845538684e-05,-5.950674505587098e-05,0.5411319721423115,-0.3949579746674765,-0.7424179328194717,-9698804.018810851,1121818.290219616,124416.31412057045,-8452569.414470665,196036460189989.7,1529.2688804391523,196036460046199.94,1529.2688815608478,196036460076726.1,1529.268881322715,196036460159463.53,1529.268880677285,196036460243750.56,1529.2688800197668,196036459992439.1,1529.268881980233
0.00014500000000000006,0.0007824505491366772,-0.0006894753576598868,0.0008777563757939499,-0.10964225615824703,0.06305855424990585,-0.19292555410792764,8.13111669164677e-24,-5.398979191589081e-24,-1.7500597039746856e-23,57769973.77362521,4.3467178794665274e-05,-3.176081476467787e-05,-5.9537123192615075e-05,0.5415314151432813,-0.39568887244484624,-0.7417371789496879,-9707066.425219517,1123421.08889401,123474.32282703533,-8460171.01349847,196036460189790.7,1529.2688804407048,196036460046398.94,1529.2688815592953,196036460076860.34,1529.2688813216678,196036460159329.25,1529.2688806783326,196036460244250.22,1529.2688800158692,196036459991939.4,1529.268881984131
0.00015000000000000007,0.0007819037464162063,-0.0006891610001584346,0.0008767884712137208,-0.10936054409416572,0.062871500290447,-0.19358091604581706,7.542832518515028e-24,-4.9297313145794824e-24,-1.461470709034594e-23,57819195.41195381,4.356143271727723e-05,-3.186491014862393e-05,-5.9566867907604446e-05,0.5419336836792062,-0.3964210325456452,-0.7410521219518439,-9715334.079853075,1125021.4018547453,122530.13429511248,-8467782.543703217,196036460189606.47,1529.2688804421418,196036460046583.16,1529.2688815578583,196036460076982.7,1529.2688813207133,196036460159206.94,1529.268880679287,196036460244678.75,1529.2688800125263,196036459991510.84,1529.2688819874743
0.00015500000000000008,0.0007813582503470839,-0.0006888474966385673,0.000875817789748994,-0.10909921382448785,0.06270070397345119,-0.1941362929453424,7.013595426138342e-24,-4.5130331003776595e-24,-1.1963114163345661e-23,57868456.80405106,4.365585946695281e-05,-3.196916760557828e-05,-5.959602930204268e-05,0.5423381706620598,-0.39715401525705685,-0.7403634221165494,-9723605.36639846,1126619.1924606187,121584.70855582,-8475401.46538202,196036460189435.56,1529.268880443475,196036460046754.06,1529.268881556525,196036460077094.38,1529.2688813198422,196036460159095.28,1529.2688806801577,196036460245041.94,1529.268880009693,196036459991147.7,1529.2688819903071
0.0001600000000000001,0.0007808139692491142,-0.0006885347749152959,0.0008748447907374874,-0.1088562195939219,0.06254434465428403,-0.19459980230134374,6.538060789936584e-24,-4.143503182555248e-24,-9.52713708127619e-24,57917749.2752225,4.375041337745307e-05,-3.207355366036586e-05,-5.96246530296992e-05,0.5427443228441614,-0.39788742136942373,-0.7396716838817229,-9731878.778480288,1128214.4191875746,120638.91514810648,-8483025.444144607,196036460189276.7,1529.2688804447143,196036460046912.94,1529.2688815552858,196036460077196.62,1529.2688813190446,196036460158993.03,1529.2688806809556,196036460245345.03,1529.2688800073286,196036459990844.6,1529.2688819926716
0.0001650000000000001,0.0007802708207450245,-0.0006882227709746355,0.0008738698961656005,-0.1086297008179567,0.06240078813205577,-0.19497891437738113,6.111365022388808e-24,-3.816311476945812e-24,-7.289561006146887e-24,57967064.769875124,4.3845052461710314e-05,-3.2178037378703644e-05,-5.965278070170412e-05,0.543151637582554,-0.3986208868537354,-0.7389774605191496,-9740152.916872248,1129807.036730215,119693.54150233147,-8490652.338639703,196036460189128.56,1529.26888044587,196036460047061.06,1529.2688815541303,196036460077290.5,1529.2688813183122,196036460158899.12,1529.268880681688,196036460245592.97,1529.2688800053945,196036459990596.7,1529.2688819946054
0.00017000000000000012,0.0007797287309179406,-0.0006879114281368865,0.0008728934936505565,-0.1084179654167688,0.06226856754980143,-0.1952805030087838,5.7290831949646905e-24,-3.527121171300732e-24,-5.234524134081965e-24,58016395.78148443,4.393973800463306e-05,-3.228259024951423e-05,-5.9680450224006735e-05,0.5435596573754391,-0.3993540811137156,-0.7382812585808441,-9748426.478083199,1131396.9961380153,118749.29966609756,-8498280.182279088,196036460188990.1,1529.26888044695,196036460047199.53,1529.26888155305,196036460077376.94,1529.2688813176378,196036460158812.7,1529.2688806823624,196036460245790.16,1529.268880003856,196036459990399.47,1529.268881996144
0.00017500000000000013,0.0007791876335448537,-0.0006876006963053641,0.0008719159391881561,-0.1082194746173679,0.06214636630449735,-0.19551089248010212,5.387188714265464e-24,-3.2720384926736628e-24,-3.347412649648682e-24,58065735.32241131,4.403443438945978e-05,-3.238718598794792e-05,-5.9707696156779564e-05,0.5439679665962288,-0.40008670373326993,-0.7375835415822474,-9756698.24948497,1132984.2464813737,117806.83291273001,-8505907.170090867,196036460188860.3,1529.2688804479626,196036460047329.3,1529.2688815520376,196036460077456.84,1529.2688813170146,196036460158732.78,1529.2688806829856,196036460245940.78,1529.2688800026813,196036459990248.84,1529.268881997319
0.00018000000000000015,0.0007786474693990896,-0.0006872905312918768,0.0008709375596843404,-0.10803282915280948,0.0620330026974455,-0.19567590076312966,5.082017090704354e-24,-3.047567046780587e-24,-1.6147625514416807e-24,58115076.88451165,4.4129108855282316e-05,-3.249180036797411e-05,-5.973454990194474e-05,0.5443761884411126,-0.40081848237436224,-0.7368847329436533,-9764967.102891656,1134568.7343551428,116866.72114527463,-8513531.647391237,196036460188738.25,1529.2688804489148,196036460047451.38,1529.2688815510853,196036460077531.0,1529.2688813164361,196036460158658.62,1529.2688806835642,196036460246048.72,1529.2688800018393,196036459990140.9,1529.268881998161
0.00018500000000000016,0.0007781081856155062,-0.0006869808942110437,0.0008699586552875727,-0.107856756716684,0.06192741616662414,-0.19578087935355692,4.81023405280823e-24,-2.850567909380932e-24,-2.4172971429491973e-26,58164414.403229915,4.4223731236301816e-05,-3.2596410987093896e-05,-5.976104014670187e-05,0.5447839806755539,-0.401549169119145,-0.7361852207013001,-9773231.988710294,1136150.405475472,115929.48735484564,-8521152.095879976,196036460188623.1,1529.2688804498132,196036460047566.5,1529.2688815501872,196036460077600.03,1529.2688813158975,196036460158589.6,1529.2688806841027,196036460246117.34,1529.2688800013038,196036459990072.28,1529.2688819986963
0.00019000000000000017,0.0007775697351128946,-0.0006866717509365351,0.0008689795015370504,-0.10769010052232353,0.06182865490171933,-0.19583075010447282,4.56880497237689e-24,-2.6782215709773056e-24,1.4357789156813719e-24,58213742.21819033,4.431827378233061e-05,-3.270099723430763e-05,-5.978719292707684e-05,0.5451910334637596,-0.4022785401126282,-0.735485358926723,-9781491.929165645,1137729.2040845226,114995.60148170874,-8528767.123599414,196036460188514.16,1529.268880450663,196036460047675.47,1529.2688815493373,196036460077664.6,1529.2688813153939,196036460158525.0,1529.2688806846068,196036460246149.94,1529.2688800010496,196036459990039.7,1529.2688819989507
0.00019500000000000019,0.000777032076068288,-0.000686363071612647,0.0008680003513414913,-0.10753180892130944,0.061735864777627006,-0.19583003911180116,4.354967626926448e-24,-2.5279964964227923e-24,2.7756128090175187e-24,58263055.05700895,4.441271102356703e-05,-3.2805540061662846e-05,-5.981303195427586e-05,0.5455970668407945,-0.4030063921176476,-0.7347854711186378,-9789746.015664311,1139305.0742794175,114065.4856010729,-8536375.455783822,196036460188410.66,1529.2688804514703,196036460047778.97,1529.2688815485299,196036460077725.28,1529.2688813149205,196036460158464.3,1529.26888068508,196036460246149.47,1529.2688800010533,196036459990040.12,1529.2688819989473
0.0002000000000000002,0.0007764951714384598,-0.0006860548302157608,0.0008670214368014705,-0.10738092596565722,0.06164827937724415,-0.19578290800416476,4.166208443703229e-24,-2.3976188469691986e-24,4.005014957635532e-24,58312347.992021784,4.450701950323311e-05,-3.291002189997427e-05,-5.9838578817108215e-05,0.546001827302447,-0.40373254139482845,-0.7340858530180662,-9797993.401400404,1140877.9598371994,113139.51819887442,-8543975.92336433,196036460188311.97,1529.2688804522402,196036460047877.62,1529.2688815477604,196036460077782.56,1529.2688813144737,196036460158407.1,1529.2688806855263,196036460246118.66,1529.2688800012938,196036459990070.94,1529.268881998707
0.0002050000000000002,0.0007759589885244945,-0.0006857470041604445,0.0008660429708873768,-0.10723658279305531,0.061565211063275206,-0.19569318281873965,4.000239489676633e-24,-2.285046167931879e-24,5.13290434473592e-24,58361616.42932138,4.46011776826343e-05,-3.301442656490706e-05,-5.986385311089351e-05,0.5464050863049628,-0.4044568223033844,-0.7333867741869327,-9806233.299429283,1142447.804524518,112218.03761350708,-8551567.457291257,196036460188217.6,1529.2688804529764,196036460047972.03,1529.2688815470237,196036460077836.88,1529.2688813140498,196036460158352.75,1529.2688806859503,196036460246060.03,1529.2688800017509,196036459990129.62,1529.268881998249
0.00021000000000000023,0.0007754234985754479,-0.0006854395739456362,0.0008650651489844564,-0.1070979898093125,0.061486042961660034,-0.1955643805840795,3.8549781598515006e-24,-2.188444010019921e-24,6.167490386814701e-24,58410856.056695476,4.46951657464318e-05,-3.311873906642851e-05,-5.9888872692312823e-05,0.5468066375735814,-0.4051790847433281,-0.7326884811378114,-9814464.97382322,1144014.5523714381,111301.34592227457,-8559149.075529506,196036460188126.97,1529.2688804536836,196036460048062.66,1529.2688815463168,196036460077888.62,1529.268881313646,196036460158300.97,1529.2688806863544,196036460245975.78,1529.2688800024082,196036459990213.84,1529.268881997592
0.00021500000000000024,0.0007748886764275752,-0.0006851325228368612,0.000864088150314937,-0.10696442957452756,0.06141022175498341,-0.1953997339038854,3.728528872436643e-24,-2.10616454940279e-24,7.116330798683414e-24,58460062.860440984,4.478896550484704e-05,-3.322294558967412e-05,-5.9913653725848574e-05,0.5472062958333863,-0.40589919387247975,-0.7319911981806718,-9822687.742381657,1145578.1474934756,110389.71186360453,-8566719.883024575,196036460188039.66,1529.2688804543645,196036460048150.0,1529.2688815456356,196036460077938.22,1529.2688813132593,196036460158251.38,1529.268880686741,196036460245868.1,1529.2688800032483,196036459990321.5,1529.2688819967523
0.00022000000000000025,0.0007743545001759579,-0.0006848258365807782,0.0008631121392472571,-0.10683525032345129,0.061337251216617296,-0.19520221353597436,3.6191655909954175e-24,-2.0367274372927067e-24,7.98638057855944e-24,58509233.07918974,4.488256029259197e-05,-3.3327033374554545e-05,-5.993821093269144e-05,0.5476038948129363,-0.40661702807268363,-0.7312951297985246,-9830900.96857127,1147138.5353773204,109483.37408978179,-8574279.059104167,196036460187955.16,1529.2688804550237,196036460048234.47,1529.2688815449765,196036460077985.94,1529.268881312887,196036460158203.7,1529.268880687113,196036460245738.94,1529.2688800042558,196036459990450.7,1529.2688819957443
0.00022500000000000026,0.000773820950875501,-0.0006845195031487364,0.0008621372665008866,-0.10670986009138897,0.06126668640835176,-0.19497454927410174,3.5253175039902516e-24,-1.97880210872114e-24,8.784039960863396e-24,58558363.17892299,4.497593474212081e-05,-3.34309906583841e-05,-5.9962557617654816e-05,0.5479992851144572,-0.40733247872457023,-0.7306004621475005,-9839104.057347057,1148695.6612663462,108582.54336175826,-8581825.852718953,196036460187873.16,1529.2688804556633,196036460048316.44,1529.268881544337,196036460078032.1,1529.268881312527,196036460158157.53,1529.2688806874733,196036460245590.1,1529.2688800054168,196036459990599.53,1529.2688819945834
0.00023000000000000028,0.0007732880122688198,-0.0006842135125062816,0.0008611636702550446,-0.10658772133625201,0.061198128490959076,-0.1947192491684029,3.445554233029397e-24,-1.9311939107716906e-24,9.515196700450441e-24,58607449.85855699,4.506907481143614e-05,-3.353480652552212e-05,-5.998670593843916e-05,0.5483923333502698,-0.40804544748086263,-0.7299073650216095,-9847296.45585808,1150249.472431499,107687.40587324997,-8589359.577553332,196036460187793.28,1529.2688804562863,196036460048396.3,1529.268881543714,196036460078076.94,1529.2688813121772,196036460158112.7,1529.268880687823,196036460245423.16,1529.2688800067192,196036459990766.47,1529.268881993281
0.0002350000000000003,0.0007727556705384544,-0.0006839078564062047,0.0008601914771686404,-0.10646834607308699,0.06113122001536142,-0.19443861728084844,3.37857331184019e-24,-1.8928288673895346e-24,1.0185267969274295e-23,58656490.0145805,4.516196761002508e-05,-3.3638470912795045e-05,-6.001066684068383e-05,0.548782920780144,-0.40875584689989836,-0.7292159923405144,-9855477.647326792,1151799.9163473626,106798.12457126503,-8596879.606408164,196036460187715.22,1529.2688804568954,196036460048474.4,1529.2688815431047,196036460078120.66,1529.2688813118361,196036460158068.97,1529.268880688164,196036460245239.62,1529.268880008151,196036459990950.0,1529.2688819918494
0.0002400000000000003,0.0007722239140812423,-0.0006836025282024966,0.0008592208033186947,-0.10635129144241046,0.06106564074163968,-0.1941347699891397,3.323189730329487e-24,-1.8627416860000697e-24,1.0799236036450101e-23,58705480.73563978,4.525460125885858e-05,-3.374197453771567e-05,-6.003445025568287e-05,0.549170941189228,-0.40946359925849557,-0.728526484237612,-9863647.15006368,1153346.9413633659,105914.84179441216,-8604385.366905902,196036460187638.72,1529.268880457492,196036460048550.94,1529.2688815425076,196036460078163.53,1529.2688813115017,196036460158026.1,1529.2688806884985,196036460245040.94,1529.2688800097008,196036459991148.7,1529.2688819902992
0.0002450000000000003,0.0007716927333030382,-0.0006832975226831287,0.0008582517550634226,-0.10623615564080197,0.06100110387356687,-0.1938096510544275,3.2783230430097044e-24,-1.8400648330455317e-24,1.136168284306921e-23,58754419.27115674,4.53469649578239e-05,-3.38453087972014e-05,-6.005806516720075e-05,0.5495563012620674,-0.41016863498939404,-0.7278389675018045,-9871804.511832554,1154890.4974464388,105037.68077001837,-8611876.333616097,196036460187563.4,1529.2688804580798,196036460048626.22,1529.2688815419206,196036460078205.75,1529.2688813111724,196036460157983.84,1529.268880688828,196036460244828.34,1529.2688800113592,196036459991361.28,1529.268881988641
0.00025000000000000033,0.0007711621204315475,-0.0006829928359197706,0.0008572844298359669,-0.10612257429814084,0.060937352671632555,-0.19346504549114543,3.2429907596623485e-24,-1.8240191528845506e-24,1.187682139651822e-23,58803303.056511484,4.543904875446355e-05,-3.3948465718439224e-05,-6.008151972421462e-05,0.5499389180701707,-0.4108708923072868,-0.7271535575423006,-9879949.314282972,1156430.535383259,104166.74790636174,-8619352.030993352,196036460187489.12,1529.2688804586592,196036460048700.5,1529.268881541341,196036460078247.44,1529.268881310847,196036460157942.2,1529.268880689153,196036460244603.03,1529.2688800131168,196036459991586.62,1529.268881986883
0.00025500000000000034,0.0007706320693461283,-0.0006826884651328152,0.0008563189168742211,-0.10601021708383108,0.06087415739108631,-0.19310259234915014,3.2162973429021453e-24,-1.8139036091710528e-24,1.2348524707228838e-23,58852129.64854449,4.553084354796462e-05,-3.405143793163734e-05,-6.010482126755947e-05,0.550318718928574,-0.4115703167342748,-0.7264703586383011,-9888081.161576973,1157967.0070273096,103302.133788608,-8626812.020761056,196036460187415.66,1529.2688804592324,196036460048773.97,1529.2688815407678,196036460078288.75,1529.2688813105249,196036460157900.84,1529.2688806894755,196036460244366.0,1529.2688800149658,196036459991823.62,1529.268881985034
0.00026000000000000036,0.0007701025754226572,-0.0006823844085699382,0.0008553552978917545,-0.1058987846942186,0.06081131257540324,-0.19272379649331456,3.1974277597726804e-24,-1.8090881792294612e-24,1.2780353076501379e-23,58900896.75735951,4.562234100065279e-05,-3.415421862707281e-05,-6.012797643298368e-05,0.5506956401518822,-0.41226686045010447,-0.7257894651290571,-9896199.685872639,1159499.8655146232,102443.91484359954,-8634255.905514417,196036460187342.78,1529.2688804598008,196036460048846.84,1529.2688815401996,196036460078329.84,1529.2688813102043,196036460157859.75,1529.268880689796,196036460244118.28,1529.2688800168985,196036459992071.3,1529.2688819831021
0.00026500000000000037,0.00076957363539234,-0.0006820806653969585,0.000854393647694566,-0.10578800606342097,0.06074863459593218,-0.19233003943770158,3.1856396519851352e-24,-1.8090066638769725e-24,1.3175578829821621e-23,58949602.22587195,4.571353349933737e-05,-3.4256801485027305e-05,-6.015099119768936e-05,0.5510696265910318,-0.4129604814475944,-0.7251109621371008,-9904304.543624137,1161029.0651215615,101592.15476209135,-8641683.323740482,196036460187270.38,1529.2688804603656,196036460048919.25,1529.2688815396345,196036460078370.84,1529.2688813098844,196036460157818.78,1529.2688806901158,196036460243860.8,1529.2688800189069,196036459992328.8,1529.2688819810933
0.0002700000000000004,0.0007690452472131129,-0.0006817772355997553,0.0008534340347479519,-0.10567763584542841,0.060685959440656016,-0.19192258932282402,3.180256363891655e-24,-1.8131496099525674e-24,1.3537208585482043e-23,58998243.995601326,4.5804414093860056e-05,-3.435918064740754e-05,-6.0173870941726855e-05,0.5514406308017118,-0.4136511431236969,-0.7244349263346356,-9912395.409665948,1162554.561329686,100746.90536610968,-8649093.942970151,196036460187198.2,1529.2688804609288,196036460048991.44,1529.2688815390716,196036460078411.84,1529.2688813095644,196036460157777.78,1529.2688806904355,196036460243594.38,1529.2688800209853,196036459992595.25,1529.2688819790149
0.0002750000000000004,0.0007685174099524241,-0.0006814741198960145,0.0008524765216973451,-0.10556745213775882,0.06062314074815924,-0.19150261012138142,3.1806623052853678e-24,-1.821059340720617e-24,1.3868004742535495e-23,59046820.13157102,4.5894976403718706e-05,-3.446135066378498e-05,-6.0196620510836985e-05,0.551808612019776,-0.41433881370443787,-0.7237614269625092,-9920471.981427137,1164076.3105024244,99908.2081689252,-8656487.462755788,196036460187126.16,1529.2688804614907,196036460049063.5,1529.2688815385093,196036460078452.9,1529.2688813092443,196036460157736.75,1529.2688806907556,196036460243319.75,1529.2688800231276,196036459992869.88,1529.2688819768725
0.0002800000000000004,0.0007679901236805952,-0.0006811713196559456,0.0008515211658468475,-0.10545725436577406,0.060560048013773085,-0.19107117009952165,3.186296453600314e-24,-1.832323463183454e-24,1.4170504881300623e-23,59095328.7894395,4.5985214620875096e-05,-3.456330654330153e-05,-6.021924425991339e-05,0.5521735357549875,-0.41502346653688665,-0.723090525892534,-9928533.97309845,1165594.2707134434,99076.09479227968,-8663863.607592726,196036460187054.06,1529.268880462053,196036460049135.56,1529.2688815379472,196036460078494.16,1529.2688813089223,196036460157695.47,1529.2688806910778,196036460243037.62,1529.2688800253286,196036459993152.0,1529.2688819746718
0.0002850000000000004,0.0007674633893736347,-0.0006808688368308423,0.0008505680195988177,-0.10534686139212004,0.060496565020667324,-0.1906292496059496,3.196648045216534e-24,-1.8465720200298795e-24,1.4447039737605002e-23,59143768.22912777,4.60751234326899e-05,-3.466504357470814e-05,-6.0241746084319205e-05,0.552535373418215,-0.4157050783399681,-0.7224222788397066,-9936581.11801855,1167108.4004852732,98250.58851495835,-8671222.129018318,196036460186981.9,1529.268880462616,196036460049207.72,1529.2688815373842,196036460078535.7,1529.2688813085986,196036460157653.94,1529.2688806914018,196036460242748.66,1529.2688800275828,196036459993440.97,1529.2688819724174
0.00029000000000000044,0.0007669372088247575,-0.0006805666738889943,0.0008496171308576262,-0.10523610977544672,0.060432588369616215,-0.19017774823829658,3.211251311148737e-24,-1.863471811638127e-24,1.4699749707463e-23,59192136.78866198,4.616469802849953e-05,-3.476655741174144e-05,-6.0264129469007995e-05,0.5528941018402195,-0.4163836298111269,-0.7217567353171064,-9944613.16400017,1168618.6598861446,97431.70450271884,-8678562.799611306,196036460186909.47,1529.268880463181,196036460049280.16,1529.2688815368192,196036460078577.5,1529.2688813082723,196036460157612.12,1529.2688806917279,196036460242453.44,1529.2688800298858,196036459993736.22,1529.2688819701143
0.00029500000000000045,0.0007664115845636999,-0.0006802648337579668,0.0008486685434004378,-0.10512485221151618,0.06036802620548527,-0.18971749143766653,3.2296825006329278e-24,-1.882722903910816e-24,1.493059958087743e-23,59240432.885264866,4.625393399218361e-05,-3.486784403320874e-05,-6.028639755190331e-05,0.5532497021231699,-0.4170591052495076,-0.7210939396702096,-9952629.873468393,1170125.0101581574,96619.45100379901,-8685885.412306437,196036460186836.72,1529.2688804637485,196036460049352.9,1529.2688815362517,196036460078619.72,1529.268881307943,196036460157569.9,1529.268880692057,196036460242152.44,1529.268880032234,196036459994037.16,1529.2688819677664
0.00030000000000000046,0.0007658865197833128,-0.0006799633197726433,0.0008477222972175743,-0.10501295607743226,0.06030279706470825,-0.18924923657271164,3.2515553050471234e-24,-1.9040556025062278e-24,1.5141393882147e-23,59288655.01597286,4.6342827327973515e-05,-3.4968899693104896e-05,-6.030855308229883e-05,0.5536021601381355,-0.4177314920980497,-0.7204339309054837,-9960631.02350277,1171627.4132513134,95813.82968101464,-8693189.780570442,196036460186763.56,1529.2688804643192,196036460049426.1,1529.2688815356807,196036460078662.38,1529.2688813076102,196036460157527.25,1529.26888069239,196036460241846.25,1529.2688800346223,196036459994343.38,1529.268881965378
0.0003050000000000005,0.0007653620182726407,-0.0006796621356285053,0.0008467784288251132,-0.10490030213441354,0.060236828827595304,-0.18877367849222568,3.2765177568334816e-24,-1.9272272387182438e-24,1.5333787821052305e-23,59336801.73535444,4.643137440162666e-05,-3.506972089069071e-05,-6.033059856268682e-05,0.5539514653923933,-0.4184007802624888,-0.7197767439042198,-9968616.40195312,1173125.8326657193,95014.83661276332,-8700475.732674636,196036460186689.88,1529.2688804648942,196036460049499.75,1529.2688815351062,196036460078705.53,1529.2688813072734,196036460157484.1,1529.2688806927267,196036460241535.28,1529.2688800370483,196036459994654.34,1529.268881962952
0.0003100000000000005,0.0007648380843559506,-0.0006793612853395953,0.0008458369715516216,-0.10478678333800703,0.060170057781998236,-0.18829145469832037,3.3042495295256132e-24,-1.9520197690610653e-24,1.5509301215765703e-23,59384871.674697116,4.6519571899837525e-05,-3.517030434985139e-05,-6.0352536165395747e-05,0.5542976111041515,-0.41906696228639767,-0.7191224092213242,-9976585.810677594,1174620.2322113393,94222.46268540734,-8707743.115780849,196036460186615.66,1529.268880465473,196036460049573.97,1529.268881534527,196036460078749.2,1529.268881306933,196036460157440.44,1529.2688806930673,196036460241219.97,1529.268880039508,196036459994969.66,1529.268881960492
0.0003150000000000005,0.0007643147228372413,-0.0006790607732007446,0.0008448979558014354,-0.10467230374184548,0.06010242777014087,-0.18780315003722628,3.334458468593891e-24,-1.978236358431427e-24,1.5669328086893142e-23,59432863.510877624,4.660741683600461e-05,-3.5270647059160016e-05,-6.0374367839857676e-05,0.5546405935880827,-0.419730033311266,-0.7184709535400736,-9984539.060103057,1176110.577402842,93436.69388831871,-8714991.788811896,196036460186540.78,1529.268880466057,196036460049648.8,1529.2688815339434,196036460078793.4,1529.2688813065881,196036460157396.22,1529.2688806934123,196036460240900.62,1529.2688800419992,196036459995288.97,1529.2688819580012
0.0003200000000000005,0.0007637919389496333,-0.0006787606037534755,0.000843961409296147,-0.10455677752159752,0.06003388945382979,-0.18730930105769678,3.366878309490881e-24,-2.0057004488715654e-24,1.5815148092051678e-23,59480775.99112176,4.6694906534817005e-05,-3.53707461787118e-05,-6.0396095271031714e-05,0.5549804125451674,-0.42038999032271657,-0.7178223998508699,-9992475.973405685,1177596.83440664,92657.51209569389,-8722221.626903351,196036460186465.25,1529.2688804666464,196036460049724.38,1529.2688815333538,196036460078838.22,1529.2688813062384,196036460157351.44,1529.2688806937613,196036460240577.75,1529.2688800445178,196036459995611.9,1529.268881955482
0.00032500000000000053,0.0007632697383092434,-0.0006784607817554159,0.0008430273572962807,-0.10444012807797909,0.059964399611928884,-0.18681039997324791,3.4012665838852785e-24,-2.034252171452764e-24,1.5947933756988713e-23,59528607.88500187,4.678203853469968e-05,-3.547059909591858e-05,-6.041771997633234e-05,0.5553170696116215,-0.42104683259375175,-0.7171767682801296,-10000396.378270632,1179078.9706137478,91884.89534789334,-8729432.51230899,196036460186388.94,1529.2688804672416,196036460049800.66,1529.2688815327588,196036460078883.66,1529.268881305884,196036460157305.97,1529.268880694116,196036460240251.5,1529.268880047063,196036459995938.12,1529.2688819529374
0.00033000000000000054,0.0007627481268731818,-0.0006781613121526051,0.0008420958228044114,-0.10432228721230544,0.05989392056214836,-0.18630689837386757,3.437402781181108e-24,-2.0637485780764843e-24,1.6068761336949073e-23,59576358.040759146,4.68688106350721e-05,-3.557020333722791e-05,-6.0439243263744227e-05,0.5556505691627045,-0.4217005608154667,-0.7165340759496951,-10008300.116484504,1180556.9540909964,91118.81846383831,-8736624.343929669,196036460186311.9,1529.2688804678426,196036460049877.72,1529.2688815321576,196036460078929.75,1529.2688813055242,196036460157259.88,1529.268880694476,196036460239922.25,1529.2688800496314,196036459996267.38,1529.268881950369
0.00033500000000000055,0.0007622271109013531,-0.0006778622000547311,0.0008411668267516043,-0.10420319436573983,0.0598224195748028,-0.18579921056141965,3.475085438528648e-24,-2.0940608357037015e-24,1.6178617103339822e-23,59624025.330824904,4.6955220864082496e-05,-3.566955656115067e-05,-6.046066627700316e-05,0.5559809178254079,-0.422351176937252,-0.7158943374225941,-10016187.034552615,1182030.7537647798,90359.25322154048,-8743797.027566295,196036460186234.03,1529.2688804684499,196036460049955.6,1529.2688815315503,196036460078976.5,1529.2688813051598,196036460157213.12,1529.2688806948404,196036460239590.25,1529.2688800522214,196036459996599.38,1529.268881947779
0.00034000000000000057,0.0007617066969215563,-0.0006775634507128123,0.0008402403881682682,-0.10408279595936196,0.059749868383778326,-0.1852877166672397,3.514130844183236e-24,-2.1250723524140842e-24,1.6278406265629382e-23,59671608.67294367,4.704126747783895e-05,-3.576865664463203e-05,-6.0481989958011026e-05,0.5563081243834701,-0.42299868512398575,-0.7152575641881215,-10024056.987201542,1183500.3395700338,89606.16831892527,-8750950.479312582,196036460186155.28,1529.2688804690642,196036460050034.3,1529.2688815309361,196036460079023.94,1529.2688813047898,196036460157165.7,1529.2688806952103,196036460239255.8,1529.2688800548303,196036459996933.84,1529.2688819451698
0.0003450000000000006,0.0007611868916976604,-0.0006772650694990001,0.0008393165243409651,-0.10396104477916016,0.05967624276242478,-0.18477276546062066,3.554372022111876e-24,-2.156678386127557e-24,1.6368957393287475e-23,59719107.020841464,4.712694890104033e-05,-3.5867501580034255e-05,-6.050321518664497e-05,0.5566321988963869,-0.4236430903969123,-0.7146237661250336,-10031909.835830504,1184965.6828003319,88859.53034740221,-8758084.622682769,196036460186075.66,1529.2688804696857,196036460050113.94,1529.2688815303147,196036460079072.1,1529.2688813044142,196036460157117.53,1529.2688806955862,196036460238919.06,1529.2688800574574,196036459997270.56,1529.268881942543
0.0003500000000000006,0.0007606677022006795,-0.0006769670618884351,0.0008383952509559446,-0.10383789939620303,0.05960152211300406,-0.1842546770040955,3.59565730737147e-24,-2.1887847881101225e-24,1.6451030653800756e-23,59766519.368763186,4.721226368001281e-05,-3.5966089459935906e-05,-6.052434264060993e-05,0.5569531530010121,-0.42428439910429516,-0.7139929509728639,-10039745.449276982,1186426.754263561,88119.30373355026,-8765199.39127987,196036460185995.2,1529.2688804703132,196036460050194.47,1529.2688815296867,196036460079120.94,1529.268881304033,196036460157068.66,1529.2688806959675,196036460238580.28,1529.2688800601,196036459997609.34,1529.2688819399002
0.0003550000000000006,0.0007601491355824986,-0.0006766694334429368,0.0008374765822308281,-0.10371332363616884,0.05952568909967126,-0.18373374502330403,3.637846947689551e-24,-2.221306704945811e-24,1.6525322077254204e-23,59813844.732764065,4.729721065045148e-05,-3.606441850018926e-05,-6.054537294780941e-05,0.5572710004788797,-0.42492261811844584,-0.713365124348418,-10047563.700365556,1187883.5272654241,87385.45095153186,-8772294.722148601,196036460185913.7,1529.268880470949,196036460050275.94,1529.268881529051,196036460079170.53,1529.2688813036461,196036460157019.1,1529.2688806963542,196036460238239.62,1529.2688800627575,196036459997950.0,1529.268881937243
0.0003600000000000006,0.0007596311991516655,-0.0006763721897963046,0.0008365605310351826,-0.10358728616661705,0.05944872932642747,-0.18321023912910825,3.680815400582068e-24,-2.2541674116569767e-24,1.6592469678648504e-23,59861082.16770218,4.738178865406714e-05,-3.6162487050486006e-05,-6.0566306584820786e-05,0.5575857553801613,-0.4255577560755452,-0.7127402904572476,-10055364.469064215,1189335.9744628496,86657.93279609852,-8779370.561805267,196036460185831.3,1529.2688804715917,196036460050358.3,1529.2688815284087,196036460079220.88,1529.2688813032535,196036460156968.75,1529.2688806967467,196036460237897.3,1529.268880065428,196036459998292.3,1529.2688819345724
0.00036500000000000063,0.0007591139003516422,-0.0006760753366410271,0.0008356471090010446,-0.10345976000467358,0.05937063105550054,-0.182684406827593,3.724446713875754e-24,-2.2872982457465033e-24,1.665305832574539e-23,59908230.75878043,4.7465996802718553e-05,-3.626029353227076e-05,-6.0587143940431204e-05,0.557897434031684,-0.4261898217995689,-0.7121184514498373,-10063147.640735682,1190784.0702022726,85936.70852665977,-8786426.862006748,196036460185747.9,1529.2688804722422,196036460050441.72,1529.268881527758,196036460079271.9,1529.2688813028553,196036460156917.72,1529.2688806971448,196036460237553.5,1529.2688800681099,196036459998636.16,1529.26888193189
0.00037000000000000065,0.0007585972467407183,-0.000675778879716387,0.0008347363266242376,-0.10333072218476323,0.059291384928010976,-0.1821564753614143,3.768636330043428e-24,-2.3206365610924878e-24,1.6707622706435313e-23,59955289.60658911,4.7549834240912626e-05,-3.635783651501758e-05,-6.0607885362039634e-05,0.5582060526656539,-0.4268188255228208,-0.7114996085359071,-10070913.10376067,1192227.7895948389,85221.73606242822,-8793463.578103403,196036460185663.53,1529.2688804729005,196036460050526.1,1529.2688815270997,196036460079323.75,1529.2688813024508,196036460156865.88,1529.2688806975493,196036460237208.25,1529.268880070803,196036459998981.38,1529.268881929197
0.00037500000000000066,0.0007580812459738992,-0.0006754828247976094,0.0008338281933569959,-0.10320015336382884,0.059210983755527566,-0.18162665344833973,3.813288374059108e-24,-2.3541269148599665e-24,1.6756653293304895e-23,60002257.84825561,4.7633300277387275e-05,-3.645511456832562e-05,-6.0628531071024575e-05,0.5585116292845717,-0.42744477738774184,-0.7108837614109899,-10078660.752993502,1193667.107827045,84512.97241252348,-8800480.672753932,196036460185578.12,1529.2688804735667,196036460050611.5,1529.2688815264335,196036460079376.3,1529.2688813020409,196036460156813.3,1529.2688806979593,196036460236861.8,1529.2688800735057,196036459999327.84,1529.2688819264943
0.00038000000000000067,0.0007575659057862966,-0.0006751871776862568,0.0008329227176929302,-0.10306803752051583,0.05912942227050106,-0.18109513281313952,3.858316006444077e-24,-2.3877183112391383e-24,1.6800598766611583e-23,60049134.63598284,4.7716394293169575e-05,-3.655212643669683e-05,-6.0649081250671035e-05,0.558814182007519,-0.4280676890601106,-0.7102709085764417,-10086390.48612891,1195102.001371652,83810.37329623356,-8807478.111461023,196036460185491.72,1529.2688804742406,196036460050697.88,1529.2688815257598,196036460079429.66,1529.2688813016246,196036460156759.97,1529.2688806983756,196036460236514.22,1529.268880076217,196036459999675.4,1529.2688819237828
0.0003850000000000007,0.000757051233978086,-0.0006748919442013958,0.0008320199072447526,-0.10293436164212512,0.059046696972191795,-0.18056208963553075,3.903639391457548e-24,-2.421365782175942e-24,1.6839870227309398e-23,60095919.14828688,4.779911581556267e-05,-3.664887084182752e-05,-6.066953599512032e-05,0.5591137304491048,-0.4286875717991856,-0.7096610474079889,-10094102.205568086,1196532.4468838852,83113.89379342626,-8814455.864890775,196036460185404.3,1529.2688804749225,196036460050785.28,1529.2688815250779,196036460079483.75,1529.2688813012028,196036460156705.9,1529.2688806987971,196036460236165.66,1529.2688800789363,196036460000023.94,1529.2688819210641
0.0003900000000000007,0.0007565372384006762,-0.0006745971301718067,0.0008311197688154918,-0.10279911548196038,0.058962805917831033,-0.18002768585215623,3.949186541666852e-24,-2.4550278341835408e-24,1.6874843541916496e-23,60142610.584768504,4.7881464434089587e-05,-3.674534668536969e-05,-6.0689895396411856e-05,0.5594102940608434,-0.42930443831612397,-0.7090541743342591,-10101795.817425191,1197958.422630918,82423.48821098267,-8821413.906583292,196036460185315.9,1529.2688804756124,196036460050873.72,1529.268881524388,196036460079538.6,1529.2688813007749,196036460156651.0,1529.2688806992255,196036460235816.22,1529.2688800816622,196036460000373.4,1529.268881918338
0.0003950000000000007,0.0007560239269442391,-0.0006743027414287955,0.0008302223084636052,-0.10266229128741426,0.058877748602240494,-0.1794920703773229,3.9948913828967275e-24,-2.4886678808223566e-24,1.6905862979441258e-23,60189208.163505614,4.796343983897914e-05,-3.684155283901777e-05,-6.071015945755064e-05,0.5597038934263405,-0.4299183009620726,-0.7084502849045092,-10109471.231247885,1199379.9066769818,81739.11020452714,-8828352.214366376,196036460185226.44,1529.2688804763102,196036460050963.2,1529.26888152369,196036460079594.22,1529.268881300341,196036460156595.4,1529.2688806996593,196036460235465.97,1529.2688800843946,196036460000723.66,1529.2688819156056
0.0004000000000000007,0.0007555113075262636,-0.0006740087837998564,0.0008293275315626166,-0.10252388359509661,0.05879152578782197,-0.1789553801977346,4.040693825456603e-24,-2.5222522764686743e-24,1.693324374524763e-23,60235711.11796877,4.8045041793998965e-05,-3.6937488297957186e-05,-6.073032813259339e-05,0.5599945494194224,-0.43052917312028105,-0.7078493736049395,-10117128.359274752,1200796.8779962067,81060.71283243388,-8835270.76844611,196036460185135.94,1529.2688804770162,196036460051053.7,1529.268881522984,196036460079650.6,1529.268881299901,196036460156539.0,1529.2688807000993,196036460235115.03,1529.2688800871322,196036460001074.6,1529.268881912868
0.00040500000000000074,0.0007549993880811461,-0.0006737152631028431,0.0008284354428557194,-0.10238388902349499,0.058704139402669275,-0.17841774137943603,4.086539085100709e-24,-2.5557513087596716e-24,1.6957273674409747e-23,60282118.70239294,4.812627015151901e-05,-3.7033152063490254e-05,-6.075040138017574e-05,0.5602822834012118,-0.4311370678498698,-0.7072514345213737,-10124767.117423618,1202209.3164205453,80388.24897500704,-8842169.552028064,196036460185044.38,1529.2688804777306,196036460051145.25,1529.2688815222698,196036460079707.75,1529.2688812994554,196036460156481.9,1529.2688807005447,196036460234763.47,1529.2688800898748,196036460001426.16,1529.2688819101254
0.00041000000000000075,0.0007544881765507003,-0.0006734221851408216,0.0008275460465056389,-0.10224230608916135,0.05861559240429587,-0.17787927001608853,4.132377782180828e-24,-2.589137511546e-24,1.697821647778766e-23,60328430.187254086,4.8207124792154286e-05,-3.712854325438998e-05,-6.077037909757031e-05,0.5605671167250538,-0.4317419993424325,-0.7066564608424373,-10132387.424494598,1203617.202188078,79721.67093600828,-8849048.551370513,196036460184951.8,1529.2688804784525,196036460051237.8,1529.2688815215477,196036460079765.66,1529.2688812990036,196036460156423.97,1529.2688807009965,196036460234411.34,1529.2688800926217,196036460001778.28,1529.2688819073785
0.00041500000000000076,0.0007539776808756029,-0.0006731295556973126,0.0008266593461403151,-0.10209913501946341,0.05852588870181214,-0.1773400730647817,4.178163860986964e-24,-2.622386637397886e-24,1.6996313591932734e-23,60374644.8554951,4.82876057327874e-05,-3.7223660982234853e-05,-6.079026113796808e-05,0.5608490718646005,-0.4323439813689815,-0.7060644449075691,-10139989.201445349,1205020.516214717,79060.93081258779,-8855907.754418043,196036460184858.16,1529.268880479183,196036460051331.47,1529.268881520817,196036460079824.3,1529.2688812985461,196036460156365.3,1529.2688807014542,196036460234058.78,1529.268880095372,196036460002130.84,1529.2688819046282
0.0004200000000000008,0.0007534679089874158,-0.0006728373805320906,0.0008257753448947263,-0.10195437763742292,0.058435033044409085,-0.176800249117753,4.223856733217087e-24,-2.6554766428833626e-24,1.7011785079915833e-23,60420762.01037929,4.8367712966381706e-05,-3.731850443670741e-05,-6.0810047379424815e-05,0.5611281705750056,-0.43294302829078696,-0.7054753790470296,-10147572.372838382,1206419.2400372035,78405.98060987025,-8862747.152191307,196036460184763.53,1529.2688804799213,196036460051426.1,1529.2688815200788,196036460079883.72,1529.2688812980825,196036460156305.9,1529.2688807019176,196036460233705.78,1529.2688800981257,196036460002483.84,1529.2688819018745
0.0004250000000000008,0.0007529588688015543,-0.0006725456653773656,0.0008248940454490118,-0.1018080371722909,0.0583430309449982,-0.17625988914289695,4.269418216895288e-24,-2.6883876989097846e-24,1.702483285679461e-23,60466780.964382775,4.8447446622230266e-05,-3.7413072838342524e-05,-6.082973763753391e-05,0.5614044357017292,-0.43353915446680497,-0.7048892545064301,-10155136.864751214,1207813.3559249402,77756.77209351741,-8869566.736732757,196036460184667.8,1529.268880480668,196036460051521.8,1529.2688815193321,196036460079943.88,1529.2688812976132,196036460156245.75,1529.268880702387,196036460233352.44,1529.2688801008821,196036460002837.2,1529.268881899118
0.0004300000000000008,0.0007524505682106734,-0.0006722544159343481,0.0008240154500634492,-0.10166011817617768,0.05824988860349317,-0.17571907711252435,4.314814560487454e-24,-2.7211018642734182e-24,1.7035641289206948e-23,60512701.04738855,4.852680680812124e-05,-3.750736545766438e-05,-6.0849331714780406e-05,0.5616778896407152,-0.4341323747005397,-0.7043060623944839,-10162682.606340975,1209202.8462475957,77113.25697971004,-8876366.503113668,196036460184571.1,1529.2688804814225,196036460051618.53,1529.2688815185777,196036460080004.78,1529.268881297138,196036460156184.84,1529.268880702862,196036460232998.8,1529.2688801036406,196036460003190.84,1529.2688818963593
0.0004350000000000008,0.0007519430150788206,-0.0006719636378701411,0.0008231395606103924,-0.101510626370555,0.05815561284140167,-0.17517789061134784,4.360014287005358e-24,-2.753602925304031e-24,1.7044378603906416e-23,60558521.5962223,4.8605793742947644e-05,-3.760138160911584e-05,-6.0868829433053965e-05,0.5619485552582163,-0.43472270369046967,-0.7037257932883031,-10170209.52787392,1210587.6948026556,76475.38697974569,-8883146.44609152,196036460184473.34,1529.268880482185,196036460051716.28,1529.268881517815,196036460080066.44,1529.2688812966571,196036460156123.2,1529.268880703343,196036460232644.9,1529.2688801064016,196036460003544.72,1529.2688818935985
0.00044000000000000083,0.0007514362172359834,-0.0006716733368149312,0.000822266378603414,-0.10135956856745178,0.05806021104197299,-0.17463640139566702,4.404989195101011e-24,-2.7858764078821286e-24,1.7051199407912673e-23,60604241.96889967,4.8684407654514586e-05,-3.769512063531164e-05,-6.088823053832259e-05,0.5622164555585556,-0.4353101565049407,-0.7031484372042781,-10177717.563281475,1211967.8849793903,75843.11371486222,-8889906.564587222,196036460184374.56,1529.2688804829556,196036460051815.06,1529.2688815170445,196036460080128.84,1529.2688812961703,196036460156060.78,1529.2688807038298,196036460232290.8,1529.2688801091638,196036460003898.8,1529.2688818908364
0.00044500000000000084,0.0007509301824732036,-0.0006713835183594815,0.0008213959052240878,-0.10120695255596561,0.057963691089929235,-0.17409467586524027,4.449713485815607e-24,-2.817909407643377e-24,1.7056244071457146e-23,60649861.52743252,4.8762648819427606e-05,-3.7788581889418483e-05,-6.0907534820079646e-05,0.5624816135025956,-0.43589474788060906,-0.702573984176483,-10185206.647136334,1213343.4011433348,75216.38908182095,-8896646.856911179,196036460184274.75,1529.2688804837342,196036460051914.84,1529.2688815162662,196036460080191.94,1529.2688812956783,196036460155997.7,1529.2688807043219,196036460231936.56,1529.2688801119273,196036460004253.03,1529.268881888073
0.00045000000000000086,0.0007504249185381084,-0.0006710941880528962,0.0008205281413463052,-0.10105278701902928,0.05786606131707936,-0.17355277555653476,4.494163893402262e-24,-2.849689889790667e-24,1.7059641748603907e-23,60695379.65669817,4.884051756908156e-05,-3.788176483016346e-05,-6.0926742035648786e-05,0.5627440521309085,-0.43647649335910177,-0.7020024234546682,-10192676.717830347,1214714.2285187154,74595.16479289139,-8903367.32451874,196036460184173.97,1529.2688804845204,196036460052015.66,1529.2688815154797,196036460080255.78,1529.26888129518,196036460155933.88,1529.2688807048198,196036460231582.25,1529.2688801146912,196036460004607.4,1529.2688818853087
0.00045500000000000087,0.0007499204331308802,-0.0006708053514005352,0.0008196630875586486,-0.10089708144564469,0.05776733047219193,-0.17301075753132383,4.538318658971963e-24,-2.8812071375226568e-24,1.706150956030677e-23,60740795.732116446,4.89180142756676e-05,-3.79746688878957e-05,-6.0945851953406944e-05,0.5630037946332316,-0.43705540791872266,-0.7014337442963384,-10200127.712120317,1216080.3526887703,73979.39283525194,-8910067.966596294,196036460184072.12,1529.268880485315,196036460052117.47,1529.2688815146853,196036460080320.34,1529.2688812946765,196036460155869.28,1529.2688807053237,196036460231227.78,1529.2688801174565,196036460004961.8,1529.268881882544
0.0004600000000000009,0.0007494167339004868,-0.0006705170138621585,0.0008188007441846806,-0.10073984607867584,0.05766750767533168,-0.17246867479358818,4.5821591666057796e-24,-2.9124520609951343e-24,1.706195527651293e-23,60786109.1660944,4.899513929451581e-05,-3.8067293513994014e-05,-6.096486430767209e-05,0.5632608639608739,-0.4376315067593755,-0.7008679357921638,-10207559.573026836,1217441.7589994061,73369.02550478037,-8916748.78852265,196036460183969.3,1529.268880486117,196036460052220.28,1529.2688815138833,196036460080385.6,1529.2688812941676,196036460155804.03,1529.2688807058325,196036460230873.34,1529.2688801202214,196036460005316.28,1529.2688818797787
0.0004650000000000009,0.000748913828441457,-0.000670229180850351,0.0008179411113016132,-0.1005810918059571,0.057566602361491616,-0.17192657661349237,4.625667738559744e-24,-2.9434154875998194e-24,1.706107690068314e-23,60831319.36334855,4.9071893069020975e-05,-3.815963827056817e-05,-6.0983778871007067e-05,0.5635152830687494,-0.43820480558178154,-0.7003049864972977,-10214972.2421317,1218798.4346464146,72764.01491731955,-8923409.792567968,196036460183865.53,1529.2688804869265,196036460052324.1,1529.2688815130737,196036460080451.6,1529.2688812936526,196036460155738.03,1529.2688807063475,196036460230518.84,1529.2688801229867,196036460005670.78,1529.2688818770132
0.0004700000000000009,0.000748411724290818,-0.0006699418577289337,0.0008170841887572844,-0.10042083012778899,0.05746462428346053,-0.17138450886575624,4.6688277641611575e-24,-2.974090090837988e-24,1.7058964350382487e-23,60876425.74123161,4.914827609826924e-05,-3.82517026472881e-05,-6.100259537065193e-05,0.5637670755570152,-0.4387753192689818,-0.6997448847389266,-10222365.663084669,1220150.3664801496,72164.31362838439,-8930050.982976135,196036460183760.72,1529.2688804877444,196036460052428.9,1529.2688815122558,196036460080518.28,1529.2688812931324,196036460155671.34,1529.2688807068678,196036460230164.38,1529.268880125752,196036460006025.25,1529.268881874248
0.0004750000000000009,0.0007479104289252182,-0.0006696550498116944,0.0008162299761857353,-0.10025907311996828,0.05736158344786234,-0.1708425143098003,4.711625685783141e-24,-3.0044688631897504e-24,1.7055699346118448e-23,60921427.73157862,4.9224288806808616e-05,-3.8343486207996656e-05,-6.1021313553933825e-05,0.5640162639397243,-0.4393430633875873,-0.6991876190727964,-10229739.78196482,1221497.5415178768,71569.87445895775,-8936672.365987984,196036460183654.94,1529.2688804885693,196036460052534.7,1529.268881511431,196036460080585.66,1529.268881292607,196036460155603.97,1529.2688807073932,196036460229809.97,1529.268880128517,196036460006379.66,1529.2688818714835
0.00048000000000000093,0.0007474099497585782,-0.0006693687623611739,0.0008153784730213666,-0.10009583332801153,0.057257490104104684,-0.17030063287374234,4.754048018075406e-24,-3.03454537811692e-24,1.7051357262074254e-23,60966324.77616389,4.929993175291584e-05,-3.8434988571590404e-05,-6.103993315502142e-05,0.5642628714804441,-0.4399080535327708,-0.698633177215091,-10237094.546322428,1222839.948145522,70980.65024583698,-8943273.947931068,196036460183548.22,1529.268880489402,196036460052641.4,1529.2688815105982,196036460080653.72,1529.2688812920758,196036460155535.88,1529.2688807079246,196036460229455.66,1529.2688801312806,196036460006733.97,1529.2688818687195
0.00048500000000000095,0.0007469102941397549,-0.0006690830005875527,0.0008145296785119952,-0.09993112376465113,0.05715235472425017,-0.1697589018742732,4.796082965261907e-24,-3.0643146708377147e-24,1.7046005659120551e-23,61011116.32547515,4.9375205490054417e-05,-3.852620929988022e-05,-6.105845397924951e-05,0.5645069210452851,-0.4404703043879452,-0.698081547560429,-10244429.90513078,1224177.575159513,70396.59450752537,-8949855.73546374,196036460183440.47,1529.2688804902425,196036460052749.12,1529.2688815097579,196036460080722.47,1529.2688812915396,196036460155467.16,1529.2688807084605,196036460229101.4,1529.2688801340441,196036460007088.25,1529.2688818659556
0.000490000000000001,0.0007464114693504985,-0.0006687977696477909,0.0008136835917305584,-0.09976495785129791,0.05704618795237207,-0.16921735628735826,4.837720061213862e-24,-3.093770981923603e-24,1.7039707652224317e-23,61055801.83108264,4.945011054909143e-05,-3.861714807690931e-05,-6.107687571979434e-05,0.5647484352845399,-0.4410298320756053,-0.6975327175574112,-10251745.807451626,1225510.4109371547,69817.66043494677,-8956417.736079525,196036460183331.84,1529.26888049109,196036460052857.78,1529.2688815089102,196036460080791.9,1529.268881290998,196036460155397.72,1529.2688807090024,196036460228747.25,1529.268880136807,196036460007442.34,1529.2688818631934
0.000495000000000001,0.0007459134826036385,-0.0006685130746446305,0.000812840211586047,-0.09959734937197402,0.05693900063208581,-0.1686760289022709,4.878949622629245e-24,-3.1229103585816984e-24,1.7032520319550346e-23,61100380.768364534,4.9524647543542484e-05,-3.87078045356563e-05,-6.109519814671068e-05,0.5649874370928256,-0.4415866515932844,-0.6969866749529088,-10259042.206179043,1226838.4450494684,69243.80199469441,-8962959.95913488,196036460183222.22,1529.268880491945,196036460052967.38,1529.2688815080555,196036460080862.0,1529.268881290451,196036460155327.62,1529.268880709549,196036460228393.28,1529.2688801395682,196036460007796.3,1529.2688818604322
0.000500000000000001,0.0007454163410414076,-0.0006682289206259107,0.0008119995368333933,-0.09942831244619092,0.05683080374395595,-0.16813495053074462,4.9197630378469e-24,-3.1517289313290616e-24,1.7024495550225512e-23,61144852.61469621,4.9598817090833174e-05,-3.879817835113142e-05,-6.111342104087275e-05,0.5652239490299937,-0.4421407781285482,-0.6964434074343878,-10266319.054408528,1228161.6675658098,68674.97338896355,-8969482.413453754,196036460183111.72,1529.268880492807,196036460053077.9,1529.268881507193,196036460080932.75,1529.2688812898991,196036460155256.9,1529.2688807101008,196036460228039.47,1529.2688801423283,196036460008150.16,1529.2688818576719
0.000505000000000001,0.0007449200517339485,-0.0006679453125838977,0.0008111615660824595,-0.09925786149182123,0.056721608402609834,-0.1675941501867533,4.960152152812628e-24,-3.180222803205177e-24,1.7015681218533574e-23,61189216.84687322,4.967261983588573e-05,-3.888826923955257e-05,-6.113154414121781e-05,0.565457993744381,-0.442692227167418,-0.6959029022184996,-10273576.304990018,1229480.0687217596,68111.12887913297,-8975985.107389124,196036460183000.22,1529.2688804936768,196036460053189.38,1529.2688815063236,196036460081004.16,1529.2688812893423,196036460155185.47,1529.268880710658,196036460227685.84,1529.268880145087,196036460008503.78,1529.2688818549134
0.000510000000000001,0.0007444246216779023,-0.0006676622554546093,0.0008103262978063315,-0.0990860112092442,0.05661142585768956,-0.1670536552256102,5.000110517869964e-24,-3.2083892578688824e-24,1.7006120903091017e-23,61233472.97037151,4.97460564186173e-05,-3.897807690990488e-05,-6.114956722888208e-05,0.56568959348216,-0.44324101384704956,-0.6953651468615811,-10280813.915507082,1230793.6391826216,67552.22328522945,-8982468.05303923,196036460182887.88,1529.2688804945533,196036460053301.75,1529.268881505447,196036460081076.2,1529.2688812887802,196036460155113.44,1529.26888071122,196036460227332.4,1529.268880147844,196036460008857.22,1529.2688818521563
0.000515000000000001,0.0007439300577952909,-0.0006673797541173445,0.0008094937303488674,-0.09891277652229515,0.056500267452948054,-0.16651349149279632,5.039631504282443e-24,-3.2362253192356848e-24,1.6995854152669687e-23,61277620.48124941,4.9819127540290603e-05,-3.906760111764149e-05,-6.116749009902322e-05,0.5659187705761621,-0.44378715335741514,-0.6948301286102144,-10288031.841698827,1232102.3706254114,66998.21165359959,-8988931.259419817,196036460182774.56,1529.268880495437,196036460053415.03,1529.2688815045633,196036460081148.88,1529.2688812882132,196036460155040.75,1529.268880711787,196036460226979.2,1529.2688801505997,196036460009210.44,1529.2688818494007
0.000520000000000001,0.0007434363669323685,-0.0006670978133941683,0.0008086638619315495,-0.0987381725844696,0.05638814463524817,-0.16597368346357913,5.0787097340397706e-24,-3.263728725087709e-24,1.6984917819670685e-23,61321658.89660181,4.9891833884646854e-05,-3.9156841616113114e-05,-6.11853125054977e-05,0.5661455472219784,-0.44433066091524387,-0.6942978346007924,-10295230.042745305,1233406.2542754018,66449.04936312525,-8995374.739106778,196036460182660.4,1529.2688804963277,196036460053529.22,1529.2688815036724,196036460081222.2,1529.268881287641,196036460154967.44,1529.2688807123589,196036460226626.22,1529.2688801533532,196036460009563.44,1529.268881846647
0.000525000000000001,0.0007429435558586905,-0.0006668164380495192,0.0008078366906598673,-0.09856221473559061,0.05627506892982994,-0.16543425433643158,5.11734008589596e-24,-3.290897180412778e-24,1.6973344998489665e-23,61365587.7306171,4.996417617104059e-05,-3.924579819364144e-05,-6.120303424460187e-05,0.5663699454100113,-0.4448715516576103,-0.6937682519847757,-10302408.477102919,1234705.2823713275,65904.692146336,-9001798.502585256,196036460182545.34,1529.2688804972254,196036460053644.28,1529.2688815027748,196036460081296.16,1529.2688812870642,196036460154893.47,1529.268880712936,196036460226273.47,1529.2688801561046,196036460009916.16,1529.2688818438953
0.0005300000000000011,0.0007424516312662259,-0.000666535632789812,0.0008070122145290512,-0.09838491849291281,0.0561610519414468,-0.16489522616323238,5.15551840670916e-24,-3.317729072834224e-24,1.6961165951018854e-23,61409406.51264168,5.003615511322916e-05,-3.933447062896474e-05,-6.122065511982173e-05,0.5665919868939768,-0.4454098404774413,-0.6932413680626653,-10309567.105657103,1235999.4472180018,65365.09613129277,-9008202.562307807,196036460182429.44,1529.2688804981294,196036460053760.22,1529.2688815018705,196036460081370.7,1529.2688812864828,196036460154818.9,1529.2688807135175,196036460225921.0,1529.2688801588542,196036460010268.62,1529.268881841146
0.0005350000000000011,0.000741960599768638,-0.0006662554022631584,0.0008061904314293142,-0.09820629951758127,0.056046105330714864,-0.1643566199474016,5.1932404677854196e-24,-3.344222750232946e-24,1.694840875667471e-23,61453114.78107197,5.010777150173074e-05,-3.942285876122112e-05,-6.123817494462572e-05,0.5668116936134392,-0.44594554241469986,-0.6927171696901442,-10316705.890535787,1237288.7423017246,64830.21766002742,-9014586.930574033,196036460182312.6,1529.268880499041,196036460053877.0,1529.2688815009594,196036460081445.88,1529.2688812858962,196036460154743.78,1529.2688807141037,196036460225568.78,1529.2688801616018,196036460010620.8,1529.2688818383986
0.0005400000000000011,0.0007414704679005518,-0.0006659757510590809,0.0008053713391507166,-0.09802637361724911,0.055930240815489835,-0.16381845571951503,5.230503391813718e-24,-3.370377076965111e-24,1.693509860088495e-23,61496712.08201352,5.017902606022604e-05,-3.9510962401550976e-05,-6.125559354035723e-05,0.5670290868529043,-0.4464786722711845,-0.692195644214641,-10323824.79501365,1238573.1605798174,64300.01371574213,-9020951.62071809,196036460182195.0,1529.2688804999584,196036460053994.66,1529.2688815000417,196036460081521.62,1529.2688812853055,196036460154668.0,1529.2688807146947,196036460225216.88,1529.2688801643471,196036460010972.75,1529.268881835653
0.0005450000000000011,0.0007409812421170555,-0.000665696683708316,0.0008045549353875287,-0.09784515669925731,0.055813470152973145,-0.16328075263756978,5.2673035856122935e-24,-3.396190649273138e-24,1.6921259410726048e-23,61540197.96588182,5.0249919617955435e-05,-3.959878143028867e-05,-6.127291070650988e-05,0.5672441884213457,-0.4470092451027943,-0.6916767781954507,-10330923.782850655,1239852.6961661691,63774.44115409912,-9027296.645530386,196036460182076.47,1529.268880500883,196036460054113.16,1529.268881499117,196036460081597.97,1529.2688812847098,196036460154591.66,1529.2688807152904,196036460224865.25,1529.2688801670902,196036460011324.34,1529.2688818329102
0.0005500000000000011,0.0007404929287930783,-0.000665418204682571,0.0008037412177423757,-0.09766266479543675,0.055695805149001035,-0.16274352903058137,5.303639022290617e-24,-3.421662630644525e-24,1.6906912388048275e-23,61583571.99370227,5.032045292524634e-05,-3.968631570050994e-05,-6.129012626898383e-05,0.567457019299856,-0.4475372757049604,-0.6911605588442566,-10338002.819411535,1241127.342732623,63253.457592454506,-9033622.019086458,196036460181957.16,1529.2688805018138,196036460054232.47,1529.2688814981864,196036460081674.94,1529.2688812841095,196036460154514.7,1529.2688807158906,196036460224514.0,1529.2688801698303,196036460011675.62,1529.26888183017
0.0005550000000000011,0.000740005534223039,-0.000665140318394379,0.0008029301837299107,-0.09747891400784242,0.055577257638391706,-0.1622068024930024,5.339507242723803e-24,-3.446792405053065e-24,1.6892076701478118e-23,61626833.732552655,5.039062682460102e-05,-3.9773565093741074e-05,-6.130724011005002e-05,0.5676676006632476,-0.44806277852381654,-0.6906469732495388,-10345061.870800724,1242397.0955030455,62737.02093638572,-9039927.754361292,196036460181836.97,1529.2688805027512,196036460054352.62,1529.2688814972491,196036460081752.44,1529.268881283505,196036460154437.16,1529.2688807164955,196036460224163.0,1529.2688801725685,196036460012026.62,1529.2688818274319
0.0005600000000000011,0.0007395190646204203,-0.0006648630291969925,0.0008021218307801349,-0.09729392052372848,0.05545783947730631,-0.16167058995516595,5.37490648237544e-24,-3.471579388770259e-24,1.6876771171370494e-23,61669982.765691966,5.046044214059773e-05,-3.986052952128258e-05,-6.132425203347087e-05,0.5678759536304225,-0.44858576845287673,-0.6901360080664394,-10352100.905663343,1243661.9490830458,62225.089251197016,-9046213.8673291,196036460181716.0,1529.268880503695,196036460054473.6,1529.2688814963053,196036460081830.53,1529.2688812828956,196036460154359.1,1529.2688807171046,196036460223812.38,1529.2688801753036,196036460012377.25,1529.2688818246966
0.0005650000000000012,0.0007390335261174629,-0.0006645863413842818,0.0008013161562416582,-0.09710770059148358,0.05533756254212996,-0.1611349076953518,5.4098354037282386e-24,-3.496023169014028e-24,1.686101187624067e-23,61713018.6740343,5.0529899691942945e-05,-3.994720889016407e-05,-6.134116191409711e-05,0.5680820987952876,-0.44910625997060216,-0.68962765046332,-10359119.891999176,1244921.898788265,61717.621186329205,-9052480.372024583,196036460181594.25,1529.2688805046448,196036460054595.38,1529.2688814953553,196036460081909.2,1529.2688812822819,196036460154280.47,1529.268880717718,196036460223462.12,1529.268880178036,196036460012727.53,1529.268881821964
0.0005700000000000012,0.0007385489247649337,-0.0006643102591906641,0.0008005131573844843,-0.09692027050583617,0.05521643872354908,-0.1605997714347808,5.444292400847091e-24,-3.5201234995980915e-24,1.6844813829560278e-23,61755941.04522096,5.0599000353232195e-05,-4.0033603122893534e-05,-6.135796962986924e-05,0.5682860569433469,-0.44962426737924177,-0.6891218873809359,-10366118.798654625,1246176.940600194,61214.57571383902,-9058727.282340592,196036460181471.66,1529.2688805056011,196036460054717.97,1529.2688814943992,196036460081988.38,1529.2688812816643,196036460154201.25,1529.2688807183358,196036460223112.2,1529.2688801807658,196036460013077.47,1529.2688818192341
0.0005750000000000012,0.0007380652665318479,-0.0006640347867910602,0.0007997128314026117,-0.09673164661715426,0.05509447992077952,-0.16006519637451444,5.478276933165721e-24,-3.543880006515077e-24,1.6828191316086175e-23,61798749.48250829,5.066774496427946e-05,-4.0119712195106824e-05,-6.137467504150277e-05,0.5684878483434338,-0.4501398054725612,-0.6886187056818729,-10373097.596923994,1247427.0704863349,60715.91197248978,-9064954.614465168,196036460181348.34,1529.2688805065632,196036460054841.28,1529.2688814934372,196036460082068.12,1529.2688812810422,196036460154121.5,1529.2688807189581,196036460222762.6,1529.268880183493,196036460013427.03,1529.2688818165075
0.0005800000000000012,0.0007375825573053752,-0.0006637599283008303,0.0007989151754165082,-0.0965418452945344,0.05497169804599503,-0.15953119722070208,5.511788118670625e-24,-3.567293043614237e-24,1.6811157170180364e-23,61841443.59811737,5.073613442587868e-05,-4.020553604825569e-05,-6.139127804899279e-05,0.5686874934798083,-0.45065288828216876,-0.6881180923668496,-10380056.25928431,1248672.2851568514,60221.58974264126,-9071162.384384817,196036460181224.22,1529.2688805075313,196036460054965.4,1529.268881492469,196036460082148.4,1529.268881280416,196036460154041.2,1529.2688807195846,196036460222413.4,1529.2688801862168,196036460013776.22,1529.2688818137833
0.0005850000000000012,0.0007371008028906871,-0.0006634856877758348,0.000798120186475334,-0.09635088293763149,0.054848104999109866,-0.1589977882348316,5.544825616905334e-24,-3.5903626262536756e-24,1.6793723490736952e-23,61884023.009752214,5.080416962073452e-05,-4.02910746707799e-05,-6.140777853632059e-05,0.5688850124625701,-0.4511635302245409,-0.6876200343145853,-10386994.758955363,1249912.5814126187,59731.5688673849,-9077350.608675359,196036460181099.38,1529.2688805085052,196036460055090.28,1529.2688814914948,196036460082229.25,1529.268881279785,196036460153960.4,1529.2688807202146,196036460222064.62,1529.2688801889378,196036460014125.0,1529.2688818110623
0.0005900000000000012,0.0007366200090108976,-0.0006632120692124373,0.000797327861559038,-0.09615877595789597,0.05472371267950617,-0.1584649832592105,5.577388836340105e-24,-3.6130886973176025e-24,1.6775900878233998e-23,61926487.3281455,5.087185144600704e-05,-4.0376328047088376e-05,-6.142417640645452e-05,0.5690804252695123,-0.45167174542969973,-0.6871245185230691,-10393913.067605197,1251147.9564194551,59245.80984425506,-9083519.301341489,196036460180973.75,1529.2688805094851,196036460055215.88,1529.268881490515,196036460082310.6,1529.2688812791507,196036460153879.03,1529.2688807208494,196036460221716.22,1529.2688801916556,196036460014473.4,1529.2688818083445
0.0005950000000000012,0.0007361401813069612,-0.0006629390765474946,0.0007965381975801936,-0.09596554078727255,0.054598532988544925,-0.15793279576888025,5.609477859525111e-24,-3.635472024157257e-24,1.675769952971916e-23,61968836.19496811,5.09391808338147e-05,-4.0461296171744354e-05,-6.144047159694545e-05,0.5692737517939197,-0.45217754775600205,-0.6866315320634812,-10400811.161939792,1252378.4081094838,58764.27336359909,-9089668.48046671,196036460180847.38,1529.268880510471,196036460055342.25,1529.2688814895291,196036460082392.44,1529.2688812785123,196036460153797.22,1529.2688807214877,196036460221368.2,1529.2688801943707,196036460014821.4,1529.2688818056297
0.0006000000000000012,0.000735661325337687,-0.0006626667136584895,0.0007957511913857657,-0.09577119385484584,0.054472577801001336,-0.15740123888559374,5.64109289586217e-24,-3.6575124372118606e-24,1.6739129288289267e-23,62011069.244550504,5.100615868621249e-05,-4.0545979102000294e-05,-6.145666399107778e-05,0.5694650115916312,-0.452680951752518,-0.6861410616581535,-10407689.017092243,1253603.9341411062,58286.92038570786,-9095798.162565429,196036460180720.28,1529.2688805114626,196036460055469.34,1529.2688814885378,196036460082474.78,1529.2688812778697,196036460153714.8,1529.2688807221307,196036460221020.62,1529.268880197082,196036460015169.0,1529.2688818029183
0.0006050000000000013,0.0007351834465797747,-0.0006623949843635019,0.0007949668397588153,-0.09557575158244552,0.05434585899752524,-0.15687032539007817,5.672234399401925e-24,-3.679210955706029e-24,1.672019839887221e-23,62053186.12604233,5.107278593069191e-05,-4.063037682876644e-05,-6.147275354994171e-05,0.5696542240967554,-0.45318197089461526,-0.6856530946658054,-10414546.610488215,1254824.5327931435,57813.712430854684,-9101908.365264216,196036460180592.47,1529.2688805124594,196036460055597.12,1529.268881487541,196036460082557.66,1529.2688812772233,196036460153631.97,1529.2688807227769,196036460220673.44,1529.2688801997901,196036460015516.16,1529.2688818002102
0.0006100000000000013,0.0007347065504278939,-0.0006621238924213847,0.0007941851394199282,-0.09537923037617013,0.05421838842345425,-0.1563400677774056,5.7029025459835456e-24,-3.700568087834789e-24,1.6700915113297264e-23,62095186.4946272,5.1139063542349015e-05,-4.071448941330786e-05,-6.148874022246907e-05,0.5698414087895127,-0.45368061904794416,-0.6851676179804892,-10421383.920165401,1256040.2031412402,57344.61130932471,-9107999.105714837,196036460180463.97,1529.268880513462,196036460055725.66,1529.2688814865382,196036460082641.0,1529.2688812765732,196036460153548.62,1529.268880723427,196036460220326.72,1529.268880202495,196036460015862.9,1529.2688817975052
0.0006150000000000013,0.0007342306421947137,-0.0006618534415318521,0.0007934060870286444,-0.09518164663602605,0.054090177906518946,-0.15581047825675381,5.733098279298681e-24,-3.721584116436477e-24,1.6681286877220935e-23,62137070.0076651,5.12049924418761e-05,-4.079831693852992e-05,-6.150462395603339e-05,0.5700265845227778,-0.4541769102914434,-0.6846846187080696,-10428200.9243342,1257250.9440384388,56879.57905009315,-9114070.401245669,196036460180334.78,1529.2688805144696,196036460055854.84,1529.2688814855305,196036460082724.84,1529.268881275919,196036460153464.78,1529.268880724081,196036460219980.4,1529.2688802051966,196036460016209.22,1529.2688817948035
0.0006200000000000013,0.0007337557271110671,-0.0006615836353355289,0.0007926296791847477,-0.09498301672932438,0.053961239264650664,-0.15528156877933708,5.762821898341748e-24,-3.742260002812084e-24,1.666132093834393e-23,62178836.33432007,5.127057362453996e-05,-4.088185945759963e-05,-6.152040470253043e-05,0.5702097706162141,-0.45467085807139446,-0.684204083818875,-10434997.602851856,1258456.7548748786,56418.578141011276,-9120122.269835966,196036460180204.9,1529.268880515483,196036460055984.72,1529.2688814845174,196036460082809.16,1529.2688812752613,196036460153380.47,1529.268880724739,196036460219634.53,1529.2688802078949,196036460016555.06,1529.2688817921055
0.0006250000000000013,0.0007332818103260021,-0.0006613144774141165,0.0007918559124295214,-0.0947833570130172,0.05383158428247533,-0.15475335104526453,5.792074541219558e-24,-3.762596573344005e-24,1.6641024065906162e-23,62220485.15544549,5.13358080522875e-05,-4.0965117061140856e-05,-6.153608242434887e-05,0.5703909858264467,-0.4551624760868791,-0.683726000420048,-10441773.937269967,1259657.6352004358,55961.57139825251,-9126154.73067128,196036460180074.34,1529.2688805165014,196036460056115.28,1529.2688814834987,196036460082893.97,1529.2688812745998,196036460153295.66,1529.2688807254003,196036460219289.12,1529.2688802105893,196036460016900.47,1529.2688817894111
0.0006300000000000013,0.000732808896906979,-0.0006610459712905366,0.0007910847832469208,-0.09458268380462555,0.05370122471598788,-0.1542258365201171,5.820857201743342e-24,-3.78259473124516e-24,1.6620402216835198e-23,62262016.15224147,5.1400696700293074e-05,-4.1048089833987855e-05,-6.155165710512724e-05,0.5705702487773171,-0.4556517777370627,-0.6832503557666432,-10448529.908889083,1260853.5849230334,55508.522054387526,-9132167.801911663,196036460179943.12,1529.2688805175248,196036460056246.5,1529.268881482475,196036460082979.2,1529.2688812739352,196036460153210.44,1529.2688807260652,196036460218944.22,1529.2688802132798,196036460017245.4,1529.2688817867204
0.0006350000000000013,0.0007323369918400428,-0.0006607781204290872,0.0007903162880646054,-0.0943810133872387,0.05357017228989039,-0.153699036463091,5.849170876857314e-24,-3.8022550622942935e-24,1.659946105857951e-23,62303429.01565736,5.1465240591217904e-05,-4.1130777936470404e-05,-6.156712876901313e-05,0.5707475779000156,-0.4561387766715258,-0.6827771369472395,-10455265.500313785,1262044.6052835812,55059.39348788913,-9138161.501542315,196036460179811.25,1529.268880518554,196036460056378.38,1529.2688814814462,196036460083064.9,1529.2688812732663,196036460153124.72,1529.2688807267339,196036460218599.72,1529.2688802159673,196036460017589.9,1529.268881784033
0.0006400000000000014,0.0007318661000299958,-0.0006605109282355442,0.0007895504232549202,-0.09417836200940563,0.053438438708589935,-0.15317296193702704,5.8770170404804005e-24,-3.821578954118124e-24,1.6578206223636885e-23,62344723.4469285,5.152944068910086e-05,-4.1213181441324754e-05,-6.158249738061772e-05,0.5709229915438219,-0.456623486008383,-0.6823063313147586,-10461980.695636904,1263230.696011263,54614.14970380214,-9144135.84992184,196036460179678.72,1529.2688805195876,196036460056510.9,1529.2688814804126,196036460083151.03,1529.2688812725944,196036460153038.6,1529.2688807274058,196036460218255.72,1529.2688802186508,196036460017933.9,1529.2688817813494
0.0006450000000000014,0.0007313962263006527,-0.0006602443980574021,0.0007887871851358721,-0.09397474586860968,0.05330603562841766,-0.15264762380962152,5.9043966956135856e-24,-3.840567029304053e-24,1.655664298428913e-23,62385899.14758018,5.159329802748536e-05,-4.1295300520934984e-05,-6.159776294845615e-05,0.5710965079482537,-0.45710591925361993,-0.6818379258977992,-10468675.478637267,1264411.8585300213,54172.754724051825,-9150090.865383195,196036460179545.56,1529.2688805206265,196036460056644.03,1529.2688814793742,196036460083237.62,1529.2688812719189,196036460152952.0,1529.2688807280813,196036460217912.2,1529.2688802213306,196036460018277.4,1529.2688817786698
0.0006500000000000014,0.0007309273753950148,-0.0006599785331839814,0.0007880265699720426,-0.09377018112758402,0.05317297468413441,-0.15212303276590636,5.931311488984751e-24,-3.859220901594982e-24,1.6534776258652024e-23,62426955.84152436,5.165681362809825e-05,-4.137713529797923e-05,-6.161292550219693e-05,0.5712681451661786,-0.4575860893036043,-0.6813719081340437,-10475349.836553175,1265588.0941366956,53735.173235369824,-9156026.569181109,196036460179411.8,1529.2688805216696,196036460056777.8,1529.2688814783303,196036460083324.62,1529.2688812712404,196036460152865.0,1529.26888072876,196036460217569.2,1529.2688802240064,196036460018620.47,1529.2688817759936
0.0006550000000000014,0.0007304595519755547,-0.0006597133368467084,0.00078726857397544,-0.09356468389200905,0.053039267454591026,-0.15159919932051966,5.957762692441725e-24,-3.877541152847816e-24,1.6512610651851788e-23,62467893.23865561,5.171998851277976e-05,-4.145868595790826e-05,-6.162798505371588e-05,0.5714379209979508,-0.45806400953163556,-0.6809082651997562,-10482003.753978431,1266759.404442938,53301.36990605928,-9161942.979629433,196036460179277.44,1529.268880522718,196036460056912.2,1529.268881477282,196036460083412.06,1529.2688812705583,196036460152777.6,1529.268880729442,196036460217226.66,1529.2688802266784,196036460018963.0,1529.2688817733217
0.0006600000000000014,0.0007299927606244372,-0.000659448812219216,0.0007865131933062973,-0.09335827022350045,0.05290492549847925,-0.15107613382854945,5.983752013628343e-24,-3.895529184140878e-24,1.649015052847287e-23,62508711.07274951,5.1782823724616166e-05,-4.153995267120445e-05,-6.16429416564269e-05,0.5716058531195466,-0.4585396928418548,-0.6804469845388198,-10488637.219148709,1267925.791612147,52871.310040095545,-9167840.117496464,196036460179142.44,1529.2688805237713,196036460057047.16,1529.2688814762291,196036460083499.9,1529.268881269873,196036460152689.72,1529.2688807301272,196036460216884.6,1529.2688802293467,196036460019305.03,1529.2688817706535
0.0006650000000000014,0.0007295270058438147,-0.0006591849624175863,0.000785760424073828,-0.09315095612451062,0.05276996032594881,-0.15055384649386766,6.009281354484189e-24,-3.913186227374159e-24,1.646740015009571e-23,62549409.08095318,5.184532028800868e-05,-4.162093562183773e-05,-6.165779534946628e-05,0.5717719589451769,-0.45901315222723044,-0.6799880536056617,-10495250.220603922,1269087.2576890045,52444.95913344543,-9173718.003781473,196036460179006.9,1529.2688805248285,196036460057182.72,1529.2688814751716,196036460083588.16,1529.2688812691845,196036460152601.47,1529.2688807308157,196036460216543.06,1529.268880232011,196036460019646.56,1529.2688817679891
0.0006700000000000014,0.0007290622920561567,-0.000658921790500564,0.0007850102623369645,-0.09294275753159705,0.052634383404468806,-0.15003234737269877,6.03435194443558e-24,-3.930513488795716e-24,1.6444363737007462e-23,62589987.002278656,5.1907479283281556e-05,-4.170163500463795e-05,-6.167254617454842e-05,0.5719362561179555,-0.45948440047313127,-0.679531459654094,-10501842.746818237,1270243.805339893,52022.282998605246,-9179576.658479739,196036460178870.72,1529.2688805258908,196036460057318.88,1529.2688814741095,196036460083676.8,1529.268881268493,196036460152512.8,1529.2688807315074,196036460216202.06,1529.2688802346713,196036460019987.6,1529.2688817653288
0.0006750000000000014,0.000728598623604463,-0.0006586592994697654,0.0007842627041050892,-0.09273369033872225,0.05249820615971649,-0.14951164637505046,6.058966315965247e-24,-3.947512316551197e-24,1.6421045072080297e-23,62630444.59267262,5.1969301725544834e-05,-4.178205103421891e-05,-6.168719420127645e-05,0.5720987614779988,-0.45995345049898445,-0.6790771903763357,-10508414.788868094,1271395.4371809524,51603.24777714332,-9185416.10391,196036460178734.06,1529.2688805269568,196036460057455.56,1529.2688814730434,196036460083765.88,1529.2688812677982,196036460152423.78,1529.2688807322018,196036460215861.53,1529.2688802373277,196036460020328.06,1529.2688817626727
0.0006800000000000015,0.0007281360047527025,-0.0006583974922699121,0.0007835177453386898,-0.09252377035210799,0.052361439970661006,-0.14899175327986836,6.083125338261403e-24,-3.964183988556645e-24,1.639744829415488e-23,62670781.60491612,5.203078874864142e-05,-4.186218393245574e-05,-6.170173948351848e-05,0.5722594926508546,-0.4604203148673083,-0.6786252328999234,-10514966.336825183,1272542.1567544665,51187.81995743381,-9191236.360113282,196036460178596.75,1529.268880528028,196036460057592.84,1529.2688814719725,196036460083855.28,1529.2688812671006,196036460152334.34,1529.2688807328996,196036460215521.6,1529.2688802399796,196036460020668.03,1529.2688817600206
0.0006850000000000015,0.0007276744396859632,-0.0006581363717890522,0.0007827753819500763,-0.0923130133478619,0.052224096171996595,-0.14847267772270312,6.106831612565572e-24,-3.9805299959307686e-24,1.6373576916992705e-23,62710997.80823571,5.209194138228726e-05,-4.194203392435066e-05,-6.171618210038984e-05,0.5724184662342257,-0.46088500625327433,-0.6781755749988168,-10521497.38334645,1273683.9671069013,50775.966324371155,-9197037.449915176,196036460178458.94,1529.268880529103,196036460057730.7,1529.2688814708972,196036460083945.1,1529.2688812664,196036460152244.53,1529.2688807336,196036460215182.2,1529.2688802426271,196036460021007.47,1529.2688817573728
0.0006900000000000015,0.0007272139325109033,-0.0006578759408588184,0.0007820356098039895,-0.09210143501196863,0.05208618604675597,-0.14795442921736704,6.130087172332901e-24,-3.9965514864771615e-24,1.6349434057709882e-23,62751092.969952956,5.2152760704498583e-05,-4.2021601274770875e-05,-6.173052216591898e-05,0.5725756987819259,-0.46134753728889355,-0.6777282043724181,-10528007.920351854,1274820.8723365942,50367.653988539154,-9202819.394026719,196036460178320.62,1529.268880530182,196036460057869.0,1529.268881469818,196036460084035.28,1529.2688812656963,196036460152154.34,1529.2688807343038,196036460214843.28,1529.268880245271,196036460021346.34,1529.2688817547291
0.0006950000000000015,0.0007267544872561035,-0.0006576162022546274,0.0007812984247181411,-0.0918890509599613,0.05194772083820481,-0.14743701716967622,6.152893541357508e-24,-4.012250321854177e-24,1.6325023679315624e-23,62791066.87185157,5.221324783389524e-05,-4.2100886197926254e-05,-6.174475973931911e-05,0.5727312073918577,-0.46180792011088817,-0.6772831084578447,-10534497.941861456,1275952.8760962684,49962.85043174265,-9208582.215333443,196036460178181.72,1529.2688805312657,196036460058007.88,1529.2688814687347,196036460084125.8,1529.2688812649903,196036460152063.8,1529.26888073501,196036460214504.97,1529.2688802479101,196036460021684.7,1529.2688817520898
0.0007000000000000015,0.0007262961078723306,-0.0006573571586960019,0.0007805638224639004,-0.09167587675457954,0.051808711725109494,-0.14692045084814376,6.1752535195513996e-24,-4.027627626421059e-24,1.630034889038891e-23,62830919.302099116,5.2273403826610754e-05,-4.217988900033909e-05,-6.175889494352685e-05,0.5728850080270426,-0.46226616748913085,-0.6768402750817698,-10540967.442673508,1277079.9828140235,49561.52329414233,-9214325.936565343,196036460178042.34,1529.2688805323528,196036460058147.28,1529.2688814676474,196036460084216.72,1529.2688812642812,196036460151972.9,1529.2688807357192,196036460214167.2,1529.2688802505452,196036460022022.47,1529.2688817494547
0.0007050000000000015,0.0007258387982330228,-0.0006570988128467654,0.0007798317987668326,-0.09146192786155662,0.05166916984728162,-0.14640473941358226,6.1971687016631586e-24,-4.042685038967301e-24,1.6275412858193558e-23,62870650.05028529,5.233322981940055e-05,-4.225860994248795e-05,-6.177292789732533e-05,0.5730371172633215,-0.4627222914497313,-0.6763996919233866,-10547416.417426826,1278202.1973019363,49163.64065817104,-9220050.579466717,196036460177902.44,1529.2688805334442,196036460058287.2,1529.268881466556,196036460084307.97,1529.2688812635693,196036460151881.62,1529.2688807364311,196036460213829.9,1529.2688802531763,196036460022359.7,1529.268881746824
0.0007100000000000015,0.0007253825621345659,-0.0006568411673153267,0.0007791023493072472,-0.09124721969137391,0.05152910628775503,-0.14588989191707086,6.218641245229739e-24,-4.057424251996098e-24,1.6250219469056e-23,62910258.922913134,5.2392726924813145e-05,-4.2337049302859495e-05,-6.178685867760798e-05,0.5731875514915769,-0.46317630426278383,-0.6759613465166187,-10553844.863301411,1279319.5239719658,48769.17082254714,-9225756.168506898,196036460177762.0,1529.26888053454,196036460058427.6,1529.2688814654605,196036460084399.56,1529.2688812628546,196036460151790.06,1529.2688807371453,196036460213493.28,1529.2688802558023,196036460022696.34,1529.2688817441979
0.0007150000000000016,0.0007249274032966671,-0.000656584224654972,0.000778375469720872,-0.0910317675797624,0.051388532070924815,-0.14537591727504234,6.239674009608711e-24,-4.071846614677113e-24,1.6224770974360724e-23,62949745.72223046,5.245189620511687e-05,-4.241520738600081e-05,-6.180068745023316e-05,0.5733363261504418,-0.46362821813916544,-0.6755252271095553,-10560252.776422977,1280431.967916925,48378.0825368702,-9231442.725969182,196036460177621.16,1529.2688805356386,196036460058568.47,1529.2688814643616,196036460084491.5,1529.2688812621377,196036460151698.16,1529.2688807378624,196036460213157.2,1529.2688802584241,196036460023032.44,1529.268881741576
0.0007200000000000016,0.0007244733253628502,-0.0006563279873640998,0.0007776511555992423,-0.09081558676338732,0.051247458174442484,-0.14486282432592765,6.260268759863541e-24,-4.085953771995375e-24,1.619907094603688e-23,62989110.265482105,5.251073882864358e-05,-4.249308451019802e-05,-6.181441433895106e-05,0.5734834574680877,-0.4640780451197756,-0.6750913212656905,-10566640.155051377,1281539.534843646,47990.344661993426,-9237110.275545739,196036460177479.78,1529.2688805367413,196036460058709.84,1529.2688814632588,196036460084583.72,1529.268881261418,196036460151605.88,1529.2688807385823,196036460212821.66,1529.2688802610414,196036460023367.97,1529.2688817389585
0.0007250000000000016,0.0007240203319007613,-0.000656072457886505,0.0007769294024903204,-0.09059869241776114,0.05110589551896712,-0.144350621784404,6.280427915217081e-24,-4.0997475681381056e-24,1.617312244543648e-23,63028352.37523424,5.256925590724007e-05,-4.257068096677485e-05,-6.182803947253176e-05,0.573628961187502,-0.4645257970381966,-0.674659616972126,-10573006.998070702,1282642.2299503225,47605.9264393504,-9242758.841681028,196036460177337.97,1529.2688805378477,196036460058851.66,1529.2688814621524,196036460084676.28,1529.268881260696,196036460151513.34,1529.268880739304,196036460212486.75,1529.2688802636542,196036460023702.9,1529.2688817363457
0.0007300000000000016,0.0007235684264025884,-0.0006558176386116987,0.000776210205899025,-0.09038109963457956,0.05096385496126378,-0.14383931825908455,6.3001538232633895e-24,-4.113229246592554e-24,1.6146928407780498e-23,63067471.87672006,5.262744857730891e-05,-4.2647997121497383e-05,-6.184156300903301e-05,0.5737728527659728,-0.46497148607176186,-0.6742301020935023,-10579353.304374237,1283740.0594638404,47224.79738652403,-9248388.447523871,196036460177195.66,1529.2688805389578,196036460058993.97,1529.2688814610424,196036460084769.2,1529.2688812599713,196036460151420.44,1529.2688807400289,196036460212152.4,1529.2688802662624,196036460024037.25,1529.2688817337375
0.0007350000000000016,0.0007231176122854675,-0.0006555635318751237,0.0007754935612877405,-0.09016282342420313,0.05082134731501544,-0.14332892225688826,6.3194489447316024e-24,-4.1264008257602526e-24,1.6120491764679046e-23,63106468.60744009,5.2685317967910405e-05,-4.272503327991173e-05,-6.185498509919188e-05,0.5739151476890177,-0.4654151238072383,-0.6738027647498827,-10585679.074658182,1284833.0291620165,46846.92735987427,-9253999.118136292,196036460177052.94,1529.2688805400712,196036460059136.7,1529.268881459929,196036460084862.38,1529.2688812592444,196036460151327.25,1529.2688807407558,196036460211818.62,1529.268880268866,196036460024371.0,1529.2688817311341
0.0007400000000000016,0.0007226678928919088,-0.0006553101399585038,0.0007747794640768247,-0.08994387871173755,0.05067838332397521,-0.14281944218316497,6.338315597672824e-24,-4.139263998953836e-24,1.609381556142243e-23,63145342.41143939,5.2742865239390786e-05,-4.2801789798668244e-05,-6.186830590944824e-05,0.5740558613332818,-0.46585672200322764,-0.6733775929100341,-10591984.31030452,1285921.145624269,46472.286476950154,-9259590.878203303,196036460176909.75,1529.2688805411883,196036460059279.88,1529.2688814588118,196036460084955.84,1529.2688812585152,196036460151233.78,1529.268880741485,196036460211485.5,1529.268880271465,196036460024704.16,1529.2688817285352
0.0007450000000000016,0.0007222192714901989,-0.0006550574650901376,0.0007740679096451359,-0.08972428034197692,0.05053497367322937,-0.142310886337757,6.356756563960572e-24,-4.15182030767161e-24,1.6066902531061367e-23,63184093.13474033,5.280009150455756e-05,-4.287826703834116e-05,-6.18815256047539e-05,0.5741950086019622,-0.4662962924750302,-0.6729545747824542,-10598269.01273368,1287004.4151289503,46100.845124065534,-9265163.752480663,196036460176766.16,1529.2688805423086,196036460059423.44,1529.268881457692,196036460085049.62,1529.2688812577837,196036460151140.0,1529.2688807422164,196036460211152.94,1529.268880274059,196036460025036.7,1529.2688817259411
0.0007500000000000016,0.0007217717512748822,-0.0006548055094451654,0.0007733588933305068,-0.08950404306333408,0.050391128994457225,-0.1418032629258168,6.3747743253138634e-24,-4.164071651887812e-24,1.6039755741957954e-23,63222720.63970381,5.2856997937304214e-05,-4.295446537487269e-05,-6.18946443716307e-05,0.574332604588949,-0.4667338467980853,-0.6725336984561706,-10604533.185712216,1288082.844817233,45732.57398827458,-9270717.766906708,196036460176622.16,1529.2688805434316,196036460059567.47,1529.2688814565686,196036460085143.7,1529.26888125705,196036460151045.94,1529.2688807429504,196036460210821.0,1529.2688802766484,196036460025368.62,1529.2688817233516
0.0007550000000000017,0.000721325335367191,-0.0006545542751458978,0.0007726524104302759,-0.08928318153823982,0.0502468598535112,-0.1412965800461899,6.3923711180458814e-24,-4.176019733514526e-24,1.601237797853851e-23,63261224.7847507,5.2913585710225905e-05,-4.303038518291854e-05,-6.190766239488757e-05,0.5744686642707179,-0.46716939642796645,-0.6721149520819685,-10610776.832021434,1289156.441863253,45367.44398751886,-9276252.946170662,196036460176477.75,1529.2688805445582,196036460059711.88,1529.268881455442,196036460085238.03,1529.2688812563138,196036460150951.6,1529.2688807436864,196036460210489.7,1529.2688802792331,196036460025699.97,1529.2688817207668
0.0007600000000000017,0.0007208800268154328,-0.0006543037642621115,0.0007719484562017697,-0.08906171035164519,0.050102176757279016,-0.14079084570125203,6.409549305891332e-24,-4.187666484264901e-24,1.5984772118893048e-23,63299605.43637246,5.296985598501138e-05,-4.31060268189304e-05,-6.192057984655616e-05,0.5746032025336133,-0.46760295262395946,-0.6716983239040204,-10616999.955453865,1290225.2131813327,45005.4264133512,-9281769.315859182,196036460176332.9,1529.2688805456883,196036460059856.72,1529.2688814543121,196036460085332.62,1529.268881255576,196036460150857.0,1529.2688807444242,196036460210158.97,1529.2688802818132,196036460026030.66,1529.2688817181872
0.0007650000000000017,0.0007204358285953998,-0.0006540539788113829,0.0007712470258628013,-0.08883964400660695,0.04995709014572193,-0.14028606779366423,6.4263121913749446e-24,-4.199013682280396e-24,1.5956941093045507e-23,63337862.48041695,5.3025809903119235e-05,-4.3181390706756084e-05,-6.193339693579496e-05,0.5747362336495242,-0.468034527033026,-0.6712838023037134,-10623202.562695835,1291289.1663795393,44646.49277613354,-9287266.903540162,196036460176187.72,1529.2688805468208,196036460060001.9,1529.2688814531793,196036460085427.5,1529.2688812548358,196036460150762.12,1529.268880745164,196036460209828.88,1529.268880284388,196036460026360.75,1529.2688817156122
0.0007700000000000017,0.000719992743610941,-0.0006538049207593969,0.0007705481145921784,-0.08861699689176197,0.04981161039719538,-0.13978225412457335,6.442661746467102e-24,-4.210062932989104e-24,1.5928887671531753e-23,63375995.791527495,5.308144867225876e-05,-4.325647725849733e-05,-6.19461138659979e-05,0.5748677723157084,-0.46846413091233585,-0.6708713754523478,-10629384.658169217,1292348.3095338808,44290.61481567694,-9292745.73381966,196036460176042.1,1529.2688805479568,196036460060147.53,1529.2688814520434,196036460085522.62,1529.2688812540937,196036460150667.0,1529.2688807459065,196036460209499.44,1529.268880286958,196036460026690.2,1529.2688817130422
0.0007750000000000017,0.0007195507746943038,-0.0006535565920202247,0.0007698517175301827,-0.08839378332742592,0.04966574783443288,-0.13927941239913777,6.4586011766320114e-24,-4.220816394737279e-24,1.59006143584833e-23,63414005.26204971,5.313677342172566e-05,-4.333128685362993e-05,-6.19587308506615e-05,0.5749978326004511,-0.46889177532256116,-0.6704610320813883,-10635546.248994494,1293402.650035637,43937.76470627963,-9298205.834252577,196036460175896.16,1529.2688805490952,196036460060293.47,1529.2688814509052,196036460085618.0,1529.26888125335,196036460150571.6,1529.2688807466504,196036460209170.62,1529.268880289523,196036460027019.0,1529.268881710477
0.0007800000000000017,0.0007191099246066895,-0.0006533089944566978,0.000769157829779004,-0.0881700175228574,0.04951951270538951,-0.13877755023575736,6.474132758209242e-24,-4.231275785950299e-24,1.5872124678373213e-23,63451890.79384443,5.3191785385151316e-05,-4.3405819955372434e-05,-6.197124809364225e-05,0.5751264290128055,-0.46931747164619275,-0.6700527602051971,-10641687.343469236,1294452.1966389148,43587.91458100822,-9303647.232249314,196036460175749.84,1529.2688805502364,196036460060439.8,1529.2688814497633,196036460085713.66,1529.2688812526037,196036460150475.97,1529.2688807473965,196036460208842.47,1529.268880292083,196036460027347.2,1529.268881707917
0.0007850000000000017,0.0007186701960386473,-0.0006530621298807054,0.0007684664464033504,-0.08794571360844856,0.049372915198483504,-0.13827667513072248,6.489259158758936e-24,-4.241442821311695e-24,1.5843420681220497e-23,63489652.27657047,5.324648571489722e-05,-4.348007697057174e-05,-6.198366582573059e-05,0.5752535754146105,-0.46974123082128627,-0.6696465485905309,-10647807.94752126,1295496.9573908676,43241.03715195654,-9309069.952978434,196036460175603.16,1529.2688805513808,196036460060586.47,1529.2688814486194,196036460085809.5,1529.2688812518559,196036460150380.1,1529.2688807481445,196036460208514.9,1529.2688802946382,196036460027674.7,1529.2688817053622
0.0007900000000000017,0.0007182315916105364,-0.0006528160000534918,0.0007677775624308038,-0.08772088562217081,0.049225965442725846,-0.13777679450929814,6.503983196985639e-24,-4.251319937444015e-24,1.5814505711733638e-23,63527289.634670936,5.3300875627806036e-05,-4.3554058330556195e-05,-6.199598427404816e-05,0.5753792859693739,-0.47016306370453903,-0.6692423856909656,-10653908.072557196,1296536.9410469478,42897.105289600615,-9314474.026220646,196036460175456.12,1529.268880552528,196036460060733.5,1529.2688814474723,196036460085905.6,1529.2688812511062,196036460150284.03,1529.268880748894,196036460208188.06,1529.268880297188,196036460028001.56,1529.2688817028122
0.0007950000000000018,0.0007177941138730148,-0.0006525706066860782,0.0007670911728523995,-0.08749554750433822,0.04907867348270789,-0.13727791568086803,6.5183078444185456e-24,-4.260908703334266e-24,1.5785382006094376e-23,63564802.77554671,5.3354956281208704e-05,-4.362776449082434e-05,-6.200820368626793e-05,0.5755035741469112,-0.47058298134810705,-0.6688402603085863,-10659987.7267933,1297572.156297533,42556.092120698784,-9319859.478375068,196036460175308.78,1529.2688805536773,196036460060880.84,1529.268881446323,196036460086001.9,1529.268881250355,196036460150187.72,1529.2688807496452,196036460207861.84,1529.268880299733,196036460028327.78,1529.2688817002672
0.0008000000000000018,0.0007173577653075532,-0.0006523259514395349,0.0007664072726230128,-0.08726971309231275,0.048931049308661614,-0.13678004587734072,6.5322356003061865e-24,-4.270210916833101e-24,1.5756052819181867e-23,63602191.62163417,5.340872888926938e-05,-4.370119592278136e-05,-6.202032427801383e-05,0.5756264538079592,-0.47100099476907065,-0.6684401608244519,-10666046.920599723,1298602.6121575942,42217.97091849306,-9325226.337523637,196036460175161.12,1529.2688805548291,196036460061028.5,1529.268881445171,196036460086098.44,1529.268881249602,196036460150091.16,1529.2688807503985,196036460207536.25,1529.2688803022727,196036460028653.34,1529.2688816977277
0.0008050000000000018,0.0007169225483268689,-0.0006520820359252923,0.0007657258566619236,-0.087043396136867,0.048783102848530324,-0.13628319221785565,6.545769230703688e-24,-4.279228950655726e-24,1.572652085287922e-23,63639456.106270306,5.3462194662706145e-05,-4.377435306344141e-05,-6.203234630611622e-05,0.5757479386121699,-0.47141711445562257,-0.6680420760567192,-10672085.665834391,1299628.3178351729,41882.7154003444,-9330574.632598875,196036460175013.12,1529.2688805559837,196036460061176.5,1529.2688814440166,196036460086195.2,1529.2688812488473,196036460149994.44,1529.268880751153,196036460207211.38,1529.268880304807,196036460028978.25,1529.2688816951932
0.0008100000000000018,0.0007164884652754042,-0.000651838861705552,0.0007650469198532838,-0.08681661029294033,0.04863484394805185,-0.1357873617279423,6.5589116493125565e-24,-4.2879644657620624e-24,1.5696788899133678e-23,63676596.16404368,5.3515354804773545e-05,-4.384723641885904e-05,-6.20442700293238e-05,0.5758680418519212,-0.4718313513805629,-0.667645994691817,-10678103.974210087,1300649.283012044,41550.299359345954,-9335904.391838696,196036460174864.8,1529.2688805571406,196036460061324.8,1529.2688814428595,196036460086292.16,1529.2688812480906,196036460149897.5,1529.2688807519091,196036460206887.16,1529.2688803073363,196036460029302.47,1529.2688816926639
0.0008150000000000018,0.0007160555184298316,-0.0006515964302935749,0.0007643704570466018,-0.08658936911452347,0.04848628239541812,-0.13529256133640002,6.5716655680147834e-24,-4.2964195736330066e-24,1.5666859390098356e-23,63713611.73035997,5.3568210505765874e-05,-4.391984643268249e-05,-6.205609570091231e-05,0.5759867768290918,-0.4722437159416886,-0.6672519057084959,-10684101.857236639,1301665.5168627754,41220.69705978632,-9341215.643314077,196036460174716.22,1529.2688805582998,196036460061473.4,1529.2688814417004,196036460086389.28,1529.268881247333,196036460149800.34,1529.268880752667,196036460206563.6,1529.2688803098604,196036460029626.03,1529.2688816901398
0.0008200000000000018,0.0007156237099995233,-0.0006513547431540466,0.000763696463057163,-0.08636168606165087,0.04833742790566632,-0.13479879788776325,6.5840338376172496e-24,-4.304596236353424e-24,1.5636735394380574e-23,63750502.755480856,5.3620762980312866e-05,-4.399218360336254e-05,-6.206782357219045e-05,0.5761041567672527,-0.47265421882322983,-0.6668597978466653,-10690079.328578718,1302677.0291611135,40893.88280417106,-9346508.416613434,196036460174567.34,1529.2688805594612,196036460061622.28,1529.2688814405392,196036460086486.6,1529.268881246574,196036460149703.03,1529.2688807534262,196036460206240.72,1529.268880312379,196036460029948.9,1529.2688816876212
0.0008250000000000018,0.0007151930421270454,-0.0006511138017034173,0.0007630249326665618,-0.08613357449558741,0.048188290125854905,-0.13430607812025097,6.596019308186629e-24,-4.312496354482705e-24,1.5606419646623633e-23,63787269.195099965,5.3673013460236776e-05,-4.4064248454641996e-05,-6.207945393283929e-05,0.576220194680589,-0.4730628706323367,-0.6664696599781247,-10696036.402429048,1303683.8304044278,40569.83117998791,-9351782.740844632,196036460174418.16,1529.268880560625,196036460061771.44,1529.2688814393755,196036460086584.12,1529.2688812458132,196036460149605.47,1529.2688807541872,196036460205918.5,1529.2688803148926,196036460030271.1,1529.2688816851078
0.0008300000000000019,0.0007147635168886511,-0.0006508736073102313,0.0007623558606231751,-0.08590504767885407,0.04803887863719524,-0.1338144086773372,6.60762507509681e-24,-4.320122167669609e-24,1.5575914944668475e-23,63823911.01217264,5.372496314000293e-05,-4.413604146841834e-05,-6.209098704590063e-05,0.576334903448796,-0.4734696817199445,-0.6660814811707962,-10701973.093906667,1304685.930321875,40248.51709766885,-9357038.646487124,196036460174268.75,1529.2688805617904,196036460061920.88,1529.2688814382097,196036460086681.84,1529.2688812450508,196036460149507.78,1529.2688807549494,196036460205597.0,1529.2688803174008,196036460030592.6,1529.2688816825996
0.0008350000000000019,0.0007143351362948175,-0.0006506341612955148,0.0007616892416426473,-0.08567611876672898,0.04788920294330342,-0.13332379610556158,6.61885348804748e-24,-4.327475659382627e-24,1.5545224184216555e-23,63860428.168638475,5.3776613268091727e-05,-4.4207563150685724e-05,-6.210242317824021e-05,0.5764482961547164,-0.47387466236155357,-0.6656952502700075,-10707889.41755926,1305683.3393313426,39929.91567080105,-9362276.162557116,196036460174119.03,1529.2688805629584,196036460062070.6,1529.2688814370417,196036460086779.72,1529.2688812442873,196036460149409.9,1529.2688807557129,196036460205276.2,1529.2688803199032,196036460030913.44,1529.268881680097
0.0008400000000000019,0.0007139079022906521,-0.0006503954649331195,0.0007610250704083916,-0.08544680083308216,0.04773927247907596,-0.13283424685113865,6.629707895009607e-24,-4.334558807743522e-24,1.5514349889913556e-23,63896820.63590493,5.382796502528131e-05,-4.427881401652362e-05,-6.211376261395569e-05,0.5765603852022105,-0.47427782294340004,-0.665310956530514,-10713785.389244981,1306676.0675828129,39614.00224669373,-9367495.319415476,196036460173969.1,1529.268880564128,196036460062220.53,1529.2688814358721,196036460086877.75,1529.2688812435226,196036460149311.88,1529.2688807564775,196036460204956.1,1529.2688803224003,196036460031233.53,1529.2688816776
0.0008450000000000019,0.0007134818167564732,-0.000650157519450065,0.0007603633415720275,-0.08521710683578929,0.04758909661087502,-0.13234576727281375,6.64019101101873e-24,-4.3413736337542585e-24,1.5483294909541763e-23,63933088.39538356,5.387901967341202e-05,-4.434979461932871e-05,-6.21250056641402e-05,0.5766711832570415,-0.4746791737370051,-0.6649285889637156,-10719661.026073618,1307664.1264427432,39300.7523880503,-9372696.147242825,196036460173818.9,1529.2688805652997,196036460062370.75,1529.2688814347002,196036460086975.97,1529.2688812427564,196036460149213.66,1529.2688807572438,196036460204636.7,1529.268880324892,196036460031552.94,1529.268881675108
0.0008500000000000019,0.0007130568815082799,-0.0006499203260268899,0.0007597040497538741,-0.0849870496386604,0.04743868463504279,-0.13185836363066739,6.650305690823264e-24,-4.3479222902223785e-24,1.545206183594638e-23,63969231.42687577,5.392977842222392e-05,-4.4420505462393876e-05,-6.213615261029903e-05,0.5767807027864688,-0.47507872474720947,-0.6645481368461674,-10725516.344606277,1308647.5263052315,38990.14197688947,-9377878.676324157,196036460173668.47,1529.2688805664734,196036460062521.2,1529.2688814335268,196036460087074.3,1529.2688812419892,196036460149115.28,1529.2688807580112,196036460204317.97,1529.2688803273784,196036460031871.66,1529.2688816726218
0.0008550000000000019,0.0007126330982982469,-0.0006496838857980232,0.0007590471895433994,-0.08475664200659948,0.04728804577333491,-0.13137204209494796,6.660055124079173e-24,-4.35420694825562e-24,1.5420653554915552e-23,64005249.72582126,5.398024249295148e-05,-4.449094708972346e-05,-6.214720375210818e-05,0.5768889560533544,-0.47547648611928706,-0.6641695894358053,-10731351.36368909,1309626.2781521538,38682.14702854884,-9383042.938508388,196036460173517.78,1529.2688805676487,196036460062671.8,1529.2688814323517,196036460087172.8,1529.2688812412207,196036460149016.84,1529.2688807587792,196036460203999.94,1529.2688803298593,196036460032189.7,1529.268881670141
0.0008600000000000019,0.0007122104688152769,-0.0006494481998521618,0.0007583927554997198,-0.0845258965940011,0.04713718917228645,-0.13088680873592232,6.66944177097442e-24,-4.360229451231737e-24,1.5389073170843627e-23,64041143.284096725,5.4030413141251966e-05,-4.4561120060404593e-05,-6.215815936676849e-05,0.5769959555219056,-0.4758724679961559,-0.6637929357221352,-10737166.101175975,1310600.3931901362,38376.74378678878,-9388188.96419905,196036460173366.9,1529.2688805688258,196036460062822.72,1529.2688814311746,196036460087271.47,1529.2688812404513,196036460148918.16,1529.268880759549,196036460203682.66,1529.2688803323342,196036460032506.97,1529.268881667666
0.0008650000000000019,0.0007117889946854268,-0.000649213269232589,0.0007577407421521384,-0.08429482597002377,0.04698612391456651,-0.13040266951630197,6.678469086209037e-24,-4.3659921295959535e-24,1.535732286583862e-23,64076912.10726815,5.4080291578367364e-05,-4.46310249194256e-05,-6.216901980355998e-05,0.5771017129952698,-0.4762666801899787,-0.663418165412089,-10742960.576928375,1311569.8828978527,38073.90884296411,-9393316.785187557,196036460173215.8,1529.2688805700043,196036460062973.8,1529.2688814299959,196036460087370.25,1529.2688812396807,196036460148819.38,1529.2688807603195,196036460203366.06,1529.268880334804,196036460032823.56,1529.2688816651962
0.000870000000000002,0.0007113686774725061,-0.0006489790949375785,0.0007570911440005224,-0.08406344258413387,0.04683485900210317,-0.12991963032319673,6.687139586062435e-24,-4.3714969887263994e-24,1.532540585749526e-23,64112556.20239369,5.412987906889979e-05,-4.470066223515345e-05,-6.217978534976812e-05,0.5772062407522704,-0.47665913265847487,-0.6630452676023731,-10748734.81068158,1312534.7588185216,37773.618881116934,-9398426.43298194,196036460173064.5,1529.2688805711848,196036460063125.12,1529.2688814288153,196036460087469.16,1529.268881238909,196036460148720.47,1529.2688807610912,196036460203050.22,1529.2688803372678,196036460033139.44,1529.268881662732
0.000875000000000002,0.000710949518678513,-0.0006487456779207417,0.0007564439555158613,-0.08383175879861832,0.04668340336734583,-0.12943769693223905,6.695456380837157e-24,-4.376746101438951e-24,1.5293324472092707e-23,64148075.57748939,5.4179176821768766e-05,-4.477003255713728e-05,-6.219045632642151e-05,0.5773095505041589,-0.477049835154245,-0.6626742319390376,-10754488.822050467,1313495.0322870968,37475.85088504285,-9403517.938878328,196036460172913.0,1529.2688805723667,196036460063276.62,1529.2688814276335,196036460087568.2,1529.2688812381366,196036460148621.4,1529.2688807618638,196036460202735.06,1529.2688803397264,196036460033454.56,1529.2688816602736
0.000880000000000002,0.000710531519744173,-0.0006485130190913871,0.0007557991711406689,-0.08359978686800396,0.04653176587092879,-0.12895687503846473,6.703422588265115e-24,-4.3817414764475284e-24,1.526108178955331e-23,64183470.2554248,5.422818607383196e-05,-4.483913648021316e-05,-6.22010330427607e-05,0.5774116539890987,-0.4774387976620234,-0.6623050477873583,-10760222.632772975,1314450.7151099653,37180.58197335096,-9408591.335689658,196036460172761.34,1529.2688805735497,196036460063428.3,1529.2688814264502,196036460087667.34,1529.268881237363,196036460148522.25,1529.2688807626375,196036460202420.66,1529.2688803421793,196036460033768.97,1529.268881657821
0.000885000000000002,0.0007101146820494789,-0.0006482811193148677,0.000755156785289518,-0.08336753893880015,0.046379955303892065,-0.12847717023020205,6.711041160985123e-24,-4.386485636453315e-24,1.5228680269010268e-23,64218740.26383204,5.427690807451161e-05,-4.490797455568315e-05,-6.221151584657743e-05,0.577512562918912,-0.47782602954365555,-0.6619377048947849,-10765936.265050171,1315401.8193141958,36887.789657544585,-9413646.656078432,196036460172609.47,1529.2688805747343,196036460063580.16,1529.2688814252658,196036460087766.62,1529.2688812365886,196036460148423.0,1529.2688807634115,196036460202106.94,1529.2688803446265,196036460034082.66,1529.268881655374
0.000890000000000002,0.0007096990069142029,-0.0006480499794130183,0.0007545167923494651,-0.08313502705521866,0.04622798036987376,-0.12799858801057976,6.718314534491484e-24,-4.39098027876993e-24,1.5196123398875255e-23,64253885.6296386,5.432534409716557e-05,-4.497654740085188e-05,-6.222190501942504e-05,0.5776122891654029,-0.47821154075888794,-0.6615721923494923,-10771629.74061133,1316348.3569996546,36597.451410920075,-9418683.932200754,196036460172457.4,1529.2688805759208,196036460063732.22,1529.2688814240796,196036460087866.0,1529.2688812358133,196036460148323.62,1529.2688807641869,196036460201794.03,1529.2688803470674,196036460034395.6,1529.2688816529328
0.000895000000000002,0.0007092844955983174,-0.0006478196001644497,0.0007538791866806558,-0.08290226317709067,0.046075849713706526,-0.12752113376186644,6.725246293950472e-24,-4.395227764454815e-24,1.516341290435931e-23,64288906.388664015,5.437349535066875e-05,-4.5044855591008894e-05,-6.223220095391452e-05,0.5777108437307845,-0.4785953406413302,-0.6612085003629898,-10777303.082390307,1317290.3405443416,36309.545200212415,-9423703.196645752,196036460172305.2,1529.2688805771081,196036460063884.44,1529.268881422892,196036460087965.47,1529.2688812350373,196036460148224.12,1529.2688807649631,196036460201481.78,1529.2688803495032,196036460034707.8,1529.2688816504972
0.000900000000000002,0.0007088711493026172,-0.0006475899823049576,0.000753243962616623,-0.08266925914003506,0.045923571898421445,-0.12704481280655877,6.731839349618062e-24,-4.3992302841465354e-24,1.5130552227859402e-23,64323802.58585624,5.442136307530647e-05,-4.5112899715047416e-05,-6.224240393558846e-05,0.5778082381524613,-0.47897743880891264,-0.6608466183882635,-10782956.314536963,1318227.7817302775,36024.04899333926,-9428704.483813347,196036460172152.84,1529.2688805782966,196036460064036.78,1529.2688814217036,196036460088065.06,1529.2688812342603,196036460148124.56,1529.2688807657396,196036460201170.34,1529.2688803519327,196036460035019.28,1529.2688816480675
0.000905000000000002,0.000708458969169223,-0.0006473611265279018,0.0007526111144648836,-0.08243602667884153,0.04577115541115236,-0.12656963034788754,6.738096434525875e-24,-4.4029897729493316e-24,1.5097543571947782e-23,64358574.26066402,5.446894853388069e-05,-4.5180680388604e-05,-6.225251433745987e-05,0.577904483611346,-0.4793578446432556,-0.6604865362752491,-10788589.459878735,1319160.693560803,35740.94110151643,-9433687.825216414,196036460172000.3,1529.2688805794864,196036460064189.28,1529.268881420514,196036460088164.72,1529.268881233483,196036460148024.9,1529.2688807665172,196036460200859.62,1529.2688803543567,196036460035330.0,1529.2688816456434
0.0009100000000000021,0.0007080479562820549,-0.0006471330334845419,0.0007519806365073197,-0.08220257743361066,0.045618608671989136,-0.12609559151277283,6.744020583559634e-24,-4.406508590481322e-24,1.5064389970636744e-23,64393221.47030919,5.45162529781305e-05,-4.524819821209746e-05,-6.226253249055417e-05,0.5779995913439915,-0.47973656748081817,-0.6601282437738151,-10794202.543965816,1320089.0885092095,35460.19995080207,-9438653.255505806,196036460171847.66,1529.2688805806774,196036460064341.94,1529.268881419323,196036460088264.47,1529.2688812327049,196036460147925.16,1529.2688807672953,196036460200549.62,1529.268880356775,196036460035639.97,1529.2688816432253
0.0009150000000000021,0.0007076381116673584,-0.0006469057037844456,0.0007513525230007046,-0.08196892293929586,0.045465940019269915,-0.12562270132301784,6.749615093398568e-24,-4.409788727148008e-24,1.5031094267301248e-23,64427744.27379718,5.456327763320572e-05,-4.5315453815201525e-05,-6.22724587306357e-05,0.578093572213941,-0.4801136168656993,-0.659771730725909,-10799795.592311077,1321012.97912346,35181.8041804566,-9443600.80900716,196036460171694.88,1529.268880581869,196036460064494.75,1529.268881418131,196036460088364.3,1529.268881231926,196036460147825.3,1529.268880768074,196036460200240.38,1529.2688803591873,196036460035949.22,1529.268881640813
0.0009200000000000021,0.0007072294362942753,-0.0006466791379958337,0.0007507267681771951,-0.08173507461663325,0.04531315772237291,-0.12515096470191364,6.754882633311894e-24,-4.412832372543646e-24,1.499765884640157e-23,64462142.7287417,5.4610023763545094e-05,-4.538244780580158e-05,-6.228229342279886e-05,0.5781864372287091,-0.48048900185739235,-0.6594169871173012,-10805368.629834794,1321932.3784429259,34905.732750460316,-9448530.518641409,196036460171541.97,1529.268880583062,196036460064647.66,1529.2688814169383,196036460088464.22,1529.2688812311467,196036460147725.4,1529.2688807688537,196036460199931.94,1529.2688803615936,196036460036257.7,1529.2688816384066
0.0009250000000000021,0.0007068219310753059,-0.0006464533366459595,0.0007501033662447444,-0.08150104379387896,0.045160269974815294,-0.12468038649013899,6.759826369362901e-24,-4.4156417812411014e-24,1.4964086762244368e-23,64496416.907839365,5.4656492610048727e-05,-4.5449180807578577e-05,-6.229203690090024e-05,0.578278197231495,-0.48086273172645444,-0.6590640028428681,-10810921.683735106,1322847.2991825521,34631.96465862295,-9453442.41989393,196036460171388.97,1529.2688805842554,196036460064800.7,1529.2688814157445,196036460088564.2,1529.2688812303668,196036460147625.44,1529.2688807696336,196036460199624.25,1529.2688803639937,196036460036565.4,1529.2688816360062
0.0009300000000000021,0.0007064155968668579,-0.0006462283002214996,0.0007494823113876316,-0.08126684168959716,0.04500728489200189,-0.12421097142255254,6.764448898290774e-24,-4.41821903043999e-24,1.4930380298218044e-23,64530566.87755918,5.470268545057929e-05,-4.5515653452685226e-05,-6.23016895489697e-05,0.5783688630214444,-0.48123481544412655,-0.6587127679738256,-10816454.779775979,1323757.7549243416,34360.47922463308,-9458336.545627004,196036460171235.78,1529.2688805854505,196036460064953.8,1529.26888141455,196036460088664.22,1529.2688812295864,196036460147525.4,1529.268880770414,196036460199317.28,1529.2688803663884,196036460036872.34,1529.2688816336117
0.0009350000000000021,0.000706010434469696,-0.0006460040291689127,0.0007488635977668571,-0.081032479432385,0.04485421051737053,-0.12374272415490227,6.76875379600338e-24,-4.420566546154401e-24,1.4896542559206292e-23,64564592.72762978,5.474860350998988e-05,-4.5581866373413755e-05,-6.231125171099057e-05,0.5784584451095697,-0.48160526218254907,-0.6583632726082895,-10821967.947361112,1324663.7585001306,34091.255945111145,-9463212.93291587,196036460171082.56,1529.2688805866458,196036460065107.1,1529.2688814133542,196036460088764.3,1529.2688812288056,196036460147425.3,1529.2688807711945,196036460199011.1,1529.2688803687768,196036460037178.56,1529.268881631223
0.0009400000000000021,0.0007056064446295613,-0.0006457805238948612,0.0007482472195206802,-0.08079796802694801,0.044701054810306916,-0.12327564923536388,6.772743628289936e-24,-4.422685864961439e-24,1.4862575871696585e-23,64598494.52661254,5.479424804552171e-05,-4.5647820237683715e-05,-6.232072375373351e-05,0.5785469539632206,-0.4819740811413688,-0.6580155067837022,-10827461.212002566,1325565.323501285,33824.274396751796,-9468071.61410453,196036460170929.2,1529.2688805878422,196036460065260.44,1529.268881412158,196036460088864.47,1529.2688812280242,196036460147325.16,1529.268880771976,196036460198705.66,1529.2688803711596,196036460037483.97,1529.2688816288405
0.0009450000000000022,0.0007052036280376158,-0.0006455577847664764,0.0007476331707650227,-0.08056331838909703,0.04454782567696027,-0.12280975113150913,6.776421545259691e-24,-4.424579918466669e-24,1.4828483016363395e-23,64632272.37363376,5.483962031409332e-05,-4.5713515643501606e-05,-6.233010604824376e-05,0.5786344001619707,-0.4823412808508199,-0.6576694608512598,-10832934.604040869,1326462.463130942,33559.51459765505,-9472912.626312273,196036460170775.75,1529.2688805890393,196036460065413.88,1529.2688814109608,196036460088964.66,1529.2688812272427,196036460147224.97,1529.2688807727573,196036460198401.0,1529.2688803735364,196036460037788.62,1529.2688816264638
0.0009500000000000022,0.0007048019853309883,-0.0006453358121118668,0.0007470214455939498,-0.08032854132550363,0.044394530921910896,-0.12234503421457012,6.779790813467855e-24,-4.426250021730832e-24,1.4794266849785618e-23,64665926.35507679,5.488472152976009e-05,-4.577895330009714e-05,-6.233939893625857e-05,0.5787207937017009,-0.4827068708784451,-0.6573251248385487,-10838388.151372707,1327355.1907718312,33296.956445945594,-9477736.00415493,196036460170622.25,1529.2688805902367,196036460065567.38,1529.2688814097637,196036460089064.9,1529.2688812264605,196036460147124.72,1529.2688807735396,196036460198097.12,1529.2688803759067,196036460038092.5,1529.2688816240934
0.0009550000000000022,0.0007044015170933399,-0.000645114606220346,0.0007464120380801658,-0.08009364752966577,0.044241178304177266,-0.12188150275680935,6.78285374956885e-24,-4.427699288002702e-24,1.4759929937660433e-23,64699456.576498166,5.492955302202581e-05,-4.5844133809045174e-05,-6.234860282544617e-05,0.5788061453682927,-0.48307085927172266,-0.6569824891170072,-10843821.884762924,1328243.5206674237,33036.580346569695,-9482541.783748932,196036460170468.62,1529.2688805914352,196036460065721.0,1529.268881408565,196036460089165.2,1529.2688812256783,196036460147024.44,1529.2688807743218,196036460197794.03,1529.2688803782712,196036460038395.62,1529.2688816217287
0.0009600000000000022,0.0007040022238552658,-0.0006448941673429714,0.0007458049422754577,-0.0798586476148182,0.04408777547491571,-0.1214191609415978,6.785614052868382e-24,-4.428929228739578e-24,1.4725474646124707e-23,64732863.132784545,5.4974115958027366e-05,-4.5909057851475824e-05,-6.235771806927173e-05,0.5788904647210422,-0.4834332552948558,-0.6566415441700857,-10849235.832969753,1329127.465829512,32778.36665976612,-9487330.000480475,196036460170314.97,1529.2688805926336,196036460065874.66,1529.2688814073665,196036460089265.5,1529.268881224896,196036460146924.12,1529.2688807751042,196036460197491.7,1529.2688803806298,196036460038697.94,1529.2688816193704
0.0009650000000000022,0.0007036041060949357,-0.0006446744956928068,0.000745200152211106,-0.07962355206602889,0.04393433003291634,-0.12095801287032883,6.788074222853984e-24,-4.429942273820226e-24,1.4690904102974173e-23,64766146.138456754,5.5018411652815806e-05,-4.597372610118071e-05,-6.236674504860985e-05,0.5789737621971974,-0.4837940675385132,-0.6563022801284205,-10854630.02763909,1330007.040715672,32522.296012145678,-9492100.69091127,196036460170161.22,1529.268880593833,196036460066028.4,1529.268881406167,196036460089365.84,1529.268881224113,196036460146823.8,1529.2688807758868,196036460197190.16,1529.268880382982,196036460038999.5,1529.268881617018
0.0009700000000000022,0.0007032071642385268,-0.000644455591445343,0.0007445976618984259,-0.07938837128176814,0.043780849492783276,-0.12049806253602964,6.790237376912106e-24,-4.430740387220658e-24,1.4656220472296195e-23,64799305.69771685,5.5062441321195234e-05,-4.6038139214846725e-05,-6.237568414193199e-05,0.5790560475224363,-0.48415330467330886,-0.6559646876178685,-10860004.498454751,1330882.2588776983,32268.3492510421,-9496853.890326012,196036460170007.44,1529.2688805950327,196036460066182.2,1529.2688814049675,196036460089466.2,1529.2688812233305,196036460146723.44,1529.26888077667,196036460196889.38,1529.2688803853282,196036460039300.25,1529.268881614672
0.0009750000000000022,0.0007028113986607644,-0.0006442374547388376,0.0007439974653291421,-0.07915311555250071,0.0436273413010764,-0.12003931385675014,6.792106537148692e-24,-4.4313259978658384e-24,1.4621426521064682e-23,64832341.935931735,5.510620624402062e-05,-4.610229787683283e-05,-6.238453575500604e-05,0.5791373306255108,-0.48451097522229075,-0.6556287571218202,-10865359.278312547,1331753.1348842906,32016.507373240296,-9501589.636055015,196036460169853.6,1529.268880596233,196036460066336.03,1529.2688814037672,196036460089566.56,1529.2688812225474,196036460146623.06,1529.268880777453,196036460196589.4,1529.2688803876686,196036460039600.25,1529.2688816123316
0.0009800000000000021,0.0007024168096854444,-0.0006440200856747365,0.0007433995564758687,-0.078917795063987,0.04347381282020262,-0.11958177065467514,6.793684887526872e-24,-4.4317009486682705e-24,1.4586524927955195e-23,64865254.969923556,5.514970762813558e-05,-4.616620276609672e-05,-6.239330023897237e-05,0.5792176210843443,-0.48486708798133316,-0.6552944791602437,-10870694.398431439,1332619.6822097457,31766.75151242228,-9506307.96470927,196036460169699.72,1529.2688805974333,196036460066489.9,1529.268881402567,196036460089666.97,1529.268881221764,196036460146522.66,1529.2688807782363,196036460196290.2,1529.2688803900026,196036460039899.44,1529.2688816099976
0.0009850000000000021,0.000702023397585986,-0.0006438034843179929,0.0007428039292925728,-0.07868241989167526,0.04332027134871901,-0.11912543665918364,6.794975030969595e-24,-4.4318676797655725e-24,1.4551518491862023e-23,64898044.929214954,5.519294676180358e-05,-4.622985455376556e-05,-6.24019779819899e-05,0.5792969288539332,-0.4852216512363159,-0.6549618442259855,-10876009.891816288,1333481.9153180434,31519.063046587988,-9511008.913451657,196036460169545.8,1529.2688805986338,196036460066643.8,1529.2688814013663,196036460089767.38,1529.2688812209808,196036460146422.25,1529.2688807790196,196036460195991.8,1529.2688803923302,196036460040197.8,1529.26888160767
0.0009900000000000022,0.0007016311625858819,-0.0006435876506974897,0.0007422105777150594,-0.07844700002083245,0.0431667241006412,-0.11867031550268362,6.795980131554409e-24,-4.431828311112466e-24,1.4516409236866093e-23,64930711.94209852,5.523592488344257e-05,-4.629325392780988e-05,-6.241056940798292e-05,0.5793752632832143,-0.48557467335359883,-0.6546308432185668,-10881305.79098505,1334339.8487535503,31273.423567428214,-9515692.51866407,196036460169391.9,1529.2688805998346,196036460066797.75,1529.2688814001654,196036460089867.78,1529.2688812201975,196036460146321.8,1529.2688807798029,196036460195694.2,1529.2688803946521,196036460040495.44,1529.2688816053483
0.0009950000000000022,0.0007012401048592464,-0.0006433725848064071,0.0007416194956613221,-0.07821154532710231,0.043013178216536496,-0.11821641074745641,6.796702883083045e-24,-4.431584942116135e-24,1.448120023426282e-23,64963256.14330575,5.527864325019317e-05,-4.635640157414368e-05,-6.241907486983696e-05,0.579452634075578,-0.4859261627827481,-0.6543014665932735,-10886582.129262615,1335193.496589362,31029.8147345272,-9520358.817938725,196036460169237.88,1529.268880601036,196036460066951.72,1529.2688813989644,196036460089968.2,1529.2688812194142,196036460146221.44,1529.268880780586,196036460195397.38,1529.2688803969675,196036460040792.25,1529.268881603033
0.0010000000000000022,0.0007008502245312824,-0.000643158286602586,0.0007410306770320752,-0.07797606559279871,0.0428596407642358,-0.11776372584937478,6.797146636036897e-24,-4.431139727096375e-24,1.444589374444145e-23,64995677.67339413,5.5321103082889515e-05,-4.641929818660681e-05,-6.242749477588921e-05,0.5795290503732147,-0.48627612787778546,-0.6539737053045079,-10891838.940653972,1336042.8732078958,30788.21850203784,-9525007.848944038,196036460169083.94,1529.268880602237,196036460067105.7,1529.2688813977634,196036460090068.56,1529.2688812186313,196036460146121.03,1529.2688807813693,196036460195101.38,1529.2688803992764,196036460041088.25,1529.2688816007237
0.0010050000000000022,0.0007004615216788617,-0.0006429447560089013,0.0007404441157111452,-0.07774057048415411,0.042706118736931066,-0.11731226418599756,6.797314136472476e-24,-4.430494871419896e-24,1.4410492492680332e-23,65027976.67973643,5.5363305664786625e-05,-4.648194448026363e-05,-6.243582953526659e-05,0.5796045216238598,-0.48662457689490357,-0.6536475500413297,-10897076.260020778,1336887.9936905687,30548.616850431707,-9529639.649479778,196036460168929.94,1529.2688806034382,196036460067259.7,1529.268881396562,196036460090168.97,1529.268881217848,196036460146020.66,1529.2688807821523,196036460194806.16,1529.2688804015795,196036460041383.47,1529.2688815984206
0.0010100000000000022,0.0007000739963310004,-0.0006427319929136443,0.0007398598055659429,-0.07750506957226069,0.04255261905140675,-0.11686202904046322,6.79720815457642e-24,-4.429652449661571e-24,1.437499891925259e-23,65060153.30577031,5.540525223716453e-05,-4.654434114341527e-05,-6.244407953420706e-05,0.5796790570901961,-0.48697151799629046,-0.6533229916598757,-10902294.121276958,1337728.8724276093,30310.992068179192,-9534254.256781168,196036460168775.9,1529.26888060464,196036460067413.7,1529.2688813953605,196036460090269.34,1529.268881217065,196036460145920.28,1529.2688807829354,196036460194511.72,1529.2688804038762,196036460041677.9,1529.2688815961237
0.0010150000000000022,0.0006996876484693393,-0.0006425199971708815,0.000739277740447886,-0.07726957233223423,0.042399148552571216,-0.11641302361136405,6.796832098702925e-24,-4.428614602287569e-24,1.4339415707786417e-23,65092207.707430564,5.544694400466834e-05,-4.660648887754834e-05,-6.245224515085454e-05,0.5797526657118629,-0.48731695950554066,-0.6530000211165877,-10907492.560219737,1338565.5235682873,30075.326491021613,-9538851.710160429,196036460168621.97,1529.2688806058406,196036460067567.66,1529.2688813941593,196036460090369.72,1529.268881216282,196036460145819.94,1529.268880783718,196036460194218.12,1529.2688804061665,196036460041971.5,1529.2688815938336
0.0010200000000000022,0.0006993024780287337,-0.0006423087686008256,0.0007386979141928645,-0.07703408812110409,0.042245714011173885,-0.11596525100431487,6.79618807191681e-24,-4.427383432798429e-24,1.4303745110945875e-23,65124140.03481212,5.5488382278117976e-05,-4.666838839674955e-05,-6.246032681612144e-05,0.5798253568586056,-0.4876609092788839,-0.6526786292694765,-10912671.611254498,1339397.9627317085,29841.602771074038,-9543432.045751715,196036460168467.94,1529.2688806070423,196036460067721.7,1529.2688813929578,196036460090470.03,1529.2688812154993,196036460145719.6,1529.2688807845009,196036460193925.3,1529.2688804084507,196036460042264.28,1529.2688815915496
0.0010250000000000023,0.0006989184848976186,-0.0006420983069902002,0.00073812032062163,-0.07679862622303647,0.04209232212508592,-0.11551871424688442,6.79527992141322e-24,-4.425961171135142e-24,1.426798942772121e-23,65155950.45396793,5.552956823204596e-05,-4.6730040403264496e-05,-6.246832493407762e-05,0.5798971390354433,-0.48800337549221595,-0.6523588074416649,-10917831.311329132,1340226.204144338,29609.803651107253,-9547995.303533686,196036460168314.0,1529.2688806082433,196036460067875.62,1529.268881391757,196036460090570.34,1529.2688812147169,196036460145619.28,1529.2688807852833,196036460193633.3,1529.2688804107288,196036460042556.28,1529.2688815892718
0.0010300000000000023,0.000698535668918674,-0.0006418886120926256,0.0007375449535401951,-0.07656319578890704,0.041938979514919594,-0.11507341628699012,6.794109987432898e-24,-4.424350139878782e-24,1.4232151676371206e-23,65187639.133211285,5.55705031587156e-05,-4.679144560668505e-05,-6.24762398917718e-05,0.5799680215503182,-0.4883443660115977,-0.6520405464108351,-10922971.697409954,1341050.2629219124,29379.912035316742,-9552541.522452725,196036460168160.03,1529.2688806094443,196036460068029.56,1529.268881390556,196036460090670.6,1529.268881213935,196036460145519.03,1529.2688807860652,196036460193342.16,1529.268880413,196036460042847.47,1529.2688815870001
0.0010350000000000023,0.0006981540298892315,-0.0006416796836290215,0.0007369718067403552,-0.07632780588851103,0.04178569272081859,-0.11462935996797834,6.792681443081008e-24,-4.422551948200392e-24,1.4196234268547962e-23,65219206.238786384,5.561118828230135e-05,-4.685260477239493e-05,-6.248407210022468e-05,0.5800380129205343,-0.4886838891910558,-0.651723837228854,-10928092.80588638,1341870.154266907,29151.910858080064,-9557070.740761394,196036460168006.12,1529.2688806106448,196036460068183.5,1529.268881389355,196036460090770.84,1529.2688812131526,196036460145418.78,1529.2688807868474,196036460193051.78,1529.2688804152651,196036460043137.84,1529.268881584735
0.0010400000000000023,0.0006977735675618229,-0.0006414715212878856,0.000736400874000107,-0.07609246548170776,0.04163246822717503,-0.11418654804964092,6.790997083586184e-24,-4.420569048604666e-24,1.416023893817718e-23,65250651.93739254,5.565162482219198e-05,-4.691351856354122e-05,-6.249182198320224e-05,0.5801071218248444,-0.4890219524681324,-0.6514086714285823,-10933194.672952114,1342685.8927985833,28925.783534256563,-9561582.996619275,196036460167852.25,1529.2688806118451,196036460068337.38,1529.268881388155,196036460090871.06,1529.268881212371,196036460145318.56,1529.268880787629,196036460192762.22,1529.268880417524,196036460043427.4,1529.268881582476
0.0010450000000000023,0.0006973942816446653,-0.0006412641247257186,0.0007358321490839485,-0.07585718343151256,0.041479312433411096,-0.1137449832316958,6.789059333157182e-24,-4.41840356008016e-24,1.4124169144297987e-23,65281976.413091816,5.569181407481356e-05,-4.697418773259622e-05,-6.249948991734198e-05,0.5801753573393389,-0.4893585638433962,-0.6510950397056479,-10938277.33742559,1343497.493980686,28701.51331981326,-9566078.33012509,196036460167698.38,1529.2688806130457,196036460068491.25,1529.2688813869545,196036460090971.2,1529.2688812115898,196036460145218.4,1529.2688807884106,196036460192473.5,1529.2688804197762,196036460043716.16,1529.2688815802237
0.0010500000000000023,0.0006970161718020805,-0.000641057493567391,0.0007352656257434784,-0.0756219685169512,0.04132623166553415,-0.11330466809401847,6.786871715918636e-24,-4.416057730285071e-24,1.40880262074996e-23,65313179.84302623,5.573175721856369e-05,-4.703461297620105e-05,-6.250707636040116e-05,0.5802427275131476,-0.4896937308796297,-0.6507829339382616,-10943340.836757667,1344304.9727136586,28479.083882935756,-9570556.780161072,196036460167544.56,1529.2688806142455,196036460068645.06,1529.2688813857546,196036460091071.28,1529.2688812108092,196036460145118.34,1529.2688807891911,196036460192185.56,1529.2688804220227,196036460044004.06,1529.2688815779775
0.0010550000000000023,0.0006966392376551058,-0.0006408516274065326,0.0007347012977176248,-0.07538682939495206,0.04117323217167879,-0.11286560517073108,6.784436819910757e-24,-4.413533150161327e-24,1.4051813552693616e-23,65344262.412865594,5.577145551042681e-05,-4.709479507750113e-05,-6.251458167176333e-05,0.580309241014469,-0.4900274618446565,-0.6504723448627886,-10948385.209524037,1345108.3442696107,28258.47873882115,-9575018.386515606,196036460167390.78,1529.2688806154451,196036460068798.8,1529.2688813845552,196036460091171.34,1529.2688812100284,196036460145018.28,1529.2688807899717,196036460191898.44,1529.2688804242623,196036460044291.16,1529.268881575738
0.0010600000000000023,0.0006962634787819419,-0.0006406465258058082,0.0007341391587332383,-0.0751517746327778,0.041020320144859596,-0.11242779687729565,6.781757566238756e-24,-4.410832508838148e-24,1.4015532818770164e-23,65375224.3120306,5.581091018112629e-05,-4.715473471680347e-05,-6.252200630803943e-05,0.5803749061969766,-0.49035976387396457,-0.6501632642885324,-10953410.494670695,1345907.6239252037,28039.681971165242,-9579463.188774327,196036460167237.1,1529.268880616644,196036460068952.53,1529.268881383356,196036460091271.3,1529.2688812092488,196036460144918.28,1529.2688807907518,196036460191612.16,1529.2688804264956,196036460044577.47,1529.2688815735046
0.0010650000000000024,0.0006958888947184595,-0.0006404421882973836,0.0007335792025053763,-0.074916812696486,0.04086750168492306,-0.11199124557239298,6.77883693050915e-24,-4.407957467743489e-24,1.3979186754514344e-23,65406065.731842116,5.5850122450096506e-05,-4.7214432666430914e-05,-6.252935066095521e-05,0.5804397312651798,-0.490690645006701,-0.6498556834187984,-10958416.731266504,1346702.826942004,27822.677389083496,-9583891.226935416,196036460167083.47,1529.2688806178423,196036460069106.2,1529.2688813821576,196036460091371.25,1529.2688812084689,196036460144818.38,1529.2688807915313,196036460191326.7,1529.2688804287227,196036460044862.9,1529.268881571278
0.0010700000000000024,0.0006955154849587142,-0.0006402386143832128,0.000733021422737779,-0.0746819519490408,0.04071478283415361,-0.11155595351946898,6.775677403165179e-24,-4.4049103901542406e-24,1.3942777619838775e-23,65436786.86751199,5.58890935689573e-05,-4.7273889636751365e-05,-6.253661515078814e-05,0.5805037246631753,-0.49102011253037464,-0.6495495937515768,-10963403.958699824,1347493.9687140991,27607.44930480402,-9588302.54068092,196036460166929.9,1529.2688806190404,196036460069259.75,1529.2688813809596,196036460091471.12,1529.26888120769,196036460144718.5,1529.2688807923103,196036460191042.06,1529.268880430943,196036460045147.56,1529.2688815690574
0.0010750000000000024,0.0006951432489553786,-0.000640035803535448,0.0007324658131232606,-0.07444720066712208,0.040562169552957154,-0.11112192290367225,6.772281770448114e-24,-4.4016931431245955e-24,1.3906307663490125e-23,65467387.914228424,5.592782476058961e-05,-4.7333106376280264e-05,-6.254380019264587e-05,0.5805668944914969,-0.4913481740644582,-0.6492449867838966,-10968372.21616185,1348281.0646527437,27393.98197588482,-9592697.169533223,196036460166776.38,1529.2688806202382,196036460069413.25,1529.2688813797622,196036460091570.9,1529.2688812069116,196036460144618.72,1529.2688807930888,196036460190758.25,1529.268880433157,196036460045431.38,1529.2688815668434
0.0010800000000000024,0.0006947721861202242,-0.0006398337551967627,0.0007319123673440994,-0.07421256703087714,0.04040966773705332,-0.11068915583224088,6.76865320618806e-24,-4.398308126997028e-24,1.3869779186804746e-23,65497869.08335528,5.596631724919925e-05,-4.73920836238464e-05,-6.255090622636557e-05,0.5806292487397912,-0.4916748369953002,-0.648941854231572,-10973321.54530645,1349064.1303735496,27182.259897057964,-9597075.155035842,196036460166622.94,1529.268880621435,196036460069566.7,1529.268881378565,196036460091670.62,1529.2688812061338,196036460144519.0,1529.2688807938664,196036460190475.25,1529.2688804353647,196036460045714.38,1529.2688815646356
0.0010850000000000024,0.0006944022958246717,-0.0006396324687807677,0.000731361079072436,-0.07397805911049216,0.04025728319899906,-0.11025765433268052,6.764794419423014e-24,-4.394756832036327e-24,1.3833194780790436e-23,65528230.57529094,5.600457224517207e-05,-4.7450822156720635e-05,-6.255793363777865e-05,0.5806907953487501,-0.492000109160972,-0.6486401874559019,-10978251.985692415,1349843.1811889105,26972.26759051814,-9601436.536912987,196036460166469.6,1529.2688806226313,196036460069720.03,1529.2688813773689,196036460091770.28,1529.2688812053561,196036460144419.34,1529.268880794644,196036460190193.1,1529.2688804375657,196036460045996.53,1529.2688815624344
0.0010900000000000024,0.0006940335774002602,-0.0006394319436722691,0.0007308119419707224,-0.07374368488229555,0.04010502169971936,-0.10982742034272829,6.760707887314321e-24,-4.391041649512898e-24,1.3796556295527458e-23,65558472.59563471,5.604259097854901e-05,-4.7509322677273195e-05,-6.256488285980105e-05,0.5807515423812497,-0.49232399752673334,-0.6483399783146929,-10983163.577521285,1350618.2325179975,26763.98991472632,-9605781.35508856,196036460166316.3,1529.268880623827,196036460069873.28,1529.2688813761736,196036460091869.84,1529.2688812045797,196036460144319.75,1529.268880795421,196036460189911.75,1529.2688804397603,196036460046277.88,1529.2688815602398
0.0010950000000000024,0.0006936660301390762,-0.0006392321792276826,0.0007302649496920422,-0.07350945223679156,0.039952888917290846,-0.1093984557360231,6.756396885032433e-24,-4.3871648608599825e-24,1.3759866266185318e-23,65588595.36867154,5.608037466092809e-05,-4.756758594480668e-05,-6.257175432118488e-05,0.5808114975712115,-0.49264650950520705,-0.648041218566707,-10988056.363908581,1351389.3000182635,26557.411739016898,-9610109.652151302,196036460166163.2,1529.2688806250214,196036460070026.44,1529.2688813749787,196036460091969.3,1529.2688812038036,196036460144220.3,1529.2688807961968,196036460189631.25,1529.2688804419486,196036460046558.38,1529.2688815580516
0.0011000000000000025,0.0006932996532943212,-0.0006390331747754288,0.0007297200958805504,-0.07327536895101235,0.039800890450747195,-0.10897076229836998,6.751863541649238e-24,-4.3831281608467765e-24,1.3723126946438995e-23,65618599.101883985,5.6117924541405346e-05,-4.76256127238583e-05,-6.257854843644691e-05,0.5808706689005293,-0.4929676524172528,-0.6477438997638453,-10992930.384867163,1352156.3995931789,26352.518072112027,-9614421.467201874,196036460166010.1,1529.2688806262158,196036460070179.5,1529.2688813737846,196036460092068.72,1529.268881203028,196036460144120.94,1529.2688807969719,196036460189351.56,1529.2688804441304,196036460046838.03,1529.26888155587
0.0011050000000000025,0.0006929344460806801,-0.0006388349296162268,0.0007291773741718629,-0.07304144272822584,0.03964903184040484,-0.10854434173749275,6.747110912062525e-24,-4.3789336072032494e-24,1.3686340682287064e-23,65648484.017267674,5.615524180624383e-05,-4.768340375994892e-05,-6.258526560954514e-05,0.5809290639684815,-0.4932874335876922,-0.6474480137440937,-10997785.682646066,1352919.5464425632,26149.294150612284,-9618716.84205289,196036460165857.12,1529.268880627409,196036460070332.5,1529.268881372591,196036460092168.0,1529.2688812022536,196036460144021.6,1529.2688807977468,196036460189072.75,1529.2688804463053,196036460047116.88,1529.2688815536949
0.0011100000000000025,0.0006925704076748508,-0.0006386374430234503,0.0007286367781934637,-0.07280768116585946,0.039497318555287736,-0.1081191956798353,6.742141898730106e-24,-4.37458322155666e-24,1.3649509331938784e-23,65678250.33786791,5.619232766785518e-05,-4.774095981918238e-05,-6.259190629637991e-05,0.5809866902427072,-0.49360586018620684,-0.6471535525288102,-11002622.299451955,1353678.7566250039,25947.72526122804,-9622995.817565722,196036460165704.25,1529.2688806286017,196036460070485.34,1529.2688813713987,196036460092267.25,1529.2688812014794,196036460143922.38,1529.2688807985207,196036460188794.75,1529.268880448474,196036460047394.88,1529.2688815515262
0.0011150000000000025,0.0006922075372160468,-0.0006384407142434785,0.0007280983015650264,-0.07257409176078163,0.039345755994378215,-0.10769532568746176,6.736959116872557e-24,-4.370079200418513e-24,1.3612634946521e-23,65707898.28857825,5.622918333338348e-05,-4.779828163160378e-05,-6.25984709209376e-05,0.5810435553386951,-0.49392293915495017,-0.646860508128224,-11007440.277558109,1354434.0456507637,25747.79695378587,-9627258.43495356,196036460165551.53,1529.268880629793,196036460070638.1,1529.2688813702073,196036460092366.34,1529.2688812007063,196036460143823.28,1529.2688807992938,196036460188517.56,1529.2688804506365,196036460047672.06,1529.2688815493639
0.0011200000000000025,0.0006918458338064506,-0.0006382447424960757,0.0007275619378987695,-0.07234068191925332,0.03919434948055787,-0.10727273325137252,6.731565099213771e-24,-4.365423438082619e-24,1.3575720221267426e-23,65737428.10052294,5.626581002597174e-05,-4.7855369969980516e-05,-6.260495988144035e-05,0.5810996669079412,-0.494238677741878,-0.6465688722351548,-11012239.660056561,1355185.429254849,25549.494776140946,-9631504.736025572,196036460165398.9,1529.2688806309836,196036460070790.72,1529.2688813690165,196036460092465.34,1529.2688811999342,196036460143724.28,1529.2688808000662,196036460188241.22,1529.2688804527922,196036460047948.4,1529.2688815472081
0.0011250000000000025,0.0006914852965116516,-0.0006380495269747204,0.0007270276807999236,-0.07210745895978635,0.03904310427107827,-0.10685141976918844,6.725962487653799e-24,-4.3606177726575725e-24,1.35387673505982e-23,65766840.00384984,5.630220895048034e-05,-4.791222560363346e-05,-6.261137359536085e-05,0.5811550323657082,-0.49455308309275786,-0.6462786367809632,-11017020.489671648,1355932.9232069594,25352.804410938526,-9635734.76205375,196036460165246.38,1529.2688806321737,196036460070943.22,1529.268881367827,196036460092564.25,1529.2688811991625,196036460143625.38,1529.2688808008377,196036460187965.75,1529.2688804549412,196036460048223.88,1529.2688815450592
0.0011300000000000025,0.0006911259243611048,-0.0006378550668469229,0.0007264955238671111,-0.0718744301093608,0.03889202555950758,-0.10643138656250214,6.720154474319922e-24,-4.355664438524321e-24,1.3501777866563122e-23,65796134.23686721,5.633838128159703e-05,-4.79688492804952e-05,-6.261771252946672e-05,0.5812096587479881,-0.49486616204852346,-0.6459897942207847,-11021782.810262024,1356676.5433612627,25157.711862535354,-9639948.555038227,196036460165094.03,1529.268880633362,196036460071095.6,1529.2688813666382,196036460092663.03,1529.268881198392,196036460143526.6,1529.2688808016085,196036460187691.06,1529.268880457084,196036460048498.56,1529.2688815429165
0.0011350000000000025,0.000690767716348683,-0.0006376613612546128,0.000725965460692612,-0.0716416024843618,0.03874111846200119,-0.1060126348998266,6.714143119114488e-24,-4.350565336610573e-24,1.3464754379362925e-23,65825311.03591419,5.63743282581534e-05,-4.802524176684471e-05,-6.262397708201553e-05,0.5812635536955112,-0.4951779215647659,-0.6457023363284853,-11026526.665146628,1357416.3056325316,24964.20305601481,-9644146.156458082,196036460164941.78,1529.2688806345498,196036460071247.84,1529.2688813654504,196036460092761.72,1529.268881197622,196036460143427.9,1529.2688808023781,196036460187417.22,1529.26888045922,196036460048772.38,1529.2688815407803
0.0011400000000000026,0.000690410671433034,-0.0006374684093144685,0.0007254374848628157,-0.07140898312980672,0.03859038802885464,-0.10559516595924127,6.707931463346904e-24,-4.3453223491611986e-24,1.3427698891724115e-23,65854370.64264006,5.6410051040948056e-05,-4.8081403826538834e-05,-6.263016767287662e-05,0.5813167241948145,-0.49548836867462304,-0.6454162553574018,-11031252.09833092,1358152.2255111388,24772.264167243207,-9648327.60865254,196036460164789.7,1529.268880635736,196036460071399.97,1529.2688813642637,196036460092860.28,1529.2688811968533,196036460143329.34,1529.268880803147,196036460187144.25,1529.2688804613495,196036460049045.38,1529.2688815386507
0.0011450000000000026,0.0006900547885381073,-0.0006372762101182427,0.0007249115899585685,-0.07117657898534319,0.038439839245150875,-0.1051789808494389,6.70152166566006e-24,-4.339937414641116e-24,1.3390613301097725e-23,65883313.29576125,5.644555085597228e-05,-4.8137336221561216e-05,-6.263628474100867e-05,0.581369177565554,-0.49579751007717476,-0.6451315434684816,-11035959.153099723,1358884.3192083933,24581.88145585778,-9652492.952435471,196036460164637.7,1529.268880636922,196036460071551.94,1529.2688813630784,196036460092958.72,1529.2688811960854,196036460143230.88,1529.268880803915,196036460186872.12,1529.2688804634724,196036460049317.5,1529.2688815365277
0.0011500000000000026,0.0006897000665535281,-0.0006370847627330986,0.0007243877695555016,-0.07094439691583013,0.03828947702881247,-0.1047640806133727,6.69491686534874e-24,-4.33441254282362e-24,1.335349996951035e-23,65912139.250444904,5.64808288740798e-05,-4.819303973335875e-05,-6.26423287067962e-05,0.5814209207220251,-0.49610535278496476,-0.6448481928988082,-11040647.875315774,1359612.6024850644,24393.04130156854,-9656642.23152914,196036460164485.84,1529.2688806381063,196036460071703.75,1529.268881361894,196036460093057.03,1529.2688811953183,196036460143132.6,1529.2688808046819,196036460186600.8,1529.2688804655888,196036460049588.8,1529.2688815344113
0.0011550000000000026,0.0006893465043351413,-0.0006368940662019579,0.0007238660172244408,-0.07071244367736194,0.03813930622813105,-0.10435046621216079,6.688119348805849e-24,-4.328749769892903e-24,1.3316360825707757e-23,65940848.75346028,5.65158862980781e-05,-4.824851511133432e-05,-6.264829999707307e-05,0.5814719608240617,-0.49641190338354463,-0.6445661959446424,-11045318.309207592,1360337.0912283154,24205.730277041635,-9660775.487702234,196036460164334.2,1529.2688806392896,196036460071855.44,1529.2688813607106,196036460093155.25,1529.2688811945523,196036460143034.4,1529.2688808054477,196036460186330.34,1529.2688804676986,196036460049859.28,1529.2688815323015
0.0011600000000000026,0.0006889941007054072,-0.0006367041195438536,0.0007233463265317404,-0.07048072594681827,0.03798933162085223,-0.10393813854009762,6.681132018607982e-24,-4.322950723821409e-24,1.3279197502321108e-23,65969442.053489834,5.655072428728015e-05,-4.830376314530658e-05,-6.265419905889373e-05,0.5815223044953034,-0.4967171687732416,-0.6442855450965562,-11049970.499125518,1361057.801464539,24019.935037075204,-9664892.762623906,196036460164182.66,1529.2688806404715,196036460072006.97,1529.2688813595287,196036460093253.3,1529.2688811937871,196036460142936.34,1529.2688808062128,196036460186060.7,1529.2688804698023,196036460050128.9,1529.268881530198
0.0011650000000000026,0.0006886428544539046,-0.000636514921754212,0.0007228286910395659,-0.07024925030051556,0.03783955792831864,-0.10352709843491317,6.67395713223154e-24,-4.317017505921544e-24,1.3242012582077819e-23,65997919.409117766,5.658534404697246e-05,-4.835878459385493e-05,-6.266002628666908e-05,0.5815719589267401,-0.49702115558788806,-0.6440062324917316,-11054604.490886645,1361774.74893239,23835.64235726075,-9668994.099596994,196036460164031.3,1529.2688806416522,196036460072158.34,1529.268881358348,196036460093351.25,1529.2688811930232,196036460142838.38,1529.268880806977,196036460185791.94,1529.268880471899,196036460050397.7,1529.2688815281012
0.0011700000000000026,0.0006882927643377218,-0.0006363264718052167,0.0007223131043063416,-0.07001802323655734,0.03768998979907046,-0.10311734664485589,6.66659719078299e-24,-4.3109520911288345e-24,1.3204807898750288e-23,66026281.0767727,5.6619746758554415e-05,-4.841358021746932e-05,-6.266578211251349e-05,0.5816209309546015,-0.49732387036286896,-0.6437282506172919,-11059220.329763753,1362487.9495590434,23652.839140893833,-9673079.541063817,196036460163880.1,1529.2688806428318,196036460072309.53,1529.2688813571683,196036460093449.03,1529.2688811922603,196036460142740.6,1529.2688808077398,196036460185524.0,1529.268880473989,196036460050665.62,1529.2688815260112
0.0011750000000000026,0.0006879438290818898,-0.0006361387686461506,0.0007217995598870684,-0.06978705116639342,0.037540631813223924,-0.10270888385464097,6.659055075376117e-24,-4.304756127383057e-24,1.3167585254672432e-23,66054527.31727295,5.665393358677893e-05,-4.8468150822050586e-05,-6.267146698486394e-05,0.5816692270640565,-0.4976253199206881,-0.6434515920102584,-11063818.061541174,1363197.4196284802,23471.51240787356,-9677149.129504818,196036460163729.06,1529.26888064401,196036460072460.56,1529.26888135599,196036460093546.72,1529.2688811914982,196036460142642.9,1529.268880808502,196036460185256.9,1529.2688804760726,196036460050932.72,1529.2688815239276
0.0011800000000000027,0.0006875960473798815,-0.0006359518112036816,0.0007212880513336357,-0.069556340401654,0.037391488493800466,-0.10230171068653961,6.651333171930206e-24,-4.29843183149646e-24,1.3130346496592656e-23,66082658.39214666,5.668790569322652e-05,-4.8522497130428885e-05,-6.267708131569479e-05,0.5817168540662353,-0.4979255105119135,-0.6431762493101969,-11068397.7319871,1363903.1745209254,23291.649356487847,-9681202.908109687,196036460163578.22,1529.2688806451868,196036460072611.4,1529.2688813548134,196036460093644.25,1529.2688811907374,196036460142545.4,1529.2688808092623,196036460184990.62,1529.2688804781499,196036460051198.97,1529.2688815218507
0.0011850000000000027,0.0006872494178940251,-0.0006357655983822466,0.0007207785721951416,-0.06932589717130634,0.03724256428701746,-0.10189582769884033,6.643433828992616e-24,-4.291980698165814e-24,1.3093093832015498e-23,66110674.566334486,5.672166427689116e-05,-4.857661996645893e-05,-6.26826255356891e-05,0.5817638186148337,-0.4982244489360323,-0.642902214829809,-11072959.387143968,1364605.2308221306,23113.237271711045,-9685240.919050125,196036460163427.53,1529.2688806463623,196036460072762.1,1529.2688813536379,196036460093741.62,1529.268881189978,196036460142447.97,1529.2688808100227,196036460184725.22,1529.26888048022,196036460051464.4,1529.26888151978
0.0011900000000000027,0.0006869039392559103,-0.0006355801290643101,0.0007202711160182748,-0.06909572762294952,0.03709386358730674,-0.10149123537335002,6.635359722466668e-24,-4.285405117307948e-24,1.3055828954923958e-23,66138576.11183995,5.6755210492911866e-05,-4.8630520059241284e-05,-6.268810008173232e-05,0.5818101272848494,-0.49852214131298456,-0.6426294814350676,-11077503.074199256,1365303.6041846862,22936.263525250553,-9689263.206489319,196036460163277.0,1529.2688806475364,196036460072912.62,1529.2688813524637,196036460093838.88,1529.2688811892194,196036460142350.78,1529.2688808107807,196036460184460.66,1529.2688804822842,196036460051728.97,1529.268881517716
0.0011950000000000027,0.0006865596100668529,-0.0006353954021107786,0.0007197656763476089,-0.06886583781147279,0.036945390706298695,-0.10108793413318554,6.627113132615804e-24,-4.278706234449684e-24,1.3018554268686828e-23,66166363.29341088,5.678854550666924e-05,-4.8684198234040575e-05,-6.269350534018612e-05,0.581855786590375,-0.4988185945819423,-0.6423580413683572,-11082028.83883083,1365998.310588943,22760.715549574677,-9693269.81269231,196036460163126.7,1529.2688806487092,196036460073062.94,1529.268881351291,196036460093935.97,1529.2688811884618,196036460142253.66,1529.2688808115383,196036460184196.97,1529.2688804843413,196036460051992.7,1529.268881515659
0.0012000000000000027,0.0006862164288982891,-0.0006352114163611989,0.0007192622467260179,-0.06863623371276303,0.03679714991593559,-0.10068592431819622,6.61869680413662e-24,-4.271886311316883e-24,1.2981270908560464e-23,66194036.38412858,5.682167045929699e-05,-4.873765522945605e-05,-6.269884177895199e-05,0.5819008027886765,-0.49911381476145883,-0.6420878877756204,-11086536.727983037,1366689.3659744642,22586.581094802255,-9697260.78091377,196036460162976.53,1529.2688806498804,196036460073213.06,1529.26888135012,196036460094032.9,1529.2688811877056,196036460142156.72,1529.2688808122946,196036460183934.06,1529.268880486392,196036460052255.56,1529.2688815136082
0.0012050000000000027,0.000685874394292251,-0.0006350281706341499,0.0007187608206948734,-0.06840692120761388,0.03664914540979955,-0.10028520622889912,6.610112913325413e-24,-4.26494736348204e-24,1.2943981064211823e-23,66221595.66147443,5.685458653149592e-05,-4.8790891809912944e-05,-6.2704109810325e-05,0.5819451825043224,-0.4994078080778782,-0.6418190132668712,-11091026.789148774,1367376.7863104055,22413.847909283657,-9701236.154929083,196036460162826.62,1529.26888065105,196036460073363.03,1529.2688813489501,196036460094129.66,1529.268881186951,196036460142059.97,1529.2688808130492,196036460183672.06,1529.268880488436,196036460052517.6,1529.2688815115641
0.0012100000000000027,0.0006855335047617439,-0.0006348456637275916,0.0007182613917944237,-0.06817790610141865,0.03650138131164082,-0.09988578008994772,6.6013640525708e-24,-4.2578906214713026e-24,1.2906686449363e-23,66249041.39707821,5.688729486267783e-05,-4.884390879910961e-05,-6.270930986642629e-05,0.5819889317932186,-0.4997005812144726,-0.641551410569805,-11095499.068647573,1368060.5878495714,22242.503781777963,-9705195.977016222,196036460162676.84,1529.2688806522183,196036460073512.78,1529.268881347782,196036460094226.28,1529.2688811861972,196036460141963.34,1529.2688808138032,196036460183410.84,1529.2688804904737,196036460052778.78,1529.2688815095266
0.0012150000000000028,0.0006851937587911951,-0.0006346638944190788,0.0007177639535640906,-0.0679491941097543,0.03635386170257662,-0.09948764606662161,6.592452558731813e-24,-4.250718426039853e-24,1.2869389342506847e-23,66276373.87911178,5.6919796620475025e-05,-4.889670694403938e-05,-6.271444235383536e-05,0.5820320571918157,-0.4999921402092156,-0.6412850724366433,-11099953.615438467,1368740.7863363295,22072.536716199662,-9709140.292385936,196036460162527.28,1529.268880653385,196036460073662.34,1529.2688813466152,196036460094322.75,1529.2688811854446,196036460141866.88,1529.2688808145556,196036460183150.5,1529.2688804925044,196036460053039.12,1529.2688815074957
0.0012200000000000028,0.0006848551548368589,-0.0006344828614661657,0.0007172684995428643,-0.06772079086723458,0.03620659058262599,-0.09909080424525928,6.583380786741536e-24,-4.2434322410505465e-24,1.2832090976583168e-23,66303593.38062094,5.695209294468979e-05,-4.894928703571833e-05,-6.27195077228518e-05,0.5820745647145711,-0.5002824913225765,-0.6410199918788952,-11104390.475737583,1369417.3980154353,21903.934802872325,-9713069.142919276,196036460162377.9,1529.2688806545502,196036460073811.72,1529.26888134545,196036460094419.06,1529.268881184693,196036460141770.6,1529.2688808153068,196036460182891.0,1529.268880494529,196036460053298.62,1529.2688815054714
0.0012250000000000028,0.0006845176913272245,-0.0006343025636066603,0.0007167750232695169,-0.06749270192688382,0.03605957190109071,-0.09869525466948259,6.574151342434762e-24,-4.236034019822576e-24,1.2794793351948087e-23,66330700.18906699,5.6984184954035264e-05,-4.900164983196857e-05,-6.272450637419036e-05,0.582116460486405,-0.5005716407313437,-0.6407561618324947,-11108809.698036512,1370090.4383089377,21736.686306559466,-9716982.573421014,196036460162228.78,1529.2688806557135,196036460073960.84,1529.2688813442865,196036460094515.2,1529.2688811839434,196036460141674.44,1529.268880816057,196036460182632.38,1529.2688804965462,196036460053557.28,1529.2688815034535
0.0012300000000000028,0.0006841813666634672,-0.0006341229995589623,0.0007162835182829489,-0.06726493275144414,0.035912809539597516,-0.09830099731360875,6.564766358557013e-24,-4.228525271592474e-24,1.2757497882299179e-23,66357694.583682634,5.701607380835279e-05,-4.905379613432583e-05,-6.272943876108561e-05,0.5821577505450974,-0.5008595945986261,-0.640493575282978,-11113211.329274788,1370759.9237774708,21570.779445299697,-9720880.626052018,196036460162079.84,1529.2688806568754,196036460074109.78,1529.2688813431248,196036460094611.16,1529.2688811831947,196036460141578.44,1529.2688808168057,196036460182374.53,1529.2688804985578,196036460053815.1,1529.2688815014424
0.0012350000000000028,0.0006838461792198185,-0.0006339441680223249,0.000715793978122434,-0.06703748872976623,0.03576630732748389,-0.09790803210297574,6.555228058940397e-24,-4.2209080346299335e-24,1.2720207000007953e-23,66384576.85939795,5.7047760659954056e-05,-4.910572670807164e-05,-6.273430527066282e-05,0.5821984412027744,-0.5011463589952556,-0.6402322249987561,-11117595.418855298,1371425.8700996384,21406.202676773453,-9724763.346078886,196036460161931.1,1529.2688806580359,196036460074258.5,1529.2688813419645,196036460094706.97,1529.2688811824473,196036460141482.62,1529.268880817553,196036460182117.6,1529.268880500562,196036460054072.03,1529.2688814994378
0.0012400000000000028,0.0006835121273439502,-0.0006337660676772075,0.0007153063963280408,-0.06681037517365346,0.035620069023469085,-0.09751635887864916,6.5455392728286275e-24,-4.2131840666604885e-24,1.2682921820048949e-23,66411347.305266425,5.7079246604235615e-05,-4.9157442326644114e-05,-6.273910635764925e-05,0.5822385380720564,-0.5014319399496563,-0.6399721043780259,-11121962.015066192,1372088.2931791039,21242.944550936536,-9728630.77733615,196036460161782.62,1529.2688806591939,196036460074407.03,1529.2688813408058,196036460094802.6,1529.2688811817013,196036460141387.06,1529.2688808182988,196036460181861.47,1529.2688805025603,196036460054328.16,1529.26888149744
0.0012450000000000028,0.0006831792093574657,-0.0006335886971855807,0.0007148207664408254,-0.06658359729688677,0.03547409832537387,-0.09712597744306505,6.5357017113846135e-24,-4.205354857742356e-24,1.2645644243209717e-23,66438006.206327505,5.7110532800321156e-05,-4.9208943775768074e-05,-6.27438424257251e-05,0.5822780473198522,-0.5017163435089771,-0.6397132062614949,-11126311.165313156,1372747.20909298,21080.99368555618,-9732482.96253462,196036460161634.3,1529.268880660351,196036460074555.3,1529.2688813396492,196036460094898.03,1529.2688811809567,196036460141291.6,1529.2688808190433,196036460181606.2,1529.2688805045516,196036460054583.44,1529.2688814954486
0.0012500000000000028,0.000682847423556196,-0.0006334120551911837,0.0007143370820031614,-0.06635716025396188,0.03532839887939421,-0.0967368875328044,6.5257178375490076e-24,-4.197422108116218e-24,1.2608376095150683e-23,66464553.85880485,5.7141620371927644e-05,-4.926023184730327e-05,-6.274851389564543e-05,0.5823169747579046,-0.5019995757643396,-0.6394555237397085,-11130642.918752545,1373402.633851426,20920.33880367812,-9736319.946097441,196036460161486.22,1529.2688806615063,196036460074703.4,1529.2688813384939,196036460094993.3,1529.2688811802134,196036460141196.3,1529.2688808197868,196036460181351.75,1529.2688805065363,196036460054837.84,1529.268881493464
0.0012550000000000029,0.0006825167682106257,-0.0006332361403198196,0.0007138553365590555,-0.06613106911404297,0.03518297427281924,-0.0963490888211961,6.5155904413136586e-24,-4.189387766377105e-24,1.2571118545532793e-23,66490990.56007474,5.717251039983808e-05,-4.931130729531003e-05,-6.275312121149074e-05,0.5823553259006247,-0.5022816425186649,-0.6391990503621928,-11134957.324603409,1374054.5830828177,20760.96883653731,-9740141.772684053,196036460161338.4,1529.2688806626593,196036460074851.22,1529.2688813373409,196036460095088.4,1529.2688811794717,196036460141101.2,1529.2688808205287,196036460181098.2,1529.2688805085145,196036460055091.47,1529.2688814914857
0.0012600000000000029,0.0006821872415663776,-0.0006330609511796925,0.0007133755236543503,-0.06590532884963175,0.03503782802542674,-0.09596258094104468,6.505321147137665e-24,-4.1812535492421014e-24,1.2533873665349904e-23,66517316.60634217,5.7203204051289186e-05,-4.9362170900186526e-05,-6.27576647775766e-05,0.5823931068851103,-0.502562549597351,-0.6389437790564351,-11139254.431714613,1374703.0729738297,20602.872668876676,-9743948.486071907,196036460161190.8,1529.2688806638107,196036460074998.84,1529.2688813361892,196036460095183.3,1529.2688811787314,196036460141006.3,1529.2688808212688,196036460180845.4,1529.2688805104863,196036460055344.2,1529.2688814895141
0.0012650000000000029,0.0006818588418444928,-0.0006328864863617049,0.0007128976368370833,-0.06567994437694862,0.03489296359751681,-0.09557736345340279,6.494912395309299e-24,-4.173020904088814e-24,1.2496642996906519e-23,66543532.2944375,5.723370241933359e-05,-4.9412823452473574e-05,-6.27621450100804e-05,0.5824303232419591,-0.5028423030343795,-0.6386897031010819,-11143534.28887844,1375348.1193086915,20446.039388619796,-9747740.130181128,196036460161043.4,1529.2688806649605,196036460075146.22,1529.2688813350396,196036460095278.03,1529.2688811779926,196036460140911.6,1529.2688808220078,196036460180593.56,1529.268880512451,196036460055596.1,1529.268881487549
0.001270000000000003,0.0006815315672418545,-0.0006327127444397087,0.0007124216696577538,-0.06545492052766731,0.03474838439924347,-0.09519343586588803,6.4843663934500556e-24,-4.164691506866603e-24,1.2459428230160438e-23,66569637.92685785,5.7264006631241176e-05,-4.9463265746457037e-05,-6.276656233840218e-05,0.5824669806396052,-0.5031209086965136,-0.6384368157437165,-11147796.945724575,1375989.7383195614,20290.45807743704,-9751516.749327578,196036460160896.25,1529.2688806661085,196036460075293.38,1529.2688813338914,196036460095372.6,1529.2688811772548,196036460140817.03,1529.2688808227454,196036460180342.5,1529.2688805144096,196036460055847.12,1529.2688814855906
0.001275000000000003,0.0006812054159315696,-0.0006325397239707952,0.000711947615669616,-0.06523026205697598,0.034604093782695494,-0.09481079762756749,6.473685703592065e-24,-4.1562669259451184e-24,1.2422230517787287e-23,66595633.80220645,5.7294117745045306e-05,-4.95134985457027e-05,-6.27709171835495e-05,0.5825030843738027,-0.5033983724010446,-0.6381851105744992,-11152042.451075768,1376627.945406885,20136.118075187507,-9755278.387593694,196036460160749.38,1529.2688806672543,196036460075440.28,1529.2688813327457,196036460095466.97,1529.2688811765186,196036460140722.66,1529.2688808234818,196036460180092.28,1529.2688805163616,196036460056097.34,1529.2688814836386
0.001280000000000003,0.0006808803860634131,-0.0006323674234955671,0.0007114754684288781,-0.06500597363129812,0.03446009504562366,-0.0944294481475724,6.462871808125809e-24,-4.147749429648434e-24,1.238505177605696e-23,66621520.22778556,5.7324036918896e-05,-4.956352257755363e-05,-6.277520994931692e-05,0.5825386405558564,-0.5036746993994443,-0.6379345808499599,-11156270.85508536,1377262.7564017698,19983.008777483137,-9759025.089906106,196036460160602.7,1529.2688806683987,196036460075586.94,1529.2688813316015,196036460095561.1,1529.2688811757844,196036460140628.53,1529.2688808242158,196036460179842.9,1529.2688805183068,196036460056346.72,1529.2688814816931
0.001285000000000003,0.0006805564757640846,-0.0006321958415385311,0.0007110052214950349,-0.06478205986569807,0.034316391407190006,-0.09404938676864263,6.451927258176059e-24,-4.1391396652339724e-24,1.2347893581937484e-23,66647297.50294307,5.735376522516768e-05,-4.9613338703899015e-05,-6.277944105131132e-05,0.5825736542449026,-0.5039498961323163,-0.6376852198130111,-11160482.206392787,1377894.1875134285,19831.119519205375,-9762756.899360152,196036460160456.25,1529.2688806695412,196036460075733.34,1529.2688813304594,196036460095655.06,1529.2688811750513,196036460140534.53,1529.2688808249493,196036460179594.4,1529.2688805202454,196036460056595.25,1529.2688814797546
0.001290000000000003,0.0006802336831376503,-0.0006320249766082104,0.0007105368684311405,-0.06455852528685352,0.034172986064131564,-0.09367061277888215,6.4408545237863195e-24,-4.130440227973757e-24,1.2310757340218705e-23,66672965.94709019,5.738330375559689e-05,-4.966294763999625e-05,-6.278361092704165e-05,0.5826081309553669,-0.504223967750382,-0.6374370212740673,-11164676.55695335,1378522.2542941375,19680.439947321473,-9766473.86271189,196036460160310.1,1529.2688806706813,196036460075879.53,1529.268881329319,196036460095748.84,1529.2688811743196,196036460140440.78,1529.2688808256803,196036460179346.72,1529.2688805221776,196036460056842.94,1529.2688814778223
0.001295000000000003,0.000679912006265971,-0.0006318548271975941,0.0007100704028040519,-0.06433537433586456,0.034029882123269135,-0.0932931254177243,6.429655304458903e-24,-4.121651797327713e-24,1.2273644366834088e-23,66698525.85169446,5.7412653591068134e-05,-4.971235019795899e-05,-6.278771997013454e-05,0.5826420759766157,-0.5044969202663966,-0.637189978533389,-11168853.953798827,1379146.9725220639,19530.95968092019,-9770176.021595843,196036460160164.2,1529.2688806718195,196036460076025.44,1529.268881328181,196036460095842.44,1529.2688811735898,196036460140347.2,1529.2688808264106,196036460179099.88,1529.2688805241032,196036460057089.75,1529.268881475897
0.001300000000000003,0.0006795914432089962,-0.0006316853917842547,0.0007096058181846568,-0.06411261139495004,0.033887082667882845,-0.09291692387901039,6.418331811041285e-24,-4.112776699793908e-24,1.2236556484768739e-23,66723977.54001523,5.7441815850070445e-05,-4.976154713187719e-05,-6.279176860871559e-05,0.5826754948642806,-0.5047687589814104,-0.6369440851762677,-11173014.449246349,1379768.3582033485,19382.66847544169,-9773863.422567558,196036460160018.53,1529.2688806729557,196036460076171.12,1529.2688813270443,196036460095935.8,1529.2688811728613,196036460140253.8,1529.268880827139,196036460178853.84,1529.2688805260225,196036460057335.75,1529.2688814739781
0.001305000000000003,0.0006792719920051476,-0.0006315166688307515,0.0007091431081481897,-0.06389024076973142,0.03374459070064855,-0.09254200729342225,6.406886275293404e-24,-4.1038161990868315e-24,1.219949479695517e-23,66749321.317902625,5.747079159294575e-05,-4.981053922822003e-05,-6.279575726614809e-05,0.5827083926773416,-0.5050394895836172,-0.6366993349018892,-11177158.092501096,1380386.4270785102,19235.556238752175,-9777536.109183835,196036460159873.1,1529.26888067409,196036460076316.53,1529.26888132591,196036460096028.97,1529.2688811721346,196036460140160.62,1529.268880827866,196036460178608.7,1529.268880527935,196036460057580.94,1529.2688814720652
0.001310000000000003,0.000678953650671705,-0.0006313486567848492,0.0007086822662744225,-0.06366826668850821,0.033602409180459245,-0.09216837475342936,6.395320684087404e-24,-4.094771870037217e-24,1.2162461198363322e-23,66774557.499917634,5.749958190048639e-05,-4.985932725936348e-05,-6.279968632312058e-05,0.5827407747865687,-0.505309117686172,-0.6364557211498473,-11181284.934186608,1381001.1945974499,19089.612789191804,-9781194.126799965,196036460159727.97,1529.2688806752224,196036460076461.7,1529.2688813247776,196036460096121.97,1529.268881171409,196036460140067.7,1529.2688808285911,196036460178364.38,1529.2688805298408,196036460057825.25,1529.2688814701594
0.001315000000000003,0.0006786364172051513,-0.000631181354079791,0.0007082232861479932,-0.0634466933107424,0.03346054101164606,-0.09179602528584771,6.3836370692002575e-24,-4.085645096039355e-24,1.2125456735109945e-23,66799686.394828886,5.752818784084733e-05,-4.99079120033908e-05,-6.28035562061044e-05,0.5827726462612323,-0.5055776487876309,-0.63621323769319,-11185395.023746798,1381612.6765776307,18944.82823044934,-9784837.518938718,196036460159583.06,1529.2688806763526,196036460076606.56,1529.2688813236475,196036460096214.72,1529.2688811706853,196036460139974.88,1529.268880829315,196036460178120.9,1529.26888053174,196036460058068.72,1529.2688814682601
0.001320000000000003,0.0006783202895815239,-0.0006310147591345379,0.000707766161358587,-0.06322552472550272,0.033318989050610835,-0.09142495788124937,6.371837474794726e-24,-4.076437862711248e-24,1.208848272712427e-23,66824708.32276816,5.755661050033733e-05,-4.9956294209861796e-05,-6.28073673456565e-05,0.5828040123348561,-0.5058450880584318,-0.6359718783826455,-11189488.412462993,1382220.8888408353,18801.192722526495,-9788466.33089963,196036460159438.47,1529.2688806774809,196036460076751.2,1529.2688813225193,196036460096307.28,1529.2688811699634,196036460139882.34,1529.268880830037,196036460177878.22,1529.2688805336331,196036460058311.38,1529.2688814663672
0.001325000000000003,0.0006780052657567687,-0.0006308488703541132,0.0007073108855011645,-0.06300476495103545,0.033177756084961325,-0.09105517148447591,6.359924054503171e-24,-4.06715128257945e-24,1.2051541050082123e-23,66849623.60135448,5.7584850938906343e-05,-5.000447469222869e-05,-6.281112012438844e-05,0.5828348780270894,-0.5061114413402578,-0.6357316366987208,-11193565.151060142,1382825.8470409566,18658.696390781824,-9792080.607628403,196036460159294.06,1529.268880678607,196036460076895.56,1529.268881321393,196036460096399.66,1529.2688811692426,196036460139789.97,1529.2688808307576,196036460177636.44,1529.2688805355194,196036460058553.2,1529.268881464481
0.001330000000000003,0.0006776913436671138,-0.0006306836861297943,0.0007068574521762876,-0.06278441793097178,0.0330368448637605,-0.09068666497538393,6.34789879084397e-24,-4.05778707980692e-24,1.2014632695436325e-23,66874432.54615934,5.761291020608003e-05,-5.005245418838993e-05,-6.281481495804927e-05,0.5828652483626228,-0.506376713783778,-0.635492506634594,-11197625.289805647,1383427.5665286114,18517.32963308413,-9795680.393643953,196036460159150.0,1529.268880679731,196036460077039.62,1529.2688813202692,196036460096491.78,1529.2688811685239,196036460139697.8,1529.2688808314765,196036460177395.5,1529.268880537399,196036460058794.16,1529.268881462601
0.001335000000000003,0.0006773785212294125,-0.0006305192048394126,0.0007064058549902902,-0.0625644875402562,0.0328962580763357,-0.09031943719947992,6.335763472232281e-24,-4.048346847071462e-24,1.1977758974574416e-23,66899135.475086994,5.764078937461789e-05,-5.0100233458872736e-05,-6.281845225753696e-05,0.5828951284460636,-0.5066409106126333,-0.6352544820207481,-11201668.879261576,1384026.0629819902,18377.08281177902,-9799265.733467806,196036460159006.2,1529.2688806808528,196036460077183.44,1529.2688813191473,196036460096583.72,1529.268881167807,196036460139605.9,1529.2688808321932,196036460177155.34,1529.2688805392722,196036460059034.28,1529.268881460728
0.001340000000000003,0.0006770667963414531,-0.0006303554248476285,0.000705956087555506,-0.0623449775918715,0.03275599835683406,-0.0899534869568359,6.323520283811866e-24,-4.0388317299704395e-24,1.1940921343504836e-23,66923732.709264375,5.766848949941157e-05,-5.0147813319907556e-05,-6.282203243764536e-05,0.5829245230559499,-0.5069040374658018,-0.6350175566241162,-11205695.970372468,1384621.3523842646,18237.94638662792,-9802836.671601575,196036460158862.66,1529.2688806819726,196036460077327.0,1529.2688813180275,196036460096675.44,1529.2688811670914,196036460139514.2,1529.2688808329087,196036460176916.03,1529.2688805411392,196036460059273.56,1529.2688814588612
0.001345000000000003,0.0006767561668823376,-0.0006301923445061299,0.0007055081434905207,-0.062125891823093554,0.03261606829971215,-0.08958881299707874,6.31117121473485e-24,-4.02924339635779e-24,1.1904121041987339e-23,66948224.57042082,5.7696011617447975e-05,-5.0195194514955314e-05,-6.28255558968265e-05,0.5829534371044878,-0.5071660994981586,-0.6347817244438344,-11209706.614120468,1385213.4499322635,18099.910970156587,-9806393.253218047,196036460158719.38,1529.2688806830902,196036460077470.25,1529.26888131691,196036460096766.94,1529.2688811663777,196036460139422.7,1529.2688808336227,196036460176677.56,1529.2688805429996,196036460059512.06,1529.2688814570008
0.001350000000000003,0.0006764466307128262,-0.0006300299621539217,0.0007050620164203862,-0.061907233902281776,0.03247647044164181,-0.08922541402688235,6.298718040055271e-24,-4.019583254809783e-24,1.1867359748951293e-23,66972611.38158714,5.772335678148773e-05,-5.024237781421663e-05,-6.282902301079095e-05,0.5829818755892083,-0.5074271020493955,-0.634546979222375,-11213700.861597829,1385802.3709598477,17962.967169396183,-9809935.523468582,196036460158576.4,1529.2688806842057,196036460077613.22,1529.2688813157947,196036460096858.22,1529.2688811656656,196036460139331.4,1529.2688808343348,196036460176439.97,1529.268880544853,196036460059749.66,1529.2688814551473
0.0013550000000000031,0.0006761381856756447,-0.0006298682761175692,0.0007046176999769124,-0.06168900743629674,0.03233720727049308,-0.08886328869475218,6.286162863043512e-24,-4.009853023607522e-24,1.1830638073240611e-23,66996893.46688067,5.7750526034932e-05,-5.028936397254883e-05,-6.283243423656208e-05,0.583009843162436,-0.507687050064961,-0.634313315304077,-11217678.763951438,1386388.1313582722,17827.1058116594,-9813463.526781507,196036460158433.7,1529.268880685319,196036460077755.9,1529.2688813146815,196036460096949.28,1529.2688811649552,196036460139240.34,1529.268880835045,196036460176203.16,1529.2688805467003,196036460059986.47,1529.2688814532999
0.0013600000000000031,0.0006758308295958491,-0.0006297072847114962,0.0007041751877987719,-0.06147121595912874,0.03219828121460415,-0.0885024356280996,6.27350766991253e-24,-4.0000538023012926e-24,1.1793957771484024e-23,67021071.15155153,5.7777520403212554e-05,-5.033615378289493e-05,-6.283578994110072e-05,0.583037344555202,-0.5079459490800429,-0.6340807264593311,-11221640.372429004,1386970.7463630594,17692.317660797587,-9816977.308405146,196036460158291.3,1529.2688806864294,196036460077898.34,1529.2688813135703,196036460097040.12,1529.2688811642465,196036460139149.5,1529.2688808357536,196036460175967.2,1529.2688805485411,196036460060222.44,1529.268881451459
0.0013650000000000031,0.0006755245602811694,-0.0006295469862381751,0.0007037344735318045,-0.0612538629359534,0.03205969466421801,-0.08814285339347548,6.260753952454957e-24,-3.990186985046309e-24,1.175731972816143e-23,67045144.75338057,5.780434092919047e-05,-5.038274799186859e-05,-6.283909053075765e-05,0.5830643845818939,-0.5082038040604803,-0.6338492068075768,-11225585.736910911,1387550.2313927917,17558.59365420104,-9820476.911863917,196036460158149.2,1529.2688806875383,196036460078040.47,1529.2688813124619,196036460097130.75,1529.2688811635396,196036460139058.88,1529.2688808364605,196036460175732.03,1529.2688805503756,196036460060457.56,1529.2688814496248
0.0013700000000000032,0.000675219375522268,-0.0006293873789883688,0.0007032955508291705,-0.061036951780261445,0.03192144996127549,-0.08778454052678689,6.247903625748038e-24,-3.980254187794508e-24,1.1720725883170948e-23,67069114.60878877,5.783098866698029e-05,-5.042914737792648e-05,-6.284233638520159e-05,0.5830909681122576,-0.5084606202221144,-0.6336187501875659,-11229514.910321241,1388126.6019674498,17425.924765831194,-9823962.38358796,196036460158007.3,1529.2688806886451,196036460078182.3,1529.268881311355,196036460097221.16,1529.2688811628343,196036460138968.5,1529.2688808371659,196036460175497.78,1529.268880552203,196036460060691.88,1529.2688814477972
0.0013750000000000032,0.000674915273093072,-0.0006292284612414102,0.0007028584133516869,-0.060820485839193514,0.03178354939173088,-0.0874274954967308,6.234958969559038e-24,-3.970256830212385e-24,1.168417634696076e-23,67092981.038995534,5.785746459194855e-05,-5.047535267825304e-05,-6.284552794894679e-05,0.5831170993503227,-0.5087164024557578,-0.6333893512822405,-11233427.9429421,1388699.8732655176,17294.30216083652,-9827433.767515745,196036460157865.75,1529.2688806897495,196036460078323.88,1529.268881310251,196036460097311.3,1529.268881162131,196036460138878.3,1529.2688808378691,196036460175264.28,1529.2688805540245,196036460060925.34,1529.2688814459757
0.0013800000000000032,0.0006746122507511675,-0.0006290702312654484,0.0007024230547678459,-0.06060446838090502,0.03164599519235246,-0.08707171676817764,6.2219218185740394e-24,-3.960196003381683e-24,1.1647673197100642e-23,67116744.37705292,5.788376973355182e-05,-5.052136469682333e-05,-6.284866557625594e-05,0.583142782973817,-0.5089711562421582,-0.6331610038363642,-11237324.886951499,1389270.0606014214,17163.716873049758,-9830891.109477026,196036460157724.5,1529.2688806908511,196036460078465.12,1529.268881309149,196036460097401.28,1529.268881161429,196036460138788.38,1529.2688808385708,196036460175031.62,1529.2688805558394,196036460061157.97,1529.268881444161
0.0013850000000000032,0.0006743103062381177,-0.0006289126873176379,0.0007019894687541759,-0.06038890260998654,0.031508789562106704,-0.08671720273401795,6.208793478839743e-24,-3.950073263265247e-24,1.161121721054397e-23,67140404.94571619,5.790990512723362e-05,-5.0567184158236944e-05,-6.285174967087056e-05,0.5831680237303233,-0.5092248862500435,-0.6329337021537876,-11241205.792655678,1389837.1792315252,17034.160274806603,-9834334.453149347,196036460157583.56,1529.2688806919507,196036460078606.1,1529.2688813080495,196036460097490.97,1529.2688811607293,196036460138698.62,1529.268880839271,196036460174799.84,1529.2688805576474,196036460061389.78,1529.2688814423527
0.0013900000000000032,0.0006740094372796887,-0.0006287558276444077,0.0007015576489953747,-0.06017379168577913,0.03137193464605194,-0.08636395176022382,6.195576036304391e-24,-3.9398902219073455e-24,1.1574809428283603e-23,67163963.08097883,5.793587179268495e-05,-5.061281182689018e-05,-6.285478065943066e-05,0.5831928260361808,-0.5094775973784237,-0.6327074406306928,-11245070.71255641,1390401.244788707,16905.6236606019,-9837763.8441071,196036460157442.88,1529.2688806930482,196036460078746.75,1529.268881306952,196036460097580.47,1529.2688811600312,196036460138609.12,1529.2688808399691,196036460174568.8,1529.2688805594496,196036460061620.8,1529.2688814405506
0.0013950000000000032,0.000673709641586212,-0.0006285996504817407,0.0007011275891844912,-0.05995913869535373,0.03123543253339532,-0.08601196217670093,6.1822715307643274e-24,-3.929647903220992e-24,1.1538451079346394e-23,67187419.11059982,5.796167068906058e-05,-5.065824846089066e-05,-6.285775889980893e-05,0.5832171941579586,-0.5097292948440411,-0.6324822135177516,-11248919.697680099,1390962.2717767141,16778.09840984978,-9841179.327493535,196036460157302.53,1529.268880694143,196036460078887.1,1529.2688813058573,196036460097669.72,1529.268881159335,196036460138519.9,1529.2688808406651,196036460174338.66,1529.2688805612452,196036460061850.97,1529.268881438755
0.0014000000000000032,0.0006734109168529364,-0.0006284441540553514,0.0007006992830231373,-0.05974494665511012,0.031099285277869353,-0.08566123227077388,6.1688814074900015e-24,-3.919347743886997e-24,1.15021436376868e-23,67210773.37014043,5.798730286978407e-05,-5.070349483768403e-05,-6.28606847904611e-05,0.5832411327578418,-0.5099799835546712,-0.6322580149218568,-11252752.800231032,1391520.2759851033,16651.57599865953,-9844580.94824727,196036460157162.47,1529.2688806952356,196036460079027.16,1529.2688813047646,196036460097758.78,1529.2688811586404,196036460138430.88,1529.2688808413595,196036460174109.34,1529.2688805630341,196036460062080.3,1529.2688814369658
0.0014050000000000033,0.0006731132607602795,-0.0006282893365809342,0.0007002727242217438,-0.059531218531375024,0.030963494883431024,-0.08531176027870041,6.1554072679573666e-24,-3.908990810321668e-24,1.1465887811143397e-23,67234026.18293734,5.801276931795961e-05,-5.074855170556174e-05,-6.2863558719595e-05,0.5832646461346682,-0.5102296684055704,-0.6320348392676958,-11256570.07029141,1392075.272349385,16526.048003719425,-9847968.749938305,196036460157022.7,1529.268880696326,196036460079166.9,1529.2688813036743,196036460097847.56,1529.2688811579478,196036460138342.06,1529.2688808420526,196036460173880.8,1529.2688805648168,196036460062308.84,1529.2688814351832
0.0014100000000000033,0.0006728166709741045,-0.0006281351962643488,0.0006998479064996828,-0.05931795723499016,0.030828063317090103,-0.08496354441221435,6.141851316741655e-24,-3.898578686837188e-24,1.1429684798153865e-23,67257177.89017072,5.803807101061775e-05,-5.0793419815494644e-05,-6.286638108165617e-05,0.583287738494818,-0.5104783542715886,-0.6318126810548924,-11260371.560908724,1392627.275848088,16401.506044716414,-9851342.77901592,196036460156883.28,1529.2688806974136,196036460079306.38,1529.2688813025864,196036460097936.12,1529.2688811572568,196036460138253.5,1529.2688808427436,196036460173653.1,1529.2688805665932,196036460062536.53,1529.2688814334072
0.0014150000000000033,0.0006725211451461024,-0.0006279817313018939,0.0006994248235854751,-0.059105165600417106,0.030692992490965996,-0.08461658284152823,6.128214983916803e-24,-3.8881127576030186e-24,1.1393535418864623e-23,67280228.82177286,5.8063208948472236e-05,-5.083809990058915e-05,-6.286915227218638e-05,0.5833104142303663,-0.510726045782519,-0.6315915347831622,-11264157.323105019,1393176.3015531646,16277.941898527073,-9854703.079653326,196036460156744.12,1529.268880698499,196036460079445.5,1529.268881301501,196036460098024.44,1529.2688811565679,196036460138165.2,1529.2688808434323,196036460173426.2,1529.2688805683633,196036460062763.4,1529.2688814316373
0.0014200000000000033,0.0006722266809140396,-0.0006278289398805478,0.0006990034692169329,-0.05889284641257091,0.030558284269221938,-0.08427087370843968,6.114499865606815e-24,-3.877594171800025e-24,1.135744119314321e-23,67303179.31415825,5.808818413249319e-05,-5.088259273283223e-05,-6.28718726560294e-05,0.5833326777115749,-0.5109727479180644,-0.6313713946631619,-11267927.408924885,1393722.3645631308,16155.347313136952,-9858049.69704862,196036460156605.25,1529.2688806995825,196036460079584.34,1529.2688813004181,196036460098112.53,1529.2688811558808,196036460138077.12,1529.2688808441192,196036460173200.16,1529.2688805701266,196036460062989.47,1529.2688814298738
0.0014250000000000033,0.0006719332759020343,-0.0006276768201781668,0.0006985838371414225,-0.058681002401066995,0.030423940476206446,-0.08392641510208872,6.100708139684764e-24,-3.8670240321140035e-24,1.1321402678930225e-23,67326029.70153052,5.811299751274137e-05,-5.0926899081784025e-05,-6.287454265011566e-05,0.5833545327655214,-0.5112184655857299,-0.6311522554392814,-11271681.869964981,1394265.4800220241,16033.714170708232,-9861382.675772248,196036460156466.75,1529.2688807006627,196036460079722.88,1529.2688812993374,196036460098200.38,1529.2688811551955,196036460137989.22,1529.268880844805,196036460172974.88,1529.268880571884,196036460063214.72,1529.2688814281164
0.0014300000000000033,0.000671640927720934,-0.0006275253703636764,0.0006981659211159611,-0.05846963622006584,0.0302899628980642,-0.08358320509228488,6.086840954720001e-24,-3.856403976774982e-24,1.128542147699116e-23,67348780.32211488,5.813765009054021e-05,-5.097101965336906e-05,-6.287716258960775e-05,0.5833759840316941,-0.511463203295541,-0.6309341114012751,-11275420.758466292,1394805.6623323793,15913.034389866894,-9864702.061744045,196036460156328.53,1529.268880701741,196036460079861.1,1529.2688812982592,196036460098288.0,1529.268881154512,196036460137901.66,1529.268880845488,196036460172750.5,1529.2688805736343,196036460063439.16,1529.2688814263656
0.0014350000000000033,0.0006713496339685143,-0.0006273745885973555,0.0006977497149074942,-0.05825875048393437,0.03015635326418148,-0.08324124169337728,6.0728999959627376e-24,-3.845734812513351e-24,1.1249498050558627e-23,67371431.50414084,5.816214283354224e-05,-5.101495522558154e-05,-6.287973288725728e-05,0.583397035404092,-0.5117069659048561,-0.6307169572210367,-11279144.124839036,1395342.9268404222,15793.299993554037,-9868007.898005059,196036460156190.66,1529.2688807028167,196036460079999.0,1529.2688812971833,196036460098375.34,1529.2688811538305,196036460137814.28,1529.2688808461696,196036460172526.88,1529.2688805753787,196036460063662.75,1529.2688814246214
0.0014400000000000033,0.000671059392229771,-0.0006272244730309755,0.0006973352122929758,-0.05804834774865208,0.030023113275994443,-0.08290052290366579,6.058887202811441e-24,-3.835017914975045e-24,1.1213633336588828e-23,67393983.58769658,5.818647669401552e-05,-5.105870654064608e-05,-6.288225393133528e-05,0.5834176908531471,-0.5119497580948388,-0.6305007876174445,-11282852.021476582,1395877.2883118207,15674.50306933981,-9871300.23009542,196036460156053.06,1529.26888070389,196036460080136.56,1529.2688812961103,196036460098462.47,1529.2688811531507,196036460137727.16,1529.2688808468492,196036460172304.06,1529.268880577117,196036460063885.56,1529.2688814228834
0.0014450000000000034,0.000670770200077256,-0.0006270750218080391,0.0006969224070595309,-0.057838430503005696,0.029890244587278385,-0.08256104668898837,6.044804048604504e-24,-3.824254657872558e-24,1.1177828786456382e-23,67416436.914705,5.821065265436827e-05,-5.1102274341379874e-05,-6.288472607930915e-05,0.5834379546412825,-0.5121915845246062,-0.6302855970321469,-11286544.500989895,1396408.761507897,15556.635787687475,-9874579.103694312,196036460155915.8,1529.2688807049606,196036460080273.84,1529.2688812950391,196036460098549.38,1529.2688811524729,196036460137640.25,1529.2688808475273,196036460172082.06,1529.2688805788487,196036460064107.53,1529.2688814211517
0.0014500000000000034,0.0006704820550713323,-0.000626926233064018,0.0006965112930047065,-0.05762900118473644,0.029757748804214716,-0.08222281096489838,6.0306518671963374e-24,-3.813446184133802e-24,1.1142084857627665e-23,67438791.81478469,5.823467167466216e-05,-5.1145659352363655e-05,-6.288714972156312e-05,0.5834578307971907,-0.5124324496433296,-0.6300713802689132,-11290221.613849826,1396937.3611842545,15439.690398274475,-9877844.562267298,196036460155778.8,1529.2688807060294,196036460080410.78,1529.268881293971,196036460098636.0,1529.2688811517971,196036460137553.62,1529.268880848203,196036460171860.9,1529.268880580574,196036460064328.72,1529.2688814194262
0.0014550000000000034,0.0006701949547604054,-0.0006267781049265511,0.000696101863936551,-0.057420062185372565,0.029625627493386777,-0.08188581363109974,6.0164327945552154e-24,-3.802593789029911e-24,1.1106402760231075e-23,67461048.63405249,5.825853468184705e-05,-5.118886232147079e-05,-6.288952522529399e-05,0.5834773231277903,-0.5126723582114965,-0.6298581320595068,-11293883.413271997,1397463.1018052725,15323.659189000526,-9881096.652277727,196036460155642.22,1529.268880707095,196036460080547.44,1529.268881292905,196036460098722.38,1529.2688811511234,196036460137467.25,1529.2688808488767,196036460171640.56,1529.268880582293,196036460064549.1,1529.268881417707
0.0014600000000000034,0.0006699088966812932,-0.0006266306355156686,0.0006956941136738241,-0.057211615822439194,0.029493882176501725,-0.08155005254537005,6.002147826301816e-24,-3.791698115339552e-24,1.1070783561820372e-23,67483207.7016952,5.8282242655889565e-05,-5.123188402294465e-05,-6.28918529485036e-05,0.583496435726573,-0.512911315019971,-0.6296458468209487,-11297529.949503569,1397985.9983934294,15208.534439702376,-9884335.416670438,196036460155505.88,1529.2688807081586,196036460080683.72,1529.2688812918418,196036460098808.56,1529.268881150451,196036460137381.1,1529.2688808495489,196036460171421.0,1529.2688805840055,196036460064768.62,1529.2688814159947
0.0014650000000000034,0.0006696238783593984,-0.0006264838229439036,0.0006952880360461816,-0.05700366437896703,0.02936251435299689,-0.08121552552850023,5.9877990925674496e-24,-3.780760792365851e-24,1.1035227484544461e-23,67505269.36156406,5.8305796518848015e-05,-5.1274725173408245e-05,-6.289413332035504e-05,0.5835151721971316,-0.5131493243429075,-0.629434519820902,-11301161.275221586,1398506.065728561,15094.30872221126,-9887560.900770815,196036460155369.9,1529.2688807092193,196036460080819.7,1529.268881290781,196036460098894.47,1529.2688811497808,196036460137295.16,1529.2688808502194,196036460171202.22,1529.2688805857124,196036460064987.38,1529.268881414288
0.0014700000000000034,0.0006693398973090774,-0.0006263376653165743,0.0006948836248942137,-0.05679621006418586,0.02923152546586049,-0.08088223039358461,5.973387740043203e-24,-3.769783211370311e-24,1.0999736103594583e-23,67527233.95523682,5.832919721882188e-05,-5.1317386470078714e-05,-6.289636664974734e-05,0.5835335367976303,-0.5133863905885027,-0.6292241455880075,-11304777.44269792,1399023.317620022,14980.97453247778,-9890773.15054542,196036460155234.28,1529.2688807102772,196036460080955.34,1529.268881289723,196036460098980.1,1529.268881149113,196036460137209.5,1529.2688808508874,196036460170984.3,1529.2688805874122,196036460065205.34,1529.2688814125877
0.0014750000000000034,0.0006690569510338395,-0.0006261921607320249,0.000694480874069718,-0.05658925504759702,0.029100916909878857,-0.0805501648991432,5.9589151838255014e-24,-3.75876590437906e-24,1.096431012743965e-23,67549101.81551906,5.835244571213167e-05,-5.135986870917169e-05,-6.28985533296121e-05,0.583551533216859,-0.5136225185643354,-0.6290147188292833,-11308378.502604797,1399537.769412219,14868.524346479751,-9893972.208846098,196036460155098.94,1529.2688807113332,196036460081090.7,1529.2688812886672,196036460099065.5,1529.2688811484466,196036460137124.1,1529.2688808515538,196036460170767.16,1529.2688805891062,196036460065422.47,1529.268881410894
0.0014800000000000034,0.0006687750370265911,-0.0006260473072817179,0.0006940797774358222,-0.05638280144967419,0.028970690061405648,-0.08021932677915022,5.9443834438562e-24,-3.747710565783118e-24,1.0928950184628206e-23,67570873.29009014,5.8375542899969056e-05,-5.140217258344324e-05,-6.290069374355433e-05,0.5835691651069586,-0.5138577124773885,-0.628806234752704,-11311964.508120764,1400049.4351897473,14756.950909592168,-9897158.122021426,196036460154963.97,1529.268880712386,196036460081225.7,1529.268881287614,196036460099150.66,1529.2688811477822,196036460137038.97,1529.268880852218,196036460170550.8,1529.268880590794,196036460065638.8,1529.2688814092062
0.0014850000000000035,0.0006684941527699866,-0.0006259031030505274,0.0006936803288670932,-0.05617685132090777,0.028840846238090377,-0.07988971374580317,5.9297932379258225e-24,-3.736617874977812e-24,1.0893657318701236e-23,67592548.70851378,5.839848974243277e-05,-5.14442988358399e-05,-6.29027882276668e-05,0.5835864365152136,-0.5140919768481138,-0.6285986879208969,-11315535.509257043,1400558.32947664,14646.246890177814,-9900330.932890223,196036460154829.28,1529.2688807134366,196036460081360.38,1529.2688812865633,196036460099235.56,1529.26888114712,196036460136954.03,1529.2688808528806,196036460170335.28,1529.2688805924754,196036460065854.34,1529.268881407525
0.0014900000000000035,0.000668214295736552,-0.0006257595461168572,0.0006932825222497175,-0.05597140668691948,0.028711386734044095,-0.07956132347514476,5.9151467863799606e-24,-3.725489233418654e-24,1.0858432331347711e-23,67614128.42128256,5.842128713579809e-05,-5.148624820019294e-05,-6.29048371687591e-05,0.5836033508923378,-0.5143253161242888,-0.628392073486677,-11319091.55956934,1401064.4666723432,14536.405054143732,-9903490.687842853,196036460154694.9,1529.2688807144848,196036460081494.7,1529.2688812855156,196036460099320.25,1529.2688811464593,196036460136869.4,1529.2688808535406,196036460170120.53,1529.2688805941505,196036460066069.1,1529.2688814058497
0.0014950000000000035,0.00066793546338907,-0.0006256166345528831,0.0006928863514816402,-0.05576646949640457,0.02858231279482278,-0.07923415361544231,5.900445175743027e-24,-3.7143257443320845e-24,1.0823275989823821e-23,67635612.76492622,5.844393601056035e-05,-5.1528021386806977e-05,-6.290684092016144e-05,0.5836199120911757,-0.5145577345537884,-0.6281863863707661,-11322632.71015182,1401567.861007418,14427.418291631955,-9906637.43085277,196036460154560.94,1529.2688807155298,196036460081628.72,1529.26888128447,196036460099404.62,1529.268881145801,196036460136785.0,1529.2688808541989,196036460169906.6,1529.2688805958194,196036460066283.03,1529.2688814041808
0.0015000000000000035,0.0006676576531807679,-0.0006254743664247443,0.0006924918104726983,-0.055562041660414375,0.028453625627759854,-0.07890820178838062,5.885689726771752e-24,-3.703128085659991e-24,1.0788189026201254e-23,67657002.07485819,5.846643729095781e-05,-5.156961915612079e-05,-6.290879985014773e-05,0.5836361237015847,-0.514789236690845,-0.6279816214650279,-11326159.011853486,1402068.5271692283,14319.279462876346,-9909771.205221381,196036460154427.25,1529.2688807165728,196036460081762.4,1529.268881283427,196036460099488.78,1529.2688811451446,196036460136700.8,1529.2688808548558,196036460169693.47,1529.2688805974822,196036460066496.16,1529.268881402518
0.0015050000000000035,0.0006673808625555467,-0.0006253327397926608,0.0006920988931447469,-0.055358125044241056,0.028325326416700637,-0.07858346559028101,5.8708819801328266e-24,-3.691897652261461e-24,1.0753172331664618e-23,67678296.6956432,5.848879187372674e-05,-5.161104220117364e-05,-6.291071430364974e-05,0.5836519894035529,-0.5150198267206296,-0.6277777738578576,-11329670.517081764,1402566.4789452425,14211.981536639703,-9912892.056599882,196036460154293.88,1529.2688807176135,196036460081895.72,1529.268881282387,196036460099572.7,1529.26888114449,196036460136616.94,1529.2688808555101,196036460169481.12,1529.2688805991386,196036460066708.53,1529.2688814008616
0.0015100000000000035,0.0006671050889482477,-0.000625191752711175,0.000691707593431814,-0.05515472145979859,0.028197416297163925,-0.07825994258658868,5.856023719683062e-24,-3.6806355720058004e-24,1.071822630308612e-23,67699496.96900888,5.8511000634414724e-05,-5.1652291235037815e-05,-6.29125846584974e-05,0.5836675125413132,-0.5152495089014394,-0.6275748388683707,-11333167.277678607,1403061.7303981872,14105.517609023202,-9916000.029671397,196036460154160.9,1529.2688807186505,196036460082028.72,1529.2688812813496,196036460099656.3,1529.268881143838,196036460136533.3,1529.2688808561625,196036460169269.53,1529.268880600789,196036460066920.06,1529.2688813992113
0.0015150000000000035,0.0006668303297849617,-0.000625051403229347,0.000691317905280169,-0.054951832657197136,0.028069896365592168,-0.07793763032899871,5.841115775947791e-24,-3.6693427916920946e-24,1.0683352358628412e-23,67720603.23807912,5.8533064540519085e-05,-5.169336701365417e-05,-6.291441125883669e-05,0.5836826970426005,-0.5154782876071003,-0.6273728111567536,-11336649.34564984,1403554.2963701128,13999.88071463838,-9919095.168565089,196036460154028.22,1529.2688807196857,196036460082161.4,1529.2688812803146,196036460099739.7,1529.2688811431874,196036460136449.94,1529.268880856813,196036460169058.8,1529.268880602433,196036460067130.84,1529.268881397567
0.0015200000000000036,0.0006665565824831728,-0.0006249116893909188,0.0006909298226485686,-0.05474946035777232,0.02794276768562483,-0.0776165263200723,5.8261596540589345e-24,-3.658020297133523e-24,1.0648551000436339e-23,67741615.84127569,5.85549844638769e-05,-5.173427024215001e-05,-6.291619445496159e-05,0.5836975463199804,-0.5157061670749251,-0.6271716859528368,-11340116.772212896,1404044.1906243076,13895.063996586809,-9922177.517592004,196036460153895.88,1529.2688807207182,196036460082293.75,1529.268881279282,196036460099822.84,1529.2688811425387,196036460136366.78,1529.2688808574615,196036460168848.84,1529.268880604071,196036460067340.78,1529.2688813959292
0.0015250000000000036,0.0006662838444520192,-0.0006247726092344851,0.0006905433395083437,-0.05454760623071271,0.027816031286746753,-0.0772966280449732,5.8111569873683735e-24,-3.646669080733546e-24,1.0613822339722055e-23,67762535.11573583,5.857676126081227e-05,-5.1775001621655194e-05,-6.291793462227574e-05,0.5837120635892756,-0.5159331514481101,-0.6269714587261296,-11343569.608291501,1404531.427003391,13791.060757177325,-9925247.120530933,196036460153763.88,1529.2688807217478,196036460082425.75,1529.2688812782524,196036460099905.7,1529.2688811418925,196036460136283.9,1529.268880858108,196036460168639.62,1529.268880605703,196036460067550.0,1529.2688813942973
0.0015300000000000036,0.0006660121130925761,-0.0006246341607936648,0.0006901584498434187,-0.054346271888617514,0.02768968816405977,-0.07697793298501215,5.796109040407691e-24,-3.635290151259421e-24,1.0579168020102024e-23,67783361.41023254,5.8598395841030605e-05,-5.1815561889898465e-05,-6.291963207052478e-05,0.583726252531637,-0.5161592451586057,-0.6267721242546369,-11347007.906766867,1405016.0194886434,13687.864181785248,-9928304.02309644,196036460153632.25,1529.2688807227746,196036460082557.38,1529.2688812772255,196036460099988.3,1529.268881141248,196036460136201.28,1529.2688808587527,196036460168431.25,1529.2688806073284,196036460067758.38,1529.2688813926718
0.0015350000000000036,0.0006657413857980748,-0.0006244963420972763,0.0006897751476505959,-0.05414545890027473,0.027563739277715806,-0.07666043856455484,5.781016944835449e-24,-3.62388481394062e-24,1.0544587972215564e-23,67804095.06303114,5.861988911499969e-05,-5.1855951739924166e-05,-6.292128721025955e-05,0.583740116584502,-0.5163844519541753,-0.6265736780857444,-11350431.71866502,1405497.9826438678,13585.467686737089,-9931348.268334415,196036460153500.9,1529.2688807237994,196036460082688.7,1529.2688812762012,196036460100070.7,1529.2688811406051,196036460136118.94,1529.2688808593948,196036460168223.62,1529.2688806089482,196036460067966.0,1529.268881391052
0.0015400000000000036,0.0006654716599540985,-0.0006243591511695631,0.000689393426939544,-0.053945168795264724,0.027438185542645585,-0.07634414221037004,5.7658821172011184e-24,-3.61245383837676e-24,1.0510083276098161e-23,67824736.41574408,5.864124193789013e-05,-5.18961718857989e-05,-6.292290034786867e-05,0.5837536591239335,-0.5166087762081543,-0.6263761152886752,-11353841.095559083,1405977.3298333273,13483.864673896629,-9934379.90105186,196036460153369.94,1529.268880724821,196036460082819.7,1529.2688812751792,196036460100152.78,1529.2688811399648,196036460136036.84,1529.2688808600353,196036460168016.8,1529.2688806105616,196036460068172.84,1529.2688813894383
0.0015450000000000036,0.000665202932938828,-0.0006242225860303275,0.000689013281732985,-0.053745403054089855,0.027313027847116138,-0.07602904131180745,5.75070579105621e-24,-3.600997911443945e-24,1.0475654517923902e-23,67845285.80434911,5.8662455173638955e-05,-5.193622304581813e-05,-6.292447182011165e-05,0.5837668834455161,-0.5168322221708286,-0.6261794310884642,-11357236.08804645,1406454.0748043382,13383.048531830567,-9937398.964710282,196036460153239.3,1529.26888072584,196036460082950.3,1529.2688812741603,196036460100234.62,1529.2688811393264,196036460135955.0,1529.2688808606738,196036460167810.75,1529.268880612169,196036460068378.88,1529.2688813878312
0.0015500000000000036,0.0006649352021232555,-0.0006240866446950494,0.0006886347060667955,-0.053546163114514635,0.027188267055596876,-0.07571513323790803,5.7354894529678454e-24,-3.589518456392432e-24,1.0441302255408786e-23,67865743.57721113,5.8683529702652537e-05,-5.1976105913333556e-05,-6.292600200043282e-05,0.5837797928799213,-0.5170547937135964,-0.6259836209701227,-11360616.748770716,1406928.2315939385,13283.012844044606,-9940405.504332734,196036460153109.03,1529.2688807268562,196036460083080.6,1529.268881273144,196036460100316.2,1529.26888113869,196036460135873.44,1529.26888086131,196036460167605.47,1529.2688806137703,196036460068584.12,1529.26888138623
0.0015550000000000036,0.0006646684648714415,-0.0006239513251751332,0.0006882576939901035,-0.05334745036279974,0.027063903983247043,-0.07540241533839007,5.72023426891143e-24,-3.578016260038769e-24,1.0407027315477832e-23,67886110.07471211,5.8704466396232865e-05,-5.2015821205803055e-05,-6.292749121955634e-05,0.5837923907668799,-0.517276495019585,-0.625788680133273,-11363983.128976438,1407399.8139785738,13183.751186158106,-9943399.563811708,196036460152979.1,1529.2688807278698,196036460083210.53,1529.2688812721303,196036460100397.53,1529.2688811380556,196036460135792.12,1529.2688808619444,196036460167401.03,1529.268880615365,196036460068788.62,1529.2688813846346
0.0015600000000000037,0.0006644027185407174,-0.0006238166254780434,0.0006878822395654318,-0.05314926614480922,0.026939939417965686,-0.07509088493432203,5.704941207849213e-24,-3.566491992956726e-24,1.0372830023477784e-23,67906385.62902078,5.872526611605968e-05,-5.2055369626119373e-05,-6.292893981949071e-05,0.5838046803716,-0.5174973301294462,-0.6255946039450059,-11367335.278501533,1407868.835663452,13085.257147779988,-9946381.1856903,196036460152849.5,1529.268880728881,196036460083340.12,1529.2688812711194,196036460100478.6,1529.2688811374233,196036460135711.03,1529.268880862577,196036460167197.3,1529.2688806169544,196036460068992.34,1529.2688813830457
0.0015650000000000037,0.0006641379604818532,-0.0006236825436074213,0.0006875083368687543,-0.05295161177283634,0.026816374124419055,-0.0747805393355004,5.6896120480028325e-24,-3.554946938066489e-24,1.0338711282096326e-23,67926570.59267257,5.874592970664958e-05,-5.209475187617332e-05,-6.293034814416108e-05,0.5838166648290485,-0.5177173030934553,-0.625401387866645,-11370673.250612605,1408335.3102367034,12987.524453729597,-9949350.415922172,196036460152720.25,1529.2688807298891,196036460083469.38,1529.2688812701113,196036460100559.4,1529.2688811367927,196036460135630.22,1529.2688808632074,196036460166994.38,1529.2688806185374,196036460069195.28,1529.2688813814625
0.0015700000000000037,0.0006638741880393654,-0.0006235490775633072,0.0006871359799896521,-0.05275448849756576,0.026693208822825113,-0.07447137582044697,5.674247691812974e-24,-3.5433820442988895e-24,1.030467143655404e-23,67946665.3014855,5.87664580283723e-05,-5.213396863383693e-05,-6.293171653467537e-05,0.5838283474468474,-0.5179364177205259,-0.6252090273790935,-11373997.09570381,1408799.2512307118,12890.54686460785,-9952307.29760849,196036460152591.38,1529.2688807308944,196036460083598.28,1529.2688812691056,196036460100639.94,1529.2688811361645,196036460135549.7,1529.2688808638356,196036460166792.2,1529.2688806201147,196036460069397.44,1529.2688813798854
0.0015750000000000037,0.0006636113985516733,-0.0006234162253423045,0.0006867651630313734,-0.05255789753841603,0.026570444200525015,-0.07416339165572293,5.6588492487061534e-24,-3.531798076865085e-24,1.0270711231875646e-23,67966670.095423,5.878685194004647e-05,-5.217302061046376e-05,-6.293304532133607e-05,0.583839731447522,-0.5181546780746891,-0.6250175178125814,-11377306.864834502,1409260.6723265857,12794.318158322109,-9955251.874349594,196036460152462.78,1529.2688807318975,196036460083726.8,1529.2688812681029,196036460100720.22,1529.268881135538,196036460135469.44,1529.2688808644616,196036460166590.78,1529.2688806216859,196036460069598.84,1529.2688813783143
0.0015800000000000037,0.0006633495893512914,-0.0006232839849377127,0.0006863958801109631,-0.05236184007636834,0.02644808091834827,-0.07385658408207726,5.64341799461706e-24,-3.5201958692225914e-24,1.0236831397365311e-23,67986585.3159244,5.880711227645309e-05,-5.2211908503859096e-05,-6.29343348237843e-05,0.5838508199621423,-0.5183720882001639,-0.6248268545801595,-11380602.609285409,1409719.5868309983,12698.832216041003,-9958184.19023837,196036460152334.6,1529.2688807328975,196036460083855.03,1529.2688812671024,196036460100800.22,1529.2688811349142,196036460135389.38,1529.2688808650862,196036460166390.2,1529.2688806232507,196036460069799.47,1529.2688813767493
0.0015850000000000037,0.0006630887577650504,-0.0006231523543396715,0.0006860281253593881,-0.0521663172481976,0.026326119608248277,-0.07355095031499133,5.627955397186163e-24,-3.508576427431983e-24,1.020303191021062e-23,68006411.30190827,5.882723985219726e-05,-5.225063299082585e-05,-6.293558540745777e-05,0.5838616158739576,-0.5185886518747016,-0.6246370335289372,-11383884.37992345,1410176.0081470162,12604.082937925174,-9961104.28883851,196036460152206.75,1529.2688807338948,196036460083982.88,1529.2688812661054,196036460100879.97,1529.268881134292,196036460135309.66,1529.268880865708,196036460166190.3,1529.26888062481,196036460069999.3,1529.2688813751902
0.0015900000000000037,0.0006628289011143513,-0.0006230213315353349,0.0006856618929215344,-0.0519713301398306,0.026204560867322292,-0.07324648757073686,5.612462156413629e-24,-3.4969404966961394e-24,1.0169314067266094e-23,68026148.39519474,5.8847235546606675e-05,-5.2289194785905775e-05,-6.293679736925164e-05,0.5838721226115724,-0.5188043731487951,-0.6244480497517328,-11387152.228022622,1410629.949894065,12510.064274798915,-9964012.21385376,196036460152079.25,1529.2688807348895,196036460084110.38,1529.2688812651106,196036460100959.47,1529.268881133672,196036460135230.16,1529.2688808663283,196036460165991.22,1529.268880626363,196036460070198.4,1529.2688813736372
0.0015950000000000037,0.0006625700167152866,-0.0006228909145090006,0.0006852971769564311,-0.05177687981294183,0.026083405266849137,-0.07294319302065455,5.5969399460073145e-24,-3.485289097040291e-24,1.0135677855310899e-23,68045796.9373268,5.886710015508783e-05,-5.2327594565881516e-05,-6.293797107241757e-05,0.5838823429150782,-0.519019255810863,-0.6242598991842554,-11390406.204838457,1411081.4253248123,12416.770270755856,-9966908.009242887,196036460151952.1,1529.2688807358813,196036460084237.53,1529.2688812641188,196036460101038.7,1529.2688811330538,196036460135150.94,1529.2688808669463,196036460165792.88,1529.2688806279102,196036460070396.75,1529.26888137209
0.0016000000000000038,0.0006623121018789305,-0.0006227611012422868,0.0006849339716372484,-0.05158296727121818,0.02596265334276767,-0.07264106383654312,5.581389388657297e-24,-3.473622997091036e-24,1.0102124172782619e-23,68065357.264866,5.8886834525556866e-05,-5.236583300855171e-05,-6.293910680786445e-05,0.5838922801140684,-0.5192333037050213,-0.6240725771468921,-11393646.360732941,1411530.447508809,12324.194985023252,-9969791.71823911,196036460151825.3,1529.2688807368704,196036460084364.34,1529.2688812631295,196036460101117.66,1529.2688811324379,196036460135071.97,1529.2688808675623,196036460165595.3,1529.2688806294514,196036460070594.28,1529.268881370549
0.0016050000000000038,0.0006620551539114467,-0.0006226318897142648,0.000684572271151453,-0.05138959349677274,0.02584230560438678,-0.0723400971590739,5.565811999888702e-24,-3.4619432281261625e-24,1.0068653013994352e-23,68084829.71978305,5.890643947133797e-05,-5.240391079898711e-05,-6.294020495202894e-05,0.5839019369685241,-0.5194465205309637,-0.6238860795952101,-11396872.746963028,1411977.0300455503,12232.332598441097,-9972663.384319037,196036460151698.84,1529.268880737857,196036460084490.78,1529.2688812621432,196036460101196.34,1529.268881131824,196036460134993.28,1529.268880868176,196036460165398.5,1529.2688806309868,196036460070791.12,1529.2688813690133
0.0016100000000000038,0.0006617991701143506,-0.0006225032779016384,0.0006842120697008074,-0.05119675941921143,0.025722362525285525,-0.07204029012911523,5.5502086055347096e-24,-3.45025013621774e-24,1.003526546100451e-23,68104214.6367212,5.8925915804905925e-05,-5.2441828637960706e-05,-6.294126576925675e-05,0.5839113165784299,-0.5196589104385652,-0.6237004017743197,-11400085.413536321,1412421.185675335,12141.177200207116,-9975523.05066078,196036460151572.75,1529.2688807388406,196036460084616.88,1529.2688812611595,196036460101274.78,1529.268881131212,196036460134914.84,1529.268880868788,196036460165202.47,1529.2688806325161,196036460070987.16,1529.2688813674843
0.0016150000000000038,0.0006615441477846529,-0.0006223752637788032,0.0006838533615015572,-0.051004465939528225,0.025602824567052897,-0.07174163985004625,5.5345804127392786e-24,-3.438545168618146e-24,1.0001961809507814e-23,68123512.36151542,5.8945264353529754e-05,-5.2479587172649346e-05,-6.294228961194804e-05,0.5839204219713523,-0.5198704768367157,-0.6235155395965394,-11403284.412342899,1412862.9276510873,12050.723099521318,-9978370.761592291,196036460151447.0,1529.2688807398215,196036460084742.62,1529.2688812601784,196036460101352.94,1529.2688811306025,196036460134836.7,1529.2688808693977,196036460165007.2,1529.2688806340393,196036460071182.44,1529.2688813659609
0.0016200000000000038,0.0006612900842150684,-0.0006222478453180975,0.0006834961407844822,-0.050812713916894174,0.025483692141136133,-0.07144414341500147,5.518928551081185e-24,-3.426828575494267e-24,9.968742298824291e-24,68142723.22523223,5.8964485909875704e-05,-5.25171871141787e-05,-6.294327680518252e-05,0.58392925584343,-0.5200812237631394,-0.6233314887434883,-11406469.792727819,1413302.2691816853,11960.964526395876,-9981206.559019737,196036460151321.6,1529.2688807408,196036460084868.0,1529.2688812592005,196036460101430.84,1529.2688811299947,196036460134758.78,1529.2688808700054,196036460164812.66,1529.2688806355568,196036460071376.97,1529.2688813644434
0.0016250000000000038,0.0006610369766942117,-0.0006221210204898459,0.0006831404017949381,-0.05062150417134477,0.02536496565031513,-0.0711477979088238,5.503254233718555e-24,-3.415101503620174e-24,9.935607384544834e-24,68161847.57078676,5.8983581274524385e-05,-5.255462911690773e-05,-6.294422767481257e-05,0.5839378210987588,-0.5202911547935327,-0.6231482450701806,-11409641.606053783,1413739.2231465832,11871.895860863184,-9984030.487046337,196036460151196.6,1529.268880741775,196036460084993.03,1529.2688812582253,196036460101508.47,1529.2688811293892,196036460134681.12,1529.2688808706112,196036460164618.88,1529.2688806370686,196036460071570.75,1529.2688813629316
0.0016300000000000038,0.0006607848225068072,-0.0006219947872625577,0.0006827861387929353,-0.0504308374808842,0.02524664545763848,-0.07085260040057176,5.487558226306232e-24,-3.403364730194136e-24,9.902557902659555e-24,68180885.7371655,5.900255127568408e-05,-5.259191386239095e-05,-6.294514252184563e-05,0.5839461208177777,-0.520500273671765,-0.6229658041092521,-11412799.902998976,1414173.8026442835,11783.511433949481,-9986842.588920744,196036460151071.9,1529.2688807427476,196036460085117.72,1529.2688812572524,196036460101585.84,1529.2688811287856,196036460134603.78,1529.2688808712146,196036460164425.8,1529.2688806385747,196036460071763.78,1529.2688813614259
0.0016350000000000039,0.0006605336189338223,-0.0006218691436030616,0.0006824333460532836,-0.050240714596989644,0.025128731899227808,-0.07055854793033992,5.471841730080969e-24,-3.3916189719317666e-24,9.869594029961856e-24,68199838.05983114,5.9021396685438515e-05,-5.262904201317831e-05,-6.294602166470324e-05,0.5839541576976705,-0.5207085840925744,-0.6227841617767029,-11415944.733612599,1414606.0203401027,11695.805731593282,-9989642.907540902,196036460150947.6,1529.2688807437175,196036460085242.06,1529.2688812562826,196036460101662.97,1529.2688811281841,196036460134526.7,1529.268880871816,196036460164233.56,1529.2688806400745,196036460071956.06,1529.2688813599257
0.0016400000000000039,0.0006602833632526747,-0.0006217440874766297,0.000682082017865623,-0.05005113622952004,0.025011225286373298,-0.07026563753209769,5.456105648908648e-24,-3.3798647697147155e-24,9.836716299952994e-24,68218704.87293963,5.904011829777828e-05,-5.266601425167428e-05,-6.294686540482539e-05,0.5839619345686782,-0.5209160898579469,-0.6226033137575757,-11419076.147726165,1415035.8890868945,11608.77317447631,-9992431.485464793,196036460150823.62,1529.2688807446846,196036460085366.0,1529.2688812553156,196036460101739.78,1529.2688811275848,196036460134449.8,1529.2688808724156,196036460164042.03,1529.2688806415686,196036460072147.6,1529.2688813584318
0.0016450000000000039,0.0006600340527373896,-0.0006216196168470716,0.0006817321485345164,-0.04986210305701881,0.02489412591162565,-0.06997386622133069,5.440351250289893e-24,-3.368103255276533e-24,9.803924996003063e-24,68237486.51961328,5.905871690643362e-05,-5.270283123809097e-05,-6.294767408544396e-05,0.5839694541646399,-0.5211227944521498,-0.6224232560766305,-11422194.196671069,1415463.4219496087,11522.408355904248,-9995208.366365554,196036460150700.0,1529.2688807456489,196036460085489.62,1529.2688812543513,196036460101816.34,1529.2688811269875,196036460134373.25,1529.2688808730131,196036460163851.25,1529.2688806430567,196036460072338.38,1529.2688813569432
0.001650000000000004,0.0006597856846588191,-0.00062149572967693,0.0006813837323794979,-0.04967361571411536,0.02477743402832534,-0.06968323100370684,5.424579166243489e-24,-3.356334986019313e-24,9.7712205369526e-24,68256183.3300284,5.9077193300842045e-05,-5.273949363040277e-05,-6.294844799806129e-05,0.5839767193732003,-0.5213287014982044,-0.622243984482221,-11425298.929581583,1415888.6315025159,11436.705809123327,-9997973.592269944,196036460150576.72,1529.2688807466106,196036460085612.88,1529.2688812533897,196036460101892.66,1529.2688811263922,196036460134296.94,1529.2688808736084,196036460163661.2,1529.2688806445394,196036460072528.44,1529.2688813554607
0.001655000000000004,0.0006595382562847513,-0.0006213724239275775,0.000681036763735146,-0.04948567481354204,0.024661149870500974,-0.06939372887038288,5.408790912317382e-24,-3.344560786520521e-24,9.73860342906802e-24,68274795.64670457,5.909554823297404e-05,-5.277600209802739e-05,-6.294918745285722e-05,0.5839837327254884,-0.5215338147305174,-0.6220654949477906,-11428390.397687042,1416311.5302714345,11351.660166022517,-10000727.207249586,196036460150453.84,1529.2688807475693,196036460085735.78,1529.2688812524311,196036460101968.72,1529.2688811257988,196036460134220.9,1529.2688808742014,196036460163471.88,1529.2688806460162,196036460072717.75,1529.268881353984
0.001660000000000004,0.0006592917648801737,-0.0006212496975593595,0.0006806912369511711,-0.049298280915523275,0.02454527364361273,-0.0691053567949753,5.392987147650917e-24,-3.3327814312221725e-24,9.706073853067656e-24,68293323.80176789,5.9113782497672576e-05,-5.281235729234906e-05,-6.294989276990927e-05,0.5839904970400224,-0.5217381375693305,-0.621887783424497,-11431468.65040715,1416732.1310985365,11267.266140187572,-10003469.253168428,196036460150331.3,1529.2688807485251,196036460085858.3,1529.2688812514752,196036460102044.5,1529.2688811252076,196036460134145.16,1529.2688808747923,196036460163283.3,1529.2688806474873,196036460072906.34,1529.2688813525126
0.001665000000000004,0.0006590462077073865,-0.000621127548531728,0.000680347146392447,-0.04911143455744685,0.024429805526289317,-0.06881811174483946,5.377168689562704e-24,-3.320997468698892e-24,9.673632606986208e-24,68311768.12988698,5.913189686632127e-05,-5.2848559877237175e-05,-6.295056421734969e-05,0.5839970151207345,-0.5219416737384296,-0.6217108456068619,-11434533.73761402,1417150.4462845358,11183.518408422073,-10006199.772921063,196036460150209.12,1529.268880749478,196036460085980.5,1529.2688812505219,196036460102120.0,1529.2688811246187,196036460134069.62,1529.2688808753815,196036460163095.5,1529.2688806489523,196036460073094.16,1529.2688813510474
0.001670000000000004,0.0006588015820261446,-0.0006210059748033372,0.0006800044864391485,-0.048925136248383565,0.024314745678153445,-0.0685319906596818,5.361336653855805e-24,-3.309209590389595e-24,9.641279461840617e-24,68330128.96181494,5.914989208851166e-05,-5.2884610502718194e-05,-6.295120213112437e-05,0.5840032894177013,-0.5221444266871268,-0.6215346777363883,-11437585.708504397,1417566.4884524117,11100.411743919136,-10008918.808308065,196036460150087.34,1529.2688807504283,196036460086102.3,1529.2688812495717,196036460102195.22,1529.2688811240319,196036460133994.4,1529.2688808759683,196036460162908.38,1529.268880650412,196036460073281.25,1529.2688813495881
0.001675000000000004,0.0006585578850938509,-0.0006208849743321628,0.0006796632514867128,-0.048739386458745926,0.02420009423487211,-0.06824699048714218,5.3454918650777144e-24,-3.2974186749904308e-24,9.609015060528645e-24,68348406.6364905,5.916776896151061e-05,-5.292050983446774e-05,-6.295180682213577e-05,0.5840093227237889,-0.5223463998909594,-0.6213592756953544,-11440624.61363563,1417980.2705221605,11017.94098917465,-10011626.402124293,196036460149965.84,1529.2688807513762,196036460086223.78,1529.268881248624,196036460102270.2,1529.268881123447,196036460133919.4,1529.2688808765533,196036460162722.0,1529.268880651866,196036460073467.62,1529.268881348134
0.001680000000000004,0.0006583151141656991,-0.0006207645450756545,0.0006793234359459498,-0.04855418563037903,0.024085851301668845,-0.06796310815258653,5.3296355977769036e-24,-3.285625326368427e-24,9.576839947181206e-24,68366601.48871197,5.918552818797942e-05,-5.2956258504279e-05,-6.295237854554622e-05,0.5840151175079581,-0.5225475970228755,-0.621184635489147,-11443650.502927192,1418391.803919124,10936.100954396603,-10014322.598053673,196036460149844.75,1529.2688807523207,196036460086344.88,1529.2688812476795,196036460102344.9,1529.2688811228643,196036460133844.72,1529.2688808771359,196036460162536.38,1529.268880653314,196036460073653.25,1529.2688813466862
0.001685000000000004,0.0006580732664948942,-0.0006206446849908403,0.0006789850342431372,-0.04836953416096976,0.023972016962845503,-0.06768034056252871,5.313768422181437e-24,-3.273830248032393e-24,9.54475420187905e-24,68384713.84931706,5.9203170569547685e-05,-5.2991857179606464e-05,-6.295291764104692e-05,0.5840206764627455,-0.522748021420492,-0.6210107531798126,-11446663.425530495,1418801.101884318,10854.886578633783,-10017007.437067544,196036460149724.0,1529.2688807532627,196036460086465.62,1529.2688812467375,196036460102419.34,1529.2688811222836,196036460133770.28,1529.2688808777166,196036460162351.5,1529.2688806547565,196036460073838.16,1529.2688813452437
0.001690000000000004,0.0006578323393327519,-0.0006205253920344487,0.0006786480408200337,-0.04818543242844874,0.023858591278330062,-0.06739868462070807,5.297891283067805e-24,-3.2620340289261842e-24,9.512757995979882e-24,68402744.04708163,5.922069682605642e-05,-5.302730648661107e-05,-6.295342438864785e-05,0.584026002077073,-0.5229476765404246,-0.6208376249059349,-11449663.430304023,1419208.176180009,10774.29280063762,-10019680.961323377,196036460149603.6,1529.268880754202,196036460086586.0,1529.2688812457986,196036460102493.5,1529.2688811217051,196036460133696.12,1529.268880878295,196036460162167.28,1529.2688806561935,196036460074022.3,1529.2688813438072
0.001695000000000004,0.0006575923299288618,-0.0006204066641630104,0.000678312450133909,-0.04800188077801374,0.023745574287645833,-0.0671181372249271,5.2820054013952954e-24,-3.2502374851560308e-24,9.480852212260392e-24,68420692.42555518,5.923810771987198e-05,-5.3062607102971954e-05,-6.295389908580526e-05,0.5840310968889755,-0.523146566002504,-0.6206652466075797,-11452650.568594802,1419613.0394554557,10694.314611390673,-10022343.214527957,196036460149483.6,1529.268880755138,196036460086706.03,1529.268881244862,196036460102567.4,1529.2688811211285,196036460133622.2,1529.2688808788719,196036460161983.84,1529.2688806576243,196036460074205.78,1529.2688813423758
0.001700000000000004,0.0006573532355312991,-0.0006202884993330002,0.000677978256657697,-0.047818879512560954,0.02363296600204118,-0.06683869524240346,5.2661113723226536e-24,-3.238441240864953e-24,9.449036654230673e-24,68438559.30751026,5.9255403974070905e-05,-5.309775963126374e-05,-6.295434202070021e-05,0.5840359634309692,-0.5233446930146826,-0.6204936145623313,-11455624.88824076,1420015.703419031,10614.947037260625,-10024994.237784468,196036460149363.94,1529.2688807560714,196036460086825.7,1529.2688812439287,196036460102641.06,1529.268881120554,196036460133548.6,1529.268880879446,196036460161801.12,1529.2688806590497,196036460074388.5,1529.2688813409504
0.001705000000000004,0.0006571150533867272,-0.0006201708955009444,0.0006776454548799612,-0.047636428914366605,0.0235207664111403,-0.0665603555471624,5.250209832210972e-24,-3.2266458596214782e-24,9.417311603713689e-24,68456345.02209684,5.927258635431313e-05,-5.3132764727680525e-05,-6.295475349897844e-05,0.5840406042788248,-0.5235420609632475,-0.620322724842465,-11458586.438103026,1420416.1806818254,10536.185198634466,-10027634.072222564,196036460149244.62,1529.2688807570023,196036460086945.0,1529.2688812429978,196036460102714.4,1529.2688811199819,196036460133475.22,1529.2688808800185,196036460161619.12,1529.2688806604697,196036460074570.53,1529.2688813395305
0.001710000000000004,0.000656877780740509,-0.0006200538506235192,0.0006773140393049439,-0.04745452924365944,0.023408975485041904,-0.06628311500346512,5.234302183166087e-24,-3.214851958185868e-24,9.385677508179553e-24,68474049.90457754,5.928965555083555e-05,-5.3167623032424176e-05,-6.295513379492408e-05,0.5840450216693961,-0.5237386734260568,-0.6201525736632145,-11461535.268165523,1420814.4828594145,10458.02416591,-10030262.7611402,196036460149125.7,1529.26888075793,196036460087063.94,1529.2688812420702,196036460102787.5,1529.2688811194116,196036460133402.12,1529.2688808805888,196036460161437.8,1529.268880661884,196036460074751.8,1529.2688813381162
0.001715000000000004,0.0006566414148369486,-0.0006199373626576568,0.0006769840044526435,-0.04727318071209061,0.02329759317247631,-0.06600697046006966,5.21838879611739e-24,-3.2030603399055566e-24,9.354134980940659e-24,68491674.28609881,5.930661233382997e-05,-5.3202335172811445e-05,-6.295548318232414e-05,0.5840492183899239,-0.5239345336282947,-0.6199831570049467,-11464471.427662894,1421210.6221326306,10380.459116326621,-10032880.346413935,196036460149007.1,1529.2688807588552,196036460087182.53,1529.268881241145,196036460102860.34,1529.2688811188434,196036460133329.28,1529.2688808811567,196036460161257.28,1529.268880663292,196036460074932.38,1529.2688813367076
0.001720000000000004,0.0006564059529193563,-0.0006198214295606851,0.0006766553448589211,-0.04709238351845997,0.023186619394340923,-0.06573191874448517,5.2024706633944136e-24,-3.19127125302815e-24,9.322683546856432e-24,68509218.48796436,5.9323457413268376e-05,-5.323690180660729e-05,-6.295580199271059e-05,0.5840531965299465,-0.524129644988384,-0.6198144713279147,-11467394.964137195,1421604.6109246037,10303.485266946765,-10035486.867945643,196036460148888.84,1529.2688807597776,196036460087300.78,1529.2688812402225,196036460102932.9,1529.2688811182772,196036460133256.7,1529.2688808817234,196036460161077.4,1529.2688806646954,196036460075112.25,1529.2688813353045
0.001725000000000004,0.0006561713922302203,-0.0006197060492903704,0.0006763280550754177,-0.046912137827186985,0.023076054062932328,-0.06545795670068257,5.1865486900840516e-24,-3.17948582344545e-24,9.291323835206225e-24,68526682.84598878,5.934019149380708e-05,-5.327132351317558e-05,-6.295609047575167e-05,0.5840569586639087,-0.5243240106219339,-0.6196465128777822,-11470305.927689092,1421996.460339657,10227.09786499808,-10038082.369484438,196036460148770.97,1529.2688807606974,196036460087418.62,1529.2688812393033,196036460103005.22,1529.2688811177131,196036460133184.44,1529.2688808822868,196036460160898.25,1529.268880666093,196036460075291.38,1529.268881333907
0.001730000000000004,0.0006559377300113636,-0.0006195912198051128,0.0006760021296696636,-0.04673244377133328,0.022965897051539265,-0.06518508115083067,5.1706237568822394e-24,-3.167704176134782e-24,9.260056243588695e-24,68544067.68594903,5.935681528712738e-05,-5.3305600963621943e-05,-6.295634890649813e-05,0.5840605070359479,-0.5245176341767255,-0.6194792777474984,-11473204.366625845,1422386.1824428963,10151.292193574494,-10040666.891989375,196036460148653.5,1529.2688807616137,196036460087536.12,1529.2688812383867,196036460103077.25,1529.2688811171513,196036460133112.4,1529.2688808828489,196036460160719.8,1529.2688806674848,196036460075469.8,1529.2688813325153
0.0017350000000000041,0.0006557049635040964,-0.0006194769390639672,0.0006756775632251469,-0.046553301453447785,0.02285614822912049,-0.06491328890332303,5.1546964527100165e-24,-3.1559272992688693e-24,9.228880761024757e-24,68561373.33669144,5.937332953818762e-05,-5.333973476543156e-05,-6.295657759962374e-05,0.5840638441478876,-0.5247105185989146,-0.619312762367166,-11476090.32981915,1422773.7894581517,10076.06360855534,-10043240.476752443,196036460148536.34,1529.2688807625275,196036460087653.28,1529.2688812374727,196036460103149.0,1529.2688811165915,196036460133040.62,1529.2688808834087,196036460160542.1,1529.2688806688714,196036460075647.53,1529.2688813311288
0.0017400000000000041,0.000655473089949318,-0.0006193632050268152,0.0006753543503413122,-0.04637471095567553,0.02274680743039835,-0.06464257676693357,5.138767660867517e-24,-3.144155454958492e-24,9.197797633958987e-24,68578600.12175874,5.938973493290511e-05,-5.3373725554433e-05,-6.295677681900795e-05,0.5840669722056099,-0.5249026673570635,-0.6191469629902187,-11478963.865237849,1423159.292904015,10001.407459317315,-10045803.164874516,196036460148419.56,1529.2688807634386,196036460087770.06,1529.2688812365616,196036460103220.5,1529.2688811160338,196036460132969.1,1529.2688808839666,196036460160365.06,1529.2688806702524,196036460075824.56,1529.2688813297477
0.0017450000000000041,0.0006552421065876702,-0.0006192500156544102,0.0006750324856336028,-0.046196672329558604,0.02263787448101407,-0.06437294154189784,5.122838296486265e-24,-3.1323892773538263e-24,9.166807340213442e-24,68595748.3704595,5.940603216071818e-05,-5.340757394615719e-05,-6.295694682031936e-05,0.5840698935197277,-0.5250940837705983,-0.618981875884076,-11481825.021866275,1423542.7041175775,9927.319131872538,-10048354.998616826,196036460148303.12,1529.2688807643467,196036460087886.47,1529.2688812356537,196036460103291.75,1529.2688811154778,196036460132897.88,1529.2688808845223,196036460160188.78,1529.2688806716276,196036460076000.88,1529.2688813283723
0.0017500000000000042,0.0006550120106596955,-0.000619137368908487,0.0006747119637335433,-0.04601918559493328,0.02252934918463799,-0.06410438001189671,5.106908782646587e-24,-3.120629659319671e-24,9.135909663621947e-24,68612818.40580125,5.942222195032036e-05,-5.344128053047787e-05,-6.295708791182594e-05,0.5840726105371464,-0.5252847706701399,-0.6188174975890237,-11484673.847584844,1423924.0350335664,9853.794142284052,-10050896.018408991,196036460148187.1,1529.268880765252,196036460088002.53,1529.2688812347483,196036460103362.72,1529.2688811149244,196036460132826.94,1529.2688808850755,196036460160013.12,1529.2688806729977,196036460076176.5,1529.2688813270024
0.0017550000000000042,0.0006547827994059106,-0.000619025262751917,0.0006743927792887028,-0.045842250756977725,0.0224212313140061,-0.06383688896810037,5.0909799886921365e-24,-3.1088767966283398e-24,9.105105241192626e-24,68629810.55381376,5.94383049970932e-05,-5.34748459637857e-05,-6.295720034701089e-05,0.5840751254748228,-0.5254747316157888,-0.6186538242303887,-11487510.390800586,1424303.2973382028,9780.82793757917,-10053426.265524805,196036460148071.38,1529.2688807661548,196036460088118.25,1529.2688812338454,196036460103433.4,1529.268881114373,196036460132756.25,1529.2688808856271,196036460159838.22,1529.2688806743622,196036460076351.4,1529.268881325638
0.0017600000000000042,0.0006545544700669568,-0.0006189136951487415,0.0006740749269628048,-0.04566586779075066,0.022313520635071638,-0.0635704651796091,5.0750530632366105e-24,-3.0971311616746636e-24,9.074393860687454e-24,68646725.13696282,5.945428194902996e-05,-5.3508270854626735e-05,-6.295728441003684e-05,0.5840774402700688,-0.5256639698523484,-0.6184908524518643,-11490334.699352087,1424680.5022539904,9708.416037085639,-10055945.78106101,196036460147956.06,1529.2688807670543,196036460088233.56,1529.268881232946,196036460103503.84,1529.2688811138235,196036460132685.78,1529.2688808861767,196036460159663.97,1529.2688806757214,196036460076525.62,1529.268881324279
0.0017650000000000042,0.0006543270198837993,-0.0006188026640642544,0.0006737584014356903,-0.045490036631515754,0.022206216897421163,-0.06330510542287644,5.059128284108648e-24,-3.0853935192851418e-24,9.043776087733588e-24,68663562.48122731,5.947015354323226e-05,-5.354155581342881e-05,-6.295734036516875e-05,0.584079557494054,-0.5258524884136528,-0.6183285784651383,-11493146.821650812,1425055.6615827556,9636.554031923619,-10058454.606036132,196036460147841.06,1529.2688807679513,196036460088348.56,1529.268881232049,196036460103574.0,1529.268881113276,196036460132615.6,1529.2688808867244,196036460159490.47,1529.268880677075,196036460076699.16,1529.2688813229252
0.0017700000000000042,0.0006541004460977747,-0.0006186921674651337,0.0006734431974034166,-0.04531475720491099,0.022099319824142923,-0.06304080645475912,5.043206476942186e-24,-3.073664520729224e-24,9.013251900866465e-24,68680322.90819365,5.948592043490394e-05,-5.35747014164849e-05,-6.29573684711981e-05,0.5840814793022002,-0.5260402903365567,-0.6181669988593572,-11495946.80541551,1425428.7861675175,9565.237528040096,-10060952.781719953,196036460147726.47,1529.2688807688453,196036460088463.16,1529.2688812311549,196036460103643.9,1529.2688811127307,196036460132545.72,1529.2688808872695,196036460159317.66,1529.268880678423,196036460076871.97,1529.268881321577
0.0017750000000000042,0.0006538747459507349,-0.0006185822033195549,0.0006731293095782523,-0.045140029407969254,0.02199282911576118,-0.06277756503285752,5.0272882526422854e-24,-3.0619445252818383e-24,8.98282147450268e-24,68697006.73904096,5.950158333148838e-05,-5.3607708303469354e-05,-6.295736901616456e-05,0.5840832078852438,-0.526227378838451,-0.6180061100242427,-11498734.698246486,1425799.888007112,9494.462172417276,-10063440.348066956,196036460147612.2,1529.2688807697368,196036460088577.44,1529.2688812302633,196036460103713.53,1529.2688811121875,196036460132476.1,1529.2688808878127,196036460159145.5,1529.268880679766,196036460077044.12,1529.2688813202342
0.0017800000000000042,0.0006536499166851521,-0.0006184727695972531,0.0006728167326887087,-0.044965853116557965,0.02188674446035269,-0.06251537790872912,5.0113747016360915e-24,-3.050233834316325e-24,8.952484886380064e-24,68713614.29433908,5.951714286613188e-05,-5.3640577086309e-05,-6.295734225671623e-05,0.5840847451406356,-0.526413757245092,-0.6178459085217806,-11501510.547698824,1426168.9780264196,9424.223618350372,-10065917.346054055,196036460147498.3,1529.2688807706252,196036460088691.3,1529.268881229375,196036460103782.94,1529.2688811116461,196036460132406.7,1529.268880888354,196036460158974.06,1529.2688806811036,196036460077215.56,1529.2688813188968
0.0017850000000000042,0.0006534259555443083,-0.0006183638642695753,0.0006725054614795525,-0.04479222816876536,0.021781065535552774,-0.062254241831238136,4.9954660012124496e-24,-3.0385334677616534e-24,8.922242555909661e-24,68730145.89710125,5.9532599744789617e-05,-5.367330831939692e-05,-6.295728843607764e-05,0.5840860936501906,-0.5265994282788332,-0.6176863907687029,-11504274.401750611,1426536.0672146492,9354.517631345921,-10068383.816904616,196036460147384.75,1529.268880771511,196036460088804.84,1529.2688812284894,196036460103852.03,1529.2688811111072,196036460132337.62,1529.2688808888927,196036460158803.34,1529.2688806824353,196036460077386.3,1529.2688813175648
0.0017900000000000043,0.0006532028597723256,-0.000618255485309657,0.0006721954907118789,-0.044619154396537346,0.02167579198366013,-0.06199415353471779,4.979563306692086e-24,-3.0268433914013098e-24,8.892094260762901e-24,68746601.86422704,5.9547954615561876e-05,-5.370590266303159e-05,-6.295720785541945e-05,0.5840872550893678,-0.5267843953845752,-0.6175275534107572,-11507026.307315988,1426901.1673783755,9285.339932170291,-10070839.800005443,196036460147271.6,1529.2688807723937,196036460088918.03,1529.2688812276065,196036460103920.88,1529.2688811105702,196036460132268.75,1529.26888088943,196036460158633.22,1529.2688806837623,196036460077556.38,1529.268881316238
0.0017950000000000043,0.0006529806266143666,-0.0006181476306924163,0.0006718868151630729,-0.04444663159179235,0.02157092344815891,-0.061735109761204096,4.9636670706508454e-24,-3.0151645451815963e-24,8.862040297904565e-24,68762982.51809649,5.956320815483509e-05,-5.373836067435542e-05,-6.295710076233484e-05,0.5840882318101062,-0.5269686613431694,-0.6173693930080528,-11509766.312297551,1427264.289340813,9216.686354956424,-10073285.33660178,196036460147158.8,1529.2688807732736,196036460089030.84,1529.2688812267263,196036460103989.44,1529.2688811100354,196036460132200.2,1529.268880889965,196036460158463.84,1529.2688806850838,196036460077725.78,1529.2688813149164
0.0018000000000000043,0.0006527592533167127,-0.0006180402983947164,0.0006715794296268607,-0.04427465953076881,0.021466459539967744,-0.06147710724244442,4.947777923401872e-24,-3.003497102440938e-24,8.832081000432939e-24,68779288.17457817,5.9578361013367554e-05,-5.377068296445289e-05,-6.295696739120716e-05,0.584089025875217,-0.5271522294194311,-0.6172119059693063,-11512494.463499537,1427625.4440080593,9148.552654391426,-10075720.466837084,196036460147046.3,1529.268880774151,196036460089143.28,1529.2688812258493,196036460104057.75,1529.2688811095022,196036460132131.9,1529.2688808904975,196036460158295.12,1529.2688806863998,196036460077894.5,1529.2688813136003
0.0018050000000000043,0.0006525387371268734,-0.0006179334863953964,0.0006712733289133675,-0.044103237967867207,0.021362399863999734,-0.06122014269864554,4.9318964596490965e-24,-2.991841436034163e-24,8.802216367862196e-24,68795519.1488074,5.959341385039256e-05,-5.380287013458157e-05,-6.295680800571991e-05,0.5840896393210427,-0.5273351026715454,-0.6170550888925598,-11515210.807568474,1427984.6425451266,9080.934747925781,-10078145.230275422,196036460146934.25,1529.2688807750253,196036460089255.38,1529.2688812249748,196036460104125.78,1529.2688811089715,196036460132063.8,1529.2688808910289,196036460158127.12,1529.2688806877104,196036460078062.5,1529.2688813122897
0.0018100000000000043,0.000652319075293689,-0.0006178271926753352,0.0006709685078491173,-0.04393236663688381,0.02125874401225,-0.06096421285003105,4.916023394060562e-24,-2.9801986121603543e-24,8.772446321079884e-24,68811675.76305725,5.9608367329405116e-05,-5.383492273911232e-05,-6.295662288862654e-05,0.5840900742785547,-0.5275172837347059,-0.6168989386361677,-11517915.392452745,1428341.8959790366,9013.82855212885,-10080559.66792158,196036460146822.5,1529.268880775897,196036460089367.12,1529.268881224103,196036460104193.56,1529.2688811084429,196036460131996.06,1529.2688808915573,196036460157959.75,1529.268880689016,196036460078229.88,1529.2688813109842
0.0018150000000000043,0.0006521002650674547,-0.0006177214152176363,0.0006706649612770195,-0.043762045246854384,0.021155491539773936,-0.06070931441956549,4.900159626125827e-24,-2.968568566337249e-24,8.742771111749175e-24,68827758.3313349,5.9623222071322236e-05,-5.3866841405483226e-05,-6.29564122782896e-05,0.5840903325330743,-0.527698776013789,-0.6167434517163125,-11520608.264661346,1428697.215153183,8947.22996262563,-10082963.819545537,196036460146711.16,1529.2688807767656,196036460089478.5,1529.2688812232343,196036460104261.1,1529.268881107916,196036460131928.53,1529.2688808920839,196036460157793.06,1529.2688806903163,196036460078396.56,1529.2688813096838
0.0018200000000000043,0.0006518823037000765,-0.000617616152007617,0.0006703626840564121,-0.04359227347565082,0.02105264200386101,-0.06045544412149423,4.884305141638112e-24,-2.9569518178291638e-24,8.71319078448174e-24,68843767.16336106,5.9637978760091257e-05,-5.389862670459568e-05,-6.295617642563954e-05,0.5840904163961116,-0.5278795822660054,-0.6165886246930646,-11523289.469974196,1429050.611126022,8881.13497548882,-10085357.723872688,196036460146600.1,1529.2688807776321,196036460089589.53,1529.2688812223682,196036460104328.34,1529.2688811073915,196036460131861.28,1529.2688808926086,196036460157627.06,1529.2688806916115,196036460078562.56,1529.2688813083887
0.0018250000000000044,0.0006516651884450683,-0.0006175114010328979,0.0006700616710630695,-0.043423051001637215,0.02095019494381016,-0.06020259866851704,4.8684613231765725e-24,-2.945348817451524e-24,8.68370565751764e-24,68859702.58125445,5.96526379831061e-05,-5.393027922843863e-05,-6.295591556570285e-05,0.5840903275415985,-0.5280597057228144,-0.6164344543130947,-11525959.056370853,1429402.0941936146,8815.539558265293,-10087741.42261897,196036460146489.47,1529.268880778495,196036460089700.16,1529.2688812215051,196036460104395.34,1529.2688811068688,196036460131794.28,1529.2688808931314,196036460157461.72,1529.2688806929011,196036460078727.9,1529.268881307099
0.0018300000000000044,0.0006514489165577919,-0.0006174071602834814,0.000669761917189258,-0.0432543774552766,0.020848149883301303,-0.059950774762307875,4.852628165131053e-24,-2.933760223787178e-24,8.654315464366179e-24,68875564.8934926,5.966720042310572e-05,-5.396179953684569e-05,-6.295562997459367e-05,0.5840900682041908,-0.5282391489527927,-0.6162809373482623,-11528617.069450378,1429751.6755567037,8750.439803007943,-10090114.954090668,196036460146379.16,1529.2688807793556,196036460089810.47,1529.2688812206447,196036460104462.06,1529.2688811063483,196036460131727.56,1529.2688808936518,196036460157297.06,1529.2688806941858,196036460078892.56,1529.2688813058144
0.0018350000000000044,0.0006512334852954558,-0.0006173034277518654,0.0006694634173436891,-0.04308625246722637,0.020746506323196974,-0.05969996911377356,4.83680670897094e-24,-2.9221861939313124e-24,8.625020621530273e-24,68891354.41621828,5.9681666680376344e-05,-5.3993188236283355e-05,-6.295531987627404e-05,0.5840896401229745,-0.5284179152522269,-0.6161280704054186,-11531263.556184541,1430099.3656449737,8685.83172834472,-10092478.358811222,196036460146269.25,1529.2688807802128,196036460089920.4,1529.268881219787,196036460104528.53,1529.2688811058297,196036460131661.1,1529.2688808941705,196036460157133.03,1529.2688806954652,196036460079056.56,1529.2688813045352
0.0018400000000000044,0.0006510188919172955,-0.0006172002014330709,0.0006691661664515922,-0.042918675632061,0.02064526375891697,-0.059450178419390716,4.820996872334661e-24,-2.9106274646758428e-24,8.595821045662127e-24,68907071.45804669,5.969603743653518e-05,-5.4024445875531344e-05,-6.295498553057186e-05,0.5840890456027624,-0.5285960071337138,-0.6159758502158579,-11533898.56223876,1430445.1754440893,8621.711492496666,-10094831.675302174,196036460146159.62,1529.2688807810682,196036460090030.0,1529.268881218932,196036460104594.75,1529.2688811053133,196036460131594.88,1529.2688808946868,196036460156969.72,1529.2688806967394,196036460079219.9,1529.268881303261
0.0018450000000000044,0.0006508051336845595,-0.0006170974793247692,0.0006688701594546996,-0.04275164654720847,0.020544421660354063,-0.05920139937852363,4.805200142351199e-24,-2.899084228463118e-24,8.566716639901718e-24,68922716.33282922,5.9710313234296576e-05,-5.405557303510156e-05,-6.295462717366892e-05,0.5840882860338115,-0.5287734278123477,-0.6158242737645736,-11536522.134240542,1430789.1148429592,8558.075225616349,-10097174.944171967,196036460146050.44,1529.26888078192,196036460090139.2,1529.2688812180802,196036460104660.66,1529.2688811047992,196036460131528.94,1529.2688808952012,196036460156807.06,1529.2688806980082,196036460079382.6,1529.2688813019918
0.0018500000000000044,0.0006505922078607667,-0.0006169952594273155,0.0006685753913112301,-0.04258516475857344,0.020443979490733635,-0.058953628693892424,4.789416457560191e-24,-2.8875567605377196e-24,8.537707645313336e-24,68938289.34709868,5.9724494757766155e-05,-5.408657031557934e-05,-6.295424505709855e-05,0.5840873635968024,-0.5289501801522046,-0.615673337577231,-11539134.317538578,1431131.1951754335,8494.919048494368,-10099508.20331465,196036460145941.56,1529.2688807827692,196036460090248.06,1529.268881217231,196036460104726.34,1529.2688811042867,196036460131463.25,1529.2688808957137,196036460156645.0,1529.2688806992724,196036460079544.6,1529.268881300728
0.0018550000000000044,0.0006503801117116957,-0.0006168935397437968,0.0006682818569959308,-0.042419229814189933,0.020343936703744896,-0.05870686305986524,4.773646539400593e-24,-2.8760459085977018e-24,8.508794093000297e-24,68953790.81563342,5.973858261676733e-05,-5.4117438252359245e-05,-6.29538394240442e-05,0.5840862802135759,-0.5291262667928844,-0.6155230386070805,-11541735.158948844,1431471.4266215877,8432.239224065952,-10101831.49310319,196036460145833.03,1529.268880783616,196036460090356.56,1529.2688812163844,196036460104791.78,1529.2688811037763,196036460131397.88,1529.2688808962237,196036460156483.62,1529.2688807005313,196036460079705.97,1529.268881299469
0.0018600000000000044,0.0006501688425055101,-0.0006167923182801783,0.0006679895515000821,-0.04225384123709688,0.020244292723707567,-0.058461099169732654,4.7578911168065364e-24,-2.8645515734345687e-24,8.47997637983398e-24,68969221.04539637,5.975257739151974e-05,-5.414817743815776e-05,-6.295341046949286e-05,0.5840850376052914,-0.529301691004763,-0.6153733734450358,-11544324.703957615,1431809.8191365895,8370.031941756853,-10104144.852879269,196036460145724.9,1529.2688807844593,196036460090464.72,1529.268881215541,196036460104856.94,1529.2688811032679,196036460131332.72,1529.268880896732,196036460156322.97,1529.2688807017844,196036460079866.7,1529.2688812982155
0.0018650000000000045,0.0006499583975128848,-0.0006166915930452863,0.0006676984698315669,-0.042088998525078414,0.020145046978378565,-0.058216333703035125,4.742150190968441e-24,-2.853074387642979e-24,8.451253761890954e-24,68984580.33643308,5.9766479738469236e-05,-5.417878841755701e-05,-6.295295849067145e-05,0.5840836377640664,-0.5294764551476135,-0.6152243391971844,-11546902.996858098,1432146.3838308628,8308.293520628304,-10106448.319506606,196036460145617.1,1529.2688807853006,196036460090572.5,1529.2688812147,196036460104921.8,1529.2688811027617,196036460131267.8,1529.2688808972384,196036460156162.9,1529.2688807030331,196036460080026.72,1529.268881296967
0.0018700000000000045,0.0006497487740070054,-0.0006165913620509183,0.0006674086070147414,-0.04192470117587745,0.020046198873597817,-0.057972563365087236,4.726424770884698e-24,-2.8416150313750784e-24,8.422626791927602e-24,68999869.00632875,5.978029023925742e-05,-5.420927174028501e-05,-6.295248369611554e-05,0.5840820824903199,-0.529650562110463,-0.6150759326862348,-11549470.085034579,1432481.1304850297,8247.020261010151,-10108741.934288539,196036460145509.66,1529.2688807861387,196036460090679.94,1529.2688812138617,196036460104986.44,1529.2688811022579,196036460131203.2,1529.2688808977423,196036460156003.5,1529.2688807042766,196036460080186.12,1529.2688812957235
0.0018750000000000045,0.000649539969263744,-0.0006164916233119601,0.0006671199580905312,-0.04176094865227897,0.019947747791640588,-0.05772978484205268,4.710715480848429e-24,-2.8301731710220026e-24,8.394095542310313e-24,69015087.35583776,5.979400948764341e-05,-5.42396280284228e-05,-6.29519863175103e-05,0.5840803733565116,-0.5298240151650362,-0.6149281506112054,-11552026.012953259,1432814.0697223465,8186.208421157562,-10111025.734809756,196036460145402.6,1529.2688807869738,196036460090787.03,1529.2688812130264,196036460105050.84,1529.2688811017554,196036460131138.78,1529.2688808982448,196036460155844.72,1529.2688807055151,196036460080344.88,1529.2688812944853
0.0018800000000000045,0.0006493319805617668,-0.0006163923748463285,0.0006668325181164432,-0.04159774039543857,0.019849693126340412,-0.05748799481758791,4.695022684986686e-24,-2.8187498542853447e-24,8.36565973919616e-24,69030235.69227032,5.980763808256879e-05,-5.4269857770506904e-05,-6.295146659521804e-05,0.584078512335796,-0.5299968165857296,-0.6147809901392493,-11554570.826261787,1433145.211300742,8125.854457474057,-10113299.760503568,196036460145295.9,1529.268880787806,196036460090893.75,1529.268881212194,196036460105114.94,1529.2688811012554,196036460131074.7,1529.2688808987448,196036460155686.62,1529.2688807067484,196036460080503.0,1529.2688812932518
0.0018850000000000045,0.0006491248051825973,-0.0006162936146751523,0.0006665462821665191,-0.04143507583389625,0.01975203423523197,-0.057247189984837,4.679346562051002e-24,-2.8073449747767462e-24,8.337319609188349e-24,69045314.3150271,5.982117665286867e-05,-5.429996157013701e-05,-6.295092475772294e-05,0.5840765012816711,-0.530168969387765,-0.6146344479028791,-11557104.569232201,1433474.565980969,8065.954708937114,-10115564.048542295,196036460145189.5,1529.2688807886361,196036460091000.12,1529.2688812113643,196036460105178.8,1529.2688811007572,196036460131010.8,1529.2688808992432,196036460155529.2,1529.2688807079767,196036460080660.47,1529.2688812920233
0.0018900000000000045,0.0006489184404106474,-0.0006161953408227546,0.0006662612453313736,-0.041272954389998964,0.019654770479535896,-0.057007367029093106,4.663688036758382e-24,-2.7959591266328247e-24,8.309075131793615e-24,69060323.53242856,5.983462575784344e-05,-5.432993996140184e-05,-6.295036103192553e-05,0.5840743418101336,-0.5303404762982104,-0.6144885209984369,-11559627.287751187,1433802.143433758,8006.505598426206,-10117818.638719002,196036460145083.47,1529.268880789463,196036460091106.12,1529.2688812105373,196036460105242.44,1529.2688811002608,196036460130947.22,1529.2688808997393,196036460155372.34,1529.2688807092002,196036460080817.28,1529.2688812908
0.0018950000000000045,0.0006487128835333771,-0.0006160975513167552,0.0006659774027181918,-0.04111137545405574,0.01955790119988826,-0.056768522636359384,4.648047491155361e-24,-2.7845926619226436e-24,8.280926189596503e-24,69075263.64532052,5.984798599198992e-05,-5.43597934931049e-05,-6.294977565341638e-05,0.5840720356830748,-0.5305113399986221,-0.6143432064130729,-11562139.02639629,1434127.9538088124,7947.503619679992,-10120063.568967797,196036460144977.84,1529.268880790287,196036460091211.78,1529.268881209713,196036460105305.75,1529.2688810997668,196036460130883.84,1529.2688809002336,196036460155216.16,1529.2688807104187,196036460080973.47,1529.2688812895815
0.0019000000000000045,0.0006485081318413614,-0.0006160002441881315,0.0006656947494507083,-0.04095033840313918,0.019461425724727296,-0.05653065349670697,4.6324250968959505e-24,-2.773245943426733e-24,8.252873182173718e-24,69090134.9561649,5.9861257966825176e-05,-5.4389522716083095e-05,-6.294916882512442e-05,0.584069584874381,-0.5306815632224707,-0.6141985008777073,-11564639.830074945,1434452.0071365866,7888.945215901234,-10122298.877722459,196036460144872.53,1529.2688807911088,196036460091317.1,1529.2688812088913,196036460105368.84,1529.2688810992745,196036460130820.78,1529.2688809007257,196036460155060.62,1529.268880711632,196036460081129.0,1529.2688812883682
0.0019050000000000046,0.0006483041826283195,-0.0006159034174712819,0.0006654132806692765,-0.0407898426083747,0.019365343369922277,-0.05629375628636321,4.616821909934009e-24,-2.761919254382125e-24,8.224915472505368e-24,69104937.76427656,5.9874442207789934e-05,-5.4419128168136235e-05,-6.29485407990363e-05,0.5840669906666713,-0.530851148701506,-0.6140544017722452,-11567129.74317184,1434774.3130761595,7830.826943535784,-10124524.603152145,196036460144767.6,1529.2688807919271,196036460091422.03,1529.2688812080728,196036460105431.66,1529.2688810987845,196036460130757.97,1529.2688809012157,196036460154905.72,1529.2688807128404,196036460081283.9,1529.2688812871597
0.0019100000000000046,0.000648101033191298,-0.0006158070692040743,0.0006651329915307584,-0.04062988740430298,0.019269653441529394,-0.056057827703625766,4.601237788198345e-24,-2.7506127193802887e-24,8.197053476725415e-24,69119672.36639075,5.9887539346336314e-05,-5.444861042113777e-05,-6.294789178270548e-05,0.5840642550711196,-0.5310200992124235,-0.6139109057352262,-11569608.809629139,1435094.8820316133,7773.145307537781,-10126740.782289987,196036460144663.0,1529.2688807927434,196036460091526.62,1529.268881207257,196036460105494.25,1529.2688810982963,196036460130695.38,1529.268880901704,196036460154751.44,1529.268880714044,196036460081438.2,1529.2688812859562
0.0019150000000000046,0.000647898680830646,-0.0006157111974278679,0.0006648538772085964,-0.04047047213038694,0.01917435524128822,-0.05582286443237483,4.58567359428591e-24,-2.7393271171028226e-24,8.169287106786088e-24,69134339.06833468,5.99005499314505e-05,-5.447796998376389e-05,-6.294722200293454e-05,0.5840613796871779,-0.5311884172630552,-0.6137680100196495,-11572077.075034,1435413.7234359765,7715.896905241612,-10128947.454692783,196036460144558.75,1529.2688807935565,196036460091630.88,1529.2688812064437,196036460105556.56,1529.2688810978102,196036460130633.06,1529.26888090219,196036460154597.78,1529.2688807152426,196036460081591.84,1529.2688812847578
0.0019200000000000046,0.000647697122850165,-0.0006156158001876482,0.0006645759328927987,-0.040311596096203765,0.019079448043959998,-0.05558886315954112,4.5701296718065235e-24,-2.7280625056092366e-24,8.141616409856693e-24,69148938.16550216,5.991347453856995e-05,-5.4507207414742606e-05,-6.294653167318583e-05,0.5840583661742663,-0.5313561056600389,-0.6136257115535857,-11574534.583154285,1435730.8472029278,7659.0783370844665,-10131144.657614274,196036460144454.88,1529.2688807943669,196036460091734.78,1529.268881205633,196036460105618.62,1529.2688810973261,196036460130571.0,1529.268880902674,196036460154444.78,1529.2688807164361,196036460081744.84,1529.268881283564
0.0019250000000000046,0.0006474963565571678,-0.0006155208755320367,0.0006642991537899466,-0.04015325859942593,0.018984931122294428,-0.05535582057042112,4.554606391807164e-24,-2.716819031159488e-24,8.114041201619156e-24,69163469.95110948,5.992631373312698e-05,-5.4536323258800174e-05,-6.294582101589935e-05,0.5840552161332272,-0.5315231670995029,-0.6134840074069441,-11576981.377425624,1436046.2631445627,7602.686212633256,-10133332.42806843,196036460144351.3,1529.2688807951747,196036460091838.3,1529.2688812048254,196036460105680.44,1529.2688810968439,196036460130509.2,1529.2688809031563,196036460154292.4,1529.2688807176248,196036460081897.22,1529.2688812823753
0.0019300000000000046,0.0006472963792625435,-0.0006154264215133168,0.0006640235351231631,-0.039995458924870525,0.018890803743973863,-0.05512373335669723,4.53910429228972e-24,-2.7055973479013105e-24,8.086561275147733e-24,69177934.72393605,5.993906807295201e-05,-5.45653180230619e-05,-6.294509026101225e-05,0.5840519311985463,-0.5316896039999207,-0.6133428948489225,-11579417.502280068,1436359.980802414,7546.717232200243,-10135510.804245455,196036460144248.12,1529.2688807959796,196036460091941.5,1529.2688812040205,196036460105741.97,1529.2688810963639,196036460130447.66,1529.2688809036363,196036460154140.6,1529.268880718809,196036460082049.0,1529.2688812811914
0.0019350000000000046,0.0006470971882808499,-0.0006153324361875468,0.000663749072132077,-0.039838196338714944,0.01879706515401694,-0.05489259821722102,4.523623808633474e-24,-2.6943974633130056e-24,8.059176928721458e-24,69192332.77953686,5.995173812415589e-05,-5.4594192274444446e-05,-6.294433960957715e-05,0.5840485129727282,-0.5318554192507897,-0.6132023707618159,-11581843.001602959,1436672.0099894467,7491.168048567791,-10137679.823564945,196036460144145.3,1529.2688807967818,196036460092044.3,1529.2688812032184,196036460105803.28,1529.2688810958857,196036460130386.34,1529.2688809041147,196036460153989.47,1529.2688807199881,196036460082200.16,1529.2688812800122
0.0019400000000000047,0.0006468987809303896,-0.0006152389176145609,0.0006634757600728745,-0.03968147009205234,0.018703714597183202,-0.05466241184050986,4.508165349301535e-24,-2.683219983636298e-24,8.031888208280426e-24,69206664.41526347,5.996432443640495e-05,-5.462294651019325e-05,-6.294356925985427e-05,0.5840449631681282,-0.5320206152995908,-0.613062432297221,-11584257.919651173,1436982.3598487566,7436.035385633597,-10139839.524416784,196036460144042.84,1529.268880797581,196036460092146.8,1529.268881202419,196036460105864.3,1529.2688810954096,196036460130325.3,1529.2688809045906,196036460153838.97,1529.268880721162,196036460082350.66,1529.268881278838
0.0019450000000000047,0.0006467011545332804,-0.0006151458638580747,0.0006632035942183071,-0.039525279421824204,0.018610751297228237,-0.05443317091348945,4.4927288794889475e-24,-2.672064843926788e-24,8.00469471720859e-24,69220929.91494703,5.997682759601868e-05,-5.465158128410837e-05,-6.294277944897992e-05,0.5840412834205765,-0.5321851947410005,-0.6129230765429942,-11586662.298318015,1437291.0405844187,7381.3159838588435,-10141989.941749737,196036460143940.66,1529.2688807983782,196036460092248.97,1529.268881201622,196036460105925.1,1529.2688810949355,196036460130264.53,1529.2688809050649,196036460153689.03,1529.2688807223317,196036460082500.56,1529.268881277669
0.0019500000000000047,0.0006465043064154495,-0.000615053272985674,0.000662932569857623,-0.03936962356617787,0.01851817448015771,-0.054204872136826725,4.4773158166621934e-24,-2.660932524726178e-24,7.977596486948883e-24,69235129.58157764,5.9989248082583405e-05,-5.468009711675107e-05,-6.294197038372645e-05,0.5840374748826688,-0.5323491603435867,-0.6127843008874774,-11589056.182899648,1437598.0610267594,7327.006623762156,-10144131.115249127,196036460143838.9,1529.268880799172,196036460092350.72,1529.2688812008284,196036460105985.62,1529.2688810944633,196036460130203.97,1529.2688809055371,196036460153539.78,1529.268880723496,196036460082649.84,1529.268881276504
0.0019550000000000045,0.0006463082339068788,-0.0006149611430688974,0.0006626626822965725,-0.03921450171415088,0.018425983355328353,-0.05397751221009924,4.461925698234137e-24,-2.6498233154864695e-24,7.95059371567667e-24,69249263.70266469,6.000158651397977e-05,-5.470849453816803e-05,-6.294114226833883e-05,0.5840335395695405,-0.5325125145183077,-0.6126461021987026,-11591439.615999987,1437903.4311922537,7273.104082529513,-10146263.080725204,196036460143737.47,1529.2688807999632,196036460092452.16,1529.268881200037,196036460106045.9,1529.2688810939928,196036460130143.7,1529.2688809060076,196036460153391.1,1529.268880724656,196036460082798.53,1529.2688812753443
0.0019600000000000043,0.0006461129343415248,-0.000614869472183287,0.0006623939268574424,-0.03905991307080769,0.018334177122068498,-0.05375108782601855,4.446559252014406e-24,-2.638737417031261e-24,7.923686114773646e-24,69263332.56817049,6.001384339539089e-05,-5.473677406331651e-05,-6.29402953105819e-05,0.5840294788019083,-0.5326752598876496,-0.6125084778139781,-11593812.640702741,1438207.160100566,7219.605188596571,-10148385.87541358,196036460143636.38,1529.2688808007517,196036460092553.25,1529.2688811992484,196036460106105.97,1529.2688810935242,196036460130083.66,1529.268880906476,196036460153243.03,1529.268880725811,196036460082946.6,1529.2688812741892
0.001965000000000004,0.0006459184050574448,-0.0006147782584084233,0.0006621262988790059,-0.03890585681599688,0.0182427549727487,-0.0535255956872957,4.431216389831929e-24,-2.6276753210986746e-24,7.896873554696641e-24,69277336.46457082,6.0026019287701344e-05,-5.476493617483587e-05,-6.293942970768152e-05,0.5840252943875838,-0.5328373987008487,-0.6123714249221701,-11596175.29950406,1438509.2569018472,7166.506833970127,-10150499.53576824,196036460143535.62,1529.2688808015378,196036460092654.0,1529.2688811984624,196036460106165.72,1529.2688810930583,196036460130023.9,1529.268880906942,196036460153095.56,1529.2688807269612,196036460083094.03,1529.2688812730391
0.001970000000000004,0.0006457246433967817,-0.0006146874998280098,0.0006618597937165003,-0.03875233213262186,0.01815171608270268,-0.05330103250112993,4.4158983085144865e-24,-2.6166368851976125e-24,7.870156197628523e-24,69291275.68688479,6.003811469818165e-05,-5.479298146149934e-05,-6.29385456787269e-05,0.584020987388519,-0.5329989340267349,-0.6122349407017731,-11598527.636415819,1438809.7312933467,7113.805823076896,-10152604.099299394,196036460143435.25,1529.2688808023208,196036460092754.38,1529.2688811976793,196036460106225.28,1529.2688810925936,196036460129964.34,1529.2688809074066,196036460152948.75,1529.2688807281068,196036460083240.88,1529.2688812718936
0.0019750000000000037,0.0006455316467059711,-0.0006145971945298488,0.0006615944067416547,-0.03859933816212052,0.018061059632200924,-0.05307739496910145,4.400604704550186e-24,-2.6056226713101557e-24,7.843533694076891e-24,69305150.51654904,6.005013017978609e-05,-5.482091038000715e-05,-6.293764341796889e-05,0.5840165596412824,-0.53315986794167,-0.6120990224474968,-11600869.69312208,1439108.5921544004,7061.499124364022,-10154699.601843316,196036460143335.2,1529.2688808031014,196036460092854.4,1529.268881196899,196036460106284.53,1529.2688810921313,196036460129905.06,1529.268880907869,196036460152802.5,1529.2688807292475,196036460083387.12,1529.268881270753
0.0019800000000000035,0.0006453394123356888,-0.0006145073406059386,0.0006613301333426302,-0.0384468740564463,0.017970784782043395,-0.05285467980489906,4.38533641288171e-24,-2.5946329552498886e-24,7.817006269602312e-24,69318961.2482907,6.006206625615114e-05,-5.4848723472855863e-05,-6.29367231337508e-05,0.5840120124811458,-0.5333202031510842,-0.6119636673762653,-11603201.513654074,1439405.8488917674,7009.583630471395,-10156786.081131835,196036460143235.5,1529.268880803879,196036460092954.12,1529.2688811961211,196036460106343.6,1529.2688810916707,196036460129846.03,1529.2688809083295,196036460152656.88,1529.2688807303834,196036460083532.75,1529.2688812696167
0.0019850000000000033,0.0006451479376409957,-0.0006144179361525212,0.0006610669689240583,-0.03829493893862503,0.01788089068347417,-0.052632883714396735,4.3700934315874206e-24,-2.583667877756888e-24,7.790573578215836e-24,69332708.16099894,6.007392345818289e-05,-5.48764212351987e-05,-6.293578502390301e-05,0.5840073474654075,-0.5334799420296119,-0.6118288727728535,-11605523.13931467,1439701.510534678,6958.056308708942,-10158863.572471283,196036460143136.16,1529.2688808046541,196036460093053.47,1529.268881195346,196036460106402.38,1529.268881091212,196036460129787.28,1529.2688809087879,196036460152511.84,1529.2688807315149,196036460083677.78,1529.2688812684853
0.001990000000000003,0.0006449572199813369,-0.0006143289792701069,0.000660804908906981,-0.03814353193174917,0.017791376482861214,-0.05241200341545566,4.354876389192959e-24,-2.5727275448866905e-24,7.764235432627646e-24,69346391.53952491,6.0085702287480446e-05,-5.490400418787216e-05,-6.293482929383574e-05,0.5840025658550994,-0.5336390871829317,-0.6116946359951407,-11607834.61247265,1439995.586135708,6906.914142258259,-10160932.112194683,196036460143037.16,1529.2688808054263,196036460093152.47,1529.2688811945739,196036460106460.9,1529.2688810907555,196036460129728.72,1529.2688809092447,196036460152367.4,1529.2688807326417,196036460083822.22,1529.2688812673584
0.001995000000000003,0.0006447672567206512,-0.0006142404680634924,0.0006605439487288189,-0.03799265213713513,0.01770224132289808,-0.05219203563242589,4.33968519351457e-24,-2.5618125285838535e-24,7.73799211611976e-24,69360011.67064741,6.009740330563799e-05,-5.4931472817340964e-05,-6.293385612538359e-05,0.5839976694771227,-0.5337976408585275,-0.6115609541649627,-11610135.97587334,1440288.084785535,6856.154134788879,-10162991.736953016,196036460142938.47,1529.2688808061962,196036460093251.16,1529.268881193804,196036460106519.2,1529.268881090301,196036460129670.44,1529.2688809096992,196036460152223.56,1529.2688807337638,196036460083966.06,1529.2688812662363
0.0020000000000000026,0.0006445780452273548,-0.0006141524006418602,0.0006602840838434196,-0.03784229865929316,0.017613484326462633,-0.05197297707984281,4.324520751087714e-24,-2.550922595765745e-24,7.711843306003376e-24,69373568.83494522,6.010902697158084e-05,-5.49588276539871e-05,-6.293286571325359e-05,0.5839926593187779,-0.5339556058671334,-0.6114278247061089,-11612427.271214694,1440579.015180144,6805.773292232069,-10165042.482742315,196036460142840.2,1529.268880806963,196036460093349.44,1529.2688811930373,196036460106577.22,1529.2688810898483,196036460129612.4,1529.2688809101521,196036460152080.3,1529.2688807348811,196036460084109.3,1529.268881265119
0.0020050000000000024,0.0006443895828744981,-0.0006140647751187376,0.0006600253097210025,-0.0376924705713255,0.01752510462450816,-0.05175482448342179,4.309382990862162e-24,-2.5400583526971034e-24,7.685789018322099e-24,69387063.31709574,6.0120573854573974e-05,-5.498606919382575e-05,-6.293185827158045e-05,0.5839875371063773,-0.5341129843726554,-0.6112952448931392,-11614708.540930448,1440868.3868330827,6755.768679314757,-10167084.38541805,196036460142742.2,1529.2688808077273,196036460093447.44,1529.2688811922728,196036460106635.03,1529.2688810893972,196036460129554.6,1529.268880910603,196036460151937.66,1529.2688807359941,196036460084251.97,1529.2688812640063
0.0020100000000000022,0.0006442018670397542,-0.0006139775896121027,0.0006597676218481609,-0.03754316694879604,0.01743710132698319,-0.05153757456832231,4.294272400741709e-24,-2.5292200850475483e-24,7.65982916099501e-24,69400495.39924382,6.013204443543349e-05,-5.501319791340912e-05,-6.293083397383394e-05,0.5839823041957564,-0.5342697787890077,-0.6111632121282823,-11616979.82705727,1441156.2080474596,6706.137409722072,-10169117.481600087,196036460142644.56,1529.268880808489,196036460093545.06,1529.2688811915111,196036460106692.56,1529.2688810889483,196036460129497.06,1529.2688809110518,196036460151795.62,1529.2688807371019,196036460084394.03,1529.2688812628978
0.002015000000000002,0.0006440148951055024,-0.000613890842244433,0.0006595110157278464,-0.03739438685036465,0.017349473533938897,-0.051321224062894126,4.279189380307878e-24,-2.5184076490707545e-24,7.633963400454956e-24,69413865.35653356,6.01434392059314e-05,-5.5040214332294265e-05,-6.292979301972581e-05,0.5839769617875074,-0.5344259917004635,-0.6110317238052442,-11619241.170453632,1441442.4877679995,6656.876529148509,-10171141.806156484,196036460142547.28,1529.2688808092478,196036460093642.34,1529.2688811907524,196036460106749.88,1529.268881088501,196036460129439.78,1529.2688809114986,196036460151654.16,1529.2688807382056,196036460084535.5,1529.2688812617944
0.002020000000000002,0.0006438286644588981,-0.000613804531142681,0.0006592554868793113,-0.03724612932084724,0.017262220350406716,-0.0511057697070438,4.264133862460326e-24,-2.5076215166345422e-24,7.608191418570726e-24,69427173.46560125,6.015475869726219e-05,-5.506711892044497e-05,-6.292873561507874e-05,0.5839715114595457,-0.534581625196651,-0.6109007773818601,-11621492.612234654,1441727.2349489476,6607.9832465365025,-10173157.394039169,196036460142450.34,1529.268880810004,196036460093739.28,1529.2688811899961,196036460106806.9,1529.2688810880566,196036460129382.72,1529.2688809119438,196036460151513.25,1529.268880739305,196036460084676.38,1529.2688812606953
0.0020250000000000016,0.0006436431724918611,-0.0006137186544383556,0.0006590010308380528,-0.03709839340738449,0.017175340865069662,-0.05089120825169994,4.2491067084540856e-24,-2.496861823039126e-24,7.582513989719627e-24,69440420.01689503,6.016600340250729e-05,-5.509391221788386e-05,-6.292766192002567e-05,0.5839659544877801,-0.5347366821018027,-0.6107703699541517,-11623734.19600147,1442010.4583723876,6559.454612339548,-10175164.283016745,196036460142353.75,1529.2688808107575,196036460093835.9,1529.2688811892424,196036460106863.75,1529.268881087613,196036460129325.9,1529.268880912387,196036460151372.97,1529.2688807403993,196036460084816.7,1529.2688812596007
0.0020300000000000014,0.0006434584166012247,-0.0006136332102675459,0.000658747643155948,-0.036951178127277884,0.017088834161923125,-0.050677536420961934,4.234107439253467e-24,-2.4861286139751017e-24,7.556930172910754e-24,69453605.2710651,6.0177173829889193e-05,-5.512059467513706e-05,-6.292657213254253e-05,0.5839602923810909,-0.5348911644422419,-0.6106404990858476,-11625965.960158927,1442292.1666040723,6511.287868997316,-10177162.505685857,196036460142257.44,1529.268880811509,196036460093932.2,1529.2688811884914,196036460106920.3,1529.2688810871718,196036460129269.3,1529.2688809128285,196036460151233.22,1529.2688807414893,196036460084956.4,1529.2688812585109
0.0020350000000000012,0.0006432743941886526,-0.000613548196770929,0.0006584953194010904,-0.03680448251442566,0.017002699323379483,-0.0504647509715309,4.219137241853566e-24,-2.475422411973832e-24,7.531440167828712e-24,69466729.51833892,6.018827044010228e-05,-5.514716679128817e-05,-6.292546644643416e-05,0.5839545262078165,-0.5350450747269453,-0.6105111623318955,-11628187.948337764,1442572.368154682,6463.480192440404,-10179152.09999064,196036460142161.5,1529.2688808122573,196036460094028.1,1529.268881187743,196036460106976.62,1529.2688810867323,196036460129213.0,1529.2688809132678,196036460151094.06,1529.2688807425748,196036460085095.56,1529.2688812574254
0.002040000000000001,0.0006430911026608446,-0.0006134636120938603,0.0006582440551578244,-0.03665830556160122,0.01691693541374741,-0.05025284865318966,4.204195980368653e-24,-2.4647433748979723e-24,7.506043761499112e-24,69479793.02895623,6.0199293737455147e-05,-5.517362903623019e-05,-6.29243450372487e-05,0.5839486574630115,-0.5351984151771354,-0.61038235708368,-11630400.200692037,1442851.071522551,6416.028826907829,-10181133.10034258,196036460142065.94,1529.2688808130026,196036460094123.7,1529.2688811869973,196036460107032.7,1529.268881086295,196036460129156.94,1529.268880913705,196036460150955.53,1529.2688807436557,196036460085234.1,1529.2688812563445
0.002045000000000001,0.0006429085394295132,-0.000613379454386401,0.0006579938460267089,-0.03651264626628589,0.016831541491866234,-0.05004182622309977,4.1892838757070506e-24,-2.454091188077074e-24,7.48074084943804e-24,69492796.07146867,6.021024420531004e-05,-5.5199981929424135e-05,-6.292320807913894e-05,0.5839426873584509,-0.535351188413933,-0.6102540806454146,-11632602.757118097,1443128.2853999506,6368.930964841208,-10183105.540753305,196036460141970.7,1529.2688808137457,196036460094218.9,1529.2688811862547,196036460107088.53,1529.2688810858594,196036460129101.1,1529.2688809141407,196036460150817.53,1529.268880744732,196036460085372.1,1529.2688812552683
0.0020500000000000006,0.0006427267019114216,-0.0006132957218032636,0.0006577446876244987,-0.03636750361830737,0.016746516627477417,-0.04983168044204276,4.1744013647041395e-24,-2.4434668817562967e-24,7.455531357428611e-24,69505738.93146347,6.022112236729223e-05,-5.522622593221042e-05,-6.29220557982434e-05,0.5839366173559711,-0.5355033963582634,-0.6101263306886787,-11634795.660512555,1443404.01882257,6322.183943875682,-10185069.457746109,196036460141875.78,1529.2688808144862,196036460094313.84,1529.268881185514,196036460107144.16,1529.2688810854256,196036460129045.5,1529.2688809145743,196036460150680.1,1529.2688807458042,196036460085509.53,1529.2688812541958
0.0020550000000000004,0.0006425455875284598,-0.0006132124125039904,0.0006574965755841318,-0.03622287659235869,0.016661859854628366,-0.049622408073371496,4.159548563697898e-24,-2.4328697288538276e-24,7.430414964667868e-24,69518621.86615176,6.023192864484712e-05,-5.525236152957646e-05,-6.292088831914575e-05,0.5839304485399072,-0.5356550417154019,-0.6099991045508625,-11636978.948883828,1443678.2793063873,6275.784986994593,-10187024.884590445,196036460141781.22,1529.2688808152238,196036460094408.4,1529.2688811847763,196036460107199.5,1529.2688810849938,196036460128990.12,1529.2688809150063,196036460150543.25,1529.268880746872,196036460085646.38,1529.2688812531285
0.00206,0.0006423651937076643,-0.0006131295246528276,0.000657249505554674,-0.03607876415910219,0.016577570232557095,-0.04941400589155343,4.144725903636924e-24,-2.422300406753627e-24,7.405391937228248e-24,69531445.15783916,6.024266354410769e-05,-5.527838920122361e-05,-6.291970583124123e-05,0.5839241823241373,-0.5358061266810813,-0.6098723996936611,-11639152.664631788,1443951.0755791136,6229.731422876541,-10188971.857629798,196036460141686.97,1529.268880815959,196036460094502.62,1529.2688811840414,196036460107254.62,1529.2688810845636,196036460128935.03,1529.2688809154363,196036460150407.0,1529.2688807479346,196036460085782.62,1529.2688812520655
0.002065,0.000642185517881293,-0.0006130470564188424,0.0006570034732013648,-0.03593516527426952,0.016493646797032847,-0.049206470661837635,4.129933227321263e-24,-2.4117591863859717e-24,7.38046164366837e-24,69544209.07058564,6.025332756936222e-05,-5.5304309406303676e-05,-6.291850854375758e-05,0.5839178201009295,-0.5359566532411182,-0.6097462137768124,-11641316.846998086,1444222.4163739544,6184.020626994014,-10190910.409997137,196036460141593.06,1529.2688808166918,196036460094596.56,1529.2688811833086,196036460107309.5,1529.2688810841357,196036460128880.12,1529.2688809158644,196036460150271.28,1529.2688807489935,196036460085918.34,1529.2688812510069
0.00207,0.0006420065574867978,-0.0006129650059759702,0.000656758474205508,-0.035792078899038696,0.016410088574438177,-0.04899979917135019,4.115171566873924e-24,-2.4012460491670244e-24,7.355624247188535e-24,69556913.88056149,6.0263921136435156e-05,-5.533012264072972e-05,-6.29172966121685e-05,0.5839113627680057,-0.5361066240632697,-0.6096205443272844,-11643471.537403818,1444492.3095234504,6138.64991327602,-10192840.577967092,196036460141499.53,1529.2688808174212,196036460094690.12,1529.2688811825785,196036460107364.12,1529.2688810837094,196036460128825.5,1529.2688809162908,196036460150136.12,1529.2688807500479,196036460086053.5,1529.2688812499525
0.0020749999999999996,0.0006418283099670037,-0.0006128833715030112,0.0006565145042645001,-0.03564950395882861,0.0163268945917995,-0.04879398820156292,4.100440352396567e-24,-2.390761100295596e-24,7.33087943080556e-24,69569559.84645951,6.027444475176818e-05,-5.535582935405411e-05,-6.291607020243502e-05,0.5839048119026634,-0.5362560411765004,-0.6094953887755206,-11645616.774229145,1444760.7633479964,6093.616672119173,-10194762.39420903,196036460141406.28,1529.2688808181488,196036460094783.34,1529.2688811818514,196036460107418.53,1529.2688810832851,196036460128771.1,1529.268880916715,196036460150001.53,1529.2688807510976,196036460086188.06,1529.2688812489027
0.0020799999999999994,0.0006416507727700097,-0.0006128021511836488,0.0006562715590917755,-0.03550743939880298,0.01624406387249849,-0.04858903454492992,4.0857405028039094e-24,-2.3803045980501622e-24,7.306227191687348e-24,69582147.244283,6.028489885720669e-05,-5.538143003686584e-05,-6.291482950135285e-05,0.5838981684698533,-0.5364049070126553,-0.6093707447771802,-11647752.598924711,1445027.786131126,6048.918291684714,-10196675.894501898,196036460141313.4,1529.2688808188732,196036460094876.25,1529.2688811811267,196036460107472.72,1529.2688810828624,196036460128716.94,1529.2688809171375,196036460149867.5,1529.268880752143,196036460086322.1,1529.2688812478573
0.002084999999999999,0.0006414739433493482,-0.0006127213432064939,0.0006560296344168055,-0.03536588413228861,0.01616159543096846,-0.04838493499400336,4.071071591194213e-24,-2.3698766472146104e-24,7.281667260919487e-24,69594676.33279368,6.029528394788028e-05,-5.5406925139844856e-05,-6.291357467346734e-05,0.5838914339690211,-0.5365532236266309,-0.6092466098005559,-11649879.049945684,1445293.3861078306,6004.552221170652,-10198581.111616684,196036460141220.8,1529.2688808195956,196036460094968.8,1529.2688811804046,196036460107526.62,1529.268881082442,196036460128663.0,1529.2688809175584,196036460149734.06,1529.268880753184,196036460086455.56,1529.2688812468161
0.002089999999999999,0.0006412978191639112,-0.0006126409457651038,0.0006557887259850522,-0.03522483708740285,0.016079488278012366,-0.048181686350652335,4.056434464282963e-24,-2.3594772765586974e-24,7.257199431528006e-24,69607147.38093206,6.030560044831661e-05,-5.5432315151599276e-05,-6.291230590166924e-05,0.5838846092672394,-0.5367009934808384,-0.6091229815542376,-11651996.16759028,1445557.5713826464,5960.515860113894,-10200478.08034752,196036460141128.56,1529.2688808203152,196036460095061.03,1529.2688811796854,196036460107580.3,1529.268881082023,196036460128609.28,1529.2688809179774,196036460149601.16,1529.2688807542208,196036460086588.47,1529.2688812457793
0.0020949999999999988,0.0006411223976780966,-0.0006125609570579866,0.0006555488295579326,-0.035084297162927575,0.015997741423436396,-0.047979285423916725,4.041829102050555e-24,-2.3491070522584697e-24,7.232823832346822e-24,69619560.65763657,6.031584883947167e-05,-5.545760050569258e-05,-6.291102334130527e-05,0.5838776958502523,-0.5368482185640281,-0.6089998575642115,-11654103.992177123,1445820.3498782583,5916.806708150319,-10202366.835590716,196036460141036.7,1529.2688808210319,196036460095152.94,1529.2688811789683,196036460107633.78,1529.268881081606,196036460128555.84,1529.2688809183944,196036460149468.84,1529.2688807552531,196036460086720.8,1529.2688812447468
0.0020999999999999986,0.0006409476763618049,-0.0006124813752886994,0.0006553099409128408,-0.03494426325833828,0.015916353857430916,-0.04777772901837284,4.0272557233903345e-24,-2.3387659232707037e-24,7.208539844707796e-24,69631916.42044641,6.032602956363801e-05,-5.5482781663853864e-05,-6.290972718044832e-05,0.583870694755598,-0.5369949010629685,-0.6088772356050012,-11656202.562070714,1446081.7296970314,5873.422244908893,-10204247.410128774,196036460140945.1,1529.2688808217463,196036460095244.5,1529.268881178254,196036460107687.0,1529.2688810811908,196036460128502.66,1529.2688809188091,196036460149337.03,1529.2688807562813,196036460086852.62,1529.2688812437184
0.0021049999999999984,0.0006407736526904773,-0.0006124021986658397,0.0006550720558430406,-0.034804734265526625,0.015835324571954735,-0.04757701396003149,4.0127142948342056e-24,-2.32845364535522e-24,7.184347626444551e-24,69644214.92822604,6.033614308817069e-05,-5.550785911585202e-05,-6.290841756275456e-05,0.5838636072451964,-0.5371410434120626,-0.6087551130108296,-11658291.915881295,1446341.7189835417,5830.359958383516,-10206119.836939368,196036460140853.88,1529.2688808224582,196036460095335.75,1529.2688811775422,196036460107739.97,1529.2688810807776,196036460128449.62,1529.268880919223,196036460149205.78,1529.2688807573052,196036460086983.88,1529.2688812426945
0.002109999999999998,0.0006406003241450895,-0.0006123234254030025,0.0006548351701576935,-0.03466570907754382,0.015754652567428654,-0.047377137069435124,3.998205474750406e-24,-2.3181708565917314e-24,7.160246942465447e-24,69656456.44995125,6.034618983233414e-05,-5.5532833281600394e-05,-6.290709465933012e-05,0.583856434388453,-0.5372866476138469,-0.6086334876747056,-11660372.094078952,1446600.3252034409,5787.617364981073,-10207984.151510531,196036460140762.97,1529.2688808231671,196036460095426.66,1529.268881176833,196036460107792.72,1529.268881080366,196036460128396.9,1529.268880919634,196036460149075.06,1529.268880758325,196036460087114.56,1529.2688812416752
0.002114999999999998,0.0006404276882122664,-0.0006122450537188917,0.0006545992796818172,-0.03452718656463115,0.015674336822166447,-0.04717809517527123,3.983729362091117e-24,-2.3079173058463884e-24,7.136237498946835e-24,69668641.24119875,6.035617025405507e-05,-5.555770465320694e-05,-6.2905758650313e-05,0.5838491772480808,-0.5374317160122899,-0.6085123571882699,-11662443.13475676,1446857.5567630315,5745.192031096526,-10209840.385962635,196036460140672.4,1529.2688808238736,196036460095517.22,1529.2688811761266,196036460107845.25,1529.2688810799564,196036460128344.38,1529.268880920044,196036460148944.9,1529.2688807593404,196036460087244.72,1529.2688812406598
0.0021199999999999978,0.0006402557423842984,-0.0006121670818372758,0.0006543643802562351,-0.03438916559360157,0.015594376323182725,-0.046979885116407154,3.9692859455052334e-24,-2.2976935818634497e-24,7.112319446193464e-24,69680769.56659979,6.0366084818529205e-05,-5.5582473650701326e-05,-6.290440968204547e-05,0.5838418372648505,-0.5375762505304923,-0.6083917191454706,-11664505.077680621,1447113.42130316,5703.0815172996745,-10211688.574860163,196036460140582.16,1529.2688808245775,196036460095607.5,1529.2688811754222,196036460107897.53,1529.2688810795485,196036460128292.1,1529.2688809204517,196036460148815.28,1529.2688807603515,196036460087374.34,1529.2688812396486
0.0021249999999999976,0.00064008448415914,-0.0006120895079870903,0.0006541304677376026,-0.0342516450316613,0.015514770037094365,-0.046782503726502764,3.954875403509434e-24,-2.287499160131244e-24,7.088492229504255e-24,69692841.67393132,6.0375933939273144e-05,-5.560714075026981e-05,-6.290304791522159e-05,0.5838344153270852,-0.5377202535798249,-0.6082715712325617,-11666557.959672559,1447367.926592034,5661.283392841727,-10213528.749687685,196036460140492.22,1529.2688808252794,196036460095697.4,1529.268881174721,196036460107949.6,1529.2688810791424,196036460128240.03,1529.268880920858,196036460148686.22,1529.2688807613583,196036460087503.4,1529.2688812386418
0.0021299999999999973,0.0006399139110404409,-0.0006120123304023469,0.0006538975379983105,-0.03411462373983166,0.015435516948690551,-0.04658594785843619,3.9404981395166924e-24,-2.27733474578685e-24,7.064755959357387e-24,69704857.83102894,6.038571806510712e-05,-5.5631706380775016e-05,-6.290167351583666e-05,0.5838269126705515,-0.5378637271128206,-0.6081519112013687,-11668601.821125584,1447621.0803803885,5619.795275749494,-10215360.945469445,196036460140402.6,1529.2688808259784,196036460095787.03,1529.2688811740218,196036460108001.4,1529.268881078738,196036460128188.2,1529.2688809212623,196036460148557.7,1529.268880762361,196036460087631.9,1529.2688812376393
0.002134999999999997,0.000639744020537615,-0.0006119355473222552,0.0006536655869265041,-0.033978100565157245,0.01535661601833018,-0.04639021436125793,3.926154370391088e-24,-2.2672002597939194e-24,7.041110317701763e-24,69716818.29106264,6.0395437611581846e-05,-5.565617098844534e-05,-6.290028663674868e-05,0.583819330308323,-0.5380066733346852,-0.6080327367878203,-11670636.699890522,1447872.8901707844,5578.614789522717,-10217185.194930214,196036460140313.3,1529.2688808266748,196036460095876.28,1529.2688811733256,196036460108053.0,1529.2688810783357,196036460128136.62,1529.2688809216645,196036460148429.72,1529.2688807633592,196036460087759.9,1529.268881236641
0.002139999999999997,0.0006395748101658792,-0.0006118591569912096,0.000653434610426029,-0.03384207434716914,0.015278066209110451,-0.04619530009503773,3.911844430312304e-24,-2.2570957631095485e-24,7.01755496998738e-24,69728723.3102435,6.040509301945032e-05,-5.56805350444864e-05,-6.28988874689535e-05,0.5838116692043911,-0.5381490944157312,-0.6079140457994954,-11672662.634375077,1448123.3641892518,5537.739578741384,-10219001.530607082,196036460140224.4,1529.2688808273683,196036460095965.22,1529.2688811726316,196036460108104.38,1529.2688810779348,196036460128085.25,1529.2688809220654,196036460148302.25,1529.2688807643538,196036460087887.38,1529.2688812356464
0.0021449999999999967,0.0006394062774463101,-0.0006117831576587995,0.0006532046044163718,-0.033706543913820386,0.015199866482016636,-0.0460012019314362,3.897567836131906e-24,-2.2470213040013052e-24,6.994089920936725e-24,69740573.13624367,6.041468472718703e-05,-5.570479895538175e-05,-6.289747611839043e-05,0.5838039307935508,-0.5382909923484516,-0.6077958357429887,-11674679.66154525,1448372.5094368588,5497.167306547684,-10220809.984801846,196036460140135.78,1529.2688808280598,196036460096053.84,1529.2688811719404,196036460108155.5,1529.2688810775362,196036460128034.1,1529.2688809224644,196036460148175.34,1529.2688807653437,196036460088014.28,1529.2688812346564
0.0021499999999999965,0.0006392384199057611,-0.0006117075475798177,0.0006529755648326621,-0.03357150810980326,0.015122015796361717,-0.04580791674195034,3.883325260410847e-24,-2.236977242543764e-24,6.9707150888085e-24,69752368.03174984,6.042421316876087e-05,-5.572896318627357e-05,-6.28960527748272e-05,0.5837961160132139,-0.5384323692676573,-0.6076781044703711,-11676687.821035638,1448620.3340377104,5456.895629365711,-10222610.591368563,196036460140047.44,1529.268880828749,196036460096142.16,1529.2688811712515,196036460108206.4,1529.2688810771388,196036460127983.22,1529.2688809228612,196036460148048.9,1529.2688807663299,196036460088140.7,1529.2688812336705
0.0021549999999999963,0.0006390712350769786,-0.0006116323250143228,0.0006527474876256575,-0.03343696575650838,0.015044513098983473,-0.045615441400909174,3.869116780701977e-24,-2.226963412627159e-24,6.947430196642074e-24,69764108.24370757,6.043367873906536e-05,-5.575302816329311e-05,-6.289461756393266e-05,0.583788225887287,-0.5385732273526693,-0.6075608497050348,-11678687.149742482,1448866.8449622334,5416.922277515993,-10224403.382502733,196036460139959.47,1529.2688808294351,196036460096230.16,1529.268881170565,196036460108257.1,1529.2688810767436,196036460127932.56,1529.2688809232566,196036460147923.1,1529.2688807673114,196036460088266.53,1529.268881232689
0.002159999999999996,0.0006389047204986153,-0.0006115574882276105,0.0006525203687616963,-0.03330291567263947,0.014967357342474749,-0.04542377279223736,3.854942762902915e-24,-2.2169799547695285e-24,6.924234740952822e-24,69775794.0244059,6.0443081869452946e-05,-5.577699434647964e-05,-6.289317068742293e-05,0.5837802613054515,-0.5387135686553515,-0.6074440694061919,-11680677.685541807,1449112.0503857601,5377.2449588556665,-10226188.390197191,196036460139871.8,1529.268880830119,196036460096317.78,1529.2688811698813,196036460108307.56,1529.2688810763498,196036460127882.06,1529.2688809236504,196036460147797.75,1529.2688807682894,196036460088391.88,1529.268881231711
0.002164999999999996,0.0006387388737152943,-0.0006114830354902376,0.0006522942042226097,-0.033169356664223285,0.014890547474559977,-0.04523290781730337,3.840803295157862e-24,-2.207027265163431e-24,6.901128722039717e-24,69787425.62706228,6.04524229648002e-05,-5.5800862127789664e-05,-6.289171226726487e-05,0.5837722234660474,-0.5388533950844231,-0.607327761357488,-11682659.466527851,1449355.957080487,5337.861428501642,-10227965.648018863,196036460139784.5,1529.2688808308,196036460096405.12,1529.2688811692,196036460108357.78,1529.268881075958,196036460127831.88,1529.268880924042,196036460147672.9,1529.2688807692632,196036460088516.7,1529.2688812307372
0.0021699999999999957,0.0006385736922776231,-0.0006114089650780915,0.0006520689900057224,-0.033036287534232725,0.014814082429237038,-0.045042843377465294,3.826698044328223e-24,-2.1971049988618996e-24,6.87811242218922e-24,69799003.29669988,6.046170247303659e-05,-5.582463197291166e-05,-6.289024241762103e-05,0.5837641136412909,-0.538992708939202,-0.6072119229189908,-11684632.529363627,1449598.5726647598,5298.769405109526,-10229735.187293759,196036460139697.47,1529.268880831479,196036460096492.16,1529.2688811685211,196036460108407.78,1529.268881075568,196036460127781.84,1529.268880924432,196036460147548.66,1529.2688807702323,196036460088640.97,1529.2688812297679
0.0021749999999999955,0.0006384091737421372,-0.0006113352752723292,0.0006518447221239009,-0.03290370709718267,0.014737961152454897,-0.044853576364301116,3.812627701586904e-24,-2.1872134317737075e-24,6.855184956322772e-24,69810527.2828739,6.0470920776897e-05,-5.5848304306680106e-05,-6.28887613431621e-05,0.5837559324998747,-0.5391315121422522,-0.6070965523591865,-11686596.911565455,1449839.904690114,5259.966683928958,-10231497.04019141,196036460139610.78,1529.2688808321554,196036460096578.84,1529.268881167845,196036460108457.56,1529.2688810751797,196036460127732.06,1529.2688809248205,196036460147424.9,1529.2688807711977,196036460088764.72,1529.2688812288025
0.0021799999999999953,0.000638245315671419,-0.0006112619643594262,0.0006516213966054007,-0.03277161414364149,0.014662182580603346,-0.04466510370005336,3.798592438659094e-24,-2.177352952538812e-24,6.832346381610396e-24,69821997.8386904,6.048007829394947e-05,-5.587187954324399e-05,-6.28872691857125e-05,0.5837476811771928,-0.5392698066272671,-0.6069816474823935,-11688552.65130495,1450079.9603822925,5221.451076966938,-10233251.239845688,196036460139524.4,1529.2688808328292,196036460096665.22,1529.268881167171,196036460108507.1,1529.2688810747932,196036460127682.53,1529.2688809252068,196036460147301.66,1529.268880772159,196036460088888.0,1529.2688812278407
0.002184999999999995,0.0006380821156341278,-0.0006111890306312431,0.0006513990094938757,-0.03264000745822796,0.014586745636607282,-0.04447742230498386,3.7845920677552e-24,-2.167522999648748e-24,6.809596323000484e-24,69833415.19889572,6.048917542117415e-05,-5.589535812832069e-05,-6.288576607305158e-05,0.5837393606270003,-0.5394075946424892,-0.6068672059823176,-11690499.783563575,1450318.7469223149,5183.220354382084,-10234997.816286879,196036460139438.34,1529.2688808335004,196036460096751.28,1529.2688811664998,196036460108556.44,1529.2688810744085,196036460127633.2,1529.2688809255917,196036460147178.9,1529.2688807731167,196036460089010.72,1529.2688812268834
0.002189999999999995,0.0006379195712049675,-0.0006111164723849289,0.000651177556848314,-0.03250888583206703,0.014511649262845726,-0.04429052911234854,3.770626932939826e-24,-2.1577241027198714e-24,6.786935030575518e-24,69844779.61985323,6.049821258389291e-05,-5.591874048845318e-05,-6.288425215369958e-05,0.5837309719679805,-0.5395448781447229,-0.6067532256470608,-11692438.347158499,1450556.271758846,5145.27235070439,-10236736.803048948,196036460139352.6,1529.2688808341693,196036460096837.03,1529.2688811658309,196036460108605.56,1529.268881074025,196036460127584.1,1529.2688809259748,196036460147056.72,1529.26888077407,196036460089132.9,1529.26888122593
0.0021949999999999947,0.0006377576799647456,-0.0006110442879230122,0.0006509570347430802,-0.03237824804436312,0.014436892383348518,-0.04410442104673893,3.7566971098421726e-24,-2.1479563490493903e-24,6.764361930752289e-24,69856091.34133297,6.050719015413814e-05,-5.5942027009103715e-05,-6.288272756341201e-05,0.5837225161456441,-0.5396816590037659,-0.6066397045030448,-11694368.378036378,1450792.5414909374,5107.604941292933,-10238468.231604148,196036460139267.2,1529.2688808348355,196036460096922.44,1529.2688811651647,196036460108654.44,1529.268881073644,196036460127535.22,1529.268880926356,196036460146935.03,1529.2688807750192,196036460089254.6,1529.2688812249808
0.0021999999999999945,0.0006375964395003871,-0.0006109724755534166,0.0006507374392678172,-0.03224809287170042,0.014362473919120981,-0.04391909505261901,3.742802571188603e-24,-2.1382195808675143e-24,6.741876989255867e-24,69867350.60618323,6.051610857279852e-05,-5.596521816056163e-05,-6.288119246433059e-05,0.5837139941929452,-0.539817939368706,-0.6065266402385325,-11696289.912700318,1451027.564149255,5070.215950650609,-10240192.132600414,196036460139182.06,1529.2688808354997,196036460097007.56,1529.2688811645005,196036460108703.1,1529.2688810732643,196036460127486.56,1529.2688809267356,196036460146813.84,1529.2688807759646,196036460089375.78,1529.2688812240356
0.0022049999999999943,0.000637435847404929,-0.0006109010335894335,0.000650518766527439,-0.03211841909160801,0.014288392796634566,-0.04373454807564027,3.7289437016434605e-24,-2.128513996890044e-24,6.719479524899383e-24,69878557.65540253,6.0524968198895404e-05,-5.5988314332011876e-05,-6.287964701338127e-05,0.5837054068839571,-0.539953721091097,-0.6064140310500015,-11698202.98738244,1451261.346443065,5033.10330157992,-10241908.537637794,196036460139097.25,1529.2688808361613,196036460097092.34,1529.268881163839,196036460108751.53,1529.2688810728866,196036460127438.1,1529.2688809271137,196036460146693.12,1529.2688807769064,196036460089496.47,1529.268881223094
0.002209999999999994,0.0006372759012775876,-0.0006108299603497561,0.0006503010126420137,-0.03198922546828784,0.014214647935475971,-0.043550777085054705,3.715120738204693e-24,-2.1188396696851286e-24,6.697170295237867e-24,69889712.73956382,6.0533769427613364e-05,-5.6011315956342716e-05,-6.287809129427293e-05,0.5836967553373527,-0.5400890064344622,-0.6063018744299592,-11700107.640046041,1451493.8950901523,4996.26483453955,-10243617.480121352,196036460139012.8,1529.26888083682,196036460097176.84,1529.26888116318,196036460108799.75,1529.2688810725103,196036460127389.88,1529.26888092749,196036460146573.0,1529.2688807778434,196036460089616.62,1529.2688812221568
0.002214999999999994,0.0006371165987237989,-0.0006107592541584925,0.0006500841737468944,-0.031860510757730796,0.014141238252717693,-0.04336777902386794,3.701333536066638e-24,-2.1091968152732627e-24,6.674948133592957e-24,69900816.09130245,6.0542512666370995e-05,-5.603422342647556e-05,-6.287652551018166e-05,0.5836880404607311,-0.540223796966813,-0.6061901686879057,-11702003.90551263,1451725.217624428,4959.698520110401,-10245318.989368092,196036460138928.62,1529.268880837477,196036460097261.0,1529.2688811625235,196036460108847.75,1529.2688810721359,196036460127341.88,1529.2688809278643,196036460146453.34,1529.2688807787767,196036460089736.3,1529.268881221223
0.0022199999999999937,0.0006369579373551942,-0.0006106889133452028,0.0006498682459925168,-0.03173227372094471,0.014068162657947941,-0.043185550875506525,3.687582273246268e-24,-2.099585044210706e-24,6.652813039370925e-24,69911867.94677824,6.055119827778638e-05,-5.60570371746115e-05,-6.28749497663314e-05,0.5836792630893555,-0.5403580949619813,-0.6060789115688857,-11703891.81927618,1451955.320683682,4923.402244992906,-10247013.096347505,196036460138844.78,1529.2688808381308,196036460097344.84,1529.2688811618696,196036460108895.53,1529.2688810717632,196036460127294.06,1529.2688809282372,196036460146334.16,1529.2688807797067,196036460089855.47,1529.2688812202937
0.0022249999999999935,0.0006367999147896303,-0.0006106189362448316,0.0006496532255443997,-0.031604513112769815,0.013995420074247667,-0.043004089623417584,3.6738670697256665e-24,-2.0900049860908e-24,6.630765392644489e-24,69922868.55655122,6.0559826688645884e-05,-5.607975760731173e-05,-6.287336419782727e-05,0.583670424439816,-0.5404919022213522,-0.6059681008662001,-11705771.41939446,1452184.2114939627,4887.373970698159,-10248699.833929798,196036460138761.22,1529.2688808387827,196036460097428.38,1529.2688811612177,196036460108943.12,1529.268881071392,196036460127246.53,1529.268880928608,196036460146215.5,1529.2688807806321,196036460089974.12,1529.268881219368
0.0022299999999999933,0.0006366425286512109,-0.0006105493211978172,0.0006494391085832103,-0.03147722768388943,0.013923009402884814,-0.042823392237880196,3.660188026505166e-24,-2.0804564176330986e-24,6.608804113053964e-24,69933818.14735806,6.056839824628852e-05,-5.610238511603048e-05,-6.28717689652921e-05,0.5836615251803319,-0.5406252205965051,-0.6058577348513007,-11707642.739770133,1452411.896738543,4851.611691000612,-10250379.231340587,196036460138678.0,1529.2688808394319,196036460097511.62,1529.2688811605683,196036460108990.44,1529.2688810710229,196036460127199.2,1529.2688809289773,196036460146097.34,1529.2688807815541,196036460090092.28,1529.2688812184463
0.002234999999999993,0.0006364857765703035,-0.0006104800665500528,0.0006492258913045773,-0.03135041618148759,0.013850929552863144,-0.04264345572660374,3.646545460203198e-24,-2.0709393468671876e-24,6.586929764364932e-24,69944716.96524367,6.057691335812646e-05,-5.6124920159992045e-05,-6.28701641924959e-05,0.5836525662780818,-0.5407580523271637,-0.6057478111560469,-11709505.817738125,1452638.383795796,4816.113337535877,-10252051.320604794,196036460138595.06,1529.268880840079,196036460097594.56,1529.2688811599212,196036460109037.6,1529.2688810706547,196036460127152.03,1529.2688809293452,196036460145979.7,1529.2688807824718,196036460090209.97,1529.268881217528
0.002239999999999993,0.0006363296561835946,-0.0006104111706528884,0.0006490135699191884,-0.03122407734177871,0.013779179432908222,-0.04246427707776528,3.63293899303361e-24,-2.061453552193824e-24,6.5651416023972216e-24,69955565.23210055,6.058537237300585e-05,-5.614736309977142e-05,-6.286854998547782e-05,0.5836435486860684,-0.5408903992066024,-0.6056383278188852,-11711360.68643665,1452863.6786731526,4780.876909583754,-10253716.130853914,196036460138512.44,1529.2688808407236,196036460097677.16,1529.2688811592768,196036460109084.53,1529.2688810702887,196036460127105.1,1529.2688809297115,196036460145862.5,1529.2688807833858,196036460090327.12,1529.2688812166143
0.0022449999999999927,0.0006361741651340243,-0.0006103426318630912,0.0006488021406526618,-0.03109820991406606,0.013707757959423179,-0.042285853305324896,3.6193691698044565e-24,-2.051999802042447e-24,6.543439300478681e-24,69966363.19342537,6.059377566711117e-05,-5.616971431151127e-05,-6.286692651689183e-05,0.5836344732544985,-0.5410222628336417,-0.6055292831460011,-11713207.383182716,1453087.7882877474,4745.900481466818,-10255373.6944135,196036460138430.12,1529.2688808413654,196036460097759.47,1529.268881158635,196036460109131.2,1529.2688810699249,196036460127058.4,1529.2688809300755,196036460145745.84,1529.268880784296,196036460090443.78,1529.2688812157041
0.0022499999999999925,0.0006360193010708804,-0.0006102744485429803,0.000648591599745489,-0.030972812628777404,0.013636664022188008,-0.042108181434560576,3.6058360633950236e-24,-2.0425776580243396e-24,6.521823275157425e-24,69977111.08457536,6.060212363502853e-05,-5.61919742607169e-05,-6.286529389557865e-05,0.5836253408936833,-0.541153645553836,-0.6054206747134796,-11715045.943539448,1453310.719846756,4711.182011341776,-10257024.041681351,196036460138348.16,1529.2688808420048,196036460097841.47,1529.268881157995,196036460109177.7,1529.2688810695622,196036460127011.9,1529.2688809304382,196036460145629.7,1529.268880785202,196036460090559.97,1529.2688812147978
0.0022549999999999923,0.0006358650616498113,-0.0006102066190603494,0.0006483819434531074,-0.030847884213815485,0.01356589652617119,-0.041931258476318546,3.59233955448239e-24,-2.0331871477918048e-24,6.500292565951312e-24,69987809.12943834,6.061041663661089e-05,-5.621414331869661e-05,-6.286365227789959e-05,0.583616152415773,-0.5412845490190814,-0.6053125008064996,-11716876.40109707,1453532.479967239,4676.719565976536,-10258667.201563856,196036460138266.47,1529.2688808426421,196036460097923.16,1529.268881157358,196036460109223.97,1529.2688810692011,196036460126965.66,1529.268880930799,196036460145513.97,1529.268880786105,196036460090675.66,1529.2688812138954
0.002259999999999992,0.0006357114445328053,-0.0006101391417884724,0.0006481731680457337,-0.030723423401217167,0.013495454375383168,-0.041755081474722025,3.578879835289096e-24,-2.0238283909351854e-24,6.478847542652267e-24,69998457.56656946,6.0618655048420435e-05,-5.623622189615281e-05,-6.28620017676879e-05,0.583606908795715,-0.5414149752571727,-0.6052047592122727,-11718698.792055456,1453753.0752599565,4642.5112059883795,-10260303.20558951,196036460138185.06,1529.2688808432772,196036460098004.53,1529.2688811567232,196036460109270.03,1529.2688810688417,196036460126919.6,1529.2688809311585,196036460145398.75,1529.2688807870036,196036460090790.88,1529.2688812129966
0.002264999999999992,0.0006355584473882235,-0.000610072015106124,0.0006479652698084283,-0.030599428916359514,0.013425336469691025,-0.04157964746108238,3.565457261887044e-24,-2.0145015930677017e-24,6.45748778749614e-24,70009056.62933774,6.0626839215922786e-05,-5.625821037592915e-05,-6.286034250596886e-05,0.5835976107670179,-0.541544926076199,-0.6050974481421589,-11720513.151756188,1453972.5121896956,4608.555011569587,-10261932.084554922,196036460138104.03,1529.2688808439093,196036460098085.62,1529.2688811560906,196036460109315.9,1529.2688810684838,196036460126873.75,1529.2688809315162,196036460145284.06,1529.2688807878983,196036460090905.6,1529.2688812121014
0.0022699999999999916,0.0006354060678908621,-0.0006100052373976147,0.0006477582450410224,-0.030475899472283068,0.013355541701838145,-0.0414049534811849,3.5520710166177144e-24,-2.0052064805971946e-24,6.436212760693626e-24,70019606.53346837,6.06349695412074e-05,-5.628010914328158e-05,-6.285867461575758e-05,0.5835882594743756,-0.5416744031780967,-0.6049905655010842,-11722319.512447031,1454190.7975532997,4574.849070656593,-10263553.865823075,196036460138023.22,1529.2688808445398,196036460098166.4,1529.2688811554603,196036460109361.53,1529.268881068128,196036460126828.1,1529.2688809318722,196036460145169.78,1529.2688807887898,196036460091019.8,1529.2688812112106
0.0022749999999999914,0.0006352543037218103,-0.0006099388070527445,0.0006475520900580249,-0.030352833810357104,0.013286068974046827,-0.041230996599516505,3.538722319114014e-24,-1.9959433292742086e-24,6.415022647653883e-24,70030107.52368203,6.0643046329678384e-05,-5.630191860677358e-05,-6.28569982211924e-05,0.5835788553718886,-0.5418034087067672,-0.6048841094594603,-11724117.911544282,1454407.937547997,4541.391483578168,-10265168.582512708,196036460137942.75,1529.2688808451674,196036460098246.88,1529.2688811548328,196036460109406.97,1529.2688810677735,196036460126782.7,1529.2688809322265,196036460145056.06,1529.268880789677,196036460091133.56,1529.2688812103231
0.0022799999999999912,0.0006351031525686618,-0.0006098727224668496,0.0006473468011886542,-0.030230230629695303,0.013216917178985666,-0.041057773874140405,3.5254104688677716e-24,-1.9867120269514884e-24,6.393917058709545e-24,70040559.81887186,6.0651069987610446e-05,-5.632363915564249e-05,-6.285531345100702e-05,0.5835693995949109,-0.5419319443461261,-0.6047780779374055,-11725908.381926918,1454623.9390912277,4508.180369794326,-10266776.262465898,196036460137862.56,1529.268880845793,196036460098327.03,1529.2688811542075,196036460109452.2,1529.2688810674206,196036460126737.47,1529.2688809325791,196036460144942.78,1529.2688807905606,196036460091246.84,1529.2688812094395
0.002284999999999991,0.0006349526121253934,-0.0006098069820407836,0.0006471423747767711,-0.030108088653681257,0.01314808521320874,-0.040885282376620286,3.5121358342364155e-24,-1.9775128186181873e-24,6.3728957686991196e-24,70050963.6504596,6.065904085206784e-05,-5.6345271163170406e-05,-6.285362043005774e-05,0.583559892899174,-0.5420600118874737,-0.6046724691203136,-11727690.958731085,1454838.8083850695,4475.213891360935,-10268376.936454656,196036460137782.7,1529.268880846416,196036460098406.9,1529.2688811535843,196036460109497.2,1529.2688810670697,196036460126692.47,1529.2688809329302,196036460144830.0,1529.2688807914403,196036460091359.62,1529.2688812085596
0.002289999999999991,0.0006348026800924287,-0.0006097415841809597,0.0006469388071808395,-0.029986406592936377,0.01307957196478218,-0.04071351918632082,3.498898518861155e-24,-1.9683453281365338e-24,6.3519584211137014e-24,70061319.24009232,6.0666959275016184e-05,-5.63668150520163e-05,-6.285191929283437e-05,0.5835503359499635,-0.5421876133749048,-0.6045672810494375,-11729465.67540124,1455052.552213214,4442.490161218728,-10269970.633026807,196036460137703.16,1529.2688808470366,196036460098486.5,1529.2688811529633,196036460109541.97,1529.2688810667203,196036460126647.62,1529.2688809332801,196036460144717.66,1529.2688807923168,196036460091471.94,1529.2688812076835
0.0022949999999999906,0.0006346533541766563,-0.0006096765272992857,0.0006467360947738647,-0.029865183154491326,0.013011376334803855,-0.04054248139495835,3.4856985363704834e-24,-1.9592098181920484e-24,6.331105029269716e-24,70071626.81595863,6.067482560365606e-05,-5.638827118108224e-05,-6.285021013573649e-05,0.5835407297035726,-0.5423147505470363,-0.6044625117541433,-11731232.566585183,1455265.1765182186,4410.007348852568,-10271557.382718112,196036460137623.84,1529.2688808476553,196036460098565.75,1529.2688811523453,196036460109586.6,1529.2688810663722,196036460126603.03,1529.268880933628,196036460144605.84,1529.268880793189,196036460091583.78,1529.268881206811
0.0022999999999999904,0.0006345046320914317,-0.0006096118098132094,0.0006465342339433958,-0.029744417044904572,0.01294349721527059,-0.04037216609378784,3.472535914691571e-24,-1.9501065069567436e-24,6.3103350310286656e-24,70081886.60166258,6.068264019909477e-05,-5.6409639923624095e-05,-6.284849311222127e-05,0.5835310749651841,-0.5424414250110753,-0.6043581595229195,-11732991.666139817,1455476.687951529,4377.7636713245565,-10273137.214516964,196036460137544.88,1529.2688808482712,196036460098644.72,1529.2688811517291,196036460109630.97,1529.268881066026,196036460126558.66,1529.2688809339743,196036460144494.44,1529.268880794058,196036460091695.16,1529.2688812059423
0.00230499999999999,0.0006343565115565829,-0.0006095474301457563,0.0006463332210914282,-0.029624106969767028,0.012875933490620379,-0.04020257039354023,3.4594108066550634e-24,-1.941035210225577e-24,6.2896485439205605e-24,70092098.82219492,6.069040340508569e-05,-5.64309216839183e-05,-6.284676832196703e-05,0.5835213725159328,-0.5425676388003674,-0.6042542222804207,-11734743.008214548,1455687.092807053,4345.757288398483,-10274710.158119097,196036460137466.22,1529.268880848885,196036460098723.4,1529.2688811511152,196036460109675.12,1529.2688810656814,196036460126514.47,1529.268880934319,196036460144383.56,1529.2688807949232,196036460091806.06,1529.2688812050772
0.00230999999999999,0.000634208990298436,-0.0006094833867254978,0.0006461330526344239,-0.02950425162937459,0.012808684051673219,-0.04003369140087446,3.44632318952552e-24,-1.93199584742202e-24,6.269045121559237e-24,70102263.69517434,6.069811554215425e-05,-5.645211681975815e-05,-6.284503586896786e-05,0.5835116231144741,-0.5426933936831723,-0.6041506982061291,-11736486.625695966,1455896.3968763896,4313.986415789221,-10276276.242403787,196036460137387.84,1529.2688808494963,196036460098801.75,1529.2688811505043,196036460109719.12,1529.2688810653385,196036460126470.5,1529.2688809346619,196036460144273.16,1529.2688807957843,196036460091916.47,1529.2688812042159
0.00231499999999999,0.0006340620660498119,-0.0006094196779865376,0.0006459337250032343,-0.02938484972481087,0.012741747792040778,-0.039865526237915075,3.433273364186588e-24,-1.922988789120113e-24,6.2485246445961126e-24,70112381.45089367,6.070577699197643e-05,-5.647322573839681e-05,-6.284329592058945e-05,0.5835018275399085,-0.5428186913707354,-0.6040475855064311,-11738222.553731943,1456104.6073656548,4282.449282307711,-10277835.49708398,196036460137309.78,1529.2688808501052,196036460098879.84,1529.268881149895,196036460109762.9,1529.2688810649968,196036460126426.75,1529.2688809350032,196036460144163.2,1529.2688807966422,196036460092026.47,1529.2688812033578
0.0023199999999999896,0.0006339157365500782,-0.0006093563023685751,0.0006457352346430797,-0.029265899946735008,0.012675123592495745,-0.03969807203092157,3.420260962584672e-24,-1.914013629361959e-24,6.228086543069689e-24,70122452.29721484,6.0713388069295475e-05,-5.649424879183908e-05,-6.284154856311222e-05,0.583491986588036,-0.5429435336523372,-0.6039448822969365,-11739950.82355231,1456311.7298326388,4251.144130726569,-10279387.949588943,196036460137232.0,1529.2688808507119,196036460098957.62,1529.268881149288,196036460109806.47,1529.268881064657,196036460126383.2,1529.268880935343,196036460144053.66,1529.2688807974966,196036460092135.97,1529.2688812025035
0.0023249999999999894,0.0006337699995450854,-0.0006092932583168357,0.0006455375780134502,-0.029147400998557785,0.012608810347875702,-0.03953132592590044,3.407286280670383e-24,-1.905070455755506e-24,6.20773101394294e-24,70132476.46044853,6.072094911892058e-05,-5.65151863773201e-05,-6.283979390661406e-05,0.5834821010249618,-0.543067922450851,-0.6038425865972129,-11741671.46968332,1456517.7706291855,4220.069190821756,-10280933.62986331,196036460137154.53,1529.2688808513162,196036460099035.12,1529.2688811486835,196036460109849.8,1529.2688810643187,196036460126339.78,1529.2688809356816,196036460143944.62,1529.2688807983473,196036460092245.0,1529.268881201653
0.002329999999999989,0.0006336248527872183,-0.0006092305442820858,0.00064534075158814,-0.02902935157343643,0.012542806949982947,-0.03936528506203414,3.3943491081147784e-24,-1.896159399552625e-24,6.18745762338452e-24,70142454.15575705,6.072846048099142e-05,-5.6536038840191373e-05,-6.283803206427598e-05,0.5834721717327247,-0.5431918593354996,-0.6037406966282302,-11743384.524724234,1456722.7357045335,4189.22273366302,-10282472.566286037,196036460137077.3,1529.2688808519188,196036460099112.3,1529.2688811480814,196036460109892.97,1529.268881063982,196036460126296.66,1529.2688809360181,196036460143836.06,1529.2688807991942,196036460092353.56,1529.2688812008062
0.002334999999999989,0.0006334802940353592,-0.0006091681587206554,0.0006451447518551724,-0.02891175037181527,0.012477112286072404,-0.03919994659353576,3.381450104414175e-24,-1.8872805878770088e-24,6.167266090418376e-24,70152385.60751276,6.0735922462960734e-05,-5.655680656430641e-05,-6.283626317310786e-05,0.5834621991865063,-0.5433153461544946,-0.6036392107488273,-11745090.022926781,1456926.6312384442,4158.603057660578,-10284004.788630677,196036460137000.44,1529.2688808525184,196036460099189.22,1529.2688811474816,196036460109935.94,1529.2688810636469,196036460126253.7,1529.268880936353,196036460143727.94,1529.2688808000376,196036460092461.7,1529.2688811999626
0.002339999999999989,0.0006333363210550028,-0.0006091061000944605,0.0006449495753167506,-0.0287945960712896,0.012411725238994654,-0.0390353076843531,3.368588563447938e-24,-1.878433727691448e-24,6.1471562141448424e-24,70162271.02270837,6.074333542801303e-05,-5.657748991761905e-05,-6.283448732201816e-05,0.5834521844240095,-0.5434383846238192,-0.6035381268886875,-11746787.995504124,1457129.4633420142,4128.208440466749,-10285530.323721642,196036460136923.8,1529.2688808531161,196036460099265.8,1529.268881146884,196036460109978.7,1529.2688810633135,196036460126210.94,1529.2688809366866,196036460143620.3,1529.2688808008772,196036460092569.34,1529.268881199123
0.0023449999999999886,0.0006331929316181332,-0.0006090443668709517,0.0006447552184892237,-0.028677887373919107,0.012346644701752887,-0.03887136550539438,3.3557649953664134e-24,-1.8696189932924623e-24,6.127127724459757e-24,70172110.62283185,6.0750699691106404e-05,-5.6598089276269e-05,-6.283270464481499e-05,0.5834421279986575,-0.5435609765139642,-0.6034374433920917,-11748478.476278838,1457331.2381776022,4098.037186635354,-10287049.2009146,196036460136847.47,1529.2688808537116,196036460099342.12,1529.2688811462888,196036460110021.25,1529.2688810629816,196036460126168.38,1529.2688809370186,196036460143513.1,1529.2688808017135,196036460092676.53,1529.2688811982866
0.0023499999999999884,0.0006330501235033127,-0.0006089829575231452,0.000644561677903039,-0.028561622964088706,0.012281869561311587,-0.03870811723692588,3.342979469020919e-24,-1.860836360483181e-24,6.1071803575833634e-24,70181904.62268871,6.075801557936152e-05,-5.6618605012428596e-05,-6.283091525863782e-05,0.583432030607659,-0.5436831235777718,-0.6033371584758732,-11750161.497921081,1457531.9618393334,4068.0876159519485,-10288561.448465796,196036460136771.47,1529.2688808543046,196036460099418.16,1529.2688811456956,196036460110063.62,1529.268881062651,196036460126126.0,1529.2688809373492,196036460143406.3,1529.2688808025466,196036460092783.28,1529.2688811974538
0.002354999999999988,0.0006329078944956937,-0.0006089218705296178,0.0006443689501026972,-0.028445801523797887,0.012217398705473571,-0.03854556006835287,3.330231794781579e-24,-1.852086009996687e-24,6.087314007795483e-24,70191653.23617497,6.076528341529861e-05,-5.663903745515133e-05,-6.282911924539498e-05,0.5834218931677165,-0.5438048273952778,-0.6032372702960168,-11751837.092986574,1457731.6397615632,4038.3580714198997,-10290067.09515359,196036460136695.72,1529.2688808548953,196036460099493.9,1529.2688811451046,196036460110105.78,1529.2688810623222,196036460126083.88,1529.2688809376777,196036460143300.0,1529.2688808033759,196036460092889.6,1529.2688811966245
0.002359999999999988,0.0006327662423869856,-0.0006088611043745389,0.0006441770316467335,-0.028330421741616076,0.012153231015779944,-0.03838369119274339,3.3175218998323446e-24,-1.8433674925503765e-24,6.0675283042099015e-24,70201356.66991784,6.077250352584109e-05,-5.665938700042429e-05,-6.282731672030368e-05,0.5834117163051411,-0.5439260898748245,-0.6031377769891169,-11753505.292758992,1457930.278208647,4008.8468828509,-10291566.167667495,196036460136620.28,1529.2688808554842,196036460099569.34,1529.2688811445162,196036460110147.72,1529.268881061995,196036460126041.9,1529.2688809380052,196036460143194.2,1529.2688808042014,196036460092995.44,1529.268881195799
0.0023649999999999878,0.0006326251649754424,-0.0006088006575475922,0.0006439859191076535,-0.028215482308635513,0.012089365389337733,-0.03822250781601527,3.3048504979998716e-24,-1.8346810733924003e-24,6.047823053738519e-24,70211015.14537528,6.077967620528701e-05,-5.667965401757966e-05,-6.282550781335972e-05,0.5834015004692107,-0.5440469127911431,-0.6030386769790971,-11755166.131203199,1458127.8831038738,3979.5524089366195,-10293058.695690388,196036460136545.12,1529.2688808560702,196036460099644.5,1529.26888114393,196036460110189.5,1529.268881061669,196036460126000.12,1529.2688809383312,196036460143088.78,1529.2688808050236,196036460093100.84,1529.2688811949765
0.0023699999999999876,0.0006324846600659863,-0.0006087405285440219,0.0006437956090718996,-0.028100981891217066,0.012025800714064134,-0.03806200715077612,3.2922165661637647e-24,-1.826026912526961e-24,6.0281979349349884e-24,70220628.864552,6.0786801819384465e-05,-5.669983881412075e-05,-6.282369260772144e-05,0.5833912469064833,-0.5441672974250494,-0.6029399683600487,-11756819.638865506,1458324.4600910763,3950.473050403955,-10294544.705724027,196036460136470.25,1529.2688808566543,196036460099719.38,1529.2688811433457,196036460110231.03,1529.2688810613452,196036460125958.56,1529.2688809386555,196036460142983.8,1529.2688808058424,196036460093205.78,1529.268881194158
0.0023749999999999874,0.0006323447254700305,-0.0006086807158646602,0.0006436060981397958,-0.027986919191168812,0.011962535872332808,-0.03790218642077043,3.27962115113121e-24,-1.8174048143871317e-24,6.0086528052635374e-24,70230198.04662871,6.079388064673091e-05,-5.671994180736237e-05,-6.282187124062413e-05,0.5833809557928372,-0.5442872458886614,-0.6028416495077058,-11758465.849375015,1458520.0153983706,3921.607151703051,-10296024.226824941,196036460136395.66,1529.2688808572361,196036460099793.97,1529.2688811427638,196036460110272.4,1529.268881061022,196036460125917.22,1529.268880938978,196036460142879.3,1529.2688808066578,196036460093310.3,1529.2688811933424
0.002379999999999987,0.0006322053590056603,-0.0006086212180158937,0.0006434173829255224,-0.027873292874030973,0.011899569753293064,-0.037743042854681,3.2670635306359184e-24,-1.8088145549264617e-24,5.989187399603971e-24,70239722.89008676,6.080091300034456e-05,-5.6739963313378597e-05,-6.282004376442555e-05,0.5833706281153793,-0.5444067597666119,-0.6027437184846364,-11760104.792724857,1458714.5540510218,3892.953123698045,-10297497.285550136,196036460136321.38,1529.2688808578157,196036460099868.25,1529.2688811421845,196036460110313.6,1529.268881060701,196036460125876.03,1529.2688809392994,196036460142775.28,1529.2688808074693,196036460093414.34,1529.268881192531
0.002384999999999987,0.0006320665584975085,-0.0006085620335096244,0.0006432294600570705,-0.027760101630367514,0.01183690125385656,-0.03758457369037603,3.2545441377859267e-24,-1.8002566307680602e-24,5.969801376998852e-24,70249203.61297198,6.080789922111027e-05,-5.675990370358664e-05,-6.281821034880773e-05,0.5833602644713718,-0.5445258405572218,-0.6026461738046152,-11761736.502410209,1458908.0827164757,3864.5093877967497,-10298963.910305936,196036460136247.34,1529.2688808583932,196036460099942.28,1529.268881141607,196036460110354.6,1529.268881060381,196036460125835.06,1529.2688809396188,196036460142671.62,1529.2688808082778,196036460093518.0,1529.2688811917224
0.0023899999999999868,0.0006319283217768298,-0.0006085031608633558,0.0006430423261761828,-0.02764734413573689,0.011774529253728863,-0.037426776177536605,3.2420627537645455e-24,-1.791730661631708e-24,5.950494645994887e-24,70258640.41683532,6.081483959568722e-05,-5.6779763320243974e-05,-6.281637104679176e-05,0.5833498655956733,-0.5446444900886886,-0.6025490135462361,-11763361.009038398,1459100.6064163109,3836.2743609177264,-10300424.12826117,196036460136173.6,1529.2688808589685,196036460100016.03,1529.2688811410317,196036460110395.38,1529.268881060063,196036460125794.28,1529.268880939937,196036460142568.47,1529.2688808090825,196036460093621.2,1529.2688811909175
0.0023949999999999865,0.0006317906466814634,-0.0006084445986001268,0.0006428559779383377,-0.027535019073278693,0.011712452645790798,-0.0372696475690123,3.2296196035131566e-24,-1.783236477238929e-24,5.931266599936625e-24,70268033.5056406,6.0821734423028834e-05,-5.679954253574616e-05,-6.281452599480202e-05,0.5833394319261941,-0.5447627100868174,-0.6024522361639063,-11764978.34367811,1459292.1312089527,3808.24646822543,-10301877.966000931,196036460136100.16,1529.2688808595415,196036460100089.47,1529.268881140459,196036460110435.97,1529.2688810597463,196036460125753.66,1529.268880940254,196036460142465.7,1529.2688808098842,196036460093723.94,1529.268881190116
0.0023999999999999863,0.0006316535310558717,-0.0006083863452484827,0.0006426704120126444,-0.027423125118339175,0.011650670328822684,-0.03711318513867098,3.2172145368775042e-24,-1.774774505226349e-24,5.912117422364945e-24,70277383.09093973,6.08285840234262e-05,-5.6819241665179844e-05,-6.281267526637206e-05,0.583328964420974,-0.5448805020180963,-0.6023558398389288,-11766588.53879114,1459482.6623629301,3780.42416402203,-10303325.45226419,196036460136027.0,1529.2688808601122,196036460100162.62,1529.2688811398882,196036460110476.34,1529.2688810594311,196036460125713.28,1529.2688809405688,196036460142363.4,1529.2688808106823,196036460093826.22,1529.268881189318
0.002404999999999986,0.0006315169727511144,-0.0006083283993425488,0.0006424856250818743,-0.027311660951466844,0.011589181186788871,-0.03695738615402153,3.204847612745285e-24,-1.766344598223656e-24,5.8930465965273064e-24,70286689.37536758,6.083538871390997e-05,-5.683886108193707e-05,-6.281081899864029e-05,0.5833184636237251,-0.54499786754641,-0.6022598229713838,-11768191.625265837,1459672.206104114,3752.8059257077903,-10304766.613236016,196036460135954.1,1529.2688808606808,196036460100235.53,1529.2688811393193,196036460110516.56,1529.2688810591176,196036460125673.06,1529.2688809408826,196036460142261.5,1529.2688808114772,196036460093928.1,1529.2688811885232
0.002409999999999986,0.0006313809696248586,-0.000608270759422005,0.000642301613842372,-0.027200625251169983,0.011527984108759524,-0.036802247900476336,3.1925188330700396e-24,-1.7579465313483653e-24,5.874054144575663e-24,70295952.56158294,6.08421487716926e-05,-5.6858401126249455e-05,-6.280895724761909e-05,0.5833079301991018,-0.5451148084831222,-0.6021641837067769,-11769787.634059185,1459860.7673996838,3725.3901902305356,-10306201.47646927,196036460135881.47,1529.2688808612475,196036460100308.12,1529.268881138753,196036460110556.56,1529.2688810588054,196036460125633.06,1529.2688809411948,196036460142160.1,1529.2688808122682,196036460094029.53,1529.268881187732
0.0024149999999999857,0.0006312455195413791,-0.000608213424032047,0.0006421183750040585,-0.02709001669588919,0.011467077991596126,-0.03664776766268028,3.1802285203089255e-24,-1.749580421247786e-24,5.855139208052326e-24,70305172.85157524,6.084886447558775e-05,-5.687786213445254e-05,-6.280709016065346e-05,0.5832973645246347,-0.5452313263155798,-0.6020689207580551,-11771376.596030599,1460048.3519731034,3698.175468109549,-10307630.068589386,196036460135809.2,1529.2688808618113,196036460100380.44,1529.268881138189,196036460110596.4,1529.2688810584948,196036460125593.22,1529.2688809415054,196036460142059.06,1529.2688808130565,196036460094130.56,1529.2688811869439
0.0024199999999999855,0.0006311106203716147,-0.0006081563917234064,0.0006419359052902834,-0.026979833952893165,0.011406461728118777,-0.036493942755020554,3.167976231143207e-24,-1.741246289648569e-24,5.836302263941712e-24,70314350.45068532,6.085553617973596e-05,-5.689724446969449e-05,-6.280521780896625e-05,0.5832867676273723,-0.5453474227162167,-0.6019740320375886,-11772958.542658105,1460234.9657288757,3671.1602444563932,-10309052.416684773,196036460135737.12,1529.2688808623734,196036460100452.5,1529.2688811376267,196036460110636.03,1529.2688810581856,196036460125553.56,1529.2688809418148,196036460141958.47,1529.2688808138412,196036460094231.16,1529.268881186159
0.0024249999999999853,0.0006309762699930906,-0.0006080996610523544,0.0006417542014379066,-0.026870075704809888,0.01134613421039483,-0.03634077047535863,3.155762086168168e-24,-1.7329439790372997e-24,5.8175426702048416e-24,70323485.55515416,6.0862164140921396e-05,-5.69165484531511e-05,-6.280334028685524e-05,0.5832761399673099,-0.545463099293494,-0.6018795160611224,-11774533.503865026,1460420.6136539849,3644.3430129347325,-10310468.547198106,196036460135665.34,1529.2688808629334,196036460100524.28,1529.268881137067,196036460110675.5,1529.2688810578777,196036460125514.12,1529.2688809421225,196036460141858.28,1529.2688808146227,196036460094331.3,1529.2688811853777
0.002429999999999985,0.0006308424662899402,-0.0006080432305806747,0.0006415732601971877,-0.026760740630089187,0.01128609433594888,-0.036188248143800186,3.1435861170949904e-24,-1.7246736218804958e-24,5.798860294669963e-24,70332578.36809343,6.0868748660752655e-05,-5.693577442174471e-05,-6.280145769276171e-05,0.5832654822245025,-0.5455783576069624,-0.6017853711717394,-11776101.510804063,1460605.301259419,3617.7223205344285,-10311878.48722411,196036460135593.84,1529.2688808634912,196036460100595.75,1529.2688811365092,196036460110714.75,1529.2688810575717,196036460125474.88,1529.2688809424287,196036460141758.56,1529.2688808154005,196036460094431.06,1529.2688811845996
0.002434999999999985,0.0006307092071529098,-0.0006079870988756861,0.0006413930783317625,-0.02665182740608222,0.011226340997716057,-0.03603637308503015,3.131448501000322e-24,-1.7164350888705702e-24,5.780254893566754e-24,70341629.08990788,6.0875290029850155e-05,-5.6954922736110045e-05,-6.279957013499429e-05,0.5832547949025592,-0.5456931993728809,-0.6016915957376858,-11777662.594194902,1460789.0342336483,3591.2966735687314,-10313282.263287686,196036460135522.62,1529.2688808640467,196036460100667.0,1529.2688811359535,196036460110753.8,1529.2688810572668,196036460125435.78,1529.2688809427336,196036460141659.25,1529.2688808161752,196036460094530.38,1529.2688811838248
0.0024399999999999847,0.0006305764904793897,-0.0006079312645102205,0.0006412136526186016,-0.026543334704005103,0.011166873093111509,-0.03588514263217916,3.119348922656802e-24,-1.70822836910003e-24,5.761726097571194e-24,70350637.91442265,6.0881788535661946e-05,-5.697399370382765e-05,-6.27976776920422e-05,0.5832440787456403,-0.5458076260487044,-0.6015981881249537,-11779216.783625184,1460971.8175859496,3565.0646185074424,-10314679.901420727,196036460135451.7,1529.2688808646,196036460100737.94,1529.2688811354,196036460110792.72,1529.2688810569634,196036460125396.9,1529.2688809430367,196036460141560.38,1529.2688808169466,196036460094629.25,1529.2688811830535
0.0024449999999999845,0.0006304443141733597,-0.0006078757260626209,0.0006410349798479457,-0.026435261205995392,0.011107689519928287,-0.0357345541311735,3.1072876476450848e-24,-1.7000532181919665e-24,5.743273637121702e-24,70359605.03954442,6.088824445830734e-05,-5.6992987693197425e-05,-6.279578047301956e-05,0.5832333341620035,-0.5459216394211939,-0.6015051467227434,-11780764.10942441,1461153.6569904024,3539.0247073821342,-10316071.427726626,196036460135381.03,1529.2688808651512,196036460100808.6,1529.268881134849,196036460110831.4,1529.2688810566615,196036460125358.22,1529.268880943339,196036460141461.88,1529.268880817715,196036460094727.72,1529.2688811822854
0.0024499999999999843,0.0006303126761454347,-0.0006078204821166987,0.0006408570568232593,-0.026327605584989276,0.011048789184426163,-0.035584604937278747,3.0952646018009673e-24,-1.6919101147753955e-24,5.724897476088389e-24,70368530.66835065,6.0894658104779754e-05,-5.701190501091939e-05,-6.27938785717154e-05,0.5832225619677345,-0.5460352408238517,-0.6014124699324336,-11782304.602894198,1461334.5577437738,3513.175518843964,-10317456.869631581,196036460135310.66,1529.2688808657003,196036460100879.0,1529.2688811342996,196036460110869.94,1529.268881056361,196036460125319.7,1529.2688809436393,196036460141363.84,1529.2688808184798,196036460094825.78,1529.2688811815203
0.002454999999999984,0.0006301815743128523,-0.0006077655312618173,0.0006406798803612243,-0.02622036651649246,0.010990170976282252,-0.035435292407012244,3.083279633393283e-24,-1.6837986169928846e-24,5.706597322955823e-24,70377414.99023476,6.090102974232306e-05,-5.703074599485339e-05,-6.27919720562166e-05,0.5832117627175638,-0.5461484319967322,-0.6013201560361858,-11783838.292933075,1461514.5248429738,3487.5156037091388,-10318836.252486391,196036460135240.53,1529.2688808662474,196036460100949.12,1529.2688811337525,196036460110908.28,1529.2688810560617,196036460125281.38,1529.268880943938,196036460141266.22,1529.2688808192413,196036460094923.4,1529.2688811807589
0.002459999999999984,0.000630051006599446,-0.0006077108720928149,0.0006405034472916893,-0.026113542681267542,0.010931833800482326,-0.03528661390699121,3.0713327216653053e-24,-1.675718688288111e-24,5.688372322252556e-24,70386258.19473007,6.0907359651882025e-05,-5.7049510971347627e-05,-6.279006106086337e-05,0.5832009368640108,-0.5462612143472798,-0.6012282037136776,-11785365.208479917,1461693.5638693122,3462.0435923510454,-10320209.601018254,196036460135170.66,1529.2688808667924,196036460101018.97,1529.2688811332077,196036460110946.4,1529.2688810557645,196036460125243.22,1529.268880944236,196036460141168.97,1529.26888082,196036460095020.62,1529.2688811800003
0.0024649999999999837,0.0006299209709356421,-0.0006076565032099984,0.000640327754457522,-0.026007132760796275,0.010873776563278707,-0.0351385668334717,3.0594240148042486e-24,-1.6676704486697186e-24,5.670223187585099e-24,70395060.48690124,6.091364812813395e-05,-5.7068200287403826e-05,-6.278814563348072e-05,0.5831900851725224,-0.5463735896468489,-0.6011366110069184,-11786885.381298132,1461871.67994886,3436.7580301623275,-10321576.94331911,196036460135101.06,1529.2688808673354,196036460101088.56,1529.2688811326648,196036460110984.38,1529.2688810554682,196036460125205.25,1529.2688809445322,196036460141072.16,1529.2688808207552,196036460095117.44,1529.2688811792452
0.0024699999999999835,0.0006297914652584849,-0.0006076024232191646,0.000640152798714732,-0.025901135431426272,0.010815998166765869,-0.034991148557986,3.0475536810365354e-24,-1.659653837895846e-24,5.652149034398542e-24,70403822.05569367,6.091989541821152e-05,-5.708681425432918e-05,-6.278622589228203e-05,0.5831792079793259,-0.5464855593456953,-0.6010453766623856,-11788398.840303384,1462048.8781419047,3411.6575532762936,-10322938.304608203,196036460135031.75,1529.268880867876,196036460101157.88,1529.2688811321243,196036460111022.16,1529.2688810551733,196036460125167.47,1529.2688809448268,196036460140975.78,1529.268880821507,196036460095213.84,1529.268881178493
0.0024749999999999833,0.0006296624875116666,-0.000607548630731589,0.0006399785769323185,-0.025795549363676767,0.010758497515125436,-0.03484435648271286,3.0357213795827497e-24,-1.6516687434228254e-24,5.634149923448184e-24,70412543.0923258,6.0926101820844656e-05,-5.710535320267694e-05,-6.278430190331408e-05,0.5831683060616875,-0.5465971250250881,-0.6009544988761215,-11789905.614844248,1462225.163640942,3386.7407763329725,-10324293.710426973,196036460134962.72,1529.2688808684145,196036460101226.9,1529.2688811315857,196036460111059.75,1529.26888105488,196036460125129.84,1529.2688809451204,196036460140879.8,1529.2688808222556,196036460095309.84,1529.2688811777443
0.002479999999999983,0.0006295340356454672,-0.0006074951243640068,0.0006398050859922798,-0.02569037323987368,0.010701273516438244,-0.0346981880077261,3.0239271092126207e-24,-1.6437154550388315e-24,5.61622529067229e-24,70421223.78892042,6.093226761485171e-05,-5.7123817430994924e-05,-6.278237378192492e-05,0.5831573800019524,-0.5467082879523313,-0.6008639763153464,-11791405.734480374,1462400.5416486023,3362.0063364576113,-10325643.186495313,196036460134893.94,1529.268880868951,196036460101295.7,1529.268881131049,196036460111097.2,1529.268881054588,196036460125092.47,1529.2688809454116,196036460140784.22,1529.2688808230014,196036460095405.4,1529.2688811769988
0.002484999999999983,0.0006294061076167552,-0.0006074419027386631,0.0006396323227895166,-0.025585605742385567,0.010644325068745072,-0.0345526405526421,3.0121708730987253e-24,-1.6357932611308268e-24,5.598374917233867e-24,70429864.32946305,6.0938393057401166e-05,-5.7142207306108975e-05,-6.278044160167726e-05,0.5831464301762753,-0.5468190500455448,-0.6007738072519093,-11792899.227324443,1462575.0173645038,3337.4528676387636,-10326986.7570923,196036460134825.44,1529.2688808694857,196036460101364.2,1529.2688811305147,196036460111134.4,1529.2688810542977,196036460125055.22,1529.2688809457024,196036460140689.03,1529.268880823744,196036460095500.6,1529.2688811762564
0.0024899999999999827,0.0006292787013889878,-0.0006073889644831894,0.0006394602842317933,-0.025481245553471053,0.010587651094741373,-0.03440771154465912,3.000452847801816e-24,-1.6279027924122432e-24,5.5805987581554306e-24,70438464.91367492,6.094447842727092e-05,-5.716052311698964e-05,-6.277850545646047e-05,0.5831354572653726,-0.5469294125657558,-0.600683990256426,-11794386.124358835,1462748.5957426692,3313.079030583524,-10328324.449585581,196036460134757.2,1529.268880870018,196036460101432.44,1529.2688811299822,196036460111171.47,1529.2688810540087,196036460125018.16,1529.2688809459914,196036460140594.25,1529.2688808244834,196036460095595.38,1529.268881175517
0.0024949999999999825,0.0006291518149322415,-0.0006073363082307131,0.0006392889672397306,-0.025377291349271622,0.010531250495270789,-0.034263398412533695,2.9887729911059386e-24,-1.6200437236586201e-24,5.562896537616199e-24,70447025.72751772,6.095052399116808e-05,-5.7178765203525144e-05,-6.2776565431496e-05,0.583124461746138,-0.5470393771749331,-0.6005945237290614,-11795866.454130301,1462921.2819580887,3288.883474594476,-10329656.288697619,196036460134689.22,1529.2688808705482,196036460101500.44,1529.2688811294518,196036460111208.34,1529.2688810537209,196036460124981.28,1529.268880946279,196036460140499.88,1529.2688808252196,196036460095689.75,1529.2688811747805
0.0024999999999999823,0.0006290254462232045,-0.0006072839326198009,0.0006391183687467577,-0.02527374180739137,0.010475122182444743,-0.03411969859457853,2.9771309435323717e-24,-1.6122156285968507e-24,5.5452679682592425e-24,70455546.95035084,6.095652999956672e-05,-5.7196933874474976e-05,-6.277462157308889e-05,0.5831134442170548,-0.5471489454934083,-0.6005054059863033,-11797340.24404721,1463093.0804906602,3264.864856906441,-10330982.298699645,196036460134621.5,1529.2688808710764,196036460101568.12,1529.2688811289238,196036460111245.06,1529.2688810534346,196036460124944.56,1529.2688809465656,196036460140405.9,1529.2688808259525,196036460095783.7,1529.268881174048
0.002504999999999982,0.0006288995932451151,-0.0006072318362943852,0.0006389484856990623,-0.02517059561788896,0.010419265083143397,-0.03397660953906211,2.9655268994232395e-24,-1.6044190938261395e-24,5.5277127016674646e-24,70464028.77766949,6.0962496748043886e-05,-5.721502943937872e-05,-6.277267401753642e-05,0.5831024052562305,-0.5472581187216264,-0.6004166357436017,-11798807.524417942,1463263.9969534352,3241.021901285005,-10332302.505563224,196036460134554.06,1529.2688808716025,196036460101635.6,1529.2688811283974,196036460111281.56,1529.26888105315,196036460124908.03,1529.2688809468507,196036460140312.38,1529.2688808266823,196036460095877.25,1529.268881173318
0.002509999999999982,0.0006287742539877946,-0.0006071800179038656,0.0006387793150555307,-0.02506785146408984,0.010363678103923489,-0.03383412870632426,2.9539610403606182e-24,-1.5966538732735662e-24,5.51023057628157e-24,70472471.39630543,6.096842448226674e-05,-5.723305222939035e-05,-6.277072284110672e-05,0.5830913452606026,-0.5473668985412629,-0.6003282114506194,-11800268.324052684,1463434.0362157195,3217.3532721645834,-10333616.9345648,196036460134486.84,1529.2688808721268,196036460101702.78,1529.2688811278733,196036460111317.94,1529.2688810528662,196036460124871.7,1529.2688809471342,196036460140219.22,1529.268880827409,196036460095970.44,1529.268881172591
0.0025149999999999817,0.0006286494264476795,-0.0006071284761030662,0.0006386108537877192,-0.02496550802302834,0.010308360159867247,-0.03369225356230222,2.9424332426544138e-24,-1.5889197107206026e-24,5.4928211406427184e-24,70480874.98620254,6.0974313443158814e-05,-5.725100254881676e-05,-6.276876811554207e-05,0.5830802646930408,-0.5474752864782179,-0.6002401316315719,-11801722.670561945,1463603.2028671722,3193.8576694029944,-10334925.61002537,196036460134419.97,1529.2688808726487,196036460101769.7,1529.2688811273515,196036460111354.12,1529.2688810525838,196036460124835.5,1529.2688809474164,196036460140126.4,1529.268880828133,196036460096063.22,1529.2688811718672
0.0025199999999999815,0.0006285251086277994,-0.0006070772095521916,0.0006384430988797764,-0.024863563976024176,0.010253310174933885,-0.03355098158857452,2.930943100424756e-24,-1.5812168732608306e-24,5.475484398088112e-24,70489239.73370339,6.098016392515172e-05,-5.726888068736757e-05,-6.276680991019459e-05,0.583069164405459,-0.5475832838003684,-0.6001523946648261,-11803170.592722056,1463771.5018048082,3170.533829863617,-10336228.557087386,196036460134353.28,1529.2688808731687,196036460101836.34,1529.2688811268315,196036460111390.1,1529.2688810523032,196036460124799.53,1529.268880947697,196036460140034.03,1529.2688808288535,196036460096155.6,1529.2688811711466
0.0025249999999999813,0.000628401298537707,-0.0006070262169168725,0.0006382760473284434,-0.02476201801845924,0.01019852706382885,-0.033410310266604105,2.9194907111320315e-24,-1.5735450677793265e-24,5.45822002376946e-24,70497565.82085264,6.098597618546678e-05,-5.728668698377383e-05,-6.276484831892225e-05,0.5830580447820078,-0.5476908921359166,-0.6000649990512241,-11804612.11857694,1463938.9382060957,3147.3804592941433,-10337525.79991155,196036460134286.88,1529.2688808736868,196036460101902.75,1529.2688811263133,196036460111425.9,1529.268881052024,196036460124763.7,1529.2688809479764,196036460139942.06,1529.2688808295711,196036460096247.56,1529.2688811704293
0.002529999999999981,0.0006282779941934953,-0.0006069754968681154,0.0006381096961429978,-0.024660868842338805,0.010144009751412901,-0.03327023708910865,2.9080764703488728e-24,-1.565904220187856e-24,5.441027778173122e-24,70505853.4341484,6.09917504573237e-05,-5.730442176220697e-05,-6.276288343071567e-05,0.5830469061149601,-0.5477981130995668,-0.5999779433898607,-11806047.277001781,1464105.5169028433,3124.3962832214193,-10338817.363815717,196036460134220.72,1529.268880874203,196036460101968.9,1529.2688811257974,196036460111461.56,1529.2688810517457,196036460124728.03,1529.2688809482547,196036460139850.47,1529.2688808302855,196036460096339.16,1529.2688811697146
0.002534999999999981,0.0006281551936178655,-0.0006069250480822898,0.0006379440423452123,-0.024560115125963067,0.010089757165113664,-0.033130759557104074,2.896700203797438e-24,-1.5582945331738403e-24,5.423907348320439e-24,70514102.75578715,6.099748699028711e-05,-5.732208529374494e-05,-6.276091531555526e-05,0.5830357490242771,-0.5479049479561973,-0.5998912262775786,-11807476.096141355,1464271.2422961143,3101.5800614591176,-10340103.273783782,196036460134154.88,1529.2688808747164,196036460102034.78,1529.2688811252833,196036460111497.03,1529.268881051469,196036460124692.56,1529.2688809485314,196036460139759.25,1529.268880830997,196036460096430.38,1529.2688811690032
0.0025399999999999806,0.0006280328948400971,-0.0006068748692411631,0.0006377790829693,-0.024459755553670273,0.010035768225336427,-0.03299187518244979,2.8853615592169256e-24,-1.5507156618765437e-24,5.406858479023469e-24,70522313.96177019,6.100318606698778e-05,-5.7339677913931135e-05,-6.275894405968969e-05,0.5830245740861362,-0.548011398245591,-0.5998048460996224,-11808898.603054266,1464436.1196901985,3078.930525168743,-10341383.552838897,196036460134089.22,1529.2688808752287,196036460102100.4,1529.2688811247715,196036460111532.38,1529.2688810511931,196036460124657.25,1529.2688809488068,196036460139668.44,1529.2688808317055,196036460096521.2,1529.2688811682947
0.0025449999999999804,0.0006279110958959871,-0.0006068249590318409,0.0006376148150618709,-0.02435978882200316,0.009982041864434582,-0.03285358148584651,2.8740606415935825e-24,-1.54316764615545e-24,5.389880715091931e-24,70530487.23148401,6.100884790469489e-05,-5.7357199896376856e-05,-6.275696973287535e-05,0.5830133817074289,-0.5481174653403397,-0.59971880155532,-11810314.82544218,1464600.1532451564,3056.446460978369,-10342658.225736042,196036460134023.84,1529.2688808757387,196036460102165.75,1529.268881124262,196036460111567.5,1529.2688810509192,196036460124622.12,1529.2688809490808,196036460139578.0,1529.268880832411,196036460096611.62,1529.2688811675894
0.0025499999999999802,0.0006277897948278678,-0.000606775316146774,0.000637451235681852,-0.024260213623867103,0.00992857701338054,-0.03271587600376554,2.8627974049441266e-24,-1.5356508489833126e-24,5.372974268095284e-24,70538622.75386615,6.1014472804375684e-05,-5.737465155950199e-05,-6.275499242903633e-05,0.5830021726043252,-0.5482231505769389,-0.5996330910733093,-11811724.792736143,1464763.3483530355,3034.126649308566,-10343927.3177338,196036460133958.72,1529.2688808762468,196036460102230.88,1529.2688811237535,196036460111602.44,1529.2688810506465,196036460124587.2,1529.2688809493534,196036460139487.97,1529.2688808331134,196036460096701.7,1529.2688811668866
0.00255499999999998,0.000627668989684599,-0.0006067259392838211,0.0006372883419005252,-0.02416102865376061,0.0098753725905711,-0.03257875626534812,2.8515719925061998e-24,-1.5281644349265151e-24,5.356138617940959e-24,70546720.69772069,6.102006094616099e-05,-5.739203321917613e-05,-6.275301219157154e-05,0.5829909469062156,-0.5483284557981994,-0.5995477131866622,-11813128.53082034,1464925.7089788397,3011.9698228263396,-10345190.852018673,196036460133893.88,1529.2688808767525,196036460102295.75,1529.2688811232476,196036460111637.25,1529.268881050375,196036460124552.4,1529.2688809496249,196036460139398.3,1529.2688808338128,196036460096791.3,1529.2688811661874
0.00255999999999998,0.0006275486785215929,-0.0006066768271461043,0.0006371261308014364,-0.02406223260121956,0.009822427543347629,-0.0324422198177547,2.8403841732352183e-24,-1.5207089283712116e-24,5.339373268882897e-24,70554781.24327482,6.1025612610786155e-05,-5.740934514587573e-05,-6.275102913536709e-05,0.5829797052758242,-0.5484333820076264,-0.5994626666742394,-11814526.067629717,1465087.240162558,2989.974830729443,-10346448.852636429,196036460133829.28,1529.2688808772564,196036460102360.34,1529.2688811227438,196036460111671.84,1529.2688810501054,196036460124517.75,1529.268880949895,196036460139309.03,1529.2688808345092,196036460096880.62,1529.2688811654907
0.0025649999999999796,0.0006274288594007739,-0.0006066279784420999,0.0006369645994803099,-0.02396382416378464,0.009769740800883532,-0.032306264225321436,2.829233951413791e-24,-1.513283880404183e-24,5.322678373188673e-24,70562804.56738624,6.103112804183896e-05,-5.742658767692915e-05,-6.274904331027154e-05,0.5829684481534856,-0.5485379309689181,-0.5993779498328706,-11815917.430547234,1465247.9466108074,2968.140409630724,-10347701.343526796,196036460133764.94,1529.2688808777584,196036460102424.7,1529.268881122242,196036460111706.3,1529.2688810498364,196036460124483.3,1529.2688809501637,196036460139220.1,1529.268880835203,196036460096969.5,1529.2688811647974
0.0025699999999999794,0.0006273095303905797,-0.0006065793918855603,0.0006368037450450743,-0.023865802038848166,0.00971731130790533,-0.032170887047109,2.818121277780893e-24,-1.5058896647740337e-24,5.306053510668681e-24,70570790.84905374,6.103660748908474e-05,-5.744376107885919e-05,-6.274705480860512e-05,0.582957176091851,-0.5486421038163909,-0.5992935614228967,-11817302.647352297,1465407.8328959309,2946.465423706673,-10348948.349032657,196036460133700.8,1529.2688808782586,196036460102488.78,1529.268881121742,196036460111740.6,1529.268881049569,196036460124449.03,1529.2688809504311,196036460139131.6,1529.2688808358935,196036460097058.03,1529.2688811641067
0.002574999999999979,0.0006271906895659522,-0.0006065310661955794,0.0006366435646157906,-0.02376816492550915,0.009665137996190594,-0.032036085856736014,2.8070462256493095e-24,-1.4985260337174914e-24,5.289498810180625e-24,70578740.26624176,6.104205118863317e-05,-5.746086566964035e-05,-6.274506368005329e-05,0.5829458895415146,-0.5487459021994902,-0.5992094998295004,-11818681.74568379,1465566.9035186071,2924.9486580148764,-10350189.893507168,196036460133637.0,1529.2688808787564,196036460102552.66,1529.2688811212433,196036460111774.72,1529.2688810493028,196036460124414.9,1529.2688809506974,196036460139043.47,1529.2688808365808,196036460097146.2,1529.268881163419
0.002579999999999979,0.0006270723350083506,-0.0006064830000965489,0.0006364840553246739,-0.023670911520326608,0.009613219806100935,-0.03190185822335669,2.7960085940410063e-24,-1.4911929025316422e-24,5.273013015664936e-24,70586652.98266162,6.10474593586047e-05,-5.747790170872108e-05,-6.274307003958195e-05,0.5829345887996038,-0.5488493272228976,-0.5991257640829758,-11820054.75066234,1465725.1629332097,2903.588966954392,-10351425.998762175,196036460133573.4,1529.2688808792525,196036460102616.25,1529.2688811207474,196036460111808.66,1529.268881049038,196036460124381.0,1529.2688809509618,196036460138955.66,1529.268880837266,196036460097233.97,1529.2688811627343
0.002584999999999979,0.0006269544648057165,-0.0006064351923181442,0.0006363252143158757,-0.02357404052682266,0.009561555680932601,-0.031768201759642886,2.7850082073527308e-24,-1.483889695070546e-24,5.256596674710785e-24,70594529.17249867,6.105283225953022e-05,-5.7494869550744874e-05,-6.274107391682507e-05,0.5829232744234034,-0.5489523807609269,-0.5990423522526664,-11821421.689292463,1465882.6159580739,2882.3851502811353,-10352656.688184109,196036460133510.03,1529.268880879747,196036460102679.56,1529.2688811202536,196036460111842.44,1529.2688810487746,196036460124347.16,1529.268880951226,196036460138868.25,1529.2688808379478,196036460097321.34,1529.2688811620526
0.0025899999999999786,0.0006268370770524434,-0.0006063876415952244,0.0006361670387455792,-0.023477550654603423,0.00951014458394309,-0.03163511405929458,2.7740455941731446e-24,-1.4766173143501795e-24,5.240249637758121e-24,70602369.02408192,6.105817010942408e-05,-5.751176943498506e-05,-6.273907539882939e-05,0.5829119468620712,-0.5490550638636869,-0.5989592632651346,-11822782.591174087,1466039.2666622899,2861.3360779379473,-10353881.988433858,196036460133446.97,1529.2688808802388,196036460102742.66,1529.2688811197613,196036460111876.06,1529.2688810485122,196036460124313.56,1529.2688809514882,196036460138781.25,1529.2688808386265,196036460097408.38,1529.2688811613737
0.0025949999999999784,0.0006267201698494686,-0.0006063403466679889,0.0006360095257819733,-0.023381440594961434,0.009458985447103854,-0.031502592721193455,2.7631200145523277e-24,-1.4693752304728482e-24,5.2239713308151534e-24,70610172.69657205,6.10634731739765e-05,-5.752860166505197e-05,-6.273707456031703e-05,0.5829006067088169,-0.5491573778996842,-0.5988764956122727,-11824137.480695365,1466195.1198970734,2840.4405910497485,-10355101.920207242,196036460133384.1,1529.2688808807293,196036460102805.53,1529.2688811192709,196036460111909.53,1529.268881048251,196036460124280.12,1529.2688809517488,196036460138694.56,1529.2688808393027,196036460097495.03,1529.268881160698
0.002599999999999978,0.0006266037413041445,-0.0006062933062818852,0.0006358526726051528,-0.02328570906482566,0.009408077220745267,-0.0313706353641078,2.752231723478535e-24,-1.462163360766343e-24,5.207761366839266e-24,70617940.3617347,6.106874164989821e-05,-5.754536651889802e-05,-6.273507146831587e-05,0.5828892542251072,-0.5492593242973236,-0.5987940480510356,-11825486.384523839,1466350.1796915343,2819.697590184394,-10356316.507242123,196036460133321.5,1529.2688808812177,196036460102868.12,1529.2688811187827,196036460111942.78,1529.2688810479917,196036460124246.84,1529.2688809520084,196036460138608.3,1529.2688808399755,196036460097581.3,1529.2688811600246
0.002604999999999978,0.0006264877895302831,-0.0006062465191875949,0.0006356964764070517,-0.023190354772290703,0.009357418858061985,-0.031239239620215447,2.7413808662434866e-24,-1.4549816574838745e-24,5.191619781812388e-24,70625672.19552872,6.107397579134775e-05,-5.7562064324040454e-05,-6.273306621073129e-05,0.5828778898124669,-0.5493609045704111,-0.5987119191208283,-11826829.330126405,1466504.451101765,2799.1059040573955,-10357525.773120584,196036460133259.16,1529.268880881704,196036460102930.47,1529.2688811182961,196036460111975.9,1529.2688810477332,196036460124213.72,1529.268880952267,196036460138522.38,1529.2688808406458,196036460097667.25,1529.2688811593541
0.002609999999999978,0.0006263723126481809,-0.0006061999841410254,0.0006355409343914494,-0.023095376420417358,0.009307009313902903,-0.0311084031204476,2.730567164857126e-24,-1.4478299243748793e-24,5.175546179534991e-24,70633368.36185908,6.10791758039025e-05,-5.757869533715793e-05,-6.27310588270784e-05,0.5828665139429314,-0.54946212005708,-0.598630107450664,-11828166.342838174,1466657.9378397565,2778.6644189336175,-10358729.740579484,196036460133197.06,1529.2688808821883,196036460102992.56,1529.2688811178118,196036460112008.9,1529.268881047476,196036460124180.75,1529.2688809525241,196036460138436.84,1529.2688808413131,196036460097752.8,1529.2688811586868
0.0026149999999999776,0.0006262573087845714,-0.0006061536999032758,0.0006353860437739021,-0.023000772721897725,0.00925684754991625,-0.030978123509462253,2.7197904129719336e-24,-1.4407082908956457e-24,5.1595402519511154e-24,70641029.03041092,6.108434195184243e-05,-5.7595259849899004e-05,-6.272904941433019e-05,0.5828551271592134,-0.5495629719649995,-0.5985486117177238,-11829497.449048083,1466810.6448489488,2758.3720401855962,-10359928.43215895,196036460133135.2,1529.268880882671,196036460103054.44,1529.268881117329,196036460112041.7,1529.2688810472202,196036460124147.94,1529.2688809527801,196036460138351.62,1529.268880841978,196036460097838.0,1529.2688811580222
0.0026199999999999774,0.0006261427760725886,-0.0006061076652406595,0.0006352318017816891,-0.022906542396573037,0.009206932523265089,-0.030848398442590366,2.709050896586913e-24,-1.4336165855831355e-24,5.1436021650639286e-24,70648654.37427872,6.108947443223495e-05,-5.761175815488389e-05,-6.272703800529007e-05,0.5828437297902297,-0.549663461911318,-0.5984674304286565,-11830822.675799957,1466962.5759966148,2738.2276388369332,-10361121.872164505,196036460133073.56,1529.2688808831517,196036460103116.06,1529.2688811168484,196036460112074.34,1529.2688810469654,196036460124115.28,1529.2688809530348,196036460138266.8,1529.2688808426394,196036460097922.84,1529.2688811573605
0.002624999999999977,0.0006260287126518167,-0.0006060618789246742,0.000635078205653842,-0.022812684154375772,0.00915726319705302,-0.03071922556941152,2.698348276194994e-24,-1.4265548757558304e-24,5.127730928480611e-24,70656244.55353904,6.109457348398036e-05,-5.762819051134721e-05,-6.272502471430498e-05,0.5828323222581308,-0.5497635909033637,-0.5983865625565411,-11832142.047824882,1467113.735919781,2718.230155606451,-10362310.081749495,196036460133012.2,1529.2688808836306,196036460103177.44,1529.2688811163696,196036460112106.8,1529.268881046712,196036460124082.8,1529.268880953288,196036460138182.3,1529.2688808432988,196036460098007.3,1529.2688811567016
0.002629999999999977,0.0006259151166682317,-0.0006060163397320139,0.000634925252640973,-0.02271919671700102,0.009107838532051315,-0.030590602573818616,2.6876828663774145e-24,-1.4195230423949926e-24,5.111926948793577e-24,70663799.74273498,6.109963930891052e-05,-5.764455721584062e-05,-6.272300956748369e-05,0.5828209049302057,-0.5498633605834999,-0.5983060065419336,-11833455.592481341,1467264.1285032602,2698.378482619737,-10363493.085495459,196036460132951.06,1529.2688808841071,196036460103238.56,1529.2688811158928,196036460112139.12,1529.26888104646,196036460124050.5,1529.26888095354,196036460138098.22,1529.2688808439548,196036460098091.4,1529.2688811560454
0.0026349999999999768,0.0006258019862742555,-0.0006059710464445481,0.0006347729400053449,-0.022626078795244843,0.00905865749315479,-0.030462527125617683,2.677054167422317e-24,-1.4125207637052402e-24,5.096189633748262e-24,70671320.0984431,6.110467214828949e-05,-5.766085855357727e-05,-6.272099264217168e-05,0.5828094782853276,-0.549962772233533,-0.5982257610451022,-11834763.333929604,1467413.758297715,2678.67154417592,-10364670.904087711,196036460132890.2,1529.2688808845821,196036460103299.44,1529.268881115418,196036460112171.3,1529.2688810462091,196036460124018.34,1529.268880953791,196036460138014.47,1529.268880844608,196036460098175.16,1529.2688811553921
0.0026399999999999766,0.0006256893196286694,-0.0006059259978492661,0.0006346212650207691,-0.022533329117216398,0.009009719056407243,-0.030334996915134103,2.666462036617724e-24,-1.4055483769668597e-24,5.080518918488142e-24,70678805.79062714,6.110967225216259e-05,-5.7677094789871966e-05,-6.271897401094527e-05,0.5827980429334231,-0.5500618269873532,-0.5981458247319855,-11836065.298764642,1467562.6297344738,2659.1082833386567,-10365843.56074683,196036460132829.5,1529.2688808850558,196036460103360.1,1529.2688811149446,196036460112203.28,1529.2688810459597,196036460123986.34,1529.2688809540407,196036460137931.1,1529.2688808452585,196036460098258.53,1529.2688811547416
0.0026449999999999764,0.0006255771148965895,-0.0006058811927383352,0.0006344702249725944,-0.022440946415969262,0.008961022186166994,-0.030208009634940296,2.6559071250660517e-24,-1.3986055652986587e-24,5.0649146213733745e-24,70686256.98743163,6.111463977565057e-05,-5.769326621736636e-05,-6.271695372331952e-05,0.5827865988788127,-0.5501605265196201,-0.5980661963586641,-11837361.513292566,1467710.7464900205,2639.6876126287802,-10367011.079189915,196036460132769.12,1529.2688808855266,196036460103420.53,1529.2688811144733,196036460112235.12,1529.2688810457112,196036460123954.5,1529.268880954289,196036460137848.06,1529.268880845906,196036460098341.56,1529.268881154094
0.002649999999999976,0.0006254653702495795,-0.0006058366299090464,0.0006343198171576749,-0.022348929401998816,0.008912565857771088,-0.030081562983901803,2.6453887931008397e-24,-1.3916922721040908e-24,5.0493759828471936e-24,70693673.8434926,6.111957497540241e-05,-5.7709373103058315e-05,-6.271493187844053e-05,0.5827751466777515,-0.5502588718647168,-0.5979868747296168,-11838652.001408484,1467858.113289196,2620.408507195181,-10368173.479612092,196036460132708.94,1529.2688808859962,196036460103480.7,1529.268881114004,196036460112266.8,1529.268881045464,196036460123922.8,1529.2688809545361,196036460137765.38,1529.2688808465514,196036460098424.25,1529.268881153449
0.002654999999999976,0.0006253540838655398,-0.0006057923081638038,0.0006341700388842389,-0.022257276807962433,0.008864349048517422,-0.029955654687199892,2.6349073927397392e-24,-1.3848084555273373e-24,5.033903490793482e-24,70701056.53139718,6.11244780481931e-05,-5.7725415737011664e-05,-6.271290849798873e-05,0.5827636866954727,-0.5503568646329605,-0.597907858302998,-11839936.790268578,1468004.733899805,2601.2698980618193,-10369330.78647071,196036460132649.03,1529.2688808864634,196036460103540.62,1529.2688811135365,196036460112298.38,1529.2688810452178,196036460123891.28,1529.2688809547822,196036460137683.06,1529.2688808471933,196036460098506.6,1529.2688811528067
0.0026599999999999758,0.0006252432539287681,-0.000605748226310118,0.0006340208874719733,-0.022165987354321418,0.008816370737154038,-0.02983028245311253,2.624462333668996e-24,-1.3779540808105829e-24,5.018495984734314e-24,70708405.20124686,6.112934923449091e-05,-5.774139436933166e-05,-6.271088369856226e-05,0.5827522193782343,-0.5504545057341494,-0.5978291461000506,-11841215.903016107,1468150.612934778,2582.27078211133,-10370483.019299217,196036460132589.3,1529.2688808869293,196036460103600.3,1529.2688811130708,196036460112329.72,1529.268881044973,196036460123859.9,1529.268880955027,196036460137601.03,1529.2688808478333,196036460098588.6,1529.2688811521668
0.0026649999999999755,0.0006251328786298582,-0.0006057043831605999,0.0006338723602518227,-0.022075059781989186,0.008768629903633203,-0.0297054440301238,2.6140536267610308e-24,-1.3711290032787118e-24,5.003154346942628e-24,70715720.02270198,6.113418874140022e-05,-5.775730928094388e-05,-6.270885745697246e-05,0.5827407453314125,-0.550551796820053,-0.5977507363013458,-11842489.366342593,1468295.7538046616,2563.41008811508,-10371630.202449817,196036460132529.84,1529.2688808873934,196036460103659.78,1529.2688811126068,196036460112360.94,1529.2688810447296,196036460123828.7,1529.2688809552706,196036460137519.44,1529.2688808484697,196036460098670.2,1529.2688811515304
0.0026699999999999753,0.0006250229561657007,-0.0006056607775329353,0.0006337244545661419,-0.021984492831502472,0.008721125532919621,-0.029581137136150407,2.6036818195126603e-24,-1.3643332680391136e-24,4.987877204536253e-24,70723001.15363233,6.113899673655017e-05,-5.777316073487696e-05,-6.270682992019857e-05,0.5827292644006041,-0.5506487390069718,-0.5976726283185159,-11843757.204845551,1468440.160886095,2544.68683206988,-10372772.357127385,196036460132470.66,1529.268880887855,196036460103719.0,1529.268881112145,196036460112392.0,1529.2688810444874,196036460123797.62,1529.2688809555127,196036460137438.12,1529.268880849104,196036460098751.5,1529.2688811508963
0.002674999999999975,0.0006249134847395785,-0.0006056174082498932,0.0006335771677684585,-0.02189428522442934,0.0086738566084152,-0.029457359536674162,2.5933462825187947e-24,-1.3575666227997822e-24,4.972664995855001e-24,70730248.75323422,6.11437734850239e-05,-5.7788949029287396e-05,-6.27048011141097e-05,0.5827177773387984,-0.5507453337229747,-0.5975948203889487,-11845019.443381986,1468583.8386100242,2526.099977650522,-10373909.504794309,196036460132411.66,1529.2688808883154,196036460103777.97,1529.268881111685,196036460112422.9,1529.2688810442462,196036460123766.72,1529.268880955754,196036460137357.2,1529.2688808497355,196036460098832.44,1529.2688811502646
0.002679999999999975,0.0006248044625610578,-0.0006055742741392819,0.0006334304972235485,-0.021804435704144327,0.008626822122262802,-0.029334108981990084,2.58304711419289e-24,-1.3508291035532892e-24,4.9575174014661365e-24,70737462.98157698,6.114851916972283e-05,-5.780467441036322e-05,-6.270277108931638e-05,0.5827062844575263,-0.550841582221303,-0.5975173113388734,-11846276.107006386,1468726.79054574,2507.6485248982763,-10375041.66793575,196036460132352.9,1529.2688808887735,196036460103836.72,1529.2688811112266,196036460112453.66,1529.2688810440063,196036460123735.94,1529.268880955994,196036460137276.6,1529.2688808503642,196036460098913.03,1529.268881149636
0.0026849999999999747,0.0006246958878460047,-0.0006055313740339551,0.0006332844403073812,-0.02171494301061232,0.008580021065358276,-0.02921138323346031,2.5727841275405537e-24,-1.3441206286296764e-24,4.942434185564918e-24,70744643.99613646,6.115323401609074e-05,-5.782033715399509e-05,-6.270073991288131e-05,0.5826947861898031,-0.550937485767384,-0.5974400998623487,-11847527.220331095,1468869.0209780675,2489.331467230761,-10376168.867885796,196036460132294.34,1529.2688808892303,196036460103895.25,1529.26888111077,196036460112484.28,1529.2688810437674,196036460123705.34,1529.2688809562328,196036460137196.34,1529.2688808509902,196036460098993.28,1529.26888114901
0.0026899999999999745,0.0006245877588165533,-0.000605488706771798,0.000633138994407078,-0.021625805890276854,0.008533452431427033,-0.029089180060616712,2.5625574337013427e-24,-1.33744121214632e-24,4.927414718417017e-24,70751791.95291713,6.115791820175096e-05,-5.783593750271243e-05,-6.269870765793396e-05,0.5826832827488037,-0.5510330455291771,-0.5973631849552812,-11848772.807730213,1469010.5335973056,2471.1478401990767,-10377291.126292707,196036460132236.06,1529.268880889685,196036460103953.53,1529.2688811103155,196036460112514.72,1529.26888104353,196036460123674.9,1529.2688809564702,196036460137116.44,1529.2688808516136,196036460099073.2,1529.2688811483865
0.0026949999999999743,0.0006244800737011247,-0.0006054462711957295,0.000632994156920804,-0.021537023085730893,0.008487115213705364,-0.028967497254809047,2.5523669396738622e-24,-1.3307905416698857e-24,4.9124592644325186e-24,70758907.01070902,6.116257194636617e-05,-5.785147575743985e-05,-6.269667436001347e-05,0.582671774557496,-0.551128263048136,-0.5972865650620002,-11850012.894105902,1469151.3325746283,2453.096627504536,-10378408.46490377,196036460132178.03,1529.2688808901378,196036460104011.6,1529.2688811098626,196036460112545.03,1529.2688810432935,196036460123644.6,1529.2688809567067,196036460137036.88,1529.2688808522344,196036460099152.75,1529.268881147766
0.002699999999999974,0.0006243728307344107,-0.0006054040661536482,0.000632849925257813,-0.02144859334278955,0.008441008416254182,-0.02884633259822627,2.5422124794211934e-24,-1.324168768359289e-24,4.8975675107020546e-24,70765989.32642815,6.116719546577575e-05,-5.786695216713193e-05,-6.269464008568051e-05,0.5826602620700163,-0.5512231394319753,-0.5972102389939887,-11851247.504050542,1469291.4219106578,2435.1768724571975,-10379520.905267427,196036460132120.2,1529.268880890589,196036460104069.44,1529.2688811094113,196036460112575.2,1529.2688810430582,196036460123614.44,1529.268880956942,196036460136957.66,1529.2688808528521,196036460099231.97,1529.268881147148
0.002704999999999974,0.0006242660281573457,-0.0006053620904984588,0.0006327062968383935,-0.021360515413020476,0.008395131037897319,-0.028725683883898442,2.532093978007258e-24,-1.3175757559392243e-24,4.882738644022934e-24,70773039.0493827,6.117178894546857e-05,-5.7882366979509856e-05,-6.269260491837937e-05,0.5826487454965822,-0.551317675817007,-0.5971342057720298,-11852476.660821445,1469430.8054919606,2417.3876156731685,-10380628.467713812,196036460132062.6,1529.2688808910384,196036460104127.03,1529.268881108962,196036460112605.2,1529.2688810428242,196036460123584.44,1529.268880957176,196036460136878.72,1529.2688808534679,196036460099310.88,1529.2688811465325
0.0027099999999999737,0.0006241596642170927,-0.0006053203430880479,0.0006325632690937284,-0.02127278805058758,0.008349482082180027,-0.028605548933030005,2.522011650750992e-24,-1.31101148209396e-24,4.867972834929617e-24,70780056.34011737,6.117635256536538e-05,-5.789772045541447e-05,-6.269056888776851e-05,0.5826372251497566,-0.5514118736090998,-0.5970584640658685,-11853700.38972034,1469569.4868132803,2399.727892528535,-10381731.17501453,196036460132005.25,1529.2688808914857,196036460104184.38,1529.2688811085147,196036460112635.03,1529.2688810425916,196036460123554.6,1529.2688809574086,196036460136800.2,1529.2688808540806,196036460099389.44,1529.2688811459195
0.0027149999999999735,0.0006240537371670817,-0.0006052788227852808,0.0006324208394659238,-0.02118541000219479,0.008304060553420714,-0.028485925560917013,2.5119650564213156e-24,-1.3044757943305746e-24,4.853270163390528e-24,70787041.352196,6.118088657524014e-05,-5.7913012883154056e-05,-6.268853204828587e-05,0.582625701614538,-0.5515057341015163,-0.5969830123808508,-11854918.714816524,1469707.4703601133,2382.1967339722305,-10382829.047722438,196036460131948.12,1529.2688808919313,196036460104241.53,1529.2688811080686,196036460112664.72,1529.26888104236,196036460123524.9,1529.2688809576402,196036460136721.97,1529.2688808546907,196036460099467.66,1529.2688811453093
0.0027199999999999733,0.0006239482452669326,-0.0006052375284579747,0.0006322790054080234,-0.021098380029832997,0.008258865461221081,-0.028366811580084934,2.501954165975781e-24,-1.2979683406312268e-24,4.8386298147827e-24,70793994.23031557,6.118539113292956e-05,-5.792824450681296e-05,-6.268649446046932e-05,0.5826141750118713,-0.551599258553385,-0.5969078497042845,-11856131.658620786,1469844.7595798774,2364.7931914471305,-10383922.105849462,196036460131891.2,1529.2688808923754,196036460104298.44,1529.2688811076248,196036460112694.28,1529.2688810421294,196036460123495.34,1529.2688809578708,196036460136644.06,1529.2688808552984,196036460099545.53,1529.268881144702
0.002724999999999973,0.0006238431867824501,-0.0006051964589788378,0.000632137764383867,-0.0210116968964993,0.0082138958273789,-0.02824820483128279,2.4919793325606737e-24,-1.2914894033994182e-24,4.824051686141723e-24,70800915.13545413,6.118986642877767e-05,-5.7943415583610884e-05,-6.268445619720263e-05,0.5826026455854045,-0.5516924481696505,-0.596832974951506,-11857339.246590147,1469981.3583914614,2347.5163471662163,-10385010.37185152,196036460131834.53,1529.2688808928174,196036460104355.1,1529.268881107183,196036460112723.7,1529.2688810419,196036460123465.94,1529.2688809581002,196036460136566.53,1529.2688808559035,196036460099623.12,1529.2688811440967
0.002729999999999973,0.0006237385599856853,-0.0006051556132255182,0.0006319971138680729,-0.020925359352955645,0.008169150663907745,-0.02813010315882694,2.482039921181859e-24,-1.2850388185205807e-24,4.80953597030495e-24,70807804.21761774,6.119431270854592e-05,-5.7958526383918654e-05,-6.268241728879378e-05,0.5825911140272775,-0.5517853042031309,-0.5967583865534812,-11858541.502237543,1470117.270913423,2330.3652502164805,-10386093.866073905,196036460131778.06,1529.268880893258,196036460104411.56,1529.2688811067424,196036460112752.97,1529.2688810416714,196036460123436.66,1529.2688809583287,196036460136489.28,1529.2688808565058,196036460099700.34,1529.2688811434941
0.0027349999999999727,0.0006236343631548255,-0.0006051149900805757,0.0006318570513460712,-0.02083936617196408,0.00812462898850713,-0.02801250440035266,2.472135934881449e-24,-1.2786165322928719e-24,4.795082004810702e-24,70814661.62357739,6.119873012186139e-05,-5.797357711952683e-05,-6.268037777956173e-05,0.5825795805570712,-0.5518778277659416,-0.5966840835302153,-11859738.448530108,1470252.5001470214,2313.338985600733,-10387172.609397486,196036460131721.8,1529.2688808936966,196036460104467.8,1529.2688811063035,196036460112782.06,1529.2688810414445,196036460123407.56,1529.2688809585557,196036460136412.4,1529.2688808571056,196036460099777.22,1529.2688811428948
0.0027399999999999725,0.0006235305945741946,-0.000605074588431472,0.0006317175743139889,-0.02075371612618126,0.008080329820737133,-0.02789540641644699,2.4622677704327533e-24,-1.2722225552647042e-24,4.7806894843503966e-24,70821487.50946438,6.120311887377506e-05,-5.798856808713111e-05,-6.267833777777075e-05,0.5825680452707733,-0.551970020159324,-0.5966100648452939,-11860930.11012676,1470387.0507370238,2296.436649188976,-10388246.622740548,196036460131665.8,1529.2688808941336,196036460104523.8,1529.2688811058665,196036460112811.03,1529.2688810412185,196036460123378.6,1529.2688809587817,196036460136335.84,1529.268880857703,196036460099853.8,1529.268881142297
0.0027449999999999723,0.0006234272525343221,-0.000605034407170573,0.0006315786802785975,-0.020668407974517165,0.008036252179792367,-0.02777880707827473,2.4524349291735025e-24,-1.2658565766622564e-24,4.766358123368928e-24,70828282.01690078,6.120747914026835e-05,-5.8003499510506735e-05,-6.267629729503177e-05,0.582556508623859,-0.5520618825906832,-0.5965363291958088,-11862116.509120895,1470520.9257226267,2279.657312955525,-10389315.926085312,196036460131610.03,1529.2688808945688,196036460104579.6,1529.2688811054315,196036460112839.84,1529.2688810409938,196036460123349.78,1529.2688809590063,196036460136259.56,1529.268880858298,196036460099930.06,1529.2688811417022
0.002749999999999972,0.0006233243353318563,-0.0006049944451950948,0.000631440366757263,-0.02058344049315851,0.00799239509563457,-0.02766270426689409,2.4426373507517976e-24,-1.259518493581041e-24,4.752088249308446e-24,70835045.29991521,6.121181114073232e-05,-5.8018371676263625e-05,-6.267425637112484e-05,0.5825449710584146,-0.5521534164591129,-0.5964628751121736,-11863297.669848552,1470654.1292195825,2263.000062706197,-10390380.540566264,196036460131554.44,1529.2688808950024,196036460104635.16,1529.268881104998,196036460112868.53,1529.26888104077,196036460123321.1,1529.2688809592303,196036460136183.66,1529.26888085889,196036460100005.97,1529.2688811411101
0.002754999999999972,0.0006232218412695544,-0.0006049547014070859,0.000631302631278003,-0.020498812460382976,0.00794875760179073,-0.027547095852018658,2.4328753406109164e-24,-1.2532084605290225e-24,4.737879046909203e-24,70841777.50674123,6.121611501955847e-05,-5.8033184800388376e-05,-6.267221508524703e-05,0.5825334326300605,-0.5522446227994677,-0.5963897018370725,-11864473.615646442,1470786.6645173612,2246.464016105621,-10391440.487112977,196036460131499.12,1529.2688808954338,196036460104690.5,1529.2688811045664,196036460112897.06,1529.2688810405475,196036460123292.56,1529.2688809594526,196036460136108.06,1529.2688808594799,196036460100081.56,1529.2688811405205
0.0027599999999999717,0.000623119768656335,-0.0006049151747134538,0.000631165471379345,-0.020414522643885807,0.007905338726434721,-0.027431979731607638,2.42314852661197e-24,-1.2469261433946e-24,4.7237305409478274e-24,70848478.7824965,6.12203909977671e-05,-5.804793916601258e-05,-6.267017348277687e-05,0.5825218937818114,-0.5523355029593056,-0.5963168079431795,-11865644.369295647,1470918.5357685643,2230.0482767787134,-10392495.785250304,196036460131444.03,1529.2688808958637,196036460104745.6,1529.2688811041367,196036460112925.47,1529.2688810403258,196036460123264.16,1529.2688809596743,196036460136032.78,1529.268880860067,196036460100156.84,1529.2688811399332
0.0027649999999999715,0.0006230181158072137,-0.0006048758640259072,0.0006310288846103312,-0.020330569824255424,0.007862137509316105,-0.02731735380276184,2.4134566111958318e-24,-1.2406717497388975e-24,4.7096424020893795e-24,70855149.2733151,6.12246392697777e-05,-5.806263498564022e-05,-6.266813161147983e-05,0.5825103549970048,-0.5524260578901015,-0.5962441923283328,-11866809.95380249,1471049.7463847469,2213.751971407553,-10393546.455446335,196036460131389.12,1529.268880896292,196036460104800.5,1529.2688811037083,196036460112953.72,1529.2688810401055,196036460123235.9,1529.2688809598947,196036460135957.84,1529.2688808606517,196036460100231.78,1529.2688811393487
0.0027699999999999713,0.0006229168810432518,-0.0006048367682609922,0.0006308928685304613,-0.02024695279238954,0.007819152982993249,-0.02720321597399225,2.403800122024976e-24,-1.2344451742303904e-24,4.69561431809094e-24,70861789.12974185,6.12288599840116e-05,-5.8077272520304046e-05,-6.266608953816785e-05,0.582498816257638,-0.5525162889425541,-0.5961718540082201,-11867970.392986266,1471180.299938276,2197.574227042094,-10394592.518820949,196036460131334.47,1529.2688808967182,196036460104855.2,1529.2688811032817,196036460112981.8,1529.2688810398863,196036460123207.8,1529.2688809601138,196036460135883.2,1529.268880861234,196036460100306.44,1529.2688811387661
0.002774999999999971,0.0006228160626916472,-0.0006047978863400738,0.0006307574207096382,-0.020163670320904388,0.007776384183673851,-0.02708956416462789,2.3941781911969263e-24,-1.2282460604712263e-24,4.681646312416698e-24,70868398.48947045,6.123305337099266e-05,-5.8091852023297655e-05,-6.26640472804295e-05,0.5824872782474121,-0.5526061973161657,-0.5960997914508015,-11869125.708378632,1471310.200202143,2181.514147395933,-10395633.994029095,196036460131280.0,1529.2688808971434,196036460104909.66,1529.2688811028568,196036460113009.78,1529.268881039668,196036460123179.84,1529.268880960332,196036460135808.88,1529.2688808618138,196036460100380.75,1529.2688811381865
0.002779999999999971,0.0006227156590855848,-0.0006047592171892742,0.0006306225387281723,-0.020080721212485688,0.007733830159913433,-0.026976396293184827,2.384591412587302e-24,-1.2220743985646502e-24,4.667737933422125e-24,70874977.50136785,6.123721956334961e-05,-5.810637373786203e-05,-6.266200490405023e-05,0.5824757409055413,-0.5526957842898536,-0.5960280037756316,-11870275.923546458,1471439.450477465,2165.5708860304653,-10396670.90218296,196036460131225.72,1529.2688808975665,196036460104963.88,1529.2688811024339,196036460113037.62,1529.268881039451,196036460123152.03,1529.268880960549,196036460135734.88,1529.268880862391,196036460100454.75,1529.2688811376092
0.0027849999999999707,0.0006226156685643385,-0.0006047207597394712,0.0006304882201767032,-0.01999810424924365,0.007691489960610398,-0.02686371029382689,2.3750392622994185e-24,-1.215930351657947e-24,4.653888902816161e-24,70881526.30772844,6.124135878492488e-05,-5.812083789289221e-05,-6.265996247055993e-05,0.5824642048018778,-0.5527850507790432,-0.5959564898209656,-11871421.060899056,1471568.0546641767,2149.7435991082466,-10397703.262635773,196036460131171.7,1529.2688808979883,196036460105017.9,1529.2688811020123,196036460113065.28,1529.268881039235,196036460123124.34,1529.268880960765,196036460135661.2,1529.2688808629657,196036460100528.44,1529.2688811370342
0.0027899999999999705,0.0006225160894731813,-0.0006046825129263261,0.0006303544626561514,-0.019915818231439498,0.007649362629010723,-0.02675150411035962,2.365522156677918e-24,-1.2098136262339373e-24,4.640099234228606e-24,70888045.05572623,6.124547117251173e-05,-5.81352447472149e-05,-6.265792000518368e-05,0.5824526699867364,-0.5528739982744268,-0.5958852483971817,-11872561.143759904,1471696.015883005,2134.0314025446573,-10398731.096474353,196036460131117.9,1529.2688808984078,196036460105071.72,1529.2688811015926,196036460113092.84,1529.26888103902,196036460123096.8,1529.2688809609797,196036460135587.84,1529.268880863538,196036460100601.8,1529.268881136462
0.0027949999999999703,0.0006224169201634567,-0.0006046444756902335,0.0006302212637777208,-0.019833861944909704,0.007607447218529629,-0.026639775686116342,2.356039536695005e-24,-1.2037239743385712e-24,4.626368306697855e-24,70894533.87888055,6.124955693177699e-05,-5.814959454497831e-05,-6.265587757635778e-05,0.5824411368448711,-0.5529626278206429,-0.5958142783993545,-11873696.192994894,1471823.3380647937,2118.433475806652,-10399754.421454292,196036460131064.3,1529.2688808988257,196036460105125.3,1529.2688811011744,196036460113120.25,1529.2688810388063,196036460123069.38,1529.2688809611939,196036460135514.75,1529.2688808641083,196036460100674.88,1529.2688811358921
0.00279999999999997,0.0006223181589924824,-0.0006046066469762776,0.0006300886211627911,-0.01975223419485892,0.007565742791172999,-0.02652852298594433,2.346591491497618e-24,-1.1976617562339543e-24,4.61269629486289e-24,70900992.92806429,6.125361624602955e-05,-5.816388750858745e-05,-6.265383521871987e-05,0.5824296057980151,-0.5530509404904325,-0.5957435786583158,-11874826.232644577,1471950.0245096423,2102.9489760101674,-10400773.259158924,196036460131010.94,1529.2688808992423,196036460105178.7,1529.2688811007579,196036460113147.53,1529.2688810385935,196036460123042.12,1529.2688809614065,196036460135442.0,1529.2688808646758,196036460100747.62,1529.2688811353246
0.00280499999999997,0.0006222198043235655,-0.0006045690257342952,0.0006299565324429479,-0.019670933783403198,0.007524248396465011,-0.026417743968640266,2.3371780371631992e-24,-1.1916265780268606e-24,4.599082767057962e-24,70907422.34018227,6.125764926169915e-05,-5.8178123881125916e-05,-6.265179297182337e-05,0.5824180769559593,-0.55313893758794,-0.595673148092985,-11875951.284240996,1472076.0784197622,2087.5770775940073,-10401787.62874364,196036460130957.75,1529.268880899657,196036460105231.84,1529.2688811003434,196036460113174.66,1529.268881038382,196036460123014.97,1529.2688809616182,196036460135369.6,1529.2688808652404,196036460100820.06,1529.2688811347593
0.0028099999999999696,0.000622121854526005,-0.0006045316109188074,0.0006298249952599081,-0.019589959512101556,0.007482963097576736,-0.02630743660795642,2.3277990767949067e-24,-1.1856183494334363e-24,4.585527294680179e-24,70913822.2545196,6.12616561766402e-05,-5.8192303923588195e-05,-6.264975092012623e-05,0.5824065505479776,-0.5532266202345965,-0.5956029856730167,-11877071.36977985,1472201.5039313163,2072.316939334838,-10402797.548909198,196036460130904.8,1529.26888090007,196036460105284.8,1529.2688810999302,196036460113201.66,1529.2688810381712,196036460122987.97,1529.268880961829,196036460135297.44,1529.2688808658036,196036460100892.2,1529.2688811341966
0.0028149999999999694,0.0006220243079750757,-0.0006044944014890033,0.0006296940072654456,-0.019509310185870127,0.007441885960807235,-0.0261975988924945,2.3184542756674343e-24,-1.1796371518230635e-24,4.572030059571739e-24,70920192.81261589,6.126563716148341e-05,-5.820642783605151e-05,-6.264770905556815e-05,0.5823950271233898,-0.553313989520452,-0.5955330900822451,-11878186.511681903,1472326.3037172805,2057.1677553800428,-10403803.040209241,196036460130852.06,1529.2688809004815,196036460105337.53,1529.268881099519,196036460113228.5,1529.2688810379618,196036460122961.12,1529.2688809620383,196036460135225.62,1529.2688808663636,196036460100964.03,1529.2688811336363
0.0028199999999999692,0.0006219271630519696,-0.0006044573964087551,0.0006295635661214228,-0.019428984621221994,0.007401016049636429,-0.026088228804556073,2.3091438031178316e-24,-1.173682898696754e-24,4.558590656492209e-24,70926534.1547948,6.126959238390892e-05,-5.822049586839341e-05,-6.26456674495676e-05,0.5823835067976663,-0.5534010466215998,-0.5954634603467878,-11879296.732175786,1472450.4814763896,2042.1287101385783,-10404804.121989258,196036460130799.56,1529.268880900891,196036460105390.06,1529.268881099109,196036460113255.22,1529.2688810377535,196036460122934.4,1529.2688809622466,196036460135154.12,1529.2688808669213,196036460101035.53,1529.2688811330786
0.002824999999999969,0.0006218304181438255,-0.0006044205946466024,0.0006294336694997204,-0.019348981628803358,0.0073603524305411025,-0.025979324340482748,2.2998675799559063e-24,-1.1677551427859543e-24,4.545208722930302e-24,70932846.41547318,6.127352202548041e-05,-5.823450829817744e-05,-6.264362616890719e-05,0.5823719897033813,-0.5534877928659718,-0.5953940953328977,-11880402.052441841,1472574.0411980075,2027.1989826178733,-10405800.812261216,196036460130747.25,1529.2688809012993,196036460105442.38,1529.2688810987008,196036460113281.84,1529.2688810375457,196036460122907.78,1529.2688809624544,196036460135082.9,1529.268880867477,196036460101106.75,1529.268881132523
0.002829999999999969,0.0006217340716437155,-0.0006043839951756749,0.0006293043150821746,-0.019269300022004054,0.007319894185494178,-0.02587088350917576,2.290625395067933e-24,-1.1618542114466784e-24,4.53188403951774e-24,70939129.73363559,6.127742622915695e-05,-5.824846528683191e-05,-6.264158522033649e-05,0.5823604762836586,-0.5535742291194836,-0.595324994030521,-11881502.494521713,1472696.9851585939,2012.3777925504826,-10406793.131570568,196036460130695.16,1529.2688809017056,196036460105494.47,1529.2688810982945,196036460113308.28,1529.2688810373395,196036460122881.34,1529.2688809626607,196036460135012.0,1529.2688808680302,196036460101177.66,1529.26888113197
0.0028349999999999686,0.0006216381219506078,-0.0006043475969737493,0.0006291755005605389,-0.019189938621528208,0.007279640385126949,-0.025762904327136602,2.2814171789061174e-24,-1.1559799962614873e-24,4.5186162780213094e-24,70945384.24639261,6.128130519114511e-05,-5.8262367095377885e-05,-6.263954468427566e-05,0.582348966767558,-0.5536603565083349,-0.5952561553951553,-11882598.080129694,1472819.3174555616,1997.6643480199082,-10407781.098326113,196036460130643.25,1529.2688809021106,196036460105546.38,1529.2688810978898,196036460113334.6,1529.2688810371344,196036460122855.03,1529.2688809628658,196036460134941.34,1529.2688808685814,196036460101248.25,1529.268881131419
0.0028399999999999684,0.0006215425674693554,-0.0006043113990232301,0.0006290472236364277,-0.0191108962504895,0.007239590103826957,-0.025655384822238808,2.2722430537311136e-24,-1.1501322315628934e-24,4.5054057243793565e-24,70951610.09479474,6.128515907326359e-05,-5.8276213983784504e-05,-6.263750457569358e-05,0.5823374613864043,-0.5537461764594346,-0.5951875780983631,-11883688.831719298,1472941.0413542662,1983.0578387529713,-10408764.732526278,196036460130591.56,1529.2688809025137,196036460105598.06,1529.2688810974864,196036460113360.78,1529.26888103693,196036460122828.84,1529.2688809630702,196036460134871.03,1529.2688808691298,196036460101318.6,1529.2688811308703
0.002844999999999968,0.0006214474066107166,-0.0006042754003111042,0.0006289194820213654,-0.019032171727765754,0.007199742425186105,-0.025548323012449234,2.2631026399273522e-24,-1.1443107059278793e-24,4.492251835125682e-24,70957807.40739623,6.128898803252083e-05,-5.829000616002002e-05,-6.263546492784623e-05,0.5823259604397503,-0.5538316900119407,-0.595119261103554,-11884774.769513998,1473062.1598319488,1968.557484013362,-10409744.052198036,196036460130540.1,1529.2688809029153,196036460105649.56,1529.2688810970849,196036460113386.84,1529.2688810367267,196036460122802.75,1529.2688809632737,196036460134801.06,1529.2688808696757,196036460101388.56,1529.2688811303244
0.002849999999999968,0.0006213526377912897,-0.0006042395998289036,0.0006287922734366926,-0.018953763885387016,0.007160096440121294,-0.02544171693456376,2.253995976454382e-24,-1.1385157544248746e-24,4.4791542155481974e-24,70963976.32320194,6.129279224175569e-05,-5.8303743833305985e-05,-6.263342581186692e-05,0.5823144641974171,-0.5539168980437776,-0.5950512035514542,-11885855.915650291,1473182.676321569,1954.1625225043335,-10410719.076806217,196036460130488.8,1529.2688809033152,196036460105700.8,1529.268881096685,196036460113412.75,1529.2688810365246,196036460122776.88,1529.2688809634756,196036460134731.3,1529.2688808702196,196036460101458.28,1529.2688811297808
0.002854999999999968,0.0006212582594335194,-0.0006042039965727639,0.0006286655956134974,-0.018875671554033534,0.007120651227940586,-0.025335564639053534,2.2449230904545373e-24,-1.1327470008629288e-24,4.466112842198508e-24,70970116.97697677,6.129657186480999e-05,-5.831742726588796e-05,-6.263138726384941e-05,0.5823029728250531,-0.5540018019169306,-0.5949834042323361,-11886932.291510774,1473302.5943034824,1939.87217567738,-10411689.825031614,196036460130437.75,1529.2688809037136,196036460105751.88,1529.2688810962866,196036460113438.56,1529.2688810363234,196036460122751.06,1529.2688809636768,196036460134661.94,1529.268880870761,196036460101527.7,1529.2688811292392
0.0028599999999999676,0.0006211642699657022,-0.0006041685895433589,0.0006285394462926114,-0.01879789356344518,0.007081405880985619,-0.02522986417720209,2.235883849723545e-24,-1.1270042285105473e-24,4.45312746495549e-24,70976229.50032161,6.130032705653408e-05,-5.833105668589702e-05,-6.262934931568995e-05,0.582291486549595,-0.5540864028068708,-0.5949158620480758,-11888003.917941418,1473421.9168870114,1925.6856623105252,-10412656.315392096,196036460130386.88,1529.2688809041103,196036460105802.72,1529.26888109589,196036460113464.25,1529.2688810361228,196036460122725.4,1529.268880963877,196036460134592.8,1529.2688808713,196036460101596.8,1529.2688811287
0.0028649999999999674,0.0006210706678219625,-0.0006041333777458633,0.0006284138232245666,-0.01872042874794219,0.007042359499106952,-0.02512461360895871,2.2268780030842052e-24,-1.1212877502562798e-24,4.4401978981921105e-24,70982314.0293585,6.130405800338985e-05,-5.834463229591636e-05,-6.262731201592302e-05,0.582280005819398,-0.5541707015695154,-0.594848575979562,-11889070.8166198,1473540.647381067,1911.6022514523715,-10413618.566987284,196036460130336.25,1529.2688809045053,196036460105853.4,1529.2688810954944,196036460113489.78,1529.2688810359236,196036460122699.84,1529.2688809640765,196036460134524.0,1529.268880871837,196036460101665.62,1529.2688811281632
0.002869999999999967,0.0006209774514422098,-0.0006040983601900067,0.0006282887241695631,-0.01864327595054715,0.007003511171314745,-0.025019811000703943,2.2179056381233002e-24,-1.115597212172141e-24,4.427323296632354e-24,70988370.68956496,6.130776482529011e-05,-5.8358154314206906e-05,-6.262527542598129e-05,0.5822685305740026,-0.5542546993252473,-0.5947815452576446,-11890133.007328868,1473658.7887826068,1897.6211887491463,-10414576.597357513,196036460130285.8,1529.2688809048987,196036460105903.84,1529.268881095101,196036460113515.16,1529.2688810357258,196036460122674.44,1529.2688809642748,196036460134455.44,1529.268880872372,196036460101734.2,1529.2688811276284
0.002874999999999967,0.0006208846192721536,-0.0006040635358900123,0.0006281641468973226,-0.018566434011248068,0.006964859998881416,-0.024915454448103915,2.2089664310090193e-24,-1.1099327320721874e-24,4.414504425036294e-24,70994399.6215982,6.131144773311826e-05,-5.8371622981343406e-05,-6.262323954432673e-05,0.5822570614622142,-0.554338397257231,-0.5947147683584724,-11891190.51261693,1473776.3444803574,1883.7417047572524,-10415530.426431816,196036460130235.53,1529.268880905291,196036460105954.1,1529.268881094709,196036460113540.44,1529.2688810355287,196036460122649.2,1529.2688809644717,196036460134387.22,1529.268880872904,196036460101802.44,1529.268881127096
0.002879999999999967,0.0006207921697632473,-0.0006040289038646173,0.0006280400891872209,-0.01848990178125251,0.006926405078997573,-0.024811542020328734,2.2000607011698014e-24,-1.1042937973876308e-24,4.401740561907445e-24,71000400.95176896,6.1315106836178e-05,-5.838503854000748e-05,-6.262120442901877e-05,0.58224559829208,-0.5544217966847761,-0.5946482444524013,-11892243.352459565,1473893.3175493462,1869.9630484771913,-10416480.07186174,196036460130185.5,1529.2688809056815,196036460106004.12,1529.2688810943189,196036460113565.6,1529.2688810353322,196036460122624.03,1529.268880964668,196036460134319.28,1529.268880873434,196036460101870.38,1529.268881126566
0.0028849999999999666,0.0006207001013727438,-0.0006039944631369842,0.0006279165488281632,-0.018413678100701054,0.006888145526612372,-0.024708071811545614,2.1911879882638797e-24,-1.0986806635585473e-24,4.3890313924004665e-24,71006374.8098086,6.131874232078044e-05,-5.839840118203211e-05,-6.261917012684334e-05,0.582234141547461,-0.554504898389637,-0.5945819725474272,-11893291.547470732,1474009.7112052506,1856.2845099871572,-10417425.551755494,196036460130135.62,1529.2688809060703,196036460106053.97,1529.26888109393,196036460113590.6,1529.2688810351372,196036460122599.0,1529.2688809648632,196036460134251.6,1529.268880873962,196036460101938.03,1529.2688811260382
0.0028899999999999664,0.0006206084125636154,-0.0006039602127347451,0.000627793523618529,-0.018337761825683366,0.006850080447824946,-0.024605041926829937,2.1823484409345697e-24,-1.09309342500158e-24,4.376377183760195e-24,71012321.33395335,6.132235434310399e-05,-5.841171113168972e-05,-6.26171366562262e-05,0.5822226915163031,-0.5545877035458218,-0.5945159514758905,-11894335.119835326,1474125.5284353313,1842.7053397343366,-10418366.88606026,196036460130086.0,1529.2688809064575,196036460106103.62,1529.2688810935426,196036460113615.5,1529.2688810349428,196036460122574.16,1529.268880965057,196036460134184.25,1529.2688808744872,196036460102005.4,1529.2688811255127
0.002894999999999966,0.0006205171018045796,-0.0006039261516900178,0.0006276710113662191,-0.01826215180713919,0.006812208945463254,-0.024502450461998095,2.1735418366716855e-24,-1.0875314503551169e-24,4.363776855703389e-24,71018240.63975637,6.132594304249715e-05,-5.842496862627986e-05,-6.261510409520995e-05,0.5822112481445034,-0.5546702132756106,-0.5944501804514893,-11895374.087642223,1474240.7726884282,1829.224820440138,-10419304.090133354,196036460130036.56,1529.2688809068432,196036460106153.06,1529.268881093157,196036460113640.28,1529.2688810347495,196036460122549.38,1529.2688809652502,196036460134117.12,1529.268880875011,196036460102072.47,1529.2688811249895
0.002899999999999966,0.000620426167570061,-0.0006038922790392966,0.0006275490098884676,-0.01818684690371739,0.006774530144229519,-0.024400295550294143,2.1647680631176795e-24,-1.0819951482106872e-24,4.351230972139707e-24,71024132.8669254,6.13295085954297e-05,-5.843817386470558e-05,-6.26130724426034e-05,0.5821998119884937,-0.5547524285808134,-0.5943846582006065,-11896408.473381188,1474355.4467600146,1815.842236661106,-10420237.184384512,196036460129987.3,1529.2688809072274,196036460106202.3,1529.2688810927727,196036460113664.9,1529.2688810345574,196036460122524.75,1529.2688809654423,196036460134050.34,1529.268880875532,196036460102139.28,1529.2688811244684
0.0029049999999999658,0.0006203356083401712,-0.0006038585938235233,0.0006274275170119405,-0.018111845977959593,0.00673704315466983,-0.02429857530542483,2.1560272385635797e-24,-1.0764840434766584e-24,4.338738875439669e-24,71029998.13794751,6.133305112582763e-05,-5.845132708459143e-05,-6.261104175559585e-05,0.5821883829638653,-0.5548343506938336,-0.5943193838602877,-11897438.296444435,1474469.5538052325,1802.5568691094381,-10421166.185770093,196036460129938.28,1529.2688809076099,196036460106251.34,1529.2688810923903,196036460113689.4,1529.2688810343664,196036460122500.2,1529.268880965634,196036460133983.84,1529.2688808760506,196036460102205.8,1529.2688811239493
0.0029099999999999656,0.0006202454226007296,-0.0006038250950880044,0.0006273065305726211,-0.0180371478883091,0.0066997471037903815,-0.024197287863881253,2.1473191033975567e-24,-1.0709984330328128e-24,4.3263004078837964e-24,71035836.5832665,6.133657081472506e-05,-5.846442848516514e-05,-6.260901208304532e-05,0.5821769614891819,-0.5549159804434949,-0.5942543564498779,-11898463.577699166,1474583.0970785334,1789.3680005632707,-10422091.112620069,196036460129889.44,1529.268880907991,196036460106300.2,1529.2688810920092,196036460113713.8,1529.268881034176,196036460122475.8,1529.268880965824,196036460133917.6,1529.2688808765677,196036460102272.03,1529.2688811234325
0.0029149999999999654,0.0006201556088432186,-0.0006037917818824629,0.0006271860484157831,-0.01796275150220376,0.006662641108311622,-0.024096431367618874,2.138643410388271e-24,-1.0655378574696277e-24,4.3139156217950916e-24,71041648.32652994,6.134006780516545e-05,-5.847747829311533e-05,-6.260698342000716e-05,0.5821655478365482,-0.5549973191217199,-0.5941895746980721,-11899484.336784108,1474696.0792919984,1776.2749248515522,-10423011.982567256,196036460129840.75,1529.2688809083706,196036460106348.84,1529.2688810916297,196036460113738.06,1529.2688810339869,196036460122451.56,1529.2688809660135,196036460133851.66,1529.268880877082,196036460102337.97,1529.2688811229182
0.002919999999999965,0.0006200661655647404,-0.0006037586532609585,0.0006270660683959992,-0.017888655695647043,0.006625724300870781,-0.02399600395678038,2.130000516922998e-24,-1.0601024705488371e-24,4.301584091813592e-24,71047433.4989308,6.134354223372129e-05,-5.8490476725559355e-05,-6.260495583828873e-05,0.5821541420142664,-0.555078367734941,-0.5941250378568024,-11900500.594740849,1474808.5036704869,1763.2769435623231,-10423928.814126799,196036460129792.3,1529.2688809087485,196036460106397.28,1529.2688810912518,196036460113762.22,1529.2688810337984,196036460122427.4,1529.2688809662018,196036460133785.97,1529.2688808775943,196036460102403.66,1529.268881122406
0.002924999999999965,0.0006199770912680791,-0.0006037257082819146,0.000626946588377068,-0.017814859332260322,0.0065889958087778314,-0.023896003786245533,2.121390052686471e-24,-1.0546921173291183e-24,4.2893055255814316e-24,71053192.22246514,6.134699426380248e-05,-5.850342399396759e-05,-6.260292937342646e-05,0.5821427443349476,-0.5551591272815578,-0.594060744885702,-11901512.37095607,1474920.3733133844,1750.3733737697928,-10424841.624268917,196036460129744.1,1529.2688809091248,196036460106445.53,1529.2688810908753,196036460113786.22,1529.268881033611,196036460122403.38,1529.2688809663894,196036460133720.56,1529.2688808781045,196036460102469.06,1529.2688811218957
0.0029299999999999648,0.0006198883844616367,-0.0006036929460080911,0.0006268276062319628,-0.017741361288494968,0.006552454764710872,-0.023796429021023194,2.1128118370733133e-24,-1.04930699196331e-24,4.277079897123323e-24,71058924.62524316,6.135042404326577e-05,-5.8516320278038825e-05,-6.260090403803314e-05,0.5821313551857582,-0.5552395986687189,-0.5939966947549395,-11902519.685959447,1475031.6907572711,1737.563521183781,-10425750.431680994,196036460129696.03,1529.2688809094996,196036460106493.62,1529.2688810905001,196036460113810.12,1529.2688810334248,196036460122379.53,1529.2688809665751,196036460133655.47,1529.2688808786124,196036460102534.16,1529.268881121388
0.0029349999999999645,0.0006198000436594014,-0.0006036603655066179,0.0006267091198428276,-0.01766816044705965,0.006516100294621346,-0.02369727782702216,2.104265853677402e-24,-1.0439462408325333e-24,4.2649067272275155e-24,71064630.82299161,6.13538317086225e-05,-5.852916585042319e-05,-6.259887988268906e-05,0.5821199744725136,-0.5553197833275281,-0.5939328864149443,-11903522.558036005,1475142.459485684,1724.8466936217596,-10426655.2518567,196036460129648.16,1529.2688809098731,196036460106541.47,1529.268881090127,196036460113833.88,1529.2688810332395,196036460122355.72,1529.268880966761,196036460133590.66,1529.2688808791181,196036460102598.97,1529.2688811208823
0.0029399999999999643,0.0006197120673809452,-0.0006036279658488478,0.0006265911271008938,-0.01759525569123143,0.006479931554035323,-0.02359854838675407,2.0957523506839297e-24,-1.0386105432731845e-24,4.252786089252285e-24,71070310.95251578,6.13572174093871e-05,-5.854196089004766e-05,-6.259685694966265e-05,0.5821086024968398,-0.5553996820578879,-0.5938693190165435,-11904521.009334832,1475252.6822920812,1712.2222200628257,-10427556.104822688,196036460129600.5,1529.268880910245,196036460106589.12,1529.2688810897553,196036460113857.53,1529.2688810330549,196036460122332.1,1529.2688809669453,196036460133526.1,1529.2688808796215,196036460102663.56,1529.2688811203784
0.002944999999999964,0.0006196244541514668,-0.0006035957461104731,0.0006264736259064929,-0.017522645895688718,0.006443947674942472,-0.023500238880189,2.087270694397734e-24,-1.033299448631295e-24,4.2407176343905006e-24,71075965.12742049,6.136058130373381e-05,-5.85547056056677e-05,-6.259483525455917e-05,0.5820972396101497,-0.5554792959102894,-0.5938059914258638,-11905515.057811828,1475362.3620519885,1699.689414760856,-10428453.006345078,196036460129553.0,1529.2688809106153,196036460106636.62,1529.2688810893849,196036460113881.06,1529.2688810328711,196036460122308.6,1529.2688809671286,196036460133461.8,1529.268880880123,196036460102727.8,1529.2688811198773
0.002949999999999964,0.0006195372025016815,-0.0006035637053714483,0.0006263566141689959,-0.01745032995706503,0.006408147804945891,-0.02340234749938185,2.078821064347848e-24,-1.0280128949466092e-24,4.2287009832541164e-24,71081593.47195056,6.136392353552483e-05,-5.856740022496571e-05,-6.259281486389035e-05,0.5820858858485861,-0.555558625941865,-0.5937429028101755,-11906504.723360961,1475471.5020959603,1687.2476332037063,-10429345.973631797,196036460129505.72,1529.2688809109843,196036460106683.94,1529.2688810890158,196036460113904.5,1529.2688810326886,196036460122285.16,1529.2688809673116,196036460133397.78,1529.2688808806226,196036460102791.84,1529.2688811193777
0.0029549999999999637,0.0006194503109678526,-0.0006035318427159794,0.0006262400898067483,-0.01737830676577388,0.006372531093795365,-0.023304872449531843,2.070403399756362e-24,-1.0227510320273715e-24,4.216736249416358e-24,71087196.11278626,6.136724423309672e-05,-5.858004492398445e-05,-6.259079577370576e-05,0.5820745415398817,-0.5556376731370992,-0.5936800521172383,-11907490.02636115,1475580.104642331,1674.8961948980834,-10430235.025523921,196036460129458.62,1529.2688809113517,196036460106731.03,1529.2688810886484,196036460113927.78,1529.268881032507,196036460122261.88,1529.268880967493,196036460133334.03,1529.2688808811197,196036460102855.6,1529.2688811188805
0.0029599999999999635,0.000619363778091781,-0.0006035001572325491,0.0006261240507470888,-0.017306575214334523,0.006337096686050399,-0.023207811931903362,2.0620175654525335e-24,-1.0175134242837256e-24,4.204822901014179e-24,71092773.16577503,6.137054355290229e-05,-5.8592639949562584e-05,-6.258877805268499e-05,0.5820632067323432,-0.5557164386291825,-0.5936174384279489,-11908470.985226346,1475688.1732939032,1662.6344475454598,-10431120.177484898,196036460129411.7,1529.2688809117178,196036460106777.94,1529.2688810882823,196036460113950.94,1529.2688810323261,196036460122238.66,1529.2688809676742,196036460133270.56,1529.268880881615,196036460102919.06,1529.268881118385
0.0029649999999999633,0.0006192776024207812,-0.0006034686480138423,0.0006260084949262578,-0.01723513419994934,0.0063018437413620175,-0.02311116416618778,2.053663465077124e-24,-1.0123001874223114e-24,4.19296083205724e-24,71098324.75299415,6.137382159889551e-05,-5.860518545362182e-05,-6.258676168818671e-05,0.5820518817022874,-0.5557949233424625,-0.5935550607934977,-11909447.61954232,1475795.7098132698,1650.4617263482305,-10432001.4480027,196036460129365.0,1529.268880912082,196036460106824.62,1529.2688810879183,196036460113973.97,1529.2688810321465,196036460122215.66,1529.2688809678536,196036460133207.38,1529.2688808821079,196036460102982.25,1529.2688811178923
0.002969999999999963,0.0006191917825076654,-0.0006034373141567653,0.000625893420289379,-0.01716398262315921,0.006266771415372453,-0.02301492737574864,2.0453410208113217e-24,-1.0071112146594236e-24,4.181149946202438e-24,71103850.99742219,6.137707856381838e-05,-5.86176816967215e-05,-6.258474675731329e-05,0.5820405666549664,-0.5558731283582569,-0.5934929181861993,-11910419.949056465,1475902.7182782511,1638.3773903985148,-10432878.853387814,196036460129318.47,1529.268880912445,196036460106871.16,1529.2688810875552,196036460113996.9,1529.2688810319676,196036460122192.72,1529.2688809680326,196036460133144.44,1529.268880882599,196036460103045.2,1529.2688811174014
0.002974999999999963,0.0006191063169107293,-0.0006034061547624283,0.0006257788247904426,-0.017093119387201122,0.006231878867423586,-0.022919099787287404,2.0370502875221083e-24,-1.0019464432574908e-24,4.16939014386872e-24,71109352.02067736,6.13803145563713e-05,-5.863012886322656e-05,-6.258273326377219e-05,0.5820292617423911,-0.5559510547438679,-0.5934310096420544,-11911387.993305063,1476009.2008809603,1626.3807879823146,-10433752.411636122,196036460129272.16,1529.2688809128063,196036460106917.5,1529.2688810871937,196036460114019.75,1529.2688810317893,196036460122169.9,1529.2688809682104,196036460133081.78,1529.2688808830876,196036460103107.84,1529.2688811169126
0.0029799999999999627,0.0006190212041937622,-0.0006033751689361331,0.0006256647063922878,-0.017022543393411145,0.006197165259030909,-0.022823679630955638,2.0287906778942444e-24,-9.968055637566175e-25,4.1576807087939026e-24,71114827.93092042,6.13835297346258e-05,-5.8642527152951416e-05,-6.25807212589035e-05,0.5820179672222562,-0.5560287033654209,-0.5933693342802958,-11912351.76939057,1476115.160732839,1614.4712965109466,-10434622.137361221,196036460129225.97,1529.2688809131666,196036460106963.62,1529.2688810868337,196036460114042.44,1529.2688810316124,196036460122147.2,1529.2688809683877,196036460133019.38,1529.2688808835744,196036460103170.25,1529.2688811164257
0.0029849999999999625,0.0006189364429259449,-0.000603344355787321,0.0006255510630664792,-0.016952253563473563,0.006162629762431521,-0.022728665161720642,2.0205626605826538e-24,-9.91688771915325e-25,4.1460218426735615e-24,71120278.85775335,6.138672421694744e-05,-5.8654876771803276e-05,-6.257871076696544e-05,0.5820066831728542,-0.5561060753335513,-0.5933078911654953,-11913311.29834041,1476220.6004456347,1602.6482666197724,-10435488.049628157,196036460129180.0,1529.2688809135252,196036460107009.6,1529.2688810864752,196036460114065.03,1529.2688810314362,196036460122124.6,1529.268880968564,196036460132957.25,1529.2688808840592,196036460103232.38,1529.268881115941
0.0029899999999999623,0.0006188520316819308,-0.0006033137144296056,0.0006254378927933415,-0.016882248802835568,0.006128271543080234,-0.022634054627561743,2.012365750405148e-24,-9.865959588641337e-25,4.13441331278188e-24,71125704.91518627,6.138989815409465e-05,-5.866717790448839e-05,-6.257670180392184e-05,0.5819954099673128,-0.5561831715446593,-0.5932466792722092,-11914266.598360896,1476325.5226623937,1590.9110808215169,-10436350.16461768,196036460129134.25,1529.2688809138822,196036460107055.4,1529.2688810861177,196036460114087.47,1529.2688810312613,196036460122102.12,1529.2688809687393,196036460132895.4,1529.2688808845417,196036460103294.25,1529.2688811154585
0.002994999999999962,0.000618767969041762,-0.0006032832439807546,0.0006253251935619189,-0.016812528033754052,0.006094089770203772,-0.022539846284521332,2.004200280710171e-24,-9.815265994163253e-25,4.1228546490863894e-24,71131106.2181789,6.13930516552182e-05,-5.8679430798390543e-05,-6.257469442795833e-05,0.5819841473869057,-0.5562599932992187,-0.5931856977752324,-11915217.687860431,1476429.9305270102,1579.2590798108117,-10437208.49825361,196036460129088.62,1529.268880914238,196036460107100.97,1529.2688810857626,196036460114109.84,1529.2688810310865,196036460122079.78,1529.2688809689137,196036460132833.75,1529.2688808850226,196036460103355.84,1529.268881114978
0.002999999999999962,0.0006186842535909273,-0.0006032529435625985,0.0006252129633698943,-0.016743090166936668,0.006060083631224567,-0.02244603840492661,1.9960657768644717e-24,-9.764813602087075e-25,4.1113459451148326e-24,71136482.88980347,6.139618488868702e-05,-5.869163559190492e-05,-6.257268865013588e-05,0.5819728960724272,-0.5563365411478893,-0.5931249457076263,-11916164.586726788,1476533.8264272842,1567.691692826605,-10438063.068606678,196036460129043.22,1529.2688809145923,196036460107146.38,1529.2688810854083,196036460114132.06,1529.2688810309132,196036460122057.56,1529.268880969087,196036460132772.44,1529.268880885501,196036460103417.2,1529.2688811144994
0.0030049999999999617,0.0006186008839202796,-0.0006032228123011461,0.0006251012002236049,-0.016673934129535283,0.006026252290468641,-0.022352629257864416,1.987962385287061e-24,-9.714595790094255e-25,4.0998871383278064e-24,71141835.04462513,6.13992979721548e-05,-5.8703792536071184e-05,-6.257068449077678e-05,0.5819616559702573,-0.5564128165035346,-0.5930644219736673,-11917107.3133334,1476637.2132930814,1556.2082625257142,-10438913.891777793,196036460128998.0,1529.268880914945,196036460107191.6,1529.2688810850555,196036460114154.22,1529.2688810307404,196036460122035.44,1529.2688809692595,196036460132711.38,1529.268880885977,196036460103478.25,1529.268881114023
0.0030099999999999615,0.0006185178586260615,-0.0006031928493264701,0.000624989902138032,-0.016605058843628916,0.00599259493520581,-0.022259617114588334,1.9798899976045824e-24,-9.664614157194918e-25,4.088477436832677e-24,71147162.79574606,6.140239103814726e-05,-5.871590180532069e-05,-6.256868202287377e-05,0.581950427182386,-0.5564888200652784,-0.5930041259928912,-11918045.885801,1476740.0940173934,1544.8082096559858,-10439760.98357395,196036460128953.0,1529.268880915296,196036460107236.66,1529.268881084704,196036460114176.22,1529.2688810305688,196036460122013.4,1529.2688809694314,196036460132650.56,1529.2688808864516,196036460103539.1,1529.2688811135483
0.0030149999999999613,0.0006184351763098863,-0.0006031630537727342,0.000624879067136663,-0.016536463235051303,0.005959110747165934,-0.022167000273787995,1.9718481629901377e-24,-9.614865670874583e-25,4.077116846156767e-24,71152466.25424927,6.14054642304058e-05,-5.872796359777408e-05,-6.256668124475647e-05,0.5819392100522298,-0.5565645528845617,-0.5929440566159633,-11918980.3219077,1476842.4711504767,1533.4909077272628,-10440604.359849494,196036460128908.12,1529.2688809156462,196036460107281.5,1529.268881084354,196036460114198.12,1529.268881030398,196036460121991.5,1529.2688809696024,196036460132589.97,1529.2688808869243,196036460103599.66,1529.2688811130758
0.003019999999999961,0.0006183528355786599,-0.0006031334247781412,0.0006247686932514933,-0.016468146245255603,0.005925798918585377,-0.022074777033961525,1.96383724881954e-24,-9.565352268577625e-25,4.065805341977693e-24,71157745.54273285,6.140851765298481e-05,-5.87399780962196e-05,-6.256468217944845e-05,0.5819280046402833,-0.556640015955271,-0.5928842130236679,-11919910.641542632,1476944.3470061482,1522.2557586534797,-10441444.038777832,196036460128863.47,1529.2688809159945,196036460107326.16,1529.2688810840057,196036460114219.9,1529.2688810302282,196036460121969.75,1529.268880969772,196036460132529.66,1529.2688808873947,196036460103659.97,1529.2688811126054
0.003024999999999961,0.0006182708350446451,-0.0006031039614849663,0.0006246587785230211,-0.01640010680296682,0.0058926586349879965,-0.021982945694449734,1.9558569076011403e-24,-9.516069225795845e-25,4.05454275902034e-24,71163000.7701239,6.141155145695439e-05,-5.8751945530185215e-05,-6.256268485381385e-05,0.581916811145253,-0.5567152104188269,-0.592824594121112,-11920836.862123486,1477045.7246784058,1511.1021527743487,-10442280.035292307,196036460128818.97,1529.2688809163415,196036460107370.66,1529.2688810836587,196036460114241.56,1529.268881030059,196036460121948.06,1529.2688809699412,196036460132469.6,1529.2688808878631,196036460103720.0,1529.2688811121373
0.0030299999999999607,0.0006181891733254004,-0.000603074663039475,0.0006245493210002194,-0.0163323438489492,0.005859689098266264,-0.02189150456031958,1.9479071057990166e-24,-9.467022607883132e-25,4.043328791799716e-24,71168232.05651008,6.141456578583725e-05,-5.876386605179123e-05,-6.256068932067585e-05,0.581905629870872,-0.5567901368505778,-0.5927651992403894,-11921759.003120963,1477146.6068132734,1500.029529384832,-10443112.366778303,196036460128774.66,1529.2688809166873,196036460107414.97,1529.2688810833129,196036460114263.12,1529.268881029891,196036460121926.53,1529.268880970109,196036460132409.84,1529.2688808883292,196036460103779.8,1529.2688811116705
0.0030349999999999605,0.0006181078490437747,-0.0006030455285920285,0.0006244403187404833,-0.016264856325128883,0.00582688948929852,-0.02180045194722191,1.9399877597671294e-24,-9.418201569892924e-25,4.0321629592132304e-24,71173439.50240278,6.141756073067965e-05,-5.8775739903260214e-05,-6.255869559455446e-05,0.5818944606402302,-0.5568647966941098,-0.5927060273685797,-11922677.080464004,1477246.9960148404,1489.0372605359232,-10443941.047188628,196036460128730.53,1529.2688809170315,196036460107459.1,1529.2688810829688,196036460114284.56,1529.2688810297236,196036460121905.06,1529.2688809702765,196036460132350.28,1529.268880888794,196036460103839.34,1529.2688811112062
0.0030399999999999603,0.000618026860827893,-0.0006030165572968959,0.000624331769809546,-0.016197643176330035,0.005794259026536696,-0.021709786187475925,1.9320987563499123e-24,-9.3696144763307e-25,4.021045562559419e-24,71178623.23339137,6.142053645694366e-05,-5.878756723612627e-05,-6.255670369961562e-05,0.5818833039891996,-0.5569391905397006,-0.5926470775930609,-11923591.114662003,1477346.8948678144,1478.1247868148878,-10444766.095007373,196036460128686.56,1529.2688809173744,196036460107503.06,1529.2688810826257,196036460114305.9,1529.2688810295572,196036460121883.75,1529.2688809704428,196036460132291.0,1529.2688808892565,196036460103898.62,1529.2688811107437
0.00304499999999996,0.0006179462073111365,-0.0006029877483123986,0.0006242236722815311,-0.01613070335129722,0.005761796899452913,-0.021619505602961994,1.9242399998931237e-24,-9.321254357020915e-25,4.0099760999194255e-24,71183783.35278745,6.142349306727855e-05,-5.87993482686147e-05,-6.255471366138916e-05,0.5818721598504237,-0.5570133196003859,-0.5925883490069319,-11924501.122186221,1477446.3059776057,1467.291516782701,-10445587.524691833,196036460128642.8,1529.268880917716,196036460107546.84,1529.2688810822842,196036460114327.12,1529.2688810293917,196036460121862.5,1529.2688809706085,196036460132231.97,1529.268880889717,196036460103957.66,1529.2688811102832
0.00304999999999996,0.0006178658871321261,-0.0006029591008007903,0.0006241160242388664,-0.016064035802089056,0.005729502321668281,-0.021529608532950047,1.9164115669044304e-24,-9.273123570277453e-25,3.99895427407883e-24,71188919.97597383,6.142643069505909e-05,-5.881108318606017e-05,-6.255272553556676e-05,0.5818610283511463,-0.5570871846838122,-0.5925298408917568,-11925407.121728951,1477545.2321948444,1456.5368814443684,-10446405.352652662,196036460128599.2,1529.268880918056,196036460107590.44,1529.268881081944,196036460114348.25,1529.2688810292268,196036460121841.38,1529.2688809707734,196036460132173.16,1529.2688808901758,196036460104016.47,1529.2688811098244
0.0030549999999999597,0.0006177858989347355,-0.0006029306139282971,0.0006240088237722314,-0.015997639478113463,0.0056973744986332535,-0.02144009332700736,1.9086131501424555e-24,-9.225217837094678e-25,3.987980164774184e-24,71194033.21009599,6.142934945034221e-05,-5.882277217723395e-05,-6.255073929647913e-05,0.5818499097272923,-0.5571607869443584,-0.5924715520950227,-11926309.130497502,1477643.6755334567,1445.8602932717968,-10447219.594670774,196036460128555.78,1529.2688809183946,196036460107633.84,1529.2688810816055,196036460114369.28,1529.2688810290629,196036460121820.34,1529.2688809709375,196036460132114.62,1529.2688808906323,196036460104074.97,1529.268881109368
0.0030599999999999595,0.0006177062413680384,-0.000602902286865044,0.0006239020689805718,-0.015931513339423102,0.005665412650623404,-0.02135095833193864,1.9008447340364677e-24,-9.177541634031328e-25,3.9770533241298166e-24,71199123.16964078,6.143224947815056e-05,-5.883441541129097e-05,-6.254875501503866e-05,0.5818388041782713,-0.557234126997229,-0.5924134820056305,-11927207.167057341,1477741.6389412615,1435.2612068697222,-10448030.266909208,196036460128512.53,1529.268880918732,196036460107677.06,1529.2688810812683,196036460114390.16,1529.2688810288998,196036460121799.47,1529.2688809711003,196036460132056.34,1529.268880891087,196036460104133.25,1529.2688811089133
0.0030649999999999593,0.0006176269130863054,-0.000602874118785132,0.0006237957579710215,-0.0158656563466101,0.005633615982404744,-0.021262201910065774,1.8931062496922986e-24,-9.130091430968363e-25,3.966173806156931e-24,71204189.96446651,6.143513090387025e-05,-5.884601310303065e-05,-6.254677270210753e-05,0.5818277118360141,-0.5573072060020875,-0.5923556295653948,-11928101.249142237,1477839.1250652683,1424.7390522321452,-10448837.385024736,196036460128469.47,1529.268880919068,196036460107720.16,1529.268881080932,196036460114410.94,1529.2688810287377,196036460121778.66,1529.2688809712627,196036460131998.3,1529.2688808915398,196036460104191.3,1529.2688811084604
0.003069999999999959,0.0006175479127489921,-0.0006028461088665771,0.0006236898888589122,-0.015800067462653496,0.005601983710973793,-0.021173822421839364,1.8853975789608015e-24,-9.082862846848299e-25,3.955341086609921e-24,71209233.69668464,6.143799382345252e-05,-5.885756544218641e-05,-6.25447923803582e-05,0.5818166326860555,-0.5573800250066122,-0.5922979939637547,-11928991.393105295,1477936.136216461,1414.2932481519076,-10449640.963640684,196036460128426.6,1529.2688809194026,196036460107763.03,1529.2688810805978,196036460114431.66,1529.268881028576,196036460121757.97,1529.268880971424,196036460131940.5,1529.2688808919909,196036460104249.1,1529.2688811080097
0.003074999999999959,0.0006174692390207191,-0.0006028182562912345,0.0006235844597676829,-0.015734745654625754,0.005570515068505759,-0.021085818245873116,1.8777185557567543e-24,-9.035861819774162e-25,3.9445553614228e-24,71214254.48421608,6.144083838431631e-05,-5.8869072577387224e-05,-6.254281406376125e-05,0.581805567190593,-0.5574525846576641,-0.5922405742977446,-11929877.618183436,1478032.6747332683,1403.9232735707308,-10450441.020176597,196036460128383.9,1529.2688809197357,196036460107805.75,1529.2688810802645,196036460114452.22,1529.2688810284158,196036460121737.4,1529.2688809715844,196036460131882.97,1529.2688808924395,196036460104306.62,1529.268881107561
0.0030799999999999586,0.0006173908905712423,-0.0006027905602449015,0.0006234794688289129,-0.015669689895353545,0.005539209266602596,-0.02099818775399238,1.8700690276115484e-24,-8.989083691891324e-25,3.933816251726302e-24,71219252.43015742,6.144366471902859e-05,-5.888053473106982e-05,-6.254083779692254e-05,0.5817945153917483,-0.5575248860320804,-0.5921833696710814,-11930759.940939687,1478128.7436640258,1393.6285602342239,-10451237.568715427,196036460128341.3,1529.2688809200679,196036460107848.3,1529.2688810799323,196036460114472.7,1529.2688810282561,196036460121716.94,1529.268880971744,196036460131825.7,1529.2688808928863,196036460104363.94,1529.2688811071139
0.0030849999999999584,0.0006173128660754276,-0.0006027630199172366,0.0006233749141822571,-0.01560489916294601,0.005508065533003941,-0.020910929331148864,1.862449304737425e-24,-8.942524875427e-25,3.923123151319447e-24,71224227.63864174,6.144647288890408e-05,-5.889195208693117e-05,-6.253886361076873e-05,0.5817834770485985,-0.5575969302137329,-0.5921263794575146,-11931638.378140463,1478224.345062391,1383.4085610761147,-10452030.624516996,196036460128298.97,1529.2688809203983,196036460107890.66,1529.2688810796021,196036460114493.03,1529.2688810280974,196036460121696.56,1529.2688809719032,196036460131768.62,1529.2688808933315,196036460104421.0,1529.2688811066687
0.0030899999999999582,0.0006172351642133038,-0.0006027356345016971,0.0006232707939753406,-0.015540372424764602,0.00547708310787969,-0.020824041383296826,1.8548590403174697e-24,-8.896189888899133e-25,3.912476585241994e-24,71229180.22634096,6.14492630656126e-05,-5.8903324818063995e-05,-6.253689150791023e-05,0.5817724527360102,-0.5576687179652732,-0.5920696025303913,-11932512.948860122,1478319.4815643039,1373.2627265205522,-10452820.204569299,196036460128256.78,1529.2688809207273,196036460107932.84,1529.268881079273,196036460114513.3,1529.2688810279392,196036460121676.3,1529.268880972061,196036460131711.8,1529.2688808937746,196036460104477.8,1529.2688811062255
0.003094999999999958,0.0006171577836700029,-0.0006027084031956184,0.0006231671063638497,-0.01547610866018667,0.005446261215744806,-0.020737522298199907,1.8472981210007503e-24,-8.85007486729538e-25,3.901875734509738e-24,71234110.29146242,6.14520353501308e-05,-5.8914653111970605e-05,-6.253492154122225e-05,0.5817614423774807,-0.5577402502017534,-0.5920130382582455,-11933383.668816917,1478414.155760164,1363.1905317905478,-10453606.322524963,196036460128214.75,1529.2688809210551,196036460107974.88,1529.2688810789452,196036460114533.47,1529.2688810277818,196036460121656.16,1529.268880972218,196036460131655.22,1529.2688808942162,196036460104534.4,1529.268881105784
0.003099999999999958,0.0006170807231357403,-0.0006026813252001459,0.0006230638495113897,-0.01541210685251673,0.005415599094505037,-0.020651370491996408,1.839766285184808e-24,-8.804177077371406e-25,3.891320922109248e-24,71239017.94072428,6.145478986878985e-05,-5.89259371643312e-05,-6.253295369014376e-05,0.5817504462692821,-0.5578115280416039,-0.5919566854503645,-11934250.55529814,1478508.3699032743,1353.191428124712,-10454388.993966741,196036460128172.9,1529.2688809213817,196036460108016.72,1529.2688810786187,196036460114553.53,1529.2688810276254,196036460121636.1,1529.268880972375,196036460131598.9,1529.2688808946555,196036460104590.72,1529.2688811053447
0.0031049999999999576,0.0006170039813057697,-0.0006026543997201881,0.0006229610215895416,-0.015348365994122823,0.005385095991535778,-0.02056558436963439,1.8322637282547984e-24,-8.758501131035165e-25,3.880811570014937e-24,71243903.28406818,6.14575267234148e-05,-5.893717711682805e-05,-6.253098801364789e-05,0.5817394644603902,-0.5578825520762131,-0.5919005436543117,-11935113.6262076,1478602.1262859441,1343.264898400483,-10455168.235023255,196036460128131.22,1529.2688809217066,196036460108058.4,1529.2688810782936,196036460114573.47,1529.26888102747,196036460121616.16,1529.2688809725303,196036460131542.78,1529.2688808950932,196036460104646.8,1529.2688811049072
0.0031099999999999574,0.0006169275568804166,-0.0006026276259644969,0.0006228586207777611,-0.015284885070603643,0.00535475113823393,-0.020480162356088287,1.8247902804619346e-24,-8.71304221591691e-25,3.8703476729746406e-24,71248766.42420399,6.146024604297341e-05,-5.8948373191269e-05,-6.252902452901913e-05,0.5817284970592029,-0.5579533234648095,-0.591844611822913,-11935972.898133066,1478695.4277026823,1333.4104088358415,-10455944.060021548,196036460128089.72,1529.2688809220303,196036460108099.9,1529.2688810779698,196036460114593.3,1529.268881027315,196036460121596.3,1529.268880972685,196036460131486.94,1529.2688808955288,196036460104702.7,1529.2688811044713
0.003114999999999957,0.0006168514485650494,-0.0006026010031455835,0.0006227566452633786,-0.01522166307343903,0.00532456378266941,-0.020395102876514495,1.8173457892312295e-24,-8.667801162849616e-25,3.859928906928652e-24,71253607.46537192,6.146294794229561e-05,-5.8959525547653406e-05,-6.252706326413723e-05,0.5817175442405533,-0.5580238429723471,-0.5917888892139773,-11936828.387970243,1478788.276439167,1323.6274358987046,-10456716.484095177,196036460128048.38,1529.268880922353,196036460108141.25,1529.2688810776474,196036460114613.06,1529.268881027161,196036460121576.6,1529.2688809728388,196036460131431.3,1529.2688808959629,196036460104758.3,1529.2688811040373
0.003119999999999957,0.0006167756550700524,-0.0006025745304797334,0.000622655093241542,-0.015158698999394964,0.005294533170033619,-0.020310404367296843,1.8099300207313265e-24,-8.622776285670049e-25,3.849555420309998e-24,71258426.51212078,6.146563253787998e-05,-5.8970634362766275e-05,-6.25251042051928e-05,0.5817066062736258,-0.5580941115968674,-0.5917333747715469,-11937680.112677798,1478880.6745814842,1313.9154611402093,-10457485.522635171,196036460128007.2,1529.268880922674,196036460108182.44,1529.268881077326,196036460114632.7,1529.2688810270079,196036460121556.97,1529.2688809729918,196036460131375.94,1529.2688808963946,196036460104813.7,1529.2688811036055
0.003124999999999957,0.0006167001751107858,-0.0006025482071869766,0.0006225539629152436,-0.015095991853338785,0.005264658551359866,-0.02022606525967652,1.802543116835913e-24,-8.577964101215791e-25,3.839226354366637e-24,71263223.66208433,6.1468299931414e-05,-5.8981699843887686e-05,-6.25231474325683e-05,0.5816956829339458,-0.5581641302846752,-0.5916780679724088,-11938528.087974917,1478972.625114545,1304.2739710015967,-10458251.188889371,196036460127966.2,1529.2688809229942,196036460108223.44,1529.2688810770062,196036460114652.22,1529.2688810268555,196036460121537.4,1529.2688809731446,196036460131320.78,1529.268880896825,196036460104868.84,1529.268881103175
0.0031299999999999566,0.0006166250074076097,-0.0006025220324910279,0.0006224532524951704,-0.015033540635222453,0.005234939189749285,-0.02014208401464719,1.795185062124637e-24,-8.533368579806969e-25,3.828942077359769e-24,71267999.02778643,6.147095023362537e-05,-5.899272213413193e-05,-6.252119293063605e-05,0.5816847745632383,-0.5582338998347462,-0.5916229678744777,-11939372.33231692,1479064.129801523,1294.70245302863,-10459013.500062369,196036460127925.38,1529.2688809233123,196036460108264.28,1529.2688810766874,196036460114671.62,1529.268881026704,196036460121517.97,1529.2688809732963,196036460131265.84,1529.2688808972537,196036460104923.75,1529.2688811027467
0.0031349999999999564,0.000616550150685882,-0.0006024960056193551,0.0006223529601997682,-0.014971344345532184,0.005205374334547372,-0.020058459080443677,1.7878555164506815e-24,-8.488983996063274e-25,3.818702328108646e-24,71272752.70465069,6.147358357139306e-05,-5.900370144701748e-05,-6.251924072192705e-05,0.5816738812633538,-0.5583034213343335,-0.5915680734982267,-11940212.861052677,1479155.1914041876,1285.2003816021129,-10459772.46926689,196036460127884.66,1529.26888092363,196036460108304.94,1529.2688810763705,196036460114691.0,1529.268881026553,196036460121498.62,1529.2688809734473,196036460131211.2,1529.2688808976802,196036460104978.44,1529.2688811023202
0.003139999999999956,0.0006164756036758992,-0.0006024701258030804,0.0006222530842551964,-0.014909401996538979,0.005175963254935873,-0.01997518891434971,1.7805545499952606e-24,-8.444816008444863e-25,3.8085067692017565e-24,71277484.80079558,6.147620004724178e-05,-5.901463790605693e-05,-6.251729084208548e-05,0.5816630032171964,-0.5583726953167886,-0.5915133843058977,-11941049.691861894,1479245.8118923772,1275.767288520278,-10460528.112680996,196036460127844.2,1529.2688809239457,196036460108345.44,1529.2688810760544,196036460114710.22,1529.268881026403,196036460121479.4,1529.268880973597,196036460131156.72,1529.268880898105,196036460105032.9,1529.2688811018952
0.003144999999999956,0.0006164013651129088,-0.000602444392277078,0.0006221536228952697,-0.014847712598082331,0.0051467052004921365,-0.019892271985339043,1.7732819067579166e-24,-8.400858268888606e-25,3.798355234163793e-24,71282195.41133848,6.147879977562704e-05,-5.9025531723197026e-05,-6.251534330265226e-05,0.5816521404887722,-0.5584417229286307,-0.5914588992967577,-11941882.840072218,1479335.9938255132,1266.4026466340893,-10461280.443600072,196036460127803.84,1529.2688809242604,196036460108385.78,1529.2688810757397,196036460114729.34,1529.268881026254,196036460121460.28,1529.2688809737463,196036460131102.5,1529.268880898528,196036460105087.12,1529.2688811014723
0.003149999999999956,0.0006163274337370644,-0.000602418804279864,0.000622054574361429,-0.014786275168871163,0.005117599442787118,-0.01980970676815316,1.766037498888898e-24,-8.357112567906328e-25,3.7882477786890165e-24,71286884.64178997,6.148138287393548e-05,-5.903638305834096e-05,-6.251339811193768e-05,0.5816412933305105,-0.558510504977047,-0.5914046176037983,-11942712.32292025,1479425.73935451,1257.1059684028642,-10462029.477597337,196036460127763.66,1529.268880924574,196036460108425.97,1529.2688810754262,196036460114748.38,1529.2688810261056,196036460121441.28,1529.2688809738945,196036460131048.53,1529.268880898949,196036460105141.1,1529.2688811010512
0.0031549999999999556,0.0006162538082934111,-0.0006023933610536281,0.000621955936902751,-0.014725088730658063,0.005088645247188336,-0.01972749173560395,1.758821602577067e-24,-8.31357571378065e-25,3.778183872995073e-24,71291552.59115905,6.148394942962558e-05,-5.9047192114057436e-05,-6.251145532484384e-05,0.5816304615244163,-0.5585790424918909,-0.5913505386111835,-11943538.156475771,1479515.0511068176,1247.8767534981096,-10462775.228615455,196036460127723.66,1529.268880924886,196036460108465.97,1529.268881075114,196036460114767.3,1529.2688810259579,196036460121422.34,1529.2688809740423,196036460130994.75,1529.2688808993685,196036460105194.88,1529.2688811006317
0.0031599999999999554,0.000616180487531933,-0.0006023680618441775,0.0006218577087758568,-0.014664152295626724,0.005059841890121387,-0.019645625378858233,1.7516337147829316e-24,-8.270245557411827e-25,3.768163484983887e-24,71296199.35511445,6.148649955615259e-05,-5.905795904869451e-05,-6.25095149240677e-05,0.5816196453857783,-0.5586473363594234,-0.591296661312951,-11944360.35621348,1479603.9309792265,1238.7145045811546,-10463517.710729674,196036460127683.8,1529.2688809251968,196036460108505.8,1529.2688810748034,196036460114786.16,1529.2688810258107,196036460121403.47,1529.2688809741894,196036460130941.22,1529.2688808997862,196036460105248.38,1529.2688811002145
0.003164999999999955,0.0006161074702074661,-0.0006023429059009003,0.0006217598882449057,-0.014603464893389241,0.005031188655457677,-0.019564106190194903,1.7444738740935187e-24,-8.227126957160696e-25,3.758186424133099e-24,71300825.04029433,6.148903338451048e-05,-5.906868401864484e-05,-6.250757696226502e-05,0.5816088451177174,-0.5587153871792954,-0.5912429850830581,-11945178.939621871,1479692.3815759753,1229.6187681599463,-10464256.939277738,196036460127644.12,1529.2688809255064,196036460108545.5,1529.2688810744937,196036460114804.88,1529.2688810256648,196036460121384.72,1529.2688809743358,196036460130887.94,1529.2688809002018,196036460105301.72,1529.2688810997984
0.003169999999999955,0.000616034755079705,-0.000602317892476849,0.0006216624735815632,-0.014543025552220808,0.005002684810236249,-0.01948293266849373,1.7373418921928312e-24,-8.18421742503707e-25,3.748252537872095e-24,71305429.74337623,6.149155101332825e-05,-5.90793671908969e-05,-6.250564144043698e-05,0.5815980608559315,-0.5587831958796026,-0.5911895090503536,-11945993.92239945,1479780.404894131,1220.589038481463,-10464992.928466836,196036460127604.6,1529.268880925815,196036460108585.03,1529.2688810741852,196036460114823.5,1529.2688810255195,196036460121366.1,1529.268880974481,196036460130834.84,1529.2688809006158,196036460105354.78,1529.2688810993843
0.0031749999999999548,0.0006159623409131705,-0.0006022930208286984,0.0006215654630649737,-0.014482833306921052,0.004974329630116083,-0.019402103317920468,1.730238134759294e-24,-8.141510835183998e-25,3.738361545657757e-24,71310013.56102027,6.149405250463336e-05,-5.9090008777088206e-05,-6.250370837894088e-05,0.5815872923065072,-0.5588507637294698,-0.59113623244272,-11946805.320243344,1479868.0031432335,1211.6248270930585,-10465725.692273019,196036460127565.25,1529.2688809261217,196036460108624.38,1529.2688810738784,196036460114842.06,1529.2688810253746,196036460121347.56,1529.2688809746257,196036460130782.0,1529.268880901028,196036460105407.62,1529.268881098972
0.0031799999999999546,0.0006158902264772724,-0.0006022682902166385,0.0006214688549817119,-0.014422887179620241,0.004946122411979905,-0.019321616652360617,1.723161822559178e-24,-8.09901233871408e-25,3.7285133185683355e-24,71314576.59157716,6.149653802858784e-05,-5.910060890469756e-05,-6.250177780332347e-05,0.5815765400938229,-0.5589180911005742,-0.59108315443175,-11947613.149183884,1479955.1787987605,1202.725677748838,-10466455.244707376,196036460127526.03,1529.2688809264278,196036460108663.56,1529.2688810735726,196036460114860.5,1529.2688810252307,196036460121329.12,1529.2688809747694,196036460130729.38,1529.2688809014387,196036460105460.25,1529.2688810985617
0.0031849999999999544,0.0006158184105461751,-0.0006022436999044642,0.000621372647625761,-0.014363186219446107,0.00491806243486381,-0.019241471190166316,1.7161133854541325e-24,-8.056719489880706e-25,3.718707632247652e-24,71319118.93544443,6.149900765492711e-05,-5.9111167762704936e-05,-6.249984974136597e-05,0.5815658040171003,-0.5589851790649669,-0.5910302743376608,-11948417.425633052,1480041.9340191523,1193.8911215416806,-10467181.600492358,196036460127487.0,1529.2688809267322,196036460108702.62,1529.268881073268,196036460114878.84,1529.2688810250877,196036460121310.78,1529.2688809749127,196036460130676.97,1529.2688809018475,196036460105512.66,1529.2688810981526
0.003189999999999954,0.000615746891898872,-0.0006022192491595328,0.0006212768392984736,-0.014303729460633326,0.004890148986277467,-0.019161665457462798,1.7090925809234555e-24,-8.01463120533317e-25,3.708944355939879e-24,71323640.68860398,6.150146149278587e-05,-5.9121685515073274e-05,-6.249792420221277e-05,0.5815550842593259,-0.559052028467728,-0.5909775913164957,-11949218.165222885,1480128.2709346763,1185.1206744996814,-10467904.77361371,196036460127448.12,1529.2688809270355,196036460108741.5,1529.2688810729646,196036460114897.12,1529.2688810249451,196036460121292.53,1529.2688809750548,196036460130624.75,1529.2688809022548,196036460105564.88,1529.2688810977454
0.003194999999999954,0.0006156756693191429,-0.0006021949372527454,0.0006211814283085491,-0.014244515945818981,0.0048623813574839424,-0.01908219798490548,1.702099259041185e-24,-7.972744848613901e-25,3.6992232549692974e-24,71328141.94479923,6.150389963845154e-05,-5.913216233361792e-05,-6.249600119724191e-05,0.5815443808913592,-0.5591186402361422,-0.5909251045557071,-11950015.383179413,1480214.1916519203,1176.4138785660448,-10468624.777648928,196036460127409.4,1529.2688809273375,196036460108780.22,1529.2688810726627,196036460114915.28,1529.2688810248035,196036460121274.38,1529.2688809751965,196036460130572.78,1529.2688809026602,196036460105616.84,1529.26888109734
0.0031999999999999537,0.0006156047415955286,-0.0006021707634585009,0.0006210864129719926,-0.014185544722834526,0.0048347588488806175,-0.019003067311280385,1.6951332188558336e-24,-7.931060181845124e-25,3.689544317008606e-24,71332622.80118823,6.150632220879945e-05,-5.9142598386286245e-05,-6.249408073633312e-05,0.5815336941293294,-0.5591850152123683,-0.5908728131791466,-11950809.09537547,1480299.6984033699,1167.7702654775558,-10469341.626706624,196036460127370.84,1529.2688809276383,196036460108818.78,1529.2688810723619,196036460114933.34,1529.2688810246625,196036460121256.3,1529.2688809753374,196036460130521.06,1529.2688809030637,196036460105668.56,1529.2688810969366
0.0032049999999999535,0.0006155341075212963,-0.0006021467270546925,0.0006209917916121136,-0.014126814846473603,0.004807280761689028,-0.018924271975800645,1.688194629788595e-24,-7.889579732847705e-25,3.679907138109736e-24,71337083.35714963,6.15087292920385e-05,-5.915299381677343e-05,-6.249216286089918e-05,0.5815230239817993,-0.5592511540692687,-0.5908207166740641,-11951599.318101356,1480384.7932600805,1159.1893989018918,-10470055.335442375,196036460127332.47,1529.2688809279375,196036460108857.2,1529.2688810720622,196036460114951.28,1529.2688810245227,196036460121238.34,1529.2688809754775,196036460130469.53,1529.2688809034655,196036460105720.1,1529.2688810965346
0.0032099999999999533,0.000615463765894468,-0.0006021228273227506,0.0006208975625594552,-0.014068325365660066,0.00477994638837278,-0.018845810531674636,1.6812831240696167e-24,-7.848296928953274e-25,3.6703116196315896e-24,71341523.70133436,6.151112102127152e-05,-5.9163348849535836e-05,-6.24902475937198e-05,0.5815123705501907,-0.5593170579232976,-0.5907688140153681,-11952386.065705815,1480469.4791374381,1150.6707938237855,-10470765.915774552,196036460127294.2,1529.2688809282365,196036460108895.44,1529.2688810717639,196036460114969.2,1529.2688810243828,196036460121220.44,1529.2688809756173,196036460130418.22,1529.268880903866,196036460105771.4,1529.2688810961342
0.003214999999999953,0.0006153937155177577,-0.0006020990635475298,0.0006208037241517776,-0.014010075342059584,0.004752755044167258,-0.018767681535528272,1.6743990562513876e-24,-7.807216720701313e-25,3.660757535903918e-24,71345943.93630822,6.151349743652508e-05,-5.917366357665055e-05,-6.248833493053937e-05,0.5815017338480788,-0.5593827274001446,-0.5907171047278499,-11953169.355093274,1480553.7569344866,1142.2140215510024,-10471473.384137236,196036460127256.12,1529.2688809285332,196036460108933.5,1529.268881071467,196036460114986.97,1529.2688810242441,196036460121202.7,1529.2688809757558,196036460130367.12,1529.2688809042645,196036460105822.5,1529.2688810957357
0.003219999999999953,0.0006153239551986324,-0.000602075435017394,0.0006207102747340185,-0.013952063825053939,0.004725706027156123,-0.01868988355180608,1.667541657042575e-24,-7.766334934794045e-25,3.651244817536357e-24,71350344.14870712,6.151585869205944e-05,-5.918393818857811e-05,-6.248642488149033e-05,0.5814911142542368,-0.5594481633672211,-0.5906655877469154,-11953949.200266361,1480637.6293700177,1133.8186320585517,-10472177.752264285,196036460127218.16,1529.2688809288293,196036460108971.44,1529.268881071171,196036460115004.62,1529.2688810241066,196036460121184.97,1529.2688809758938,196036460130316.28,1529.268880904661,196036460105873.38,1529.2688810953389
0.0032249999999999527,0.000615254483749179,-0.0006020519410241446,0.0006206172126582818,-0.013894289890677914,0.004698798649881915,-0.0186124151473567,1.660711402958849e-24,-7.725650059388485e-25,3.641773230724686e-24,71354724.4367437,6.151820487335566e-05,-5.9194172887624386e-05,-6.248451749791754e-05,0.5814805115465579,-0.5595133668501936,-0.5906142624484394,-11954725.617369466,1480721.0990375066,1125.4841616974884,-10472879.03417026,196036460127180.38,1529.2688809291242,196036460109009.22,1529.2688810708764,196036460115022.25,1529.268881023969,196036460121167.38,1529.2688809760314,196036460130265.6,1529.2688809050564,196036460105924.03,1529.2688810949437
0.0032299999999999525,0.0006151852999861868,-0.000602028580862994,0.0006205245362837961,-0.013836752598456846,0.004672032230125131,-0.018535274897129184,1.6539079865137245e-24,-7.685166196168963e-25,3.63234266916878e-24,71359084.89653814,6.152053607314375e-05,-5.920436777032975e-05,-6.248261276813502e-05,0.5814699260779004,-0.5595783383612394,-0.5905631281275824,-11955498.622171884,1480804.1672410571,1117.210191978801,-10473577.244738849,196036460127142.75,1529.2688809294175,196036460109046.88,1529.2688810705827,196036460115039.75,1529.2688810238326,196036460121149.88,1529.2688809761676,196036460130215.16,1529.26888090545,196036460105974.47,1529.2688810945504
0.0032349999999999523,0.000615116402731094,-0.0006020053538326368,0.0006204322439768974,-0.013779451018569302,0.0046454060714555025,-0.01845846137975548,1.6471312892924077e-24,-7.6448759036881145e-25,3.622952869125616e-24,71363425.614201,6.15228523919529e-05,-5.921452305518333e-05,-6.248071071620785e-05,0.5814593577585362,-0.559643079067453,-0.5905121838937204,-11956268.228625253,1480886.836599668,1108.996266897008,-10474272.395758687,196036460127105.28,1529.2688809297101,196036460109084.3,1529.2688810702905,196036460115057.16,1529.2688810236966,196036460121132.47,1529.2688809763035,196036460130164.94,1529.2688809058418,196036460106024.7,1529.2688810941586
0.003239999999999952,0.0006150477908099675,-0.0006019822592351206,0.0006203403341109823,-0.013722384225296475,0.004618919503224526,-0.01838197318300523,1.6403814541948263e-24,-7.60478455371015e-25,3.61360358177632e-24,71367746.6893767,6.152515391694735e-05,-5.92246388596258e-05,-6.247881137267332e-05,0.5814488067046173,-0.5597075894995164,-0.5904614292554743,-11957034.453174496,1480969.1088865607,1100.8419750454627,-10474964.50231289,196036460127067.97,1529.268880930001,196036460109121.66,1529.2688810699992,196036460115074.47,1529.2688810235618,196036460121115.16,1529.2688809764386,196036460130114.9,1529.268880906232,196036460106074.72,1529.2688810937682
0.003244999999999952,0.0006149794630535277,-0.0006019592963759397,0.000620248805066466,-0.013665551287968612,0.004592571836172593,-0.018305808903268682,1.6336581384321973e-24,-7.564885124110939e-25,3.604294922860681e-24,71372048.20864175,6.152744075526008e-05,-5.923471538858862e-05,-6.247691472263682e-05,0.5814382730352697,-0.5597718708352457,-0.590410863104137,-11957797.309889674,1481050.9863481885,1092.7468503305668,-10475653.576691154,196036460127030.8,1529.2688809302908,196036460109158.8,1529.2688810697093,196036460115091.7,1529.2688810234272,196036460121097.9,1529.2688809765732,196036460130065.12,1529.2688809066203,196036460106124.5,1529.2688810933798
0.0032499999999999517,0.0006149114182970887,-0.0006019364645639129,0.0006201576552308013,-0.013608951287792286,0.0045663624053690665,-0.01822996713292616,1.6269614324582394e-24,-7.525183413180663e-25,3.595026229170297e-24,71376330.26725097,6.152971299575914e-05,-5.924475275141966e-05,-6.247502082671652e-05,0.5814277568040656,-0.5598359234512211,-0.5903604851540377,-11958556.81444243,1481132.4709584948,1084.7104971529486,-10476339.632986782,196036460126993.8,1529.2688809305796,196036460109195.8,1529.2688810694208,196036460115108.84,1529.2688810232935,196036460121080.8,1529.2688809767064,196036460130015.53,1529.2688809070073,196036460106174.12,1529.2688810929926
0.0032549999999999515,0.0006148436553805745,-0.0006019137631112839,0.0006200668829983647,-0.01355258330284019,0.004540290525794453,-0.018154446487335607,1.6202908707364866e-24,-7.4856723542272285e-25,3.585797775314345e-24,71380592.95081599,6.153197075041694e-05,-5.9254751146921774e-05,-6.247312965366002e-05,0.5814172582317159,-0.5598997485191457,-0.5903102942000178,-11959312.980746815,1481213.5648219786,1076.73246947557,-10477022.683455361,196036460126956.94,1529.268880930867,196036460109232.7,1529.268881069133,196036460115125.88,1529.2688810231607,196036460121063.75,1529.2688809768397,196036460129966.12,1529.2688809073927,196036460106223.5,1529.2688810926077
0.0032599999999999513,0.0006147761731484379,-0.0006018911913335994,0.000619976486770503,-0.013496446427314079,0.004514355536912642,-0.018079245572340818,1.6136468697298923e-24,-7.446352797308904e-25,3.576609229869132e-24,71384836.35453525,6.153421408060338e-05,-5.9264710728921104e-05,-6.247124123682112e-05,0.5814067771508911,-0.5599633468714968,-0.5902602897396079,-11960065.824493175,1481294.2698137397,1068.8123457749905,-10477702.74233366,196036460126920.25,1529.2688809311533,196036460109269.38,1529.268881068847,196036460115142.84,1529.2688810230284,196036460121046.75,1529.2688809769722,196036460129916.97,1529.268880907776,196036460106272.66,1529.268881092224
0.003264999999999951,0.000614708970449733,-0.0006018687485497232,0.0006198864649554766,-0.013440539740986857,0.0044885567752423975,-0.018004363005268146,1.6070290136432802e-24,-7.407227744625809e-25,3.567460528428823e-24,71389060.57100984,6.15364431262344e-05,-5.927463164151316e-05,-6.246935560310278e-05,0.5813963139361612,-0.5600267190549973,-0.5902104710066907,-11960815.360912912,1481374.5883192876,1060.9497116526013,-10478379.822881972,196036460126883.7,1529.2688809314386,196036460109305.94,1529.2688810685615,196036460115159.72,1529.2688810228965,196036460121029.9,1529.2688809771037,196036460129868.0,1529.268880908158,196036460106321.62,1529.268881091842
0.003269999999999951,0.0006146420461380428,-0.0006018464340818887,0.0006197968159684482,-0.013384862338037143,0.004462893566901008,-0.017929797405675362,1.6004372493740956e-24,-7.368294173473838e-25,3.558351162595824e-24,71393265.68495163,6.153865795108662e-05,-5.9284514031219835e-05,-6.2467472767026e-05,0.5813858685183009,-0.560089865903836,-0.5901608373986232,-11961561.603797711,1481454.5220220787,1053.1441609975682,-10479053.937614635,196036460126847.28,1529.2688809317226,196036460109342.38,1529.2688810682773,196036460115176.5,1529.2688810227658,196036460121013.12,1529.2688809772344,196036460129819.22,1529.2688809085387,196036460106370.38,1529.2688810914617
0.0032749999999999507,0.0006145753990714704,-0.0006018242472556462,0.0006197075382313945,-0.013329413314483347,0.004437365248478276,-0.017855547410734262,1.5938716338819268e-24,-7.329549220585673e-25,3.549281364102344e-24,71397451.78866114,6.154085864630042e-05,-5.929435808429106e-05,-6.246559272277506e-05,0.5813754409426664,-0.5601527884879357,-0.5901113879751094,-11962304.568346731,1481534.0729725596,1045.3952629597727,-10479725.100111213,196036460126811.03,1529.2688809320055,196036460109378.62,1529.2688810679945,196036460115193.2,1529.2688810226355,196036460120996.44,1529.2688809773647,196036460129770.7,1529.2688809089173,196036460106418.94,1529.268881091083
0.0032799999999999505,0.0006145090281126486,-0.0006018021873998138,0.0006196186301731466,-0.01327419176437046,0.004411971166484128,-0.017781611649588015,1.5873319276691081e-24,-7.290993201403879e-25,3.5402504739514835e-24,71401618.96640079,6.15430453036193e-05,-5.930416393372174e-05,-6.246371551124493e-05,0.5813650312705431,-0.5602154873830067,-0.5900621222481756,-11963044.268302757,1481613.2431952974,1037.7026195488124,-10480393.322487911,196036460126774.9,1529.2688809322872,196036460109414.72,1529.268881067713,196036460115209.78,1529.268881022506,196036460120979.8,1529.2688809774943,196036460129722.3,1529.2688809092947,196036460106467.28,1529.2688810907057
0.0032849999999999503,0.0006144429321286983,-0.0006017802538464821,0.0006195300902292755,-0.013219196790041141,0.004386710666335602,-0.017707988774211505,1.5808181397060905e-24,-7.252627176017973e-25,3.53125896997465e-24,71405767.3151632,6.15452180300118e-05,-5.9313931743214314e-05,-6.24618411194786e-05,0.5813546397382294,-0.5602779634840084,-0.5900130392534096,-11963780.719752342,1481692.0346355254,1030.065814835503,-10481058.619301982,196036460126738.94,1529.2688809325678,196036460109450.7,1529.2688810674324,196036460115226.3,1529.2688810223772,196036460120963.3,1529.268880977623,196036460129674.2,1529.26888090967,196036460106515.44,1529.26888109033
0.00328999999999995,0.0006143771099912307,-0.0006017584459310333,0.0006194419168421754,-0.013164427493527262,0.0043615830897769355,-0.01763467742002459,1.5743301053327815e-24,-7.214446330800768e-25,3.5223063388583655e-24,71409896.91573623,6.154737690806601e-05,-5.932366168676101e-05,-6.245996957328644e-05,0.5813442662719844,-0.5603402177053267,-0.5899641383123513,-11964513.935826555,1481770.4494418444,1022.4844392513291,-10481721.001945456,196036460126703.12,1529.2688809328472,196036460109486.5,1529.268881067153,196036460115242.75,1529.2688810222487,196036460120946.88,1529.2688809777515,196036460129626.25,1529.2688809100441,196036460106563.38,1529.2688810899563
0.00329499999999995,0.0006143115605763179,-0.0006017367629920572,0.0006193541084609743,-0.013109882982565534,0.004336587795229736,-0.01756167624023147,1.567867825583846e-24,-7.176454814670184e-25,3.51339220482353e-24,71414007.8589716,6.154952201306497e-05,-5.9333353867456634e-05,-6.245810089530176e-05,0.5813339109805907,-0.5604022505331933,-0.5899154189723663,-11965243.931513768,1481848.4891219805,1014.9581138022612,-10482380.484277984,196036460126667.47,1529.2688809331253,196036460109522.16,1529.2688810668749,196036460115259.1,1529.2688810221214,196036460120930.53,1529.2688809778788,196036460129578.5,1529.2688809104166,196036460106611.1,1529.2688810895838
0.0032999999999999497,0.0006142462827644936,-0.0006017152043714235,0.000619266663541469,-0.01305556236485682,0.004311724126741202,-0.017488983901055657,1.5614309513363453e-24,-7.138648518720087e-25,3.5045167222733855e-24,71418100.22978918,6.155165346353195e-05,-5.934300847364227e-05,-6.245623508284425e-05,0.5813235740626712,-0.5604640629510975,-0.5898668802190459,-11965970.720728634,1481926.1559958167,1007.4864237387729,-10483037.078309078,196036460126631.94,1529.2688809334024,196036460109557.7,1529.2688810665977,196036460115275.34,1529.2688810219947,196036460120914.25,1529.2688809780057,196036460129530.97,1529.2688809107874,196036460106658.62,1529.2688810892132
0.0033049999999999495,0.0006141812754406926,-0.0006016937694142106,0.0006191795805461521,-0.013001464760197761,0.004286991442594318,-0.01741659906337118,1.5550198343638175e-24,-7.101028864209619e-25,3.495679653940791e-24,71422174.12054178,6.15537713256158e-05,-5.9352625651805324e-05,-6.245437216607597e-05,0.5813132554114897,-0.5605256557287844,-0.5898185215409163,-11966694.318762865,1482003.4519008512,1000.0689781922739,-10483690.797883822,196036460126596.56,1529.2688809336785,196036460109593.06,1529.268881066322,196036460115291.5,1529.2688810218685,196036460120898.12,1529.2688809781316,196036460129483.66,1529.2688809111564,196036460106705.97,1529.2688810888437
0.0033099999999999493,0.0006141165374943116,-0.0006016724574687298,0.0006190928579441708,-0.012947589276197389,0.00426238909614795,-0.017344520396272472,1.548634087353621e-24,-7.063591180885185e-25,3.486880715659131e-24,71426229.61033356,6.155587569655344e-05,-5.936220557207333e-05,-6.245251215406709e-05,0.5813029551100258,-0.5605870297581872,-0.589770342122461,-11967414.73848997,1482080.3789396512,992.7053792101833,-10484341.65417111,196036460126561.34,1529.2688809339531,196036460109628.28,1529.268881066047,196036460115307.6,1529.268881021743,196036460120882.0,1529.2688809782576,196036460129436.5,1529.2688809115243,196036460106753.12,1529.268881088476
0.003314999999999949,0.0006140520678191421,-0.0006016512678864452,0.0006190064942112773,-0.012893935033883632,0.004237916456941605,-0.01727274657869924,1.5422735950623685e-24,-7.026340343535214e-25,3.478120090231539e-24,71430266.7930929,6.155796667600788e-05,-5.93717483462546e-05,-6.245065504054652e-05,0.5812926734852901,-0.5606481855928702,-0.5897223412282652,-11968131.995520474,1482156.9386511524,985.3952384287949,-10484989.661630893,196036460126526.25,1529.2688809342271,196036460109663.38,1529.2688810657733,196036460115323.62,1529.268881021618,196036460120866.03,1529.268880978382,196036460129389.6,1529.2688809118902,196036460106800.03,1529.26888108811
0.003319999999999949,0.0006139878653133508,-0.000601630200022057,0.000618920487829861,-0.012840501158277168,0.004213572877625513,-0.017201276283257773,1.5359384258947435e-24,-6.989270143292071e-25,3.469397090309179e-24,71434285.74626726,6.156004432409421e-05,-5.9381254155307016e-05,-6.244880086473989e-05,0.5812824102566938,-0.5607091242127701,-0.5896745183155848,-11968846.102445753,1482233.1331714091,978.1381744640213,-10485634.831099883,196036460126491.3,1529.2688809344995,196036460109698.3,1529.2688810655006,196036460115339.53,1529.2688810214938,196036460120850.1,1529.2688809785063,196036460129342.84,1529.2688809122549,196036460106846.75,1529.2688810877455
0.0033249999999999487,0.0006139239288794906,-0.0006016092532333952,0.0006188348372888292,-0.012787286772028708,0.004189357732361254,-0.017130108206368354,1.5296286047388559e-24,-6.952383224108182e-25,3.4607119117609e-24,71438286.56257892,6.15621087405229e-05,-5.939072314425094e-05,-6.244694963462811e-05,0.5812721656027205,-0.5607698463396908,-0.5896268726336028,-11969557.074678896,1482308.964419545,970.9338018840915,-10486277.176457467,196036460126456.53,1529.2688809347708,196036460109733.12,1529.2688810652292,196036460115355.38,1529.2688810213701,196036460120834.25,1529.26888097863,196036460129296.3,1529.2688809126178,196036460106893.3,1529.2688810873822
0.0033299999999999485,0.000613860257424506,-0.0006015884268814644,0.0006187495410836408,-0.012734290996926691,0.004165270386150128,-0.01705924103766517,1.5233434004198434e-24,-6.915677427008021e-25,3.4520641376024386e-24,71442269.31690988,6.156416002442533e-05,-5.940015543151764e-05,-6.244510134381183e-05,0.5812619398263389,-0.5608303525689543,-0.5895794034281588,-11970264.924372712,1482384.43398338,963.7817412854359,-10486916.708648046,196036460126421.88,1529.2688809350414,196036460109767.78,1529.2688810649588,196036460115371.1,1529.2688810212476,196036460120818.5,1529.2688809787528,196036460129250.0,1529.2688809129793,196036460106939.66,1529.2688810870209
0.0033349999999999482,0.0006137968498596055,-0.0006015677203304071,0.0006186645977162347,-0.01268151298009196,0.004141310211473453,-0.016988673481229313,1.5170835564840602e-24,-6.879152447865199e-25,3.44345388226481e-24,71446234.10426046,6.156619823416747e-05,-5.940955120321648e-05,-6.244325602124058e-05,0.5812517326527339,-0.5608906439479752,-0.5895321100837687,-11970969.667382047,1482459.5439427788,956.6816045702326,-10487553.441834697,196036460126387.38,1529.2688809353103,196036460109802.28,1529.2688810646896,196036460115386.78,1529.2688810211253,196036460120802.84,1529.268880978875,196036460129203.84,1529.2688809133392,196036460106985.78,1529.268881086661
0.003339999999999948,0.0006137337051003911,-0.0006015471329474978,0.0006185800056950488,-0.012628951842884326,0.0041174765818662315,-0.01691840423717728,1.5108483413945674e-24,-6.842806391996181e-25,3.4348807000687416e-24,71450180.9992068,6.156822348112204e-05,-5.9418910589823094e-05,-6.24414136772724e-05,0.5812415443696239,-0.5609507210579007,-0.5894849918729365,-11971671.315825932,1482534.2962195214,949.6330264305644,-10488187.386579981,196036460126352.97,1529.2688809355786,196036460109836.66,1529.2688810644215,196036460115402.34,1529.2688810210038,196036460120787.25,1529.2688809789965,196036460129157.88,1529.2688809136978,196036460107031.75,1529.2688810863026
0.003344999999999948,0.0006136708220667311,-0.0006015266641031106,0.0006184957635349434,-0.012576606732008559,0.00409376887742782,-0.016848432021066645,1.5046381947179267e-24,-6.806640090301714e-25,3.426344676608715e-24,71454110.09385802,6.157023583590672e-05,-5.9428233754962016e-05,-6.243957433251464e-05,0.5812313748745281,-0.5610105847867708,-0.5894380481600007,-11972369.885056006,1482608.6927493906,942.635627122527,-10488818.556679493,196036460126318.75,1529.2688809358458,196036460109870.88,1529.2688810641546,196036460115417.88,1529.2688810208826,196036460120771.75,1529.2688809791175,196036460129112.12,1529.2688809140548,196036460107077.5,1529.2688810859454
0.0033499999999999476,0.0006136081996828363,-0.0006015063131707337,0.000618411869757216,-0.01252447677894012,0.004070186475378821,-0.016778755545489465,1.4984526933092458e-24,-6.7706517090828075e-25,3.417845650879464e-24,71458021.4668783,6.157223537649805e-05,-5.9437520821147664e-05,-6.243773796636774e-05,0.5812212243705506,-0.5610702358615972,-0.5893912781602813,-11973065.387966003,1482682.7348660901,935.6890370900429,-10489446.964062823,196036460126284.7,1529.2688809361114,196036460109904.97,1529.2688810638886,196036460115433.28,1529.2688810207624,196036460120756.34,1529.2688809792378,196036460129066.56,1529.2688809144101,196036460107123.06,1529.2688810855902
0.0033549999999999474,0.0006135458368771873,-0.0006014860795269373,0.000618328322889573,-0.01247256112981483,0.004046728759292902,-0.016709373528616015,1.4922917569756197e-24,-6.734843128931603e-25,3.409383277583834e-24,71461915.20262001,6.157422221134668e-05,-5.944677193500779e-05,-6.243590462962602e-05,0.5812110929459319,-0.5611296748477071,-0.5893446813554033,-11973757.838509124,1482756.424930255,928.7929014133974,-10490072.620677454,196036460126250.72,1529.2688809363765,196036460109938.94,1529.2688810636237,196036460115448.62,1529.2688810206428,196036460120741.03,1529.2688809793572,196036460129021.22,1529.268880914764,196036460107168.44,1529.268881085236
0.0033599999999999472,0.0006134837325825196,-0.0006014659625514061,0.0006182451214660701,-0.012420858933546884,0.004023395106228198,-0.016640284700579783,1.4861553139234209e-24,-6.699207543668321e-25,3.4009575153756525e-24,71465791.37804714,6.157619638928055e-05,-5.945598726137652e-05,-6.24340742921093e-05,0.5812009805217937,-0.5611889028634277,-0.5892982568644235,-11974447.24929128,1482829.7642932984,921.9468327645653,-10490695.538165217,196036460126216.9,1529.26888093664,196036460109972.72,1529.26888106336,196036460115463.88,1529.2688810205238,196036460120725.75,1529.2688809794763,196036460128976.03,1529.2688809151164,196036460107213.6,1529.268881084884
0.003364999999999947,0.0006134218857358119,-0.000601445961626822,0.0006181622640271053,-0.012369369341537848,0.004000184916823653,-0.016571487792946756,1.4800435249203157e-24,-6.663750516772498e-25,3.3925680235048196e-24,71469650.08257969,6.157815802009487e-05,-5.9465166938945775e-05,-6.243224702685913e-05,0.5811908871468638,-0.5612479203470823,-0.5892520043271101,-11975133.63522121,1482902.75544944,915.1504912399587,-10491315.72928053,196036460126183.25,1529.2688809369026,196036460110006.4,1529.268881063097,196036460115479.06,1529.2688810204054,196036460120710.56,1529.2688809795948,196036460128931.0,1529.2688809154677,196036460107258.6,1529.2688810845327
0.003369999999999947,0.0006133602952783138,-0.0006014260761389598,0.0006180797491193599,-0.01231809149961931,0.003977097572442883,-0.016502981549088604,1.473955895059674e-24,-6.628467957402872e-25,3.3842149695008476e-24,71473491.39294307,6.158010717585767e-05,-5.9474311096735565e-05,-6.243042277772297e-05,0.5811808130812577,-0.5613067281928944,-0.5892059227397467,-11975817.00888545,1482975.399445182,908.4035017624,-10491933.205938507,196036460126149.7,1529.2688809371646,196036460110039.94,1529.2688810628356,196036460115494.16,1529.2688810202876,196036460120695.5,1529.2688809797123,196036460128886.22,1529.268880915817,196036460107303.4,1529.2688810841832
0.0033749999999999466,0.00061329896015546,-0.0006014063054766166,0.000617997575295827,-0.012267024570769471,0.003954132468622702,-0.016434764706572735,1.4678927863686759e-24,-6.593357140275927e-25,3.375897866356798e-24,71477315.38967825,6.158204391043816e-05,-5.948341990555706e-05,-6.242860158977618e-05,0.5811707580152393,-0.5613653273043078,-0.5891600116509262,-11976497.383584365,1483047.6983429266,901.7055056914008,-10492547.979735747,196036460126116.3,1529.268880937425,196036460110073.3,1529.2688810625755,196036460115509.2,1529.2688810201703,196036460120680.47,1529.2688809798296,196036460128841.6,1529.268880916165,196036460107348.0,1529.2688810838354
0.0033799999999999464,0.0006132378793169328,-0.0006013866490315649,0.0006179157411157278,-0.012216167705423683,0.003931289010341991,-0.01636683601983949,1.4618537351737246e-24,-6.558422405344225e-25,3.367616809428239e-24,71481122.1571717,6.158396834115585e-05,-5.949249347077827e-05,-6.242678346093911e-05,0.5811607223893154,-0.56142371811258,-0.5891142703182257,-11977174.77333413,1483119.653818891,895.0561683389402,-10493160.063346904,196036460126083.06,1529.2688809376841,196036460110106.56,1529.268881062316,196036460115524.1,1529.268881020054,196036460120665.5,1529.2688809799463,196036460128797.22,1529.2688809165113,196036460107392.4,1529.2688810834888
0.003384999999999946,0.0006131770517165824,-0.0006013671061986272,0.0006178342451445277,-0.01216552007008181,0.003908566587543354,-0.016299194240025502,1.4558388000737226e-24,-6.523660945982783e-25,3.359371494454364e-24,71484911.77422982,6.158588054514719e-05,-5.9501531958851235e-05,-6.242496842126089e-05,0.581150706100739,-0.5614819014662421,-0.5890686981366989,-11977849.191147203,1483191.2679679906,888.455120764067,-10493769.468058446,196036460126049.94,1529.2688809379426,196036460110139.7,1529.2688810620577,196036460115538.97,1529.2688810199381,196036460120650.66,1529.268880980062,196036460128752.97,1529.2688809168565,196036460107436.66,1529.2688810831437
0.003389999999999946,0.0006131164763124364,-0.0006013476763756277,0.0006177530859538836,-0.012115080829213486,0.003885964599893277,-0.01623183812880888,1.449847861938522e-24,-6.4890699041619995e-25,3.351162031604738e-24,71488684.32082239,6.158778060392422e-05,-5.9510535529690144e-05,-6.242315645910039e-05,0.5811407092287062,-0.5615398782871652,-0.5890232942510779,-11978520.650249342,1483262.5425264072,881.9020128556394,-10494376.205710078,196036460126016.94,1529.2688809382,196036460110172.7,1529.2688810618001,196036460115553.75,1529.2688810198226,196036460120635.84,1529.2688809801778,196036460128708.94,1529.2688809172,196036460107480.7,1529.2688810828001
0.003394999999999946,0.0006130561520666793,-0.0006013283589633429,0.0006176722621216633,-0.012064849151415756,0.003863482456960224,-0.016164766444050765,1.4438810747176064e-24,-6.454651892404646e-25,3.342987836057379e-24,71492439.87755488,6.158966855758966e-05,-5.951950427582655e-05,-6.242134759869011e-05,0.5811307316850185,-0.5615976490764593,-0.5889780583714721,-11979189.164004179,1483333.4786604345,875.3965060876671,-10494980.288837656,196036460125984.12,1529.268880938456,196036460110205.5,1529.268881061544,196036460115568.47,1529.2688810197078,196036460120621.2,1529.2688809802921,196036460128665.06,1529.2688809175422,196036460107524.56,1529.268881082458
0.0033999999999999456,0.0006129960779456795,-0.0006013091533655466,0.0006175917722318439,-0.012014824199951896,0.00384111955926127,-0.01609797796387416,1.4379377169473611e-24,-6.420403775407262e-25,3.334849045573209e-24,71496178.51823911,6.159154452803375e-05,-5.952843834808054e-05,-6.241954182007488e-05,0.5811207738556026,-0.5616552145969775,-0.5889329894898814,-11979854.744529814,1483404.078296095,868.9382580346154,-10495581.727975683,196036460125951.38,1529.2688809387114,196036460110238.22,1529.268881061289,196036460115583.06,1529.2688810195941,196036460120606.56,1529.268880980406,196036460128621.4,1529.2688809178826,196036460107568.22,1529.2688810821176
0.0034049999999999454,0.0006129362529198641,-0.0006012900589889556,0.0006175116148745358,-0.011965005163081138,0.0038188753181761137,-0.01603147146162917,1.4320184400511247e-24,-6.386326572354968e-25,3.3267454230697255e-24,71499900.33013642,6.159340858725019e-05,-5.953733792501066e-05,-6.241773919114403e-05,0.5811108354452522,-0.5617125756691921,-0.5888880872145429,-11980517.406438133,1483474.3438964786,862.5269211283445,-10496180.535620525,196036460125918.8,1529.2688809389656,196036460110270.8,1529.2688810610346,196036460115597.62,1529.2688810194804,196036460120592.03,1529.2688809805195,196036460128577.9,1529.268880918222,196036460107611.72,1529.268881081778
0.003409999999999945,0.0006128766759638316,-0.0006012710752432478,0.0006174317886459414,-0.01191539120649339,0.003796749141553368,-0.015965245718879903,1.4261227829470097e-24,-6.352416920894954e-25,3.3186767161872244e-24,71503605.38398932,6.159526078839684e-05,-5.9546203113795215e-05,-6.241593967692957e-05,0.5811009165928191,-0.5617697330306114,-0.5888433508036761,-11981177.161305908,1483544.2763632417,856.1621592458306,-10496776.722783418,196036460125886.38,1529.2688809392187,196036460110303.25,1529.2688810607815,196036460115612.1,1529.2688810193677,196036460120577.53,1529.2688809806325,196036460128534.6,1529.26888091856,196036460107655.03,1529.2688810814402
0.003414999999999945,0.0006128173460562724,-0.0006012522015410034,0.0006173522921483118,-0.01186598151185328,0.003774740448890911,-0.015899299525933757,1.4202507483584624e-24,-6.318675536034767e-25,3.310642961446861e-24,71507293.76186156,6.15971012225398e-05,-5.95550340627035e-05,-6.241414329301075e-05,0.5810910173840517,-0.5618266874087049,-0.5887987795766303,-11981834.02281186,1483613.8776467338,849.8436258575757,-10497370.301539268,196036460125854.03,1529.2688809394708,196036460110335.56,1529.2688810605296,196036460115626.5,1529.268881019255,196036460120563.16,1529.2688809807446,196036460128491.47,1529.2688809188965,196036460107698.16,1529.268881081104
0.003419999999999945,0.0006127582621799687,-0.0006012334372977174,0.0006172731239899526,-0.01181677526073108,0.003752848657209394,-0.015833631671832823,1.4144021683759125e-24,-6.285102241554827e-25,3.302643820553966e-24,71510965.53956293,6.159892996682641e-05,-5.9563830897739486e-05,-6.241235005728971e-05,0.5810811378785998,-0.5618834394218643,-0.5887543729817791,-11982488.003484964,1483683.1494288484,843.571008512369,-10497961.283047603,196036460125821.88,1529.2688809397218,196036460110367.75,1529.2688810602785,196036460115640.78,1529.2688810191437,196036460120548.84,1529.2688809808565,196036460128448.53,1529.2688809192314,196036460107741.1,1529.2688810807688
0.0034249999999999446,0.0006126994233217662,-0.0006012147819317967,0.0006171942827851659,-0.01176777164051449,0.003731073184140002,-0.0157682409573398,1.4085771214751594e-24,-6.251694925852869e-25,3.2946793305308336e-24,71514620.79616249,6.160074708873435e-05,-5.957259377384807e-05,-6.24105599690949e-05,0.5810712780463061,-0.5619399899621336,-0.5887101302941795,-11983139.116476994,1483752.0933880482,837.3439528209366,-10498549.679136125,196036460125789.84,1529.2688809399717,196036460110399.78,1529.2688810600287,196036460115655.03,1529.2688810190325,196036460120534.6,1529.2688809809677,196036460128405.78,1529.268880919565,196036460107783.84,1529.2688810804352
0.0034299999999999444,0.0006126408284725868,-0.0006011962348645236,0.0006171157671542562,-0.011718969835872317,0.003709413454629812,-0.015703126181934715,1.4027753640823551e-24,-6.218454956302777e-25,3.2867492611945962e-24,71518259.60842067,6.160255267109869e-05,-5.958132280367038e-05,-6.240877303803665e-05,0.5810614380498672,-0.5619963395681895,-0.5886660509349733,-11983787.374517582,1483820.7110804196,831.1621458091304,-10499135.501291353,196036460125757.94,1529.2688809402205,196036460110431.7,1529.2688810597797,196036460115669.2,1529.2688810189222,196036460120520.4,1529.2688809810782,196036460128363.22,1529.268880919897,196036460107826.44,1529.268881080103
0.003434999999999944,0.0006125824766273872,-0.0006011777955200791,0.0006170375757234909,-0.011670369039912273,0.0036878688888884754,-0.015638286153072535,1.396996812161332e-24,-6.185380230588868e-25,3.278853296955533e-24,71521882.05017208,6.160434678709027e-05,-5.959001813191384e-05,-6.240698928449971e-05,0.581051617857875,-0.5620524889809332,-0.5886221343231022,-11984432.789817315,1483889.0043250672,825.0252500532666,-10499718.760242196,196036460125726.16,1529.2688809404683,196036460110463.47,1529.2688810595319,196036460115683.28,1529.2688810188124,196036460120506.34,1529.2688809811877,196036460128320.78,1529.268880920228,196036460107868.8,1529.2688810797724
0.003439999999999944,0.0006125243667851438,-0.0006011594633255071,0.0006169597071250452,-0.011621968448653602,0.0036664389144093618,-0.015573719689142217,1.3912414920398327e-24,-6.152468966993362e-25,3.270991820245953e-24,71525488.20241639,6.160612951854147e-05,-5.959867992155861e-05,-6.240520869090728e-05,0.5810418175590051,-0.5621084391499953,-0.5885783795588178,-11985075.37590581,1483956.9748432452,818.9329365543916,-10500299.468126012,196036460125694.5,1529.2688809407152,196036460110495.12,1529.268881059285,196036460115697.3,1529.2688810187028,196036460120492.34,1529.2688809812971,196036460128278.6,1529.268880920557,196036460107911.03,1529.2688810794432
0.0034449999999999438,0.0006124664979488578,-0.0006011412377106828,0.0006168821599970688,-0.01157376725720339,0.0036451229648588115,-0.015509425595282894,1.3855091632155832e-24,-6.119721509062309e-25,3.263163988630958e-24,71529078.13451713,6.160790093885544e-05,-5.960730828347964e-05,-6.24034313066732e-05,0.5810320371334755,-0.5621641905048275,-0.5885347863453575,-11985715.144189328,1484024.6244303198,812.8849010908015,-10500877.634857917,196036460125663.0,1529.2688809409613,196036460110526.66,1529.268881059039,196036460115711.25,1529.2688810185941,196036460120478.38,1529.2688809814063,196036460128236.56,1529.268880920885,196036460107953.1,1529.268881079115
0.0034499999999999436,0.0006124088691255128,-0.0006011231181083192,0.0006168049329835397,-0.011525764669001206,0.0036239204727129084,-0.015445402705820848,1.3797999298273053e-24,-6.087139402687103e-25,3.2553700428956904e-24,71532651.92847955,6.16096610995984e-05,-5.961590332604033e-05,-6.240165710345443e-05,0.5810222766834459,-0.5622197437677829,-0.5884913539851486,-11986352.108410953,1484091.9540443572,806.8808139795991,-10501453.273552617,196036460125631.62,1529.268880941206,196036460110558.03,1529.268881058794,196036460115725.1,1529.2688810184861,196036460120464.53,1529.268880981514,196036460128194.7,1529.2688809212116,196036460107994.94,1529.2688810787886
0.0034549999999999434,0.0006123514793260934,-0.0006011051039539937,0.000616728024734306,-0.011477959883878617,0.0036028308650918146,-0.015381649846740075,1.37411356695385e-24,-6.054717167506318e-25,3.2476096709879828e-24,71536209.65301266,6.161141010001322e-05,-5.962446523839503e-05,-6.23998861181568e-05,0.5810125361493992,-0.5622750998309671,-0.5884480817772452,-11986986.27987679,1484158.9662049843,800.9203529360567,-10502026.393318867,196036460125600.3,1529.26888094145,196036460110589.28,1529.2688810585503,196036460115738.9,1529.2688810183784,196036460120450.72,1529.2688809816218,196036460128152.97,1529.268880921537,196036460108036.66,1529.2688810784632
0.003459999999999943,0.0006122943275655461,-0.0006010871946860532,0.0006166514339050318,-0.011430352109459838,0.0035818535881030466,-0.015318165854835985,1.3684500443135782e-24,-6.022457578660863e-25,3.239882922380839e-24,71539751.38769561,6.161314800108165e-05,-5.96329941175063e-05,-6.23981183355501e-05,0.5810028156847303,-0.5623302592715094,-0.5884049691106054,-11987617.671902487,1484225.6619664961,795.0032078005547,-10502597.006728189,196036460125569.2,1529.268880941693,196036460110620.44,1529.2688810583072,196036460115752.62,1529.2688810182713,196036460120437.0,1529.268880981729,196036460128111.44,1529.268880921861,196036460108078.16,1529.2688810781394
0.003464999999999943,0.000612237412862774,-0.000601069389745662,0.0006165751591572058,-0.011382940554418235,0.003560988078239321,-0.015254949565189937,1.3628091203028205e-24,-5.990359611568683e-25,3.2321896143431247e-24,71543277.20462847,6.161487487180022e-05,-5.9641490080992675e-05,-6.239635374944906e-05,0.5809931153998941,-0.5623852227460573,-0.5883620153398696,-11988246.296438102,1484292.0426860324,789.1290677108018,-10503165.12468436,196036460125538.2,1529.2688809419349,196036460110651.44,1529.2688810580653,196036460115766.25,1529.268881018165,196036460120423.38,1529.268880981835,196036460128070.16,1529.2688809221831,196036460108119.47,1529.2688810778172
0.0034699999999999427,0.000612180734240595,-0.0006010516885767844,0.0006164991991581098,-0.011335724435797808,0.0035402337755431374,-0.015191999819214224,1.3571911836698935e-24,-5.958422083588464e-25,3.2245292825053942e-24,71546787.17940557,6.161659076972275e-05,-5.96499532895683e-05,-6.239459241769509e-05,0.5809834349945314,-0.5624399910237468,-0.5883192201170747,-11988872.16609086,1484358.1104947694,783.2976231889564,-10503730.757972898,196036460125507.34,1529.2688809421754,196036460110682.3,1529.2688810578245,196036460115779.8,1529.2688810180593,196036460120409.8,1529.2688809819408,196036460128028.97,1529.2688809225044,196036460108160.66,1529.268881077496
0.0034749999999999425,0.0006121242907258091,-0.0006010340906261635,0.0006164235525807377,-0.011288702957173921,0.0035195901241543964,-0.015129315474409764,1.351595850583027e-24,-5.926642243189116e-25,3.2169022022317218e-24,71550281.38488896,6.161829579217812e-05,-5.965838389670371e-05,-6.23928343191158e-05,0.5809737746935539,-0.5624945649500558,-0.5882765825017778,-11989495.29297347,1484423.8671403346,777.5085529657788,-10504293.917280171,196036460125476.56,1529.2688809424155,196036460110713.03,1529.2688810575848,196036460115793.34,1529.2688810179536,196036460120396.3,1529.2688809820463,196036460127987.97,1529.268880922824,196036460108201.66,1529.2688810771758
0.0034799999999999423,0.000612068081349132,-0.0006010165953432748,0.0006163482181038441,-0.011241875335420242,0.0034990565777459994,-0.015066895378737163,1.346022712597745e-24,-5.895020116975998e-25,3.2093080552145318e-24,71553759.88942845,6.161998999030209e-05,-5.966678198013722e-05,-6.239107942741455e-05,0.5809641346829525,-0.5625489450397891,-0.5882341019073176,-11990115.688375045,1484489.3133570466,771.7615582588547,-10504854.613459736,196036460125445.97,1529.2688809426543,196036460110743.66,1529.268881057346,196036460115806.75,1529.268881017849,196036460120382.88,1529.2688809821511,196036460127947.2,1529.2688809231424,196036460108242.44,1529.268881076858
0.003484999999999942,0.0006120121051451242,-0.0006009992021803253,0.0006162731944118881,-0.011195240801561472,0.0034786325898986704,-0.015004738391185166,1.3404720811925314e-24,-5.863559925720408e-25,3.2017466307783787e-24,71557222.77461538,6.162167346171052e-05,-5.9675147685521954e-05,-6.238932781292142e-05,0.58095451491825,-0.5626031318000332,-0.5881917779813786,-11990733.366037803,1484554.4515879564,766.05635255692,-10505412.858097289,196036460125415.44,1529.2688809428923,196036460110774.16,1529.268881057108,196036460115820.1,1529.2688810177451,196036460120369.5,1529.2688809822553,196036460127906.53,1529.2688809234594,196036460108283.1,1529.2688810765405
0.003489999999999942,0.000611956361152245,-0.0006009819105923275,0.0006161984801949979,-0.011148798575830775,0.0034583175995697773,-0.014942843378041614,1.3349441134957743e-24,-5.832254930426793e-25,3.194217935591739e-24,71560670.11054789,6.162334623278534e-05,-5.968348117252164e-05,-6.23875794490421e-05,0.5809449151789988,-0.5626571263491539,-0.5881496099600663,-11991348.33759823,1484619.2830099016,760.3926040927311,-10505968.661984237,196036460125385.12,1529.2688809431288,196036460110804.53,1529.2688810568711,196036460115833.4,1529.2688810176412,196036460120356.22,1529.268880982359,196036460127866.03,1529.2688809237752,196036460108323.6,1529.2688810762247
0.0034949999999999417,0.00061190084841288,-0.0006009647200369821,0.000616124074148971,-0.011102547873017418,0.0034381110690647272,-0.014881209205363316,1.3294379095126545e-24,-5.801105687802343e-25,3.1867217011000576e-24,71564101.96197844,6.162500842034516e-05,-5.969178253962087e-05,-6.238583433415788e-05,0.5809353359174404,-0.5627109290538775,-0.5881075971332225,-11991960.613716535,1484683.8092596065,754.7700247716705,-10506522.034432154,196036460125354.84,1529.268880943365,196036460110834.78,1529.268881056635,196036460115846.62,1529.268881017538,196036460120343.03,1529.268880982462,196036460127825.72,1529.26888092409,196036460108363.88,1529.2688810759107
0.0034999999999999415,0.0006118455659731845,-0.0006009476299746883,0.0006160499749752285,-0.011056487939092047,0.0034180124587601494,-0.014819834748511462,1.3239542395374173e-24,-5.770114100228338e-25,3.179257700903876e-24,71567518.40997137,6.162666004436654e-05,-5.970005191387056e-05,-6.23840925008458e-05,0.5809257767826357,-0.5627645406559599,-0.5880657392246019,-11992570.208061354,1484748.0316933782,749.1883329995544,-10507072.988034977,196036460125324.75,1529.2688809435997,196036460110864.88,1529.2688810564002,196036460115859.75,1529.2688810174357,196036460120329.88,1529.2688809825645,196036460127785.6,1529.268880924403,196036460108404.0,1529.2688810755974
0.0035049999999999413,0.0006117905128832179,-0.000600930639868576,0.000615976181380775,-0.011010617993337557,0.0033980212224416517,-0.014758718890691117,1.3184924500117245e-24,-5.73927541581825e-25,3.1718260735423397e-24,71570919.51985347,6.162830121404558e-05,-5.9708289453277066e-05,-6.238235393003041e-05,0.5809162380516467,-0.5628179619819119,-0.5880240352557451,-11993177.131423416,1484811.952212243,743.6472107661914,-10507621.532000406,196036460125294.75,1529.268880943834,196036460110894.88,1529.2688810561663,196036460115872.8,1529.2688810173336,196036460120316.78,1529.2688809826668,196036460127745.62,1529.2688809247147,196036460108443.97,1529.2688810752857
0.003509999999999941,0.0006117356881968295,-0.0006009137491844243,0.0006159026920782235,-0.010964937277680139,0.003378136830358309,-0.014697860510307501,1.3130529464262425e-24,-5.70859432885793e-25,3.1644265178173078e-24,71574305.37058209,6.162993196186665e-05,-5.971649524367328e-05,-6.238061864355275e-05,0.5809067196129157,-0.5628711935013443,-0.5879824849729228,-11993781.39711013,1484875.571862407,738.1463767591686,-10508167.678870965,196036460125264.88,1529.2688809440667,196036460110924.75,1529.2688810559334,196036460115885.84,1529.268881017232,196036460120303.8,1529.2688809827678,196036460127705.84,1529.268880925025,196036460108483.78,1529.268881074975
0.003514999999999941,0.0006116810909717295,-0.0006008969573907417,0.0006158295057857425,-0.010919445019997283,0.003358358736495292,-0.014637258496201191,1.3076348417807589e-24,-5.678066113100827e-25,3.157058995854209e-24,71577676.02312107,6.163155240529248e-05,-5.972466942814132e-05,-6.237888662453868e-05,0.5808972218336295,-0.5629242359106944,-0.5879410874316676,-11994383.015118293,1484938.8925139052,732.685544963512,-10508711.437059425,196036460125235.1,1529.268880944299,196036460110954.53,1529.268881055701,196036460115898.75,1529.2688810171314,196036460120290.88,1529.2688809828687,196036460127666.25,1529.2688809253339,196036460108523.4,1529.268881074666
0.0035199999999999407,0.000611626720269335,-0.0006008802639586857,0.0006157566212270499,-0.010874140478897645,0.003338686411212407,-0.014576911738524979,1.3022389354671925e-24,-5.647689565220118e-25,3.1497229755307728e-24,71581031.55165164,6.163316255208321e-05,-5.973281215087516e-05,-6.2377157921429e-05,0.5808877441820114,-0.5629770900470678,-0.5878998424402491,-11994981.997899525,1485001.9156917406,727.2644152993366,-10509252.817792486,196036460125205.5,1529.26888094453,196036460110984.12,1529.26888105547,196036460115911.62,1529.2688810170312,196036460120278.0,1529.2688809829692,196036460127626.75,1529.268880925642,196036460108562.88,1529.2688810743582
0.0035249999999999405,0.0006115725751549086,-0.0006008636683620405,0.0006156840371313206,-0.010829022885294004,0.0033191193290385275,-0.014516819145867645,1.2968648132619317e-24,-5.617466027947932e-25,3.142418640747428e-24,71584372.0278691,6.163476248951708e-05,-5.9740923516135934e-05,-6.23754325115981e-05,0.5808782869745556,-0.5630297564662992,-0.5878587492374385,-11995578.357451228,1485064.6426685923,721.882703118988,-10509791.832079519,196036460125176.0,1529.2688809447602,196036460111013.62,1529.2688810552402,196036460115924.4,1529.2688810169313,196036460120265.22,1529.2688809830688,196036460127587.44,1529.2688809259487,196036460108602.16,1529.2688810740517
0.0035299999999999403,0.0006115186546974864,-0.0006008471700772413,0.0006156117522332184,-0.01078409148445041,0.0032996569598504736,-0.014456979620446534,1.2915124390206302e-24,-5.587394076731092e-25,3.13514618663938e-24,71587697.52479619,6.16363523001811e-05,-5.974900367684307e-05,-6.237371039368105e-05,0.5808688502798393,-0.5630822359848142,-0.5878178070566761,-11996172.106025044,1485127.0752379687,716.5401201956977,-10510328.49066688,196036460125146.62,1529.2688809449892,196036460111043.0,1529.2688810550108,196036460115937.16,1529.2688810168318,196036460120252.5,1529.2688809831682,196036460127548.3,1529.2688809262538,196036460108641.28,1529.2688810737466
0.00353499999999994,0.000611464957969872,-0.000600830768583349,0.0006155397652729298,-0.010739345522883168,0.0032802987784605964,-0.014397392057718299,1.2861815202017057e-24,-5.557473103849207e-25,3.1279049294014667e-24,71591008.10500664,6.163793203871759e-05,-5.975705272710646e-05,-6.23719915875857e-05,0.5808594341045799,-0.5631345290594983,-0.5877770155362015,-11996763.253956582,1485189.2146783571,711.2363970683508,-10510862.802881157,196036460125117.38,1529.2688809452175,196036460111072.28,1529.2688810547825,196036460115949.8,1529.268881016733,196036460120239.8,1529.268880983267,196036460127509.38,1529.2688809265576,196036460108680.25,1529.2688810734426
0.00353999999999994,0.0006114114840485858,-0.00060081446336204,0.0006154680749960456,-0.010694784257244037,0.003261044261786767,-0.014338055376830822,1.2808720900077801e-24,-5.527703988241136e-25,3.1206947830710544e-24,71594303.84063475,6.163950177767018e-05,-5.9765070793213076e-05,-6.237027611184313e-05,0.5808500384723835,-0.5631866363027352,-0.5877363741480031,-11997351.813358497,1485251.0626565502,705.9712482955822,-10511394.77945365,196036460125088.2,1529.268880945445,196036460111101.44,1529.268881054555,196036460115962.4,1529.2688810166349,196036460120227.25,1529.268880983365,196036460127470.56,1529.2688809268604,196036460108719.06,1529.2688810731397
0.0035449999999999397,0.0006113582320138706,-0.0006007982538976215,0.000615396680153546,-0.010650406943034426,0.0032418928837016684,-0.01427896849991027,1.2755842132408925e-24,-5.4980830050177545e-25,3.1135158830018655e-24,71597584.8008819,6.164106155436333e-05,-5.9773058010729946e-05,-6.236856393531809e-05,0.5808406633179466,-0.563238558649334,-0.5876958821422764,-11997937.795801794,1485312.6202182092,700.744389769382,-10511924.431193816,196036460125059.22,1529.268880945671,196036460111130.44,1529.2688810543286,196036460115974.9,1529.2688810165373,196036460120214.72,1529.2688809834629,196036460127431.94,1529.2688809271617,196036460108757.7,1529.2688810728384
0.0035499999999999395,0.000611305200949703,-0.0006007821396769666,0.000615325579501824,-0.010606212833510605,0.003222844130983299,-0.01422013034439331,1.2703176513362328e-24,-5.468609938185746e-25,3.106367804248854e-24,71600851.05112909,6.16426114581582e-05,-5.978101451157879e-05,-6.236685509892407e-05,0.5808313086801687,-0.5632902966247227,-0.5876555390578009,-11998521.212174682,1485373.8893965783,695.5555445470918,-10512451.76723356,196036460125030.3,1529.2688809458966,196036460111159.34,1529.2688810541033,196036460115987.38,1529.26888101644,196036460120202.25,1529.2688809835602,196036460127393.44,1529.268880927462,196036460108796.16,1529.2688810725383
0.0035549999999999393,0.000611252389943752,-0.0006007661201895109,0.0006152547718026118,-0.0105622011901942,0.0032038974911579913,-0.014161539842439333,1.2650723247592706e-24,-5.4392862149308e-25,3.0992506114128903e-24,71604102.66299197,6.164415155483499e-05,-5.978894040231992e-05,-6.236514959391326e-05,0.5808219746884802,-0.5633418508180206,-0.5876153442822112,-11999102.074514642,1485434.8714253167,690.404446595696,-10512976.798642728,196036460125001.53,1529.2688809461213,196036460111188.12,1529.2688810538787,196036460115999.78,1529.2688810163434,196036460120189.84,1529.268880983657,196036460127355.12,1529.268880927761,196036460108834.5,1529.2688810722393
0.003559999999999939,0.0006111997980873653,-0.0006007501949272768,0.000615184255822992,-0.0105183712773624,0.0031850524468074255,-0.014103195923969556,1.2598481445442581e-24,-5.410110500901371e-25,3.0921642180543754e-24,71607339.70343538,6.164568188346404e-05,-5.9796835784684043e-05,-6.236344739547669e-05,0.5808126613719011,-0.5633932219190381,-0.5875752972051964,-11999680.394014245,1485495.5671513448,685.2908158002971,-10513499.5360471,196036460124972.84,1529.268880946345,196036460111216.78,1529.2688810536554,196036460116012.1,1529.2688810162474,196036460120177.53,1529.2688809837528,196036460127317.0,1529.2688809280583,196036460108872.62,1529.268881071942
0.003564999999999939,0.0006111474244755534,-0.0006007343633848512,0.0006151140303353825,-0.010474722362374725,0.0031663084851362992,-0.014045097521900005,1.2546452193278184e-24,-5.38108170185845e-25,3.0851082607474733e-24,71610562.24028537,6.16472025303421e-05,-5.9804700822479895e-05,-6.236174856555341e-05,0.5808033685838209,-0.5634444105999431,-0.5875353974062916,-12000256.182038324,1485555.9790089577,680.2143849453068,-10514019.988644423,196036460124944.28,1529.2688809465678,196036460111245.3,1529.2688810534328,196036460116024.34,1529.2688810161517,196036460120165.3,1529.2688809838482,196036460127279.0,1529.2688809283547,196036460108910.62,1529.2688810716454
0.0035699999999999387,0.0006110952682070092,-0.0006007186250593655,0.0006150440941174738,-0.010431253708826846,0.0031476650971404294,-0.01398724358173801,1.249463319273793e-24,-5.3521974039450315e-25,3.0780829310432664e-24,71613770.33991103,6.1648713544102e-05,-5.981253562739956e-05,-6.236005305766938e-05,0.5807940964515783,-0.5634954176512067,-0.5874956440800964,-12000829.449682254,1485616.1078243619,675.174881982214,-10514538.16697591,196036460124915.88,1529.2688809467893,196036460111273.75,1529.2688810532109,196036460116036.53,1529.2688810160566,196036460120153.06,1529.2688809839437,196036460127241.2,1529.2688809286497,196036460108948.44,1529.2688810713505
0.0035749999999999385,0.0006110433283840678,-0.0006007029794504546,0.0006149744459522621,-0.010387964588277378,0.003129121782178723,-0.013929633042354391,1.2443023862554336e-24,-5.323462047900424e-25,3.071087530530822e-24,71616964.06968084,6.165021500530002e-05,-5.982034029411383e-05,-6.235836094148373e-05,0.5807848449807869,-0.5635462432925499,-0.5874560370883063,-12001400.208249478,1485675.9555045066,670.1720524614493,-10515054.08069251,196036460124887.56,1529.2688809470103,196036460111302.06,1529.2688810529899,196036460116048.66,1529.268881015962,196036460120140.97,1529.268880984038,196036460127203.47,1529.268880928944,196036460108986.12,1529.2688810710563
0.0035799999999999383,0.0006109916041126962,-0.0006006874260603335,0.000614905084627928,-0.010344854274298805,0.0031106780242246266,-0.013872264866817235,1.2391624936837422e-24,-5.2948685876214545e-25,3.064122640514855e-24,71620143.49691463,6.165170693242832e-05,-5.982811496913167e-05,-6.235667213540924e-05,0.5807756141157828,-0.5635968887393547,-0.5874165753975239,-12001968.469024764,1485735.5226176097,665.2056121954181,-10515567.74079496,196036460124859.38,1529.26888094723,196036460111330.25,1529.2688810527702,196036460116060.72,1529.268881015868,196036460120128.9,1529.2688809841322,196036460127166.0,1529.2688809292363,196036460109023.66,1529.2688810707637
0.003584999999999938,0.0006109400945025067,-0.0006006719643936752,0.0006148360089379377,-0.010301922037920203,0.0030923333316636354,-0.013815137998054648,1.2340432362804906e-24,-5.26641908995099e-25,3.0571875635911953e-24,71623308.68313165,6.165318943028443e-05,-5.983585976498241e-05,-6.235498670512764e-05,0.5807664039709419,-0.5636473542624002,-0.5873772587116878,-12002534.242249992,1485794.8113768816,660.2753083091576,-10516079.155564802,196036460124831.34,1529.268880947449,196036460111358.3,1529.2688810525513,196036460116072.72,1529.2688810157742,196036460120116.9,1529.268880984226,196036460127128.62,1529.268880929528,196036460109061.0,1529.2688810704724
0.003589999999999938,0.0006108887986666856,-0.0006006565939576466,0.000614767217680922,-0.010259167164211986,0.003074087205720425,-0.013758251403157116,1.2289445661902663e-24,-5.238114614567571e-25,3.0502825909038244e-24,71626459.69956137,6.165466256600594e-05,-5.984357479369125e-05,-6.235330462880564e-05,0.5807572147082048,-0.5636976405175987,-0.5873380863176338,-12003097.53995631,1485853.8229664017,655.3808813093533,-10516588.3361086,196036460124803.34,1529.2688809476674,196036460111386.28,1529.268881052333,196036460116084.66,1529.268881015681,196036460120104.97,1529.268880984319,196036460127091.44,1529.2688809298181,196036460109098.2,1529.2688810701823
0.0035949999999999377,0.000610837715721986,-0.0006006413142619269,0.0006146987096607263,-0.010216588939902571,0.0030559391439482922,-0.013701604039128106,1.2238668457773476e-24,-5.209953177865206e-25,3.043407248953441e-24,71629596.61112198,6.165612634342858e-05,-5.985126016439116e-05,-6.235162591686284e-05,0.5807480459994644,-0.56374774823622,-0.5872990579137646,-12003658.373018164,1485912.5582985892,650.5220769476915,-10517095.292642627,196036460124775.53,1529.268880947884,196036460111414.12,1529.2688810521158,196036460116096.5,1529.2688810155887,196036460120093.12,1529.2688809844115,196036460127054.4,1529.268880930107,196036460109135.22,1529.2688810698933
0.0035999999999999375,0.0006107868447887902,-0.000600626124818673,0.0006146304836863295,-0.010174186639165847,0.0030378886507729684,-0.01364519487937602,1.2188095985344414e-24,-5.181932491829415e-25,3.036561387269396e-24,71632719.47837535,6.165758087040319e-05,-5.9858916025144276e-05,-6.234995059304174e-05,0.5807388980029414,-0.5637976780366922,-0.5872601728252678,-12004216.751525529,1485971.0195485204,645.6986290398405,-10517600.03334797,196036460124747.8,1529.2688809481003,196036460111441.84,1529.2688810518996,196036460116108.3,1529.2688810154966,196036460120081.28,1529.2688809845038,196036460127017.47,1529.268880930395,196036460109172.12,1529.2688810696054
0.0036049999999999372,0.0006107361849910268,-0.0006006110251424802,0.0006145625385718168,-0.01013195955268485,0.0030199352385472784,-0.013589022902522488,1.2137726154062987e-24,-5.154054609332887e-25,3.0297453410303055e-24,71635828.3709563,6.165902620615448e-05,-5.986654245849794e-05,-6.234827861124292e-05,0.5807297709995338,-0.5638474304835387,-0.5872214303071202,-12004772.687242024,1486029.2074055586,640.9102808304619,-10518102.569555633,196036460124720.16,1529.268880948316,196036460111469.44,1529.2688810516843,196036460116120.06,1529.268881015405,196036460120069.6,1529.268880984595,196036460126980.78,1529.2688809306812,196036460109208.84,1529.2688810693191
0.003609999999999937,0.0006106857354561348,-0.0006005960147504177,0.000614494873136439,-0.010089906978385587,0.0030020784125116304,-0.013533087075576494,1.2087562233625446e-24,-5.126316658996878e-25,3.0229585025804907e-24,71638923.35134783,6.166046239058455e-05,-5.987413961344098e-05,-6.234661002560558e-05,0.5807206646224913,-0.563897006314481,-0.5871828300878511,-12005326.1906207,1486087.1237507171,636.1567894237079,-10518602.910080556,196036460124692.7,1529.2688809485305,196036460111496.94,1529.2688810514696,196036460116131.72,1529.268881015314,196036460120057.88,1529.2688809846863,196036460126944.2,1529.2688809309666,196036460109245.4,1529.2688810690338
0.003614999999999937,0.0006106354953151205,-0.0006005810931619784,0.000614427486204506,-0.010048028202865811,0.00298431768785466,-0.013477386386599954,1.2037602193073147e-24,-5.098721874821794e-25,3.0162010498719913e-24,71642004.48896463,6.166188949432961e-05,-5.988170757510268e-05,-6.234494481793823e-05,0.5807115791260377,-0.5639464059871095,-0.5871443715502738,-12005877.273409717,1486144.769616886,631.4378957592533,-10519101.065897072,196036460124665.28,1529.2688809487443,196036460111524.34,1529.268881051256,196036460116143.34,1529.2688810152233,196036460120046.3,1529.2688809847764,196036460126907.78,1529.2688809312506,196036460109281.84,1529.2688810687496
0.0036199999999999366,0.0006105854637025217,-0.0006005662598991356,0.0006143603766054185,-0.010006322519759775,0.0029666525685604294,-0.013421919817489435,1.1987845944826925e-24,-5.071262521426145e-25,3.00947250528256e-24,71645071.83880289,6.166330755405079e-05,-5.9889246504877825e-05,-6.23432830047961e-05,0.5807025142053737,-0.5639956304446292,-0.5871060541630643,-12006425.944694523,1486202.1466488326,626.7533487382212,-10519597.044696951,196036460124638.03,1529.2688809489568,196036460111551.6,1529.2688810510433,196036460116154.9,1529.268881015133,196036460120034.72,1529.2688809848669,196036460126871.5,1529.2688809315337,196036460109318.12,1529.2688810684665
0.0036249999999999364,0.0006105356397564066,-0.0006005515144862086,0.000614293543173585,-0.00996478922300516,0.002949082585413136,-0.01336668636668928,1.1938289502275399e-24,-5.043944079259452e-25,3.0027729553997433e-24,71648125.46885379,6.166471665673616e-05,-5.98967564687407e-05,-6.234162457572319e-05,0.58069347025071,-0.5640446799457597,-0.5870678773643414,-12006972.215972854,1486259.2559257504,622.1029118402234,-10520090.857135264,196036460124610.88,1529.2688809491688,196036460111578.75,1529.2688810508314,196036460116166.38,1529.2688810150437,196036460120023.22,1529.2688809849567,196036460126835.4,1529.2688809318154,196036460109354.25,1529.2688810681846
0.0036299999999999362,0.0006104860226183048,-0.0006005368564499575,0.0006142269847484368,-0.009923427620351725,0.0029316072502093182,-0.013311685029643914,1.1888934826087675e-24,-5.016763905513625e-25,2.9961023040794682e-24,71651165.44327368,6.166611683828043e-05,-5.990423759840531e-05,-6.233996953111434e-05,0.5806844470955959,-0.5640935552945251,-0.5870298406184005,-12007516.098046167,1486316.0987201456,617.4863226993353,-10520582.513003323,196036460124583.84,1529.2688809493795,196036460111605.8,1529.2688810506204,196036460116177.8,1529.2688810149546,196036460120011.8,1529.2688809850456,196036460126799.4,1529.2688809320962,196036460109390.2,1529.2688810679042
0.003634999999999936,0.0006104366114332411,-0.000600522285319538,0.0006141607001744112,-0.009882237012756265,0.002914226083901833,-0.013256914805128776,1.1839779959198176e-24,-4.989721915504147e-25,2.9894605847351814e-24,71654191.82632679,6.166750817572825e-05,-5.991169001362957e-05,-6.233831787074085e-05,0.5806754448691427,-0.5641422570925161,-0.5869919432910343,-12008057.601737294,1486372.6765400062,612.9033462819081,-10521072.021851007,196036460124556.88,1529.2688809495899,196036460111632.75,1529.2688810504103,196036460116189.2,1529.2688810148659,196036460120000.47,1529.268880985134,196036460126763.62,1529.2688809323752,196036460109426.03,1529.2688810676248
0.003639999999999936,0.0006103874053497013,-0.0006005078006264994,0.0006140946883009574,-0.009841216707956058,0.0028969386077369362,-0.013202374690761664,1.1790825625041389e-24,-4.962814965100889e-25,2.982847170734416e-24,71657204.67535585,6.166889070543818e-05,-5.991911384157929e-05,-6.233666962965017e-05,0.5806664633103152,-0.5641907860037092,-0.5869541850734238,-12008596.736604666,1486428.9909114686,608.3537381494637,-10521559.391955048,196036460124530.06,1529.268880949799,196036460111659.56,1529.2688810502011,196036460116200.47,1529.2688810147777,196036460119989.16,1529.2688809852225,196036460126727.94,1529.2688809326537,196036460109461.7,1529.2688810673465
0.0036449999999999356,0.0006103384035196454,-0.0006004934019047301,0.000614028947982428,-0.009800366011181956,0.002879744353854092,-0.01314806370587079,1.1742067816183129e-24,-4.936044952251269e-25,2.976262320043973e-24,71660204.05492361,6.167026449698892e-05,-5.992650916086437e-05,-6.233502476755165e-05,0.5806575027568437,-0.5642391425122166,-0.5869165652367162,-12009133.513544405,1486485.0426288145,603.8372565903973,-10522044.633658998,196036460124503.34,1529.2688809500075,196036460111686.28,1529.2688810499928,196036460116211.72,1529.2688810146901,196036460119977.9,1529.26888098531,196036460126692.4,1529.2688809329309,196036460109497.2,1529.2688810670697
0.0036499999999999354,0.0006102896050984377,-0.000600479088690491,0.0006139634780781238,-0.009759684241549037,0.0028626428478171007,-0.013093980860846803,1.1693511703193592e-24,-4.90941127765938e-25,2.9697060299305188e-24,71663190.03450118,6.167162960065602e-05,-5.993387612806287e-05,-6.233338331876357e-05,0.5806485629458894,-0.5642873274288583,-0.5868790833315412,-12009667.944370767,1486540.8335585513,599.353661295238,-10522527.75715092,196036460124476.75,1529.268880950215,196036460111712.88,1529.2688810497853,196036460116222.9,1529.2688810146026,196036460119966.72,1529.2688809853973,196036460126657.06,1529.2688809332067,196036460109532.56,1529.2688810667937
0.003654999999999935,0.0006102410092449364,-0.0006004648605224047,0.0006138982774522929,-0.009719170700258335,0.0028456336172660956,-0.013040125166175053,1.1645150304903416e-24,-4.882912315367044e-25,2.963177835532661e-24,71666162.66598716,6.167298607732421e-05,-5.9941214817238366e-05,-6.23317452684415e-05,0.5806396440929873,-0.5643353411548097,-0.5868417388284969,-12010200.037656466,1486596.3645984218,594.9027215369983,-10523008.770336505,196036460124450.25,1529.2688809504216,196036460111739.38,1529.2688810495786,196036460116234.03,1529.268881014516,196036460119955.6,1529.2688809854842,196036460126621.84,1529.2688809334813,196036460109567.78,1529.268881066519
0.003659999999999935,0.0006101926151213729,-0.0006004507169414273,0.0006138333449740507,-0.00967882471269796,0.002828716195474533,-0.012986495648446554,1.1596986315820908e-24,-4.856547964303903e-25,2.956677758990302e-24,71669122.01602073,6.167433398202128e-05,-5.994852536392585e-05,-6.233011063475465e-05,0.5806307460814254,-0.5643831844002467,-0.5868045312292367,-12010729.804710131,1486651.6373557048,590.4841961526846,-10523487.683158275,196036460124423.88,1529.2688809506276,196036460111765.75,1529.2688810493728,196036460116245.1,1529.2688810144296,196036460119944.53,1529.2688809855706,196036460126586.78,1529.2688809337549,196036460109602.84,1529.2688810662453
0.003664999999999935,0.0006101444218933982,-0.000600436657490847,0.0006137686795173832,-0.009638645594920586,0.0028118901160660383,-0.01293309133348526,1.1549018580205864e-24,-4.830317658098384e-25,2.9502056889877174e-24,71672068.14538512,6.167567335719895e-05,-5.995580786372375e-05,-6.232847940389034e-05,0.5806218689416748,-0.564430857756982,-0.5867674600030189,-12011257.255761076,1486706.6527578603,586.0978535242909,-10523964.50514969,196036460124397.62,1529.2688809508322,196036460111792.03,1529.2688810491677,196036460116256.1,1529.2688810143438,196036460119933.5,1529.2688809856566,196036460126551.84,1529.2688809340273,196036460109637.78,1529.268881065973
0.0036699999999999346,0.0006100964287300634,-0.0006004226817162739,0.0006137042799611284,-0.009598632666983081,0.002795154914626497,-0.01287991125097179,1.1501242937808069e-24,-4.804221648102799e-25,2.943761451738647e-24,71675001.11254458,6.167700428952377e-05,-5.9963062422038995e-05,-6.23268515858376e-05,0.5806130128733773,-0.564478361668549,-0.5867305245937783,-12011782.400624622,1486761.4123650815,581.7434613596596,-10524439.24479818,196036460124371.4,1529.2688809510369,196036460111818.2,1529.2688810489635,196036460116267.03,1529.2688810142586,196036460119922.6,1529.2688809857416,196036460126517.06,1529.2688809342985,196036460109672.56,1529.2688810657016
0.0036749999999999344,0.0006100486348037465,-0.0006004087891656446,0.0006136401451889453,-0.009558785263355988,0.0027785101258709565,-0.01282695443660779,1.1453665916994927e-24,-4.7782569525911295e-25,2.937345059804477e-24,71677920.98370706,6.167832678589232e-05,-5.997028918401336e-05,-6.232522718375859e-05,0.5806041774775511,-0.5645256971001215,-0.5866937245354158,-12012305.250546915,1486815.917347666,577.4207846623715,-10524911.912414586,196036460124345.38,1529.26888095124,196036460111844.25,1529.2688810487602,196036460116277.9,1529.2688810141735,196036460119911.72,1529.2688809858266,196036460126482.47,1529.2688809345684,196036460109707.2,1529.2688810654313
0.003679999999999934,0.0006100010392902671,-0.0006003949793891703,0.000613576274089317,-0.009519102695891558,0.0027619552948450025,-0.012774219925659703,1.1406279929678587e-24,-4.752422959953304e-25,2.930956033318407e-24,71680827.80956659,6.167964092004326e-05,-5.997748822373614e-05,-6.232360619450089e-05,0.5805953630116651,-0.5645728643739893,-0.5866570593301522,-12012825.813922029,1486870.1688063745,573.1295946960779,-10525382.515520958,196036460124319.44,1529.268880951442,196036460111870.22,1529.268881048558,196036460116288.75,1529.2688810140892,196036460119900.88,1529.268880985911,196036460126447.94,1529.2688809348379,196036460109741.66,1529.2688810651628
0.003684999999999934,0.0006099536413687535,-0.0006003812519393268,0.0006135126655554669,-0.00947958430273186,0.002745489968713216,-0.012721706770019516,1.1359087476780708e-24,-4.726721983078297e-25,2.9245944874741238e-24,71683721.65827328,6.168094675864362e-05,-5.998465966531677e-05,-6.232198864069023e-05,0.5805865694519408,-0.5646198640741212,-0.5866205285062464,-12013344.102373762,1486924.1683918128,568.8696743537438,-10525851.064307595,196036460124293.6,1529.2688809516437,196036460111896.03,1529.2688810483564,196036460116299.5,1529.2688810140053,196036460119890.12,1529.2688809859949,196036460126413.6,1529.268880935106,196036460109776.0,1529.2688810648947
0.003689999999999934,0.0006099064402216867,-0.0006003676063708937,0.000613449318485379,-0.009440229413354225,0.0027291136866269016,-0.012669414017588199,1.1312086094939636e-24,-4.701151143632063e-25,2.9182607902646376e-24,71686602.59030834,6.168224436374794e-05,-5.999180363240793e-05,-6.232037447860134e-05,0.5805777969597976,-0.5646666970020064,-0.5865841311987157,-12013860.126116512,1486977.9171692275,564.6407843775503,-10526317.568162905,196036460124267.84,1529.2688809518447,196036460111921.78,1529.2688810481554,196036460116310.22,1529.2688810139216,196036460119879.4,1529.2688809860786,196036460126379.44,1529.2688809353722,196036460109810.2,1529.268881064628
0.0036949999999999336,0.0006098594350348579,-0.0006003540422409051,0.0006133862317818614,-0.009401037365770595,0.0027128259977096916,-0.012617340703517173,1.126527815077747e-24,-4.67571009932492e-25,2.9119540409219237e-24,71689470.66136657,6.168353375057923e-05,-5.999892021900565e-05,-6.231876375934087e-05,0.5805690451918033,-0.5647133636172424,-0.5865478673707527,-12014373.89449037,1487031.4163680314,560.4427090650239,-10526782.035413275,196036460124242.22,1529.2688809520446,196036460111947.4,1529.2688810479556,196036460116320.88,1529.2688810138384,196036460119868.75,1529.2688809861618,196036460126345.4,1529.2688809356378,196036460109844.25,1529.2688810643622
0.0036999999999999334,0.0006098126249974089,-0.0006003405591086437,0.0006133234043523906,-0.009362007489793465,0.00269662645227112,-0.012565485894166022,1.1218659811566153e-24,-4.650398747450048e-25,2.9056743846732854e-24,71692325.930347,6.16848149859823e-05,-6.00060095186464e-05,-6.231715645492923e-05,0.5805603143814535,-0.5647598644632147,-0.5865117363333826,-12014885.417431626,1487084.6669845977,556.2752250933556,-10527244.475221934,196036460124216.72,1529.2688809522435,196036460111972.94,1529.2688810477566,196036460116331.47,1529.2688810137558,196036460119858.16,1529.2688809862443,196036460126311.5,1529.2688809359022,196036460109878.16,1529.2688810640977
0.003704999999999933,0.0006097660093017664,-0.0006003271565356388,0.0006132608351091363,-0.00932313912851427,0.0026805146009765603,-0.012513848650862762,1.1172230414899565e-24,-4.625215685020976e-25,2.8994217049144945e-24,71695168.45577191,6.168608813645663e-05,-6.0013071660309105e-05,-6.231555258139002e-05,0.5805516045095359,-0.5648062001738002,-0.5864757375600772,-12015394.704817723,1487137.6706543372,552.138110995577,-10527704.89605239,196036460124191.28,1529.2688809524418,196036460111998.34,1529.2688810475584,196036460116342.0,1529.2688810136738,196036460119847.62,1529.2688809863266,196036460126277.72,1529.2688809361657,196036460109911.9,1529.2688810638344
0.003709999999999933,0.0006097195871436297,-0.000600313834085642,0.0006131985229689414,-0.009284431627319428,0.0026644899993521977,-0.012462428038975295,1.1125990790826903e-24,-4.600163132898555e-25,2.8931959381705437e-24,71697998.30091459,6.168735325348746e-05,-6.0020106739016305e-05,-6.231395214792394e-05,0.5805429155896897,-0.5648523712322349,-0.5864398706363202,-12015901.767413124,1487190.428566694,548.0311482867589,-10528163.307698144,196036460124165.97,1529.2688809526394,196036460112023.66,1529.2688810473608,196036460116352.47,1529.268881013592,196036460119837.16,1529.268880986408,196036460126244.06,1529.2688809364283,196036460109945.53,1529.268881063572
0.0037149999999999328,0.0006096733577219861,-0.0006003005913246659,0.000613136466853311,-0.009245884328719553,0.002648552195229784,-0.01241122312607069,1.1079939540478385e-24,-4.57523509991561e-25,2.8869970702878763e-24,71700815.51904748,6.168861036558961e-05,-6.0027114880458065e-05,-6.231235511952959e-05,0.5805342475390896,-0.5648983785264124,-0.5864041348527935,-12016406.614131505,1487242.9416045672,543.9541125607013,-10528619.718414376,196036460124140.75,1529.268880952836,196036460112048.84,1529.2688810471643,196036460116362.9,1529.2688810135105,196036460119826.75,1529.2688809864894,196036460126210.6,1529.2688809366894,196036460109979.0,1529.268881063311
0.0037199999999999326,0.0006096273202390857,-0.0006002874278208799,0.00061307466568841,-0.009207496580071807,0.002632700757198172,-0.012360232980206384,1.1034076494771293e-24,-4.550435283532902e-25,2.880824797754936e-24,71703620.17148022,6.16898595406999e-05,-6.003409617635922e-05,-6.231076153338174e-05,0.5805256003943117,-0.5649442223793298,-0.5863685299255395,-12016909.255389348,1487295.2112955214,539.9068004049577,-10529074.137293423,196036460124115.7,1529.2688809530316,196036460112073.97,1529.2688810469683,196036460116373.28,1529.2688810134298,196036460119816.34,1529.2688809865706,196036460126177.25,1529.2688809369495,196036460110012.34,1529.268881063051
0.0037249999999999324,0.0006095814739004392,-0.0006002743431446747,0.0006130131184050102,-0.009169267729319164,0.002616935241035929,-0.012309456679955325,1.0988399167389335e-24,-4.525762099837563e-25,2.8746789698433053e-24,71706412.31304811,6.16911008323208e-05,-6.0041050728290875e-05,-6.230917138245638e-05,0.5805169742129778,-0.5649899033588716,-0.5863330553133961,-12017409.700413726,1487347.2387653245,535.8889874237329,-10529526.572660979,196036460124090.66,1529.268880953227,196036460112098.97,1529.2688810467735,196036460116383.6,1529.2688810133493,196036460119806.06,1529.2688809866509,196036460126144.03,1529.2688809372087,196036460110045.56,1529.268881062792
0.003729999999999932,0.0006095358179147741,-0.0006002613368686347,0.0006129518239384647,-0.009131197133018725,0.0026012552080092732,-0.012258893309112628,1.0942908842273587e-24,-4.501214251946672e-25,2.868559766254259e-24,71709192.0051145,6.169233428632131e-05,-6.004797866060298e-05,-6.230758465539037e-05,0.5805083689485399,-0.5650354222153708,-0.5862977104019796,-12017907.959637841,1487399.0252227092,531.9004646998748,-10529977.033950433,196036460124065.75,1529.2688809534213,196036460112123.84,1529.2688810465793,196036460116393.84,1529.2688810132693,196036460119795.78,1529.2688809867311,196036460126111.0,1529.2688809374663,196036460110078.62,1529.2688810625339
0.003734999999999932,0.0006094903514940578,-0.0006002484085675153,0.0006128907812287384,-0.00909328414327923,0.0025856602238776257,-0.012208541945247446,1.089760461364395e-24,-4.4767941020027045e-25,2.8624667464700728e-24,71711959.30487876,6.169355995373154e-05,-6.0054880051475654e-05,-6.230600137862987e-05,0.5804997846079318,-0.5650807792690552,-0.5862624949379093,-12018404.042742584,1487450.5718639425,527.9410230529227,-10530425.529855588,196036460124040.97,1529.2688809536146,196036460112148.66,1529.2688810463856,196036460116404.03,1529.2688810131897,196036460119785.6,1529.2688809868105,196036460126078.03,1529.2688809377235,196036460110111.56,1529.268881062277
0.0037399999999999317,0.0006094450738534811,-0.0006002355578182841,0.0006128299892203324,-0.009055528115347601,0.0025701498462164887,-0.012158401681191183,1.085248551598389e-24,-4.452497258640069e-25,2.8563998943802703e-24,71714714.26596747,6.16947778589323e-05,-6.00617550109689e-05,-6.230442151919449e-05,0.5804912211236342,-0.5651259753113449,-0.586227408286915,-12018897.958742838,1487501.8794336673,524.0104497356185,-10530872.068859436,196036460124016.3,1529.268880953807,196036460112173.34,1529.2688810461932,196036460116414.16,1529.2688810131108,196036460119775.47,1529.2688809868894,196036460126045.28,1529.268880937979,196036460110144.34,1529.2688810620211
0.0037449999999999315,0.000609399984211442,-0.000600222784200045,0.0006127694468622808,-0.009017928407815904,0.0025547236478157646,-0.012108471610333404,1.0807550079348489e-24,-4.42832271626446e-25,2.850359149773782e-24,71717456.94496867,6.169598808165119e-05,-6.006860367240831e-05,-6.230284509785839e-05,0.5804826785293281,-0.5651710109436828,-0.5861924498970558,-12019389.717219824,1487552.9497517734,520.108532342278,-10531316.658935709,196036460123991.72,1529.2688809539986,196036460112197.9,1529.2688810460015,196036460116424.25,1529.2688810130321,196036460119765.38,1529.2688809869683,196036460126012.62,1529.2688809382337,196036460110177.0,1529.2688810617665
0.0037499999999999313,0.0006093550817895202,-0.0006002100872940203,0.00061270915310814,-0.008980484384369,0.0025393812049493555,-0.01205875082814977,1.0762795286000834e-24,-4.404273976412613e-25,2.844344409662301e-24,71720187.40003291,6.169719069211187e-05,-6.0075426104753305e-05,-6.230127211512066e-05,0.5804741570628813,-0.5652158864472996,-0.5861576193224232,-12019879.328048073,1487603.7838858692,516.2350705684747,-10531759.309091635,196036460123967.2,1529.26888095419,196036460112222.4,1529.2688810458103,196036460116434.28,1529.268881012954,196036460119755.34,1529.2688809870463,196036460125980.1,1529.2688809384874,196036460110209.5,1529.268881061513
0.003754999999999931,0.0006093103658124245,-0.0006001974666836115,0.0006126491069159716,-0.008943195419147058,0.002524122081759679,-0.012009238433684078,1.0718225651007533e-24,-4.380345705077335e-25,2.8383555372774223e-24,71722905.68734896,6.169838569600303e-05,-6.008222245267678e-05,-6.229970257263663e-05,0.5804656563220407,-0.5652606027833109,-0.5861229160949696,-12020366.80074029,1487654.3829880857,512.3898530150379,-10532200.02789919,196036460123942.8,1529.2688809543804,196036460112246.8,1529.26888104562,196036460116444.25,1529.268881012876,196036460119745.34,1529.2688809871245,196036460125947.72,1529.26888093874,196036460110241.88,1529.2688810612603
0.003759999999999931,0.0006092658355080713,-0.0006001849219543071,0.000612589307248318,-0.008906060870647265,0.002508945860869445,-0.01195993353071864,1.06738395273602e-24,-4.35653983719401e-25,2.832392426229206e-24,71725611.86406335,6.169957313354603e-05,-6.0088992784267994e-05,-6.229813645602837e-05,0.5804571764075867,-0.5653051603653366,-0.5860883397758846,-12020852.144996816,1487704.747754198,508.57267760365477,-10532638.824565014,196036460123918.53,1529.2688809545696,196036460112271.06,1529.2688810454308,196036460116454.2,1529.2688810127984,196036460119735.4,1529.268880987202,196036460125915.5,1529.2688809389913,196036460110274.12,1529.2688810610089
0.0037649999999999307,0.0006092214901075558,-0.0006001724526937161,0.0006125297530721844,-0.00886908010307306,0.002493852118197554,-0.011910835226721761,1.0629634066905787e-24,-4.332858681928037e-25,2.8264548669334154e-24,71728305.98640044,6.170075308991249e-05,-6.0095737195196096e-05,-6.229657379370408e-05,0.580448717478507,-0.5653495595109673,-0.5860538899609077,-12021335.37036006,1487754.879814706,504.7833486847195,-10533075.707196668,196036460123894.38,1529.268880954758,196036460112295.25,1529.268881045242,196036460116464.06,1529.2688810127213,196036460119725.56,1529.2688809872786,196036460125883.38,1529.2688809392419,196036460110306.25,1529.2688810607583
0.0037699999999999305,0.0006091773288451034,-0.0006001600584916078,0.0006124704433590022,-0.008832252490495648,0.0024788404216625325,-0.011861942636423043,1.0585608379658692e-24,-4.309297434547122e-25,2.8205428941253345e-24,71730988.10668273,6.170192559796463e-05,-6.010245580633352e-05,-6.229501455764606e-05,0.5804402794701454,-0.5653938010359448,-0.5860195659862781,-12021816.485646032,1487804.7801121266,501.02166201874076,-10533510.683871888,196036460123870.3,1529.2688809549456,196036460112319.34,1529.268881045054,196036460116473.88,1529.268881012645,196036460119715.75,1529.2688809873553,196036460125851.44,1529.268880939491,196036460110338.22,1529.2688810605089
0.0037749999999999303,0.0006091333509580531,-0.0006001477389398287,0.0006124113770846355,-0.00879557741006969,0.0024639103558294637,-0.011813254873348644,1.05417613302442e-24,-4.285856120333423e-25,2.8146559871723923e-24,71733658.27632621,6.170309070246918e-05,-6.010914870699181e-05,-6.229345877485405e-05,0.5804318623133565,-0.5654378853452405,-0.5859853675884333,-12022295.499520252,1487854.4498876666,497.28741632167106,-10533943.762216264,196036460123846.3,1529.2688809551328,196036460112343.3,1529.2688810448672,196036460116483.62,1529.268881012569,196036460119706.0,1529.2688809874312,196036460125819.56,1529.2688809397398,196036460110370.03,1529.2688810602606
0.00377999999999993,0.0006090895556868386,-0.0006001354936323028,0.0006123525532292902,-0.008759054242883486,0.002449061505175839,-0.011764771069062643,1.0498094604659027e-24,-4.262533605138148e-25,2.8087947124479275e-24,71736316.55790684,6.170424845952753e-05,-6.011581603420592e-05,-6.229190641962714e-05,0.5804234660308782,-0.565481813277977,-0.5859512939934111,-12022772.422713835,1487903.8904204555,493.58040759303236,-10534374.951885786,196036460123822.44,1529.2688809553192,196036460112367.2,1529.268881044681,196036460116493.34,1529.268881012493,196036460119696.28,1529.2688809875071,196036460125787.88,1529.268880939987,196036460110401.75,1529.2688810600132
0.00378499999999993,0.0006090459422750177,-0.0006001233221650123,0.0006122939707776127,-0.008722682364184003,0.0024342934581085404,-0.011716490335506457,1.0454605428911762e-24,-4.239332425160501e-25,2.8029585934821153e-24,71738963.00378127,6.17053989169778e-05,-6.0122457844819625e-05,-6.229035750409812e-05,0.5804150907203058,-0.5655255850671984,-0.5859173449374427,-12023247.264075669,1487953.1025985754,489.9004499660778,-10534804.26102713,196036460123798.66,1529.2688809555048,196036460112391.0,1529.2688810444952,196036460116503.0,1529.2688810124178,196036460119686.62,1529.2688809875824,196036460125756.3,1529.2688809402332,196036460110433.3,1529.268881059767
0.0037899999999999297,0.0006090025099692235,-0.0006001112241360411,0.000612235628718607,-0.008686461158829026,0.002419605794247491,-0.011668411801129356,1.0411292873664007e-24,-4.216247953222861e-25,2.797147369270456e-24,71741597.66273032,6.170654211069888e-05,-6.0129074260410836e-05,-6.228881202809492e-05,0.5804067362440428,-0.5655692014349606,-0.585883519917363,-12023720.031798055,1488002.0876247534,486.24734163998517,-10535231.69683166,196036460123774.94,1529.2688809556898,196036460112414.66,1529.2688810443105,196036460116512.6,1529.268881012343,196036460119677.0,1529.2688809876574,196036460125724.84,1529.2688809404785,196036460110464.75,1529.2688810595218
0.0037949999999999295,0.0006089592580191491,-0.0006000991991454949,0.0006121775260455899,-0.00865039001489614,0.0024049981092440133,-0.011620534603423412,1.0368161829475109e-24,-4.193282980693678e-25,2.7913612568441382e-24,71744220.60014296,6.17076780756911e-05,-6.013566538992676e-05,-6.228727000058336e-05,0.5803984024686722,-0.5656126629962039,-0.5858498185287383,-12024190.737157261,1488050.8466699827,482.62088846461523,-10535657.269598816,196036460123751.38,1529.2688809558736,196036460112438.25,1529.2688810441266,196036460116522.16,1529.2688810122681,196036460119667.47,1529.268880987732,196036460125693.56,1529.2688809407227,196036460110496.06,1529.2688810592774
0.0037999999999999293,0.0006089161856776315,-0.0006000872467955495,0.0006121196617562281,-0.008614468303519017,0.002390469989078406,-0.011572857872361408,1.0325203494853838e-24,-4.170437282449501e-25,2.7855999598717344e-24,71746831.86136916,6.170880689923525e-05,-6.014223130236194e-05,-6.228573141201225e-05,0.5803900897693358,-0.5656559700060995,-0.5858162402101883,-12024659.387724381,1488099.3808622262,479.02090518958283,-10536080.985956963,196036460123727.88,1529.268880956057,196036460112461.75,1529.268881043943,196036460116531.66,1529.268881012194,196036460119657.97,1529.268880987806,196036460125662.38,1529.268880940966,196036460110527.25,1529.2688810590341
0.003804999999999929,0.0006088732922004999,-0.0006000753666904469,0.0006120620348524872,-0.008578695426325127,0.0023760210205109353,-0.011525380748182861,1.0282421669359043e-24,-4.14770616545304e-25,2.779863364484834e-24,71749431.49947922,6.170992857593977e-05,-6.014877211804964e-05,-6.228419624726258e-05,0.5803817978023228,-0.5656991233512255,-0.5857827845024116,-12025125.992502023,1488147.6909378192,475.4471909122788,-10536502.854373291,196036460123704.5,1529.2688809562394,196036460112485.16,1529.2688810437608,196036460116541.12,1529.2688810121203,196036460119648.53,1529.2688809878796,196036460125631.34,1529.2688809412082,196036460110558.28,1529.2688810587922
0.003809999999999929,0.0006088305768466411,-0.0006000635584364142,0.0006120046443406119,-0.008543070771777921,0.0023616508065614434,-0.011478102375072408,1.0239815127044375e-24,-4.125092019529552e-25,2.7741515416634046e-24,71752019.57215036,6.171104318698801e-05,-6.015528794349287e-05,-6.228266452303852e-05,0.5803735267047279,-0.5657421234626737,-0.5857494509090566,-12025590.561359977,1488195.7784882195,471.8995614852675,-10536922.883310271,196036460123681.2,1529.2688809564213,196036460112508.44,1529.268881043579,196036460116550.53,1529.268881012047,196036460119639.12,1529.268880987953,196036460125600.44,1529.268880941449,196036460110589.2,1529.268881058551
0.0038149999999999287,0.0006087880388779782,-0.0006000518216417043,0.0006119474892311381,-0.008507593732588284,0.0023473589419699442,-0.011431021894755491,1.019738143725976e-24,-4.102594323526915e-25,2.768463825432833e-24,71754596.12554494,6.171215076371677e-05,-6.016177884644326e-05,-6.228113625649854e-05,0.5803652764208724,-0.565784970675758,-0.585716239216872,-12026053.102037795,1488243.6443972203,468.3778355280877,-10537341.079805048,196036460123657.97,1529.2688809566023,196036460112531.62,1529.268881043398,196036460116559.84,1529.2688810119744,196036460119629.78,1529.268880988026,196036460125569.62,1529.2688809416895,196036460110619.97,1529.2688810583109
0.0038199999999999285,0.0006087456775594288,-0.0006000401559165879,0.0006118905685387779,-0.008472263709888378,0.002333145023282044,-0.011384138472031029,1.015512562807104e-24,-4.0802129108434537e-25,2.7628008417333458e-24,71757161.22478226,6.17132513438964e-05,-6.0168244964221885e-05,-6.227961142928073e-05,0.5803570468338336,-0.565827665861006,-0.5856831487558759,-12026513.625795215,1488291.2898609394,464.881812952571,-10537757.454121323,196036460123634.9,1529.2688809567821,196036460112554.75,1529.2688810432178,196036460116569.16,1529.2688810119016,196036460119620.47,1529.2688809880985,196036460125538.97,1529.2688809419287,196036460110650.66,1529.2688810580714
0.0038249999999999283,0.0006087034921589918,-0.0006000285608733499,0.0006118338812825279,-0.008437080087390034,0.0023190086476205596,-0.011337451250011505,1.0113038987888278e-24,-4.057944536403784e-25,2.757162194323291e-24,71759714.90987046,6.171434499068569e-05,-6.0174686369272064e-05,-6.227809001673849e-05,0.5803488382053255,-0.5658702094148057,-0.5856501789383941,-12026972.139240863,1488338.7157168926,461.4113130574835,-10538172.012210913,196036460123611.88,1529.2688809569618,196036460112577.75,1529.2688810430384,196036460116578.4,1529.2688810118295,196036460119611.22,1529.2688809881708,196036460125508.47,1529.2688809421666,196036460110681.2,1529.2688810578334
0.003829999999999928,0.0006086614819475969,-0.0006000170361262331,0.0006117774264856002,-0.008402042278987415,0.002304949423351252,-0.011290959385537662,1.0071125296660762e-24,-4.035792714323715e-25,2.7515474485447804e-24,71762257.23800007,6.171543173577098e-05,-6.0181103146336346e-05,-6.227657206771138e-05,0.5803406503278143,-0.5659126016799273,-0.5856173296931587,-12027428.652182011,1488385.9232470582,457.9661567758312,-10538584.762778176,196036460123588.97,1529.2688809571405,196036460112600.66,1529.2688810428597,196036460116587.6,1529.268881011758,196036460119602.03,1529.2688809882422,196036460125478.03,1529.2688809424042,196036460110711.6,1529.2688810575962
0.003834999999999928,0.0006086196461991695,-0.0006000055812914998,0.0006117212031753476,-0.008367149685478602,0.002290966946664816,-0.011244662050509472,1.0029382799517793e-24,-4.0137534404791345e-25,2.7459570675729264e-24,71764788.26177976,6.171651162154579e-05,-6.018749541210745e-05,-6.22750575262128e-05,0.5803324832968068,-0.5659548434965261,-0.5855846001675457,-12027883.173571425,1488432.9132145902,454.5461542587348,-10538995.714202575,196036460123566.16,1529.2688809573185,196036460112623.47,1529.2688810426819,196036460116596.72,1529.2688810116867,196036460119592.9,1529.2688809883134,196036460125447.78,1529.26888094264,196036460110741.84,1529.2688810573602
0.0038399999999999277,0.0006085779841906008,-0.0005999941959873616,0.0006116652103833437,-0.00833240171374163,0.002277060827624705,-0.011198558400779662,9.987812740060542e-25,-3.9918281621019686e-25,2.7403905472085194e-24,71767308.03372198,6.171758470053283e-05,-6.019386327065599e-05,-6.227354644767187e-05,0.5803243369537813,-0.5659969352450765,-0.5855519902044009,-12028335.712363696,1488479.687278555,451.15112893565504,-10539404.873956207,196036460123543.44,1529.2688809574956,196036460112646.2,1529.2688810425045,196036460116605.8,1529.2688810116158,196036460119583.8,1529.2688809883844,196036460125417.62,1529.2688809428753,196036460110772.0,1529.2688810571249
0.0038449999999999275,0.000608536495201769,-0.0005999828798340052,0.0006116094471452953,-0.008297797766345935,0.002263230671280265,-0.01115264760966953,9.946411121083997e-25,-3.9700138305227123e-25,2.7348480644339354e-24,71769816.60211809,6.171865102128317e-05,-6.020020681774425e-05,-6.227203878694485e-05,0.5803162114623889,-0.5660388775781654,-0.5855194990638577,-12028786.276727637,1488526.2461760405,447.78089201688505,-10539812.249659577,196036460123520.8,1529.2688809576723,196036460112668.8,1529.2688810423278,196036460116614.88,1529.268881011545,196036460119574.75,1529.268880988455,196036460125387.6,1529.2688809431095,196036460110802.0,1529.268881056891
0.0038499999999999273,0.0006084951785154704,-0.000599971632453539,0.0006115539125010735,-0.008263337259709739,0.002249476093243317,-0.011106928844368617,9.905179669611903e-25,-3.948313059709239e-25,2.7293293565225523e-24,71772314.02203594,6.17197106198348e-05,-6.020652613411192e-05,-6.227053456688792e-05,0.5803081067372554,-0.5660806708786721,-0.5854871265131069,-12029234.87609676,1488572.5909811587,444.43527491388977,-10540217.849840688,196036460123498.25,1529.2688809578483,196036460112691.38,1529.2688810421519,196036460116623.88,1529.2688810114748,196036460119565.78,1529.2688809885253,196036460125357.72,1529.2688809433425,196036460110831.9,1529.2688810566576
0.003854999999999927,0.0006084540334174491,-0.0005999604534700386,0.0006114986054946677,-0.008229019604267786,0.0022357967000692838,-0.011061401281168932,9.864120043917725e-25,-3.92672344804997e-25,2.7238341482075018e-24,71774800.34316474,6.172076350256535e-05,-6.021282131472448e-05,-6.226903378511485e-05,0.5803000225446738,-0.566122315790224,-0.5854548722138752,-12029681.518912178,1488618.7224333042,441.1140960301619,-10540621.682382843,196036460123475.84,1529.268880958023,196036460112713.8,1529.268881041977,196036460116632.8,1529.268881011405,196036460119556.8,1529.2688809885951,196036460125327.97,1529.2688809435747,196036460110861.7,1529.2688810564252
0.003859999999999927,0.0006084130591964256,-0.0005999493425095055,0.0006114435251741382,-0.008194844204709537,0.0022221921066342518,-0.011016064105899429,9.823225407453112e-25,-3.905245909285037e-25,2.7183625185488216e-24,71777275.61413878,6.172180977594006e-05,-6.021909245415081e-05,-6.226753644040434e-05,0.5802919592724783,-0.5661638126406909,-0.5854227355167074,-12030126.213431258,1488664.6420915509,437.8171819541538,-10541023.754157752,196036460123453.47,1529.2688809581975,196036460112736.16,1529.2688810418026,196036460116641.72,1529.2688810113357,196036460119547.94,1529.2688809886645,196036460125298.3,1529.268880943806,196036460110891.34,1529.2688810561938
0.0038649999999999267,0.0006083722551439786,-0.0005999382991998823,0.0006113886705916299,-0.008160810489410477,0.002208661924648548,-0.010970916501649934,9.78249875734621e-25,-3.883875937546898e-25,2.7129143196112478e-24,71779739.8840031,6.172284943232041e-05,-6.02253396611976e-05,-6.226604251427396e-05,0.5802839166080038,-0.5662051622546628,-0.5853907159856964,-12030568.9679862,1488710.350560008,434.5443454171497,-10541424.073080774,196036460123431.22,1529.268880958371,196036460112758.4,1529.2688810416291,196036460116650.56,1529.2688810112666,196036460119539.06,1529.2688809887336,196036460125268.75,1529.2688809440365,196036460110920.84,1529.268881055964
0.0038699999999999265,0.0006083316205545968,-0.0005999273231709751,0.0006113340408033468,-0.008126917876362187,0.002195205781433606,-0.010925957656635663,9.741941429934475e-25,-3.86261763819672e-25,2.7074894998264883e-24,71782193.21024096,6.172388253478293e-05,-6.0231563029652726e-05,-6.226455203976402e-05,0.5802758945612946,-0.5662463649813511,-0.5853588133243539,-12031009.792484732,1488755.849320635,431.29542640078165,-10541822.647737697,196036460123409.06,1529.2688809585438,196036460112780.56,1529.2688810414563,196036460116659.38,1529.2688810111977,196036460119530.25,1529.2688809888025,196036460125239.38,1529.268880944266,196036460110950.25,1529.2688810557343
0.0038749999999999262,0.0006082911547257021,-0.0005999164140545246,0.0006112796348695425,-0.008093165778926353,0.0021818232900873546,-0.010881186760858476,9.70154724145529e-25,-3.84147015609222e-25,2.702087987236034e-24,71784635.63748904,6.172490913267288e-05,-6.0237762615752496e-05,-6.226306497556384e-05,0.5802678934101099,-0.5662874212038125,-0.585327026937702,-12031448.694453232,1488801.138837438,428.07025197144844,-10542219.485363822,196036460123387.0,1529.268880958716,196036460112802.66,1529.268881041284,196036460116668.12,1529.2688810111297,196036460119521.5,1529.2688809888707,196036460125210.1,1529.2688809444942,196036460110979.53,1529.268881055506
0.003879999999999926,0.0006082508569575428,-0.0005999055714841913,0.0006112254518545084,-0.008059553631889031,0.002168514066670463,-0.01083660300681332,9.6613191919286e-25,-3.820430910272179e-25,2.6967095425807363e-24,71787067.215718,6.172592924321449e-05,-6.0243938535049305e-05,-6.226158133614043e-05,0.5802599128704634,-0.566328331608942,-0.5852953564932787,-12031885.682416977,1488846.2202409816,424.86864620659367,-10542614.593529789,196036460123365.03,1529.2688809588874,196036460112824.6,1529.2688810411128,196036460116676.78,1529.2688810110621,196036460119512.8,1529.2688809889385,196036460125180.97,1529.2688809447213,196036460111008.7,1529.2688810552786
0.003884999999999926,0.0006082107265532445,-0.0005998947950955104,0.000611171490826532,-0.008026080859642355,0.0021552777361856425,-0.010792205595284553,9.621258033308339e-25,-3.7994992873352566e-25,2.691354263562234e-24,71789487.99815622,6.172694293112764e-05,-6.0250090918542396e-05,-6.226010114015168e-05,0.5802519528933433,-0.566369096821997,-0.5852638014848489,-12032320.76551821,1488891.0952047198,421.69042967572716,-10543007.979883814,196036460123343.12,1529.2688809590582,196036460112846.5,1529.268881040942,196036460116685.47,1529.2688810109942,196036460119504.16,1529.268880989006,196036460125151.94,1529.268880944948,196036460111037.72,1529.2688810550521
0.0038899999999999256,0.0006081707628188247,-0.0005998840845258816,0.0006111177508579136,-0.007992746883973225,0.002142113925760806,-0.01074799372367155,9.581358007745298e-25,-3.7786783791348293e-25,2.686021936732748e-24,71791898.03139812,6.172795024371787e-05,-6.025621978965115e-05,-6.225862435903156e-05,0.5802440138041545,-0.5664097169818264,-0.5852323615052498,-12032753.951658024,1488935.7640214332,418.53545444371207,-10543399.652182145,196036460123321.3,1529.2688809592285,196036460112868.3,1529.2688810407717,196036460116694.06,1529.2688810109273,196036460119495.56,1529.2688809890728,196036460125123.03,1529.2688809451734,196036460111066.62,1529.2688810548266
0.0038949999999999254,0.0006081309650630916,-0.0005998734394146225,0.0006110642310249298,-0.007959551146617288,0.002129022251811777,-0.010703966596768833,9.54162341356062e-25,-3.7579611077459317e-25,2.6807122681113513e-24,71794297.36119677,6.172895118393639e-05,-6.02623252999557e-05,-6.225715101006949e-05,0.5802360951093337,-0.5664501930393067,-0.5852010361730441,-12033185.248600146,1488980.2280155853,415.4035327447175,-10543789.617051817,196036460123299.6,1529.2688809593978,196036460112890.0,1529.2688810406025,196036460116702.62,1529.2688810108605,196036460119487.0,1529.2688809891397,196036460125094.22,1529.2688809453982,196036460111095.4,1529.2688810546022
0.0038999999999999252,0.0006080913325977195,-0.0005998628594028461,0.000611010930407782,-0.007926493074418152,0.002116002355276681,-0.010660123429556235,9.502052706700784e-25,-3.7373525510509874e-25,2.675425496693446e-24,71796686.04402821,6.172994582244158e-05,-6.026840751839795e-05,-6.225568108850537e-05,0.580228197063077,-0.5664905252767919,-0.5851698250119836,-12033614.66609727,1489024.488226159,412.29451233862454,-10544177.883358773,196036460123278.0,1529.2688809595666,196036460112911.62,1529.2688810404338,196036460116711.12,1529.268881010794,196036460119478.47,1529.2688809892063,196036460125065.56,1529.2688809456217,196036460111124.1,1529.2688810543782
0.003904999999999925,0.0006080518647372217,-0.0005998523441335486,0.0006109578480906384,-0.007893572099568978,0.0021030538595007233,-0.010616463428733314,9.462643713425323e-25,-3.716851154633543e-25,2.6701613276254057e-24,71799064.12425704,6.17309341843192e-05,-6.027446651594134e-05,-6.225421458082825e-05,0.5802203196570147,-0.5665307141572332,-0.5851387276309841,-12034042.211663658,1489068.5452667023,409.2082206314479,-10544564.458176324,196036460123256.47,1529.2688809597344,196036460112933.16,1529.2688810402658,196036460116719.6,1529.2688810107281,196036460119470.03,1529.268880989272,196036460125037.0,1529.2688809458446,196036460111152.62,1529.2688810541556
0.003909999999999925,0.0006080125607989127,-0.0005998418932515826,0.0006109049831615823,-0.007860787661794108,0.002090176393214568,-0.010572985811215182,9.42339801523157e-25,-3.6964530025321067e-25,2.6649199223867473e-24,71801431.65196882,6.17319163158151e-05,-6.028050243943495e-05,-6.225275148888809e-05,0.5802124627311311,-0.566570760514268,-0.585107743430011,-12034467.893879205,1489112.4006504726,406.14449040371466,-10544949.348738328,196036460123235.03,1529.2688809599015,196036460112954.6,1529.2688810400984,196036460116728.03,1529.2688810106622,196036460119461.56,1529.2688809893382,196036460125008.6,1529.268880946066,196036460111181.06,1529.2688810539337
0.003914999999999925,0.0006079734201029361,-0.000599831506403589,0.0006108523347126407,-0.0078281391953386,0.0020773695987161864,-0.010529689788322298,9.384311291593293e-25,-3.6761619739784093e-25,2.6597006568806635e-24,71803788.67092049,6.173289225495902e-05,-6.028651530847722e-05,-6.225129182175071e-05,0.5802046264442309,-0.5666106643718707,-0.5850768722764366,-12034891.720156457,1489156.054874419,403.10316722001954,-10545332.562114818,196036460123213.7,1529.2688809600681,196036460112975.94,1529.268881039932,196036460116736.4,1529.268881010597,196036460119453.22,1529.2688809894032,196036460124980.25,1529.268880946287,196036460111209.38,1529.268881053713
0.003919999999999924,0.000607934441972189,-0.0005998211832380646,0.0006107999018396757,-0.007795626149416483,0.0020646331048634965,-0.010486574592997688,9.345386860154109e-25,-3.655974868850101e-25,2.6545037639026316e-24,71806135.23331478,6.173386203524879e-05,-6.029250526366126e-05,-6.224983557866326e-05,0.5801968105842725,-0.5666504265703963,-0.5850461136144961,-12035313.699480623,1489199.5092780483,400.08408094580545,-10545714.10612163,196036460123192.44,1529.268880960234,196036460112997.2,1529.2688810397663,196036460116744.75,1529.2688810105317,196036460119444.9,1529.268880989468,196036460124952.03,1529.2688809465074,196036460111237.56,1529.268881053493
0.003924999999999924,0.0006078956257323802,-0.0005998109234053066,0.0006107476836424251,-0.007763247961747416,0.0020519665516016156,-0.010443639450118907,9.306620578964361e-25,-3.635890774625237e-25,2.6493291264635225e-24,71808471.38284577,6.173482570216519e-05,-6.029847237636009e-05,-6.224838273735532e-05,0.5801890152963419,-0.5666900475380632,-0.5850154669329426,-12035733.839255918,1489242.7645734258,397.0870810282251,-10546093.987601465,196036460123171.28,1529.268880960399,196036460113018.38,1529.2688810396012,196036460116753.0,1529.2688810104673,196036460119436.6,1529.268880989533,196036460124923.97,1529.2688809467263,196036460111265.62,1529.268881053274
0.003929999999999924,0.0006078569707119582,-0.0005998007265573964,0.0006106956792244821,-0.007731004084401332,0.0020393695820372006,-0.010400883588616733,9.268013711052976e-25,-3.6159136129869747e-25,2.6441769116462548e-24,71810797.17552646,6.173578330889804e-05,-6.03044167271897e-05,-6.224693330245443e-05,0.5801812406591197,-0.5667295276540649,-0.5849849318335006,-12036152.149192346,1489285.8218290855,394.1120001805035,-10546472.215363082,196036460123150.16,1529.2688809605636,196036460113039.47,1529.2688810394366,196036460116761.25,1529.268881010403,196036460119428.38,1529.268880989597,196036460124896.03,1529.2688809469441,196036460111293.6,1529.268881053056
0.003934999999999924,0.0006078184762421328,-0.000599790592348268,0.0006106438876933239,-0.007698893965072252,0.0020268418256897767,-0.010358306231633165,9.229566174256316e-25,-3.596038663794452e-25,2.6390464563109593e-24,71813112.65025207,6.173673486428944e-05,-6.031033841484798e-05,-6.22454872932496e-05,0.5801734863720868,-0.5667688675039143,-0.5849545080937394,-12036568.635816466,1489328.6820172174,391.15868762489447,-10546848.795111625,196036460123129.2,1529.2688809607273,196036460113060.44,1529.2688810392729,196036460116769.44,1529.2688810103393,196036460119420.2,1529.2688809896608,196036460124868.22,1529.2688809471613,196036460111321.44,1529.2688810528387
0.003939999999999924,0.0006077801416568742,-0.0005997805204336258,0.0006105923081601975,-0.007666917051738863,0.002014382928432351,-0.010315906625285457,9.191275262801794e-25,-3.576263382356453e-25,2.6339380286881187e-24,71815417.8533253,6.173768042775895e-05,-6.0316237551599075e-05,-6.224404468356968e-05,0.5801657525530277,-0.566808067744584,-0.5849241950066949,-12036983.307042198,1489371.3462564878,388.2269720281363,-10547223.733813684,196036460123108.25,1529.2688809608906,196036460113081.34,1529.2688810391098,196036460116777.6,1529.2688810102757,196036460119412.03,1529.2688809897247,196036460124840.47,1529.2688809473777,196036460111349.16,1529.2688810526226
0.003944999999999923,0.0006077419662928655,-0.000599770510470901,0.0006105409397401656,-0.0076350728017543145,0.0020019925449543106,-0.010273684006397702,9.153144137970971e-25,-3.5565943606370583e-25,2.628851527260171e-24,71817712.84174065,6.1738620031546e-05,-6.032211419080069e-05,-6.224260549631482e-05,0.5801580391757138,-0.5668471285880163,-0.5848939924390674,-12037396.172771161,1489413.815379642,385.3167108657472,-10547597.040680654,196036460123087.44,1529.268880961053,196036460113102.2,1529.2688810389473,196036460116785.72,1529.2688810102122,196036460119403.94,1529.2688809897877,196036460124812.84,1529.2688809475933,196036460111376.78,1529.268881052407
0.003949999999999923,0.0006077039494895579,-0.0005997605621193654,0.0006104897815520891,-0.007603360661519132,0.0019896703071064113,-0.01023163761531119,9.11516873060137e-25,-3.537026242557009e-25,2.6237869431968954e-24,71819997.65529548,6.173955371191468e-05,-6.032796843125893e-05,-6.224116969296023e-05,0.5801503462943544,-0.5668860507146082,-0.5848638997234616,-12037807.239711542,1489456.0901100978,382.4277473535709,-10547968.721854089,196036460123066.72,1529.2688809612146,196036460113122.94,1529.2688810387854,196036460116793.75,1529.2688810101495,196036460119395.88,1529.2688809898507,196036460124785.38,1529.2688809478072,196036460111404.28,1529.2688810521925
0.003954999999999923,0.0006076660905891002,-0.000599750675040039,0.0006104388327186258,-0.007571780091531925,0.0019774158652961726,-0.010189766692673144,9.077347597165354e-25,-3.517558714308575e-25,2.6187437556926632e-24,71822272.3359778,6.174048151161343e-05,-6.033380035607767e-05,-6.223973730356663e-05,0.5801426738333162,-0.5669248344704996,-0.5848339166448258,-12038216.514996147,1489498.1716611385,379.5599224924714,-10548338.783412518,196036460123046.03,1529.268880961376,196036460113143.6,1529.2688810386244,196036460116801.78,1529.268881010087,196036460119387.88,1529.268880989913,196036460124758.0,1529.268880948021,196036460111431.66,1529.268881051979
0.003959999999999923,0.0006076283889363137,-0.0005997408488956839,0.0006103880923661399,-0.007540330557292576,0.0019652288710183385,-0.010148070497174708,9.039683510800572e-25,-3.4981911689502703e-25,2.6137219833779343e-24,71824536.93347135,6.1741403441941e-05,-6.0339610056629595e-05,-6.223830832018173e-05,0.5801350216164871,-0.566963480469804,-0.5848040428276845,-12038624.007178562,1489540.0607454265,376.71308972501924,-10548707.233343411,196036460123025.5,1529.268880961536,196036460113164.12,1529.268881038464,196036460116809.72,1529.268881010025,196036460119379.88,1529.2688809899753,196036460124730.7,1529.268880948234,196036460111458.9,1529.2688810517664
0.003964999999999923,0.0006075908438787403,-0.0005997310833507945,0.0006103375596247056,-0.007509011514693109,0.0019531089778704717,-0.010106548286861552,9.002173534512165e-25,-3.4789229170147068e-25,2.608722203691251e-24,71826791.49777845,6.174231958006931e-05,-6.034539764457992e-05,-6.22368827065935e-05,0.5801273899056671,-0.5670019893400715,-0.5847742774486916,-12039029.724886548,1489581.7585405724,373.887085514914,-10549074.07926046,196036460123005.0,1529.2688809616961,196036460113184.6,1529.2688810383045,196036460116817.66,1529.268881009963,196036460119371.94,1529.2688809900374,196036460124703.6,1529.2688809484453,196036460111486.06,1529.2688810515547
0.003969999999999922,0.0006075534547665913,-0.0005997213780715853,0.0006102872336282068,-0.0074778224298011065,0.0019410558418388763,-0.01006519929977331,8.96481962148835e-25,-3.459757199267186e-25,2.6037433294482673e-24,71829036.07171606,6.174322993007834e-05,-6.035116316115071e-05,-6.223546052888997e-05,0.5801197783985443,-0.5670403611665531,-0.5847446207695536,-12039433.675416635,1489623.2659093135,371.0817767280677,-10549439.327730594,196036460122984.62,1529.2688809618548,196036460113205.0,1529.2688810381453,196036460116825.53,1529.2688810099016,196036460119364.06,1529.2688809900988,196036460124676.5,1529.2688809486567,196036460111513.1,1529.2688810513437
0.003974999999999922,0.0006075162209527817,-0.0005997117327260469,0.0006102371135141487,-0.007446762761917106,0.001929069107681845,-0.010024022811616394,8.927615826536101e-25,-3.440692000727675e-25,2.5987861752824215e-24,71831270.7028397,6.174413458336389e-05,-6.0356906714891424e-05,-6.223404172254583e-05,0.580112187545277,-0.567078596600427,-0.584715071756427,-12039835.866948392,1489664.5838889114,368.29700468687804,-10549802.986054793,196036460122964.28,1529.2688809620138,196036460113225.34,1529.2688810379864,196036460116833.38,1529.2688810098405,196036460119356.25,1529.2688809901597,196036460124649.6,1529.2688809488666,196036460111540.03,1529.2688810511336
0.003979999999999922,0.000607479141792827,-0.0005997021469839112,0.0006101871984237994,-0.007415831990939461,0.0019171484271388053,-0.009983018069873286,8.8905696430682e-25,-3.4217222915917477e-25,2.5938499701848377e-24,71833495.43307595,6.174503348225827e-05,-6.036262840487924e-05,-6.223262631185735e-05,0.5801046166128886,-0.5671166964160828,-0.5846856304293123,-12040236.306617403,1489705.7129584667,365.53261684734275,-10550165.061042087,196036460122944.1,1529.2688809621711,196036460113245.56,1529.2688810378288,196036460116841.2,1529.2688810097795,196036460119348.44,1529.2688809902206,196036460124622.78,1529.2688809490758,196036460111566.84,1529.2688810509244
0.003984999999999922,0.0006074422166449729,-0.0005996926205165643,0.0006101374875020557,-0.007385029570804717,0.0019052934693755306,-0.00994218434873897,8.853671868190433e-25,-3.402851118175805e-25,2.5889348476252787e-24,71835710.30519706,6.17459267415857e-05,-6.036832829503525e-05,-6.223121428612123e-05,0.5800970661637767,-0.5671546607393637,-0.584656296151676,-12040635.00172985,1489746.6544324209,362.7884713405169,-10550525.558826087,196036460122923.94,1529.2688809623285,196036460113265.7,1529.2688810376717,196036460116848.94,1529.268881009719,196036460119340.7,1529.268880990281,196036460124596.06,1529.2688809492843,196036460111593.53,1529.2688810507163
0.0039899999999999216,0.0006074054448700363,-0.0005996831529970993,0.0006100879798974668,-0.007354354987333929,0.001893503893003475,-0.009901520917784215,8.816928024672712e-25,-3.384079721125259e-25,2.584040839802913e-24,71837915.37220664,6.174681436201699e-05,-6.0374006470294734e-05,-6.222980564628839e-05,0.5800895359465833,-0.567192490146228,-0.5846270686574464,-12041031.961489452,1489787.4089608348,360.0644260071237,-10550884.48810261,196036460122903.88,1529.268880962485,196036460113285.75,1529.2688810375153,196036460116856.62,1529.268881009659,196036460119333.0,1529.2688809903411,196036460124569.5,1529.2688809494914,196036460111620.12,1529.2688810505088
0.003994999999999921,0.0006073688258315002,-0.0005996737441003377,0.0006100386747622395,-0.007323807707213863,0.001881779352335731,-0.009861027045464217,8.780334945114521e-25,-3.365405818993522e-25,2.5791675588904896e-24,71840110.67235547,6.174769638563219e-05,-6.0379663015242066e-05,-6.222840040053609e-05,0.580082025946061,-0.567230185059534,-0.5845979475944473,-12041427.192370836,1489827.9775866186,357.36033288008827,-10551241.854451336,196036460122883.9,1529.2688809626407,196036460113305.72,1529.2688810373595,196036460116864.28,1529.2688810095995,196036460119325.34,1529.2688809904007,196036460124543.0,1529.268880949698,196036460111646.62,1529.268881050302
0.003999999999999921,0.0006073323588954597,-0.0005996643935027897,0.0006099895712521711,-0.007293387208105119,0.0018701195095897297,-0.009820702013670893,8.743892186753745e-25,-3.346826626594731e-25,2.5743153721638773e-24,71842296.25226852,6.174857286224906e-05,-6.038529805132852e-05,-6.222699852452277e-05,0.580074536184744,-0.5672677462140475,-0.5845689322700012,-12041820.702408005,1489868.3614424346,354.67603682087645,-10551597.66492875,196036460122864.0,1529.268880962796,196036460113325.62,1529.2688810372042,196036460116871.94,1529.2688810095397,196036460119317.72,1529.2688809904603,196036460124516.62,1529.2688809499039,196036460111672.97,1529.2688810500965
0.004004999999999921,0.0006072960434306137,-0.0005996551008826066,0.0006099406685267133,-0.007263092969202297,0.0018585240366325057,-0.009780545091571466,8.707599703609514e-25,-3.328344190829021e-25,2.5694837589873738e-24,71844472.15504307,6.17494438120521e-05,-6.039091163075386e-05,-6.222560003927472e-05,0.5800670665699083,-0.5673051738531891,-0.5845400225821876,-12042212.498978782,1489908.561242078,352.01141115786396,-10551951.926325545,196036460122844.2,1529.2688809629506,196036460113345.44,1529.2688810370496,196036460116879.5,1529.2688810094805,196036460119310.1,1529.2688809905198,196036460124490.38,1529.2688809501087,196036460111699.25,1529.2688810498914
0.004009999999999921,0.0006072598788082644,-0.0005996458659196154,0.0006098919657488815,-0.0072329244698593025,0.0018469925982393673,-0.009740555566371186,8.671456857660057e-25,-3.309957604697301e-25,2.564672767565105e-24,71846638.42505966,6.175030925499708e-05,-6.03965038260338e-05,-6.222420491663316e-05,0.5800596171012117,-0.5673424685034428,-0.5845112180624216,-12042602.589708876,1489948.5774566343,349.3663014178409,-10552304.645950822,196036460122824.47,1529.2688809631043,196036460113365.16,1529.268881036896,196036460116887.06,1529.2688810094216,196036460119302.56,1529.2688809905785,196036460124464.22,1529.268880950313,196036460111725.38,1529.2688810496877
0.0040149999999999205,0.0006072238644023062,-0.0005996366882953037,0.0006098434620852634,-0.007202881191640544,0.001835524862328028,-0.009700732723605221,8.635463589815155e-25,-3.291667234500684e-25,2.559882386919945e-24,71848795.10868025,6.175116924695831e-05,-6.0402074739331533e-05,-6.222281317326158e-05,0.5800521877676903,-0.5673796306291413,-0.5844825183126141,-12042990.982596172,1489988.4114512093,346.74057768073845,-10552655.830567282,196036460122804.84,1529.2688809632575,196036460113384.78,1529.2688810367429,196036460116894.56,1529.2688810093632,196036460119295.06,1529.2688809906372,196036460124438.2,1529.2688809505157,196036460111751.44,1529.2688810494842
0.00401999999999992,0.0006071879995892246,-0.000599627567692826,0.0006097951567060174,-0.007172962616315154,0.0018241204955471086,-0.009661075849189047,8.59961575546664e-25,-3.2734731556685784e-25,2.555112604519044e-24,71850942.24757174,6.17520238460498e-05,-6.040762444127535e-05,-6.222142479314604e-05,0.5800447787738163,-0.5674166605882466,-0.5844539228237904,-12043377.684775388,1490028.0640916477,344.1340918618339,-10553005.486591877,196036460122785.25,1529.2688809634103,196036460113404.38,1529.2688810365898,196036460116902.0,1529.268881009305,196036460119287.62,1529.2688809906952,196036460124412.25,1529.268880950718,196036460111777.38,1529.268881049282
0.00402499999999992,0.0006071522837480246,-0.0005996185037970047,0.00060974704878487,-0.007143168240011746,0.0018127791642838951,-0.009621584229472362,8.563916149812066e-25,-3.25537120678069e-25,2.550362870040629e-24,71853079.88007587,6.175287303170887e-05,-6.0413153018707886e-05,-6.222003978363626e-05,0.5800373897090747,-0.5674535590121113,-0.5844254314315657,-12043762.70275633,1490067.535925241,341.54671003429246,-10553353.620121056,196036460122765.75,1529.2688809635624,196036460113423.84,1529.2688810364382,196036460116909.4,1529.2688810092475,196036460119280.2,1529.2688809907531,196036460124386.44,1529.2688809509195,196036460111803.2,1529.2688810490806
0.00402999999999992,0.0006071167162602787,-0.0005996094962942579,0.0006096991374990206,-0.0071134975491746405,0.0018015005493434019,-0.009582257169871402,8.528365778438729e-25,-3.237365377519359e-25,2.545633615445898e-24,71855208.05995972,6.17537168640657e-05,-6.041866055743391e-05,-6.221865814032943e-05,0.5800300207064538,-0.5674903263122769,-0.5843970436452054,-12044146.045933701,1490106.8280502886,338.9782890508247,-10553700.23959436,196036460122746.4,1529.2688809637134,196036460113443.25,1529.2688810362868,196036460116916.78,1529.26888100919,196036460119272.84,1529.2688809908104,196036460124360.7,1529.2688809511203,196036460111828.9,1529.26888104888
0.00403499999999992,0.0006070812965101449,-0.0005996005448726694,0.0006096514220292165,-0.007083950026764188,0.0017902843177079214,-0.009543093960836602,8.492961553731034e-25,-3.2194510092811457e-25,2.5409247002456622e-24,71857326.82400812,6.175455538767818e-05,-6.0424147166193934e-05,-6.221727985450939e-05,0.5800226717446183,-0.5675269631075472,-0.584368758925526,-12044527.72054387,1490145.9415858693,336.4286905242714,-10554045.350267477,196036460122727.06,1529.2688809638641,196036460113462.56,1529.268881036136,196036460116924.12,1529.2688810091324,196036460119265.47,1529.268880990868,196036460124335.1,1529.26888095132,196036460111854.53,1529.2688810486802
0.0040399999999999195,0.0006070460238843127,-0.0005995916492219069,0.000609603901559728,-0.007054525166438145,0.0017791301525000238,-0.009504093897685811,8.457700446006864e-25,-3.201632719804244e-25,2.5362356397326443e-24,71859436.21352404,6.175538863710554e-05,-6.042961286119218e-05,-6.221590493517068e-05,0.5800153429695499,-0.5675634694029237,-0.5843405771630374,-12044907.73366655,1490184.8769800086,333.89779097296105,-10554388.958895568,196036460122707.8,1529.2688809640144,196036460113481.8,1529.2688810359857,196036460116931.4,1529.2688810090758,196036460119258.22,1529.2688809909246,196036460124309.6,1529.2688809515191,196036460111880.03,1529.2688810484813
0.004044999999999919,0.0006070108977719509,-0.0005995828090333027,0.0006095565752782654,-0.007025222472350953,0.0017680377208435841,-0.00946525629253013,8.422588621510045e-25,-3.1839039245477472e-25,2.531566827490711e-24,71861536.27572909,6.175621660133384e-05,-6.0435057790138736e-05,-6.221453335203947e-05,0.5800080339615418,-0.567599846303626,-0.5843124977408638,-12045286.09348609,1490223.6350344745,331.3854364588953,-10554731.073015155,196036460122688.7,1529.2688809641636,196036460113500.97,1529.2688810358366,196036460116938.7,1529.268881009019,196036460119250.94,1529.2688809909812,196036460124284.22,1529.268880951717,196036460111905.4,1529.2688810482832
0.004049999999999919,0.0006069759175648144,-0.0005995740239997393,0.0006095094423760461,-0.006996041427293381,0.001757006712675391,-0.009426580443844484,8.387617169333933e-25,-3.166268187522886e-25,2.5269178836512017e-24,71863627.04694551,6.175703937882424e-05,-6.0440481995455074e-05,-6.221316512200061e-05,0.5800007451585161,-0.5676360937587941,-0.5842845203133689,-12045662.806170214,1490262.216989367,328.8915084170766,-10555071.697672429,196036460122669.56,1529.2688809643128,196036460113520.03,1529.2688810356876,196036460116945.88,1529.2688810089628,196036460119243.72,1529.2688809910376,196036460124258.94,1529.268880951914,196036460111930.7,1529.268881048086
0.004054999999999919,0.0006069410826570898,-0.0005995652938157114,0.0006094625020477297,-0.006966981544929078,0.0017460368055842975,-0.009388065663264795,8.352793742735213e-25,-3.148726190935132e-25,2.5222885992765018e-24,71865708.57673797,6.175785695385663e-05,-6.044588556679758e-05,-6.2211800271125e-05,0.5799934761114419,-0.5676722123424015,-0.5842566448081269,-12046037.880351065,1490300.6236084583,326.4158718885632,-10555410.840870716,196036460122650.6,1529.2688809644605,196036460113539.06,1529.2688810355392,196036460116953.06,1529.2688810089069,196036460119236.56,1529.2688809910935,196036460124233.72,1529.268880952111,196036460111955.9,1529.2688810478894
0.004059999999999919,0.0006069063924455277,-0.0005995566181773374,0.0006094157534913814,-0.006938042312406089,0.0017351276747955779,-0.009349711269665868,8.318110955390601e-25,-3.131273779778158e-25,2.5176792117500173e-24,71867780.89995831,6.175866937542209e-05,-6.0451268576436835e-05,-6.221043873156269e-05,0.579986227127176,-0.567708202609888,-0.5842288704200046,-12046411.321922695,1490338.8552749641,323.9583882834773,-10555748.508259447,196036460122631.66,1529.2688809646083,196036460113557.97,1529.2688810353918,196036460116960.2,1529.2688810088514,196036460119229.44,1529.268880991149,196036460124208.66,1529.2688809523063,196036460111980.97,1529.2688810476939
0.0040649999999999185,0.0006068718463293154,-0.0005995479967822878,0.0006093691959085128,-0.0069092232424632395,0.0017242790099300106,-0.009311516573698088,8.283573631264927e-25,-3.113912651648596e-25,2.513089422316148e-24,71869844.0640783,6.175947667946814e-05,-6.0456631134748405e-05,-6.220908056425374e-05,0.5799789979035149,-0.567744064998055,-0.584201197063408,-12046783.139145508,1490376.9136224138,321.5189273690055,-10556084.706595726,196036460122612.8,1529.2688809647555,196036460113576.8,1529.268881035245,196036460116967.28,1529.2688810087957,196036460119222.34,1529.2688809912042,196036460124183.66,1529.2688809525014,196036460112005.97,1529.2688810474988
0.004069999999999918,0.0006068374437101597,-0.0005995394293298142,0.000609322828504031,-0.006880523831126167,0.0017134904947268533,-0.009273480896362577,8.249175769560262e-25,-3.0966409677120595e-25,2.5085194953383293e-24,71871898.10705161,6.17602789060148e-05,-6.046197329628759e-05,-6.2207725700023e-05,0.57997178875021,-0.5677797999807974,-0.5841736240088622,-12047153.338495525,1490414.798810212,319.0973607257003,-10556419.442324588,196036460122594.03,1529.2688809649019,196036460113595.6,1529.2688810350983,196036460116974.34,1529.2688810087407,196036460119215.28,1529.2688809912595,196036460124158.8,1529.268880952695,196036460112030.8,1529.268881047305
0.004074999999999918,0.0006068031839921836,-0.0005995309155207176,0.0006092766504862835,-0.006851943595210975,0.0017027618192962193,-0.009235603549501273,8.214921767327968e-25,-3.079461587942792e-25,2.503969002490607e-24,71873943.07502858,6.176107606421753e-05,-6.046729512923327e-05,-6.220637417950164e-05,0.5799645993930671,-0.5678154078718516,-0.5841461512619611,-12047521.927991873,1490452.511753563,316.69356046082845,-10556752.72267785,196036460122575.38,1529.2688809650474,196036460113614.28,1529.2688810349523,196036460116981.38,1529.2688810086859,196036460119208.28,1529.2688809913138,196036460124134.06,1529.2688809528881,196036460112055.56,1529.268881047112
0.004079999999999918,0.0006067690665820021,-0.0005995224550573985,0.0006092306610669846,-0.006823482036299667,0.0016920926638395077,-0.00919788385979597,8.180807331382527e-25,-3.062369697555268e-25,2.49943739040005e-24,71875978.99781562,6.176186820469048e-05,-6.047259673696449e-05,-6.220502602854753e-05,0.5799574297543794,-0.5678508891264318,-0.5841187784954486,-12047888.912614116,1490490.0538633708,314.30740496214815,-10557084.551345784,196036460122556.75,1529.268880965193,196036460113632.88,1529.2688810348072,196036460116988.34,1529.2688810086318,196036460119201.28,1529.2688809913686,196036460124109.38,1529.268880953081,196036460112080.25,1529.2688810469192
0.004084999999999918,0.0006067350908886479,-0.0005995140476437723,0.0006091848594611191,-0.006795138670848489,0.0016814827252395047,-0.009160321173100717,8.1468353788142035e-25,-3.0453674604802515e-25,2.4949256007191636e-24,71878005.93055186,6.17626553478472e-05,-6.047787819616058e-05,-6.220368117785697e-05,0.579950279953443,-0.5678862444193163,-0.5840915049726776,-12048254.302055417,1490527.4253155096,311.93875034336105,-10557414.937989566,196036460122538.2,1529.2688809653375,196036460113651.44,1529.2688810346626,196036460116995.28,1529.2688810085774,196036460119194.34,1529.2688809914227,196036460124084.8,1529.2688809532724,196036460112104.8,1529.2688810467275
0.0040899999999999175,0.0006067012563236219,-0.0005995056929853079,0.0006091392448871058,-0.0067669130052070885,0.0016709316928818058,-0.009122914802644905,8.113002441388592e-25,-3.0284542120878812e-25,2.4904328013179836e-24,71880023.9047841,6.17634375236784e-05,-6.048313956007984e-05,-6.220233965871123e-05,0.5799431499216163,-0.5679214739330847,-0.5840643306217786,-12048618.10162609,1490564.627000035,309.58748254337183,-10557743.887143511,196036460122519.75,1529.2688809654815,196036460113669.88,1529.2688810345187,196036460117002.2,1529.2688810085237,196036460119187.44,1529.2688809914764,196036460124060.34,1529.2688809534634,196036460112129.28,1529.2688810465368
0.004094999999999917,0.0006066675623008333,-0.0005994973907890156,0.0006090938165666534,-0.006738804557741218,0.0016604392584546942,-0.009085664090488046,8.079309174099844e-25,-3.0116279911228443e-25,2.485959283385329e-24,71882032.9641753,6.176421476994293e-05,-6.0488380937174174e-05,-6.22010014538974e-05,0.5799360396221657,-0.5679565783281487,-0.5840372548743269,-12048980.31889698,1490601.6599125592,307.25346722781455,-10558071.40551719,196036460122501.38,1529.268880965625,196036460113688.25,1529.2688810343755,196036460117009.03,1529.26888100847,196036460119180.6,1529.2688809915298,196036460124035.97,1529.2688809536535,196036460112153.62,1529.268881046347
0.004099999999999917,0.0006066340082366105,-0.0005994891407634133,0.0006090485737248103,-0.006710812844547324,0.0016500051204414515,-0.009048568368601073,8.045756096162102e-25,-2.9948890503151697e-25,2.4815048880872928e-24,71884033.15034312,6.176498711869114e-05,-6.049360241058378e-05,-6.219966657562618e-05,0.5799289489674042,-0.5679915580295729,-0.5840102774409882,-12049340.961060904,1490638.525041987,304.93658580833977,-10558397.499433108,196036460122483.03,1529.2688809657677,196036460113706.56,1529.2688810342327,196036460117015.88,1529.2688810084167,196036460119173.75,1529.2688809915835,196036460124011.72,1529.2688809538427,196036460112177.9,1529.2688810461575
0.004104999999999917,0.0006066005935497109,-0.0005994809426185311,0.000609003515589938,-0.006682937379922975,0.0016396289764497472,-0.009011626974457907,8.012340152856239e-25,-2.978241140212892e-25,2.4770694075253227e-24,71886024.50376841,6.176575460177525e-05,-6.049880400019141e-05,-6.219833501087477e-05,0.5799218781442373,-0.5680264131390167,-0.5839833980740237,-12049700.035100866,1490675.2226667139,302.6367213440346,-10558722.175712809,196036460122464.84,1529.2688809659096,196036460113724.8,1529.26888103409,196036460117022.66,1529.2688810083641,196036460119166.97,1529.2688809916363,196036460123987.56,1529.2688809540311,196036460112202.06,1529.268881045969
0.004109999999999917,0.0006065673176612671,-0.0005994727960659756,0.0006089586413936743,-0.006655177688749174,0.0016293105110930374,-0.008974839252735354,7.979062178612268e-25,-2.9616751850446223e-25,2.472652921177529e-24,71888007.05912034,6.176651722997541e-05,-6.050398584954459e-05,-6.219700673432687e-05,0.5799148268647998,-0.5680611446478172,-0.5839566161315247,-12050057.546926217,1490711.7537770001,300.3537307554828,-10559045.439418463,196036460122446.7,1529.2688809660513,196036460113742.94,1529.268881033949,196036460117029.4,1529.2688810083114,196036460119160.22,1529.268880991689,196036460123963.53,1529.2688809542185,196036460112226.1,1529.2688810457817
0.0041149999999999165,0.000606534179994802,-0.0005994647008187734,0.0006089139503709475,-0.00662753329301594,0.0016190494404288516,-0.00893820454535661,7.945920000353998e-25,-2.945199793975343e-25,2.4682552123975757e-24,71889980.86237983,6.1767275081345e-05,-6.050914799134736e-05,-6.21956817863032e-05,0.5799077953944838,-0.5680957524295681,-0.5839299315090744,-12050413.50455914,1490748.1195646566,298.0875114801047,-10559367.297483003,196036460122428.6,1529.2688809661927,196036460113761.03,1529.2688810338077,196036460117036.1,1529.268881008259,196036460119153.53,1529.268880991741,196036460123939.56,1529.2688809544054,196036460112250.06,1529.2688810455948
0.004119999999999916,0.0006065011799761908,-0.00059945665659152,0.0006088694417599388,-0.0066000037222421724,0.0016088454506872586,-0.008901722201750843,7.912918993355517e-25,-2.9288085256780176e-25,2.4638761941970022e-24,71891945.9527579,6.176802812031712e-05,-6.051429053800863e-05,-6.219436014816199e-05,0.5799007832315719,-0.5681302373994895,-0.5839033438505118,-12050767.914756859,1490784.320451322,295.8379305950537,-10559687.756374942,196036460122410.62,1529.2688809663327,196036460113779.0,1529.2688810336674,196036460117042.78,1529.2688810082068,196036460119146.88,1529.2688809917931,196036460123915.72,1529.2688809545916,196036460112273.9,1529.2688810454085
0.004124999999999916,0.0006064683170337542,-0.000599448663100268,0.000608825114802067,-0.006572588487323501,0.0015986982504150587,-0.008865391574361028,7.880050894892444e-25,-2.9125021442443546e-25,2.45951573111031e-24,71893902.36337526,6.176877642637474e-05,-6.051941354178535e-05,-6.21930418079649e-05,0.5798937907559135,-0.5681645997132861,-0.5838768526627667,-12051120.783151757,1490820.3573692238,293.6048754700835,-10560006.820907064,196036460122392.7,1529.2688809664726,196036460113796.94,1529.2688810335276,196036460117049.4,1529.2688810081552,196036460119140.2,1529.2688809918452,196036460123891.94,1529.2688809547772,196036460112297.66,1529.2688810452232
0.004129999999999916,0.0006064355905981152,-0.0005994407200625404,0.0006087809687419653,-0.006545287127782734,0.001588607545511768,-0.008829212020323508,7.847318908322029e-25,-2.896282424608794e-25,2.4551741604056032e-24,71895850.14247124,6.176952001444729e-05,-6.052451707531638e-05,-6.21917267414875e-05,0.5798868179210414,-0.5681988398939156,-0.5838504575185476,-12051472.118194144,1490856.2307885573,291.3882190257004,-10560324.499186562,196036460122374.84,1529.268880966612,196036460113814.78,1529.2688810333884,196036460117056.03,1529.2688810081036,196036460119133.62,1529.2688809918964,196036460123868.3,1529.2688809549613,196036460112321.3,1529.2688810450388
0.004134999999999916,0.000606403000102255,-0.0005994328271973618,0.0006087370028275399,-0.0065180991720442715,0.0015785730357274338,-0.008793182885089575,7.814721089172522e-25,-2.880147907565679e-25,2.4508508246832e-24,71897789.3222502,6.177025892195054e-05,-6.052960121714596e-05,-6.21904149876672e-05,0.5798798646015111,-0.568232958235327,-0.583824158291572,-12051821.925355142,1490891.9419253734,289.18785405631314,-10560640.795575712,196036460122357.03,1529.2688809667509,196036460113832.56,1529.2688810332497,196036460117062.56,1529.2688810080526,196036460119127.06,1529.2688809919475,196036460123844.75,1529.268880955145,196036460112344.9,1529.2688810448549
0.0041399999999999154,0.0006063705449814787,-0.0005994249842252324,0.0006086932163098554,-0.0064910241552693666,0.001568594425867692,-0.0087573035368869,7.782259047896147e-25,-2.8640976960211766e-25,2.44654599956708e-24,71899719.94624785,6.177099317262953e-05,-6.053466605948397e-05,-6.218910652647485e-05,0.5798729307317882,-0.5682669553439658,-0.5837979544916427,-12052170.212219398,1490927.491511843,287.00365250872414,-10560955.717055049,196036460122339.34,1529.268880966889,196036460113850.28,1529.2688810331113,196036460117069.1,1529.2688810080017,196036460119120.53,1529.2688809919985,196036460123821.28,1529.2688809553283,196036460112368.34,1529.2688810446718
0.004144999999999915,0.0006063382246734436,-0.0005994171908681132,0.0006086496084431835,-0.00646406160703967,0.0015586714238462662,-0.008721573334393846,7.749932183009505e-25,-2.848129637493779e-25,2.4422594661018265e-24,71901642.05016556,6.177172277837283e-05,-6.05397116759538e-05,-6.218780134831177e-05,0.5798660161967287,-0.568300831712025,-0.5837718457887083,-12052516.984911894,1490962.8801216048,284.8354989203853,-10561269.269291371,196036460122321.72,1529.2688809670262,196036460113867.94,1529.2688810329737,196036460117075.6,1529.268881007951,196036460119114.03,1529.2688809920494,196036460123797.9,1529.2688809555107,196036460112391.72,1529.2688810444895
0.004149999999999915,0.0006063060386181484,-0.000599409446849388,0.0006086061784849641,-0.006437211059020743,0.0015488037450344032,-0.008685991643874735,7.717736015577215e-25,-2.8322458648010454e-25,2.437991278399727e-24,71903555.67238571,6.177244779626048e-05,-6.0544738114170826e-05,-6.218649943307761e-05,0.5798591212765246,-0.568334587559046,-0.583745831725166,-12052862.250065621,1490998.108402639,282.68327618291926,-10561581.4583868,196036460122304.12,1529.2688809671636,196036460113885.47,1529.2688810328368,196036460117082.06,1529.2688810079005,196036460119107.6,1529.2688809920994,196036460123774.62,1529.268880955692,196036460112414.97,1529.2688810443083
0.004154999999999915,0.0006062739862578565,-0.0005994017518939009,0.0006085629256958156,-0.00641047205839594,0.001538991097413954,-0.008650557829719113,7.6856760214907385e-25,-2.8164458950734804e-25,2.4337411723384643e-24,71905460.8552617,6.177316822250355e-05,-6.054974546612535e-05,-6.21852008085609e-05,0.5798522455826,-0.5683682234254797,-0.5837199121950357,-12053206.015052458,1491033.17725338,280.54687938818023,-10561892.290919691,196036460122286.7,1529.2688809672995,196036460113902.97,1529.2688810327004,196036460117088.44,1529.2688810078507,196036460119101.16,1529.2688809921497,196036460123751.47,1529.2688809558726,196036460112438.16,1529.2688810441273
0.004159999999999915,0.0006062420670371896,-0.0005993941057279477,0.0006085198493394882,-0.006383844133376754,0.0015292331906397276,-0.008615271265467345,7.6537467000037265e-25,-2.800727780211676e-25,2.4295092065875595e-24,71907357.63243628,6.177388411808905e-05,-6.055473381056671e-05,-6.21839054521132e-05,0.579845389331142,-0.5684017397240184,-0.5836940866156908,-12053548.285636017,1491068.0875808191,278.4261790082982,-10562201.77187619,196036460122269.28,1529.2688809674355,196036460113920.38,1529.2688810325647,196036460117094.84,1529.2688810078007,196036460119094.8,1529.2688809921992,196036460123728.4,1529.2688809560527,196036460112461.22,1529.2688810439474
0.004164999999999914,0.0006062102804030334,-0.0005993865080792421,0.0006084769486828751,-0.006357326831232652,0.0015195297411159517,-0.008580131322627128,7.621949266748108e-25,-2.785091598767932e-25,2.4252950975221846e-24,71909246.04197468,6.177459549785576e-05,-6.055970321749704e-05,-6.218261337672185e-05,0.5798385523645745,-0.5684351368432773,-0.5836683547989552,-12053889.068396484,1491102.8401392184,276.3210726459503,-10562509.90718462,196036460122251.9,1529.268880967571,196036460113937.7,1529.2688810324296,196036460117101.2,1529.2688810077511,196036460119088.44,1529.2688809922488,196036460123705.4,1529.2688809562321,196036460112484.22,1529.268881043768
0.004169999999999914,0.0006061786258045583,-0.0005993789586769173,0.0006084342229959624,-0.006330919695021405,0.0015098804649747004,-0.00854513738253267,7.590283964686736e-25,-2.7695380480931633e-25,2.4210990753996785e-24,71911126.12604688,6.177530238566475e-05,-6.056465375351458e-05,-6.218132455540511e-05,0.5798317347189806,-0.5684684152465423,-0.583642716291279,-12054228.370684186,1491137.4354026944,274.23144517543795,-10562816.703836316,196036460122234.66,1529.2688809677054,196036460113954.97,1529.2688810322948,196036460117107.5,1529.268881007702,196036460119082.12,1529.2688809922981,196036460123682.53,1529.2688809564106,196036460112507.1,1529.2688810435895
0.004174999999999914,0.0006061471026932235,-0.0005993714572515376,0.0006083916715518698,-0.006304622266959012,0.001500285075931993,-0.008510288818540645,7.558748083389798e-25,-2.7540674138677036e-25,2.4169209781473903e-24,71912997.9204153,6.177600482172844e-05,-6.0569585478189194e-05,-6.218003898387071e-05,0.5798249364819165,-0.5685015752309448,-0.5836171707495211,-12054566.198663447,1491171.8741077296,272.15718501713064,-10563122.167370701,196036460122217.47,1529.2688809678393,196036460113972.2,1529.2688810321604,196036460117113.75,1529.2688810076534,196036460119075.88,1529.2688809923468,196036460123659.75,1529.2688809565882,196036460112529.88,1529.268881043412
0.004179999999999914,0.0006061157105227302,-0.0005993640035351041,0.0006083492936268216,-0.00627843409865207,0.001490743286714077,-0.008475585009622923,7.527343127344263e-25,-2.7386765765382547e-25,2.412760619572301e-24,71914861.4612739,6.177670283135663e-05,-6.0574498501520146e-05,-6.217875668051683e-05,0.5798181574199369,-0.5685346173891432,-0.5835917178613228,-12054902.558586111,1491206.1574566897,270.09817550162126,-10563426.30295392,196036460122200.3,1529.2688809679732,196036460113989.3,1529.268881032027,196036460117120.0,1529.2688810076045,196036460119069.66,1529.2688809923952,196036460123637.1,1529.268880956765,196036460112552.56,1529.2688810432348
0.004184999999999914,0.0006060844487490478,-0.0005993565972609998,0.0006083070885001156,-0.006252354736494707,0.0014812548208552572,-0.008441025341202252,7.496066854283367e-25,-2.7233627709065755e-25,2.4086176615919244e-24,71916716.77943777,6.177739643786572e-05,-6.057939289905566e-05,-6.217747764525875e-05,0.5798113974524153,-0.5685675421583672,-0.5835663573136053,-12055237.455698008,1491240.2862109235,268.0543104799406,-10563729.115176605,196036460122183.25,1529.2688809681065,196036460114006.34,1529.268881031894,196036460117126.22,1529.268881007556,196036460119063.4,1529.2688809924443,196036460123614.44,1529.268880956942,196036460112575.16,1529.2688810430586
0.004189999999999913,0.0006060533168303746,-0.0005993492381639424,0.0006082650554540635,-0.006226383734649647,0.001471819411470192,-0.008406609210414641,7.464921272893177e-25,-2.708134377282468e-25,2.4044926753633994e-24,71918563.92777896,6.177808566193695e-05,-6.058426868238102e-05,-6.217620183446545e-05,0.5798046568184362,-0.5686003497131106,-0.5835410887313625,-12055570.899355412,1491274.2602459488,266.02548362326655,-10564030.61362584,196036460122166.28,1529.2688809682388,196036460114023.34,1529.2688810317613,196036460117132.38,1529.268881007508,196036460119057.25,1529.268880992492,196036460123591.94,1529.2688809571173,196036460112597.66,1529.268881042883
0.004194999999999913,0.000606022314227173,-0.0005993419259801293,0.0006082231937740905,-0.006200520640320285,0.001462436762638974,-0.008372335994607693,7.433905719302893e-25,-2.6929834365309367e-25,2.400385131825342e-24,71920402.93302146,6.177877052957752e-05,-6.058912598512068e-05,-6.217492927869827e-05,0.5797979351769987,-0.5686330407552098,-0.5835159118018741,-12055902.894057203,1491308.0810578647,264.0115828903529,-10564330.801416447,196036460122149.4,1529.2688809683705,196036460114040.25,1529.2688810316295,196036460117138.5,1529.2688810074603,196036460119051.1,1529.2688809925403,196036460123569.56,1529.268880957292,196036460112620.1,1529.268881042708
0.004199999999999913,0.0006059914404021579,-0.0005993346604470991,0.0006081815027486432,-0.0061747650030100736,0.001453106606017052,-0.008338205089458959,7.403017458986448e-25,-2.677911225571313e-25,2.396295112579243e-24,71922233.83261932,6.177945108134389e-05,-6.059396486106583e-05,-6.217365995629575e-05,0.579791232690529,-0.5686656155967861,-0.5834908260916576,-12056233.446302421,1491341.749199249,262.01249264037597,-10564629.68461053,196036460122132.56,1529.268880968502,196036460114057.1,1529.2688810314983,196036460117144.62,1529.2688810074123,196036460119045.0,1529.2688809925878,196036460123547.25,1529.268880957466,196036460112642.38,1529.268881042534
0.004204999999999913,0.0006059606948202494,-0.0005993274413037549,0.0006081399816692041,-0.006149116381696553,0.0014438286688358384,-0.008304215887818813,7.372254477304408e-25,-2.6629187374201554e-25,2.392222361093931e-24,71924056.66134451,6.178012735210596e-05,-6.059878536319798e-05,-6.217239387201106e-05,0.5797845494045968,-0.5686980744799316,-0.5834658313513542,-12056562.562087981,1491375.2653860135,260.0281184168922,-10564927.268583551,196036460122115.75,1529.268880968633,196036460114073.84,1529.2688810313675,196036460117150.7,1529.268881007365,196036460119038.94,1529.268880992635,196036460123525.0,1529.2688809576396,196036460112664.62,1529.2688810423608
0.004209999999999913,0.0006059300769485377,-0.0005993202682903804,0.0006080986298302469,-0.006123574342337216,0.0014346026748863227,-0.008270367791425454,7.34162153310225e-25,-2.648007478619493e-25,2.388166990693342e-24,71925871.4640493,6.178079934958126e-05,-6.0603587570444375e-05,-6.217113103056805e-05,0.5797778851153724,-0.5687304178953564,-0.5834409273368808,-12056890.249296267,1491408.630320203,258.0583547929765,-10565223.560621269,196036460122099.06,1529.2688809687631,196036460114090.56,1529.268881031237,196036460117156.72,1529.2688810073182,196036460119032.9,1529.2688809926822,196036460123502.88,1529.2688809578121,196036460112686.78,1529.2688810421878
0.004214999999999912,0.0006058995862563656,-0.0005993131411486667,0.0006080574465292565,-0.006098138434401979,0.0014254283427399036,-0.008236660198090835,7.311113035569333e-25,-2.6331723097461737e-25,2.3841288774574643e-24,71927678.26753794,6.178146711134079e-05,-6.060837156265445e-05,-6.216987140098693e-05,0.579771239915438,-0.568762646358159,-0.583416113485546,-12057216.512452275,1491441.8446621445,256.1030827099081,-10565518.56470742,196036460122082.44,1529.268880968893,196036460114107.2,1529.2688810311072,196036460117162.72,1529.2688810072714,196036460119026.9,1529.2688809927288,196036460123480.8,1529.2688809579843,196036460112708.78,1529.2688810420161
0.004219999999999912,0.000605869222215232,-0.0005993060596216228,0.0006080164310667068,-0.006072808226730777,0.001416305408774113,-0.00820309250992027,7.280731715632273e-25,-2.6184147826882575e-25,2.3801079544110928e-24,71929477.11258936,6.17821306502686e-05,-6.0613137407830066e-05,-6.21686149904126e-05,0.5797646136591471,-0.5687947602656305,-0.5833913895859485,-12057541.358682957,1491474.9090890952,254.16220714846727,-10565812.287386714,196036460122065.88,1529.2688809690221,196036460114123.75,1529.268881030978,196036460117168.66,1529.268881007225,196036460119020.94,1529.2688809927754,196036460123458.88,1529.2688809581553,196036460112730.75,1529.268881041845
0.004224999999999912,0.0006058389842988384,-0.0005992990234536029,0.0006079755827460502,-0.006047583278701928,0.0014072336039897852,-0.008169664131339502,7.2504769968957835e-25,-2.603734303625275e-25,2.3761041771581223e-24,71931268.03555293,6.178279000729022e-05,-6.06178851931892e-05,-6.216736180651512e-05,0.5797580063143669,-0.5688267600483838,-0.5833667552811431,-12057864.79430364,1491507.8246633278,252.23561703263968,-10566104.73402328,196036460122049.38,1529.2688809691508,196036460114140.25,1529.2688810308493,196036460117174.62,1529.2688810071784,196036460119015.0,1529.2688809928218,196036460123437.03,1529.2688809583258,196036460112752.6,1529.2688810416744
0.004229999999999912,0.00060580887198308,-0.0005992920323902956,0.0006079349008737086,-0.006022463151690741,0.0013982126614451148,-0.00813637446831243,7.220346614754047e-25,-2.5891314643177153e-25,2.3721171123404243e-24,71933051.06769592,6.178344518574709e-05,-6.0622614942152595e-05,-6.216611183793e-05,0.5797514178726109,-0.5688586459074022,-0.583342210414345,-12058186.824671043,1491540.5914790332,250.32321946781454,-10566395.909972541,196036460122032.97,1529.2688809692788,196036460114156.66,1529.2688810307216,196036460117180.5,1529.2688810071327,196036460119009.1,1529.2688809928677,196036460123415.25,1529.2688809584956,196036460112774.38,1529.2688810415045
0.004234999999999912,0.0006057788847460055,-0.0005992850861787349,0.0006078943847589995,-0.005997447414918517,0.0013892423121480732,-0.008103222941817156,7.190341301155253e-25,-2.5746061887796255e-25,2.3681472835425193e-24,71934826.25201428,6.17840962501603e-05,-6.062732677071777e-05,-6.216486508000853e-05,0.5797448483986589,-0.5688904184208171,-0.5833177543879526,-12058507.457348667,1491573.2109189183,248.42490233932313,-10566685.82152741,196036460122016.6,1529.2688809694064,196036460114173.03,1529.2688810305938,196036460117186.38,1529.2688810070867,196036460119003.25,1529.2688809929134,196036460123393.56,1529.2688809586648,196036460112796.06,1529.2688810413354
0.004239999999999911,0.0006057490220678301,-0.000599278184567298,0.0006078540337142261,-0.005972535635070634,0.0013803222873698935,-0.008070208954691578,7.160458847626843e-25,-2.5601563219406617e-25,2.364194314989458e-24,71936593.6176939,6.178474320230301e-05,-6.0632020724354204e-05,-6.216362151334115e-05,0.5797382978314263,-0.568922077958991,-0.5832933869317773,-12058826.697313845,1491605.6831747412,246.54056690221876,-10566974.473572202,196036460122000.3,1529.2688809695335,196036460114189.3,1529.2688810304667,196036460117192.22,1529.2688810070413,196036460118997.44,1529.2688809929589,196036460123372.0,1529.268880958833,196036460112817.62,1529.268881041167
0.004244999999999911,0.0006057192834308977,-0.0005992713273056687,0.0006078138470546121,-0.005947727386483987,0.001371452325848303,-0.008037331922792764,7.130699237105266e-25,-2.5457828001311143e-25,2.3602580908143843e-24,71938353.20161822,6.178538609040907e-05,-6.0636696886741524e-05,-6.216238116270949e-05,0.5797317661407321,-0.5689536248531705,-0.583269107782836,-12059144.550994521,1491638.0094804664,244.67011445116964,-10567261.871399604,196036460121984.06,1529.2688809696604,196036460114205.56,1529.2688810303398,196036460117198.0,1529.268881006996,196036460118991.6,1529.2688809930044,196036460123350.5,1529.2688809590009,196036460112839.12,1529.2688810409993
0.004249999999999911,0.00060568966831968,-0.0005992645141448534,0.0006077738240982822,-0.0059230222435545845,0.0013626321630770028,-0.008004591265992119,7.101065614217049e-25,-2.5314860245788777e-25,2.3563384657842137e-24,71940105.04188758,6.17860248956819e-05,-6.0641355306419e-05,-6.216114401664235e-05,0.5797252531025666,-0.568985059531696,-0.5832449167758579,-12059461.025038667,1491670.1899505951,242.81344312934735,-10567548.021644942,196036460121967.9,1529.2688809697863,196036460114221.72,1529.2688810302138,196036460117203.78,1529.268881006951,196036460118985.84,1529.2688809930492,196036460123329.06,1529.268880959168,196036460112860.56,1529.268881040832
0.004254999999999911,0.0006056601762208311,-0.0005992577448371875,0.0006077339641662362,-0.00589841976978351,0.001353861533159593,-0.007971986409192819,7.071553701854673e-25,-2.517260623876585e-25,2.352435560267247e-24,71941849.16721888,6.178665966479967e-05,-6.064599608671088e-05,-6.215991004641862e-05,0.5797187587858997,-0.5690163826213789,-0.5832208132604804,-12059776.124353923,1491702.2255265783,240.97044531470937,-10567832.92838203,196036460121951.8,1529.2688809699118,196036460114237.78,1529.2688810300886,196036460117209.53,1529.268881006906,196036460118980.1,1529.2688809930942,196036460123307.75,1529.2688809593344,196036460112881.88,1529.2688810406657
0.0042599999999999106,0.0006056308066231136,-0.0005992510191362435,0.0006076942665823705,-0.005873919543490389,0.0013451401888095436,-0.007939516773127743,7.042161844378052e-25,-2.5031128912585778e-25,2.3485493369023502e-24,71943585.61744803,6.178729043202299e-05,-6.065061923710139e-05,-6.215867924175458e-05,0.5797122834142152,-0.5690475941344009,-0.5831967970321226,-12060089.855918575,1491734.1164525242,239.14103503305304,-10568116.59843102,196036460121935.8,1529.2688809700367,196036460114253.8,1529.2688810299635,196036460117215.22,1529.2688810068619,196036460118974.4,1529.2688809931385,196036460123286.53,1529.2688809594997,196036460112903.1,1529.2688810405004
0.00426499999999991,0.0006056015590173699,-0.0005992443367969387,0.0006076547306734714,-0.005849521148731003,0.0013364678609366775,-0.007907181779824187,7.012894438480198e-25,-2.4890388994117854e-25,2.34467931460468e-24,71945314.4253075,6.178791720504714e-05,-6.06552248786659e-05,-6.215745165557119e-05,0.5797058264996001,-0.5690786946761479,-0.583172868014371,-12060402.225404251,1491765.8641618,237.32510599644834,-10568399.036136456,196036460121919.88,1529.268880970161,196036460114269.75,1529.2688810298393,196036460117220.88,1529.2688810068175,196036460118968.75,1529.2688809931826,196036460123265.38,1529.268880959665,196036460112924.25,1529.2688810403354
0.00426999999999991,0.0006055724328965983,-0.0005992376975754684,0.0006076153557691315,-0.005825224154328278,0.001327844294057453,-0.007874980867977196,6.983747267979025e-25,-2.475039611622854e-25,2.340826055187857e-24,71947035.62873252,6.178854004051442e-05,-6.0659813069888547e-05,-6.215622723331136e-05,0.5796993883936405,-0.5691096846377953,-0.583149025505066,-12060713.239441901,1491797.4691093673,235.52256292281518,-10568680.247769611,196036460121903.97,1529.268880970285,196036460114285.66,1529.2688810297152,196036460117226.53,1529.2688810067734,196036460118963.1,1529.2688809932267,196036460123244.3,1529.2688809598292,196036460112945.3,1529.268881040171
0.00427499999999991,0.0006055434277558797,-0.0005992311012293217,0.0006075761412018475,-0.0058010281437125945,0.0013192692293509099,-0.007842913456817124,6.954718024384219e-25,-2.461113993405929e-25,2.3369889988075365e-24,71948749.25502948,6.178915894580465e-05,-6.0664383848779456e-05,-6.215500597563809e-05,0.5796929690292049,-0.5691405642609746,-0.583125269363972,-12061022.902685223,1491828.9316383323,233.73331118760254,-10568960.237735702,196036460121888.12,1529.2688809704086,196036460114301.47,1529.2688810295917,196036460117232.12,1529.26888100673,196036460118957.5,1529.2688809932704,196036460123223.34,1529.2688809599927,196036460112966.28,1529.2688810400075
0.00427999999999991,0.0006055145430923382,-0.0005992245475172638,0.0006075370863069227,-0.005776932708312368,0.0013107424115801846,-0.007810978984970789,6.925812036121505e-25,-2.447259896753559e-25,2.3331683209327186e-24,71950455.34426475,6.178977392508411e-05,-6.066893732766644e-05,-6.21537878856718e-05,0.5796865680812737,-0.5691713342607924,-0.5831015992448865,-12061331.22217667,1491860.25267796,231.95724613071678,-10569239.012252579,196036460121872.38,1529.2688809705314,196036460114317.22,1529.268881029469,196036460117237.72,1529.2688810066863,196036460118951.9,1529.268880993314,196036460123202.5,1529.2688809601555,196036460112987.16,1529.2688810398447
0.0042849999999999095,0.0006054857784052326,-0.0005992180361992991,0.0006074981904224977,-0.005752937421095063,0.0013022635929504376,-0.007779176884985676,6.897025102376182e-25,-2.433481148207761e-25,2.3293637679761095e-24,71952153.929544,6.179038503205735e-05,-6.067347353607444e-05,-6.215257297325928e-05,0.5796801857683289,-0.5692019946526359,-0.5830780149440179,-12061638.203661716,1491891.4329549482,230.19428304693545,-10569516.576423721,196036460121856.72,1529.2688809706538,196036460114332.9,1529.2688810293464,196036460117243.25,1529.2688810066431,196036460118946.38,1529.2688809933572,196036460123181.7,1529.2688809603178,196036460113007.94,1529.2688810396824
0.004289999999999909,0.0006054571331958848,-0.000599211567036737,0.0006074594528895067,-0.005729041869582355,0.0012938325124093257,-0.007747506598195106,6.868356678857328e-25,-2.419772913549142e-25,2.3255754267407796e-24,71953845.041621,6.17909922748644e-05,-6.067799256196547e-05,-6.215136120399919e-05,0.5796738219844012,-0.5692325461011183,-0.5830545159461806,-12061943.852446165,1491922.4729309138,228.4443191555177,-10569792.935196096,196036460121841.1,1529.2688809707756,196036460114348.53,1529.2688810292245,196036460117248.75,1529.2688810066002,196036460118940.84,1529.2688809934004,196036460123160.97,1529.2688809604792,196036460113028.66,1529.268881039521
0.004294999999999909,0.0006054286069676688,-0.0005992051397921088,0.000607420873051692,-0.0057052456431816775,0.0012854489256532255,-0.007715967562925,6.839807237873387e-25,-2.4061396028663912e-25,2.321803057297236e-24,71955528.71818732,6.179159569217353e-05,-6.0682494452633195e-05,-6.215015260918694e-05,0.5796674767311993,-0.5692629887136609,-0.5830311021728385,-12062248.175142277,1491953.373527505,226.70726410020626,-10570068.094350671,196036460121825.5,1529.2688809708973,196036460114364.1,1529.268881029103,196036460117254.25,1529.2688810065572,196036460118935.4,1529.2688809934427,196036460123140.3,1529.2688809606404,196036460113049.28,1529.26888103936
0.004299999999999909,0.0006054001992260205,-0.0005991987542292433,0.0006073824502555629,-0.005681548329664101,0.0012771125730992449,-0.007684559225813919,6.811374811903779e-25,-2.392574218396793e-25,2.3180467077471938e-24,71957204.98581545,6.179219528629998e-05,-6.0686979297406684e-05,-6.214894714087144e-05,0.5796611499050797,-0.5692933232232946,-0.5830077730391748,-12062551.176275756,1491984.1350598494,224.98302373042483,-10570342.058192179,196036460121810.0,1529.2688809710182,196036460114379.6,1529.2688810289824,196036460117259.7,1529.268881006515,196036460118929.9,1529.2688809934857,196036460123119.78,1529.2688809608005,196036460113069.8,1529.2688810391999
0.004304999999999909,0.0006053719094784025,-0.0005991924101131463,0.0006073441838504038,-0.005657949523617399,0.00126882321940906,-0.007653281031833884,6.783062055214183e-25,-2.3790848474293236e-25,2.3143064486455983e-24,71958873.89010821,6.179279109683845e-05,-6.0691447131998086e-05,-6.214774482355376e-05,0.5796548415708199,-0.5693235496818672,-0.5829845284577854,-12062852.86394266,1492014.7583097562,223.27150621456715,-10570614.834126687,196036460121794.6,1529.2688809711385,196036460114395.03,1529.2688810288619,196036460117265.1,1529.2688810064726,196036460118924.53,1529.2688809935275,196036460123099.38,1529.26888096096,196036460113090.28,1529.2688810390403
0.0043099999999999085,0.0006053437372343503,-0.0005991861072101401,0.0006073060731882862,-0.00563444881043333,0.0012605806012249872,-0.007622132423512458,6.754866948129537e-25,-2.365663962606048e-25,2.3105819567114534e-24,71960535.45429066,6.179338313806001e-05,-6.0695898061095345e-05,-6.214654565222601e-05,0.5796485515154464,-0.5693536687486123,-0.5829613680241089,-12063153.24205863,1492045.24416257,221.57261803081158,-10570886.425278027,196036460121779.22,1529.2688809712583,196036460114410.4,1529.268881028742,196036460117270.5,1529.2688810064305,196036460118919.12,1529.2688809935698,196036460123079.0,1529.2688809611186,196036460113110.66,1529.268881038881
0.004314999999999908,0.0006053156820054378,-0.0005991798452877337,0.0006072681176240133,-0.005611045782501053,0.0012523844812687562,-0.007591112854577651,6.726787532024838e-25,-2.3523130469036542e-25,2.3068732413870065e-24,71962189.71206863,6.179397144128043e-05,-6.070033213093325e-05,-6.214534961139177e-05,0.5796422798462956,-0.5693836806918207,-0.582938291396631,-12063452.316500168,1492075.5930907838,219.88626328239965,-10571156.8371461,196036460121763.9,1529.2688809713777,196036460114425.7,1529.2688810286227,196036460117275.88,1529.2688810063885,196036460118913.75,1529.2688809936117,196036460123058.72,1529.268880961277,196036460113130.94,1529.268881038723
0.004319999999999908,0.0006052877433052429,-0.0005991736241146481,0.0006072303165151211,-0.005587740038995615,0.0012442346171241503,-0.0075602217784303365,6.698823302058564e-25,-2.3390344655996755e-25,2.3031802703908633e-24,71963836.69909766,6.179455603766463e-05,-6.0704749389377816e-05,-6.214415669972039e-05,0.5796360266197613,-0.5694135857463009,-0.5829152983169984,-12063750.093506448,1492105.8056944136,218.21236203842977,-10571426.075449998,196036460121748.66,1529.2688809714966,196036460114440.97,1529.2688810285035,196036460117281.2,1529.268881006347,196036460118908.4,1529.2688809936533,196036460123038.5,1529.2688809614347,196036460113151.12,1529.2688810385655
0.004324999999999908,0.0006052599206493387,-0.0005991674434608573,0.0006071926692218732,-0.0055645311808411434,0.0012361307581801714,-0.007529458649589815,6.670977649668621e-25,-2.325826038768792e-25,2.299502853461903e-24,71965476.44877526,6.179513691281244e-05,-6.070914991150206e-05,-6.214296691765631e-05,0.5796297915185322,-0.5694433844546641,-0.5828923885975871,-12064046.578902379,1492135.8824353002,216.55081503738367,-10571694.14565204,196036460121733.53,1529.2688809716146,196036460114456.12,1529.2688810283853,196036460117286.5,1529.2688810063057,196036460118903.16,1529.2688809936942,196036460123018.38,1529.2688809615918,196036460113171.25,1529.2688810384086
0.004329999999999908,0.0006052322135553526,-0.0005991613030975504,0.0006071551751072274,-0.0055414187972117335,0.0012280726613784283,-0.0074988229291672055,6.643245563842426e-25,-2.312685027063728e-25,2.2958411468738203e-24,71967108.98980843,6.179571413931324e-05,-6.0713533795430126e-05,-6.214178025459177e-05,0.5796235747307219,-0.5694730772704815,-0.5828695616349061,-12064341.777643586,1492165.8245747609,214.90153384879838,-10571961.051534977,196036460121718.38,1529.2688809717329,196036460114471.22,1529.2688810282675,196036460117291.78,1529.2688810062643,196036460118897.88,1529.2688809937356,196036460122998.34,1529.268880961748,196036460113191.28,1529.2688810382522
0.0043349999999999075,0.0006052046215428794,-0.0005991552027970847,0.0006071178335368631,-0.00551840249464272,0.0012200600931513196,-0.007468314072859344,6.615627210333835e-25,-2.299612868832448e-25,2.29219492448684e-24,71968734.35457209,6.179628770617089e-05,-6.071790106130965e-05,-6.214059668819976e-05,0.579617376202324,-0.5695026644481472,-0.5828468172605857,-12064635.695361387,1492195.6319791395,213.26443234304844,-10572226.798949905,196036460121703.34,1529.2688809718502,196036460114486.28,1529.2688810281502,196036460117297.03,1529.2688810062236,196036460118892.6,1529.2688809937767,196036460122978.4,1529.2688809619035,196036460113211.22,1529.2688810380969
0.004339999999999907,0.0006051771441334839,-0.00059914914233301,0.0006070806438791421,-0.005495481879095164,0.0012120928149479183,-0.007437931544197941,6.588123331061192e-25,-2.28661559853527e-25,2.2885643571105483e-24,71970352.58517538,6.179685767218633e-05,-6.0722251762019136e-05,-6.213941623856607e-05,0.5796111960782826,-0.5695321461011973,-0.5828241552458746,-12064928.33952215,1492225.3056880161,211.63942667277783,-10572491.394407459,196036460121688.34,1529.2688809719673,196036460114501.28,1529.2688810280329,196036460117302.22,1529.2688810061832,196036460118887.44,1529.2688809938168,196036460122958.56,1529.2688809620581,196036460113231.1,1529.2688810379418
0.004344999999999907,0.0006051497808507141,-0.0005991431214801734,0.0006070436055051381,-0.005472656553959662,0.001204170567310203,-0.00740767480079681,6.560735180908292e-25,-2.273681878186141e-25,2.28494878934203e-24,71971963.69983618,6.179742400640551e-05,-6.072658601633676e-05,-6.213823891157061e-05,0.5796050337854566,-0.5695615230826769,-0.5828015753533111,-12065219.713127466,1492254.846422436,210.0264192721313,-10572754.840285756,196036460121673.4,1529.2688809720837,196036460114516.2,1529.2688810279167,196036460117307.4,1529.2688810061427,196036460118882.25,1529.2688809938572,196036460122938.75,1529.2688809622127,196036460113250.88,1529.2688810377874
0.004349999999999907,0.0006051225312201227,-0.0005991371400145231,0.0006070067177885233,-0.005449926118279122,0.0011962931300619332,-0.007377543322976967,6.533460033026132e-25,-2.2608157975552655e-25,2.281348679529572e-24,71973567.73688553,6.17979867630604e-05,-6.073090386626897e-05,-6.213706467379496e-05,0.5795988896434255,-0.5695907956174968,-0.5827790770711789,-12065509.822935479,1492284.2546621962,208.42532628810204,-10573017.142946994,196036460121658.56,1529.2688809721994,196036460114531.06,1529.2688810278007,196036460117312.56,1529.2688810061024,196036460118877.06,1529.2688809938977,196036460122919.03,1529.2688809623667,196036460113270.56,1529.268881037634
0.004354999999999907,0.00060509539476922,-0.0005991311977131789,0.0006069699801056474,-0.005427290180543936,0.0011884602688573805,-0.007347536575179413,6.506298046482865e-25,-2.248022245037368e-25,2.277763944907207e-24,71975164.73378797,6.179854597781815e-05,-6.073520534682753e-05,-6.21358935385149e-05,0.5795927637298104,-0.5696199637981864,-0.5827566602576012,-12065798.675548675,1492313.5310617576,206.8360702955483,-10573278.308416622,196036460121643.75,1529.268880972315,196036460114545.88,1529.268881027685,196036460117317.66,1529.2688810060627,196036460118871.97,1529.2688809939375,196036460122899.44,1529.2688809625195,196036460113290.22,1529.2688810374805
0.0043599999999999065,0.0006050683710274765,-0.0005991252943545168,0.0006069333918355238,-0.005404748348693388,0.0011806717324144005,-0.0073176540247126744,6.4792472621139865e-25,-2.2352922929500653e-25,2.274194313396763e-24,71976754.71088845,6.179910164875703e-05,-6.073949055703385e-05,-6.213472548082487e-05,0.5795866558108365,-0.5696490283578933,-0.5827343244540508,-12066086.274374796,1492342.676169702,205.25855153270243,-10573538.33965356,196036460121629.0,1529.2688809724302,196036460114560.62,1529.2688810275702,196036460117322.75,1529.2688810060229,196036460118866.88,1529.2688809939773,196036460122879.9,1529.2688809626718,196036460113309.75,1529.2688810373281
0.004364999999999906,0.0006050414595262893,-0.0005991194297180149,0.0006068969523597823,-0.005382300237454518,0.0011729273003818496,-0.007287895148311744,6.452310599527325e-25,-2.2226295771916004e-25,2.270639723765988e-24,71978337.70638487,6.179965379347377e-05,-6.0743759551606945e-05,-6.213356051947968e-05,0.5795805657731165,-0.5696779895524973,-0.5827120695485372,-12066372.626157999,1492371.6906960628,203.6926925344821,-10573797.242769402,196036460121614.34,1529.2688809725446,196036460114575.28,1529.2688810274558,196036460117327.84,1529.2688810059833,196036460118861.78,1529.268880994017,196036460122860.44,1529.2688809628237,196036460113329.22,1529.2688810371762
0.004369999999999906,0.0006050146597990321,-0.0005991136035843159,0.0006068606610626581,-0.00535994545143904,0.0011652267398115895,-0.007258259424833077,6.425484741859659e-25,-2.2100349107449528e-25,2.267100270539774e-24,71979913.75177824,6.180020246194429e-05,-6.074801238743406e-05,-6.213239864124841e-05,0.5795744937994854,-0.569706847650743,-0.5826898951216878,-12066657.736398052,1492400.5753700973,202.13840670624975,-10574055.02262125,196036460121599.72,1529.2688809726587,196036460114589.9,1529.2688810273416,196036460117332.88,1529.2688810059437,196036460118856.75,1529.2688809940564,196036460122841.03,1529.2688809629751,196036460113348.6,1529.268881037025
0.004374999999999906,0.0006049879713809984,-0.0005991078157352412,0.0006068245173310088,-0.00533768360675033,0.0011575698149388068,-0.007228746329858204,6.398769985356049e-25,-2.1975071259138834e-25,2.2635758558204032e-24,71981482.87741062,6.18007476395628e-05,-6.075224910283634e-05,-6.213123981262153e-05,0.5795684397922212,-0.5697356030666996,-0.5826678008908978,-12066941.610368347,1492429.3300839493,200.5956128696188,-10574311.684671529,196036460121585.2,1529.268880972772,196036460114604.44,1529.2688810272282,196036460117337.88,1529.2688810059049,196036460118851.75,1529.2688809940953,196036460122821.75,1529.2688809631254,196036460113367.88,1529.2688810368747
0.004379999999999906,0.0006049613938094061,-0.000599102065953771,0.000606788520554297,-0.005315514318465389,0.0011499562940443086,-0.007199355342360438,6.372165044316183e-25,-2.1850457616406644e-25,2.2600662465784528e-24,71983045.11265402,6.18012893840057e-05,-6.0756469789100124e-05,-6.213008407132267e-05,0.579562403714118,-0.5697642561041459,-0.5826457866209991,-12067224.253184052,1492457.9563195258,199.0642281732907,-10574567.232636351,196036460121570.7,1529.268880972885,196036460114618.97,1529.268881027115,196036460117342.84,1529.2688810058662,196036460118846.78,1529.2688809941342,196036460122802.53,1529.2688809632755,196036460113387.1,1529.268881036725
0.0043849999999999055,0.0006049349266233755,-0.0005990963540240359,0.00060675267012455,-0.005293437206115677,0.0011423859470062903,-0.007170085949386667,6.345670968491944e-25,-2.172649975443212e-25,2.256571581933046e-24,71984600.4908855,6.18018277006383e-05,-6.076067450911006e-05,-6.21289313918008e-05,0.5795563854904722,-0.5697928072457183,-0.5826238519390214,-12067505.670697616,1492486.454392105,197.5441662467868,-10574821.672139263,196036460121556.22,1529.2688809729977,196036460114633.4,1529.2688810270024,196036460117347.78,1529.2688810058276,196036460118841.8,1529.2688809941728,196036460122783.4,1529.2688809634246,196036460113406.22,1529.2688810365755
0.004389999999999905,0.0006049085693639475,-0.0005990906797313029,0.0006067169654363842,-0.005271451885595666,0.0011348585466218258,-0.007140937633163835,6.319288667971937e-25,-2.160320340656722e-25,2.2530915539454484e-24,71986149.0428945,6.180236259838508e-05,-6.0764863316342144e-05,-6.212778178901006e-05,0.5795503849695709,-0.5698212567771586,-0.5826019967409325,-12067785.868284475,1492514.8249012912,196.03534810882147,-10575075.008035075,196036460121541.88,1529.2688809731096,196036460114647.75,1529.2688810268903,196036460117352.72,1529.2688810057891,196036460118836.9,1529.2688809942113,196036460122764.3,1529.2688809635736,196036460113425.3,1529.2688810364266
0.004394999999999905,0.0006048823215740993,-0.0005990850428619843,0.0006066814058869513,-0.00524955796964672,0.0011273738637016012,-0.0071119098865877846,6.293011438903298e-25,-2.1480575575281167e-25,2.249626408074355e-24,71987690.7972904,6.180289414003934e-05,-6.0769036250552385e-05,-6.212663522137735e-05,0.579544402556616,-0.5698496049063068,-0.5825802204447222,-12068064.850914214,1492543.0683134368,194.53769238975175,-10575327.244908387,196036460121527.53,1529.2688809732217,196036460114662.1,1529.2688810267784,196036460117357.6,1529.2688810057512,196036460118832.03,1529.268880994249,196036460122745.34,1529.2688809637216,196036460113444.28,1529.2688810362786
0.004399999999999905,0.0006048561827986281,-0.0005990794432036512,0.000606645990875981,-0.005227755094236484,0.0011199316666302157,-0.007083002194050153,6.266846013337422e-25,-2.135856630814591e-25,2.2461760635188478e-24,71989225.78676751,6.180342230355313e-05,-6.077319343021819e-05,-6.212549169954717e-05,0.5795384377192557,-0.5698778524394746,-0.5825585228154307,-12068342.624324216,1492571.1854605384,193.05111170693476,-10575578.38775197,196036460121513.25,1529.2688809733331,196036460114676.34,1529.2688810266673,196036460117362.47,1529.268881005713,196036460118827.16,1529.2688809942872,196036460122726.47,1529.2688809638687,196036460113463.2,1529.268881036131
0.004404999999999905,0.000604830152584268,-0.0005990738805449456,0.0006066107198057673,-0.005206042872008624,0.001112531741098872,-0.0070542140427420205,6.2407879028867775e-25,-2.123722040433474e-25,2.24273994898743e-24,71990754.03776753,6.180394712567978e-05,-6.0777334857280783e-05,-6.212435124394707e-05,0.5795324906212376,-0.5699059992323019,-0.5825369038553495,-12068619.193085827,1492599.1768020163,191.57553613229928,-10575828.44074768,196036460121499.06,1529.2688809734439,196036460114690.56,1529.2688810265563,196036460117367.3,1529.2688810056754,196036460118822.3,1529.268880994325,196036460122707.6,1529.268880964016,196036460113482.03,1529.2688810359841
0.0044099999999999044,0.0006048042304796122,-0.0005990683546756593,0.0006065755920810691,-0.005184420931157351,0.0011051738572775752,-0.0070255449396475315,6.214839704419491e-25,-2.111648577689107e-25,2.2393186194405196e-24,71992275.5839703,6.180446860312933e-05,-6.078146063747008e-05,-6.21232138006868e-05,0.5795265610907315,-0.5699340461527921,-0.5825153629100762,-12068894.56312151,1492627.0426945374,190.11087244560625,-10576077.409554528,196036460121484.94,1529.268880973554,196036460114704.7,1529.2688810264463,196036460117372.12,1529.2688810056377,196036460118817.47,1529.2688809943627,196036460122688.84,1529.2688809641622,196036460113500.75,1529.2688810358381
0.004414999999999904,0.0006047784160351578,-0.0005990628653866424,0.0006065406071092065,-0.005162888890879722,0.0010978578033824656,-0.006996994372523576,6.188999321544515e-25,-2.0996421365662504e-25,2.2359117292256944e-24,71993790.45765242,6.180498678589679e-05,-6.078557079366511e-05,-6.212207940310689e-05,0.5795206492681438,-0.5699619931076149,-0.5824938999548614,-12069168.740100844,1492654.7839775071,188.65705564986897,-10576325.299067687,196036460121470.88,1529.2688809736637,196036460114718.75,1529.2688810263367,196036460117376.9,1529.2688810056004,196036460118812.7,1529.2688809944,196036460122670.22,1529.2688809643075,196036460113519.44,1529.2688810356922
0.004419999999999904,0.0006047527088032696,-0.0005990574124699063,0.0006065057643000009,-0.005141446377635985,0.0010905833472092835,-0.006968561841102576,6.163264924167654e-25,-2.0876992498170915e-25,2.2325191689817846e-24,71995298.68439761,6.180550170359335e-05,-6.078966540847368e-05,-6.212094804760768e-05,0.5795147550988573,-0.5699898405595328,-0.5824725146147496,-12069441.728447549,1492682.401500399,187.2139990952402,-10576572.112948058,196036460121456.84,1529.268880973773,196036460114732.78,1529.268881026227,196036460117381.7,1529.2688810055631,196036460118807.94,1529.268880994437,196036460122651.6,1529.268880964453,196036460113538.03,1529.268881035547
0.004424999999999904,0.0006047271083381485,-0.0005990519957185634,0.0006064710630657564,-0.005120093024226965,0.0010833502685664554,-0.006940246848905901,6.13763626254367e-25,-2.0758203118759605e-25,2.2291411615998804e-24,71996800.2967369,6.180601335253587e-05,-6.0793744512250826e-05,-6.211981968149098e-05,0.5795088786380946,-0.5700175888963046,-0.5824512064786729,-12069713.53387042,1492709.895025714,185.78162616307137,-10576817.857218541,196036460121442.88,1529.268880973882,196036460114746.75,1529.2688810261182,196036460117386.4,1529.2688810055263,196036460118803.25,1529.2688809944734,196036460122633.1,1529.2688809645972,196036460113556.53,1529.268881035403
0.004429999999999904,0.0006047016141958268,-0.000599046614926834,0.0006064365028212977,-0.0050988284643187585,0.0010761583458958435,-0.006912048891732597,6.11211347170628e-25,-2.0640017652545104e-25,2.225777346669963e-24,71998295.31960858,6.180652176083809e-05,-6.079780820492466e-05,-6.211869433557876e-05,0.5795030196592197,-0.5700452385874266,-0.5824299753357909,-12069984.160678234,1492737.2658099479,184.35986155626009,-10577062.53500673,196036460121429.0,1529.2688809739905,196036460114760.66,1529.2688810260097,196036460117391.1,1529.26888100549,196036460118798.5,1529.2688809945105,196036460122614.7,1529.2688809647407,196036460113574.97,1529.2688810352593
0.004434999999999903,0.0006046762259341713,-0.0005990412698899841,0.0006064020829839084,-0.005077652331109622,0.0010690073699646454,-0.006883967477868538,6.08669800836451e-25,-2.0522471839677012e-25,2.2224276066198716e-24,71999783.7874288,6.180702695525635e-05,-6.0801856535909524e-05,-6.211757203269099e-05,0.5794971781088999,-0.5700727898115676,-0.5824088210872826,-12070253.61495431,1492764.5146305014,182.9486259423349,-10577306.151697865,196036460121415.1,1529.2688809740987,196036460114774.5,1529.2688810259017,196036460117395.78,1529.2688810054533,196036460118793.84,1529.268880994547,196036460122596.3,1529.2688809648841,196036460113593.34,1529.2688810351158
0.004439999999999903,0.0006046509431129075,-0.0005990359604043883,0.00060636780297331,-0.005056564252750872,0.0010618971191574652,-0.0068560021196730206,6.061389391862142e-25,-2.0405548955969908e-25,2.2190921830438237e-24,72001265.73072301,6.180752893541923e-05,-6.080588955627798e-05,-6.211645272312647e-05,0.5794913539891877,-0.5701002430675081,-0.582387743265727,-12070521.90204387,1492791.641466971,181.54783984597006,-10577548.712737052,196036460121401.34,1529.268880974206,196036460114788.28,1529.2688810257941,196036460117400.44,1529.2688810054167,196036460118789.2,1529.2688809945832,196036460122578.03,1529.268880965027,196036460113611.62,1529.2688810349732
0.004444999999999903,0.0006046257652936122,-0.0005990306862675,0.0006063336622117043,-0.0050355638590591145,0.001054827377653197,-0.006828152321135029,6.036182714718332e-25,-2.0289253223546915e-25,2.2157707832352366e-24,72002741.17357263,6.180802775607141e-05,-6.080990731443776e-05,-6.211533641740119e-05,0.5794855474630095,-0.5701275984788295,-0.5823667416106957,-12070789.026099738,1492818.6472157352,180.1574365790308,-10577790.221447425,196036460121387.6,1529.2688809743133,196036460114802.03,1529.2688810256868,196036460117405.06,1529.2688810053808,196036460118784.56,1529.2688809946194,196036460122559.78,1529.268880965169,196036460113629.84,1529.268881034831
0.004449999999999903,0.000604600692039628,-0.0005990254472778592,0.0006062996601237224,-0.0050146507968535006,0.0010477979281679308,-0.00680041759638471,6.011082733884615e-25,-2.0173562268276974e-25,2.2124634267764696e-24,72004210.14824443,6.180852338588055e-05,-6.081390987810829e-05,-6.211422309528467e-05,0.5794797581946977,-0.5701548566534854,-0.5823458158835334,-12071054.992800483,1492845.531978673,178.77733341490665,-10578030.683488393,196036460121373.94,1529.2688809744197,196036460114815.7,1529.2688810255804,196036460117409.66,1529.268881005345,196036460118779.97,1529.2688809946553,196036460122541.7,1529.2688809653102,196036460113647.97,1529.2688810346897
0.004454999999999903,0.0006045757229161457,-0.0005990202432350533,0.0006062657961364281,-0.004993824696472162,0.0010408085611695365,-0.006772797458873757,5.9860854980191175e-25,-2.0058498111773246e-25,2.209170073442548e-24,72005672.68374231,6.180901590329275e-05,-6.081789731356073e-05,-6.21131127795404e-05,0.5794739864006124,-0.5701820177161996,-0.582324965769171,-12071319.807232257,1492872.2970870656,177.40745830199376,-10578270.10268689,196036460121360.3,1529.2688809745262,196036460114829.3,1529.268881025474,196036460117414.22,1529.2688810053094,196036460118775.38,1529.268880994691,196036460122523.62,1529.2688809654512,196036460113666.03,1529.2688810345487
0.004459999999999902,0.000604550857490136,-0.0005990150739397558,0.0006062320696793109,-0.0049730852019431206,0.001033859059496238,-0.006745291423447504,5.961192228849375e-25,-1.9944038359690502e-25,2.205890564789879e-24,72007128.80714771,6.180950528347896e-05,-6.0821869664192954e-05,-6.211200544191973e-05,0.5794682318862054,-0.5702090821254894,-0.5823041910344471,-12071583.47410637,1492898.942436434,176.0477343407291,-10578508.483935595,196036460121346.75,1529.2688809746319,196036460114842.88,1529.2688810253683,196036460117418.78,1529.268881005274,196036460118770.84,1529.2688809947263,196036460122505.6,1529.2688809655917,196036460113684.0,1529.2688810344087
0.004464999999999902,0.0006045260953303707,-0.0005990099391936871,0.0006061984801842586,-0.004952431953061577,0.0010269492137450426,-0.006717899010440747,5.936403046105299e-25,-1.983019498680086e-25,2.2026248612571516e-24,72008578.54967159,6.180999156718161e-05,-6.0825827001344624e-05,-6.211090110212026e-05,0.5794624946269755,-0.5702360501641329,-0.5822834914488741,-12071845.998920657,1492925.4690680224,174.69809330175624,-10578745.831759332,196036460121333.22,1529.2688809747374,196036460114856.38,1529.268881025263,196036460117423.28,1529.2688810052387,196036460118766.34,1529.2688809947615,196036460122487.7,1529.2688809657316,196036460113701.94,1529.2688810342686
0.004469999999999902,0.0006045014360074247,-0.0005990048387996352,0.0006061650270855508,-0.004931864589207915,0.0010200788103641573,-0.006690619741558932,5.911716534932177e-25,-1.9716940302337725e-25,2.1993730313376944e-24,72010021.93755491,6.181047476003134e-05,-6.082976938264701e-05,-6.210979972263228e-05,0.5794567746031651,-0.570262922314838,-0.5822628665812698,-12072107.386238089,1492951.8771628388,173.35845634850085,-10578982.150618901,196036460121319.78,1529.2688809748422,196036460114869.8,1529.2688810251582,196036460117427.78,1529.2688810052036,196036460118761.84,1529.2688809947967,196036460122469.84,1529.2688809658707,196036460113719.78,1529.2688810341294
0.004474999999999902,0.0006044768790936514,-0.0005989997725614082,0.0006061317098198701,-0.004911382754664449,0.00101324764539558,-0.006663453136134474,5.887132014690687e-25,-1.9604308825659035e-25,2.1961350560747086e-24,72011459.0029981,6.18109548957778e-05,-6.083369684527584e-05,-6.210870130590524e-05,0.579451071907034,-0.5702896987192559,-0.5822423162227987,-12072367.641743928,1492978.1672924946,172.02875380027132,-10579217.445697632,196036460121306.4,1529.2688809749466,196036460114883.22,1529.2688810250536,196036460117432.25,1529.2688810051689,196036460118757.38,1529.2688809948313,196036460122452.1,1529.2688809660092,196036460113737.53,1529.268881033991
0.004479999999999902,0.0006044524241631711,-0.0005989947402838936,0.0006060985278262993,-0.004890986096071646,0.001006455502921672,-0.006636398714156568,5.8626495255038e-25,-1.949225918473793e-25,2.192910723195711e-24,72012889.77014515,6.181143199207646e-05,-6.0837609481321634e-05,-6.210760586113374e-05,0.579445386339138,-0.570316379895113,-0.582221840086423,-12072626.769621288,1493004.340391491,170.70891145629733,-10579451.72031834,196036460121293.06,1529.2688809750507,196036460114896.56,1529.2688810249495,196036460117436.7,1529.268881005134,196036460118752.94,1529.268880994866,196036460122434.4,1529.2688809661472,196036460113755.22,1529.268881033853
0.004484999999999901,0.0006044280707918714,-0.0005989897417729868,0.0006060654805462844,-0.004870674259930964,0.0009997021813586188,-0.006609456002968836,5.838267752825971e-25,-1.938081358774881e-25,2.189699900215906e-24,72014314.2675952,6.181190606094496e-05,-6.084150731159785e-05,-6.210651337475882e-05,0.5794397179576618,-0.5703429659973881,-0.582201437983837,-12072884.774881156,1493030.396594417,169.39886110360396,-10579684.979425635,196036460121279.78,1529.2688809751544,196036460114909.84,1529.2688810248458,196036460117441.1,1529.2688810050997,196036460118748.53,1529.2688809949004,196036460122416.78,1529.2688809662848,196036460113772.84,1529.2688810337156
0.004489999999999901,0.000604403818557385,-0.0005989847768356296,0.000606032567423612,-0.004850446897298258,0.0009929874714283227,-0.006582624534504994,5.813988341738217e-25,-1.9269945156876323e-25,2.1865027880872417e-24,72015732.52557962,6.181237711980145e-05,-6.0845390430170356e-05,-6.210542383568475e-05,0.5794340666196526,-0.570369457619839,-0.582181109496918,-12073141.662848787,1493056.3366846067,168.09852568519207,-10579917.227638496,196036460121266.53,1529.2688809752578,196036460114923.06,1529.2688810247428,196036460117445.5,1529.2688810050652,196036460118744.12,1529.2688809949348,196036460122399.25,1529.2688809664214,196036460113790.38,1529.2688810335787
0.004494999999999901,0.0006043796670391173,-0.0005989798452797637,0.0006059997879044433,-0.004830303653529806,0.0009863111731648212,-0.006555903833736538,5.789810809751255e-25,-1.9159684305250437e-25,2.183319061168881e-24,72017144.57260098,6.18128451773688e-05,-6.084925885497305e-05,-6.210433725060041e-05,0.5794284323075914,-0.5703958548461154,-0.5821608545822503,-12073397.438522512,1493082.1609122164,166.80784327003104,-10580148.469767027,196036460121253.4,1529.26888097536,196036460114936.25,1529.2688810246398,196036460117449.84,1529.2688810050313,196036460118739.78,1529.2688809949689,196036460122381.75,1529.2688809665578,196036460113807.84,1529.2688810334425
0.004499999999999901,0.0006043556158182391,-0.0005989749469143834,0.0006059671414372587,-0.004810244175653528,0.0009796730760651656,-0.006529293436917179,5.76573160548477e-25,-1.905000210465026e-25,2.1801487520866315e-24,72018550.43226197,6.181331028090045e-05,-6.085311266613804e-05,-6.210325360962362e-05,0.5794228151035524,-0.5704221580852976,-0.5821406727783126,-12073652.105995627,1493107.870201507,165.52673849788255,-10580378.709055623,196036460121240.25,1529.2688809754627,196036460114949.34,1529.2688810245377,196036460117454.2,1529.2688810049974,196036460118735.44,1529.2688809950027,196036460122364.38,1529.2688809666934,196036460113825.25,1529.2688810333066
0.004504999999999901,0.000604331664477624,-0.0005989700815494851,0.0006059346274728629,-0.0047902681230015155,0.0009730729796489288,-0.006502792879170262,5.741752727770432e-25,-1.894090823967334e-25,2.1769916439012525e-24,72019950.13380298,6.181377242537813e-05,-6.0856951905017424e-05,-6.210217291694539e-05,0.5794172148397334,-0.5704483676191859,-0.5821205639968171,-12073905.670410965,1493133.4648580588,164.25514218275075,-10580607.950410722,196036460121227.2,1529.2688809755646,196036460114962.4,1529.2688810244358,196036460117458.5,1529.2688810049638,196036460118731.12,1529.2688809950362,196036460122347.0,1529.268880966829,196036460113842.6,1529.2688810331715
0.0045099999999999,0.0006043078126018841,-0.0005989652489960847,0.0006059022454643472,-0.004770375147980676,0.0009665106800803413,-0.00647640170313525,5.717872930994376e-25,-1.8832393381352443e-25,2.173848134752321e-24,72021343.70754099,6.181423164249249e-05,-6.0860776639711075e-05,-6.21010951356351e-05,0.5794116316240112,-0.5704744839128377,-0.5821005276953307,-12074158.137113195,1493158.945363807,162.9929877273581,-10580836.19876166,196036460121214.2,1529.268880975666,196036460114975.44,1529.2688810243342,196036460117462.78,1529.2688810049306,196036460118726.8,1529.2688809950698,196036460122329.78,1529.2688809669635,196036460113859.84,1529.268881033037
0.0045149999999999,0.0006042840597773475,-0.0005989604490662009,0.0006058699948671589,-0.004750564907313489,0.0009599859767557635,-0.006450119437657594,5.694094193233487e-25,-1.8724448133585654e-25,2.1707178788379264e-24,72022731.18013875,6.181468793433707e-05,-6.0864586936206145e-05,-6.210002028709215e-05,0.5794060652020576,-0.5705005073279104,-0.5820805637930765,-12074409.510774579,1493184.3124192036,161.7402010852468,-10581063.458154289,196036460121201.25,1529.268880975767,196036460114988.38,1529.2688810242332,196036460117467.06,1529.2688810048971,196036460118722.53,1529.2688809951032,196036460122312.6,1529.2688809670974,196036460113877.03,1529.2688810329028
0.0045199999999999,0.0006042604055920931,-0.0005989556815728393,0.0006058378751390411,-0.004730837050869157,0.0009534986723269454,-0.006423945623563455,5.6704118145892025e-25,-1.861709634581035e-25,2.167600669168804e-24,72024112.57614274,6.181514134834431e-05,-6.0868382819274436e-05,-6.209894837243453e-05,0.5794005157936419,-0.5705264378879734,-0.5820606720685758,-12074659.795669302,1493209.5665981702,160.49672169177953,-10581289.732349442,196036460121188.3,1529.268880975868,196036460115001.28,1529.2688810241325,196036460117471.3,1529.2688810048642,196036460118718.3,1529.2688809951362,196036460122295.47,1529.268880967231,196036460113894.16,1529.268881032769
0.0045249999999999,0.0006042368496358691,-0.0005989509463300333,0.0006058058857399968,-0.004711191244800232,0.0009470485611827202,-0.0063978798088503794,5.646829449935256e-25,-1.8510282285634643e-25,2.1644967884903428e-24,72025487.92413485,6.181559185936546e-05,-6.0872164381437996e-05,-6.209787934851447e-05,0.579394983096574,-0.5705522764074555,-0.5820408520445889,-12074908.99682355,1493234.7080665526,159.26246992325846,-10581515.026287073,196036460121175.47,1529.268880975968,196036460115014.12,1529.2688810240325,196036460117475.53,1529.268881004831,196036460118714.1,1529.2688809951692,196036460122278.4,1529.268880967364,196036460113911.2,1529.2688810326365
0.0045299999999998996,0.0006042133915001561,-0.0005989462431527482,0.0006057740261323383,-0.004691627142596527,0.0009406354570210612,-0.006371921531719872,5.623344238738736e-25,-1.8404073670486148e-25,2.1614058079633665e-24,72026857.25248191,6.181603952136062e-05,-6.0875931632329274e-05,-6.209681325640894e-05,0.5793894672917907,-0.570578022669324,-0.5820211037738231,-12075157.119233593,1493259.737656107,158.0373949470309,-10581739.34418254,196036460121162.7,1529.2688809760677,196036460115026.9,1529.2688810239326,196036460117479.72,1529.2688810047985,196036460118709.9,1529.2688809952017,196036460122261.44,1529.2688809674967,196036460113928.16,1529.268881032504
0.004534999999999899,0.0006041900307781178,-0.0005989415718569978,0.0006057422957806121,-0.0046721444076585055,0.000934259150078445,-0.006346070345231069,5.599956973424908e-25,-1.829841789919826e-25,2.158328145867659e-24,72028220.58879772,6.1816484337203e-05,-6.087968466403525e-05,-6.209575004619195e-05,0.5793839682742646,-0.5706036774192036,-0.5820014266498384,-12075404.16775148,1493284.6557015486,156.82141875922875,-10581962.690631172,196036460121149.97,1529.268880976167,196036460115039.66,1529.2688810238333,196036460117483.88,1529.268881004766,196036460118705.75,1529.2688809952342,196036460122244.56,1529.268880967628,196036460113945.06,1529.268881032372
0.004539999999999899,0.0006041667670646146,-0.0005989369322597538,0.0006057106941516723,-0.004652742700641182,0.0009279194488156394,-0.006320325787951317,5.5766661110353605e-25,-1.8193325475768826e-25,2.155263124750162e-24,72029577.9546635,6.181692633114644e-05,-6.0883423516367375e-05,-6.209468976072895e-05,0.5793784859407498,-0.5706292407170251,-0.581981820736452,-12075650.146110538,1493309.4630495452,155.61447994700035,-10582185.068581048,196036460121137.25,1529.2688809762662,196036460115052.34,1529.2688810237344,196036460117488.03,1529.2688810047337,196036460118701.6,1529.2688809952665,196036460122227.7,1529.2688809677597,196036460113961.9,1529.2688810322406
0.004544999999999899,0.0006041435999561769,-0.0005989323241789634,0.0006056792207145628,-0.004633421687545331,0.0009216161580541786,-0.006294687421919115,5.5534726485308775e-25,-1.8088793829020394e-25,2.1522113661770767e-24,72030929.38397011,6.181736552304764e-05,-6.088714825832592e-05,-6.209363235255257e-05,0.5793730203556376,-0.5706547131018637,-0.5819622854606779,-12075895.0603403,1493334.1600085245,154.41650940025949,-10582406.483822376,196036460121124.62,1529.2688809763647,196036460115065.0,1529.2688810236355,196036460117492.16,1529.2688810047014,196036460118697.47,1529.2688809952988,196036460122210.94,1529.2688809678905,196036460113978.66,1529.26888103211
0.004549999999999899,0.0006041205290510223,-0.0005989277474335459,0.0006056478749406246,-0.004614181030917639,0.0009153490835064114,-0.006269154787638074,5.530376455419581e-25,-1.798481856049349e-25,2.1491723537516693e-24,72032274.89918768,6.181780190499367e-05,-6.08908589225489e-05,-6.209257783072554e-05,0.579367571344394,-0.5706800947929125,-0.5819428208008507,-12076138.914337387,1493358.7468319377,153.2274437193389,-10582626.940061731,196036460121112.06,1529.2688809764627,196036460115077.56,1529.2688810235375,196036460117496.28,1529.2688810046693,196036460118693.38,1529.2688809953306,196036460122194.28,1529.2688809680205,196036460113995.38,1529.2688810319796
0.0045549999999998985,0.0006040975539490535,-0.0005989232018433838,0.000605616656303407,-0.0045950203937568995,0.0009091180324085847,-0.006243727443502974,5.507374509294355e-25,-1.7881383779582912e-25,2.146146158971647e-24,72033614.52443969,6.18182355248706e-05,-6.0894555583132204e-05,-6.209152618830934e-05,0.579362139001974,-0.5707053861481421,-0.5819234263307823,-12076381.712315802,1493383.2244266227,152.04721798379387,-10582846.440671196,196036460121099.53,1529.2688809765605,196036460115090.1,1529.2688810234397,196036460117500.34,1529.2688810046375,196036460118689.28,1529.2688809953627,196036460122177.66,1529.2688809681501,196036460114012.0,1529.26888103185
0.004559999999999898,0.0006040746742518058,-0.0005989186872292963,0.0006055855642786798,-0.004575939449533385,0.0009029228175024314,-0.006218404945431475,5.4844681534418605e-25,-1.7778516591790949e-25,2.1431324502978863e-24,72034948.2874427,6.181866637701368e-05,-6.0898238258798947e-05,-6.209047743435287e-05,0.5793567232109496,-0.5707305872916152,-0.5819041020649699,-12076623.459157266,1493407.5929532393,150.8757712125058,-10583064.990432814,196036460121087.06,1529.2688809766578,196036460115102.56,1529.2688810233426,196036460117504.38,1529.268881004606,196036460118685.25,1529.268880995394,196036460122161.06,1529.2688809682795,196036460114028.53,1529.2688810317209
0.004564999999999898,0.0006040518895624704,-0.0005989142034130856,0.0006055545983443757,-0.004556937867063396,0.000896763242138666,-0.006193186860827795,5.461657032295313e-25,-1.7676201601611663e-25,2.140131728913696e-24,72036276.21873428,6.181909451032769e-05,-6.090190704588495e-05,-6.208943154962229e-05,0.5793513240424752,-0.5707556987566456,-0.5818848474286336,-12076864.1602812,1493431.8534046698,149.71303660873738,-10583282.593839921,196036460121074.62,1529.2688809767546,196036460115115.0,1529.2688810232453,196036460117508.4,1529.2688810045747,196036460118681.22,1529.2688809954257,196036460122144.56,1529.2688809684082,196036460114045.03,1529.2688810315922
0.004569999999999898,0.0006040291994858885,-0.0005989097502175106,0.000605523757980677,-0.004538015316395139,0.0008906391150019557,-0.0061680727397320735,5.438940826708436e-25,-1.757443041385777e-25,2.1371435376852178e-24,72037598.339997,6.181951990847742e-05,-6.09055619694361e-05,-6.208838852839523e-05,0.5793459413396955,-0.5707807207860146,-0.5818656623587781,-12077103.819442684,1493456.0057855167,148.55895085452133,-10583499.254706314,196036460121062.25,1529.2688809768513,196036460115127.38,1529.2688810231489,196036460117512.4,1529.2688810045436,196036460118677.22,1529.2688809954568,196036460122128.16,1529.2688809685362,196036460114061.47,1529.268881031464
0.004574999999999898,0.0006040066036285451,-0.0005989053274662723,0.0006054930426699368,-0.004519171468682534,0.0008845502476855793,-0.006143062148022384,5.416319802154317e-25,-1.7473184825443238e-25,2.134167944533336e-24,72038914.67760198,6.181994259742282e-05,-6.090920311188026e-05,-6.20873483704614e-05,0.5793405750138217,-0.5708056538367191,-0.5818465465143623,-12077342.441285558,1493480.050946753,147.41344702184244,-10583714.976891786,196036460121049.94,1529.2688809769475,196036460115139.7,1529.268881023053,196036460117516.4,1529.2688810045122,196036460118673.22,1529.268880995488,196036460122111.78,1529.268880968664,196036460114077.8,1529.2688810313364
0.0045799999999998975,0.0006039841015985743,-0.0005989009349839818,0.0006054624518966907,-0.004500405994159744,0.000878496458089488,-0.006118154649223603,5.393791490144827e-25,-1.7372486953912882e-25,2.131204940760249e-24,72040225.25794153,6.18203626017904e-05,-6.0912830495409675e-05,-6.20863110565676e-05,0.5793352252145524,-0.5708304980484213,-0.5818274996280213,-12077580.030450866,1493503.9890923894,146.2764686112832,-10583929.764889864,196036460121037.66,1529.2688809770432,196036460115151.97,1529.2688810229572,196036460117520.38,1529.2688810044813,196036460118669.25,1529.2688809955189,196036460122095.5,1529.268880968791,196036460114094.1,1529.2688810312095
0.004584999999999897,0.0006039616930057163,-0.0005988965725961995,0.0006054319851476549,-0.004481718571613296,0.00087247755645075,-0.006093349807161954,5.371358244359251e-25,-1.7272350271057987e-25,2.1282545306559143e-24,72041530.11163212,6.182077993811043e-05,-6.0916444180586176e-05,-6.208527659820151e-05,0.5793298918251273,-0.5708552537324889,-0.5818085215291212,-12077816.592379456,1493527.8209177766,145.14795539289858,-10584143.623506287,196036460121025.44,1529.2688809771385,196036460115164.2,1529.2688810228617,196036460117524.3,1529.2688810044506,196036460118665.34,1529.2688809955496,196036460122079.3,1529.2688809689173,196036460114110.34,1529.2688810310826
0.004589999999999897,0.0006039393774613579,-0.0005988922401294578,0.0006054016419117273,-0.004463108871675118,0.0008664933483389741,-0.006068647185515027,5.34901605991136e-25,-1.7172726266386592e-25,2.125316345615224e-24,72042829.25352103,6.182119460683076e-05,-6.092004421184853e-05,-6.208424496990741e-05,0.5793245747952871,-0.5708799212631148,-0.5817896119190163,-12078052.129556572,1493551.5465583475,144.02784085184055,-10584356.555157373,196036460121013.28,1529.2688809772333,196036460115176.34,1529.268881022767,196036460117528.2,1529.2688810044203,196036460118661.44,1529.26888099558,196036460122063.16,1529.2688809690433,196036460114126.47,1529.268881030957
0.004594999999999897,0.0006039171545784637,-0.0005988879374111772,0.0006053714216799237,-0.0044445765788525375,0.0008605436561307971,-0.006044046360731171,5.326768426917387e-25,-1.7073625797719463e-25,2.1223906908994846e-24,72044122.71747701,6.182160664700423e-05,-6.092363068671478e-05,-6.208321619115493e-05,0.5793192740086848,-0.5709045010901724,-0.5817707704904326,-12078286.648042398,1493575.1672526225,142.91606214664176,-10584568.564727629,196036460121001.16,1529.2688809773279,196036460115188.47,1529.2688810226723,196036460117532.1,1529.2688810043896,196036460118657.5,1529.2688809956107,196036460122047.06,1529.2688809691688,196036460114142.56,1529.2688810308314
0.004599999999999897,0.0006038950239716359,-0.000598883664269685,0.0006053413239454303,-0.004426121365560966,0.0008546282984410366,-0.006019546898682595,5.30461272287512e-25,-1.6975089858594632e-25,2.119477118374648e-24,72045410.52677915,6.182201605212e-05,-6.092720357689992e-05,-6.20821902481889e-05,0.5793139895601026,-0.5709289931133534,-0.5817519972656131,-12078520.151898244,1493598.6825940667,141.81256683033305,-10584779.656737346,196036460120989.1,1529.268880977422,196036460115200.53,1529.2688810225784,196036460117535.97,1529.2688810043596,196036460118653.7,1529.2688809956403,196036460122031.03,1529.2688809692938,196036460114158.6,1529.2688810307063
0.0046049999999998965,0.0006038729852570694,-0.0005988794205342866,0.0006053113482035264,-0.00440774291330178,0.0008487470796818188,-0.005995148380767643,5.282547465119641e-25,-1.6877058149019006e-25,2.1165760235750182e-24,72046692.70495883,6.182242287700244e-05,-6.0930763012027144e-05,-6.208116712723809e-05,0.5793087214367975,-0.570953398039605,-0.5817332915815385,-12078752.645253006,1493622.0939352096,140.71728814014324,-10584989.834029658,196036460120977.06,1529.268880977516,196036460115212.56,1529.2688810224843,196036460117539.8,1529.2688810043296,196036460118649.8,1529.2688809956705,196036460122015.06,1529.2688809694184,196036460114174.53,1529.268881030582
0.004609999999999896,0.0006038510380525258,-0.0005988752060351608,0.0006052814939516531,-0.004389440908713221,0.0008428998251569089,-0.005970850374680904,5.260575498990583e-25,-1.6779557047444344e-25,2.1136870095525603e-24,72047969.2791212,6.18228270921998e-05,-6.0934309000774684e-05,-6.208014683176566e-05,0.5793034694217214,-0.5709777160193591,-0.5817146535246237,-12078984.1328908,1493645.4011193058,139.630170894462,-10585199.1016006,196036460120965.1,1529.2688809776091,196036460115224.53,1529.2688810223908,196036460117543.62,1529.2688810043,196036460118645.97,1529.2688809957006,196036460121999.2,1529.2688809695424,196036460114190.44,1529.2688810304578
0.004614999999999896,0.000603829181977383,-0.0005988710206034057,0.0006052517606893437,-0.00437121502857552,0.0008370863510309482,-0.0059466524618697015,5.238695295089642e-25,-1.66825610531974e-25,2.1108103703531865e-24,72049240.27437486,6.182322872713721e-05,-6.0937841619610256e-05,-6.207912933200021e-05,0.5792982335591924,-0.5710019475520316,-0.5816960825783395,-12079214.619234826,1493668.604738226,138.55114545777255,-10585407.463351142,196036460120953.2,1529.268880977702,196036460115236.44,1529.268881022298,196036460117547.44,1529.26888100427,196036460118642.2,1529.2688809957301,196036460121983.38,1529.2688809696656,196036460114206.25,1529.2688810303346
0.004619999999999896,0.0006038074166526082,-0.0005988668640709941,0.0006052221479182757,-0.004353064954967687,0.0008313064823035856,-0.005922554213593789,5.216902785234259e-25,-1.6586103506923334e-25,2.1079457566650542e-24,72050505.7130273,6.182362782835095e-05,-6.09413608866446e-05,-6.207811464491129e-05,0.5792930140333015,-0.5710260925698438,-0.5816775786435552,-12079444.108182635,1493691.7054368898,137.48016577270744,-10585614.922579972,196036460120941.28,1529.268880977795,196036460115248.3,1529.2688810222053,196036460117551.22,1529.2688810042407,196036460118638.4,1529.2688809957594,196036460121967.62,1529.2688809697884,196036460114222.0,1529.2688810302118
0.004624999999999896,0.0006037857417006879,-0.000598862736270832,0.0006051926551422096,-0.004334990384063426,0.0008255600324232125,-0.005898555213215242,5.195204599075922e-25,-1.6490147442812946e-25,2.1050929768332005e-24,72051765.62155654,6.182402435380198e-05,-6.094486688347727e-05,-6.207710277823038e-05,0.5792878103090636,-0.5710501517091194,-0.5816591416459661,-12079672.604413426,1493714.7035743443,136.41716614919645,-10585821.483672932,196036460120929.5,1529.268880977887,196036460115260.12,1529.2688810221132,196036460117554.97,1529.2688810042114,196036460118634.66,1529.2688809957888,196036460121951.9,1529.2688809699112,196036460114237.7,1529.2688810300895
0.0046299999999998955,0.0006037641567457425,-0.0005988586370366938,0.0006051632818669559,-0.00431699098906724,0.0008198468276454578,-0.005874655050736245,5.173596426814036e-25,-1.6394720967173688e-25,2.102252356300254e-24,72053020.02750997,6.18244183621123e-05,-6.0948359646168695e-05,-6.207609370711835e-05,0.5792826227221287,-0.5710741251078366,-0.5816407711332579,-12079900.11281011,1493737.599696801,135.3620923997878,-10586027.151020909,196036460120917.75,1529.2688809779786,196036460115271.9,1529.2688810220213,196036460117558.72,1529.2688810041823,196036460118630.9,1529.2688809958179,196036460121936.28,1529.268880970033,196036460114253.3,1529.2688810299674
0.004634999999999895,0.0006037426614134519,-0.0005988545662032713,0.0006051340276004315,-0.004299066458115438,0.0008141666844881911,-0.005850853304883644,5.152077746397196e-25,-1.6299791563149852e-25,2.0994237351669927e-24,72054268.95149922,6.18248098528211e-05,-6.095183923324888e-05,-6.207508741653738e-05,0.5792774511396835,-0.5710980131983544,-0.5816224668305066,-12080126.636957353,1493760.394130952,134.31488182325245,-10586231.927944576,196036460120906.0,1529.26888097807,196036460115283.62,1529.2688810219302,196036460117562.44,1529.2688810041532,196036460118627.22,1529.2688809958468,196036460121920.75,1529.2688809701542,196036460114268.88,1529.268881029846
0.004639999999999895,0.0006037212553310461,-0.0005988505236061177,0.0006051048918526319,-0.0042812164811530376,0.0008085194307351277,-0.005827149559924175,5.130645440800248e-25,-1.6205376094501679e-25,2.0966069756502295e-24,72055512.41667634,6.182519888006109e-05,-6.09553056926548e-05,-6.207408392219907e-05,0.5792722957045202,-0.5711218160810884,-0.5816042285140769,-12080352.180923034,1493783.0878118859,133.27548388174435,-10586435.817627266,196036460120894.3,1529.2688809781614,196036460115295.3,1529.2688810218388,196036460117566.12,1529.2688810041245,196036460118623.5,1529.2688809958759,196036460121905.25,1529.2688809702752,196036460114284.4,1529.268881029725
0.004644999999999895,0.0006036999381272515,-0.0005988465090816761,0.0006050758741356074,-0.004263440758924356,0.0008029048883273355,-0.0058035434048982395,5.109305956626044e-25,-1.6111464480487163e-25,2.09380189991162e-24,72056750.4510583,6.182558538418923e-05,-6.0958759063498e-05,-6.207308321153753e-05,0.579267155967714,-0.5711455342412957,-0.5815860561716562,-12080576.749675598,1493805.680451622,132.2438356788826,-10586638.825388297,196036460120882.72,1529.268880978252,196036460115306.9,1529.2688810217485,196036460117569.78,1529.2688810040959,196036460118619.84,1529.2688809959043,196036460121889.78,1529.2688809703957,196036460114299.84,1529.2688810296045
0.004649999999999895,0.0006036787094324023,-0.0005988425224672626,0.0006050469739634323,-0.004245738969838699,0.0007973228826984736,-0.005780034435007655,5.088053551259018e-25,-1.6018051184707175e-25,2.0910088479610277e-24,72057983.07786609,6.18259694486397e-05,-6.096219942273808e-05,-6.207208527073679e-05,0.5792620322576583,-0.5711691679634286,-0.5815679492137547,-12080800.347302707,1493828.1732146814,131.21988194903477,-10586840.95420608,196036460120871.12,1529.2688809783422,196036460115318.5,1529.268881021658,196036460117573.44,1529.2688810040672,196036460118616.2,1529.268880995933,196036460121874.4,1529.2688809705157,196036460114315.22,1529.2688810294846
0.0046549999999998945,0.0006036575688783413,-0.0005988385636010566,0.0006050181908522639,-0.004228110812201336,0.0007917732412003513,-0.0057566222336741975,5.0668893003697825e-25,-1.5925143422579817e-25,2.0882274011837608e-24,72059210.31972912,6.182635105658476e-05,-6.096562679073446e-05,-6.207109010321598e-05,0.579256924399581,-0.5711927174316456,-0.5815499076504014,-12081022.977769995,1493850.5661406731,130.2035707280994,-10587042.208058592,196036460120859.6,1529.2688809784322,196036460115330.0,1529.2688810215682,196036460117577.06,1529.268881004039,196036460118612.53,1529.2688809959614,196036460121859.1,1529.268880970635,196036460114330.53,1529.268881029365
0.004659999999999894,0.0006036365160984384,-0.0005988346323221132,0.0006049895243202698,-0.004210555980590753,0.0007862557886849121,-0.005733306398823041,5.045813868766317e-25,-1.583273503696273e-25,2.08545794342966e-24,72060432.20523219,6.182673022675583e-05,-6.096904123299252e-05,-6.20700976791607e-05,0.5792518324049982,-0.5712161831081833,-0.5815319310328285,-12081244.646166122,1493872.8596480135,129.19484078972067,-10587242.591677317,196036460120848.16,1529.2688809785213,196036460115341.5,1529.2688810214784,196036460117580.66,1529.2688810040108,196036460118608.94,1529.2688809959895,196036460121843.88,1529.2688809707538,196036460114345.75,1529.2688810292464
0.004664999999999894,0.0006036155507276019,-0.0005988307284703525,0.0006049609738876944,-0.004193074167282127,0.0007807703521373133,-0.005710086515080434,5.024824475332299e-25,-1.5740834166581777e-25,2.0826997500252884e-24,72061648.75131509,6.182710699066466e-05,-6.0972442784186884e-05,-6.206910804501722e-05,0.5792467562198487,-0.5712395649835805,-0.5815140194407635,-12081465.355406651,1493895.0546330744,128.1936429844738,-10587442.10713059,196036460120836.7,1529.268880978611,196036460115352.94,1529.2688810213892,196036460117584.25,1529.2688810039829,196036460118605.38,1529.2688809960173,196036460121828.7,1529.2688809708725,196036460114360.94,1529.2688810291277
0.004669999999999894,0.000603594672402231,-0.0005988268518865739,0.0006049325390767335,-0.004175665074186141,0.0007753167557229552,-0.00568696219217978,5.003922837069979e-25,-1.5649396783344537e-25,2.079953308009728e-24,72062859.98403671,6.182748133735842e-05,-6.097583152171897e-05,-6.206812114268443e-05,0.5792416957231779,-0.5712628637749444,-0.5814961723067373,-12081685.110103736,1493917.151138753,127.19991496532711,-10587640.75905002,196036460120825.28,1529.2688809786998,196036460115364.3,1529.2688810213006,196036460117587.84,1529.268881003955,196036460118601.78,1529.2688809960453,196036460121813.56,1529.2688809709905,196036460114376.06,1529.26888102901
0.004674999999999894,0.0006035738807602446,-0.0005988230024123796,0.0006049042194116186,-0.0041583283972647204,0.0007698948388612869,-0.005663933022980447,4.983108346940549e-25,-1.5558484992999366e-25,2.0772184235289103e-24,72064065.93166608,6.182785329633764e-05,-6.09792074516716e-05,-6.206713699032411e-05,0.5792366510262484,-0.5712860793863818,-0.5814783896304597,-12081903.915292915,1493939.149586526,126.2136108292637,-10587838.552095562,196036460120813.97,1529.2688809787883,196036460115375.66,1529.268881021212,196036460117591.38,1529.2688810039274,196036460118598.28,1529.2688809960725,196036460121798.5,1529.2688809711078,196036460114391.12,1529.2688810288923
0.0046799999999998934,0.0006035531754410717,-0.0005988191798902824,0.0006048760144185834,-0.004141063834582949,0.0007645044194544932,-0.005640998607058104,4.962381976703383e-25,-1.5468033407064556e-25,2.074495043338828e-24,72065266.61340436,6.182822286751081e-05,-6.0982570673732635e-05,-6.206615557962431e-05,0.5792316218494372,-0.5713092124867696,-0.5814606710495712,-12082121.774315797,1493961.050691028,125.23466787889086,-10588035.488956891,196036460120802.7,1529.268880978876,196036460115386.94,1529.2688810211241,196036460117594.9,1529.2688810038997,196036460118594.75,1529.2688809961,196036460121783.5,1529.268880971225,196036460114406.12,1529.2688810287755
0.004684999999999893,0.0006035325560856675,-0.000598815384163592,0.0006048479236258542,-0.004123871080839135,0.0007591453380593642,-0.005618158545833118,4.941738493578192e-25,-1.5378077118288543e-25,2.071782938492362e-24,72066462.04995462,6.182859010046894e-05,-6.098592119791419e-05,-6.206517691398075e-05,0.5792266084634407,-0.5713322629884547,-0.5814430163966466,-12082338.690793192,1493982.8549480455,124.26304239616209,-10588231.572802749,196036460120791.44,1529.268880978964,196036460115398.2,1529.2688810210363,196036460117598.4,1529.2688810038726,196036460118591.22,1529.2688809961276,196036460121768.56,1529.2688809713416,196036460114421.06,1529.2688810286588
0.004689999999999893,0.0006035120223364231,-0.0005988116150764767,0.000604819946563611,-0.00410674984886117,0.0007538174230743966,-0.005595412448658002,4.921184289100745e-25,-1.528860214354169e-25,2.069082411415111e-24,72067652.27270195,6.182895496790776e-05,-6.098925909774994e-05,-6.206420097279354e-05,0.5792216105390194,-0.5713552315176009,-0.5814254254004145,-12082554.67034731,1494004.5625427312,123.29867246302125,-10588426.809132118,196036460120780.25,1529.2688809790511,196036460115409.38,1529.268881020949,196036460117601.9,1529.2688810038453,196036460118587.72,1529.2688809961548,196036460121753.7,1529.2688809714575,196036460114435.94,1529.2688810285426
0.004694999999999893,0.0006034915738372765,-0.000598807872473938,0.0006047920827640389,-0.0040896998293327175,0.0007485205077427061,-0.005572759914407375,4.900711900743083e-25,-1.5199612060217198e-25,2.066393224447687e-24,72068837.29734616,6.182931751923518e-05,-6.099258439083311e-05,-6.206322774098128e-05,0.5792166283804615,-0.5713781180922555,-0.5814078977558894,-12082769.715665504,1494026.173879845,122.34150919346416,-10588621.200276464,196036460120769.1,1529.2688809791382,196036460115420.53,1529.268881020862,196036460117605.34,1529.2688810038185,196036460118584.28,1529.2688809961817,196036460121738.88,1529.268880971573,196036460114450.75,1529.2688810284274
0.004699999999999893,0.0006034712102335826,-0.0005988041562018176,0.000604764331761288,-0.004072720738792245,0.0007432544240679783,-0.005550200550189848,4.880327485850027e-25,-1.5111084249743627e-25,2.0637153329479265e-24,72070017.15135445,6.18296777472352e-05,-6.0995897176094736e-05,-6.206225724469144e-05,0.5792116615572919,-0.571400923290812,-0.5813904333392913,-12082983.831646865,1494047.6898911614,121.39149795497178,-10588814.75025775,196036460120758.0,1529.2688809792248,196036460115431.62,1529.2688810207753,196036460117608.78,1529.2688810037914,196036460118580.8,1529.268880996209,196036460121724.12,1529.268880971688,196036460114465.5,1529.268881028312
0.004704999999999892,0.0006034509311722203,-0.0005988004661067581,0.0006047366930914647,-0.004055812272445379,0.0007380190118903682,-0.005527733964660708,4.860026950524897e-25,-1.5023054949099437e-25,2.0610486155984588e-24,72071191.85682385,6.183003566611462e-05,-6.099919743700679e-05,-6.206128945408177e-05,0.5792067103069692,-0.5714236470708834,-0.5813730319713749,-12083197.022173679,1494069.1103032862,120.44858974748524,-10589007.463280644,196036460120746.94,1529.268880979311,196036460115442.7,1529.2688810206892,196036460117612.22,1529.2688810037648,196036460118577.4,1529.2688809962353,196036460121709.44,1529.2688809718027,196036460114480.2,1529.2688810281975
0.004709999999999892,0.0006034307363015219,-0.0005987968020362657,0.0006047091662926112,-0.004038974139681529,0.0007328140984953048,-0.005505359770678429,4.8398116897127025e-25,-1.4935480887268534e-25,2.0583931854147705e-24,72072361.43624026,6.183039128998741e-05,-6.100248527091e-05,-6.206032436453522e-05,0.5792017744337241,-0.5714462900301885,-0.5813556932752608,-12083409.291213887,1494090.4359580954,119.51272921897734,-10589199.34252657,196036460120735.94,1529.2688809793967,196036460115453.7,1529.2688810206034,196036460117615.62,1529.2688810037382,196036460118574.03,1529.268880996262,196036460121694.8,1529.2688809719166,196036460114494.8,1529.2688810280833
0.004714999999999892,0.0006034106252712966,-0.000598793163838635,0.0006046817509047253,-0.004022206045057153,0.0007276395261599679,-0.005483077577185927,4.819678902062662e-25,-1.484837800778452e-25,2.0557488534884043e-24,72073525.91050869,6.183074464763084e-05,-6.100576070382218e-05,-6.205936197572188e-05,0.5791968540406459,-0.5714688522575341,-0.5813384170763837,-12083620.642438054,1494111.6672809254,118.58386695324855,-10589390.391290177,196036460120724.97,1529.2688809794822,196036460115464.66,1529.268881020518,196036460117619.0,1529.2688810037118,196036460118570.62,1529.2688809962883,196036460121680.25,1529.2688809720303,196036460114509.38,1529.2688810279699
0.004719999999999892,0.0006033905977327824,-0.0005987895513629767,0.0006046544464697269,-0.004005507702834319,0.000722495131637713,-0.005460886999671076,4.799628969664144e-25,-1.4761764430778124e-25,2.0531156055044926e-24,72074685.30520941,6.183109575974207e-05,-6.100902377628937e-05,-6.205840229102347e-05,0.5791919491237504,-0.571491333946783,-0.5813212032034938,-12083831.080394758,1494132.8047780897,117.66195433033134,-10589580.613662336,196036460120714.03,1529.2688809795677,196036460115475.56,1529.2688810204327,196036460117622.38,1529.2688810036857,196036460118567.28,1529.2688809963142,196036460121665.75,1529.2688809721435,196036460114523.9,1529.2688810278567
0.004724999999999892,0.0006033706533386527,-0.0005987859644592497,0.0006046272525314563,-0.003988878825951301,0.000717380745403964,-0.005438787654117702,4.779663923397014e-25,-1.4675604576650238e-25,2.0504934861700766e-24,72075839.6429283,6.183144461989278e-05,-6.1012274563638045e-05,-6.205744529658398e-05,0.5791870594566991,-0.5715137356488236,-0.5813040513557673,-12084040.609071363,1494153.8488740649,116.74693700724748,-10589770.013260292,196036460120703.16,1529.2688809796525,196036460115486.47,1529.2688810203476,196036460117625.7,1529.2688810036595,196036460118563.94,1529.2688809963404,196036460121651.28,1529.2688809722563,196036460114538.34,1529.2688810277439
0.004729999999999891,0.0006033507917430511,-0.0005987824029781984,0.0006046001686356815,-0.003972319120310152,0.0007122962102611141,-0.0054167791549607075,4.759782291114009e-25,-1.458988583755421e-25,2.0478821596222174e-24,72076988.94137502,6.183179123262191e-05,-6.1015513104829287e-05,-6.205649099330586e-05,0.5791821849476029,-0.571536057605097,-0.5812869614024935,-12084249.231542697,1494174.7999115628,115.83876556301796,-10589958.592865571,196036460120692.34,1529.2688809797369,196036460115497.28,1529.2688810202633,196036460117629.03,1529.2688810036336,196036460118560.56,1529.2688809963668,196036460121636.88,1529.2688809723688,196036460114552.75,1529.2688810276316
0.004734999999999891,0.0006033310126015665,-0.0005987788667713315,0.0006045731943300402,-0.0039558282969133505,0.0007072413733796925,-0.005394861128271355,4.739983365716325e-25,-1.4504644241944028e-25,2.0452821376181767e-24,72078133.23114893,6.183213563435404e-05,-6.101873943432195e-05,-6.205553934828155e-05,0.5791773258236126,-0.5715583000348944,-0.581269932916739,-12084456.953301223,1494195.658180785,114.93738966527955,-10590146.35773077,196036460120681.56,1529.268880979821,196036460115508.06,1529.2688810201792,196036460117632.34,1529.2688810036077,196036460118557.25,1529.2688809963927,196036460121622.56,1529.2688809724802,196036460114567.1,1529.2688810275197
0.004739999999999891,0.0006033113155712205,-0.0005987753556909842,0.0006045463291641282,-0.003939406069213203,0.0007022160694477483,-0.005373033182390481,4.720266130492611e-25,-1.441987744951484e-25,2.0426928977626894e-24,72079272.52989155,6.183247783192145e-05,-6.102195358395513e-05,-6.205459038146126e-05,0.5791724819690747,-0.571580463068153,-0.581252965900887,-12084663.777415365,1494216.4241412184,114.04276127077564,-10590333.310512874,196036460120670.8,1529.2688809799047,196036460115518.8,1529.2688810200953,196036460117635.62,1529.268881003582,196036460118554.0,1529.268880996418,196036460121608.28,1529.2688809725917,196036460114581.34,1529.2688810274085
0.004744999999999891,0.0006032917003104495,-0.0005987718695903144,0.0006045195726894094,-0.003923052154184531,0.0006972201339641567,-0.005351294943757917,4.700631307292163e-25,-1.433554489261411e-25,2.0401142959805777e-24,72080406.85619119,6.183281782284487e-05,-6.1025155625887475e-05,-6.205364408945519e-05,0.5791676531589338,-0.5716025471904947,-0.5812360601164652,-12084869.707129272,1494237.098309625,113.15483240335087,-10590519.453987243,196036460120660.16,1529.268880979988,196036460115529.5,1529.268881020012,196036460117638.9,1529.2688810035568,196036460118550.72,1529.2688809964436,196036460121594.06,1529.2688809727026,196036460114595.56,1529.2688810272975
0.004749999999999891,0.000603272166479118,-0.000598768408323232,0.0006044929244591904,-0.003906766266301224,0.0006922534164829316,-0.0053296460438051465,4.681076147208843e-25,-1.425168484315927e-25,2.0375467463679784e-24,72081536.23788111,6.183315566480311e-05,-6.102834559524848e-05,-6.205270045163655e-05,0.5791628397117455,-0.5716245525209918,-0.581219215143652,-12085074.74742706,1494257.68125408,112.27355247517315,-10590704.792620502,196036460120649.47,1529.2688809800713,196036460115540.16,1529.2688810199288,196036460117642.12,1529.2688810035315,196036460118547.47,1529.2688809964689,196036460121579.9,1529.268880972813,196036460114609.72,1529.268881027187
0.00475499999999989,0.0006032527137384702,-0.0005987649717444655,0.0006044663840286923,-0.00389054812956108,0.0006873157532983323,-0.005308086099616809,4.661603503074003e-25,-1.4168249337750988e-25,2.0349898328296744e-24,72082660.692156,6.183349132687659e-05,-6.103152355952037e-05,-6.205175947442894e-05,0.5791580412089171,-0.5716464795731788,-0.5812024309090951,-12085278.90129532,1494278.1733034686,111.39886862812583,-10590889.329123223,196036460120638.84,1529.2688809801543,196036460115550.75,1529.2688810198463,196036460117645.38,1529.268881003506,196036460118544.25,1529.268880996494,196036460121565.8,1529.2688809729232,196036460114623.8,1529.2688810270772
0.00475999999999989,0.0006032333417511799,-0.0005987615597094789,0.0006044399509549788,-0.003874397458077928,0.0006824069973221,-0.005286614742693649,4.642213444643858e-25,-1.4085298451885344e-25,2.0324437280137722e-24,72083780.24899155,6.183382483277953e-05,-6.103468952592112e-05,-6.205082114891699e-05,0.579153257807154,-0.5716683283587914,-0.581185707259586,-12085482.174114432,1494298.5746227095,110.53074324891608,-10591073.068748472,196036460120628.3,1529.2688809802364,196036460115561.3,1529.2688810197637,196036460117648.56,1529.2688810034813,196036460118541.03,1529.268880996519,196036460121551.78,1529.2688809730325,196036460114637.88,1529.2688810269674
0.00476499999999989,0.0006032140501813513,-0.0005987581720745756,0.0006044136247969861,-0.0038583139657239187,0.0006775269806521165,-0.0052652315985548155,4.6229030766992e-25,-1.4002763343165325e-25,2.0299084003579825e-24,72084894.92218974,6.183415620673616e-05,-6.103784358668933e-05,-6.204988545752131e-05,0.5791484894299717,-0.5716900994509408,-0.5811690437220098,-12085684.568246396,1494318.885990721,109.66911588027415,-10591256.013139796,196036460120617.78,1529.2688809803185,196036460115571.84,1529.2688810196817,196036460117651.78,1529.268881003456,196036460118537.84,1529.268880996544,196036460121537.78,1529.2688809731417,196036460114651.84,1529.2688810268585
0.00476999999999989,0.0006031948386944693,-0.0005987548086967794,0.000604387405115517,-0.003842297376402029,0.0006726755592375185,-0.00524393629381297,4.603671797499732e-25,-1.3920676125034904e-25,2.027383495831169e-24,72086004.73314133,6.183448545507705e-05,-6.104098574867969e-05,-6.204895241037587e-05,0.5791437360668836,-0.5717117928534998,-0.5811524403172793,-12085886.087466065,1494339.1075837458,108.81394771686234,-10591438.165934602,196036460120607.3,1529.2688809804004,196036460115582.3,1529.2688810196,196036460117654.97,1529.2688810034313,196036460118534.66,1529.268880996569,196036460121523.84,1529.2688809732506,196036460114665.75,1529.26888102675
0.00477499999999989,0.0006031757069573887,-0.0005987514694338899,0.0006043612914731803,-0.0038263474161000345,0.0006678525779013637,-0.0052227284673465975,4.584523386521485e-25,-1.383904999078379e-25,2.024869297935897e-24,72087109.71149635,6.183481257053103e-05,-6.10441160584077e-05,-6.204802198932658e-05,0.5791389975889045,-0.571733408950533,-0.5811358968103086,-12086086.737099318,1494359.2395551032,107.9651906787614,-10591619.532353537,196036460120596.9,1529.2688809804813,196036460115592.72,1529.2688810195189,196036460117658.12,1529.2688810034067,196036460118531.53,1529.2688809965932,196036460121510.0,1529.2688809733586,196036460114679.62,1529.2688810266418
0.004779999999999889,0.0006031566546384002,-0.0005987481541445054,0.0006043352834344392,-0.0038104637977112743,0.0006630578768957404,-0.005201607748211906,4.5654519762025875e-25,-1.375786926479941e-25,2.02236574473104e-24,72088209.87310885,6.183513762380139e-05,-6.104723458246085e-05,-6.204709420079098e-05,0.5791342742126729,-0.5717549479342583,-0.5811194128101849,-12086286.519900998,1494379.2830507285,107.1227972078071,-10591800.114053061,196036460120586.5,1529.2688809805625,196036460115603.12,1529.2688810194375,196036460117661.25,1529.2688810033821,196036460118528.4,1529.2688809966176,196036460121496.2,1529.2688809734664,196036460114693.44,1529.268881026534
0.004784999999999889,0.0006031376814071279,-0.0005987448626879959,0.0006043093805656012,-0.0037946462544579435,0.000658291301903736,-0.005180573767611123,4.546460737097833e-25,-1.3677115054628099e-25,2.019872584975846e-24,72089305.23847233,6.183546056872017e-05,-6.105034134985065e-05,-6.204616902537811e-05,0.5791295656252113,-0.5717764102026428,-0.5811029882512506,-12086485.4394762,1494399.2377587494,106.2867214077436,-10591979.914996041,196036460120576.2,1529.268880980643,196036460115613.47,1529.2688810193567,196036460117664.34,1529.268881003358,196036460118525.28,1529.2688809966419,196036460121482.44,1529.2688809735735,196036460114707.2,1529.2688810264267
0.004789999999999889,0.000603118786934585,-0.0005987415949244701,0.000604283582434774,-0.0037788945085774762,0.0006535527051539502,-0.005159626165451008,4.527547531733072e-25,-1.359679779071085e-25,2.0173897651759133e-24,72090395.82857694,6.183578145308314e-05,-6.105343641453056e-05,-6.20452464787443e-05,0.5791248719105797,-0.5717977959103288,-0.5810866229114593,-12086683.49954359,1494419.1046136601,105.45691645618,-10592158.938013474,196036460120565.84,1529.2688809807237,196036460115623.78,1529.2688810192765,196036460117667.44,1529.268881003334,196036460118522.2,1529.268880996666,196036460121468.72,1529.2688809736803,196036460114720.9,1529.2688810263196
0.004794999999999889,0.0006030999708931365,-0.0005987383507147938,0.0006042578886118565,-0.0037632082897128397,0.0006488419352612341,-0.005138764583491699,4.5087125377264795e-25,-1.351688332985159e-25,2.0149175199581528e-24,72091481.66416,6.183610027052698e-05,-6.105651983459919e-05,-6.204432651626154e-05,0.5791201929928429,-0.5718191055935274,-0.5810703163526345,-12086880.703761948,1494438.8836539618,104.63333199968095,-10592337.186775986,196036460120555.6,1529.2688809808037,196036460115634.03,1529.2688810191964,196036460117670.53,1529.2688810033098,196036460118519.1,1529.2688809966903,196036460121455.1,1529.2688809737867,196036460114734.53,1529.2688810262136
0.0047999999999998886,0.000603081232956502,-0.0005987351299205305,0.0006042322986685797,-0.00374758732689162,0.000644158852669749,-0.0051179886553644055,4.489958815542654e-25,-1.3437436242519758e-25,2.0124554932514563e-24,72092562.77310085,6.183641703365686e-05,-6.105959162625256e-05,-6.204340918682876e-05,0.5791155287493005,-0.5718403391743617,-0.5810540687873796,-12087077.05714029,1494458.5754972887,103.81593127992699,-10592514.665711723,196036460120545.4,1529.268880980883,196036460115644.25,1529.2688810191166,196036460117673.6,1529.268881003286,196036460118516.03,1529.2688809967142,196036460121441.47,1529.268880973893,196036460114748.12,1529.2688810261075
0.004804999999999888,0.0006030625727998092,-0.0005987319324040532,0.0006042068121784445,-0.003732031338538065,0.0006395032954524605,-0.005097298027036841,4.471281224903387e-25,-1.3358411157494568e-25,2.010003914033393e-24,72093639.17045319,6.183673176605743e-05,-6.106265184048687e-05,-6.204249443352601e-05,0.5791108793511355,-0.5718614970894539,-0.5810378796289991,-12087272.562276555,1494478.180268273,103.00466449126075,-10592691.377343789,196036460120535.22,1529.2688809809626,196036460115654.4,1529.2688810190375,196036460117676.62,1529.2688810032623,196036460118513.0,1529.2688809967378,196036460121428.0,1529.268880973998,196036460114761.66,1529.2688810260017
0.004809999999999888,0.0006030439900995048,-0.0005987287580284661,0.0006041814287167618,-0.0037165400608855192,0.0006348751174017255,-0.00507669233654352,4.452680213482707e-25,-1.327979077304282e-25,2.007562361834138e-24,72094710.87307258,6.183704448264135e-05,-6.106570054284709e-05,-6.204158228982855e-05,0.5791062445855268,-0.5718825796126084,-0.5810217488336186,-12087467.222119106,1494497.6988729495,102.19948576269435,-10592867.323760394,196036460120525.06,1529.268880981042,196036460115664.53,1529.2688810189586,196036460117679.66,1529.2688810032387,196036460118509.94,1529.2688809967617,196036460121414.5,1529.2688809741035,196036460114775.12,1529.2688810258967
0.004814999999999888,0.0006030254845333618,-0.0005987256066575746,0.0006041561478605794,-0.0037011132286163084,0.000630274178304289,-0.0050561712364866306,4.434160604935251e-25,-1.3201619131158551e-25,2.0051313981888996e-24,72095777.91588886,6.183735516997135e-05,-6.106873775698137e-05,-6.204067271729528e-05,0.5791016244197388,-0.5719035870651925,-0.5810056761309527,-12087661.04299174,1494517.1310674942,101.40035158826876,-10593042.511572659,196036460120515.03,1529.26888098112,196036460115674.62,1529.2688810188797,196036460117682.7,1529.268881003215,196036460118506.94,1529.2688809967851,196036460121401.1,1529.268880974208,196036460114788.53,1529.268881025792
0.004819999999999888,0.0006030070557805632,-0.0005987224781559611,0.0006041309691887793,-0.0036857505597006407,0.000625700322688031,-0.005035734360013312,4.415714242597944e-25,-1.312386868713085e-25,2.0027103740241494e-24,72096840.30517353,6.183766387720832e-05,-6.10717635174279e-05,-6.203976573158596e-05,0.5790970190063894,-0.5719245194746237,-0.5809896613552038,-12087854.025859244,1494536.4776426468,100.60722111399966,-10593216.940995483,196036460120504.97,1529.2688809811987,196036460115684.66,1529.2688810188015,196036460117685.66,1529.2688810031918,196036460118503.97,1529.2688809968083,196036460121387.72,1529.2688809743122,196036460114801.9,1529.2688810256877
0.0048249999999998875,0.0006029887035215614,-0.000598719372388938,0.0006041058922819655,-0.00367045180036844,0.0006211534046240193,-0.005015381362758618,4.397345142643289e-25,-1.3046525692971562e-25,2.0002995834610937e-24,72097898.06716272,6.18379705999831e-05,-6.107477789719042e-05,-6.203886131760166e-05,0.5790924281424996,-0.571945377372354,-0.5809737041987526,-12088046.17542645,1494555.7390131485,99.82004619388158,-10593390.616367105,196036460120494.94,1529.2688809812767,196036460115694.7,1529.2688810187233,196036460117688.66,1529.2688810031686,196036460118500.97,1529.2688809968317,196036460121374.4,1529.268880974416,196036460114815.22,1529.268881025584
0.004829999999999887,0.0006029704274381467,-0.0005987162892225232,0.0006040809167225146,-0.003655216682935129,0.0006166332829464737,-0.0049951118901674285,4.379052001024276e-25,-1.2969623411165538e-25,1.9978988998553184e-24,72098951.22394341,6.18382753547319e-05,-6.10777809046807e-05,-6.203795947195522e-05,0.5790878519180017,-0.5719661607817367,-0.5809578045620828,-12088237.495619683,1494574.9153406615,99.03878671833411,-10593563.541492302,196036460120484.97,1529.2688809813546,196036460115704.66,1529.2688810186455,196036460117691.6,1529.2688810031457,196036460118498.03,1529.2688809968545,196036460121361.2,1529.2688809745193,196036460114828.47,1529.2688810254806
0.004834999999999887,0.0006029522272134255,-0.0005987132285234984,0.0006040560420945542,-0.0036400449442341555,0.0006121398049654356,-0.0049749255920723675,4.360836479026584e-25,-1.2893098690407232e-25,1.995508116022827e-24,72099999.79074363,6.183857813323229e-05,-6.108077263282009e-05,-6.203706019984015e-05,0.5790832899801704,-0.5719868703083226,-0.5809419622136379,-12088427.98908593,1494594.0073333571,98.26339372968162,-10593735.71835884,196036460120475.06,1529.268880981432,196036460115714.56,1529.2688810185682,196036460117694.53,1529.2688810031225,196036460118495.1,1529.2688809968777,196036460121347.94,1529.2688809746228,196036460114841.66,1529.2688810253778
0.004839999999999887,0.0006029341025318487,-0.000598710190159299,0.0006040312679839268,-0.0036249363153432477,0.0006076728398704569,-0.004954822125484191,4.342697628985931e-25,-1.2817028873399452e-25,1.993127434488661e-24,72101043.79669042,6.183887896223224e-05,-6.108375306698834e-05,-6.203616348558129e-05,0.5790787425932308,-0.5720075058364247,-0.5809261770168699,-12088617.661071539,1494613.0149523444,97.49383278680244,-10593907.152286407,196036460120465.2,1529.2688809815088,196036460115724.44,1529.2688810184911,196036460117697.47,1529.2688810030998,196036460118492.2,1529.2688809969002,196036460121334.78,1529.2688809747253,196036460114854.8,1529.268881025275
0.004844999999999887,0.0006029160530791957,-0.0005987071739981488,0.0006040065939782248,-0.0036098905306234264,0.0006032322300548035,-0.004934801140396938,4.324632130317531e-25,-1.2741346353029587e-25,1.9907568508971288e-24,72102083.25378789,6.183917785917605e-05,-6.108672228504834e-05,-6.203526929931519e-05,0.579074209721303,-0.5720280679059856,-0.5809104484887437,-12088806.513619086,1494631.9387084325,96.73005556975937,-10594077.844855085,196036460120455.34,1529.2688809815857,196036460115734.28,1529.2688810184145,196036460117700.34,1529.2688810030772,196036460118489.28,1529.268880996923,196036460121321.75,1529.268880974827,196036460114867.9,1529.268881025173
0.0048499999999998865,0.000602898078542516,-0.000598704179908942,0.0006039820196667901,-0.0035949073359402704,0.0005988178413350178,-0.0049148622869555555,4.306641911591204e-25,-1.2666078703609552e-25,1.988396139373679e-24,72103118.18549217,6.183947484512896e-05,-6.108968033214972e-05,-6.203437767700707e-05,0.5790696912451204,-0.5720485566346544,-0.5808947766450386,-12088994.550927268,1494650.7794152163,95.97201993484366,-10594247.799492115,196036460120445.53,1529.2688809816623,196036460115744.1,1529.2688810183379,196036460117703.25,1529.2688810030545,196036460118486.4,1529.2688809969454,196036460121308.7,1529.2688809749288,196036460114880.94,1529.2688810250713
0.004854999999999886,0.0006028801786101635,-0.0005987012077612922,0.0006039575446406745,-0.0035799864704776,0.0005944295299741986,-0.004895005223130679,4.288726351941433e-25,-1.2591230329503474e-25,1.9860451902108574e-24,72104148.61113171,6.183976990910603e-05,-6.109262721896138e-05,-6.203348859375104e-05,0.5790651871446181,-0.5720689722116024,-0.5808791613321392,-12089181.7764045,1494669.5368556308,95.21968919095556,-10594417.019859679,196036460120435.78,1529.2688809817384,196036460115753.84,1529.2688810182617,196036460117706.1,1529.2688810030324,196036460118483.53,1529.2688809969677,196036460121295.72,1529.26888097503,196036460114893.94,1529.26888102497
0.004859999999999886,0.0006028623529717857,-0.0005986982574255386,0.000603933168492621,-0.003565127675570297,0.0005900671507095012,-0.004875229610693886,4.270887063937926e-25,-1.2516766503587724e-25,1.9837041159610048e-24,72105174.55093965,6.18400630560366e-05,-6.109556302650457e-05,-6.20326020412195e-05,0.5790606972283079,-0.5720893151681592,-0.5808636022302418,-12089368.193644447,1494688.2116397528,94.47301383074449,-10594585.508990865,196036460120426.1,1529.268880981814,196036460115763.56,1529.268881018186,196036460117708.97,1529.2688810030102,196036460118480.66,1529.26888099699,196036460121282.78,1529.268880975131,196036460114906.88,1529.2688810248692
0.004864999999999886,0.0006028446013183509,-0.000598695328772687,0.0006039088908170834,-0.0035503306869663076,0.0005857305703096998,-0.004855535107517249,4.253120837266072e-25,-1.2442706491919884e-25,1.9813728635036682e-24,72106196.02422099,6.184035433135114e-05,-6.10984877890255e-05,-6.203171802403428e-05,0.579056221661065,-0.5721095855749574,-0.5808480991178865,-12089553.806067254,1494706.8044367721,93.73195697320358,-10594753.269673508,196036460120416.38,1529.2688809818899,196036460115773.22,1529.2688810181107,196036460117711.8,1529.2688810029879,196036460118477.8,1529.2688809970123,196036460121269.9,1529.2688809752312,196036460114919.75,1529.2688810247685
0.004869999999999886,0.0006028269233420932,-0.0005986924216744427,0.0006038847112102169,-0.0035355952515360883,0.000581419648868617,-0.004835921373313257,4.235429363054197e-25,-1.2369048121088114e-25,1.9790512754062285e-24,72107213.05116433,6.184064371525603e-05,-6.110140153385369e-05,-6.203083653140311e-05,0.5790517602717907,-0.5721297837092703,-0.5808326519049393,-12089738.617251737,1494725.3152066446,92.99647637710946,-10594920.305568714,196036460120406.75,1529.2688809819647,196036460115782.88,1529.2688810180355,196036460117714.62,1529.2688810029658,196036460118475.0,1529.2688809970343,196036460121257.06,1529.2688809753317,196036460114932.56,1529.2688810246686
0.0048749999999998855,0.0006028093187365418,-0.0005986895360032066,0.0006038606292698506,-0.003520921110290983,0.0005771342472330799,-0.00481638807324884,4.217811607525432e-25,-1.2295820637348736e-25,1.9767396467710133e-24,72108225.65694928,6.184093123828256e-05,-6.110430428815391e-05,-6.202995754213189e-05,0.5790473132358546,-0.5721499097235176,-0.580817260278746,-12089922.631717693,1494743.7442313835,92.26653562995476,-10595086.62095068,196036460120397.2,1529.2688809820393,196036460115792.47,1529.2688810179604,196036460117717.4,1529.2688810029442,196036460118472.22,1529.268880997056,196036460121244.3,1529.2688809754309,196036460114945.34,1529.2688810245688
0.004879999999999885,0.0006027917871965026,-0.000598686671632126,0.0006038366445955393,-0.003506308007823979,0.0005728742161172069,-0.004796934862266761,4.2002648958195045e-25,-1.2222943287255947e-25,1.9744373962509973e-24,72109233.84731457,6.184121692412198e-05,-6.110719615255074e-05,-6.20290810872499e-05,0.5790428802936852,-0.5721699640914133,-0.5808019240436655,-12090105.8503536,1494762.0927504422,91.54208569378505,-10595252.215517465,196036460120387.6,1529.2688809821143,196036460115802.03,1529.2688810178859,196036460117720.22,1529.2688810029222,196036460118469.4,1529.268880997078,196036460121231.53,1529.2688809755307,196036460114958.06,1529.2688810244697
0.004884999999999885,0.0006027743284180127,-0.0005986838284349549,0.0006038127567884621,-0.003491755697995427,0.0005686394342130942,-0.004777561415451231,4.182793111627837e-25,-1.215047973686831e-25,1.9721448930900475e-24,72110237.65416722,6.184150073677669e-05,-6.111007710174086e-05,-6.202820711480604e-05,0.5790384614661506,-0.5721899469368248,-0.5807866430689903,-12090288.278926812,1494780.3598366575,90.82309385989961,-10595417.095996294,196036460120378.12,1529.2688809821882,196036460115811.53,1529.2688810178117,196036460117722.97,1529.2688810029008,196036460118466.62,1529.2688809970996,196036460121218.88,1529.2688809756294,196036460114970.72,1529.268881024371
0.004889999999999885,0.0006027569420984066,-0.0005986810062861641,0.0006037889654514866,-0.0034772639212101767,0.0005644297581549857,-0.004758267395093576,4.165393593869147e-25,-1.2078423218325073e-25,1.9698621763239706e-24,72111237.09606124,6.184178273607693e-05,-6.111294720901059e-05,-6.202733564048952e-05,0.5790340568516752,-0.5722098584967229,-0.5807714170351803,-12090469.920733279,1494798.5466789207,90.10951658592634,-10595581.264537772,196036460120368.62,1529.2688809822623,196036460115821.0,1529.2688810177378,196036460117725.72,1529.2688810028792,196036460118463.9,1529.2688809971207,196036460121206.3,1529.2688809757274,196036460114983.34,1529.2688810242726
0.004894999999999885,0.0006027396279362712,-0.0005986782050609294,0.000603765270189176,-0.0034628324270927035,0.0005602450469219303,-0.004739052462132681,4.1480672790833005e-25,-1.200673036888904e-25,1.967588687720943e-24,72112232.18482944,6.184206289816815e-05,-6.111580652667223e-05,-6.202646667752176e-05,0.579029666100659,-0.5722296991431658,-0.580756245936177,-12090650.777793795,1494816.6535999838,89.40131515319946,-10595744.722878657,196036460120359.2,1529.2688809823358,196036460115830.44,1529.2688810176644,196036460117728.47,1529.2688810028578,196036460118461.16,1529.2688809971423,196036460121193.72,1529.2688809758256,196036460114995.9,1529.2688810241746
0.0048999999999998845,0.000602722385631461,-0.0005986754246350568,0.0006037416706076918,-0.0034484609620227314,0.0005560851745165052,-0.004719916296848023,4.130811769497289e-25,-1.1935452333175657e-25,1.965324691959592e-24,72113222.94533662,6.184234127045502e-05,-6.111865506879038e-05,-6.202560021454068e-05,0.5790252895030543,-0.5722494688626992,-0.5807411295080304,-12090830.854579376,1494834.6809940264,88.69845290041079,-10595907.475132449,196036460120349.78,1529.2688809824092,196036460115839.84,1529.268881017591,196036460117731.2,1529.2688810028367,196036460118458.44,1529.2688809971635,196036460121181.2,1529.2688809759236,196036460115008.44,1529.2688810240768
0.004904999999999884,0.0006027052148850576,-0.0005986726648850707,0.00060371816631484,-0.003434149280687351,0.000551949997221636,-0.004700858570348982,4.1136291901709157e-25,-1.1864558315039448e-25,1.9630703670346386e-24,72114209.39816873,6.184261783447723e-05,-6.112149289101639e-05,-6.202473621741735e-05,0.579020926881516,-0.572269168178842,-0.5807260674235025,-12091010.154752912,1494852.6288695536,88.00088671861755,-10596069.524996638,196036460120340.4,1529.2688809824822,196036460115849.22,1529.268881017518,196036460117733.9,1529.2688810028155,196036460118455.75,1529.2688809971844,196036460121168.72,1529.2688809760207,196036460115020.9,1529.2688810239795
0.004909999999999884,0.0006026881153994055,-0.0005986699256881607,0.0006036947569201021,-0.003419897130411133,0.0005478393819899343,-0.0046818789475781015,4.0965158952845016e-25,-1.1794040827032495e-25,1.9608253559116777e-24,72115191.55604842,6.184289261597587e-05,-6.112432002492188e-05,-6.20238746926155e-05,0.5790165782806754,-0.572288797199962,-0.5807110595430047,-12091188.680509785,1494870.4977304563,87.30858047949846,-10596230.87419885,196036460120331.1,1529.268880982555,196036460115858.53,1529.2688810174452,196036460117736.56,1529.2688810027948,196036460118453.06,1529.2688809972053,196036460121156.3,1529.2688809761175,196036460115033.3,1529.2688810238828
0.004914999999999884,0.0006026710868780497,-0.0005986672069221688,0.0006036714420345729,-0.003405704271150018,0.0005437531983681254,-0.004662977105847798,4.079476348762011e-25,-1.1723876893845216e-25,1.9585897970043115e-24,72116169.44185671,6.184316560311307e-05,-6.112713654853745e-05,-6.202301563678448e-05,0.579012243398024,-0.5723083564739833,-0.5806961056398051,-12091366.435952691,1494888.2880685243,86.62149165865917,-10596391.526392508,196036460120321.84,1529.2688809826273,196036460115867.78,1529.2688810173731,196036460117739.25,1529.268881002774,196036460118450.34,1529.2688809972267,196036460121143.97,1529.2688809762137,196036460115045.66,1529.2688810237864
0.004919999999999884,0.0006026541290258127,-0.0005986645084655496,0.0006036482212709845,-0.0033915704473941595,0.0005396913238629998,-0.004644152717674988,4.0625068324008853e-25,-1.165413282866937e-25,1.9563636887484413e-24,72117143.07837486,6.18434368522485e-05,-6.112994246056058e-05,-6.20221590576344e-05,0.5790079225667875,-0.5723278458032455,-0.5806812055879796,-12091543.42516975,1494906.0003827412,85.93958683017057,-10596551.485200176,196036460120312.56,1529.2688809826996,196036460115877.03,1529.2688810173008,196036460117741.9,1529.268881002753,196036460118447.7,1529.2688809972474,196036460121131.66,1529.2688809763097,196036460115057.97,1529.2688810236903
0.0049249999999998835,0.0006026372415487302,-0.0005986618301974845,0.0006036250942437064,-0.003377495416515858,0.0005356536130063657,-0.0046254054556307805,4.0456076078761802e-25,-1.158478464261516e-25,1.954146796542764e-24,72118112.48093179,6.18437063378835e-05,-6.1132737785333e-05,-6.20213049333457e-05,0.5790036156241071,-0.5723472654973422,-0.5806663592562652,-12091719.65083977,1494923.634474186,85.26282785491378,-10596710.75353773,196036460120303.38,1529.2688809827712,196036460115886.25,1529.2688810172288,196036460117744.53,1529.2688810027325,196036460118445.1,1529.2688809972674,196036460121119.4,1529.2688809764054,196036460115070.22,1529.2688810235948
0.004929999999999883,0.0006026204241540553,-0.0005986591719978413,0.0006036020605687043,-0.003363478934980811,0.0005316399286412635,-0.004606735000414317,4.0287775232472267e-25,-1.1515769303279471e-25,1.9519389311956136e-24,72119077.66048321,6.184397407379172e-05,-6.113552261148923e-05,-6.202045326733751e-05,0.578999322372599,-0.5723666160701617,-0.5806515663463443,-12091895.11483442,1494941.1911824245,84.59117501284663,-10596869.332476981,196036460120294.2,1529.268880982843,196036460115895.4,1529.2688810171576,196036460117747.16,1529.2688810027123,196036460118442.47,1529.268880997288,196036460121107.2,1529.2688809765007,196036460115082.44,1529.2688810234995
0.004934999999999883,0.0006026036765502391,-0.000598656533747064,0.0006035791198635079,-0.0033495207632457495,0.0005276501554490479,-0.004588141039279509,4.0120209692245353e-25,-1.1447143536342727e-25,1.949740525816276e-24,72120038.64949645,6.18442400687911e-05,-6.113829696915467e-05,-6.201960405256328e-05,0.578995042798488,-0.5723858977150875,-0.5806368266926154,-12092069.823060663,1494958.670753214,83.92458856404758,-10597027.227718884,196036460120285.1,1529.268880982914,196036460115904.53,1529.2688810170864,196036460117749.78,1529.2688810026916,196036460118439.88,1529.2688809973083,196036460121095.03,1529.2688809765957,196036460115094.6,1529.2688810234047
0.004939999999999883,0.0006025869984470063,-0.0005986539153262718,0.0006035562717472856,-0.003335620646555273,0.0005236841584577972,-0.004569623244474688,3.9953323693966035e-25,-1.1378889024128548e-25,1.947551380998273e-24,72120995.45903923,6.184450435252306e-05,-6.114106088651773e-05,-6.201875727091885e-05,0.5789907770583865,-0.5724051105830362,-0.5806221400013505,-12092243.777406719,1494976.0734957512,83.26303661045408,-10597184.440874359,196036460120276.0,1529.268880982985,196036460115913.62,1529.2688810170155,196036460117752.38,1529.2688810026714,196036460118437.25,1529.2688809973288,196036460121082.94,1529.2688809766898,196036460115106.72,1529.26888102331
0.004944999999999883,0.0006025703895552589,-0.0005986513166172265,0.0006035335158408098,-0.003321778349474113,0.0005197418090419631,-0.004551181295156857,3.978712326145695e-25,-1.1311016817083241e-25,1.9453711489767835e-24,72121948.10669595,6.184476692874015e-05,-6.114381439094988e-05,-6.201791294242557e-05,0.5789865250303068,-0.572424254781411,-0.5806075062994591,-12092416.980990214,1494993.3998127864,82.60648125754163,-10597340.974696172,196036460120266.94,1529.2688809830556,196036460115922.7,1529.2688810169448,196036460117754.94,1529.2688810026514,196036460118434.7,1529.2688809973488,196036460121070.88,1529.2688809767842,196036460115118.78,1529.268881023216
0.0049499999999998824,0.0006025538495870865,-0.0005986487375023528,0.0006035108517663971,-0.003307993634479976,0.0005158229747474407,-0.00453281488253174,3.9621627276532585e-25,-1.1243505951359298e-25,1.9432001641455283e-24,72122896.6141716,6.184502778637073e-05,-6.114655753547575e-05,-6.201707102745501e-05,0.5789822866081185,-0.5724433308106074,-0.5805929252105058,-12092589.437694797,1495010.6497078056,81.95488425324909,-10597496.833102738,196036460120257.94,1529.2688809831257,196036460115931.7,1529.2688810168745,196036460117757.5,1529.2688810026316,196036460118432.12,1529.2688809973688,196036460121058.88,1529.2688809768777,196036460115130.78,1529.2688810231223
0.004954999999999882,0.000602537378255799,-0.0005986461778647009,0.000603488279147966,-0.0032942662575087427,0.0005119275303832961,-0.004514523686219595,3.9456820853392594e-25,-1.117634934327906e-25,1.9410382799659495e-24,72123840.99774624,6.18452869640861e-05,-6.114929038337444e-05,-6.20162315472703e-05,0.5789780617717923,-0.5724623388916603,-0.5805783965475021,-12092761.15040365,1495027.8241644625,81.30820638376439,-10597652.018032804,196036460120248.97,1529.2688809831957,196036460115940.66,1529.2688810168045,196036460117760.06,1529.2688810026114,196036460118429.56,1529.2688809973888,196036460121046.9,1529.268880976971,196036460115142.72,1529.268881023029
0.004959999999999882,0.0006025209752759007,-0.0005986436375879349,0.0006034657976110115,-0.0032805959796536554,0.000508055353212818,-0.004496307390917685,3.929268208628943e-25,-1.1109562709189436e-25,1.9388852496486146e-24,72124781.27304031,6.184554445745147e-05,-6.115201292722255e-05,-6.201539448254934e-05,0.5789738505801103,-0.5724812790605629,-0.5805639202272406,-12092932.121857068,1495044.9229209009,80.66641784720862,-10597806.532518322,196036460120240.0,1529.2688809832655,196036460115949.6,1529.268881016735,196036460117762.6,1529.2688810025918,196036460118427.03,1529.2688809974086,196036460121034.97,1529.268880977064,196036460115154.62,1529.2688810229363
0.004964999999999882,0.0006025046403630526,-0.0005986411165563596,0.0006034434067825621,-0.003266982569597457,0.0005042063150541828,-0.0044781656898735785,3.9129238246526943e-25,-1.1043155590250843e-25,1.936741349366613e-24,72125717.46511668,6.184580028595314e-05,-6.115472522999714e-05,-6.201455983550527e-05,0.5789696529544959,-0.5725001516550967,-0.580549496005846,-12093102.356584435,1495061.9466482303,80.02948049469877,-10597960.38045571,196036460120231.12,1529.2688809833348,196036460115958.5,1529.2688810166653,196036460117765.1,1529.2688810025722,196036460118424.5,1529.2688809974281,196036460121023.12,1529.2688809771566,196036460115166.5,1529.2688810228437
0.004969999999999882,0.0006024883732341198,-0.0005986386146549375,0.0006034211062912282,-0.0032534257865744287,0.0005003802844199202,-0.004460098266766505,3.8966473616209444e-25,-1.0977109926367687e-25,1.9346063044138684e-24,72126649.58740568,6.184605445731832e-05,-6.115742733059979e-05,-6.20137276071178e-05,0.5789654688217563,-0.5725189569017579,-0.5805351237437121,-12093271.856928028,1495078.895719428,79.39735816732261,-10598113.563850433,196036460120222.25,1529.2688809834042,196036460115967.38,1529.2688810165962,196036460117767.6,1529.2688810025527,196036460118422.03,1529.2688809974475,196036460121011.28,1529.268880977249,196036460115178.3,1529.2688810227514
0.004974999999999881,0.0006024721736071435,-0.0005986361317692571,0.0006033988957671542,-0.0032399253952645007,0.0004965771360796914,-0.0044421048147932065,3.880438650944903e-25,-1.0911412736675019e-25,1.932480279463747e-24,72127577.65860479,6.184630697614653e-05,-6.116011927332061e-05,-6.201289777007135e-05,0.578961298161523,-0.5725376951586177,-0.5805208031187012,-12093440.626215635,1495095.7702954807,78.77001568295094,-10598266.085904472,196036460120213.4,1529.268880983473,196036460115976.2,1529.2688810165273,196036460117770.1,1529.2688810025334,196036460118419.53,1529.268880997467,196036460120999.53,1529.2688809773406,196036460115190.1,1529.2688810226596
0.004979999999999881,0.0006024560412013388,-0.0005986336677855106,0.0006033767748420471,-0.003226481160931699,0.0004927967493005304,-0.004424185021445125,3.864298170401737e-25,-1.0846084318165487e-25,1.9303632241548832e-24,72128501.69932927,6.184655785250516e-05,-6.116280108446666e-05,-6.20120703253552e-05,0.5789571409541744,-0.5725563665654734,-0.580506534023099,-12093608.668140896,1495112.570667645,78.14741744141487,-10598417.95005581,196036460120204.62,1529.2688809835415,196036460115985.0,1529.2688810164586,196036460117772.56,1529.268881002514,196036460118417.06,1529.2688809974861,196036460120987.8,1529.2688809774318,196036460115201.8,1529.2688810225682
0.004984999999999881,0.0006024399757371028,-0.000598631222590529,0.0006033547431491673,-0.003213092847184735,0.0004890389963173404,-0.00440633857595853,3.848224316459877e-25,-1.078110914893717e-25,1.9282548750044417e-24,72129421.72321425,6.184680710992539e-05,-6.116547281599922e-05,-6.201124528873096e-05,0.5789529971377826,-0.5725749713357358,-0.580492316318709,-12093775.985092439,1495129.2975619398,77.5295295413069,-10598569.158000957,196036460120195.88,1529.26888098361,196036460115993.75,1529.2688810163902,196036460117775.03,1529.2688810024947,196036460118414.62,1529.2688809975052,196036460120976.16,1529.268880977523,196036460115213.5,1529.268881022477
0.004989999999999881,0.0006024239769359869,-0.0005986287960717553,0.0006033328003232838,-0.003199760223187942,0.0004853037547427693,-0.004388565176698364,3.8322162244906475e-25,-1.071644938912566e-25,1.9261553268374322e-24,72130337.74466434,6.184705473682573e-05,-6.116813451175619e-05,-6.201042261689296e-05,0.5789488666429174,-0.5725935099243554,-0.5804781496364771,-12093942.579591665,1495145.9508749482,76.9163149284709,-10598719.712401789,196036460120187.16,1529.268880983678,196036460116002.47,1529.2688810163222,196036460117777.47,1529.2688810024756,196036460118412.12,1529.2688809975248,196036460120964.53,1529.2688809776137,196036460115225.1,1529.2688810223867
0.004994999999999881,0.0006024080445206814,-0.0005986263881171788,0.0006033109460006901,-0.0031864830611012616,0.00048159091529952926,-0.004370864518744245,3.8162771416818616e-25,-1.0652193231694558e-25,1.9240646844976146e-24,72131249.79429613,6.18473007510865e-05,-6.117078617057027e-05,-6.200960232932538e-05,0.5789447495255998,-0.57261198221626,-0.5804640340444067,-12094108.457214719,1495162.5308915284,76.30774325562707,-10598869.618579935,196036460120178.5,1529.2688809837455,196036460116011.16,1529.2688810162545,196036460117779.9,1529.2688810024565,196036460118409.75,1529.2688809975432,196036460120952.97,1529.2688809777037,196036460115236.66,1529.2688810222965
0.00499999999999988,0.0006023921782150722,-0.000598623998615488,0.0006032891798192225,-0.0031732611218343717,0.0004779003381548471,-0.004353236293543355,3.800402605411745e-25,-1.058825814462074e-25,1.921982425185088e-24,72132157.87441255,6.184754516805816e-05,-6.117342786854228e-05,-6.200878443256363e-05,0.5789406456270538,-0.5726303886306022,-0.5804499692976952,-12094273.618224388,1495179.0383901228,75.70378071124591,-10599018.876053555,196036460120169.84,1529.268880983813,196036460116019.78,1529.2688810161872,196036460117782.3,1529.2688810024379,196036460118407.3,1529.2688809975623,196036460120941.44,1529.2688809777937,196036460115248.2,1529.2688810222064
