time_s,x_m,y_m,z_m,vx_m_per_s,vy_m_per_s,vz_m_per_s,fx_n,fy_n,fz_n,kernel_ground_weighted_absorption_rate_per_s,beff_x_t,beff_y_t,beff_z_t,quantization_x,quantization_y,quantization_z,reference_scalar_shift_hz,reference_vector_shift_hz,reference_tensor_shift_hz,reference_total_shift_hz,trap_component_00_atom_frame_frequency_hz,trap_component_00_atom_frame_wavelength_nm,trap_component_01_atom_frame_frequency_hz,trap_component_01_atom_frame_wavelength_nm,trap_component_02_atom_frame_frequency_hz,trap_component_02_atom_frame_wavelength_nm,trap_component_03_atom_frame_frequency_hz,trap_component_03_atom_frame_wavelength_nm,trap_component_04_atom_frame_frequency_hz,trap_component_04_atom_frame_wavelength_nm,trap_component_05_atom_frame_frequency_hz,trap_component_05_atom_frame_wavelength_nm
0.0,0.0,0.001,0.0,0.0,0.0,0.0,0.0,-6.136060067811798e-22,0.0,70794573.15175882,0.0,0.00020406079296160165,0.0,0.0,1.0,0.0,-12762153.287804602,2856040.386929212,2037981.602230903,-7868131.298644486,196036460118094.8,1529.268881,196036460118094.8,1529.268881,196036460118094.8,1529.268881,196036460118094.8,1529.268881,196036460118094.8,1529.268881,196036460118094.8,1529.268881
4.9999999999999996e-06,0.0,0.0009998937045050155,-2.4516625e-10,0.0,-0.02125909899689311,-4.903325e-05,0.0,-6.054187064891018e-22,7.569432838291547e-26,70801679.0492866,0.0,0.00020402842930117385,3.3039394426838944e-11,0.0,0.9999999999999869,1.6193524863178673e-07,-12762711.067916373,2855587.4242610703,2037609.6275789763,-7869514.016076327,196036460118094.8,1529.268881,196036460118094.8,1529.268881,196036460131996.3,1529.2688808915552,196036460104193.34,1529.2688811084445,196036460118126.9,1529.2688809997496,196036460118062.75,1529.2688810002503
9.999999999999999e-06,0.0,0.0009996825318081002,-7.223861565539454e-10,0.0,-0.042234539383044084,-9.544398131078907e-05,0.0,-5.970522765995709e-22,1.4717857172221008e-25,70809695.83671871,0.0,0.00020397393155551763,8.295023298431372e-11,0.0,0.9999999999999173,4.066707561683168e-07,-12763865.513466403,2854824.672336552,2036886.725390736,-7872154.115739116,196036460118094.8,1529.268881,196036460118094.8,1529.268881,196036460145712.28,1529.2688807845577,196036460090477.34,1529.2688812154424,196036460118157.22,1529.2688809995132,196036460118032.4,1529.2688810004868
1.4999999999999999e-05,0.0,0.0009993679312330817,-1.4192764428598375e-09,0.0,-0.06292011500368352,-0.00013937805726117842,0.0,-5.88522283504364e-22,2.1464075174883974e-25,70818605.70577762,0.0,0.0002038976121400413,1.4894296910483894e-10,0.0,0.9999999999997332,7.304792221034052e-07,-12765608.377811806,2853756.503730342,2035817.813842749,-7876034.060238716,196036460118094.8,1529.268881,196036460118094.8,1529.268881,196036460159238.75,1529.2688806790386,196036460076950.9,1529.2688813209613,196036460118185.97,1529.268880999289,196036460118003.66,1529.2688810007112
1.9999999999999998e-05,0.0,0.000998951380437982,-2.3241505775939717e-09,0.0,-0.08331015901992248,-0.0001809748269468268,0.0,-5.798439864824005e-22,2.7826412197545558e-25,70828389.93776329,0.0,0.00020379978994629266,2.3019697664027967e-10,0.0,0.9999999999993621,1.1295250927432095e-06,-12767931.230266437,2852387.381657387,2034407.9301217906,-7881135.918487259,196036460118094.8,1529.268881,196036460118094.8,1529.268881,196036460172571.94,1529.2688805750272,196036460063617.7,1529.268881424973,196036460118213.16,1529.268880999077,196036460117976.47,1529.2688810009233
2.4999999999999998e-05,0.0,0.0009984343827716396,-3.4259870297477214e-09,0.0,-0.10339953326846771,-0.00022036729043074996,0.0,-5.710323084223863e-22,3.3822596155874693e-25,70839028.96493939,0.0,0.00020368078983818447,3.260389368336998e-10,0.0,0.9999999999987188,1.6007348414757516e-06,-12770825.475907719,2850721.8529220563,2032662.2222089195,-7887441.400776741,196036460118094.8,1529.268881,196036460118094.8,1529.268881,196036460185708.5,1529.2688804725497,196036460050481.1,1529.2688815274507,196036460118238.9,1529.268880998876,196036460117950.72,1529.2688810011243
2.9999999999999997e-05,0.0,0.0009978184646886046,-4.7143985584071334e-09,0.0,-0.12318361660698864,-0.00025768230573188243,0.0,-5.621018120646964e-22,3.9469805077849563e-25,70850502.42586829,0.0,0.0002035409420044491,4.358139521078197e-10,0.0,0.9999999999977077,2.141161123727601e-06,-12774282.368216917,2848764.5388550633,2030585.9385135423,-7894931.890848312,196036460118094.8,1529.268881,196036460118094.8,1529.268881,196036460198645.44,1529.2688803716294,196036460037544.16,1529.268881628371,196036460118263.3,1529.2688809986855,196036460117926.3,1529.2688810013146
3.5e-05,0.0,0.0009971051732264229,-6.179602455107685e-09,0.0,-0.14265829243635653,-0.00029304077934011035,0.0,-5.530666781210256e-22,4.4784629356871705e-25,70862789.22144948,0.0,0.00020338058137307131,5.589270745647894e-10,0.0,0.9999999999962237,2.7481830899942724e-06,-12778293.02360344,2846520.1271178527,2028184.4185879088,-7903588.477897677,196036460118094.8,1529.268881,196036460118094.8,1529.268881,196036460211380.12,1529.2688802722869,196036460024809.53,1529.268881727713,196036460118286.44,1529.2688809985052,196036460117903.2,1529.268881001495
3.9999999999999996e-05,0.0,0.0009962960735490987,-7.812391804153462e-09,0.0,-0.16181993546481316,-0.00032655786980915536,0.0,-5.439406866679597e-22,4.9783049835818555e-25,70875867.56599209,0.0,0.00020320004716713384,6.948655412961972e-10,0.0,0.9999999999941531,3.419613090545207e-06,-12782848.43526413,2843993.3654862004,2025463.0834811896,-7913391.9862967385,196036460118094.8,1529.268881,196036460118094.8,1529.268881,196036460223910.03,1529.268880174542,196036460012279.6,1529.2688818254585,196036460118308.38,1529.268880998334,196036460117881.28,1529.268881001666
4.4999999999999996e-05,0.0,0.0009953927465599613,-9.604107798865936e-09,0.0,-0.18066539782749816,-0.00035834319894249486,0.0,-5.34737199215167e-22,5.448047782767814e-25,70889715.0478498,0.0,0.00020299968221180876,8.431097542702739e-10,0.0,0.9999999999913752,4.153256522753106e-06,-12787939.489331704,2841189.0521508404,2022427.4285557463,-7924323.008625118,196036460118094.8,1529.268881,196036460118094.8,1529.268881,196036460236233.22,1529.2688800784092,196036459999956.4,1529.268881921591,196036460118329.12,1529.2688809981723,196036460117860.5,1529.2688810018278
4.9999999999999996e-05,0.0,0.0009943967865870377,-1.1546613044434261e-08,0.0,-0.19919199458470785,-0.000388501049113665,0.0,-5.254691468923763e-22,5.889167528264274e-25,70904308.67303568,0.0,0.00020277983252510752,1.0032806930157107e-09,0.0,0.9999999999877606,4.947635474939098e-06,-12793556.974327942,2838112.029989594,2019083.0128133025,-7936361.931525047,196036460118094.8,1529.268881,196036460118094.8,1529.268881,196036460248347.9,1529.2688799839034,196036459987841.72,1529.268882016097,196036460118348.84,1529.2688809980184,196036460117840.78,1529.2688810019818
5.4999999999999995e-05,0.0,0.0009933097991429833,-1.3632265985662304e-08,0.0,-0.21739748881087786,-0.00041713058824560857,0.0,-5.161489912889666e-22,6.303084442163658e-25,70919624.93286073,0.0,0.00020254085164779704,1.1749594199021087e-09,0.0,0.9999999999831737,5.801098446675353e-06,-12799691.699906047,2834767.247168986,2015435.4879220175,-7949488.964815045,196036460118094.8,1529.268881,196036460118094.8,1529.268881,196036460260252.6,1529.2688798910356,196036459975937.03,1529.2688821089646,196036460118367.56,1529.2688809978724,196036460117822.03,1529.268881002128
5.9999999999999995e-05,0.0,0.0009921333987663492,-1.5853896304339495e-08,0.0,-0.23528007532680767,-0.0004443260637354383,0.0,-5.06788777208805e-22,6.6911579432846155e-25,70935639.8226185,0.0,0.00020228308928741805,1.3578087368256854e-09,0.0,0.9999999999774717,6.712418430914045e-06,-12806334.278491667,2831159.598205623,2011490.510481961,-7963684.16980408,196036460118094.8,1529.268881,196036460118094.8,1529.268881,196036460271946.16,1529.2688797998148,196036459964243.47,1529.2688822001853,196036460118385.38,1529.2688809977333,196036460117804.25,1529.2688810022667
6.5e-05,0.0,0.000990869206935051,-1.8204781369912003e-08,0.0,-0.2528383662596383,-0.00047017701311450206,0.0,-4.974001060081294e-22,7.054692048742052e-25,70952328.89839976,0.0,0.0002020068938998236,1.5514782323486605e-09,0.0,0.9999999999705063,7.68032319269405e-06,-12813475.199528927,2827293.9600974694,2007253.7571350671,-7978927.482296389,196036460118094.8,1529.268881,196036460118094.8,1529.268881,196036460283427.66,1529.2688797102483,196036459952761.97,1529.268882289752,196036460118402.25,1529.2688809976019,196036460117787.38,1529.2688810023983
7e-05,0.0,0.0009895188500566555,-2.0678623649882384e-08,0.0,-0.27007137567908956,-0.0004947684559940764,0.0,-4.879940933863479e-22,7.394927013322422e-25,70969667.34173986,0.0,0.0002017126191672331,1.7557596915160841e-09,0.0,0.9999999999621179,8.70426301883439e-06,-12821104.990070175,2823175.28299088,2002730.9667554067,-7995198.740323889,196036460118094.8,1529.268881,196036460118094.8,1529.268881,196036460294696.44,1529.268879622341,196036459941493.2,1529.268882377659,196036460118418.38,1529.2688809974761,196036460117771.28,1529.268881002524
7.5e-05,0.0,0.000988083957542799,-2.32695292247695e-08,0.0,-0.28697850277131026,-0.0005181811149774237,0.0,-4.78581390076181e-22,7.713053199781179e-25,70987629.99213473,0.0,0.0002014006195352187,1.970353983219426e-09,0.0,0.9999999999521441,9.783256812576882e-06,-12829214.138505094,2818808.52771612,1997927.904856205,-8012477.705932768,196036460118094.8,1529.268881,196036460118094.8,1529.268881,196036460305752.12,1529.2688795360964,196036459930437.5,1529.2688824639038,196036460118433.66,1529.2688809973567,196036460117755.97,1529.2688810026434
7.999999999999999e-05,0.0,0.0009865661599641512,-2.5971987167352394e-08,0.0,-0.30355951572956263,-0.0005404915885165788,0.0,-4.6917218083183e-22,8.010201404937451e-25,71006191.39154729,0.0,0.00020107124974236789,2.1950730631190974e-09,0.0,0.9999999999404107,1.0916891727687756e-05,-12837793.105310684,2814198.659204531,1992850.3566295437,-8030744.08947661,196036460118094.8,1529.268881,196036460118094.8,1529.268881,196036460316594.6,1529.268879451515,196036459919595.03,1529.2688825484852,196036460118448.22,1529.268880997243,196036460117741.38,1529.2688810027573
8.499999999999999e-05,0.0,0.000984967087286102,-2.8780849953779966e-08,0.0,-0.31981453560985046,-0.0005617725572855143,0.0,-4.597761854253859e-22,8.287449919529803e-25,71025325.82338902,0.0,0.00020072486457319507,2.429732330083406e-09,0.0,0.999999999926737,1.210478998240592e-05,-12846832.334141372,2809350.6430302677,1987504.1206371735,-8049977.570473931,196036460118094.8,1529.268881,196036460118094.8,1529.268881,196036460327223.84,1529.2688793685968,196036459908965.78,1529.2688826314034,196036460118462.16,1529.2688809971344,196036460117727.47,1529.2688810028658
8.999999999999999e-05,0.0,0.0009832883671849965,-3.1691314784248e-08,0.0,-0.33574402022106914,-0.000582092966093608,0.0,-4.5040266140096525e-22,8.545825274961246e-25,71045007.35495117,0.0,0.0002003618182724763,2.6741617248119793e-09,0.0,0.9999999999109331,1.3346663289595178e-05,-12856322.258828666,2804269.4372133045,1981895.0026817748,-8070157.818933585,196036460118094.8,1529.268881,196036460118094.8,1529.268881,196036460337640.25,1529.268879287339,196036459898549.38,1529.268882712661,196036460118475.44,1529.268880997031,196036460117714.2,1529.2688810029692
9.499999999999999e-05,0.0,0.0009815316234444435,-3.469890580030763e-08,0.0,-0.3513487481105761,-0.0006015182032119249,0.0,-4.410604083705686e-22,8.78630097106145e-25,71065209.87216166,0.0,0.00019998246433096574,2.9282569189139887e-09,0.0,0.9999999998927975,1.4642568429169289e-05,-12866253.312855834,2798959.989220338,1976028.8093339826,-8091264.514301513,196036460118094.8,1529.268881,196036460118094.8,1529.268881,196036460347844.28,1529.268879207738,196036459888345.3,1529.2688827922625,196036460118488.12,1529.2688809969318,196036460117701.5,1529.2688810030684
9.999999999999999e-05,0.0,0.0009796984744309505,-3.779945722084421e-08,0.0,-0.36662980269859585,-0.0006201102841073167,0.0,-4.317577719590549e-22,9.00980297408841e-25,71085907.12207387,0.0,0.00019958715508656632,3.1919047084729462e-09,0.0,0.9999999998721194,1.599253572545963e-05,-12876615.941448426,2793427.230382743,1969911.3440291686,-8113277.367036514,196036460118094.8,1529.268881,196036460118094.8,1529.268881,196036460357836.7,1529.2688791297878,196036459878352.94,1529.2688828702123,196036460118500.3,1529.2688809968367,196036460117689.3,1529.2688810031634
0.00010499999999999999,0.0,0.0009777905316482038,-4.0989097301484455e-08,0.0,-0.3815885565493039,-0.0006379280161280487,0.0,-4.225026526140645e-22,9.217211002574545e-25,71107072.7405842,0.0,0.00019917624134677638,3.4649878407965194e-09,0.0,0.9999999998486793,1.7396592168036084e-05,-12887400.602426013,2787676.0706123253,1963548.3992026849,-8136176.132611002,196036460118094.8,1529.268881,196036460118094.8,1529.268881,196036460367618.34,1529.2688790534817,196036459868571.28,1529.2688829465185,196036460118511.94,1529.268880996746,196036460117677.7,1529.2688810032541
0.00010999999999999999,0.0,0.0009758093983684681,-4.4264233095156776e-08,0.0,-0.39622665594714024,-0.0006550271587344646,0.0,-4.1330251136803212e-22,9.409355859964838e-25,71128680.29080358,0.0,0.00019875007218925225,3.7474634056610744e-09,0.0,0.9999999998222415,1.8855154937637208e-05,-12898597.78018518,2781711.3956100154,1956945.7534689484,-8159940.631106215,196036460118094.8,1529.268881,196036460118094.8,1529.268881,196036460377190.3,1529.2688789788115,196036459858999.3,1529.2688830211887,196036460118523.12,1529.268880996659,196036460117666.5,1529.2688810033412
0.00011499999999999999,0.0,0.0009737566683401043,-4.7621536060011966e-08,0.0,-0.4105460056727548,-0.0006714605929710372,0.0,-4.0416437905727534e-22,9.587024781261462e-25,71150703.29507324,0.0,0.0001983089945035648,4.039295055141632e-09,0.0,0.9999999997925582,2.0368693131723294e-05,-12910197.989525354,2775538.060452264,1950109.165686274,-8184550.763386816,196036460118094.8,1529.268881,196036460118094.8,1529.268881,196036460386553.84,1529.268878905767,196036459849635.78,1529.2688830942332,196036460118533.88,1529.268880996575,196036460117655.75,1529.2688810034251
0.00011999999999999999,0.0,0.0009716339245696125,-5.105792842208368e-08,0.0,-0.42454875409835896,-0.0006872784724143427,0.0,-3.950948657276735e-22,9.750963425423271e-25,71173115.26271552,0.0,0.00019785335289359632,4.3404449461348115e-09,0.0,0.9999999997593689,2.1937687087995e-05,-12922191.783892186,2769160.8882249864,1943044.3708621196,-8209986.524805079,196036460118094.8,1529.268881,196036460118094.8,1529.268881,196036460395710.34,1529.2688788343378,196036459840479.3,1529.2688831656624,196036460118544.25,1529.268880996494,196036460117645.4,1529.2688810035058
0.000125,0.0,0.0009694427381765677,-5.457057025817435e-08,0.0,-0.43823727860894796,-0.0007025283672181343,0.0,-3.8610017072182205e-22,9.901876456161179e-25,71195889.7215394,0.0,0.00019738348925283625,4.6508925360970645e-09,0.0,0.999999999722399,2.3562723267337022e-05,-12934569.760316603,2762584.6640793975,1935757.0756278834,-8236228.020609321,196036460118094.8,1529.268881,196036460118094.8,1529.268881,196036460404661.34,1529.2688787645116,196036459831528.28,1529.2688832354888,196036460118554.22,1529.268880996416,196036460117635.44,1529.2688810035836
0.00013000000000000002,0.0,0.0009671846673197026,-5.815684728890526e-08,0.0,-0.4516141713730041,-0.000717255406146181,0.0,-3.771860931659501e-22,1.0040429179190092e-24,71219000.24491554,0.0,0.00019689974261382677,4.970633509346201e-09,0.0,0.9999999996813579,2.5244489615769048e-05,-12947322.567065524,2755814.1331248493,1928252.9547765178,-8263255.479164157,196036460118094.8,1529.268881,196036460118094.8,1529.268881,196036460413408.6,1529.2688786962747,196036459822781.03,1529.2688833037255,196036460118563.84,1529.2688809963413,196036460117625.78,1529.2688810036589
0.00013500000000000003,0.0,0.00096486125619232,-6.181435935356854e-08,0.0,-0.4646822254765322,-0.0007315024129326565,0.0,-3.683580435174949e-22,1.0167247735336131e-24,71242420.47663932,0.0,0.00019640244891265649,5.2997057297965585e-09,0.0,0.9999999996359343,2.6983908587738574e-05,-12960440.908548746,2748853.9971326888,1920537.6463735462,-8291049.26504251,196036460118094.8,1529.268881,196036460118094.8,1529.268881,196036460421953.88,1529.2688786296135,196036459814235.75,1529.2688833703867,196036460118573.16,1529.2688809962685,196036460117616.47,1529.2688810037316
0.00014000000000000004,0.0,0.0009624740340850341,-6.554090956343596e-08,0.0,-0.47744442145717375,-0.0007453100419734847,0.0,-3.5962105505195055e-22,1.0282924373248398e-24,71266124.15815143,0.0,0.00019589194068548446,5.6381211287806736e-09,0.0,0.9999999995858041,2.8781792179483833e-05,-12973915.550049862,2741708.910288782,1912616.7493225425,-8319589.890438537,196036460118094.8,1529.268881,196036460118094.8,1529.268881,196036460430299.2,1529.268878564512,196036459805890.44,1529.268883435488,196036460118582.16,1529.2688809961983,196036460117607.44,1529.268881003802
0.00014500000000000006,0.0,0.0009600245145138526,-6.933449404218475e-08,0.0,-0.48990391423629664,-0.0007587168957497577,0.0,-3.5097979592802485e-22,1.038801491506359e-24,71290085.14853655,0.0,0.00019536854706835816,5.985938854407935e-09,0.0,0.9999999995306191,3.063921466081134e-05,-12987737.324881118,2734383.4791909913,1904495.8195207827,-8348858.026169344,196036460118094.8,1529.268881,196036460118094.8,1529.268881,196036460438446.53,1529.2688785009552,196036459797743.1,1529.268883499045,196036460118590.97,1529.2688809961296,196036460117598.7,1529.2688810038703
0.00015000000000000007,0.0,0.0009575141944115071,-7.319329229734303e-08,0.0,-0.5020640204690965,-0.0007717596510316554,0.0,-3.424385816522705e-22,1.0483043663065424e-24,71314277.44992974,0.0,0.00019483259337313923,6.343203885310103e-09,0.0,0.9999999994700143,3.255720088784081e-05,-13001897.13581837,2726882.256913804,1896180.3668652927,-8378834.512039274,196036460118094.8,1529.268881,196036460118094.8,1529.268881,196036460446398.1,1529.2688784389256,196036459789791.53,1529.2688835610745,196036460118599.5,1529.268880996063,196036460117590.16,1529.2688810039367
0.00015500000000000008,0.0,0.0009549445533798744,-7.711565813775637e-08,0.0,-0.5139282063265491,-0.0007844731680826694,0.0,-3.340013872101556e-22,1.0568502238055945e-24,71338675.22816962,0.0,0.00019428440100537897,6.709993587115079e-09,0.0,0.9999999994035991,3.4536965131479906e-05,-13016385.961911935,2719209.741858934,1887675.852258442,-8409500.367794558,196036460118094.8,1529.268881,196036460118094.8,1529.268881,196036460454156.22,1529.268878378405,196036459782033.44,1529.268883621595,196036460118607.8,1529.2688809959982,196036460117581.84,1529.2688810040017
0.0001600000000000001,0.0,0.0009523170530013861,-8.11001111571985e-08,0.0,-0.5255000756976592,-0.0007968906038884252,0.0,-3.2567186015809236e-22,1.0644853258347371e-24,71363252.8284967,0.0,0.00019372428745796245,7.0863764831530075e-09,0.0,0.9999999993309628,3.657970082842441e-05,-13031194.862334618,2711370.3776663514,1878987.684805803,-8440836.799862463,196036460118094.8,1529.268881,196036460118094.8,1529.268881,196036460461723.12,1529.2688783193757,196036459774466.5,1529.2688836806242,196036460118615.9,1529.268880995935,196036460117573.72,1529.2688810040652
0.0001650000000000001,0.0,0.0009496331362071597,-8.514532872039453e-08,0.0,-0.5367833588452967,-0.0008090435126392058,0.0,-3.1745333285829816e-22,1.0712529107495942e-24,71387984.79928823,0.0,0.0001931525659364137,7.472459193650532e-09,0.0,0.9999999992516648,3.868682329862798e-05,-13046314.979538636,2703368.5479700663,1870121.2194865786,-8472825.21208199,196036460118094.8,1529.268881,196036460118094.8,1529.268881,196036460469101.34,1529.2688782618188,196036459767088.28,1529.2688837381813,196036460118623.88,1529.268880995873,196036460117565.75,1529.2688810041275
0.00017000000000000012,0.0,0.00094689422669973,-8.925013847280357e-08,0.0,-0.5477819014859246,-0.0008209619504818063,0.0,-3.093488352238945e-22,1.077193777321438e-24,71412845.90744811,0.0,0.00019256954534553245,7.868304233373104e-09,0.0,0.9999999991652487,4.085954615869673e-05,-13061737.543997893,2695208.5762110627,1861081.7548937881,-8505447.212893045,196036460118094.8,1529.268881,196036460118094.8,1529.268881,196036460476293.38,1529.2688782057141,196036459759896.25,1529.268883794286,196036460118631.66,1529.2688809958122,196036460117557.97,1529.268881004188
0.00017500000000000013,0.0,0.0009441017284281756,-9.341351127301253e-08,0.0,-0.558499654310896,-0.0008326745600417914,0.0,-3.0136110797235307e-22,1.082345732534249e-24,71437811.15250629,0.0,0.00019197553018673823,8.27405219902881e-09,0.0,0.999999999071216,4.309951473136018e-05,-13077453.875099638,2686894.7242005854,1851874.5309226746,-8538684.619976379,196036460118094.8,1529.268881,196036460118094.8,1529.268881,196036460483301.78,1529.268878151042,196036459752887.84,1529.2688838489582,196036460118639.3,1529.2688809957526,196036460117550.3,1529.2688810042478
0.00018000000000000015,0.0,0.0009412570251133409,-9.763455464339988e-08,0.0,-0.5689406629669315,-0.0008442086740774723,0.0,-2.934926145219192e-22,1.0867443254793751e-24,71462855.78495276,0.0,0.0001913708203886786,8.68981231457372e-09,0.0,0.9999999989690459,4.5408240859111704e-05,-13093455.386679765,2678431.1897492767,1842504.7264586184,-8572519.470471868,196036460118094.8,1529.268881,196036460118094.8,1529.268881,196036460490129.22,1529.2688780977817,196036459746060.38,1529.268883902219,196036460118646.84,1529.2688809956937,196036460117542.78,1529.2688810043064
0.00018500000000000016,0.0,0.0009383614798210971,-1.019125066119361e-07,0.0,-0.579109058448763,-0.0008555903937072411,0.0,-2.8574555353769475e-22,1.0904226564036295e-24,71487955.32034864,0.0,0.00019075571123401412,9.115716631457848e-09,0.0,0.999999998858183,4.778738503858711e-05,-13109733.589456609,2669822.10564249,1832977.4587806845,-8606934.025033435,196036460118094.8,1529.268881,196036460118094.8,1529.268881,196036460496778.44,1529.2688780459114,196036459739411.2,1529.2688839540888,196036460118654.28,1529.2688809956358,196036460117535.34,1529.2688810043646
0.00019000000000000017,0.0,0.0009354164345814649,-1.062467299781994e-07,0.0,-0.5890090479264511,-0.0008668446732526596,0.0,-2.781218719565698e-22,1.0934116459960473e-24,71513085.54845345,0.0,0.00019013049334233226,9.551892283362467e-09,0.0,0.9999999987380408,5.0238612983084575e-05,-13126280.091597587,2661071.5394011373,1823297.779833482,-8641910.772362966,196036460118094.8,1529.268881,196036460118094.8,1529.268881,196036460503252.06,1529.268877995411,196036459732937.53,1529.2688840045894,196036460118661.66,1529.2688809955782,196036460117527.97,1529.268881004422
0.00019500000000000019,0.0,0.0009324232100513451,-1.1063670695695835e-07,0.0,-0.5986449060239656,-0.0008779953957517916,0.0,-2.706232759830753e-22,1.0957399474672578e-24,71538222.55288059,0.0,0.00018949545242356343,9.998495594703482e-09,0.0,0.999999998607992,5.276377587382251e-05,-13143086.60377792,2652183.489830522,1813470.6769185849,-8677432.437028814,196036460118094.8,1529.268881,196036460118094.8,1529.268881,196036460509553.06,1529.2688779462574,196036459726636.56,1529.2688840537428,196036460118668.97,1529.2688809955212,196036460117520.7,1529.268881004479
0.0002000000000000002,0.0,0.0009293831052189514,-1.150820342145516e-07,0.0,-0.6080209664787313,-0.000889065451518649,0.0,-2.6325124406414486e-22,1.0974343989353887e-24,71563342.7151037,0.0,0.0001888508694243719,1.0455649732160233e-08,0.0,0.9999999984673815,5.5364583430328504e-05,-13160144.939147634,2643161.8890691865,1803501.0696196028,-8713481.980458844,196036460118094.8,1529.268881,196036460118094.8,1529.268881,196036460515684.12,1529.2688778984293,196036459720505.5,1529.268884101571,196036460118676.2,1529.2688809954648,196036460117513.44,1529.2688810045354
0.0002050000000000002,0.0,0.0009262973971476978,-1.1958241821969758e-07,0.0,-0.6171416142506992,-0.0009000768010291982,0.0,-2.560070376446216e-22,1.0985196506984688e-24,71588422.73072924,0.0,0.00018819702033471595,1.0923527323252365e-08,0.0,0.9999999983155028,5.8043040667826636e-05,-13177447.017823046,2634010.5998815903,1793393.809777617,-8750042.608163837,196036460118094.8,1529.268881,196036460118094.8,1529.268881,196036460521648.2,1529.268877851904,196036459714541.44,1529.2688841480963,196036460118683.38,1529.2688809954086,196036460117506.25,1529.2688810045913
0.00021000000000000023,0.0,0.0009231673407576775,-1.2413767097330234e-07,0.0,-0.626011278004055,-0.0009110505507209501,0.0,-2.4889171327616764e-22,1.099018498855547e-24,71613439.6166298,0.0,0.0001875341761671394,1.1402309011741479e-08,0.0,0.999999998151605,6.0801232200488224e-05,-13194984.865539618,2624733.4153682487,1783153.679644263,-8787097.770527106,196036460118094.8,1529.268881,196036460118094.8,1529.268881,196036460527448.1,1529.2688778066592,196036459708741.5,1529.2688841933411,196036460118690.56,1529.2688809953527,196036460117499.06,1529.2688810046475
0.00021500000000000024,0.0,0.0009199941686426353,-1.2874770605947161e-07,0.0,-0.634634423008454,-0.0009220070172338568,0.0,-2.419061330631408e-22,1.0989521244618792e-24,71638370.72260235,0.0,0.00018686260289656672,1.189215540465249e-08,0.0,0.9999999979749005,6.364117376205182e-05,-13212750.618485644,2615334.0581230824,1772785.3911541281,-8824631.169208435,196036460118094.8,1529.268881,196036460118094.8,1529.268881,196036460533086.88,1529.2688777626713,196036459703102.78,1529.2688842373286,196036460118697.72,1529.2688809952967,196036460117491.9,1529.2688810047034
0.00022000000000000025,0.0,0.0009167790909206244,-1.334125349762986e-07,0.0,-0.6430155444021676,-0.0009329657833653953,0.0,-2.350509764727018e-22,1.098339942131205e-24,71663193.73486526,0.0,0.0001861825615500371,1.239324858456561e-08,0.0,0.9999999977845482,6.656503409304658e-05,-13230736.52092096,2605816.181489377,1762293.5847720162,-8862626.754659567,196036460118094.8,1529.268881,196036460118094.8,1529.268881,196036460538567.34,1529.2688777199187,196036459697622.28,1529.2688842800815,196036460118704.88,1529.268880995241,196036460117484.72,1529.2688810047596
0.00022500000000000026,0.0,0.0009135232951163023,-1.3813226377265362e-07,0.0,-0.6511591608644027,-0.0009439457592710041,0.0,-2.2832674939924553e-22,1.09719987038528e-24,71687886.69175081,0.0,0.0001854943079845805,1.2905757128599987e-08,0.0,0.9999999975796633,6.95749494288338e-05,-13248934.931873152,2596183.366450904,1751682.8293181625,-8901068.736104086,196036460118094.8,1529.268881,196036460118094.8,1529.268881,196036460543892.53,1529.2688776783773,196036459692297.12,1529.2688843216229,196036460118712.06,1529.268880995185,196036460117477.56,1529.268881004815
0.00023000000000000028,0.0,0.000910227946073294,-1.4290708994414332e-07,0.0,-0.6590698086016703,-0.000954965234297942,0.0,-2.2173379584875886e-22,1.0955478979892307e-24,71712427.9836943,0.0,0.00018479809304550537,1.342992717995321e-08,0.0,0.9999999973592799,7.267351585268521e-05,-13267338.320216304,2586439.1238474133,1740957.6210510505,-8939941.575317841,196036460118094.8,1529.268881,196036460118094.8,1529.268881,196036460549065.34,1529.2688776380244,196036459687124.28,1529.2688843619758,196036460118719.28,1529.2688809951287,196036460117470.34,1529.2688810048714
0.0002350000000000003,0.0,0.0009068941858945992,-1.4773729966336316e-07,0.0,-0.6667520357389719,-0.0009660419438439681,0.0,-2.1527230684660462e-22,1.0933990643460738e-24,71736796.36453642,0.0,0.0001840941624417081,1.3965921187497384e-08,0.0,0.9999999971224086,7.58629223331911e-05,-13285939.269747067,2576586.892629311,1730122.3828940117,-8979229.994223746,196036460118094.8,1529.268881,196036460118094.8,1529.268881,196036460554088.8,1529.2688775988365,196036459682100.8,1529.2688844011636,196036460118726.5,1529.2688809950723,196036460117463.1,1529.268881004928
0.0002400000000000003,0.0,0.0009035231339095012,-1.5262326517460868e-07,0.0,-0.6742103970196064,-0.000977193102249104,0.0,-2.0894233036311018e-22,1.090766681730237e-24,71760970.95492056,0.0,0.00018338275683709403,1.451396513379471e-08,0.0,0.9999999968679754,7.914574597234312e-05,-13304730.47913717,2566630.0411373354,1719181.4641106417,-9018918.973889193,196036460118094.8,1529.268881,196036460118094.8,1529.268881,196036460558965.84,1529.268877560791,196036459677223.75,1529.2688844392094,196036460118733.8,1529.2688809950153,196036460117455.8,1529.268881004985
0.0002450000000000003,0.0,0.0009001158866652569,-1.575654424877788e-07,0.0,-0.681449448848861,-0.0009884354626340272,0.0,-2.027437804015564e-22,1.0876628414452424e-24,71784931.25088118,0.0,0.00018266411172231103,1.5074271331779583e-08,0.0,0.9999999965948502,8.252453718640466e-05,-13323704.76161511,2556571.8653072724,1708139.1402060923,-9058993.756101744,196036460118094.8,1529.268881,196036460118094.8,1529.268881,196036460563699.53,1529.268877523864,196036459672490.06,1529.2688844761367,196036460118741.2,1529.2688809949577,196036460117448.47,1529.2688810050422
0.00025000000000000033,0.0,0.000896673517941994,-1.62564369283789e-07,0.0,-0.6884737446525658,-0.0009997853592020386,0.0,-1.9667644600295377e-22,1.084098424570891e-24,71808657.1255793,0.0,0.00018193845758240147,1.564704529307119e-08,0.0,0.9999999963018403,8.600185712863501e-05,-13342855.047073334,2546415.591016424,1696999.6127500932,-9099439.843306815,196036460118094.8,1529.268881,196036460118094.8,1529.268881,196036460568292.78,1529.268877488032,196036459667896.84,1529.268884511968,196036460118748.56,1529.2688809949002,196036460117441.06,1529.2688810051
0.00025500000000000034,0.0,0.0008931970787892559,-1.676206630296324e-07,0.0,-0.6952878305476293,-0.0010112587491686812,0.0,-1.907399999059203e-22,1.0800827179558528e-24,71832128.83600156,0.0,0.0001812060197743135,1.6232563944297655e-08,0.0,0.9999999959876483,8.958070984277484e-05,-13362174.380213112,2536164.372369349,1685767.0079432353,-9140242.999900527,196036460118094.8,1529.268881,196036460118094.8,1529.268881,196036460572748.56,1529.268877453273,196036459663441.06,1529.2688845467273,196036460118756.1,1529.2688809948415,196036460117433.53,1529.2688810051586
0.00026000000000000036,0.0,0.0008896875975826929,-1.7273501936961112e-07,0.0,-0.7018962413126063,-0.0010228712679957459,0.0,-1.8493400632052996e-22,1.075624225718085e-24,71855327.0277847,0.0,0.00018046701859789448,1.6831040868093948e-08,0.0,0.9999999956509312,9.326380479746542e-05,-13381655.92432268,2525821.292691345,1674445.3784854675,-9181389.253145866,196036460118094.8,1529.268881,196036460118094.8,1529.268881,196036460577069.84,1529.2688774195628,196036459659119.78,1529.2688845804373,196036460118763.7,1529.2688809947822,196036460117425.94,1529.268881005218
0.00026500000000000037,0.0,0.0008861460800995549,-1.7790821065216058e-07,0.0,-0.7083034966275992,-0.0010346382565098932,0.0,-1.7925792941966249e-22,1.0707302673835788e-24,71878232.73736568,0.0,0.00017972166931108752,1.7442704225596953e-08,0.0,0.999999995290262,9.705398469927464e-05,-13401292.957857039,2515389.364741229,1663038.7018292344,-9222864.891286574,196036460118094.8,1529.268881,196036460118094.8,1529.268881,196036460581259.6,1529.2688773868788,196036459654930.03,1529.2688846131214,196036460118771.38,1529.2688809947224,196036460117418.25,1529.2688810052778
0.0002700000000000004,0.0,0.0008825735096115131,-1.8314108466188173e-07,0.0,-0.7145140976083515,-0.0010465748019442306,0.0,-1.7371114058103863e-22,1.0654066958246214e-24,71900827.3956329,0.0,0.0001789701821949387,1.806785440032487e-08,0.0,0.9999999949040894,0.00010095455056626557,-13421078.877235942,2504871.531621275,1651550.8813074646,-9264656.464307202,196036460118094.8,1529.268881,196036460118094.8,1529.268881,196036460585320.75,1529.2688773551981,196036459650868.88,1529.268884644802,196036460118779.2,1529.2688809946615,196036460117410.44,1529.268881005339
0.0002750000000000004,0.0,0.0008789708469935569,-1.8843456360564297e-07,0.0,-0.7205325235912518,-0.001058695788752248,0.0,-1.682929255325288e-22,1.0596588303792524e-24,71923092.83369772,0.0,0.00017821276245091926,1.8706706637932606e-08,0.0,0.9999999944908188,0.00010496838878206545,-13441007.196079765,2494270.665339921,1639985.7455932992,-9306750.785146544,196036460118094.8,1529.268881,196036460118094.8,1529.268881,196036460589256.28,1529.2688773244972,196036459646933.38,1529.2688846755027,196036460118787.1,1529.2688809945998,196036460117402.53,1529.2688810054005
0.0002800000000000004,0.0,0.0008753390308477274,-1.9378964319110664e-07,0.0,-0.7263632291658936,-0.0010710159170927366,0.0,-1.6300249183575563e-22,1.053490469399097e-24,71945011.27998067,0.0,0.0001774496104604334,1.9359570397372998e-08,0.0,0.999999994048707,0.00010909897312214836,-13461071.544544386,2483589.5704441103,1628347.049086694,-9349134.925013581,196036460118094.8,1529.268881,196036460118094.8,1529.268881,196036460593069.0,1529.2688772947545,196036459643120.66,1529.2688847052455,196036460118795.16,1529.2688809945369,196036460117394.47,1529.2688810054633
0.0002850000000000004,0.0,0.0008716789776403929,-1.9920739196873737e-07,0.0,-0.7320106414669149,-0.0010835497555261454,0.0,-1.5783897495594247e-22,1.0469046619339532e-24,71966565.36980583,0.0,0.00017668092153178195,2.0026720421051917e-08,0.0,0.9999999935759287,0.00011334964816105719,-13481265.669163149,2472830.9804776157,1616638.4721228098,-9391796.216562722,196036460118094.8,1529.268881,196036460118094.8,1529.268881,196036460596761.88,1529.2688772659465,196036459639427.75,1529.2688847340537,196036460118803.38,1529.2688809944727,196036460117386.28,1529.2688810055274
0.00029000000000000044,0.0,0.0008679915818520122,-2.0468895080361247e-07,0.0,-0.737479157676133,-0.0010963117669750215,0.0,-1.528014448371978e-22,1.0399036826411619e-24,71987738.14116876,0.0,0.00017590688620508878,2.0708403610490422e-08,0.0,0.9999999930705693,0.00011772366570600978,-13501583.435068946,2461997.562248803,1604863.6216371406,-9434722.251183001,196036460118094.8,1529.268881,196036460118094.8,1529.268881,196036460600337.8,1529.2688772380507,196036459635851.84,1529.268884761949,196036460118811.7,1529.268880994408,196036460117377.94,1529.2688810055922
0.00029500000000000045,0.0,0.0008642777161382498,-2.1023553248138119e-07,0.0,-0.7427731427524895,-0.0011093163355537427,0.0,-1.4788891226771373e-22,1.0324882502867225e-24,72008513.03933315,0.0,0.00017512769014132014,2.1404984275365184e-08,0.0,0.9999999925305231,0.00012222501249350282,-13522018.820950957,2451091.9142775964,1593026.030015551,-9477900.87665781,196036460118094.8,1529.268881,196036460118094.8,1529.268881,196036460603799.56,1529.268877211046,196036459632390.06,1529.2688847889544,196036460118820.22,1529.268880994341,196036460117369.44,1529.2688810056586
0.00030000000000000046,0.0,0.0008605382315013372,-2.1584842158375216e-07,0.0,-0.7478969273825239,-0.0011225778204741973,0.0,-1.4310033402836372e-22,1.0246588116183422e-24,72028873.91866621,0.0,0.00017434351420448046,2.211671966651013e-08,0.0,0.9999999919536331,0.00012685713942080508,-13542565.92412791,2440116.5679455334,1581129.1581598697,-9521320.198022509,196036460118094.8,1529.268881,196036460118094.8,1529.268881,196036460607150.03,1529.2688771849091,196036459629039.6,1529.268884815091,196036460118828.88,1529.2688809942736,196036460117360.75,1529.2688810057266
0.0003050000000000005,0.0,0.000856773957470791,-2.2152897441110303e-07,0.0,-0.7528548061092266,-0.0011361105654701753,0.0,-1.3843461887884206e-22,1.0164146973914683e-24,72048805.04385439,0.0,0.00017355453444977773,2.284391228621566e-08,0.0,0.999999991337584,0.0001316238274082239,-13563218.955623265,2429073.987330386,1569176.3926283775,-9564968.575664502,196036460118094.8,1529.268881,196036460118094.8,1529.268881,196036460610392.03,1529.2688771596186,196036459625797.6,1529.2688848403818,196036460118837.72,1529.268880994205,196036460117351.9,1529.2688810057955
0.0003100000000000005,0.0,0.0008529857022924496,-2.2727861909841416e-07,0.0,-0.7576510356682896,-0.0011499289374622289,0.0,-1.3389063255335548e-22,1.0077540166456174e-24,72068291.08844733,0.0,0.00017276092230459234,2.3586932661064815e-08,0.0,0.9999999906798713,0.00013652932692525096,-13583972.243504906,2417966.571739071,1557171.048771459,-9608834.622994374,196036460118094.8,1529.268881,196036460118094.8,1529.268881,196036460613528.3,1529.2688771351525,196036459622661.3,1529.2688848648477,196036460118846.78,1529.2688809941342,196036460117342.88,1529.268881005866
0.0003150000000000005,0.0,0.0008491742531249624,-2.3309885594284142e-07,0.0,-0.7622898334974371,-0.0011640473688854514,0.0,-1.2946720303461595e-22,9.986744149319144e-25,72087317.13849014,0.0,0.00017196284448322793,2.434608802346997e-08,0.0,0.9999999899778907,0.00014157760563122902,-13604820.227513492,2406796.654514276,1545116.3695632825,-9652907.203435933,196036460118094.8,1529.268881,196036460118094.8,1529.268881,196036460616561.66,1529.2688771114897,196036459619627.97,1529.2688848885107,196036460118856.0,1529.268880994062,196036460117333.62,1529.268881005938
0.0003200000000000005,0.0,0.00084534037624282,-2.389912578115793e-07,0.0,-0.7667753764284816,-0.0011784803737475756,0.0,-1.251631248218749e-22,9.89172536223798e-25,72105868.69108556,0.0,0.00017116046311282067,2.5121717514690465e-08,0.0,0.9999999892288581,0.00014677289829218248,-13625757.46386223,2395566.5047968687,1533015.5271887542,-9697175.431876607,196036460118094.8,1529.268881,196036460118094.8,1529.268881,196036460619494.78,1529.2688770886086,196036459616694.84,1529.2688849113918,196036460118865.44,1529.2688809939884,196036460117324.2,1529.2688810060115
0.00032500000000000053,0.0,0.0008414848172451837,-2.449574707232283e-07,0.0,-0.7711117995272495,-0.0011932425823298067,0.0,-1.209771637956109e-22,9.792440818396764e-25,72123931.65655854,0.0,0.00017035393571418735,2.5914185415236683e-08,0.0,0.9999999884298024,0.00015211967370617232,-13646778.619744308,2384278.3272578563,1520871.6229408337,-9741628.669545619,196036460118094.8,1529.268881,196036460118094.8,1529.268881,196036460622330.4,1529.268877066488,196036459613859.22,1529.2688849335125,196036460118875.06,1529.2688809939134,196036460117314.53,1529.268881006087
0.00033000000000000054,0.0,0.0008376083012696735,-2.5099921459245933e-07,0.0,-0.7753031951020511,-0.00120834877384621,0.0,-1.1690805823014876e-22,9.68883904661424e-25,72141492.37294911,0.0,0.00016954341455818848,2.672385945072232e-08,0.0,0.9999999875775715,0.00015762251331546278,-13667878.495194905,2372934.253090003,1508687.6941941828,-9786256.547910716,196036460118094.8,1529.268881,196036460118094.8,1529.268881,196036460625071.2,1529.2688770451073,196036459611118.44,1529.2688849548929,196036460118884.94,1529.2688809938363,196036460117304.66,1529.268881006164
0.00033500000000000055,0.0,0.0008337115332109373,-2.571182841216533e-07,0.0,-0.7793536117472317,-0.0012238139058387881,0.0,-1.129545303717846e-22,9.580860784987803e-25,72158537.56505798,0.0,0.00016872904851880985,2.7551111056140363e-08,0.0,0.9999999866688224,0.0001632861142210508,-13689051.975017885,2361536.3659436186,1496466.700099995,-9831048.908974271,196036460118094.8,1529.268881,196036460118094.8,1529.268881,196036460627719.78,1529.2688770244458,196036459608469.84,1529.2688849755543,196036460118895.1,1529.2688809937572,196036460117294.56,1529.2688810062427
0.00034000000000000057,0.0,0.000829795197941998,-2.6331654982750003e-07,0.0,-0.7832670537878629,-0.0012396531411693486,0.0,-1.0911528646935497e-22,9.468437827914454e-25,72175054.36426727,0.0,0.00016791098234502402,2.8396330581633604e-08,0.0,0.9999999856999935,0.00016911538351444469,-13710294.04972297,2350086.6917355605,1484211.5296990534,-9875995.828288356,196036460118094.8,1529.268881,196036460118094.8,1529.268881,196036460630278.8,1529.2688770044829,196036459605910.8,1529.2688849955173,196036460118905.44,1529.2688809936765,196036460117284.2,1529.2688810063237
0.0003450000000000006,0.0,0.0008258599605383706,-2.6959595922253005e-07,0.0,-0.7870474807254916,-0.0012558818790060016,0.0,-1.0538901753833918e-22,9.351493931669448e-25,72191030.32423976,0.0,0.0001670893559092599,2.9259905371902013e-08,0.0,0.9999999846673133,0.00017511531338452842,-13731599.8328589,2338587.1881307717,1471925.0076300937,-9921087.637098033,196036460118094.8,1529.268881,196036460118094.8,1529.268881,196036460632750.84,1529.2688769851986,196036459603438.75,1529.2688850148018,196036460118916.03,1529.268880993594,196036460117273.56,1529.2688810064064
0.0003500000000000006,0.0,0.0008219064665048188,-2.759585381358909e-07,0.0,-0.7906988067103623,-0.0012725157826721737,0.0,-1.0177440480246763e-22,9.229942097221896e-25,72206453.40885687,0.0,0.00016626430475823794,3.0142272483609934e-08,0.0,0.9999999835667321,0.00018129130021084954,-13752964.547649939,2327039.7522519217,1459609.8913879595,-9966314.904010057,196036460118094.8,1529.268881,196036460118094.8,1529.268881,196036460635138.5,1529.2688769665726,196036459601051.12,1529.2688850334275,196036460118926.9,1529.268880993509,196036460117262.72,1529.2688810064913
0.0003550000000000006,0.0,0.000817935342003808,-2.8240639222043904e-07,0.0,-0.7942249002021705,-0.001289570816909627,0.0,-9.827012327011672e-23,9.103688999099986e-25,72221311.99068175,0.0,0.0001654359602297539,3.104383694071472e-08,0.0,0.9999999823939898,0.00018764866085368382,-13774383.522547428,2315446.2223137426,1447268.8712973034,-10011668.428936383,196036460118094.8,1529.268881,196036460118094.8,1529.268881,196036460637444.22,1529.268876948586,196036459598745.38,1529.2688850514146,196036460118938.06,1529.268880993422,196036460117251.56,1529.2688810065783
0.0003600000000000006,0.0,0.0008139471940850344,-2.8894170856942483e-07,0.0,-0.7976295837547246,-0.0013070632697971551,0.0,-9.487484411334217e-23,8.972630671008094e-25,72235594.84916133,0.0,0.00016460444943928657,3.1965046998110495e-08,0.0,0.9999999811445219,0.00019419308836596415,-13795852.197215628,2303808.3774357988,1434904.5723612532,-10057139.247418575,196036460118094.8,1529.268881,196036460118094.8,1529.268881,196036460639670.6,1529.268876931218,196036459596519.03,1529.268885068782,196036460118949.5,1529.2688809933327,196036460117240.12,1529.2688810066675
0.00036500000000000063,0.0,0.0008099426109156192,-2.9556675751750964e-07,0.0,-0.8009166338830321,-0.0013250097896169623,0.0,-9.158723828116021e-23,8.836654540212826e-25,72249291.16967715,0.0,0.0001637698954268095,3.290635724913683e-08,0.0,0.9999999798134795,0.00020093043656841178,-13817366.113263028,2292127.939697197,1422519.5535556867,-10102718.620010145,196036460118094.8,1529.268881,196036460118094.8,1529.268881,196036460641820.0,1529.2688769144506,196036459594369.62,1529.2688850855495,196036460118961.25,1529.268880993241,196036460117228.38,1529.268881006759
0.00037000000000000065,0.0,0.0008059221620103414,-3.02283894590873e-07,0.0,-0.8040897810555722,-0.0013434274146726776,0.0,-8.840597858575752e-23,8.69563991118211e-25,72262390.54157227,0.0,0.00016293241713488926,3.3868213890182315e-08,0.0,0.999999978395731,0.0002078666342404123,-13838920.919656174,2280406.5738300313,1410116.309907139,-10148398.035919005,196036460118094.8,1529.268881,196036460118094.8,1529.268881,196036460643894.94,1529.2688768982644,196036459592294.7,1529.2688851017358,196036460118973.28,1529.2688809931474,196036460117216.34,1529.268881006853
0.00037500000000000066,0.0,0.0008018863984615471,-3.090955625980317e-07,0.0,-0.8071527097588468,-0.0013623336014317404,0.0,-8.532974238468025e-23,8.549453422972598e-25,72274882.95733134,0.0,0.00016209212944788898,3.485113858381864e-08,0.0,0.9999999768857356,0.00021500820488304162,-13860512.36940764,2268645.8877683445,1397697.2724061534,-10194169.209233144,196036460118094.8,1529.268881,196036460118094.8,1529.268881,196036460645897.8,1529.26887688264,196036459590291.8,1529.2688851173602,196036460118985.7,1529.2688809930505,196036460117203.97,1529.2688810069494
0.00038000000000000067,0.0,0.0007978358531682728,-3.160042939400627e-07,0.0,-0.810109058654861,-0.0013817462684062034,0.0,-8.235721426816449e-23,8.397956019931604e-25,72286758.8077919,0.0,0.0001612491434013329,3.585559265584651e-08,0.0,0.9999999752776947,0.0002223614402724152,-13882136.316751653,2256847.4355780343,1385264.8095312081,-10240024.07164241,196036460118094.8,1529.268881,196036460118094.8,1529.268881,196036460647830.97,1529.2688768675596,196036459588358.62,1529.2688851324408,196036460118998.34,1529.2688809929516,196036460117191.28,1529.2688810070485
0.0003850000000000007,0.0,0.0007937710410641142,-3.2301271301947633e-07,0.0,-0.8129624208317077,-0.0014016838158827194,0.0,-7.948708772722954e-23,8.240995819721202e-25,72298008.8832121,0.0,0.00016040356601123684,3.688210660985885e-08,0.0,0.9999999735653607,0.00022993320255928687,-13903788.720155507,2245012.7150685703,1372821.227514695,-10285954.77757224,196036460118094.8,1529.268881,196036460118094.8,1529.268881,196036460649696.84,1529.268876853004,196036459586492.8,1529.2688851469961,196036460119011.4,1529.2688809928497,196036460117178.25,1529.2688810071502
0.0003900000000000007,0.0,0.0007896924593435544,-3.301235388712868e-07,0.0,-0.8157163441119445,-0.0014221651703620955,0.0,-7.671806786726117e-23,8.078413066477852e-25,72308624.36823553,0.0,0.0001595555005565851,3.793118184868848e-08,0.0,0.9999999717421463,0.0002377303235834398,-13925465.63584204,2233143.1717462786,1360368.7713050463,-10331953.692790715,196036460118094.8,1529.268881,196036460118094.8,1529.268881,196036460651497.62,1529.2688768389562,196036459584692.0,1529.268885161044,196036460119024.75,1529.2688809927458,196036460117164.84,1529.2688810072545
0.0003950000000000007,0.0,0.0007856005876862795,-3.3733958793047703e-07,0.0,-0.8183743314549891,-0.0014432098118380443,0.0,-7.404887279726479e-23,7.910032683055053e-25,72318596.8418608,0.0,0.0001587050464142928,3.9003429056373765e-08,0.0,0.9999999698008936,0.00024576047680732385,-13947163.221572816,2221240.1965049547,1347909.6252206736,-10378013.399847189,196036460118094.8,1529.268881,196036460118094.8,1529.268881,196036460653235.7,1529.2688768253977,196036459582953.9,1529.2688851746027,196036460119038.53,1529.2688809926383,196036460117151.1,1529.268881007362
0.0004000000000000007,0.0,0.0007814958884792413,-3.4466377706487484e-07,0.0,-0.8209398414076431,-0.0014648378268795645,0.0,-7.147823584453938e-23,7.735674130448572e-25,72327918.27224861,0.0,0.00015785229927518245,4.009936978655765e-08,0.0,0.9999999677341395,0.0002540309433365434,-13968877.732774565,2209305.128648069,1335445.9145728585,-10424126.689553637,196036460118094.8,1529.268881,196036460118094.8,1529.268881,196036460654913.34,1529.2688768123105,196036459581276.3,1529.2688851876896,196036460119052.66,1529.268880992528,196036460117136.94,1529.2688810074726
0.00040500000000000074,0.0,0.0007773788070360846,-3.520991267026458e-07,0.0,-0.8234162886313486,-0.0014870699275541868,0.0,-6.900490717210558e-23,7.555142747206451e-25,72336581.01457597,0.0,0.00015699735115242707,4.1219598005812326e-08,0.0,0.9999999655338451,0.00026254963082218886,-13990605.521779513,2197339.2560074967,1322979.7052421074,-10470286.56052991,196036460118094.8,1529.268881,196036460118094.8,1529.268881,196036460656532.7,1529.2688767996779,196036459579656.94,1529.2688852003223,196036460119067.22,1529.2688809924143,196036460117122.4,1529.2688810075858
0.00041000000000000075,0.0,0.0007732497718136572,-3.5964876420443e-07,0.0,-0.8258070444854816,-0.001509927500356848,0.0,-6.662765539922987e-23,7.368232866450795e-25,72344577.80904266,0.0,0.0001561402904089473,4.2364711854351576e-08,0.0,0.9999999631914653,0.00027132465415563865,-14012343.036114788,2185343.815326793,1310513.0058006842,-10516486.21498731,196036460118094.8,1529.268881,196036460118094.8,1529.268881,196036460658096.03,1529.2688767874824,196036459578093.6,1529.2688852125177,196036460119082.2,1529.2688809922977,196036460117107.47,1529.2688810077022
0.00041500000000000076,0.0,0.0007691091946253233,-3.6731592742612743e-07,0.0,-0.8281154376667893,-0.0015334326443394797,0.0,-6.434526905812946e-23,7.174725433954927e-25,72351901.77740721,0.0,0.00015528120179963506,4.353535308937308e-08,0.0,0.9999999606978459,0.00028036459580287873,-14034086.817828972,2173319.992852343,1298047.7675213427,-10562719.057455288,196036460118094.8,1529.268881,196036460118094.8,1529.268881,196036460659605.5,1529.2688767757072,196036459576584.12,1529.2688852242932,196036460119097.53,1529.2688809921779,196036460117092.1,1529.2688810078223
0.0004200000000000008,0.0,0.0007649574708508268,-3.7510396851359267e-07,0.0,-0.8303447548992986,-0.0015576082174930455,0.0,-6.215655799558927e-23,6.974390131409817e-25,72358546.41676289,0.0,0.00015442016657192553,4.473215371562614e-08,0.0,0.9999999580432769,0.0002896781737246495,-14055833.504030615,2161268.925740815,1285585.8857662585,-10608978.692523543,196036460118094.8,1529.268881,196036460118094.8,1529.268881,196036460661063.28,1529.2688767643351,196036459575126.34,1529.268885235665,196036460119113.34,1529.2688809920546,196036460117076.28,1529.2688810079455
0.0004250000000000008,0.0,0.0007607949796424628,-3.83016357892459e-07,0.0,-0.832498241672784,-0.0015824778757732743,0.0,-6.006035480713114e-23,6.766981514889987e-25,72364505.59994124,0.0,0.00015355726248869004,4.595580674305735e-08,0.0,0.9999999552173241,0.0002992747066483953,-14077579.821620224,2149191.7023799024,1273129.2001461876,-10655258.919094134,196036460118094.8,1529.268881,196036460118094.8,1529.268881,196036460662471.44,1529.2688767533502,196036459573718.2,1529.2688852466501,196036460119129.62,1529.2688809919275,196036460117060.03,1529.2688810080724
0.0004300000000000008,0.0,0.0007566220841273082,-3.910566885199847e-07,0.0,-0.8345791030309235,-0.0016080661255051308,0.0,-5.805551592682028e-23,6.55224248887834e-25,72369773.56972058,0.0,0.00015269256384943872,4.7206981489768325e-08,0.0,0.9999999522089401,0.0003091635770831952,-14099322.589266265,2137089.362684787,1260679.4966256833,-10701553.729955794,196036460118094.8,1529.268881,196036460118094.8,1529.268881,196036460663832.12,1529.2688767427355,196036459572357.5,1529.2688852572646,196036460119146.34,1529.2688809917972,196036460117043.28,1529.2688810082032
0.0004350000000000008,0.0,0.0007524391316053221,-3.992286803387403e-07,0.0,-0.8365905043972145,-0.0016343983637511197,0.0,-5.614092280417154e-23,6.329899956638634e-25,72374344.93487619,0.0,0.00015182614156621668,4.848640245431052e-08,0.0,0.9999999490062695,0.0003193547532831253,-14121058.715279577,2124962.899160769,1248238.5067524626,-10747857.309366347,196036460118094.8,1529.268881,196036460118094.8,1529.268881,196036460665147.4,1529.268876732475,196036459571042.22,1529.268885267525,196036460119163.56,1529.2688809916629,196036460117026.06,1529.2688810083373
0.00044000000000000083,0.0,0.0007482464537431138,-4.0753618500748723e-07,0.0,-0.8385355724416615,-0.0016615009337493838,0.0,-5.431548307047563e-23,6.099665683237596e-25,72378214.66590722,0.0,0.00015095806325769907,4.979481925243766e-08,0.0,0.9999999455966481,0.00032985860754207165,-14142785.195345208,2112813.258220166,1235807.910144559,-10794164.026980482,196036460118094.8,1529.268881,196036460118094.8,1529.268881,196036460666419.3,1529.2688767225532,196036459569770.34,1529.268885277447,196036460119181.28,1529.2688809915246,196036460117008.34,1529.2688810084755
0.00044500000000000084,0.0,0.0007440443667631744,-4.1598319089429604e-07,0.0,-0.8404173959878758,-0.0016894011773617617,0.0,-5.257813136504302e-23,5.861235919603787e-25,72381378.09256993,0.0,0.00015008839317609128,5.113299979637209e-08,0.0,0.9999999419665626,0.00034068588347772194,-14164499.112410106,2100641.339159242,1223389.3343307483,-10840468.438920116,196036460118094.8,1529.268881,196036460118094.8,1529.268881,196036460667649.84,1529.2688767129537,196036459568539.78,1529.2688852870465,196036460119199.53,1529.2688809913823,196036460116990.1,1529.2688810086179
0.00045000000000000086,0.0,0.0007398331716284304,-4.2457382833841773e-07,0.0,-0.842239026948799,-0.0017181274888243368,0.0,-5.092783041070071e-23,5.614290630631742e-25,72383830.8976854,0.0,0.00014921719238231564,5.250173130912629e-08,0.0,0.9999999381015912,0.0003518477142019652,-14186197.634087954,2088447.996610203,1210984.355971042,-10886765.281506708,196036460118094.8,1529.268881,196036460118094.8,1529.268881,196036460668841.0,1529.2688767036616,196036459567348.6,1529.268885296339,196036460119218.28,1529.268880991236,196036460116971.3,1529.2688810087645
0.00045500000000000087,0.0,0.000735613154221932,-4.333123751942793e-07,0.0,-0.8440034812996903,-0.0017477093711723095,0.0,-4.9363571713700145e-23,5.358490501950467e-25,72385569.11088483,0.0,0.0001483445186915748,5.390186901417719e-08,0.0,0.9999999339862199,0.0003633559630738983,-14207878.015006715,2076234.0397796105,1198594.5020317608,-10933049.473195344,196036460118094.8,1529.268881,196036460118094.8,1529.268881,196036460669994.8,1529.2688766946608,196036459566194.8,1529.2688853053396,196036460119237.66,1529.2688809910849,196036460116951.97,1529.2688810089155
0.0004600000000000009,0.0,0.0007313845855215551,-4.4220326270945564e-07,0.0,-0.845713740075361,-0.001778177503035273,0.0,-4.7884376528954245e-23,5.093481446115289e-25,72386589.10968338,0.0,0.0001474704267647387,5.533421853977991e-08,0.0,0.9999999296040546,0.00037522244872018035,-14229537.589262309,2064000.2337269476,1186221.2499904823,-10979316.10554488,196036460118094.8,1529.268881,196036460118094.8,1529.268881,196036460671113.16,1529.2688766859364,196036459565076.47,1529.2688853140637,196036460119257.56,1529.2688809909296,196036460116932.06,1529.2688810090706
0.0004650000000000009,0.0,0.0007271477217695508,-4.512510816585569e-07,0.0,-0.8473727504008525,-0.001809563789820257,0.0,-4.6489296500953155e-23,4.818885907525216e-25,72386887.61026199,0.0,0.00014659496814431398,5.679971167238615e-08,0.0,0.9999999249373158,0.0003874601436041885,-14251173.773313746,2051747.2998690102,1173866.029205585,-11025560.444239149,196036460118094.8,1529.268881,196036460118094.8,1529.268881,196036460672198.0,1529.2688766774738,196036459563991.62,1529.2688853225263,196036460119278.1,1529.2688809907695,196036460116911.53,1529.2688810092307
0.0004700000000000009,0.0,0.0007229028046368293,-4.604605888836564e-07,0.0,-0.8489834265443182,-0.0018419014450199041,0.0,-4.517741432620042e-23,4.534307522563627e-25,72386461.66475283,0.0,0.00014571819123095973,5.829928100288014e-08,0.0,0.9999999199670535,0.0004000823496677501,-14272784.063953092,2039475.91565071,1161530.221560979,-11071777.926741404,196036460118094.8,1529.268881,196036460118094.8,1529.268881,196036460673251.22,1529.2688766692577,196036459562938.38,1529.268885330743,196036460119299.25,1529.2688809906042,196036460116890.38,1529.268881009396
0.0004750000000000009,0.0,0.000718650061381865,-4.6983671416053166e-07,0.0,-0.8505486509928574,-0.0018752250553750443,0.0,-4.3947844516038006e-23,4.239331524140033e-25,72385308.64932346,0.0,0.00014484014149587028,5.983382085009714e-08,0.0,0.9999999146731837,0.0004131024391906832,-14294366.038873319,2027186.7175174344,1149215.1633097683,-11117964.158046117,196036460118094.8,1529.268881,196036460118094.8,1529.268881,196036460674274.75,1529.2688766612732,196036459561914.9,1529.2688853387267,196036460119321.03,1529.2688809904344,196036460116868.6,1529.2688810095658
0.00048000000000000093,0.0,0.0007143897050040911,-4.793845673837101e-07,0.0,-0.852071275554777,-0.0019095706446356862,0.0,-4.2799733835862817e-23,3.933516450580335e-25,72383426.2740435,0.0,0.00014396086126136615,6.140436468515301e-08,0.0,0.9999999090339038,0.00042653509128398327,-14315917.348752718,2014880.297845297,1136922.1436825867,-11164114.907224834,196036460118094.8,1529.268881,196036460118094.8,1529.268881,196036460675270.38,1529.2688766535064,196036459560919.25,1529.2688853464938,196036460119343.47,1529.2688809902593,196036460116846.12,1529.268881009741
0.00048500000000000095,0.0,0.0007101219343917057,-4.891094462139478e-07,0.0,-0.8535541224770722,-0.001944975766047529,0.0,-4.1732261964552706e-23,3.6163997416577954e-25,72380812.56087661,0.0,0.0001430803899423562,6.301191880894867e-08,0.0,0.9999999030260424,0.0004403951703222194,-14337435.724661263,2002557.208319843,1124652.408307621,-11210226.108033797,196036460118094.8,1529.268881,196036460118094.8,1529.268881,196036460676240.03,1529.268876645942,196036459559949.6,1529.268885354058,196036460119366.62,1529.2688809900787,196036460116823.0,1529.2688810099214
0.000490000000000001,0.0,0.000705846934463777,-4.990168440911996e-07,0.0,-0.8549999855857511,-0.001981479575450371,0.0,-4.0744642003037266e-23,3.2874917219164243e-25,72377465.84853233,0.0,0.00014219876404125923,6.465758438229262e-08,0.0,0.9999998966245903,0.00045469859132902054,-14358918.969858121,1990217.9598658143,1112407.158616583,-11256293.851375721,196036460118094.8,1529.268881,196036460118094.8,1529.268881,196036460677185.47,1529.2688766385668,196036459559004.12,1529.2688853614336,196036460119390.53,1529.2688809898923,196036460116799.12,1529.2688810101076
0.000495000000000001,0.0,0.000701564876306558,-5.091124587173096e-07,0.0,-0.8564116314437819,-0.0020191229252219966,0.0,-3.983612090234033e-23,2.9462789489709214e-25,72373384.78404675,0.0,0.00014131601709772238,6.634243838938457e-08,0.0,0.9999998898029382,0.00046946151215658647,-14380364.961944235,1977863.0219428213,1100187.553446569,-11302314.386554843,196036460118094.8,1529.268881,196036460118094.8,1529.268881,196036460678108.6,1529.2688766313656,196036459558081.06,1529.2688853686345,196036460119415.12,1529.2688809897004,196036460116774.5,1529.2688810102998
0.000500000000000001,0.0,0.0006972759173039387,-5.194022009504171e-07,0.0,-0.8577918005238689,-0.002057948446621489,0.0,-3.900597993273779e-23,2.592218955243168e-25,72368568.31726548,0.0,0.00014043217981694534,6.806763210443998e-08,0.0,0.9999998825324422,0.0004847010435744019,-14401771.649984008,1965492.8243421256,1087994.7089894833,-11348284.1166524,196036460118094.8,1529.268881,196036460118094.8,1529.268881,196036460679011.1,1529.2688766243252,196036459557178.53,1529.268885375675,196036460119440.5,1529.2688809895026,196036460116749.1,1529.2688810104978
0.000505000000000001,0.0,0.0006929802012619513,-5.298922042021692e-07,0.0,-0.8591432083974829,-0.0020980006503504103,0.0,-3.825353509571651e-23,2.2247387809854434e-25,72363015.69448549,0.0,0.00013954728003396952,6.983439343497311e-08,0.0,0.9999998747822483,0.0005004352981546313,-14423137.054513192,1953107.7566870414,1075829.7005441498,-11394199.597282,196036460118094.8,1529.268881,196036460118094.8,1529.268881,196036460679894.8,1529.2688766174315,196036459556294.84,1529.2688853825687,196036460119466.72,1529.268880989298,196036460116722.9,1529.2688810107022
0.000510000000000001,0.0,0.0006886778585272604,-5.405888343631516e-07,0.0,-0.8604685469381648,-0.002139326032196495,0.0,-3.7578137518353954e-23,1.843236697655176e-25,72356726.45503761,0.0,0.0001386613428045113,7.164393958075721e-08,0.0,0.9999998665194363,0.0005166827939831033,-14444459.263731372,1940708.1697038205,1063693.5630546683,-11440057.530972885,196036460118094.8,1529.268881,196036460118094.8,1529.268881,196036460680761.4,1529.2688766106712,196036459555428.2,1529.2688853893294,196036460119493.75,1529.268880989087,196036460116695.88,1529.2688810109132
0.000515000000000001,0.0,0.000684369006099568,-5.514987002266842e-07,0.0,-0.8617704855384928,-0.002181973172706512,0.0,-3.697917381207247e-23,1.4470784358970274e-25,72349700.42165765,0.0,0.0001377743903460469,7.349752755896356e-08,0.0,0.9999998577086908,0.0005334628367166133,-14465736.435760776,1928294.374397575,1051587.292435585,-11485854.768927617,196036460118094.8,1529.268881,196036460118094.8,1529.268881,196036460681612.75,1529.2688766040299,196036459554576.84,1529.2688853959705,196036460119521.6,1529.2688809888698,196036460116668.0,1529.2688810111306
0.000520000000000001,0.0,0.0006800537477378706,-5.626286644763229e-07,0.0,-0.8630516723394794,-0.0022259928499277215,0.0,-3.6456066371421616e-23,1.03559207110626e-25,72341937.69924301,0.0,0.00013688644212384208,7.539655479017714e-08,0.0,0.9999998483117164,0.000550796281820163,-14486966.793675553,1915866.6432573216,1039511.8451936477,-11531588.305224583,196036460118094.8,1529.268881,196036460118094.8,1529.268881,196036460682450.56,1529.2688765974942,196036459553739.06,1529.2688854025062,196036460119550.4,1529.2688809886452,196036460116639.22,1529.268881011355
0.000525000000000001,0.0,0.000675732174060519,-5.739858553256674e-07,0.0,-0.8643147354703196,-0.0022714381698688987,0.0,-3.6008273768571333e-23,6.080717432607082e-26,72333438.66446301,0.0,0.00013599751492743915,7.734239812926881e-08,0.0,0.9999998382876375,0.0005687044036305558,-14508148.625876011,1903425.2113255414,1027468.1409249317,-11577255.273625538,196036460118094.8,1529.268881,196036460118094.8,1529.268881,196036460683276.47,1529.2688765910511,196036459552913.16,1529.268885408949,196036460119580.1,1529.2688809884135,196036460116609.5,1529.268881011587
0.0005300000000000011,0.0,0.00067140436263901,-5.855776787460353e-07,0.0,-0.8655622843018066,-0.0023183646840735624,0.0,-3.56352909538172e-23,1.637723694111899e-26,72324203.9638586,0.0,0.0001351076227688648,7.933650613901915e-08,0.0,0.9999998275924309,0.0005872095950983446,-14529280.284233408,1890970.2747744024,1015457.0616981827,-11622852.947760822,196036460118094.8,1529.268881,196036460118094.8,1529.268881,196036460684092.25,1529.2688765846874,196036459552097.34,1529.268885415313,196036460119610.78,1529.2688809881743,196036460116578.8,1529.2688810118264
0.0005350000000000011,0.0,0.0006670703780854765,-5.974118313735972e-07,0.0,-0.8667969107066952,-0.0023668305255124026,0.0,-3.5336649640948706e-23,-2.980926088359073e-26,72314234.50179994,0.0,0.00013421677701122483,8.138040193093021e-08,0.0,0.9999998161786573,0.0006063354282800984,-14550360.184474856,1878501.9927058737,1003479.4541445392,-11668378.737624442,196036460118094.8,1529.268881,196036460118094.8,1529.268881,196036460684899.56,1529.2688765783896,196036459551290.03,1529.2688854216108,196036460119642.47,1529.2688809879269,196036460116547.12,1529.2688810120735
0.0005400000000000011,0.0,0.0006627302721338095,-6.094963141349963e-07,0.0,-0.8680211903334156,-0.002416896552279815,0.0,-3.5111918475893575e-23,-7.783526961672914e-26,72303531.44300075,0.0,0.00013332498628716594,8.347566129360456e-08,0.0,0.9999998039952854,0.0006261065330408879,-14571386.801341439,1866020.486010628,991536.129643418,-11713830.185687393,196036460118094.8,1529.268881,196036460118094.8,1529.268881,196036460685700.16,1529.268876572144,196036459550489.47,1529.268885427856,196036460119675.25,1529.2688809876713,196036460116514.38,1529.268881012329
0.0005450000000000011,0.0,0.0006583840837143813,-6.218394466169282e-07,0.0,-0.8692376838856309,-0.0024686264963863676,0.0,-3.4960703357090275e-23,-1.2778827793933674e-25,72292096.19708152,0.0,0.00013243225668322481,8.562390723485851e-08,0.0,0.9999997909874361,0.0006465485938459591,-14592358.67034776,1853525.8399484346,979627.8651546319,-11759204.965244694,196036460118094.8,1529.268881,196036460118094.8,1529.268881,196036460686495.66,1529.2688765659386,196036459549694.0,1529.2688854340613,196036460119709.1,1529.268880987407,196036460116480.56,1529.2688810125928
0.0005500000000000011,0.0,0.0006540318390223168,-6.344498822218805e-07,0.0,-0.8704489384128938,-0.0025220871209904816,0.0,-3.488264757757569e-23,-1.7976065153833523e-25,72279930.42443782,0.0,0.00013153859154515165,8.782683783575897e-08,0.0,0.9999997770959407,0.0006676886017032733,-14613274.382507695,1841018.101424027,967755.4042837457,-11804500.87679992,196036460118094.8,1529.268881,196036460118094.8,1529.268881,196036460687287.7,1529.26887655976,196036459548901.94,1529.2688854402404,196036460119744.03,1529.2688809871347,196036460116445.6,1529.2688810128657
0.0005550000000000011,0.0,0.0006496735515792856,-6.473366241687206e-07,0.0,-0.8716574886062263,-0.002577348389368017,0.0,-3.4877432262000045e-23,-2.3384998936363573e-25,72267036.0107336,0.0,0.00013064399170117049,9.00862463258487e-08,0.0,0.9999997622568847,0.0006895550551955213,-14634132.590536956,1828497.2821124198,955919.4585161337,-11849715.8499084,196036460118094.8,1529.268881,196036460118094.8,1529.268881,196036460688077.97,1529.268876553595,196036459548111.66,1529.2688854464052,196036460119780.16,1529.2688809868528,196036460116409.47,1529.2688810131474
0.0005600000000000011,0.0,0.0006453092222887414,-6.605090423998446e-07,0.0,-0.8728658581088404,-0.0026344836462247993,0.0,-3.4944776320840085e-23,-2.901592577663558e-25,72253415.0830592,0.0,0.00012974845531297212,9.240397463200389e-08,0.0,0.9999997464014587,0.0007121776592684589,-14654931.99789924,1815963.3563733604,944120.7072526591,-11894847.93427322,196036460118094.8,1529.268881,196036460118094.8,1529.268881,196036460688868.16,1529.2688765474309,196036459547321.5,1529.268885452569,196036460119817.5,1529.2688809865615,196036460116372.12,1529.2688810134387
0.0005650000000000012,0.0,0.000640938839484615,-6.739768914181272e-07,0.0,-0.8740765608252725,-0.002693569803656522,0.0,-3.5084436817531005e-23,-3.487973431772067e-25,72239069.99007359,0.0,0.00012885197798386843,9.478199218759991e-08,0.0,0.9999997294551233,0.0007355879826438032,-14675671.363424126,1803416.2627662509,932359.7990104553,-11939895.30164742,196036460118094.8,1529.268881,196036460118094.8,1529.268881,196036460689659.8,1529.2688765412552,196036459546529.8,1529.268885458745,196036460119856.16,1529.2688809862598,196036460116333.47,1529.2688810137402
0.0005700000000000012,0.0,0.0006365623789733989,-6.877503291494113e-07,0.0,-0.8752921022432367,-0.0027546875462568393,0.0,-3.5296209185335544e-23,-4.0987906710577195e-25,72224003.2985739,0.0,0.0001279545527274573,9.722227432324977e-08,0.0,0.9999997113378228,0.0007598185776628002,-14696349.498737158,1790855.9036108258,920637.3530351932,-11984856.24209114,196036460118094.8,1529.268881,196036460118094.8,1529.268881,196036460690454.7,1529.2688765350545,196036459545734.97,1529.2688854649455,196036460119896.12,1529.268880985948,196036460116293.5,1529.268881014052
0.0005750000000000012,0.0,0.000632179804069584,-7.01839936833137e-07,0.0,-0.876514980762993,-0.00281792153674513,0.0,-3.557992732314325e-23,-4.7352584808062485e-25,72208217.7898476,0.0,0.00012705617000157647,9.972691494653978e-08,0.0,0.9999996919628811,0.0007849039068760756,-14716965.265775936,1778282.1454639733,908953.9586598689,-12029729.161652092,196036460118094.8,1529.268881,196036460118094.8,1529.268881,196036460691254.3,1529.2688765288165,196036459544935.3,1529.2688854711837,196036460119937.47,1529.2688809856256,196036460116252.16,1529.2688810143745
0.0005800000000000012,0.0,0.0006277910656244338,-7.162567400557767e-07,0.0,-0.8777476890300335,-0.002883360644527946,0.0,-3.5935463888961466e-23,-5.398660913806728e-25,72191716.45008329,0.0,0.00012615681774484676,1.0229813122403106e-07,0.0,0.999999671236391,0.0008108804535560417,-14737517.576505428,1765694.8196318396,897310.1776161144,-12074512.579257475,196036460118094.8,1529.268881,196036460118094.8,1529.268881,196036460692060.38,1529.2688765225287,196036459544129.22,1529.268885477472,196036460119980.25,1529.2688809852918,196036460116209.38,1529.2688810147083
0.0005850000000000012,0.0,0.0006233961020480441,-7.310122309945925e-07,0.0,-0.8789927152779384,-0.0029510981877631653,0.0,-3.63627305229183e-23,-6.0903547250019285e-25,72174502.46496607,0.0,0.0001252564812840987,1.0493820929127109e-07,0.0,0.9999996490569396,0.0008377863675247332,-14758005.392167877,1753093.7208741817,885706.5446303367,-12119205.126663359,196036460118094.8,1529.268881,196036460118094.8,1529.268881,196036460692874.53,1529.2688765161772,196036459543315.12,1529.2688854838227,196036460120024.56,1529.2688809849462,196036460116165.06,1529.268881015054
0.0005900000000000012,0.0,0.0006189948393246493,-7.461183919208181e-07,0.0,-0.8802525446789563,-0.0030212321852451213,0.0,-3.6861677749612665e-23,-6.811774002263543e-25,72156579.22207928,0.0,0.0001243551434868417,1.0764951724339632e-07,0.0,0.9999996253148962,0.0008656616356211787,-14778427.717070354,1740478.6095390748,874143.5667572715,-12163805.540774006,196036460118094.8,1529.268881,196036460118094.8,1529.268881,196036460693698.3,1529.2688765097512,196036459542491.3,1529.2688854902492,196036460120070.4,1529.2688809845886,196036460116119.22,1529.2688810154116
0.0005950000000000012,0.0,0.0006145871910211932,-7.615877200424861e-07,0.0,-0.8815296606912023,-0.003093865624333594,0.0,-3.743229562072547e-23,-7.564436741087641e-25,72137950.29150373,0.0,0.00012345278457825308,1.1043457802470196e-07,0.0,0.9999995998911891,0.0008945487476538293,-14798783.604453657,1727849.209003056,862621.7270120177,-12208312.668438582,196036460118094.8,1529.268881,196036460118094.8,1529.268881,196036460694533.47,1529.268876503236,196036459541656.2,1529.268885496764,196036460120117.9,1529.2688809842182,196036460116071.7,1529.2688810157824
0.0006000000000000012,0.0,0.0006101730582890526,-7.774332538007941e-07,0.0,-0.8828265464281208,-0.003169106751661604,0.0,-3.80746134743031e-23,-8.349947598162087e-25,72118619.42920119,0.0,0.00012254938237430505,1.1329597315877267e-07,0.0,0.999999572657171,0.0009244920092417027,-14819072.14940445,1715205.20893359,851141.4822591986,-12252725.458211662,196036460118094.8,1529.268881,196036460118094.8,1529.268881,196036460695381.5,1529.2688764966206,196036459540808.12,1529.2688855033796,196036460120167.12,1529.2688809838342,196036460116022.5,1529.268881016166
0.0006050000000000013,0.0,0.0006057523298589546,-7.936686006677105e-07,0.0,-0.8841456860196067,-0.0032470693733832705,0.0,-3.878870037047297e-23,-9.17000527021486e-25,72098590.57047485,0.0,0.00012164491208562774,1.1623643323066183e-07,0.0,0.9999995434731141,0.0009555383630330905,-14839292.489122031,1702546.2625458592,839703.2668209389,-12297042.959755234,196036460118094.8,1529.268881,196036460118094.8,1529.268881,196036460696244.1,1529.2688764898915,196036459539945.53,1529.2688855101087,196036460120218.1,1529.2688809834365,196036460115971.53,1529.2688810165637
0.0006100000000000013,0.0,0.0006013248820290135,-8.103079665726432e-07,0.0,-0.8854895659882244,-0.003327873180986539,0.0,-3.957466515293316e-23,-1.002640762159449e-24,72077867.82238665,0.0,0.0001207393464289475,1.192588100835284e-07,0.0,0.999999512187428,0.0009877372657285564,-14859443.801753573,1689871.988163043,828307.4913819389,-12341264.322208593,196036460118094.8,1529.268881,196036460118094.8,1529.268881,196036460697122.88,1529.2688764830364,196036459539066.75,1529.268885516964,196036460120270.94,1529.2688809830242,196036460115918.7,1529.268881016976
0.0006150000000000013,0.0,0.0005968905786458757,-8.273661870469983e-07,0.0,-0.8868606766275554,-0.0034116440948710283,0.0,-4.043265672873321e-23,-1.0921058008747286e-24,72056455.45738786,0.0,0.00011983265558960307,1.2236608318926587e-07,0.0,0.9999994786355497,0.001021140846707205,-14879525.30533678,1677181.968692771,816954.5451079905,-12385388.791536018,196036460118094.8,1529.268881,196036460118094.8,1529.268881,196036460698019.44,1529.2688764760424,196036459538170.2,1529.2688855239578,196036460120325.72,1529.2688809825968,196036460115863.9,1529.2688810174034
0.0006200000000000013,0.0,0.0005924492710789245,-8.448587601961871e-07,0.0,-0.8882615133902406,-0.0034985146298377586,0.0,-4.1362864092198264e-23,-1.1855971116586027e-24,72034357.91588847,0.0,0.00011892480715626235,1.2556131482409593e-07,0.0,0.9999994426391766,0.0010558036447026206,-14899536.25387428,1664475.7507138292,805644.7955192339,-12429415.707641216,196036460118094.8,1529.268881,196036460118094.8,1529.268881,196036460698935.44,1529.2688764688965,196036459537254.2,1529.2688855311037,196036460120382.5,1529.268880982154,196036460115807.12,1529.268881017846
0.0006250000000000013,0.0,0.0005880007981875402,-8.628018816001854e-07,0.0,-0.8896945782768505,-0.00358862428079967,0.0,-4.2365516643374074e-23,-1.283328332337063e-24,72011579.79045515,0.0,0.00011801576629062611,1.2884786343883877e-07,0.0,0.9999994040031043,0.0010917845191007025,-14919475.938626971,1651752.8468556472,794378.5903911116,-12473344.501380213,196036460118094.8,1529.268881,196036460118094.8,1529.268881,196036460699872.53,1529.2688764615864,196036459536317.1,1529.2688855384138,196036460120441.44,1529.268880981694,196036460115748.2,1529.268881018306
0.0006300000000000013,0.0,0.0005835449862813613,-8.812124813221978e-07,0.0,-0.8911623812357893,-0.0036821199444024766,0.0,-4.3440884272589014e-23,-1.3855255042475247e-24,71988125.8308343,0.0,0.00011710549551410917,1.322290389292539e-07,0.0,0.9999993625168357,0.0011291438890631438,-14939343.684315693,1639012.7328089166,783156.2580273651,-12517174.693479413,196036460118094.8,1529.268881,196036460118094.8,1529.268881,196036460700832.34,1529.268876454099,196036459535357.28,1529.2688855459014,196036460120502.56,1529.2688809812175,196036460115687.06,1529.2688810187828
0.0006350000000000013,0.0,0.0005790816490735307,-9.00108263065992e-07,0.0,-0.8926674415661274,-0.0037791563487588557,0.0,-4.458927768734777e-23,-1.4924284412726657e-24,71964000.92751712,0.0,0.00011619395488972953,1.3570848926906718e-07,0.0,0.9999993179495124,0.0011679471349246694,-14959138.850699972,1626254.8498785319,771978.1086460684,-12560905.892175373,196036460118094.8,1529.268881,196036460118094.8,1529.268881,196036460701816.53,1529.2688764464215,196036459534373.12,1529.2688855535787,196036460120566.03,1529.268880980722,196036460115623.6,1529.2688810192778
0.0006400000000000014,0.0,0.0005746105876268719,-9.19507745719064e-07,0.0,-0.8942122893317611,-0.003879896530614412,0.0,-4.58110482707977e-23,-1.6042911507599738e-24,71939210.12642673,0.0,0.00011528110184168767,1.3928989012226124e-07,0.0,0.9999992700510589,0.0012082621194845643,-14978860.825003143,1613478.602455207,760844.434881989,-12604537.787665946,196036460118094.8,1529.268881,196036460118094.8,1529.268881,196036460702826.72,1529.268876438541,196036459533362.9,1529.2688855614592,196036460120631.9,1529.2688809802085,196036460115557.72,1529.2688810197917
0.0006450000000000014,0.0,0.0005701315902930185,-9.394303073545485e-07,0.0,-0.895799466770667,-0.0039845123270968955,0.0,-4.710658861083824e-23,-1.721383097497939e-24,71913758.6032067,0.0,0.00011436689131864023,1.4297719576536657e-07,0.0,0.9999992185478106,0.0012501614968021834,-14998509.027230583,1600683.3603063605,749755.5130085339,-12648070.153915687,196036460118094.8,1529.268881,196036460118094.8,1529.268881,196036460703864.56,1529.2688764304448,196036459532325.06,1529.2688855695553,196036460120700.3,1529.2688809796748,196036460115489.3,1529.2688810203254
0.0006500000000000014,0.0,0.0005656444326444061,-9.598962319108352e-07,0.0,-0.8974315297224903,-0.004093184911257354,0.0,-4.847633249744978e-23,-1.843989998141009e-24,71887651.67653804,0.0,0.00011345127555684082,1.467744930113983e-07,0.0,0.9999991631418099,0.0012937216391932546,-15018082.903621225,1587868.4552605553,738711.6039446618,-12691502.844416007,196036460118094.8,1529.268881,196036460118094.8,1529.268881,196036460704931.8,1529.268876422119,196036459531257.84,1529.2688855778808,196036460120771.34,1529.2688809791207,196036460115418.25,1529.2688810208797
0.0006550000000000014,0.0,0.0005611488773991259,-9.809267586865105e-07,0.0,-0.8991110490560372,-0.004206105355135071,0.0,-4.9920755023984e-23,-1.9724150061742713e-24,71860894.7931054,0.0,0.00011253420438537035,1.5068612432176164e-07,0.0,0.9999991035070959,0.0013390238999397934,-15037581.92711746,1575033.1854837106,727712.9538082427,-12734835.787825506,196036460118094.8,1529.268881,196036460118094.8,1529.268881,196036460706030.03,1529.268876413552,196036459530159.6,1529.268885586448,196036460120845.22,1529.2688809785443,196036460115344.4,1529.2688810214559
0.0006600000000000014,0.0,0.0005566446743386246,-1.0025441348558954e-06,0.0,-0.9008406121002808,-0.004323475233876989,0.0,-5.1440372958958655e-23,-2.106979729983199e-24,71833493.53323984,0.0,0.00011161562484114249,1.5471655055550502e-07,0.0,0.9999990392886156,0.0013861536154795035,-15057005.5947174,1562176.8100905048,716759.7957958614,-12778068.988831032,196036460118094.8,1529.268881,196036460118094.8,1529.268881,196036460707161.0,1529.2688764047293,196036459529028.62,1529.2688855952708,196036460120921.97,1529.2688809779456,196036460115267.66,1529.2688810220545
0.0006650000000000014,0.0,0.0005521315602181833,-1.0247716711815422e-06,0.0,-0.9026228240882439,-0.00444550726512936,0.0,-5.303574466025587e-23,-2.248025580391921e-24,71805453.60360605,0.0,0.00011069548146213687,1.5887052808163995e-07,0.0,0.9999989700972338,0.001435201892272223,-15076353.425541045,1549298.5532542292,705852.3501691455,-12821202.52211767,196036460118094.8,1529.268881,196036460118094.8,1529.268881,196036460708326.4,1529.2688763956382,196036459527863.2,1529.2688856043624,196036460121001.75,1529.2688809773233,196036460115187.88,1529.268881022677
0.0006700000000000014,0.0,0.0005476092586701938,-1.0476338011571242e-06,0.0,-0.904460309597913,-0.004572425995116427,0.0,-5.470747061444335e-23,-2.395915022476424e-24,71776780.82702407,0.0,0.00010977371613609099,1.6315303396567928e-07,0.0,0.9999988955072731,0.001486265196325071,-15095624.962224282,1536397.6020905264,694990.8264004362,-12864236.533733321,196036460118094.8,1529.268881,196036460118094.8,1529.268881,196036460709527.97,1529.268876386265,196036459526661.7,1529.2688856137352,196036460121084.75,1529.2688809766757,196036460115104.88,1529.2688810233244
0.0006750000000000014,0.0,0.0005430774801001346,-1.0711561437975724e-06,0.0,-0.9063557140118349,-0.004704468528089653,0.0,-5.645619303142317e-23,-2.551032935479623e-24,71747481.1627251,0.0,0.00010885026802904258,1.6756927001655638e-07,0.0,0.9999988150528456,0.0015394456485042117,-15114819.762062611,1523473.1056603526,684175.4227812915,-12907171.233620966,196036460118094.8,1529.268881,196036460118094.8,1529.268881,196036460710767.38,1529.2688763765964,196036459525422.25,1529.2688856234038,196036460121171.1,1529.2688809760023,196036460115018.53,1529.268881023998
0.0006800000000000015,0.0,0.0005385359215753212,-1.0953655703120363e-06,0.0,-0.9083117049626712,-0.004841885302892785,0.0,-5.828259655570556e-23,-2.7137881730332313e-24,71717560.68053111,0.0,0.00010792507366764498,1.721247381303407e-07,0.0,0.9999987282227457,0.001594851996636768,-15133937.402434306,1510524.1761270205,673406.328833999,-12950006.897473289,196036460118094.8,1529.268881,196036460118094.8,1529.268881,196036460712046.4,1529.2688763666185,196036459524143.22,1529.2688856333816,196036460121260.97,1529.268880975301,196036460114928.7,1529.2688810246989
0.0006850000000000015,0.0,0.0005339842667063042,-1.1202902749299496e-06,0.0,-0.9103309738033942,-0.004984940923582656,0.0,-6.018740802885218e-23,-2.8846151104510224e-24,71687025.5726703,0.0,0.0001069980669268878,1.7682516697385e-07,0.0,0.9999986344569216,0.001652599253333168,-15152977.474407496,1497549.8885864962,662683.7259604877,-12992743.859860511,196036460118094.8,1529.268881,196036460118094.8,1529.268881,196036460713366.8,1529.2688763563183,196036459522822.8,1529.2688856436819,196036460121354.5,1529.2688809745714,196036460114835.12,1529.2688810254288
0.0006900000000000015,0.0,0.000529422185520958,-1.1459598501482383e-06,0.0,-0.912416237069254,-0.005133915043657745,0.0,-6.217139693608897e-23,-3.0639753951704816e-24,71655882.14901568,0.0,0.00010606917884846542,1.8167660681709345e-07,0.0,0.999998533140036,0.0017128099066600906,-15171939.583147103,1484549.2785314587,652007.7881872815,-13035382.516428363,196036460118094.8,1529.268881,196036460118094.8,1529.268881,196036460714730.4,1529.268876345681,196036459521459.22,1529.268885654319,196036460121451.94,1529.2688809738115,196036460114737.72,1529.2688810261886
0.0006950000000000015,0.0,0.0005248493343311819,-1.1724053667029026e-06,0.0,-0.914570237955218,-0.005289103310932866,0.0,-6.423537528810074e-23,-3.252359758986634e-24,71624136.83751579,0.0,0.00010513833781726167,1.866854286696558e-07,0.0,0.9999984235957156,0.0017756142835586672,-15190823.344280496,1471521.3443260167,641378.6838545775,-13077923.316099903,196036460118094.8,1529.268881,196036460118094.8,1529.268881,196036460716138.9,1529.2688763346932,196036459520050.72,1529.268885665307,196036460121553.4,1529.2688809730198,196036460114636.22,1529.2688810269804
0.0007000000000000015,0.0,0.0005202653555922352,-1.1996594585789066e-06,0.0,-0.9167957477893146,-0.005450818375200804,0.0,-6.638019789532299e-23,-3.4502899943515035e-24,71591796.18438834,0.0,0.00010420546940563579,1.9185828870873474e-07,0.0,0.9999983050807798,0.001841150609644078,-15209628.382561337,1458465.0450304921,630796.5766170986,-13120366.760913745,196036460118094.8,1529.268881,196036460118094.8,1529.268881,196036460717594.22,1529.2688763233405,196036459518595.44,1529.2688856766595,196036460121659.12,1529.2688809721951,196036460114530.47,1529.2688810278053
0.0007050000000000015,0.0,0.0005156698777546579,-1.2277564134007324e-06,0.0,-0.9190955675154818,-0.00561939096436517,0.0,-6.860676240594286e-23,-3.658321046730867e-24,71558866.85474335,0.0,0.00010327049641101167,1.9720223575551797e-07,0.0,0.999998176776306,0.0019095664595905023,-15228354.329551732,1445379.300935771,620261.626143246,-13162713.402472716,196036460118094.8,1529.268881,196036460118094.8,1529.268881,196036460719098.06,1529.2688763116091,196036459517091.56,1529.268885688391,196036460121769.38,1529.2688809713352,196036460114420.25,1529.268881028665
0.0007100000000000015,0.0,0.0005110625151087692,-1.2567322685660595e-06,0.0,-0.9214725291777304,-0.005795171033065405,0.0,-7.091600957851e-23,-3.8770432727628794e-24,71525355.63430296,0.0,0.00010233333873650034,2.0272467814475632e-07,0.0,0.9999980377800909,0.0019810189216669127,-15247000.821448823,1432262.991897978,609773.9904671803,-13204963.839083664,196036460118094.8,1529.268881,196036460118094.8,1529.268881,196036460720652.38,1529.268876299484,196036459515537.25,1529.2688857005162,196036460121884.3,1529.2688809704384,196036460114305.3,1529.2688810295617
0.0007150000000000016,0.0,0.0005064428676217005,-1.2866249135137513e-06,0.0,-0.9239294974137533,-0.005978528989538328,0.0,-7.33089231608965e-23,-4.1070848645426886e-24,71491269.43021205,0.0,0.00010139391349959626,2.0843338705645114e-07,0.0,0.9999978870976408,0.002055675133378552,-15265567.496667126,1419114.958866717,599333.8261029571,-13247118.71169745,196036460118094.8,1529.268881,196036460118094.8,1529.268881,196036460722258.97,1529.2688762869511,196036459513930.62,1529.2688857130493,196036460122004.22,1529.268880969503,196036460114185.4,1529.2688810304971
0.0007200000000000016,0.0,0.0005018105207669788,-1.3174741985461106e-06,0.0,-0.926469370944341,-0.0061698570064718785,0.0,-7.578653029403058e-23,-4.349114442036738e-24,71456615.2739309,0.0,0.0001004521348181975,2.1433654580432723e-07,0.0,0.9999977236311471,0.0021337133181211602,-15284053.994142385,1405934.0008991843,588941.2901208171,-13289178.703122383,196036460118094.8,1529.268881,196036460118094.8,1529.268881,196036460723919.8,1529.268876273995,196036459512269.78,1529.2688857260055,196036460122129.3,1529.2688809685271,196036460114060.3,1529.268881031473
0.0007250000000000016,0.0,0.0004971650453465949,-1.349322050654491e-06,0.0,-0.929095084076785,-0.006369570421676077,0.0,-7.834990133255729e-23,-4.6038437979356905e-24,71421400.32392798,0.0,9.950791397155411e-05,2.2044280091164997e-07,0.0,0.9999975461670002,0.002215323899211146,-15302459.950178739,1392718.8774228697,578596.5411184715,-13331144.5316374,196036460118094.8,1529.268881,196036460118094.8,1529.268881,196036460725636.8,1529.2688762606008,196036459510552.8,1529.2688857393994,196036460122259.9,1529.2688809675085,196036460113929.72,1529.2688810324917
0.0007300000000000016,0.0,0.0004925059973055845,-1.3822125968237542e-06,0.0,-0.9318096082020672,-0.006578109233852639,0.0,-8.100015004732985e-23,-4.8720308694456904e-24,71385631.87371103,0.0,9.856115920429182e-05,2.267612700818998e-07,0.0,0.9999973533626543,0.0023007102570398704,-15320784.995585805,1379468.3055025425,568299.7404704228,-13373016.949612841,196036460118094.8,1529.268881,196036460118094.8,1529.268881,196036460727411.88,1529.2688762467535,196036459508777.75,1529.2688857532466,196036460122396.28,1529.2688809664446,196036460113793.34,1529.2688810335555
0.0007350000000000016,0.0,0.0004878329175390892,-1.416192295330383e-06,0.0,-0.934615953299066,-0.006795939701325774,0.0,-8.37384337108991e-23,-5.154482976959191e-24,71349317.34882551,0.0,9.76117758449222e-05,2.3330152457761527e-07,0.0,0.9999971437325584,0.002390089271367384,-15339028.754452363,1366180.9615089362,558051.0543268191,-13414796.738616608,196036460118094.8,1529.268881,196036460118094.8,1529.268881,196036460729246.97,1529.2688762324383,196036459506942.7,1529.2688857675619,196036460122538.72,1529.2688809653334,196036460113650.88,1529.268881034667
0.0007400000000000016,0.0,0.0004831453316918806,-1.4513100755952856e-06,0.0,-0.9375171694417228,-0.007023556052980535,0.0,-8.65659534057274e-23,-5.4520602123457906e-24,71312464.31647603,0.0,9.665966604254403e-05,2.400736632251673e-07,0.0,0.9999969156301228,0.002483692863614135,-15357190.84154036,1352855.4774477317,547850.6543083028,-13456484.709784327,196036460118094.8,1529.268881,196036460118094.8,1529.268881,196036460731144.1,1529.2688762176388,196036459505045.53,1529.2688857823614,196036460122687.6,1529.268880964172,196036460113502.06,1529.2688810358277
0.0007450000000000016,0.0,0.00047844274995029613,-1.4876174871782479e-06,0.0,-0.9405163483168884,-0.007261482316592468,0.0,-8.948395357791352e-23,-5.765679051452006e-24,71275080.49811478,0.0,9.570472898960737e-05,2.4708836163770454e-07,0.0,0.9999966672278988,0.002581769372915081,-15375270.85631981,1339490.444092328,537698.720139089,-13498081.692088393,196036460118094.8,1529.268881,196036460118094.8,1529.268881,196036460733105.28,1529.2688762023397,196036459503084.38,1529.2688857976602,196036460122843.16,1529.2688809629585,196036460113346.47,1529.2688810370416
0.0007500000000000016,0.0,0.0004737246668266626,-1.5251688585398305e-06,0.0,-0.9436166247267063,-0.00751027427231655,0.0,-9.249372272609692e-23,-6.096316386108113e-24,71237173.76599643,0.0,9.474686064471781e-05,2.543568422038173e-07,0.0,0.9999963964973286,0.0026845842057188775,-15393268.384667175,1326084.407117957,527595.439531722,-13539588.538017495,196036460118094.8,1529.268881,196036460118094.8,1529.268881,196036460735132.56,1529.268876186525,196036459501057.06,1529.2688858134752,196036460123005.8,1529.2688809616898,196036460113183.78,1529.2688810383106
0.0007550000000000017,0.0,0.0004689905609360883,-1.5640214662691792e-06,0.0,-0.9468211781148652,-0.007770521545869731,0.0,-9.559659329981173e-23,-6.445013553039558e-24,71198752.15446812,0.0,9.37859538684279e-05,2.6189104528908075e-07,0.0,0.9999961011802004,0.0027924226754732695,-15411182.993957192,1312635.8690250763,517541.0114599454,-13581006.113472171,196036460118094.8,1529.268881,196036460118094.8,1529.268881,196036460737228.03,1529.2688761701784,196036459498961.56,1529.268885829822,196036460123176.03,1529.268880960362,196036460113013.6,1529.2688810396385
0.0007600000000000017,0.0,0.00046423989476564165,-1.6042357154756783e-06,0.0,-0.9501332340893288,-0.008042849841299831,0.0,-9.879394178679005e-23,-6.812881160210912e-24,71159823.8715683,0.0,9.282189826322403e-05,2.6970343121235825e-07,0.0,0.9999957787671787,0.00290558906656446,-15429014.22987647,1299143.286910958,507535.6471133197,-13622335.29585219,196036460118094.8,1529.268881,196036460118094.8,1529.268881,196036460739393.8,1529.2688761532831,196036459496795.8,1529.268885846717,196036460123354.1,1529.2688809589727,196036460112835.53,1529.2688810410275
0.0007650000000000017,0.0,0.0004594721144359012,-1.6458753321805223e-06,0.0,-0.9535560659480913,-0.008327923340968773,0.0,-1.0208718864142132e-22,-7.201103601165532e-24,71120397.31707676,0.0,9.185458019098056e-05,2.7780725622688436e-07,0.0,0.9999954264591548,0.003024410814207057,-15446761.611328682,1285605.072745226,497579.5711608066,-13663576.96742265,196036460118094.8,1529.268881,196036460118094.8,1529.268881,196036460741632.0,1529.2688761358233,196036459494557.6,1529.2688858641773,196036460123540.5,1529.2688809575186,196036460112649.12,1529.2688810424816
0.0007700000000000017,0.0,0.0004546866494548889,-1.6890075684902243e-06,0.0,-0.9570929962024531,-0.008626447261940407,0.0,-1.0547779930500718e-22,-7.610944418326328e-24,71080481.07392143,0.0,9.088388264282103e-05,2.862165249698554e-07,0.0,0.9999950411332496,0.0031492394177864117,-15464424.632621115,1272019.591570331,487673.02497494227,-13704732.016075844,196036460118094.8,1529.268881,196036460118094.8,1529.268881,196036460743944.88,1529.2688761177806,196036459492244.78,1529.2688858822194,196036460123735.72,1529.2688809559959,196036460112453.9,1529.2688810440045
0.0007750000000000017,0.0,0.00044988291246421066,-1.7337034214811552e-06,0.0,-0.9607473981356456,-0.008939170598186176,0.0,-1.0896728325805314e-22,-8.04375186924296e-24,71040083.94534145,0.0,8.9909685351988e-05,2.949459996751852e-07,0.0,0.9999946193026603,0.0032804520614809147,-15482002.753514158,1258385.1631078522,477816.2659762023,-13745801.324430102,196036460118094.8,1529.268881,196036460118094.8,1529.268881,196036460746334.47,1529.2688760991396,196036459489855.12,1529.2688859008608,196036460123940.22,1529.2688809544004,196036460112249.44,1529.2688810455995
0.0007800000000000017,0.0,0.0004450602989775676,-1.780037866759355e-06,0.0,-0.9645226973286204,-0.009266889055639925,0.0,-1.1255719554109699e-22,-8.500964886781983e-24,70999214.95136832,0.0,8.893186451416832e-05,3.040113037009836e-07,0.0,0.9999941570675404,0.0034184544431207263,-15499495.400724852,1244700.0578782056,468009.5728691558,-13786785.769977491,196036460118094.8,1529.268881,196036460118094.8,1529.268881,196036460748803.2,1529.2688760798812,196036459487386.44,1529.268885920119,196036460124154.5,1529.2688809527288,196036460112035.12,1529.2688810472714
0.0007850000000000017,0.0,0.00044021818711137493,-1.8280901077281073e-06,0.0,-0.9684223732385308,-0.009610448193750499,0.0,-1.1624913635343397e-22,-8.984119500170114e-24,70957883.35445689,0.0,8.795029292839914e-05,3.134289463717292e-07,0.0,0.9999936500618863,0.0035636829131709597,-15516901.961724695,1230962.4992072864,458253.24458448665,-13827686.21793292,196036460118094.8,1529.268881,196036460118094.8,1529.268881,196036460751353.22,1529.2688760599885,196036459484836.4,1529.2688859400116,196036460124379.16,1529.2688809509764,196036460111810.47,1529.268881049024
0.0007900000000000017,0.0,0.0004353559373075584,-1.8779438416756017e-06,0.0,-0.9724499607633091,-0.00997074678949889,0.0,-1.2004475206230873e-22,-9.494855688607328e-24,70916098.67173506,0.0,8.696483984730677e-05,3.2321640617336376e-07,0.0,0.9999930933905875,0.003716607475059937,-15534221.782400003,1217170.6611719974,448547.60407964134,-13868503.517148364,196036460118094.8,1529.268881,196036460118094.8,1529.268881,196036460753986.9,1529.2688760394433,196036459482202.72,1529.2688859605569,196036460124614.75,1529.2688809491385,196036460111574.88,1529.2688810508619
0.0007950000000000018,0.0,0.00043047289204835233,-1.929687543869936e-06,0.0,-0.9766090518412103,-0.010348740438866851,0.0,-1.239457356119208e-22,-1.0034924758290695e-23,70873870.69981879,0.0,8.5975370964832e-05,3.3339218116284936e-07,0.0,0.9999924815587495,0.003877734644607629,-15551454.161772702,1203322.6684735487,438892.9998906913,-13909238.493408462,196036460118094.8,1529.268881,196036460118094.8,1529.268881,196036460756706.53,1529.2688760182275,196036459479483.06,1529.2688859817729,196036460124861.94,1529.2688809472102,196036460111327.7,1529.26888105279
0.0008000000000000018,0.0,0.0004255683755630297,-1.9834147709393917e-06,0.0,-0.9809032970645237,-0.010745445413891136,0.0,-1.2795382753413865e-22,-1.0606197357888598e-23,70831209.5336348,0.0,8.49817483324845e-05,3.4397581560464775e-07,0.0,0.9999918083919723,0.004047610276783524,-15568598.348613944,1189416.5953146415,429289.80881687696,-13949891.944482425,196036460118094.8,1529.268881,196036460118094.8,1529.268881,196036460759514.56,1529.2688759963225,196036459476675.06,1529.2688860036778,196036460125121.3,1529.2688809451868,196036460111068.28,1529.2688810548136
0.0008050000000000018,0.0,0.0004206416935263882,-2.0392244849265077e-06,0.0,-0.9853364073283053,-0.01116194279742324,0.0,-1.3207081735831742e-22,-1.1210671773388115e-23,70788125.5900507,0.0,8.398383018520033e-05,3.549880600852066e-07,0.0,0.9999910669385343,0.004226824237144664,-15585653.537997413,1175450.4630252658,419738.43733907735,-13990464.63763307,196036460118094.8,1529.268881,196036460118094.8,1529.268881,196036460762413.44,1529.2688759737084,196036459473776.2,1529.2688860262917,196036460125393.7,1529.268880943062,196036460110795.94,1529.2688810569382
0.0008100000000000018,0.0,0.00041569213274874847,-2.097221399452877e-06,0.0,-0.9899121555279515,-0.011599382905273842,0.0,-1.3629854418458697e-22,-1.185048330958641e-23,70744629.63875718,0.0,8.298147118053516e-05,3.664508147289053e-07,0.0,0.9999902493677938,0.0044160128326062534,-15602618.864405582,1161422.2434688602,410239.32475102594,-14030957.296185696,196036460118094.8,1529.268881,196036460118094.8,1529.268881,196036460765405.56,1529.2688759503671,196036459470784.06,1529.268886049633,196036460125679.72,1529.2688809408307,196036460110509.9,1529.2688810591694
0.0008150000000000018,0.0,0.00041071896085736526,-2.157516349619827e-06,0.0,-0.9946343782766377,-0.012058990033390015,0.0,-1.4063889951937827e-22,-1.2527913656881328e-23,70700732.82394984,0.0,8.197452202889656e-05,3.783873917160727e-07,0.0,0.9999893468365157,0.004615865409498158,-15619493.400373872,1147329.8539525284,400792.9453600177,-14071370.601061327,196036460118094.8,1529.268881,196036460118094.8,1529.268881,196036460768493.44,1529.2688759262787,196036459467696.2,1529.2688860737214,196036460125980.28,1529.2688809384858,196036460110209.34,1529.268881061514
0.0008200000000000018,0.0,0.00040572142596876027,-2.2202266872676064e-06,0.0,-0.9995069777209954,-0.012542067529555856,0.0,-1.4509382861034096e-22,-1.3245401965483486e-23,70656446.7054327,0.0,8.096282956527958e-05,3.908223478856716e-07,0.0,0.9999883493585313,0.004827126184362241,-15636276.148613147,1133171.1583002475,391399.8112548972,-14111705.179058002,196036460118094.8,1529.268881,196036460118094.8,1529.268881,196036460771679.66,1529.2688759014231,196036459464509.97,1529.268886098577,196036460126296.16,1529.268880936022,196036460109893.47,1529.2688810639784
0.0008250000000000018,0.0,0.0004006987563517451,-2.285476703511467e-06,0.0,-1.0045339234030404,-0.013050003248772188,0.0,-1.4966533402843594e-22,-1.4005555449063656e-23,70611783.28069498,0.0,7.994623668367762e-05,4.0378184214958516e-07,0.0,0.9999872456240052,0.005050602866546042,-15652966.040857011,1118943.9660478705,382060.4745377286,-14151961.600271411,196036460118094.8,1529.268881,196036460118094.8,1529.268881,196036460774966.84,1529.2688758757802,196036459461222.8,1529.2688861242198,196036460126628.28,1529.268880933431,196036460109561.3,1529.2688810665693
0.0008300000000000019,0.0,0.00039565016008051405,-2.3533980803915274e-06,0.0,-1.0097192542462052,-0.013584275376012025,0.0,-1.543554783116313e-22,-1.481116173845161e-23,70566755.04490885,0.0,7.892458220301283e-05,4.1729358173226376e-07,0.0,0.999986022814603,0.005287170834419414,-15669561.927607171,1104646.0306670116,372775.5301728021,-14192140.366767358,196036460118094.8,1529.268881,196036460118094.8,1529.268881,196036460778357.56,1529.2688758493293,196036459457832.06,1529.268886150671,196036460126977.66,1529.2688809307056,196036460109211.94,1529.2688810692948
0.0008350000000000019,0.0,0.00039057482467734923,-2.4241303737764494e-06,0.0,-1.015067080632967,-0.014146458676984434,0.0,-1.5916638899807515e-22,-1.5665201950412217e-23,70521375.00563867,0.0,7.789770093749136e-05,4.313869136762772e-07,0.0,0.9999846663810041,0.005537779597627177,-15686062.579040525,1090275.0506732396,363545.6197559329,-14232241.908611353,196036460118094.8,1529.268881,196036460118094.8,1529.268881,196036460781854.53,1529.2688758220497,196036459454335.1,1529.2688861779504,196036460127345.3,1529.2688809278375,196036460108844.34,1529.2688810721625
0.0008400000000000019,0.0,0.00038547191674406496,-2.4978215297848566e-06,0.0,-1.020581586656854,-0.01473823120168143,0.0,-1.6410026298128367e-22,-1.6570864325128542e-23,70475656.76837996,0.0,7.686542338688301e-05,4.460929699213862e-07,0.0,0.9999831597806231,0.005803460619382137,-15702466.671562683,1075828.6654358404,354371.4331485955,-14272266.572978247,196036460118094.8,1529.268881,196036460118094.8,1529.268881,196036460785460.5,1529.2688757939197,196036459450729.12,1529.2688862060804,196036460127732.22,1529.2688809248193,196036460108457.38,1529.268881075181
0.0008450000000000019,0.0,0.00038034058158143823,-2.574628437086914e-06,0.0,-1.026267032525345,-0.015361381460411463,0.0,-1.6915937425491652e-22,-1.7531558854996086e-23,70429614.55064507,0.0,7.582757588197219e-05,4.6144489534971026e-07,0.0,0.9999814841655263,0.006085336975965686,-15718772.79089205,1061304.457385528,345253.7120768188,-14312214.621429704,196036460118094.8,1529.268881,196036460118094.8,1529.268881,196036460789178.25,1529.2688757649178,196036459447011.38,1529.2688862350824,196036460128139.75,1529.2688809216402,196036460108049.9,1529.2688810783598
0.0008500000000000019,0.0,0.00037517994279528277,-2.6547175176202374e-06,0.0,-1.0321277572310927,-0.016017816106664633,0.0,-1.7434608046051293e-22,-1.8550933799458308e-23,70383263.27508007,0.0,7.478398038050716e-05,4.774777371290651e-07,0.0,0.9999796180455381,0.006384629472383966,-15734979.417883446,1046699.9493258335,336193.2538939033,-14352086.214663709,196036460118094.8,1529.268881,196036460118094.8,1529.268881,196036460793010.62,1529.2688757350215,196036459443179.0,1529.2688862649786,196036460128568.97,1529.2688809182919,196036460107620.66,1529.2688810817083
0.0008550000000000019,0.0,0.00036998910188803277,-2.7382653585810058e-06,0.0,-1.038168181450004,-0.016709568192153697,0.0,-1.7966283396019117e-22,-1.9632892048843353e-23,70336618.61051078,0.0,7.373445444641429e-05,4.942288297192529e-07,0.0,0.9999775368540481,0.0067026701627538945,-15751084.928875513,1032012.6043764168,327190.9140278148,-14391881.410471283,196036460118094.8,1529.268881,196036460118094.8,1529.268881,196036460796960.53,1529.2688757042085,196036459439229.12,1529.2688862957914,196036460129021.34,1529.2688809147628,196036460107168.3,1529.2688810852371
0.0008600000000000019,0.0,0.00036476713783391805,-2.825459388525003e-06,0.0,-1.044392810822943,-0.01743880598879941,0.0,-1.8511219244846783e-22,-2.0781610050046837e-23,70289697.07036191,0.0,7.267881113036825e-05,5.117377012143947e-07,0.0,0.9999752124812836,0.007040910666365151,-15767087.583203264,1017239.8245258242,318247.6098136895,-14431600.148863751,196036460118094.8,1529.268881,196036460118094.8,1529.268881,196036460801030.84,1529.2688756724563,196036459435158.78,1529.268886327544,196036460129498.2,1529.2688809110432,196036460106691.47,1529.268881088957
0.0008650000000000019,0.0,0.00035951310663589255,-2.9164986008570944e-06,0.0,-1.0508062396050986,-0.018207842466418277,0.0,-1.9069683513156715e-22,-2.2001556630895714e-23,70242516.07369922,0.0,7.161685885807122e-05,5.300464780937916e-07,0.0,0.9999726126802915,0.007400938410212067,-15782985.522354271,1002378.949372746,309364.32433330844,-14471242.248648217,196036460118094.8,1529.268881,196036460118094.8,1529.268881,196036460805224.66,1529.2688756397406,196036459430965.0,1529.2688863602593,196036460130001.03,1529.2688809071203,196036460106188.56,1529.26888109288
0.000870000000000002,0.0,0.0003542260408615131,-3.011594327970107e-06,0.0,-1.057413154875897,-0.019019145422602496,0.0,-1.9641957900967854e-22,-2.3297514522325708e-23,70195094.06213947,0.0,7.054840139414621e-05,5.491998394860913e-07,0.0,0.9999697004126139,0.007784488210999082,-15798776.757621937,987427.2559255039,300542.10897606134,-14510807.392720371,196036460118094.8,1529.268881,196036460118094.8,1529.268881,196036460809544.94,1529.2688756060386,196036459426644.7,1529.268886393962,196036460130531.56,1529.2688809029817,196036460105658.06,1529.2688810970185
0.000875000000000002,0.0,0.0003489049491549479,-3.1109710697614114e-06,0.0,-1.0642183413130368,-0.019875348358260905,0.0,-2.022834019174607e-22,-2.4674602451666448e-23,70147450.58982089,0.0,6.947323767991754e-05,5.692453119287418e-07,0.0,0.9999664330420533,0.008193460145299085,-15814459.166789087,972381.9567174668,291782.0894417131,-14550295.120629905,196036460118094.8,1529.268881,196036460118094.8,1529.268881,196036460813994.88,1529.2688755713248,196036459422194.72,1529.2688864286756,196036460131091.44,1529.2688808986143,196036460105098.16,1529.2688811013863
0.000880000000000002,0.0,0.000343548815721124,-3.21486738035445e-06,0.0,-1.0712266867647873,-0.020779262118607707,0.0,-2.0829146826323564e-22,-2.6138299292358476e-23,70099606.45705087,0.0,6.839116173047464e-05,5.90233387636359e-07,0.0,0.9999627614014568,0.008629936869594011,-15830030.484625243,957240.1987914995,283085.4667915998,-14589704.819042142,196036460118094.8,1529.268881,196036460118094.8,1529.268881,196036460818577.72,1529.2688755355744,196036459417611.94,1529.2688864644258,196036460131682.5,1529.2688808940034,196036460104507.12,1529.2688811059968
0.000885000000000002,0.0,0.00033815659977755373,-3.3235368172086823e-06,0.0,-1.078443188714051,-0.02173388737084642,0.0,-2.1444716154295643e-22,-2.769446912307718e-23,70051583.85881758,0.0,6.730196258366834e-05,6.122178635238507e-07,0.0,0.9999586286597889,0.009096206288030175,-15845488.29299413,941999.0635032842,274453.52373504394,-14629035.7057558,196036460118094.8,1529.268881,196036460118094.8,1529.268881,196036460823296.66,1529.268875498762,196036459412893.0,1529.268886501238,196036460132306.75,1529.2688808891335,196036460103882.88,1529.2688811108667
0.000890000000000002,0.0,0.00033272723496820917,-3.437248956958965e-06,0.0,-1.0858729618689122,-0.022742427950056543,0.0,-2.207541239115746e-22,-2.934938960415884e-23,70003406.52213356,0.0,6.620542416057067e-05,6.352558243371624e-07,0.0,0.9999539690239849,0.009594781559754205,-15860830.017580999,926655.565121346,265887.62796068465,-14668286.824498968,196036460118094.8,1529.268881,196036460118094.8,1529.268881,196036460828155.03,1529.268875460862,196036459408034.62,1529.2688865391378,196036460132966.28,1529.2688808839887,196036460103223.38,1529.2688811160112
0.000895000000000002,0.0,0.0003272596287325883,-3.5562904829000387e-06,0.0,-1.0935212471241806,-0.023808305188214737,0.0,-2.2721630411909292e-22,-3.110978030311461e-23,69955099.92023401,0.0,6.510132504101651e-05,6.594080856911964e-07,0.0,0.9999487061297893,0.01012843074519605,-15876052.914149892,911206.6483860678,257389.23613585514,-14707457.02962797,196036460118094.8,1529.268881,196036460118094.8,1529.268881,196036460833156.28,1529.2688754218477,196036459403033.34,1529.2688865781527,196036460133663.25,1529.2688808785515,196036460102526.4,1529.2688811214482
0.000900000000000002,0.0,0.0003217526616216696,-3.6809663490229717e-06,0.0,-1.1013934221837358,-0.02493517322458664,0.0,-2.338380166569932e-22,-3.298283434295535e-23,69906691.46580474,0.0,6.39894384438205e-05,6.847393588047174e-07,0.0,0.999942751159556,0.01070020576710564,-15891154.06392005,895649.1890092203,248959.89956857933,-14746544.975342251,196036460118094.8,1529.268881,196036460118094.8,1529.268881,196036460838303.94,1529.2688753816913,196036459397885.7,1529.2688866183091,196036460134400.1,1529.2688808728035,196036460101789.53,1529.2688811271967
0.000905000000000002,0.0,0.0003162051865505092,-3.8116010260860316e-06,0.0,-1.1094950142320694,-0.026126935412611955,0.0,-2.406240130717069e-22,-3.4976251707476174e-23,69858210.77477318,0.0,6.286953193344618e-05,7.113185074506272e-07,0.0,0.999936000574731,0.011313476681008574,-15906130.362443367,879979.9904844104,240601.26689041668,-14785549.105068538,196036460118094.8,1529.268881,196036460118094.8,1529.268881,196036460843601.62,1529.2688753403643,196036459392587.97,1529.2688866596363,196036460135179.4,1529.2688808667242,196036460101010.22,1529.268881133276
0.0009100000000000021,0.0,0.0003106160279751264,-3.948539835489483e-06,0.0,-1.1178317150765664,-0.02738776188069017,0.0,-2.4757956956210853e-22,-3.709827473459551e-23,69809689.9551359,0.0,6.174136743155337e-05,7.39218850938531e-07,0.0,0.9999283333845695,0.011971971214354183,-15920978.510560516,864195.7853238141,232315.0906424713,-14824467.634594232,196036460118094.8,1529.268881,196036460118094.8,1529.268881,196036460849053.06,1529.268875297838,196036459387136.56,1529.2688867021623,196036460136003.88,1529.2688808602925,196036460100185.75,1529.2688811397077
0.0009150000000000021,0.0,0.00030498398097850285,-4.0921503771028555e-06,0.0,-1.126409399324703,-0.028722108322674546,0.0,-2.5471059362979876e-22,-3.935772612842479e-23,69761163.967121,0.0,6.060470080089099e-05,7.685184190472003e-07,0.0,0.9999196078637194,0.01267981899183676,-15935695.002281912,848293.2304832329,224103.23031020557,-14863298.541488472,196036460118094.8,1529.268881,196036460118094.8,1529.268881,196036460854662.1,1529.268875254082,196036459381527.53,1529.268886745918,196036460136876.4,1529.268880853486,196036460099313.22,1529.2688811465143
0.0009200000000000021,0.0,0.0002993078102472215,-4.242824057629549e-06,0.0,-1.1352341462562703,-0.03013473610533884,0.0,-2.620237565129409e-22,-4.176404900313681e-23,69712671.00919817,0.0,5.9459281866435155e-05,7.993003799732319e-07,0.0,0.9999096575491679,0.013441604811394794,-15950276.119268812,832268.9091516569,215967.65854701653,-14902039.551570138,196036460118094.8,1529.268881,196036460118094.8,1529.268881,196036460860432.66,1529.2688752090664,196036459375757.0,1529.2688867909337,196036460137800.16,1529.26888084628,196036460098389.47,1529.2688811537205
0.0009250000000000021,0.0,0.0002935862489158019,-4.4009777264456035e-06,0.0,-1.14431226628392,-0.03163073376321075,0.0,-2.695266528879875e-22,-4.432735053931024e-23,69664253.01973386,0.0,5.8304853915309105e-05,8.316532019621809e-07,0.0,0.9998982864424019,0.014262425093530274,-15964717.916726656,816119.3254576824,207910.46562634813,-14940688.125642627,196036460118094.8,1529.268881,196036460118094.8,1529.268881,196036460866368.9,1529.268875162758,196036459369820.75,1529.268886837242,196036460138778.38,1529.268880838649,196036460097411.25,1529.2688811613514
0.0009300000000000021,0.0,0.0002878179972510681,-4.567055426475256e-06,0.0,-1.1536503329467687,-0.03321554000593055,0.0,-2.772280000701717e-22,-4.705844646030454e-23,69615956.25991154,0.0,5.714115362686911e-05,8.656712883382488e-07,0.0,0.9998852630572235,0.015147960951459741,-15979016.213104922,799840.9055926309,199933.86403465437,-14979241.443477634,196036460118094.8,1529.268881,196036460118094.8,1529.268881,196036460872475.12,1529.2688751151238,196036459363714.5,1529.2688868848766,196036460139814.7,1529.2688808305645,196036460096374.94,1529.2688811694356
0.0009350000000000021,0.0,0.00028200172114204044,-4.741530267807986e-06,0.0,-1.1632552218055314,-0.034894968266545846,0.0,-2.8513788084205157e-22,-4.9968910963451036e-23,69567831.99089089,0.0,5.5967910644463836e-05,9.01455079589152e-07,0.0,0.9998703132800154,0.01610455281352948,-15993166.58123411,783429.9941901709,192040.19502335056,-15017696.392020589,196036460118094.8,1529.268881,196036460118094.8,1529.268881,196036460878755.8,1529.2688750661284,196036459357433.8,1529.2688869338717,196036460140912.9,1529.2688808219975,196036460095276.72,1529.2688811780026
0.0009400000000000021,0.0,0.00027613605035328677,-4.92490643270664e-06,0.0,-1.1731341577507381,-0.03667523297973094,0.0,-2.9326804448417703e-22,-5.307112733706318e-23,69519937.3361125,0.0,5.478484717929144e-05,9.391116417610827e-07,0.0,0.9998531114829106,0.01713929572481445,-16007164.333461562,766882.8516973495,184231.93174491386,-15056049.550019298,196036460118094.8,1529.268881,196036460118094.8,1529.268881,196036460885215.72,1529.2688750157351,196036459350973.88,1529.2688869842652,196036460142077.03,1529.2688808129162,196036460094112.62,1529.2688811870837
0.0009450000000000022,0.0,0.00027021957648958424,-5.1177213207751e-06,0.0,-1.1832947727405092,-0.038562977613691846,0.0,-3.016322797095311e-22,-5.637834280125722e-23,69472336.28177488,0.0,5.3591677649028616e-05,9.787550897348819e-07,0.0,0.999833269619776,0.01826014680740941,-16021004.512658423,750195.6527466917,176511.68650943527,-15094297.173402295,196036460118094.8,1529.268881,196036460118094.8,1529.268881,196036460891859.84,1529.2688749639046,196036459344329.78,1529.2688870360955,196036460143311.4,1529.268880803287,196036460092878.22,1529.2688811967132
0.0009500000000000022,0.0,0.00026425085060728887,-5.320547843785578e-06,0.0,-1.19374517645908,-0.04056530460209576,0.0,-3.102468856318595e-22,-5.990472892816785e-23,69425100.61674753,0.0,5.2388110705518016e-05,1.0205070583231655e-06,0.0,0.9998103237389299,0.01947605055076892,-16034681.93295103,733364.5186304332,168882.2327792592,-15132435.181541337,196036460118094.8,1529.268881,196036460118094.8,1529.268881,196036460898693.44,1529.2688749105962,196036459337496.2,1529.268887089404,196036460144620.75,1529.2688807930729,196036460091568.88,1529.2688812069273
0.0009550000000000022,0.0,0.000258228380390826,-5.533996880632227e-06,0.0,-1.2044940432925784,-0.042689807369329674,0.0,-3.191312252949974e-22,-6.366543769536264e-23,69378312.1391251,0.0,5.1173842789972305e-05,1.0644971645858455e-06,0.0,0.999783717167969,0.020797088397140007,-16048191.045300046,716385.4320163454,161346.46991485934,-15170459.14336884,196036460118094.8,1529.268881,196036460118094.8,1529.268881,196036460905722.2,1529.2688748557653,196036459330467.44,1529.268887144235,196036460146010.0,1529.2688807822356,196036460090179.62,1529.2688812177648
0.0009600000000000022,0.0,0.00025215062679841366,-5.758719902121203e-06,0.0,-1.2155507184824703,-0.04494460429779528,0.0,-3.283084494812442e-22,-6.767666763524786e-23,69332064.27438805,0.0,4.994855954392064e-05,1.1108635502679938e-06,0.0,0.9997527795294257,0.02223465365566333,-16061525.970007598,699254.2626056799,153907.442635422,-15208364.264766498,196036460118094.8,1529.268881,196036460118094.8,1529.268881,196036460912952.25,1529.268874799364,196036459323237.4,1529.2688872006358,196036460147484.4,1529.2688807707336,196036460088705.22,1529.2688812292665
0.0009650000000000022,0.0,0.0002460160000516327,-5.99541177705634e-06,0.0,-1.2269253493561985,-0.04733837498702743,0.0,-3.3780640584915825e-22,-7.195573453018325e-23,69286464.05415696,0.0,4.871193783576015e-05,1.1597535548071322e-06,0.0,0.9997167003540812,0.023801660302344846,-16074680.54250283,681966.8026602248,146568.36741093185,-15246145.372431673,196036460118094.8,1529.268881,196036460118094.8,1529.268881,196036460920390.2,1529.268874741341,196036459315799.44,1529.268887258659,196036460149049.75,1529.2688807585225,196036460087139.9,1529.2688812414774
0.0009700000000000022,0.0,0.00023982285481135288,-6.244813771866978e-06,0.0,-1.2386290480559619,-0.049880398962127745,0.0,-3.4765875846764934e-22,-7.652114263624791e-23,69241635.18642874,0.0,4.7463642978773525e-05,1.2113241717840083e-06,0.0,0.9996744958371653,0.02551278841502109,-16087648.265003828,664518.7366830179,139332.62500178124,-15283796.90331903,196036460118094.8,1529.268881,196036460118094.8,1529.268881,196036460928043.3,1529.2688746816395,196036459308146.28,1529.268887318361,196036460150711.97,1529.2688807455556,196036460085477.66,1529.2688812544448
0.0009750000000000022,0.0,0.00023356948434607755,-6.507716756116123e-06,0.0,-1.2506740930550673,-0.052580596849829055,0.0,-3.5790641085005978e-22,-8.139266009012852e-23,69197721.64776263,0.0,4.620332742960224e-05,1.2657428045695025e-06,0.0,0.9996249664972081,0.027384783282972388,-16100422.295277072,646905.6337817073,132203.7649819326,-15321312.896513432,196036460118094.8,1529.268881,196036460118094.8,1529.268881,196036460935919.7,1529.2688746201964,196036459300269.97,1529.2688873798036,196036460152477.62,1529.2688807317818,196036460083711.97,1529.2688812682186
0.0009800000000000021,0.0,0.00022725411344619274,-6.784964626951722e-06,0.0,-1.2630741799769631,-0.055449574167119736,0.0,-3.6859930214488565e-22,-8.659139815016409e-23,69154892.24982263,0.0,4.493062922766228e-05,1.323187954427755e-06,0.0,0.9995666431137231,0.029436813250805213,-16112995.425062584,629122.9387380253,125185.50938397174,-15358686.976940585,196036460118094.8,1529.268881,196036460118094.8,1529.268881,196036460944028.2,1529.2688745569424,196036459292161.47,1529.2688874430576,196036460154353.7,1529.2688807171467,196036460081835.94,1529.2688812828535
0.0009850000000000021,0.0,0.0002208748897729657,-7.077457966228057e-06,0.0,-1.2758447346454058,-0.05849866785526698,0.0,-3.797986912654252e-22,-9.213989569264354e-23,69113346.32032928,0.0,4.364517019118648e-05,1.3838498718031564e-06,0.0,0.9994977172382425,0.03169090146306722,-16125360.072739234,611165.962606218,118281.75899595387,-15395912.351137063,196036460118094.8,1529.268881,196036460118094.8,1529.268881,196036460952378.94,1529.268874491799,196036459283810.7,1529.2688875082013,196036460156347.53,1529.268880701593,196036460079842.1,1529.2688812984075
0.0009900000000000022,0.0,0.00021442987324661085,-7.3861579449346225e-06,0.0,-1.2890033052709726,-0.06173999574131322,0.0,-3.9158006946425016e-22,-9.806220682820163e-23,69073320.98638731,0.0,4.234655351660712e-05,1.4479313674659832e-06,0.0,0.9994159510947752,0.03417245524286807,-16137508.26817174,593029.8687632859,111496.5962745759,-15432981.803133879,196036460118094.8,1529.268881,196036460118094.8,1529.268881,196036460960983.4,1529.268874424676,196036459275206.22,1529.2688875753245,196036460158467.03,1529.2688806850588,196036460077722.56,1529.2688813149416
0.0009950000000000022,0.0,0.00020791702296887518,-7.71209049011035e-06,0.0,-1.3025700555471307,-0.06518650903514529,0.0,-4.0403688967451373e-22,-1.0438399260434935e-22,69035100.48861113,0.0,4.103436106143031e-05,1.5156486882520755e-06,0.0,0.9993185599505005,0.036910916250590085,-16149431.63638777,574709.6593423686,104834.28985000907,-15469887.68719539,196036460118094.8,1529.268881,196036460118094.8,1529.268881,196036460969854.8,1529.2688743554706,196036459266334.8,1529.2688876445295,196036460160720.72,1529.268880667478,196036460075468.9,1529.2688813325224
0.0010000000000000022,0.0,0.00020133418103410666,-8.056350730128875e-06,0.0,-1.3165683869537044,-0.06885204800370516,0.0,-4.1728535990916327e-22,-1.111326176410687e-22,68999028.14451838,0.0,3.970814969455833e-05,1.5872323619154935e-06,0.0,0.9992020573704152,0.03994056267417084,-16161121.382713778,556200.1547558078,98299.29746498006,-15506621.930492992,196036460118094.8,1529.268881,196036460118094.8,1529.268881,196036460979008.44,1529.2688742840635,196036459257181.22,1529.2688877159364,196036460163117.66,1529.2688806487795,196036460073071.97,1529.2688813512207
0.0010050000000000022,0.0,0.00019467905239844028,-8.420107735095145e-06,0.0,-1.3310257271332744,-0.07275140099325406,0.0,-4.314706246901903e-22,-1.183372519418267e-22,68965521.80780858,0.0,3.836744709261982e-05,1.6629280021423474e-06,0.0,0.9990620498933698,0.043301506473309055,-16172568.276843285,537495.9734068011,91896.2698236234,-15543176.033612862,196036460118094.8,1529.268881,196036460118094.8,1529.268881,196036460988462.16,1529.2688742103157,196036459247727.44,1529.2688877896849,196036460165667.47,1529.2688806288886,196036460070522.16,1529.2688813711115
0.0010100000000000022,0.0,0.0001879491797362881,-8.804609569990137e-06,0.0,-1.345974532430435,-0.07690036697899848,0.0,-4.467747840492703e-22,-1.2602897662641672e-22,68935093.98108172,0.0,3.701174604215733e-05,1.7429974581445078e-06,0.0,0.9988929614929474,0.047040955345838756,-16183762.64110743,518591.5011300004,85630.05464917085,-15579541.085328259,196036460118094.8,1529.268881,196036460118094.8,1529.268881,196036460998237.3,1529.2688741340603,196036459237952.3,1529.26888786594,196036460168380.5,1529.2688806077244,196036460067809.1,1529.268881392276
0.0010150000000000022,0.0,0.0001811419118949945,-9.211188678879909e-06,0.0,-1.3614535682587237,-0.08131582177795438,0.0,-4.634272974702665e-22,-1.3424089611760098e-22,68908378.13799949,0.0,3.564049777987505e-05,1.8277197129738357e-06,0.0,0.9986876607848582,0.0512148044618756,-16194694.328247773,499480.8608594745,79505.69791782819,-15615707.769470468,196036460118094.8,1529.268881,196036460118094.8,1529.268881,196036461008359.16,1529.2688740551005,196036459227830.44,1529.2688879449,196036460171267.8,1529.2688805852006,196036460064921.8,1529.2688814147994
0.0010200000000000022,0.0,0.00017425436414537286,-9.641267619623153e-06,0.0,-1.3775095499243275,-0.08601578814864894,0.0,-4.8171854837287345e-22,-1.4300825636489215e-22,68886163.30322978,0.0,3.425310313477218e-05,1.917392031363209e-06,0.0,0.9984369501437228,0.055889682300951996,-16205352.704175958,480157.87018686585,73528.4495228083,-15651666.384466283,196036460118094.8,1529.268881,196036460118094.8,1529.268881,196036461018858.3,1529.2688739731973,196036459217331.34,1529.268888026803,196036460174341.16,1529.2688805612256,196036460061848.47,1529.2688814387745
0.0010250000000000023,0.0,0.00016728336787833677,-1.0096365169557271e-05,0.0,-1.3941992534072183,-0.09101950998682388,0.0,-5.02017531025558e-22,-1.5236857161186769e-22,68869439.6970437,0.0,3.2848901725698967e-05,2.012331045559016e-06,0.0,0.9981288574328602,0.061145596405407815,-16215726.630989201,460615.9967299147,67703.76658643605,-15687406.86767285,196036460118094.8,1529.268881,196036460118094.8,1529.268881,196036461029771.8,1529.2688738880615,196036459206417.8,1529.2688881119386,196036460177613.16,1529.268880535701,196036460058576.5,1529.268881464299
0.0010300000000000023,0.0,0.00016022540668370622,-1.0578102824122974e-05,0.0,-1.411592238926107,-0.09634753091314083,0.0,-5.247949157087699e-22,-1.6236175970237429e-22,68859459.32383111,0.0,3.14271578261638e-05,2.1128739851339927e-06,0.0,0.9977476401823857,0.06707940451793391,-16225804.438777639,440848.30139371246,62037.320086752516,-15722918.817297172,196036460118094.8,1529.268881,196036460118094.8,1529.268881,196036461041145.2,1529.2688737993385,196036459195044.44,1529.2688882006619,196036460181097.16,1529.2688805085224,196036460055092.47,1529.2688814914777
0.0010350000000000023,0.0,0.0001530765348155912,-1.1088211711866618e-05,0.0,-1.4297743736230015,-0.10202177754872858,0.0,-5.506530300334316e-22,-1.7303029048661463e-22,68857816.47894934,0.0,2.9987042600850564e-05,2.2193799442682985e-06,0.0,0.9972723646069063,0.07380942210415943,-16235573.90073853,420847.37888907443,56535.00532862707,-15758191.516520828,196036460118094.8,1529.268881,196036460118094.8,1529.268881,196036461053034.62,1529.2688737065898,196036459183155.0,1529.2688882934106,196036460184807.6,1529.2688804795778,196036460051382.03,1529.2688815204226
0.0010400000000000023,0.0,0.00014583227285066286,-1.1628539951528785e-05,0.0,-1.4488523929856683,-0.10806564793243335,0.0,-5.803645321028227e-22,-1.8441934984683136e-22,68866554.9059476,0.0,2.8527611209516938e-05,2.332231165979994e-06,0.0,0.9966748440201126,0.08148162552062896,-16245022.195889555,400605.29448022105,51202.95699071395,-15793213.94441862,196036460118094.8,1529.268881,196036460118094.8,1529.268881,196036461065509.9,1529.2688736092707,196036459170679.75,1529.2688883907292,196036460188759.7,1529.2688804487475,196036460047429.9,1529.268881551253
0.0010450000000000023,0.0,0.00013848747383992738,-1.220106047963344e-05,0.0,-1.4689598021470969,-0.11450410562093073,0.0,-6.149215748163412e-22,-1.965770233655693e-22,68888310.05562118,0.0,2.7047773518618834e-05,2.451834430363737e-06,0.0,0.9959165919239032,0.09027813650423624,-16254135.858778253,380113.5296312411,46047.57498659229,-15827974.754160421,196036460118094.8,1529.268881,196036460118094.8,1529.268881,196036461078658.28,1529.268873506701,196036459157531.34,1529.2688884932993,196036460192969.84,1529.2688804159043,196036460043219.75,1529.268881584096
0.0010500000000000023,0.0,0.00013103615143722803,-1.2807879380394639e-05,0.0,-1.4902644805398688,-0.12136378015223995,0.0,-6.555966276543546e-22,-2.0955450503588683e-22,68926496.41123246,0.0,2.5546256387811642e-05,2.578622455056808e-06,0.0,0.9949442254344331,0.1004290210779532,-16262900.71941715,359362.9546167445,41075.56912846682,-15862462.195671936,196036460118094.8,1529.268881,196036460118094.8,1529.268881,196036461092589.53,1529.2688733980242,196036459143600.1,1529.268888601976,196036460197455.47,1529.2688803809124,196036460038734.16,1529.268881619088
0.0010550000000000023,0.0,0.00012347125946826542,-1.3451244754095879e-05,0.0,-1.5129783937925196,-0.12867307474024792,0.0,-7.040139711286312e-22,-2.234063267168517e-22,68985550.1811118,0.0,2.402155519302946e-05,2.7130553798706884e-06,0.0,0.9936823687127235,0.11222900743333222,-16271301.804100618,338343.8691133075,36294.0292766201,-15896663.905710688,196036460118094.8,1529.268881,196036460118094.8,1529.268881,196036461107442.38,1529.268873282158,196036459128747.28,1529.268888717842,196036460202235.06,1529.268880343627,196036460033954.56,1529.2688816563732
0.0010600000000000023,0.0,0.00011578441055509093,-1.4133556163690817e-05,0.0,-1.5373697826348989,-0.13646228191898765,0.0,-7.622253748012219e-22,-2.3819058976829253e-22,69071233.0416766,0.0,2.247187258476116e-05,2.855622343012898e-06,0.0,0.9920224091114759,0.12606165087235524,-16279323.200404035,317046.2024246203,31710.547373489815,-15930566.450605925,196036460118094.8,1529.268881,196036460118094.8,1529.268881,196036461123392.06,1529.2688731577355,196036459112797.56,1529.2688888422647,196036460207328.5,1529.2688803038932,196036460028861.12,1529.268881696107
0.0010650000000000024,0.0,0.00010796552068630515,-1.4857374699751688e-05,0.0,-1.5637779737571573,-0.14476370721217421,0.0,-8.327709501437305e-22,-2.5396911883878077e-22,69190986.46661176,0.0,2.0895040612080467e-05,3.006842809143421e-06,0.0,0.9898041550575462,0.142435018976435,-16286947.855357846,295460.01905903814,27333.42223402061,-15964154.414064787,196036460118094.8,1529.268881,196036460118094.8,1529.268881,196036461140660.56,1529.2688730230248,196036459095529.06,1529.2688889769754,196036460212756.84,1529.268880261547,196036460023432.78,1529.268881738453
0.0010700000000000024,0.0,0.00010000236919136847,-1.5625433690406213e-05,0.0,-1.5926302989873367,-0.15361179813090522,0.0,-9.186802026124674e-22,-2.708072687339699e-22,69354281.51022016,0.0,1.928842562881679e-05,3.167268359060581e-06,0.0,0.9867849045135783,0.1620356510899016,-16294157.264500672,273576.66949430987,23172.009974363693,-15997408.585032,196036460118094.8,1529.268881,196036460118094.8,1529.268881,196036461159527.3,1529.2688728758465,196036459076662.3,1529.2688891241537,196036460218542.7,1529.268880216412,196036460017646.94,1529.268881783588
0.0010750000000000024,0.0,9.188007393677178e-05,-1.6440650022806657e-05,0.0,-1.6244590509193382,-0.16304326648008896,0.0,-1.0233179682971639e-21,-2.8877257678864387e-22,69572796.2791833,0.0,1.764881591351324e-05,3.3374837700148417e-06,0.0,0.9825853068551221,0.18581204146240202,-16300931.004712757,251391.20640546537,19237.338346578443,-16030302.459960712,196036460118094.8,1529.268881,196036460118094.8,1529.268881,196036461180340.38,1529.268872713485,196036459055849.28,1529.268889286515,196036460224710.0,1529.2688801683014,196036460011479.62,1529.268881831699
0.0010800000000000024,0.0,8.358050843259386e-05,-1.730613584268027e-05,0.0,-1.6599131008355852,-0.173097163974723,0.0,-1.1498959165993663e-21,-3.0792972838404874e-22,69859992.06619301,0.0,1.5972300375862833e-05,3.518108244912633e-06,0.0,0.9765905204719809,0.21510684629798635,-16307246.02319721,228907.3507406178,15543.207820345138,-16062795.464636248,196036460118094.8,1529.268881,196036460118094.8,1529.268881,196036461203524.0,1529.268872532631,196036459032665.62,1529.2688894673693,196036460231284.28,1529.268880117016,196036460004905.3,1529.2688818829847
0.0010850000000000024,0.0,7.508174547225555e-05,-1.8225209759833386e-05,0.0,-1.6997525920676628,-0.18381478343062274,0.0,-1.300369606860668e-21,-3.2832377288941406e-22,70229072.82746924,0.0,1.4254159981849472e-05,3.7097958269604663e-06,0.0,0.9677610649680004,0.25187004810418,-16313075.568129536,206147.58799155182,12108.23576233294,-16094819.74437565,196036460118094.8,1529.268881,196036460118094.8,1529.268881,196036461229575.38,1529.2688723294057,196036459006614.28,1529.2688896705943,196036460238292.66,1529.268880062344,196036459997897.0,1529.2688819376563
0.0010900000000000024,0.0,6.635771836929729e-05,-1.9201404652092285e-05,0.0,-1.7448054205916514,-0.1952389784517796,0.0,-1.4734853002834717e-21,-3.4992461159977233e-22,70687084.11801967,0.0,1.248882017483279e-05,3.913233844072241e-06,0.0,0.9542517782740925,0.29900425358300875,-16318387.620776793,183173.738322923,8959.812395561668,-16126254.070058309,196036460118094.8,1529.268881,196036460118094.8,1529.268881,196036461259035.72,1529.2688720995873,196036458977153.9,1529.268889900413,196036460245762.97,1529.2688800040685,196036459990426.62,1529.2688819959321
0.0010950000000000024,0.0,5.7378438143626664e-05,-2.0238462451278726e-05,0.0,-1.795856045134126,-0.20741155983728835,0.0,-1.6626157920094173e-21,-3.7243795422978465e-22,71220657.48809779,0.0,1.0669927478839473e-05,4.129137325716911e-06,0.0,0.93260214414447,0.3609061384032382,-16323143.101410676,160128.94138496852,6142.208730964359,-16156871.951294743,196036460118094.8,1529.268881,196036460118094.8,1529.268881,196036461292418.06,1529.2688718391737,196036458943771.53,1529.268890160827,196036460253722.75,1529.2688799419745,196036459982466.9,1529.2688820580254
0.0011000000000000025,0.0,4.811114155790164e-05,-2.1340283163051335e-05,0.0,-1.8534593171450056,-0.22036414235452179,0.0,-1.857780823254035e-21,-3.9464097866868475e-22,71766291.08463794,0.0,8.790707556323484e-06,4.358224442733125e-06,0.0,0.8959357342166473,0.44418370090951925,-16327292.377339296,137325.6768615897,3733.0966267997633,-16186233.603850905,196036460118094.8,1529.268881,196036460118094.8,1529.268881,196036461330085.28,1529.268871545334,196036458906104.34,1529.2688904546665,196036460262192.5,1529.2688798759025,196036459973997.1,1529.268882124098
0.0011050000000000025,0.0,3.852202000632217e-05,-2.2510713036382257e-05,0.0,-1.9178243103158945,-0.23408597466618453,0.0,-2.0651754102090112e-21,-4.121696266599997e-22,72162237.65388578,0.0,6.844327542343543e-06,4.60116896195648e-06,0.0,0.8299015906476888,0.5579098043953303,-16330773.227883823,115427.41307665373,1877.9153653578917,-16213467.899441812,196036460118094.8,1529.268881,196036460118094.8,1529.268881,196036461372174.0,1529.2688712170022,196036458864015.6,1529.2688907829981,196036460271165.3,1529.2688798059062,196036459965024.3,1529.2688821940942
0.0011100000000000025,0.0,2.857514634666042e-05,-2.3752788574001348e-05,0.0,-1.9893747319323496,-0.24841510752381787,0.0,-2.3441489896008967e-21,-4.135111847231485e-22,72101492.41161822,0.0,4.823435988046544e-06,4.858379673259645e-06,0.0,0.7045500969776993,0.7096542544427636,-16333510.083631603,95818.5103658429,838.0308614593446,-16236853.542404301,196036460118094.8,1529.268881,196036460118094.8,1529.268881,196036461418961.38,1529.2688708520168,196036458817228.25,1529.2688911479836,196036460280535.25,1529.268879732812,196036459955654.38,1529.2688822671885
0.0011150000000000025,0.0,1.8222193746419105e-05,-2.5066742175162842e-05,0.0,-2.0705905200482637,-0.26279072023229916,0.0,-2.704081041630505e-21,-3.931869510088171e-22,70830723.74642155,0.0,2.7172880377909885e-06,5.129489020822278e-06,0.0,0.46811325270096765,0.883668480056701,-16335414.075631464,81243.66652136332,902.3649023960734,-16253268.044207705,196036460118094.8,1529.268881,196036460118094.8,1529.268881,196036461472068.94,1529.2688704377279,196036458764120.7,1529.2688915622725,196036460289935.56,1529.2688796594805,196036459946254.06,1529.2688823405197
0.0011200000000000025,0.0,7.4008108674293475e-06,-2.6449053055423682e-05,0.0,-2.1642765757979516,-0.27646217605216794,0.0,-2.9254313857342378e-21,-1.7624030680217103e-22,65983364.15136919,0.0,5.121942718582202e-07,5.41324229263538e-06,0.0,0.09419803545685147,0.9955534792847995,-16336376.68982439,76102.27613653241,1634.8016573598572,-16258639.612030495,196036460118094.8,1529.268881,196036460118094.8,1529.268881,196036461533330.97,1529.2688699598264,196036458702858.7,1529.2688920401738,196036460298875.44,1529.2688795897411,196036459937314.2,1529.268882410259
0.0011250000000000025,0.0,-3.927347000320591e-06,-2.786213936148335e-05,0.0,-2.265631573549988,-0.28261726121193403,0.0,-2.917524087718535e-21,-3.634233925117382e-22,68578587.88970293,0.0,-1.7972972078278058e-06,5.698796092096162e-06,0.0,-0.30077790444145064,0.9536942131521033,-16336269.972496314,83633.20590924681,1631.7663488845267,-16251005.000238182,196036460118094.8,1529.268881,196036460118094.8,1529.268881,196036461599607.72,1529.2688694428052,196036458636581.9,1529.2688925571952,196036460302900.28,1529.2688795583435,196036459933289.34,1529.2688824416566
0.0011300000000000025,0.0,-1.5760910068811558e-05,-2.9338426979868924e-05,0.0,-2.3667126136981937,-0.29525752367711505,0.0,-2.7079664572402435e-21,-4.670053226411649e-22,70913249.37135899,0.0,-4.20737704984066e-06,5.998548004797038e-06,0.0,-0.5742309198395701,0.8186933801492481,-16334932.683064612,102548.57609703719,1068.3118962820652,-16231315.79507129,196036460118094.8,1529.268881,196036460118094.8,1529.268881,196036461665705.34,1529.2688689271815,196036458570484.28,1529.2688930728189,196036460311165.84,1529.2688794938642,196036459925023.78,1529.2688825061357
0.0011350000000000025,0.0,-2.8063576489930444e-05,-3.0895859497202565e-05,0.0,-2.4605332842237777,-0.31148650346672746,0.0,-2.4625438530539847e-21,-5.2755576773195725e-22,71274242.03768457,0.0,-6.707641028310264e-06,6.314400408172019e-06,0.0,-0.7281281236979774,0.6854410517907887,-16332207.433558352,128933.79957114947,1072.7074166517657,-16202200.926570551,196036460118094.8,1529.268881,196036460118094.8,1529.268881,196036461727055.34,1529.2688684485938,196036458509134.28,1529.2688935514066,196036460321778.1,1529.2688794110788,196036459914411.53,1529.2688825889213
0.0011400000000000026,0.0,-4.079283149539915e-05,-3.254492611903526e-05,0.0,-2.545851001093741,-0.32981332436653965,0.0,-2.2806537977107487e-21,-5.762186741024088e-22,71156383.09410992,0.0,-9.289002599602513e-06,6.647345432645016e-06,0.0,-0.8132220430710783,0.5819535279240959,-16327950.407352591,159869.16877081248,2077.799289030433,-16166003.439292748,196036460118094.8,1529.268881,196036460118094.8,1529.268881,196036461782845.22,1529.2688680133804,196036458453344.4,1529.26889398662,196036460333762.16,1529.2688793175919,196036459902427.47,1529.2688826824085
0.0011450000000000026,0.0,-5.3917166114881994e-05,-3.429405676238684e-05,0.0,-2.6248669238965685,-0.3498261286703163,0.0,-2.137440475870498e-21,-6.176608268272331e-22,70873836.86374035,0.0,-1.1946106627913471e-05,6.998388949179499e-06,0.0,-0.862839774970511,0.5054775195088681,-16322027.630167892,193776.45406646197,4139.054824618175,-16124112.121276813,196036460118094.8,1529.268881,196036460118094.8,1529.268881,196036461834514.3,1529.2688676103128,196036458401675.3,1529.2688943896876,196036460346848.66,1529.268879215505,196036459889340.97,1529.2688827844954
0.0011500000000000026,0.0,-6.741177138176987e-05,-3.615043048692821e-05,0.0,-2.6989210533775756,-0.3712747449082737,0.0,-2.0109771751985427e-21,-6.566375305486613e-22,70555958.87532969,0.0,-1.467454390156854e-05,7.368294141417167e-06,0.0,-0.8936702215161878,0.4487243420800878,-16314312.1294063,229822.26450012502,7253.516496967672,-16077236.348409206,196036460118094.8,1529.268881,196036460118094.8,1529.268881,196036461882938.84,1529.2688672325557,196036458353250.78,1529.2688947674446,196036460360874.1,1529.2688791060932,196036459875315.56,1529.2688828939067
0.0011550000000000026,0.0,-8.125473994999097e-05,-3.812079926048423e-05,0.0,-2.768593713644221,-0.39407375471120465,0.0,-1.8960897051137063e-21,-6.9513607592584e-22,70260530.16825683,0.0,-1.747014897649357e-05,7.757740952113383e-06,0.0,-0.913942939366265,0.4058427079331988,-16304683.769648274,267536.0439514668,11428.38333647194,-16025719.342360336,196036460118094.8,1529.268881,196036460118094.8,1529.268881,196036461928498.28,1529.2688668771495,196036458307691.3,1529.2688951228513,196036460375782.5,1529.2688789897936,196036459860407.12,1529.2688830102065
0.0011600000000000026,0.0,-9.542616976453734e-05,-4.0211832219099574e-05,0.0,-2.8342859629092723,-0.4182065917230691,0.0,-1.7925909412273452e-21,-7.338225169762955e-22,70008237.59786811,0.0,-2.0329046583998033e-05,8.167345768303273e-06,0.0,-0.9279132974702529,0.37279607344751114,-16293028.402040023,306629.8193399548,16683.852234982947,-15969714.730465086,196036460118094.8,1529.268881,196036460118094.8,1529.268881,196036461971454.94,1529.2688665420471,196036458264734.7,1529.2688954579535,196036460391563.12,1529.2688788666899,196036459844626.5,1529.2688831333103
0.0011650000000000026,0.0,-0.00010990813164574643,-4.243023104814759e-05,0.0,-2.8963923762418196,-0.4436797658096038,0.0,-1.70033559169844e-21,-7.728205392148988e-22,69802713.08091228,0.0,-2.3247723220294476e-05,8.597656683733454e-06,0.0,-0.9379143635503927,0.34686690047605007,-16279237.463486325,346914.1498295804,23047.731399739572,-15909275.582257004,196036460118094.8,1529.268881,196036460118094.8,1529.268881,196036462012066.78,1529.2688662252365,196036458224122.84,1529.268895774764,196036460408220.22,1529.268878736749,196036459827969.4,1529.2688832632514
0.0011700000000000026,0.0,-0.00012468464412027094,-4.478275140847817e-05,0.0,-2.9553024949049,-0.47050407206611594,0.0,-1.6184177485663375e-21,-8.120077358729919e-22,69640809.07260697,0.0,-2.6223044647183404e-05,9.049141803745232e-06,0.0,-0.9452983831510153,0.32620693863263595,-16263207.92950981,388256.71331631794,30551.37431149446,-15844399.841881996,196036460118094.8,1529.268881,196036460118094.8,1529.268881,196036462050588.53,1529.2688659247306,196036458185601.1,1529.2688960752698,196036460425760.8,1529.2688785999158,196036459810428.78,1529.2688834000846
0.0011750000000000026,0.0,-0.00013974151648986545,-4.727618173178819e-05,0.0,-3.0113744739189032,-0.4986860646620029,0.0,-1.54544369819522e-21,-8.511252676949127e-22,69517282.4602837,0.0,-2.9252194753565106e-05,9.522173555839157e-06,0.0,-0.950888624186894,0.3095332363284366,-16244841.504415538,430559.89932943624,39227.04957965159,-15775054.555506451,196036460118094.8,1529.268881,196036460118094.8,1529.268881,196036462087254.4,1529.2688656387022,196036458148935.22,1529.2688963612982,196036460444189.22,1529.2688784561567,196036459792000.4,1529.2688835438435
0.0011800000000000027,0.0,-0.00015506610739717772,-4.991729838167517e-05,0.0,-3.064918181462453,-0.5282233299773971,0.0,-1.479867610428558e-21,-8.898195713417874e-22,69426724.28509244,0.0,-3.233261531466751e-05,1.0017010257693243e-05,0.0,-0.9552082842325593,0.29593434024034826,-16224044.25763261,473748.1525281242,49106.46433402963,-15701189.640770456,196036460118094.8,1529.268881,196036460118094.8,1529.268881,196036462122267.0,1529.2688653655712,196036458113922.6,1529.2688966344297,196036460463503.9,1529.2688783054841,196036459772685.75,1529.2688836945158
0.0011850000000000027,0.0,-0.00017064705704026434,-5.2712804405556806e-05,0.0,-3.1161899286173265,-0.5591012047763261,0.0,-1.4201978052008615e-21,-9.276587080779498e-22,69364248.94345911,0.0,-3.546194551682231e-05,1.0533775535880697e-05,0.0,-0.9586025270001988,0.28474759916254444,-16200726.429932108,517760.3190558178,60219.89934502191,-15622746.21153127,196036460118094.8,1529.268881,196036460118094.8,1529.268881,196036462155794.0,1529.268865104029,196036458080395.66,1529.2688968959712,196036460483695.12,1529.2688781479735,196036459752494.5,1529.2688838520266
0.0011900000000000027,0.0,-0.00018647402876757334,-5.5669254709553144e-05,0.0,-3.1653943454618023,-0.591290060799267,0.0,-1.3650919071944168e-21,-9.641394621939866e-22,69325659.71222682,0.0,-3.863795960457911e-05,1.1072436351807697e-05,0.0,-0.9613066434994173,0.2754805567801188,-16174802.524553657,562544.6709481337,72595.7162857043,-15539662.13731982,196036460118094.8,1529.268881,196036460118094.8,1529.268881,196036462187969.12,1529.2688648530327,196036458048220.53,1529.2688971469677,196036460504743.7,1529.268877983775,196036459731445.97,1529.268884016225
0.0011950000000000027,0.0,-0.00020253747653711617,-5.8792968885997564e-05,0.0,-3.212689553908568,-0.6247428352888841,0.0,-1.3133851426073995e-21,-9.986914018775934e-22,69307413.32750212,0.0,-4.1858526232289635e-05,1.1632779496267873e-05,0.0,-0.9634857835529942,0.26775949075853994,-16146191.219627755,608055.7463585741,86259.9679402755,-15451875.505328907,196036460118094.8,1529.268881,196036460118094.8,1529.268881,196036462218895.78,1529.2688646117758,196036458017293.84,1529.268897388225,196036460526618.66,1529.2688778131296,196036459709570.94,1529.2688841868708
0.0012000000000000027,0.0,-0.00021882844314170273,-6.208993239704454e-05,0.0,-3.258193320917316,-0.6593927022093945,0.0,-1.2640857003940656e-21,-1.030680876308268e-21,69306522.03945161,0.0,-4.512158060264789e-05,1.2214387753694394e-05,0.0,-0.9652589691272724,0.2612950870555264,-16114815.263054406,654252.2626533629,101236.0741579662,-15359326.926243078,196036460118094.8,1529.268881,196036460118094.8,1529.268881,196036462248651.03,1529.2688643796566,196036457987538.6,1529.268897620344,196036460549276.47,1529.2688776363773,196036459686913.16,1529.2688843636229
0.0012050000000000027,0.0,-0.00023533838839666306,-6.556568680679435e-05,0.0,-3.3019890509920673,-0.6951508819499631,0.0,-1.216358185587274e-21,-1.0594173480056681e-21,69320446.11065902,0.0,-4.8425058995748524e-05,1.281661549048255e-05,0.0,-0.9667140297484851,0.2558593064311811,-16080602.376047276,701095.0672409295,117544.83083636152,-15261962.477969984,196036460118094.8,1529.268881,196036460118094.8,1529.268881,196036462277289.38,1529.2688641562506,196036457958900.25,1529.26889784375,196036460572659.03,1529.2688774539713,196036459663530.62,1529.2688845460284
0.0012100000000000027,0.0,-0.0002520590444236604,-6.922521015889298e-05,0.0,-3.344131205399468,-0.7319046704197245,0.0,-1.1695014813254354e-21,-1.0841616534450685e-21,69347002.22462875,0.0,-5.1766879796717554e-05,1.3438564977550714e-05,0.0,-0.9679172603503806,0.25126913283531993,-16043485.392539985,748546.0605358173,135204.22302272407,-15159735.108981444,196036460118094.8,1529.268881,196036460118094.8,1529.268881,196036462304846.44,1529.2688639412797,196036457931343.2,1529.2688980587209,196036460596692.56,1529.2688772664872,196036459639497.03,1529.2688847335132
0.0012150000000000028,0.0,-0.0002689822941956158,-7.30727889306005e-05,0.0,-3.3846499543910777,-0.7695157543415057,0.0,-1.1229279573891026e-21,-1.1041374740393767e-21,69384290.44093885,0.0,-5.514491708317792e-05,1.4079063773990661e-05,0.0,-0.9689197722333044,0.24737517049081872,-16003402.730111396,796567.2449471318,154229.34503346012,-15052606.140130803,196036460118094.8,1529.268881,196036460118094.8,1529.268881,196036462331341.94,1529.2688637345898,196036457904847.7,1529.2688982654108,196036460621286.75,1529.2688770746295,196036459614902.88,1529.2688849253707
0.0012200000000000028,0.0,-0.000286100069741021,-7.711188355045631e-05,0.0,-3.423555109081043,-0.8078189239711604,0.0,-1.0761460362836164e-21,-1.1185462872644958e-21,69430639.84942928,0.0,-5.8556978578117214e-05,1.4736657922277999e-05,0.0,-0.969761721219773,0.24405369093062962,-15960299.209931742,845120.0338556473,174632.28441275208,-14940546.891663343,196036460118094.8,1529.268881,196036460118094.8,1529.268881,196036462356782.3,1529.268863536131,196036457879407.34,1529.2688984638694,196036460646333.47,1529.2688768792414,196036459589856.16,1529.2688851207588
0.0012250000000000028,0.0,-0.0003034042669875474,-8.13449900695371e-05,0.0,-3.460839449305284,-0.8466213038161574,0.0,-1.0287426948762342e-21,-1.1265848892680391e-21,69484569.6367817,0.0,-6.200078790221984e-05,1.540955493969031e-05,0.0,-0.9704754132212116,0.24120006702552713,-15914125.826082442,894164.5460058273,196422.29778055096,-14823538.982296064,196036460118094.8,1529.268881,196036460118094.8,1529.268881,196036462381162.8,1529.26886334594,196036457855026.84,1529.2688986540602,196036460671706.62,1529.2688766813071,196036459564483.0,1529.2688853186933
0.0012300000000000028,0.0,-0.0003208866742136944,-8.577350102176449e-05,0.0,-3.496481445229395,-0.8857021904454775,0.0,-9.803735607429106e-22,-1.1274668566687405e-21,69544763.48948534,0.0,-6.547397043970014e-05,1.609564740105872e-05,0.0,-0.9710871991800363,0.23872505437987188,-15864841.180675285,943659.2974764477,219605.63384748466,-14701576.249351352,196036460118094.8,1529.268881,196036460118094.8,1529.268881,196036462404469.38,1529.268863164127,196036457831720.28,1529.2688988358734,196036460697261.9,1529.2688764819516,196036459538927.72,1529.2688855180486
0.0012350000000000028,0.0,-0.0003385389123928588,-9.039756919110797e-05,0.0,-3.5304476358328754,-0.9248136338686952,0.0,-9.3075256174874e-22,-1.1204458804342115e-21,69610052.37766805,0.0,-6.897404333118256e-05,1.6792494909933677e-05,0.0,-0.9716189756578388,0.23655140274708172,-15812411.985791102,993560.8539654133,244185.60349675603,-14574665.528328933,196036460118094.8,1529.268881,196036460118094.8,1529.268881,196036462426680.1,1529.2688629908625,196036457809509.53,1529.268899009138,196036460722837.12,1529.268876282441,196036459513352.47,1529.2688857175594
0.0012400000000000028,0.0,-0.00035635238563681354,-9.521597832783093e-05,0.0,-3.562694648790955,-0.9636818273445931,0.0,-8.796442967473133e-22,-1.104840757543098e-21,69679403.5640662,0.0,-7.249840934428813e-05,1.7497321118296337e-05,0.0,-0.9720892267819726,0.2346114557612792,-15756813.784741983,1043823.6258908737,270162.6232841702,-14442827.535566939,196036460118094.8,1529.268881,196036460118094.8,1529.268881,196036462447766.66,1529.2688628263675,196036457788422.97,1529.2688991736331,196036460748253.38,1529.2688760841702,196036459487936.28,1529.2688859158295
0.0012450000000000028,0.0,-0.0003743182404169653,-0.00010022602514310689,0.0,-3.5931709560303537,-1.0020093630551912,0.0,-8.268581600961162e-22,-1.0800609089142672e-21,69751912.77500881,0.0,-7.604435463439117e-05,1.8207018480152274e-05,0.0,-0.9725137695360253,0.2328453737200518,-15698031.718795037,1094399.7720954698,297534.2656469761,-14306097.681052592,196036460118094.8,1529.268881,196036460118094.8,1529.268881,196036462467695.3,1529.2688626709053,196036457768494.28,1529.2688993290956,196036460773316.0,1529.2688758886582,196036459462873.62,1529.268886111342
0.0012500000000000028,0.0,-0.00039242733254557527,-0.00010542341700249854,0.0,-3.621818425721994,-1.0394783718783296,0.0,-7.722438307410466e-22,-1.0456312370708217e-21,69826797.05612686,0.0,-7.960905088397895e-05,1.8918161437741854e-05,0.0,-0.9729062870692442,0.23119981959581493,-15636061.323306944,1145239.21557156,326295.3106859598,-14164526.797049424,196036460118094.8,1529.268881,196036460118094.8,1529.268881,196036462486428.12,1529.2688625247717,196036457749761.5,1529.2688994752289,196036460797817.25,1529.2688756975256,196036459438372.38,1529.2688863024748
0.0012550000000000029,0.0,-0.0004106702011355141,-0.00011080218962441426,0.0,-3.6485737179877664,-1.0757545243831443,0.0,-7.156877599921287e-22,-1.0012150656681331e-21,69903386.37909165,0.0,-8.318956136461195e-05,1.9627027770104887e-05,0.0,-0.9732787099102281,0.22962698629621528,-15570909.3045601,1196289.7604420702,356437.79516793974,-14018181.74895009,196036460118094.8,1529.268881,196036460118094.8,1529.268881,196036462503923.6,1529.2688623882905,196036457732266.03,1529.2688996117101,196036460821538.47,1529.2688755124775,196036459414651.12,1529.2688864875229
0.0012600000000000029,0.0,-0.0004290370489301249,-0.0001163546487573761,0.0,-3.6733695589221647,-1.1104918265923662,0.0,-6.571104295776031e-22,-9.466340435434076e-22,69981112.41686557,0.0,-8.678285139092418e-05,2.0329628644964363e-05,0.0,-0.9736414852313722,0.22808388421027845,-15502594.30615492,1247497.3157032793,387951.0519533873,-13867145.938498251,196036460118094.8,1529.268881,196036460118094.8,1529.268881,196036462520137.78,1529.2688622618045,196036457716051.84,1529.268899738196,196036460844253.47,1529.268875335279,196036459391936.16,1529.268886664721
0.0012650000000000029,0.0,-0.00044751772852820486,-0.0001220713392840948,0.0,-3.696135919615995,-1.1433381053437375,0.0,-5.964641481965728e-22,-8.818840274070078e-22,70059493.6582109,0.0,-9.03858028407275e-05,2.1021747458402502e-05,0.0,-0.9740037633078711,0.2265318279229317,-15431147.626091262,1298806.2192837573,420821.73064412334,-13711519.676163383,196036460118094.8,1529.268881,196036460118094.8,1529.268881,196036462535024.84,1529.2688621456714,196036457701164.75,1529.2688998543294,196036460865731.88,1529.2688751677274,196036459370457.75,1529.268886832273
0.001270000000000003,0.0,-0.0004661017341224002,-0.00012794104450372418,0.0,-3.7168011188390695,-1.173941043925877,0.0,-5.337312497403443e-22,-8.071463042758662e-22,70138116.3781102,0.0,-9.399523415586618e-05,2.1698987054737988e-05,0.0,-0.9743735242691016,0.2249360691472372,-15356613.904034764,1350159.6780908296,455033.8059699167,-13551420.419974018,196036460118094.8,1529.268881,196036460118094.8,1529.268881,196036462548538.0,1529.2688620402562,196036457687651.62,1529.2688999597444,196036460885743.38,1529.268875011619,196036459350446.25,1529.2688869883814
0.001275000000000003,0.0,-0.000484778198438891,-0.00013395081753636668,0.0,-3.735292863298168,-1.2019546065284983,0.0,-4.689225722081393e-22,-7.227938741925503e-22,70216611.37258504,0.0,-9.760792450969261e-05,2.2356819370232055e-05,0.0,-0.9747576726594428,0.22326549126890735,-15279051.82798071,1401500.2848977926,490568.5631456379,-13386982.97993728,196036460118094.8,1529.268881,196036460118094.8,1529.268881,196036462560629.88,1529.2688619459282,196036457675559.75,1529.2689000540724,196036460904061.62,1529.2688748687194,196036459332128.0,1529.268887131281
0.001280000000000003,0.0,-0.0005035358946148673,-0.00014008604593819063,0.0,-3.7515392351952497,-1.2270456803647911,0.0,-4.020755078435643e-22,-6.293913314242995e-22,70294631.14786269,0.0,-0.00010122062282732336,2.299065832434943e-05,0.0,-0.9751620551707554,0.2214925871336301,-15198533.995747436,1452770.4107838687,527404.4134609088,-13218359.171502655,196036460118094.8,1529.268881,196036460118094.8,1529.268881,196036462571253.53,1529.2688618630536,196036457664936.12,1529.2689001369467,196036460920468.84,1529.2688747407276,196036459315720.75,1529.268887259273
0.001285000000000003,0.0,-0.0005223632426760191,-0.00014633054950657966,0.0,-3.7654696122303632,-1.2489007136778039,0.0,-3.3325291304497484e-22,-5.27691312292995e-22,70371820.52567087,0.0,-0.00010483009552271319,2.3595923444785466e-05,0.0,-0.9755915124888859,0.219593262099838,-15115147.702263042,1503913.1012575729,565516.9447694796,-13045717.65623599,196036460118094.8,1529.268881,196036460118094.8,1529.268881,196036462580362.66,1529.268861791994,196036457655826.97,1529.2689002080067,196036460934760.03,1529.2688746292429,196036459301429.6,1529.2688873707573
0.001290000000000003,0.0,-0.0005412483204252047,-0.00015266671065996832,0.0,-3.7770155498371194,-1.2672322306777353,0.0,-2.625415136597408e-22,-4.186254409463602e-22,70447789.17980574,0.0,-0.00010843314868010429,2.4168101981155223e-05,0.0,-0.9760499129849713,0.21754670156550307,-15028995.094094412,1554872.6212937073,604878.740920668,-12869243.731880035,196036460118094.8,1529.268881,196036460118094.8,1529.268881,196036462587912.66,1529.2688617330969,196036457648277.0,1529.2689002669038,196036460946747.12,1529.2688745357323,196036459289442.47,1529.2688874642683
0.001295000000000003,0.0,-0.0005601788784660433,-0.00015907563582389262,0.0,-3.786111608167717,-1.2817850327848588,0.0,-1.9005021785095291e-22,-3.032906963145988e-22,70522086.2600731,0.0,-0.00011202665802042945,2.4702825967166958e-05,0.0,-0.9765401576695069,0.21533536741282086,-14940193.021716105,1605595.1498653668,645459.2221541661,-12689138.649696574,196036460118094.8,1529.268881,196036460118094.8,1529.268881,196036462593860.62,1529.268861686697,196036457642329.0,1529.2689003133037,196036460956263.3,1529.268874461497,196036459279926.28,1529.2688875385036
0.001300000000000003,0.0,-0.0005791423590691696,-0.00016553734546159105,0.0,-3.792696120625261,-1.2923419275396892,0.0,-1.1590833899069781e-22,-1.829319405528662e-22,70594177.56722312,0.0,-0.00011560759909665062,2.519594468849228e-05,0.0,-0.9770641966687748,0.2129449590575039,-14848872.787077816,1656029.455015443,687224.4649594845,-12505618.867102887,196036460118094.8,1529.268881,196036460118094.8,1529.268881,196036462598166.25,1529.268861653109,196036457638023.34,1529.2689003468918,196036460963166.56,1529.2688744076452,196036459273023.06,1529.2688875923552
0.001305000000000003,0.0,-0.0005981259185733003,-0.0001720309897225439,0.0,-3.7967119008261343,-1.2987288521905698,0.0,-4.026367962614821e-23,-5.8920842905813e-23,70663427.29223262,0.0,-0.00011917307608343162,2.564359526716072e-05,0.0,-0.9776230506387389,0.21036437640390981,-14755179.683490729,1706127.530996246,730137.005008952,-12318915.14748553,196036460118094.8,1529.268881,196036460118094.8,1529.268881,196036462600792.22,1529.268861632624,196036457635397.4,1529.2689003673765,196036460967343.0,1529.268874375065,196036459268846.62,1529.2688876249351
0.001310000000000003,0.0,-0.000617116452989196,-0.00017853508605791317,0.0,-3.798106883179129,-1.3008192670738525,0.0,3.6719534311601285e-23,6.726851958043808e-23,70729085.682238,0.0,-0.00012272034795776738,2.604226968562935e-05,0.0,-0.9782168399086617,0.20758567898367083,-14659272.311039677,1755845.171354283,774155.6314210722,-12129271.508264322,196036460118094.8,1529.268881,196036460118094.8,1529.268881,196036462601704.4,1529.2688616255082,196036457634485.22,1529.2689003744924,196036460968709.94,1529.2688743644017,196036459267479.7,1529.2688876355987
0.001315000000000003,0.0,-0.0006361006264486601,-0.00018502777457617397,0.0,-3.796834691892826,-1.2985377036521597,0.0,1.1486284593970457e-22,1.9408712823021026e-22,70790283.67329612,0.0,-0.00012624685151084713,2.6388876034268014e-05,0.0,-0.9788448245071494,0.20460403108337813,-14561321.680396214,1805142.4596881724,819235.187591505,-11936944.033116538,196036460118094.8,1529.268881,196036460118094.8,1529.268881,196036462600872.53,1529.2688616319974,196036457635317.1,1529.2689003680032,196036460967218.03,1529.26887437604,196036459268971.6,1529.2688876239604
0.001320000000000003,0.0,-0.000655064902118778,-0.00019148708638094868,0.0,-3.7928551340235894,-1.2918623609549402,0.0,1.939758819352337e-22,3.199413798883632e-22,70846035.38110751,0.0,-0.0001297502195347598,2.6680792763940606e-05,0.0,-0.9795054554301353,0.2014176327499736,-14461510.098273806,1853984.1487112257,865326.3854660148,-11742199.564096566,196036460118094.8,1529.268881,196036460118094.8,1529.268881,196036462598270.25,1529.2688616522978,196036457637919.38,1529.268900347703,196036460962852.97,1529.2688744100915,196036459273336.66,1529.2688875899087
0.001325000000000003,0.0,-0.0006739955751804509,-0.00019789121963224865,0.0,-3.786134612334594,-1.2808266502599956,0.0,2.7385875065458836e-22,4.432260818312075e-22,70895248.9352642,0.0,-0.00013322829410837488,2.6915914139205155e-05,0.0,-0.9801964385800535,0.19802762886774017,-14360029.862448653,1902339.9193420722,912375.6497157178,-11545314.293390865,196036460118094.8,1529.268881,196036460118094.8,1529.268881,196036462593875.66,1529.2688616865798,196036457642313.97,1529.268900313421,196036460955636.62,1529.2688744663858,196036459280553.0,1529.2688875336144
0.001330000000000003,0.0,-0.000692878807455797,-0.00020421881761538695,0.0,-3.776646455069198,-1.2655195966276602,0.0,3.5430450099369664e-22,5.6235976684194875e-22,70936745.91031027,0.0,-0.00013667913343040606,2.7092685664485375e-05,0.0,-0.9809148108680067,0.19443799479469728,-14257081.779294224,1950184.4944721155,960325.0015325543,-11346572.283289554,196036460118094.8,1529.268881,196036460118094.8,1529.268881,196036462587671.28,1529.2688617349797,196036457648518.34,1529.2689002650209,196036460945627.25,1529.2688745444684,196036459290562.38,1529.268887455532
0.001335000000000003,0.0,-0.000711700663258468,-0.00021044924269990103,0.0,-3.7643711605342216,-1.2460850169028184,0.0,4.351015918012074e-22,6.75821784435269e-22,70969289.13960715,0.0,-0.0001401010125519882,2.721012840638137e-05,0.0,-0.9816570280106167,0.19065539425194203,-14152873.537117403,1997497.6101598192,1009111.9976955929,-11146263.92926199,196036460118094.8,1529.268881,196036460118094.8,1529.268881,196036462579644.4,1529.2688617975969,196036457656545.22,1529.2689002024038,196036460932918.84,1529.2688746436058,196036459303270.78,1529.2688873563943
0.001340000000000003,0.0,-0.0007304471460391056,-0.00021656283976314097,0.0,-3.749296556127511,-1.2227194126479903,0.0,5.160363114634901e-22,7.821903430204586e-22,70991618.2536312,0.0,-0.00014349241732656382,2.7267851778056716e-05,0.0,-0.9824190620380586,0.18668901023965198,-14047617.966938028,2044263.8362391733,1058669.7348805864,-10944684.39581827,196036460118094.8,1529.268881,196036460118094.8,1529.268881,196036462569787.0,1529.268861874494,196036457666402.62,1529.2689001255067,196036460917639.9,1529.268874762796,196036459318549.72,1529.2688872372044
0.001345000000000003,0.0,-0.0007491042354067863,-0.0002225411824884465,0.0,-3.7314178735361487,-1.1956685450611073,0.0,5.968950441867784e-22,8.801802808201506e-22,71002491.6097809,0.0,-0.00014685203235985966,2.7266054105277058e-05,0.0,-0.9831965070989707,0.18255034491444727,-13941531.235767718,2090472.259354658,1108926.929878279,-10742132.04653478,196036460118094.8,1529.268881,196036460118094.8,1529.268881,196036462558096.0,1529.2688619656947,196036457678093.62,1529.268900034306,196036460899951.16,1529.2688749007848,196036459336238.47,1529.2688870992154
0.001350000000000003,0.0,-0.0007676579241338696,-0.0002283672959948243,0.0,-3.7107377454166617,-1.1652227012755543,0.0,6.774660441478357e-22,9.686787258680434e-22,71000732.36396205,0.0,-0.00015017872388204802,2.7205504478597776e-05,0.0,-0.9839846984863478,0.17825294708568243,-13834831.171860898,2136116.030557234,1159808.0983009175,-10538907.043002747,196036460118094.8,1529.268881,196036460118094.8,1529.268881,196036462544573.12,1529.268862071186,196036457691616.53,1529.2688999288146,196036460880042.38,1529.268875056092,196036459356147.25,1529.2688869439082
0.0013550000000000031,0.0,-0.0007860942548369081,-0.00023402584962071337,0.0,-3.687266140607701,-1.1317107251778136,0.0,7.575413282512663e-22,1.0467773002301485e-21,70985276.9440057,0.0,-0.00015347152272022439,2.708753654343896e-05,0.0,-0.9847788071030563,0.17381225814274806,-13727735.214060998,2181191.933170998,1211233.8420774054,-10335309.438812595,196036460118094.8,1529.268881,196036460118094.8,1529.268881,196036462529224.84,1529.268862190917,196036457706964.78,1529.2688998090837,196036460858128.62,1529.2688752270399,196036459378060.97,1529.2688867729605
0.0013600000000000031,0.0,-0.0008043993560057377,-0.00023950331428307403,0.0,-3.6610202337659272,-1.095492932472133,0.0,8.369180005977134e-22,1.1137984105711885e-21,70955221.7410759,0.0,-0.00015672957345232107,2.691400327047187e-05,0.0,-0.9855739619959649,0.16924528187094665,-13620458.385596646,2225699.380171969,1263121.0238844072,-10131637.981540272,196036460118094.8,1529.268881,196036460118094.8,1529.268881,196036462512062.47,1529.2688623247998,196036457724127.16,1529.268899675201,196036460834445.6,1529.2688754117898,196036459401744.06,1529.26888658821
0.0013650000000000031,0.0,-0.0008225594771513084,-0.0002447880798574626,0.0,-3.6320242291141445,-1.0569531148777196,0.0,9.153981230146733e-22,1.1693116228447921e-21,70909863.55465394,0.0,-0.00015995212951582034,2.668723167454242e-05,0.0,-0.9863653657195602,0.1645702442998679,-13513212.186633658,2269640.050336383,1315383.3944854548,-9928188.74181182,196036460118094.8,1529.268881,196036460118094.8,1529.268881,196036462493101.75,1529.2688624727111,196036457743087.84,1529.2688995272897,196036460809244.1,1529.2688756083853,196036459426945.5,1529.2688863916153
0.0013700000000000032,0.0,-0.0008405610230946837,-0.00024987052974249067,0.0,-3.6003091886750456,-1.0164899770056073,0.0,9.9278910818529e-22,1.2131411646690762e-21,70848732.95413749,0.0,-0.00016313851420140147,2.640997333388272e-05,0.0,-0.9871483909795673,0.15980630208615473,-13406202.850243641,2313017.055545693,1367932.0483658435,-9725253.746332103,196036460118094.8,1529.268881,196036460118094.8,1529.268881,196036462472363.1,1529.268862634492,196036457763826.56,1529.2688993655083,196036460782784.97,1529.2688758147913,196036459453404.66,1529.2688861852089
0.0013750000000000032,0.0,-0.0008583905873291065,-0.00025474307130902535,0.0,-3.5659128468845473,-0.9745083133069327,0.0,1.0689037401712398e-21,1.2453618159155458e-21,70771616.40628396,0.0,-0.000166288089909249,2.6085345927633925e-05,0.0,-0.987918671705799,0.15497321734754638,-13299629.975225687,2355834.2182261203,1420676.019576807,-9523119.737422759,196036460118094.8,1529.268881,196036460118094.8,1529.268881,196036462449871.03,1529.2688628099513,196036457786318.56,1529.2688991900495,196036460755332.84,1529.2688760289439,196036459480856.75,1529.2688859710568
0.0013800000000000032,0.0,-0.0008760349844515769,-0.0002594001229460082,0.0,-3.528879424494089,-0.9314103273965733,0.0,1.1435603646147737e-21,1.2662835865482047e-21,70678566.13843246,0.0,-0.00016940022937122308,2.5716770367557383e-05,0.0,-0.9886721811359959,0.15009103320249495,-13193685.36484262,2398095.3900534287,1473522.9379367738,-9322067.036852418,196036460118094.8,1529.268881,196036460118094.8,1529.268881,196036462425654.66,1529.268862998862,196036457810535.0,1529.2688990011384,196036460727150.75,1529.2688762487905,196036459509038.84,1529.2688857512098
0.0013850000000000032,0.0,-0.0008934812816309927,-0.0002638380603571632,0.0,-3.489259435883159,-0.8875874822310003,0.0,1.2165835374804542e-21,1.2764264557068138e-21,70569897.6160167,0.0,-0.00017247428926906485,2.5307905541008453e-05,0.0,-0.9894052949041646,0.14517975897349802,-13088552.038760042,2439803.827516521,1526379.7244726992,-9122368.486770822,196036460118094.8,1529.268881,196036460118094.8,1529.268881,196036462399746.84,1529.2688632009672,196036457836442.78,1529.2688987990334,196036460698494.72,1529.2688764723346,196036459537694.94,1529.2688855276654
0.0013900000000000032,0.0,-0.0009107168290004697,-0.00026805512648456415,0.0,-3.4471094738953996,-0.8434132254801879,0.0,1.2878052035473711e-21,1.2764873354272719e-21,70446175.73539126,0.0,-0.00017550958773465979,2.486258270800758e-05,0.0,-0.9901148380288554,0.14025907284412473,-12984403.46410387,2480961.652814664,1579153.312420373,-8924288.498868832,196036460118094.8,1529.268881,196036460118094.8,1529.268881,196036462372184.7,1529.268863415978,196036457864004.97,1529.2688985840225,196036460669608.84,1529.2688766976717,196036459566580.78,1529.2688853023285
0.0013950000000000032,0.0,-0.000927729288769692,-0.0002720513107819648,0.0,-3.402491953844474,-0.7992368594801345,0.0,1.3570664172508566e-21,1.2673021569427453e-21,70308191.78941162,0.0,-0.00017850538614951828,2.4384741598659478e-05,0.0,-0.9907981152729618,0.13534805049038123,-12881402.973322067,2521569.4118714724,1631751.3648924604,-8728082.196558135,196036460118094.8,1529.268881,196036460118094.8,1529.268881,196036462343008.97,1529.268863643576,196036457893180.7,1529.2688983564244,196036460640721.6,1529.2688769230192,196036459595468.03,1529.268885076981
0.0014000000000000032,0.0,-0.0009445066627591888,-0.00027582820440571435,0.0,-3.355474797899351,-0.7553787247499003,0.0,1.4242194653912078e-21,1.2498060090380907e-21,70156934.050464,0.0,-0.00018146087529779487,2.3878374547818034e-05,0.0,-0.9914529219991282,0.13046495107648967,-12779703.46995368,2561625.7420310164,1684082.9394922478,-8533994.788430417,196036460118094.8,1529.268881,196036460118094.8,1529.268881,196036462312264.12,1529.2688638834147,196036457923925.53,1529.2688981165857,196036460612042.44,1529.2688771467438,196036459624147.2,1529.2688848532564
0.0014050000000000033,0.0,-0.0009610373179888181,-0.0002793888382285246,0.0,-3.3061310459258615,-0.7121267645620577,0.0,1.489130254553819e-21,1.2249944786119763e-21,69993553.9086077,0.0,-0.0001843751662213843,2.334746291054534e-05,0.0,-0.9920775493792064,0.1256269716969578,-12679447.04253403,2601127.1229182836,1736059.1996623192,-8342260.719953426,196036460118094.8,1529.268881,196036460118094.8,1529.268881,196036462279997.84,1529.2688641351222,196036457956191.78,1529.2688978648785,196036460583759.66,1529.2688773673763,196036459652429.97,1529.2688846326241
0.0014100000000000033,0.0,-0.0009773100099068845,-0.0002827375103730979,0.0,-3.2545383836132875,-0.6697344289146595,0.0,1.5516806525824934e-21,1.1938880585692982e-21,69819330.40703414,0.0,-0.00018724728546588718,2.2795919704849358e-05,0.0,-0.9926707742857162,0.12085004707900218,-12580764.74416625,2640067.7328039394,1787594.061024346,-8153102.950337965,196036460118094.8,1529.268881,196036460118094.8,1529.268881,196036462246261.03,1529.268864398301,196036457989928.56,1529.2688976016998,196036460556039.03,1529.268877583623,196036459680150.62,1529.268884416377
0.0014150000000000033,0.0,-0.0009933139028542738,-0.0002858796094312653,0.0,-3.200778589477865,-0.6284198116334736,0.0,1.6117704657903564e-21,1.1575007250543655e-21,69635636.31525806,0.0,-0.00019007617389557528,2.222756294084182e-05,0.0,-0.9932318219767801,0.11614881752599189,-12483777.01502124,2678439.43451167,1838604.5995827448,-7966732.980926826,196036460118094.8,1529.268881,196036460118094.8,1529.268881,196036462211107.12,1529.2688646725344,196036458025082.5,1529.268897327466,196036460529023.06,1529.268877794373,196036459707166.53,1529.2688842056275
0.0014200000000000033,0.0,-0.0010090385874210912,-0.0002888214388120292,0.0,-3.144936913363496,-0.5883658761527883,0.0,1.6693187340948198e-21,1.1168144462170954e-21,69443904.5876356,0.0,-0.000192860688268264,2.1646071068432893e-05,0.0,-0.9937603374658405,0.1115365037993342,-12388593.71852738,2716231.787916906,1889011.556575468,-7783350.374035005,196036460118094.8,1529.268881,196036460118094.8,1529.268881,196036462174591.84,1529.2688649573881,196036458061597.78,1529.2688970426125,196036460502831.5,1529.2688779986918,196036459733358.1,1529.2688840013086
0.0014250000000000033,0.0,-0.0010244740944714461,-0.0002915700466343786,0.0,-3.0871014100709973,-0.5497215644698785,0.0,1.7242636257015627e-21,1.0727590152062402e-21,69245598.16511297,0.0,-0.00019559959221259225,2.1054952475363567e-05,0.0,-0.9942563442761373,0.10702486564649956,-12295314.710906921,2753431.9572273493,1938739.8005577775,-7603142.953121793,196036460118094.8,1529.268881,196036460118094.8,1529.268881,196036462136772.8,1529.268865252412,196036458099416.84,1529.2688967475883,196036460477561.72,1529.26887819582,196036459758627.9,1529.2688838041802
0.0014300000000000033,0.0,-0.0010396109058546268,-0.0002941330646584238,0.0,-3.027362276636139,-0.5126036048090482,0.0,1.776562172877016e-21,1.0261979144451095e-21,69042177.7853515,0.0,-0.0001982916117075728,2.045752188837849e-05,0.0,-0.9947202026420968,0.10262416116912239,-12204029.162128758,2790025.5392635297,1987718.2741126425,-7426285.348752586,196036460118094.8,1529.268881,196036460118094.8,1529.268881,196036462097708.94,1529.2688655571471,196036458138480.7,1529.2688964428535,196036460453290.03,1529.2688783851618,196036459782899.6,1529.2688836148384
0.0014350000000000033,0.0,-0.0010544399618484376,-0.0002965185587035958,0.0,-2.965811198762163,-0.4770988090344022,0.0,1.8261865370825565e-21,9.779179572405573e-22,68835078.83803025,0.0,-0.00020093539486135977,1.9856882774750242e-05,0.0,-0.9951525596487084,0.09834319002668182,-12114817.010815324,2825996.0778619363,2035880.5224226266,-7252940.410530761,196036460118094.8,1529.268881,196036460118094.8,1529.268881,196036462057460.22,1529.268865871125,196036458178729.38,1529.268896128876,196036460430073.2,1529.2688785662751,196036459806116.44,1529.268883433725
0.0014400000000000033,0.0,-0.0010689526659816932,-0.00029873489234830185,0.0,-2.9025408266510953,-0.4432667289412104,0.0,1.873120329157292e-21,9.286239384261066e-22,68625686.46691807,0.0,-0.00020352953890657275,1.9255915798547325e-05,0.0,-0.9955543034409322,0.09418932476793883,-12027749.052159574,2861325.5258262483,2083164.6953371994,-7083258.830996126,196036460118094.8,1529.268881,196036460118094.8,1529.268881,196036462016087.28,1529.2688661938728,196036458220102.34,1529.2688958061276,196036460407950.12,1529.2688787388558,196036459828239.47,1529.2688832611445
0.0014450000000000034,0.0,-0.0010831408878733263,-0.00030079060483771187,0.0,-2.837644378326644,-0.41114249788200763,0.0,1.9173538333009876e-21,8.789365798371163e-22,68415314.80963376,0.0,-0.00020607260169028564,1.8657272113271885e-05,0.0,-0.9959265177599996,0.09016857114561071,-11942887.40553359,2895994.498559019,2129513.5940452637,-6917379.312929306,196036460118094.8,1529.268881,196036460118094.8,1529.268881,196036461973651.0,1529.2688665249157,196036458262538.6,1529.268895475085,196036460386943.9,1529.2688789027243,196036459849245.75,1529.2688830972759
0.0014500000000000034,0.0,-0.0010969969649154653,-0.0003026943035555824,0.0,-2.771215408427798,-0.38073974357411405,0.0,1.9588792101246074e-21,8.293932867647201e-22,68205189.8585367,0.0,-0.00020856311373529645,1.8063371215228376e-05,0.0,-0.996270438929974,0.08628564489112274,-11860285.997355785,2929982.539273985,2174874.662080573,-6755428.796001228,196036460118094.8,1529.268881,196036460118094.8,1529.268881,196036461930212.62,1529.2688668637759,196036458305976.97,1529.2688951362247,196036460367063.28,1529.2688790578118,196036459869126.34,1529.2688829421886
0.0014550000000000034,0.0,-0.0011105137036314572,-0.00030445457092907703,0.0,-2.703347743198364,-0.3520534746989222,0.0,1.997686145169572e-21,7.804509296171669e-22,67996436.92590922,0.0,-0.00021099960503567495,1.7476402635200686e-05,0.0,-0.9965874166484942,0.08254405477004961,-11779991.342601689,2963268.589767324,2219200.031635557,-6597522.7211988075,196036460118094.8,1529.268881,196036460118094.8,1529.268881,196036461885833.5,1529.2688672099748,196036458350356.16,1529.2688947900253,196036460348305.12,1529.2688792041429,196036459887884.5,1529.2688827958573
0.0014600000000000034,0.0,-0.0011236843814626503,-0.0003060798852847134,0.0,-2.634135566238651,-0.32506287112726795,0.0,2.0337596158815962e-21,7.324906566882865e-22,67790071.3567699,0.0,-0.0002133805938193285,1.6898330570111676e-05,0.0,-0.9968788773937274,0.07894620830807306,-11702042.503258606,2995830.92786976,2262446.2525985707,-6443765.322790275,196036460118094.8,1529.268881,196036460118094.8,1529.268881,196036461840575.12,1529.2688675630327,196036458395614.47,1529.268894436968,196036460330655.78,1529.2688793418247,196036459905533.84,1529.2688826581757
0.0014650000000000034,0.0,-0.001136502749370765,-0.0003075785548217174,0.0,-2.563673581622962,-0.2997339074007997,0.0,2.0670789483799966e-21,6.858235592216431e-22,67586993.75414275,0.0,-0.00021570458601630806,1.6330901186797676e-05,0.0,-0.9971462927125558,0.07549351581166304,-11626471.264999013,3027647.2490075883,2304574.0746029643,-6294249.941388462,196036460118094.8,1529.268881,196036460118094.8,1529.268881,196036461794499.56,1529.2688679224655,196036458441690.06,1529.268894077535,196036460314092.97,1529.26887947103,196036459922096.66,1529.2688825289702
0.0014700000000000034,0.0,-0.0011489630354192472,-0.00030895866372142024,0.0,-2.4920572096964153,-0.2760217799405625,0.0,2.0976172697753333e-21,6.40696537325931e-22,67387991.20762782,0.0,-0.00021797012886357866,1.577565171933096e-05,0.0,-0.9973911533052641,0.07218647593833125,-11553303.429339122,3058695.4966970156,2345548.6074997233,-6149059.325142383,196036460118094.8,1529.268881,196036460118094.8,1529.268881,196036461747669.1,1529.2688682877872,196036458488520.56,1529.268893712213,196036460298587.44,1529.2688795919878,196036459937602.2,1529.2688824080126
0.0014750000000000034,0.0,-0.0011610599494284815,-0.0003102280293765406,0.0,-2.41938280184687,-0.2538731310240711,0.0,2.12534331244843e-21,5.972991318147438e-22,67193739.86390507,0.0,-0.00022017580506868644,1.5233921082220146e-05,0.0,-0.9976149453662184,0.06902478382405036,-11482558.83990729,3088953.8566949866,2385339.0328696324,-6008265.950342671,196036460118094.8,1529.268881,196036460118094.8,1529.268881,196036461700146.75,1529.268868658506,196036458536042.88,1529.2688933414943,196036460284104.3,1529.2688797049698,196036459952085.34,1529.2688822950302
0.0014800000000000034,0.0,-0.0011727886883923088,-0.0003113941695568671,0.0,-2.345747792765483,-0.23322803606529,0.0,2.150223499590079e-21,5.55770198346593e-22,67004810.541545,0.0,-0.0002223202443193871,1.4706861496253498e-05,0.0,-0.997819131557711,0.0660074291077572,-11414251.76204619,3118400.9851367325,2423918.4409848345,-5871932.335924623,196036460118094.8,1529.268881,196036460118094.8,1529.268881,196036461651996.28,1529.2688690341251,196036458584193.34,1529.2688929658752,196036460270604.3,1529.2688798102824,196036459965585.3,1529.2688821897177
0.0014850000000000035,0.0,-0.0011841449422945653,-0.00031246427835517315,0.0,-2.2712507804513042,-0.21402175966121326,0.0,2.1722242300093617e-21,5.162044263909003e-22,66821676.01517997,0.0,-0.00022440213435894217,1.4195450801866733e-05,0.0,-0.9980051356773472,0.06313278990857144,-11348391.244098978,3147016.2226216206,2461263.6609745948,-5740111.360502762,196036460118094.8,1529.268881,196036460118094.8,1529.268881,196036461603282.16,1529.2688694141414,196036458632907.47,1529.2688925858592,196036460258045.22,1529.2688799082553,196036459978144.44,1529.268882091745
0.0014900000000000035,0.0,-0.0011951248999298454,-0.0003134452097840793,0.0,-2.1959915270560106,-0.19618628578122999,0.0,2.1913139554528028e-21,4.786585459488243e-22,66644719.36747537,0.0,-0.0002264202310750901,1.3700502665797791e-05,0.0,-0.9981743313254499,0.06039871093815777,-11284981.507065022,3174779.784553251,2497355.0867613773,-5612846.635750392,196036460118094.8,1529.268881,196036460118094.8,1529.268881,196036461554069.56,1529.268869798046,196036458682120.06,1529.2688922019547,196036460246382.44,1529.2688799992359,196036459989807.2,1529.2688820007643
0.0014950000000000035,0.0,-0.0012057252543686329,-0.00031434346794866617,0.0,-2.120070887757482,-0.17965163291737515,0.0,2.2074649213865874e-21,4.431570959295043e-22,66474243.75614233,0.0,-0.0002283733533782273,1.322268548410866e-05,0.0,-0.9983280309721992,0.05780261737301879,-11224022.444646455,3201672.738879396,2532176.6169599956,-5490173.088807063,196036460118094.8,1529.268881,196036460118094.8,1529.268881,196036461504424.53,1529.2688701853237,196036458731765.1,1529.2688918146766,196036460235570.3,1529.2688800835806,196036460000619.3,1529.2688819164196
0.0015000000000000035,0.0,-0.0012159432077652427,-0.0003151652027955783,0.0,-2.043590679321938,-0.16434696938242715,0.0,2.2206551616075356e-21,4.096978372150639e-22,66310478.30714886,0.0,-0.00023026042613026677,1.2762531316542528e-05,0.0,-0.9984674812467538,0.05534156568767864,-11165509.267842995,3227677.639098376,2565715.23301816,-5372116.39572646,196036460118094.8,1529.268881,196036460118094.8,1529.268881,196036461454413.56,1529.2688705754563,196036458781776.06,1529.2688914245439,196036460225562.47,1529.2688801616512,196036460010627.12,1529.2688818383492
0.0015050000000000035,0.0,-0.0012257764751630448,-0.00031591621050090844,0.0,-1.9666534795604436,-0.15020154106602648,0.0,2.2308692953891565e-21,3.782564753975275e-22,66153588.40779818,0.0,-0.00023208047009850636,1.232044682545033e-05,0.0,-0.9985938587152327,0.05301231306236252,-11109433.2000189,3252778.4132942636,2597960.952178199,-5258693.834546438,196036460118094.8,1529.268881,196036460118094.8,1529.268881,196036461404103.75,1529.26887096792,196036458832085.88,1529.26889103208,196036460216312.7,1529.2688802338082,196036460019876.94,1529.268881766192
0.0015100000000000035,0.0,-0.0012352232871588817,-0.00031660193767873865,0.0,-1.8893623991673534,-0.137145435566041,0.0,2.238099344258778e-21,3.487909097996404e-22,66003685.14206868,0.0,-0.00023383259686077105,1.1896726635004265e-05,0.0,-0.998708267043218,0.05081138986027008,-11055781.962271988,3276960.318553868,2628906.746026221,-5149914.897691898,196036460118094.8,1529.268881,196036460118094.8,1529.268881,196036461353562.56,1529.268871362189,196036458882627.03,1529.2688906378114,196036460207775.2,1529.268880300409,196036460028414.4,1529.2688816995917
0.0015150000000000035,0.0,-0.0012442823912851844,-0.0003172274886742768,0.0,-1.8118208252605539,-0.12511019910762655,0.0,2.2423457744608416e-21,3.2124501628226917e-22,65860832.65968663,0.0,-0.00023551602270500415,1.1491564781732174e-05,0.0,-0.9988117363686705,0.04873515458271662,-11004539.859044239,3300210.154339575,2658548.3189802207,-5045781.385724443,196036460118094.8,1529.268881,196036460118094.8,1529.268881,196036461302857.56,1529.2688717577357,196036458933332.06,1529.2688902422647,196036460199905.25,1529.2688803618018,196036460036284.34,1529.2688816381988
0.0015200000000000036,0.0,-0.0012529530519292062,-0.00031779763528628927,0.0,-1.7341321288043474,-0.11402932240249351,0.0,2.2436182187696938e-21,2.9555188009507284e-22,65725056.36840592,0.0,-0.00023713008237388462,1.1105065573832723e-05,0.0,-0.9989052238792018,0.046779842954435144,-10955688.22421918,3322516.4691843754,2686884.02006579,-4946287.734969014,196036460118094.8,1529.268881,196036460118094.8,1529.268881,196036461252056.34,1529.268872154033,196036458984133.25,1529.2688898459676,196036460192659.4,1529.2688804183263,196036460043530.22,1529.2688815816741
0.0015250000000000036,0.0,-0.0012612350486643276,-0.0003183168283588006,0.0,-1.6563993470242835,-0.10383861450227415,0.0,2.241936313555409e-21,2.716366112558522e-22,65596350.18124128,0.0,-0.00023867423369284497,1.0737253806655826e-05,0.0,-0.998989615270759,0.044941613023798954,-10909205.691560192,3343869.636005756,2713914.7010864783,-4851421.354467957,196036460118094.8,1529.268881,196036460118094.8,1529.268881,196036461201226.34,1529.2688725505548,196036459034963.28,1529.2688894494454,196036460185995.62,1529.2688804703098,196036460050193.97,1529.2688815296906
0.0015300000000000036,0.0,-0.001269128672848432,-0.0003187892107543495,0.0,-1.5787248368208644,-0.09447647910977407,0.0,2.2373312842475287e-21,2.494189048677116e-22,65474679.37923471,0.0,-0.0002401480008551366,1.0388084309823354e-05,0.0,-0.9990657265059297,0.04321659543715719,-10865067.172250593,3364261.066262654,2739643.137662855,-4761162.968325085,196036460118094.8,1529.268881,196036460118094.8,1529.268881,196036461150434.4,1529.2688729467798,196036459085755.2,1529.2688890532208,196036460179873.7,1529.2688805180667,196036460056315.97,1529.2688814819332
0.0015350000000000036,0.0,-0.001276634722214697,-0.00031921863126527466,0.0,-1.5012098732530028,-0.0858841021850359,0.0,2.2298454907258644e-21,2.288147745401212e-22,65359990.84551889,0.0,-0.00024155105367887502,1.0057450869418642e-05,0.0,-0.9991343073346477,0.04160091233271099,-10823245.723685877,3383684.32235513,2764074.4543700414,-4675486.946960706,196036460118094.8,1529.268881,196036460118094.8,1529.268881,196036461099746.8,1529.2688733421908,196036459136442.8,1529.2688886578096,196036460174255.06,1529.2688805618973,196036460061934.6,1529.2688814381027
0.0015400000000000036,0.0,-0.0012837544935335567,-0.00031960865916274965,0.0,-1.4239542637719471,-0.07800557949499941,0.0,2.2195333539286524e-21,2.09738332871972e-22,65252216.27440568,0.0,-0.0002428831794268348,9.745194418488862e-06,0.0,-0.9991960442139005,0.0400907124817291,-10783712.149733681,3402134.725613001,2787215.7737108255,-4594361.650409855,196036460118094.8,1529.268881,196036460118094.8,1529.268881,196036461049228.8,1529.2688737362787,196036459186960.8,1529.2688882637217,196036460169103.22,1529.2688806020865,196036460067086.4,1529.2688813979137
0.0015450000000000036,0.0,-0.0012904897731853156,-0.00031996259907513084,0.0,-1.3470559303517817,-0.07078798247624023,0.0,2.206461617940363e-21,1.9210315966091143e-22,65151276.23046789,0.0,-0.0002441442825867693,9.451110565711475e-06,0.0,-0.9992515637746068,0.03868219608557686,-10746435.21089781,3419609.3532255357,2809076.082666303,-4517749.775005972,196036460118094.8,1529.268881,196036460118094.8,1529.268881,196036460998944.44,1529.2688741285442,196036459237245.2,1529.2688878714562,196036460164383.6,1529.2688806389042,196036460071806.03,1529.268881361096
0.0015500000000000036,0.0,-0.0012968428255980134,-0.0003202835059586033,0.0,-1.2706104825395883,-0.06418137669449316,0.0,2.1907093476935388e-21,1.75823410608432e-22,65057083.38338864,0.0,-0.00024533438400774503,9.17495652964657e-06,0.0,-0.9993014364246748,0.037371635762724245,-10711381.823722199,3436107.024648735,2829666.1012263685,-4445608.697847095,196036460118094.8,1529.268881,196036460118094.8,1529.268881,196036460948956.22,1529.2688745184992,196036459287233.4,1529.268887481501,196036460160063.5,1529.2688806726048,196036460076126.12,1529.2688813273953
0.0015550000000000036,0.0,-0.0013028163795509395,-0.00032057419996806225,0.0,-1.194710790585229,-0.05813880189178874,0.0,2.1723676387755237e-21,1.608147014592942e-22,64969544.98893332,0.0,-0.0002464536189960088,8.916457353290436e-06,0.0,-0.9993461800170648,0.036155393585192874,-10678517.253221316,3451628.2721977024,2848998.15357496,-4377890.827448655,196036460118094.8,1529.268881,196036460118094.8,1529.268881,196036460899324.84,1529.2688749056706,196036459336864.78,1529.2688870943296,196036460156112.22,1529.2688807034285,196036460080077.4,1529.2688812965716
0.0015600000000000037,0.0,-0.0013084136123940656,-0.00032083728107507,0.0,-1.1194465686252162,-0.052616221401543636,0.0,2.151538722382696e-21,1.469947783349088e-22,64888566.67097576,0.0,-0.00024750221465101634,8.675311646435254e-06,0.0,-0.9993862633776285,0.03502993822577396,-10647805.731562741,3466175.020406438,2867086.189596163,-4314544.52156014,196036460118094.8,1529.268881,196036460118094.8,1529.268881,196036460850109.0,1529.2688752896006,196036459386080.6,1529.2688867103998,196036460152500.9,1529.2688807316003,196036460083688.7,1529.2688812684003
0.0015650000000000037,0.0,-0.0013136381323384481,-0.00032107514331676583,0.0,-1.0449039888764915,-0.047572448339165754,0.0,2.1283360657924555e-21,1.3428411057800936e-22,64814047.948021844,0.0,-0.00024848054580306017,8.451196753852047e-06,0.0,-0.9994221101633839,0.033991847795742935,-10619209.38825213,3479751.3641141616,2883945.2372764954,-4255512.786861472,196036460118094.8,1529.268881,196036460118094.8,1529.268881,196036460801365.12,1529.2688756698487,196036459434824.53,1529.2688863301514,196036460149202.78,1529.2688807573286,196036460086986.84,1529.2688812426716
0.0015700000000000037,0.0,-0.0013184939588001944,-0.0003212899885730301,0.0,-0.9711652923492338,-0.0429690512528609,0.0,2.1028824052070125e-21,1.2260621416887717e-22,64745888.271761514,0.0,-0.00024938907592913243,8.243773201847228e-06,0.0,-0.99945410201822,0.03303782618383573,-10592689.584276555,3492362.7371961693,2899591.678511565,-4200735.168568821,196036460118094.8,1529.268881,196036460118094.8,1529.268881,196036460753146.84,1529.2688760459964,196036459483042.78,1529.2688859540037,196036460146192.6,1529.268880780811,196036460089997.03,1529.2688812191893
0.0015750000000000037,0.0,-0.0013229855011387649,-0.00032148383981587663,0.0,-0.898308467714101,-0.03877024856930566,0.0,2.0753087117517633e-21,1.1188794452212384e-22,64683986.07635705,0.0,-0.000250228367154883,8.052688942851839e-06,0.0,-0.9994825819223531,0.03216470789276011,-10568206.783958623,3504016.047408187,2914043.0309617794,-4150147.705588657,196036460118094.8,1529.268881,196036460118094.8,1529.268881,196036460705505.22,1529.2688764176462,196036459530684.4,1529.268885582354,196036460143446.97,1529.2688808022294,196036460092742.66,1529.2688811977707
0.0015800000000000037,0.0,-0.0013271175359687332,-0.0003216585537803518,0.0,-0.8264069659936673,-0.034942792895032514,0.0,2.0457528182021773e-21,1.0205967688569649e-22,64628238.677310094,0.0,-0.00025099907770103957,7.877582915013465e-06,0.0,-0.99950785732592,0.031369461961412506,-10545720.666091885,3514719.6353658265,2927317.819879951,-4103683.2108461075,196036460118094.8,1529.268881,196036460118094.8,1529.268881,196036460658488.3,1529.2688767844222,196036459577701.3,1529.268885215578,196036460140944.16,1529.2688808217538,196036460095245.47,1529.2688811782464
0.0015850000000000037,0.0,-0.0013308951832828957,-0.00032181583302569024,0.0,-0.7555294628325181,-0.03145584906768019,0.0,2.0143578551657133e-21,9.305539518654552e-23,64578542.83959568,0.0,-0.0002517019649834708,7.718088288168536e-06,0.0,-0.9995302030991023,0.030649193997021467,-10525190.456535663,3524483.312631675,2939435.529988408,-4061271.6139155803,196036460118094.8,1529.268881,196036460118094.8,1529.268881,196036460612141.0,1529.2688771459748,196036459624048.62,1529.2688848540254,196036460138664.03,1529.2688808395408,196036460097525.6,1529.2688811604594
0.0015900000000000037,0.0,-0.001334323881657634,-0.00032195723737133563,0.0,-0.6857396749476538,-0.02828086912908169,0.0,1.9812707300414784e-21,8.481273038736307e-23,64534794.6698894,0.0,-0.00025233788071792236,7.573835183590715e-06,0.0,-0.9995498642691388,0.03000114730383101,-10506575.079908172,3533318.2879523584,2950416.5031731664,-4022840.288782647,196036460118094.8,1529.268881,196036460118094.8,1529.268881,196036460566504.97,1529.2688775019787,196036459669684.66,1529.2688844980214,196036460136587.88,1529.2688808557368,196036460099601.75,1529.2688811442636
0.0015950000000000037,0.0,-0.0013374093628040196,-0.00032208419470118284,0.0,-0.6170962292771177,-0.02539146596943822,0.0,1.9466409607749844e-21,7.727300205678088e-23,64496885.436820075,0.0,-0.0002529077117198151,7.444453198941829e-06,0.0,-0.9995670583574516,0.02942270970918357,-10489832.166380202,3541236.3339584987,2960281.449248773,-3988314.383172931,196036460118094.8,1529.268881,196036460118094.8,1529.268881,196036460521618.5,1529.2688778521356,196036459714571.12,1529.2688841478646,196036460134698.5,1529.2688808704756,196036460101491.16,1529.2688811295243
0.0016000000000000038,0.0,-0.0013401576256666923,-0.00032219801112883906,0.0,-0.5496525725345582,-0.022763285531244883,0.0,1.910618659798234e-21,7.038107185547566e-23,64464706.575369954,0.0,-0.00025341244517020355,7.32957341271747e-06,0.0,-0.9995819779985795,0.028911403640216264,-10474919.677916965,3548250.695186995,2969051.8649978098,-3957617.1177321603,196036460118094.8,1529.268881,196036460118094.8,1529.268881,196036460477516.62,1529.2688781961717,196036459758673.0,1529.2688838038287,196036460132979.88,1529.2688808838825,196036460103209.75,1529.2688811161177
0.0016050000000000038,0.0,-0.001342574910419755,-0.00032229988054928584,0.0,-0.48345695061254723,-0.020373884089361912,0.0,1.8733533496904737e-21,6.408529162547676e-23,64438147.59240543,0.0,-0.0002538531356127198,7.2288302229907675e-06,0.0,-0.9995947929818354,0.02846488790776719,-10461795.461901316,3554375.6216500625,2976749.7472368865,-3930670.093014367,196036460118094.8,1529.268881,196036460118094.8,1529.268881,196036460434230.84,1529.2688785338416,196036459801958.8,1529.2688834661585,196036460131417.44,1529.268880896071,196036460104772.2,1529.268881103929
0.0016100000000000038,0.0,-0.0013446676725648486,-0.0003223908935859338,0.0,-0.41855242901872014,-0.018202607329592686,0.0,1.834992680775766e-21,5.833739017441587e-23,64417095.952285185,0.0,-0.0002542308991238247,7.141862794698544e-06,0.0,-0.9996056522303677,0.028080954917904452,-10450417.355511464,3559626.282724501,2983397.5053237374,-3907393.5674632257,196036460118094.8,1529.268881,196036460118094.8,1529.268881,196036460391789.25,1529.268878864926,196036459844400.34,1529.2688831350745,196036460129997.66,1529.2688809071467,196036460106192.0,1529.2688810928532
0.0016150000000000038,0.0,-0.0013464425573535598,-0.00032247204595268255,0.0,-0.35497695774225024,-0.016230473349754013,0.0,1.7956812773681063e-21,5.309234233118068e-23,64401437.062976174,0.0,-0.0002545469072329372,7.068316281936754e-06,0.0,-0.9996146856020939,0.027757527422788954,-10440743.28668547,3564018.6778069246,2989017.879940577,-3887706.728937968,196036460118094.8,1529.268881,196036460118094.8,1529.268881,196036460350216.8,1529.2688791892301,196036459885972.8,1529.26888281077,196036460128708.06,1529.2688809172068,196036460107481.6,1529.2688810827933
0.0016200000000000038,0.0,-0.0013479063747340273,-0.0003225442462536699,0.0,-0.29276347609351266,-0.014440060197466726,0.0,1.755559731055205e-21,4.8308226003221215e-23,64391054.31254795,0.0,-0.000254802380878063,7.0078428537304985e-06,0.0,-0.9996220055230757,0.027492654910430396,-10432731.360001685,3567569.5477398015,2993633.8646518392,-3871527.947610046,196036460118094.8,1529.268881,196036460118094.8,1529.268881,196036460309535.0,1529.2688795065865,196036459926654.66,1529.2688824934135,196036460127537.25,1529.2688809263402,196036460108652.38,1529.26888107366
0.0016250000000000038,0.0,-0.0013490660749961403,-0.0003226083232454717,0.0,-0.23194005242261134,-0.012815398360363375,0.0,1.7147637425354743e-21,4.394607119887261e-23,64385829.186513744,0.0,-0.0002549985845669732,6.960102512493751e-06,0.0,-0.9996277084678086,0.02728450958690649,-10426339.936108973,3570296.289376415,2997268.6348358556,-3858775.011896703,196036460118094.8,1529.268881,196036460118094.8,1529.268881,196036460269762.1,1529.2688798168526,196036459966427.53,1529.2688821831478,196036460126474.9,1529.2688809346275,196036460109714.72,1529.2688810653726
0.0016300000000000038,0.0,-0.0013499287252639902,-0.0003226650325879072,0.0,-0.17253005356996864,-0.011341868487094417,0.0,1.6734232764197176e-21,3.996969865876933e-23,64385642.51111016,0.0,-0.0002551368104945846,6.924763582484094e-06,0.0,-0.9996318762824319,0.02713138256824668,-10421527.924912602,3572216.7298308266,2999945.5571885044,-3849365.637893271,196036460118094.8,1529.268881,196036460118094.8,1529.268881,196036460230913.47,1529.2688801199083,196036460005276.16,1529.2688818800918,196036460125511.34,1529.2688809421443,196036460110678.28,1529.2688810578559
0.0016350000000000039,0.0,-0.001350501486981989,-0.0003227150631114029,0.0,-0.11455234359980093,-0.010006104699138131,0.0,1.6316623240722682e-21,3.634557779446129e-23,64390372.18985564,0.0,-0.00025521839707175003,6.901503285114473e-06,0.0,-0.9996345774475838,0.02703167718050119,-10418254.330093835,3573349.3825247614,3001687.9523591297,-3843216.9952099444,196036460118094.8,1529.268881,196036460118094.8,1529.268881,196036460193001.4,1529.2688804156583,196036460043188.22,1529.268881584342,196036460124637.9,1529.2688809489578,196036460111551.75,1529.2688810510422
0.0016400000000000039,0.0,-0.0013507915944357403,-0.00032275904262552533,0.0,-0.05802149075024085,-0.008795902824493598,0.0,1.589598330956205e-21,3.304266333934608e-23,64399894.48762423,0.0,-0.00025524471384850446,6.890007891022856e-06,0.0,-0.9996358681490451,0.0269839046452666,-10416478.52011426,3573713.233207572,3002519.1137565817,-3840246.173150107,196036460118094.8,1529.268881,196036460118094.8,1529.268881,196036460156035.5,1529.268880704027,196036460080154.16,1529.268881295973,196036460123846.5,1529.2688809551316,196036460112343.1,1529.2688810448687
0.0016450000000000039,0.0,-0.001350806334406859,-0.0003227975432969793,0.0,-0.0029479942237552303,-0.0077001342907935325,0.0,1.5473417501217482e-21,3.0032236315388116e-23,64414085.42341455,0.0,-0.00025521714510861004,6.889973032308482e-06,0.0,-0.9996357932034889,0.02698668090802173,-10416160.506165134,3573327.5077271704,3002462.3349251994,-3840370.663512765,196036460118094.8,1529.268881,196036460118094.8,1529.268881,196036460120022.53,1529.268880984962,196036460116167.1,1529.268881015038,196036460123129.97,1529.2688809607212,196036460113059.62,1529.2688810392792
0.001650000000000004,0.0,-0.0013505530270390964,-0.0003228310866246208,0.0,0.05066147355251919,-0.00670866552831143,0.0,1.504995953366788e-21,2.728775913213563e-23,64432820.29959911,0.0,-0.0002551370926796498,6.9011036193466664e-06,0.0,-0.9996343869659516,0.027038720295272684,-10417260.827984545,3572211.7087592036,3001540.812753898,-3843508.3064714433,196036460118094.8,1529.268881,196036460118094.8,1529.268881,196036460084966.9,1529.2688812584288,196036460151222.7,1529.2688807415716,196036460122481.66,1529.2688809657786,196036460113707.97,1529.2688810342215
0.001655000000000004,0.0,-0.001350039007931154,-0.00032286014803658696,0.0,0.1028038215884925,-0.005812282393233046,0.0,1.4626571419460098e-21,2.4784731553367357e-23,64455973.96712139,0.0,-0.00025500597126256483,6.923113885380808e-06,0.0,-0.999631674097703,0.02713883086324503,-10419740.586475989,3570385.5481706737,2999777.6063314513,-3849577.431973863,196036460118094.8,1529.268881,196036460118094.8,1529.268881,196036460050870.66,1529.2688815244119,196036460185318.97,1529.2688804755883,196036460121895.5,1529.2688809703511,196036460114294.12,1529.268881029649
0.001660000000000004,0.0,-0.0013492716114716576,-0.0003228851611344926,0.0,0.1534792918992513,-0.0050026195811321466,0.0,1.4204143471714897e-21,2.2500552387226225e-23,64483421.057773106,0.0,-0.0002548252044076582,6.95572723474451e-06,0.0,-0.999627670262566,0.027285909283628833,-10423561.467685807,3567868.8885797714,2997195.599657209,-3858496.979448827,196036460118094.8,1529.268881,196036460118094.8,1529.268881,196036460017733.6,1529.268881782912,196036460218456.03,1529.268880217088,196036460121366.06,1529.2688809744811,196036460114823.56,1529.268881025519
0.001665000000000004,0.0,-0.0013482581554161875,-0.00032290652160865436,0.0,0.20269121109399701,-0.004272094832353616,0.0,1.3783495025077668e-21,2.0414387495835078e-23,64515036.21105633,0.0,-0.00025459622040187747,6.998676041147108e-06,0.0,-0.9996223827435602,0.02747893589802148,-10428685.764215307,3564681.683862037,2993817.4701137347,-3870186.6102395365,196036460118094.8,1529.268881,196036460118094.8,1529.268881,196036459985553.56,1529.2688820339467,196036460250636.06,1529.2688799660536,196036460120888.38,1529.2688809782078,196036460115301.25,1529.2688810217924
0.001670000000000004,0.0,-0.0013470059266938734,-0.00032292459084720616,0.0,0.2504457444628019,-0.00361384771035807,0.0,1.3365375507693716e-21,1.8507032540696287e-23,64550696.01888688,0.0,-0.0002543204702199,7.051701459691725e-06,0.0,-0.9996158110485085,0.027716967760427362,-10435076.844544303,3560844.228537199,2989665.816117993,-3884566.799889111,196036460118094.8,1529.268881,196036460118094.8,1529.268881,196036459954326.53,1529.2688822775467,196036460281863.1,1529.2688797224534,196036460120457.94,1529.2688809815656,196036460115731.7,1529.2688810184345
0.001675000000000004,0.0,-0.0013455221684249867,-0.0003229396992628832,0.0,0.2967516537773497,-0.0030216831354128986,0.0,1.2950467295895978e-21,1.676083139099949e-23,64590274.06066242,0.0,-0.00025399936128832844,7.1145530961936315e-06,0.0,-0.9996079472115923,0.027999140547999433,-10442697.833298124,3556376.2294378798,2984762.676122255,-3901558.9277379904,196036460118094.8,1529.268881,196036460118094.8,1529.268881,196036459924046.75,1529.2688825137575,196036460312142.84,1529.268879486243,196036460120070.72,1529.268880984586,196036460116118.9,1529.268881015414
0.001680000000000004,0.0,-0.0013438140681000764,-0.0003229521493516088,0.0,0.34162006498207576,-0.0024900177451230875,0.0,1.2539386946633626e-21,1.5159528281944053e-23,64633645.837469116,0.0,-0.00025363431328916813,7.18698865447538e-06,0.0,-0.9995987763973546,0.028324657542706657,-10451512.8639648,3551297.5849450715,2979129.935587707,-3921085.3434320223,196036460118094.8,1529.268881,196036460118094.8,1529.268881,196036459894706.97,1529.2688827426357,196036460341482.62,1529.268879257365,196036460119723.06,1529.2688809872984,196036460116466.56,1529.268881012702
0.001685000000000004,0.0,-0.0013418887468993003,-0.0003229622185084944,0.0,0.38506424015520085,-0.002013831377110159,0.0,1.2132688133445629e-21,1.368817341367812e-23,64680687.65552335,0.0,-0.00025322674021488174,7.268773681854124e-06,0.0,-0.9995882772244499,0.028692787167790532,-10461486.760929272,3545628.1325996667,2972789.198734426,-3943069.4295951803,196036460118094.8,1529.268881,196036460118094.8,1529.268881,196036459866298.53,1529.268882964248,196036460369891.12,1529.268879035752,196036460119411.7,1529.2688809897272,196036460116777.97,1529.2688810102727
0.001690000000000004,0.0,-0.0013397532501010913,-0.000322970161617606,0.0,0.42709935964178897,-0.001588621822326474,0.0,1.1730864538110268e-21,1.2333026575541227e-23,64731276.50550802,0.0,-0.0002527780452617027,7.359681111860919e-06,0.0,-0.9995764221009418,0.02910285862042141,-10472584.983340604,3539387.576376171,2965761.75563553,-3967435.6513289036,196036460118094.8,1529.268881,196036460118094.8,1529.268881,196036459838811.47,1529.268883178673,196036460397378.2,1529.2688788213268,196036460119133.62,1529.2688809918964,196036460117056.0,1529.2688810081038
0.001695000000000004,0.0,-0.001337414538530065,-0.00032297621343219314,0.0,0.4677423142052641,-0.0012103629174205577,0.0,1.1334352857628987e-21,1.1081465685550717e-23,64785290.16642019,0.0,-0.00025228961870257203,7.459490935286079e-06,0.0,-0.9995631775124297,0.029554257920893615,-10484773.628229672,3532595.4558026176,2958068.571122443,-3994109.6013046126,196036460118094.8,1529.268881,196036460118094.8,1529.268881,196036459812234.72,1529.2688833859968,196036460423954.9,1529.2688786140034,196036460118886.3,1529.2688809938256,196036460117303.34,1529.2688810061743
0.001700000000000004,0.0,-0.0013348794809920801,-0.00032298059076122244,0.0,0.5070115075969744,-0.0008754658058590739,0.0,1.0943535934667922e-21,9.921901777046419e-24,64842607.26622671,0.0,-0.0002517628357860725,7.5679897716759675e-06,0.0,-0.9995485042847496,0.03004642378253458,-10498019.422186306,3525271.1155002713,2949730.2755053295,-4023018.031180705,196036460118094.8,1529.268881,196036460118094.8,1529.268881,196036459786556.3,1529.2688835863123,196036460449633.3,1529.2688784136878,196036460118667.3,1529.2688809955341,196036460117522.34,1529.268881004466
0.001705000000000004,0.0,-0.0013321548476422224,-0.00032298349447694463,0.0,0.5449266699715384,-0.0005807431444360943,0.0,1.0558745935568911e-21,8.843700129928631e-24,64903107.33695122,0.0,-0.00025119905469077043,7.68497051508678e-06,0.0,-0.9995323578061411,0.030578843969262727,-10512289.710861048,3517433.6756129223,2940767.1553081763,-4054088.879939948,196036460118094.8,1529.268881,196036460118094.8,1529.268881,196036459761763.3,1529.2688837797211,196036460474426.3,1529.268878220279,196036460118474.56,1529.2688809970377,196036460117715.06,1529.2688810029624
0.001710000000000004,0.0,-0.0013292473042306584,-0.00032298511135715605,0.0,0.5815086823127819,-0.00032337604228302967,0.0,1.0180267551355421e-21,7.83710701681e-24,64966670.88800151,0.0,-0.00025059961511330014,7.810231955842734e-06,0.0,-0.9995146882262369,0.031151051667774203,-10527552.451140927,3509102.011166511,2931199.1491521965,-4087251.2908222186,196036460118094.8,1529.268881,196036460118094.8,1529.268881,196036459737842.06,1529.2688839663294,196036460498347.56,1529.2688780336707,196036460118306.28,1529.2688809983504,196036460117883.34,1529.2688810016498
0.001715000000000004,0.0,-0.0013261634071709087,-0.00032298561577484526,0.0,0.6167794119499354,-0.00010088353784395236,0.0,9.80834116635122e-22,6.893181923186171e-24,65033179.47388952,0.0,-0.00024996583670553336,7.943578318220283e-06,0.0,-0.999495440641014,0.03176262170893785,-10543776.199188963,3500294.7293439326,2921045.8436313085,-4122435.626213723,196036460118094.8,1529.268881,196036460118094.8,1529.268881,196036459714778.28,1529.2688841462486,196036460521411.34,1529.2688778537515,196036460118160.8,1529.2688809994852,196036460118028.84,1529.2688810005147
0.001720000000000004,0.0,-0.0013229095993756493,-0.00032298517124696607,0.0,0.6507615590518823,8.890557583748405e-05,0.0,9.443165976044367e-22,6.003735101034737e-24,65102515.770727664,0.0,-0.000249299017811293,8.084818960385356e-06,0.0,-0.9994745552385569,0.03241316755099291,-10560930.097258443,3491030.151073978,2910326.471237117,-4159573.4749473487,196036460118094.8,1529.268881,196036460118094.8,1529.268881,196036459692557.1,1529.2688843195947,196036460543632.53,1529.2688776804055,196036460118036.7,1529.2688810004536,196036460118152.97,1529.2688809995464
0.001725000000000004,0.0,-0.0013194922068060313,-0.00032298393185315453,0.0,0.6834785139236117,0.0002478787623023988,0.0,9.084903028836082e-22,5.161269865101194e-24,65174563.66791101,0.0,-0.0002486004344378648,8.233768010214604e-06,0.0,-0.999451967435692,0.03310233811870056,-10578983.861265335,3481326.2959249183,2899059.909810283,-4198597.655530134,196036460118094.8,1529.268881,196036460118094.8,1529.268881,196036459671163.28,1529.2688844864867,196036460565026.38,1529.2688775135132,196036460117932.72,1529.2688810012646,196036460118256.9,1529.2688809987355
0.001730000000000004,0.0,-0.0013159174356818255,-0.0003229820435343863,0.0,0.7149542248411672,0.0003776637536482604,0.0,8.7336781744402e-22,4.358929497956135e-24,65249208.36015037,0.0,-0.0002478713393031296,8.390243959853925e-06,0.0,-0.9994276080060259,0.03382981459235591,-10597907.764986087,3471200.868074932,2887264.6828205995,-4239442.214090555,196036460118094.8,1529.268881,196036460118094.8,1529.268881,196036459650581.06,1529.2688846470473,196036460585608.56,1529.2688773529528,196036460117847.84,1529.2688810019267,196036460118341.75,1529.2688809980739
0.0017350000000000041,0.0,-0.001312191370301317,-0.0003229796452807715,0.0,0.7452130761016702,0.0004796507229639643,0.0,8.389584895233741e-22,3.590448373810192e-24,65326336.469346,0.0,-0.00024711296112826976,8.554069340660836e-06,0.0,-0.9994014031869815,0.0345953075993357,-10617672.628381804,3460671.2457850524,2874958.961932506,-4282042.420664245,196036460118094.8,1529.268881,196036460118094.8,1529.268881,196036459630794.6,1529.2688848014004,196036460605395.03,1529.2688771985997,196036460117781.16,1529.268881002447,196036460118408.47,1529.2688809975534
0.0017400000000000041,0.0,-0.0013083199714219026,-0.00032297687021695453,0.0,0.7742797758828895,0.0005550127633922162,0.0,8.052686977391499e-22,2.8501069994680847e-24,65405836.19482194,0.0,-0.0002463265035025546,8.725070441207441e-06,0.0,-0.9993732747687195,0.03539855474515274,-10638249.808225563,3449754.4649342354,2862160.5721909404,-4326334.771100386,196036460118094.8,1529.268881,196036460118094.8,1529.268881,196036459611787.66,1529.2688849496724,196036460624401.97,1529.2688770503278,196036460117731.9,1529.2688810028312,196036460118457.75,1529.2688809971687
0.0017450000000000041,0.0,-0.0013043090751551163,-0.0003229738465929069,0.0,0.8021792533572696,0.0006047248095330956,0.0,7.723020427760206e-22,2.1326867508951823e-24,65487598.11535487,0.0,-0.0002455131379020567,8.90307696535081e-06,0.0,-0.9993431401514362,0.0362393188714528,-10659611.324292835,3438467.1207804256,2848887.04359094,-4372257.159921469,196036460118094.8,1529.268881,196036460118094.8,1529.268881,196036459593544.0,1529.2688850919901,196036460642645.66,1529.2688769080098,196036460117699.38,1529.268881003085,196036460118490.22,1529.2688809969156
0.0017500000000000042,0.0,-0.0013001643923428803,-0.0003229706986879537,0.0,0.8289365624471938,0.0006295809906429372,0.0,7.4005982979028565e-22,1.4334464867513844e-24,65571513.01071842,0.0,-0.0002446740260491359,9.08792171184723e-06,0.0,-0.9993109125485884,0.03711738219900951,-10681729.363078248,3426825.680134916,2835155.451002996,-4419748.231940336,196036460118094.8,1529.268881,196036460118094.8,1529.268881,196036459576047.2,1529.2688852284816,196036460660142.4,1529.2688767715188,196036460117683.12,1529.2688810032118,196036460118506.5,1529.2688809967885
0.0017550000000000042,0.0,-0.0012958915083314117,-0.0003229675476320858,0.0,0.854576802293715,0.0006302111735816953,0.0,7.085410452508634e-22,7.480727708000758e-25,65657474.44020335,0.0,-0.0002438102956102121,9.279440389873196e-06,0.0,-0.9992765009282427,0.03803254780589464,-10704576.7700327,3414846.1409494225,2820982.593001481,-4468748.036081796,196036460118094.8,1529.268881,196036460118094.8,1529.268881,196036459559280.84,1529.268885359275,196036460676908.78,1529.2688766407252,196036460117682.72,1529.2688810032148,196036460118506.9,1529.2688809967854
0.0017600000000000042,0.0,-0.0012914958831467972,-0.00032296451215318,0.0,0.879125036922914,0.000607095781157347,0.0,6.777426667856406e-22,7.265377027231584e-26,65745378.023167014,0.0,-0.00024292304845423824,9.477471260217714e-06,0.0,-0.9992398101396535,0.038984635846309894,-10728126.857891658,3402544.1472631,2806384.9365179213,-4519197.774110637,196036460118094.8,1529.268881,196036460118094.8,1529.268881,196036459543228.56,1529.2688854844978,196036460692961.03,1529.2688765155026,196036460117697.84,1529.2688810030968,196036460118491.78,1529.2688809969034
0.0017650000000000042,0.0,-0.0012869828520185608,-0.0003229617092546493,0.0,0.9026062256472487,0.0005605797061485422,0.0,6.476598670374522e-22,-5.963496311875934e-25,65835121.58725381,0.0,-0.00024201336045429864,9.681854957742622e-06,0.0,-0.9992007409708319,0.03997348175153906,-10752353.395505784,3389934.9859553683,2791378.6240420034,-4571039.785508413,196036460118094.8,1529.268881,196036460118094.8,1529.268881,196036459527874.06,1529.2688856042773,196036460708315.56,1529.2688763957228,196036460117728.25,1529.2688810028596,196036460118461.38,1529.2688809971407
0.0017700000000000042,0.0,-0.0012823576262159123,-0.00032295925482852677,0.0,0.9250451605297325,0.0004908852245014099,0.0,6.18286207546445e-22,-1.2621300380192487e-24,65926605.2766128,0.0,-0.00024108228156392028,9.892434258380353e-06,0.0,-0.999159190215964,0.04099893421759952,-10777230.58991872,3377033.587315238,2775979.4786711754,-4624217.523932307,196036460118094.8,1529.268881,196036460118094.8,1529.268881,196036459513201.06,1529.2688857187406,196036460722988.53,1529.26887628126,196036460117773.8,1529.2688810025043,196036460118415.78,1529.2688809974961
0.0017750000000000042,0.0,-0.0012776252941630853,-0.00032295726420852357,0.0,0.946466410565394,0.0003981240006408603,0.0,5.89613818559712e-22,-1.927557699157767e-24,66019731.685441434,0.0,-0.00024013083596377235,1.0109053887333798e-05,0.0,-0.9991150507381623,0.042060853396946034,-10802733.076751351,3363854.526616987,2760203.012456611,-4678675.537677753,196036460118094.8,1529.268881,196036460118094.8,1529.268881,196036459499193.56,1529.2688858280123,196036460736996.06,1529.268876171988,196036460117834.47,1529.2688810020309,196036460118355.16,1529.2688809979693
0.0017800000000000042,0.0,-0.0012727908228026231,-0.0003229558526672443,0.0,0.9668942720924524,0.00028230825585470374,0.0,5.616335683965977e-22,-2.5952022821600573e-24,66114405.94109869,0.0,-0.00023916002218338862,1.033156028432707e-05,0.0,-0.9990682115421302,0.0431591089575475,-10828835.90196492,3350412.0253184265,2744064.4316956447,-4734359.444950849,196036460118094.8,1529.268881,196036460118094.8,1529.268881,196036459485835.66,1529.2688859322166,196036460750353.97,1529.2688760677836,196036460117910.22,1529.2688810014401,196036460118279.4,1529.26888099856
0.0017850000000000042,0.0,-0.0012678590591772663,-0.00032295513586133286,0.0,0.9863527250713514,0.00014336118228765616,0.0,5.343352196223769e-22,-3.2673529998150028e-24,66210535.80914139,0.0,-0.00023817081331567618,1.0559801490453806e-05,0.0,-0.9990185578300345,0.04429357866776976,-10855514.51235828,3336719.9536227426,2727578.644757897,-4791215.91397764,196036460118094.8,1529.268881,196036460118094.8,1529.268881,196036459473111.62,1529.2688860314759,196036460763078.03,1529.2688759685238,196036460118001.06,1529.2688810007314,196036460118188.56,1529.2688809992687
0.0017900000000000043,0.0,-0.0012628347322033932,-0.00032295523022803476,0.0,1.0048653947746153,-1.8873340374646085e-05,0.0,5.07707576532338e-22,-3.946036816226702e-24,66308031.758775495,0.0,-0.00023716415740254504,1.079362697049429e-05,0.0,-0.9989659710737708,0.045464146716261616,-10882744.74109805,3322791.835390914,2710760.268762217,-4849192.636944919,196036460118094.8,1529.268881,196036460118094.8,1529.268881,196036459461006.06,1529.2688861259107,196036460775183.56,1529.2688758740894,196036460118107.2,1529.2688809999036,196036460118082.47,1529.2688810000964
0.0017950000000000043,0.0,-0.0012577224546104608,-0.0003229562533363297,0.0,1.0224555185864619,-0.00020462165899271515,0.0,4.817386203785684e-22,-4.633035216787515e-24,66406807.03363265,0.0,-0.00023614097762572912,1.1032887439350274e-05,0.0,-0.998910329090909,0.0466707021105495,-10910502.79821616,3308640.8503230866,2693623.637989392,-4908238.309903681,196036460118094.8,1529.268881,196036460118094.8,1529.268881,196036459449503.75,1529.2688862156397,196036460786685.88,1529.2688757843605,196036460118228.62,1529.2688809989563,196036460117961.0,1529.268881001044
0.0018000000000000043,0.0,-0.0012525267250230233,-0.00032295832419554013,0.0,1.0391459174875062,-0.0004141718420756441,0.0,4.564156369131976e-22,-5.329899433890913e-24,66506777.68573001,0.0,-0.00023510217283506966,1.1277434807186103e-05,0.0,-0.9988515061065927,0.04791313753650027,-10938765.257755881,3294279.8409258313,2676182.8095388524,-4968302.6072911965,196036460118094.8,1529.268881,196036460118094.8,1529.268881,196036459438589.78,1529.2688863007788,196036460797599.88,1529.2688756992213,196036460118365.66,1529.2688809978872,196036460117823.97,1529.268881002113
0.0018050000000000043,0.0,-0.0012472519301632316,-0.0003229615635240521,0.0,1.0549589719583499,-0.0006478657023961994,0.0,4.317253338631748e-22,-6.037964358914165e-24,66607862.59987441,0.0,-0.00023404861781528582,1.1527121992278846e-05,0.0,-0.9987893728450521,0.04919134773298655,-10967509.045867534,3279721.3157298747,2658451.571607078,-5029336.158530581,196036460118094.8,1529.268881,196036460118094.8,1529.268881,196036459428249.5,1529.2688863814428,196036460807940.16,1529.2688756185573,196036460118518.44,1529.2688809966955,196036460117671.16,1529.2688810033048
0.0018100000000000043,0.0,-0.0012419023471534655,-0.0003229660939805601,0.0,1.0699166019532222,-0.0009060913016028525,0.0,4.076539501545558e-22,-6.758361515673026e-24,66709983.51411265,0.0,-0.00023298116387587012,1.1781802926415654e-05,0.0,-0.9987237965926564,0.0505052286357601,-10996711.433665918,3264977.457143403,2640443.45019028,-5091290.526332234,196036460118094.8,1529.268881,196036460118094.8,1529.268881,196036459418468.6,1529.268886457743,196036460817721.03,1529.268875542257,196036460118687.3,1529.268880995378,196036460117502.3,1529.268881004622
0.0018150000000000043,0.0,-0.0012364821459001764,-0.00032297204036008163,0.0,1.0840402506578228,-0.0011892759043123486,0.0,3.8418735804043487e-22,-7.492030643963104e-24,66813065.00245182,0.0,-0.00023190063919528484,1.2041332346853067e-05,0.0,-0.9986546413099949,0.051854675681228105,-11026350.02420909,3250060.125716638,2622171.716603819,-5154118.181888633,196036460118094.8,1529.268881,196036460118094.8,1529.268881,196036459409233.03,1529.2688865297891,196036460826956.6,1529.268875470211,196036460118872.5,1529.2688809939334,196036460117317.12,1529.268881006067
0.0018200000000000043,0.0,-0.0012309953915412488,-0.00032297952975674925,0.0,1.0973508717855085,-0.0014978793335276373,0.0,3.613111570336239e-22,-8.239730735194502e-24,66917034.46881421,0.0,-0.00023080784940740837,1.2305565796770792e-05,0.0,-0.9985817677117829,0.05323958295864878,-11056402.747476228,3234980.867923943,2603649.3939539017,-5217772.485598383,196036460118094.8,1529.268881,196036460118094.8,1529.268881,196036459400529.12,1529.2688865976877,196036460835660.5,1529.2688754023125,196036460119074.3,1529.268880992359,196036460117115.34,1529.2688810076409
0.0018250000000000044,0.0,-0.0012254460469406094,-0.00032298869169529123,0.0,1.1098689201278855,-0.0018323877083982947,0.0,3.3901076112837334e-22,-9.002049920683515e-24,67021822.10097343,0.0,-0.00022970357801604545,1.2574359590627569e-05,0.0,-0.9985050333590478,0.054659842266937625,-11086847.847440178,3219750.921513479,2584889.264320278,-5282207.66160642,196036460118094.8,1529.268881,196036460118094.8,1529.268881,196036459392343.47,1529.2688866615435,196036460843846.12,1529.2688753384568,196036460119293.03,1529.2688809906529,196036460116896.6,1529.2688810093475
0.0018300000000000044,0.0,-0.0012198379752149729,-0.0003229996582329141,0.0,1.1216143451273026,-0.002193307524572396,0.0,3.1727148062844734e-22,-9.77941491938015e-24,67127360.84252569,0.0,-0.0002285885870248189,1.28475706925962e-05,0.0,-0.9984242927831091,0.05611534175738896,-11117663.879671473,3204381.2237918763,2565903.8754152423,-5347378.780464354,196036460118094.8,1529.268881,196036460118094.8,1529.268881,196036459384663.06,1529.268886721458,196036460851526.56,1529.2688752785423,196036460119529.03,1529.2688809888118,196036460116660.6,1529.2688810111883
0.0018350000000000044,0.0,-0.0012141749422785511,-0.0003230125640332235,0.0,1.132606587284372,-0.0025811600618759777,0.0,2.9607859698134557e-22,-1.0572099591501873e-23,67233586.32312807,0.0,-0.0002274636174242694,1.312505676180522e-05,0.0,-0.9983393975785967,0.05760596533697545,-11148829.699169558,3188882.4180286275,2546705.546830938,-5413241.734309992,196036460118094.8,1529.268881,196036460118094.8,1529.268881,196036459377475.16,1529.2688867775305,196036460858714.44,1529.2688752224701,196036460119782.66,1529.2688809868332,196036460116406.97,1529.268881013167
0.0018400000000000044,0.0,-0.0012084606193927601,-0.0003230275464136652,0.0,1.1428645771582102,-0.00299647608834316,0.0,2.754174325578365e-22,-1.1380233122369126e-23,67340436.80880669,0.0,-0.00022632938967608968,1.3406676032603509e-05,0.0,-0.9982501965451653,0.05913159136653504,-11180324.457756504,3173264.859684996,2527306.3768007136,-5479753.221270795,196036460118094.8,1529.268881,196036460118094.8,1529.268881,196036459370767.38,1529.2688868298574,196036460865422.25,1529.2688751701428,196036460120054.22,1529.2688809847148,196036460116135.4,1529.2688810152854
0.0018450000000000044,0.0,-0.0012026985857088387,-0.00032304474536790415,0.0,1.1524067367842734,-0.0034397908477848435,0.0,2.552734153871413e-22,-1.2203807615937125e-23,67447853.11837047,0.0,-0.0002251866043617622,1.3692287393097337e-05,0.0,-0.9981565357927944,0.060692092187763017,-11212127.594438419,3157538.625087712,2507718.24714286,-5546870.722207846,196036460118094.8,1529.268881,196036460118094.8,1529.268881,196036459364527.7,1529.268886878533,196036460871661.94,1529.2688751214673,196036460120344.12,1529.2688809824533,196036460115845.5,1529.2688810175468
0.0018500000000000044,0.0,-0.0011968923307921636,-0.00032306430356445636,0.0,1.1612509833350173,-0.003911639310444204,0.0,2.356321390464705e-22,-1.3042685444561175e-23,67555778.56614287,0.0,-0.00022403594272002897,1.3981750296987782e-05,0.0,-0.998058258897516,0.06228733295348997,-11244218.83507044,3141713.5184077313,2487952.83087127,-5614552.48579144,196036460118094.8,1529.268881,196036460118094.8,1529.268881,196036459358744.4,1529.2688869236479,196036460877445.25,1529.268875076352,196036460120652.66,1529.2688809800463,196036460115536.97,1529.2688810199538
0.0018550000000000044,0.0,-0.0011910452571178862,-0.0003230863663228478,0.0,1.1694147348555024,-0.004412551678293426,0.0,2.1647941687683886e-22,-1.3896605931863554e-23,67664158.86016297,0.0,-0.00022287806700124616,1.427492480677955e-05,0.0,-0.9979552070307334,0.0639171710907659,-11276578.181258153,3125799.076180602,2468021.5953984484,-5682757.509679102,196036460118094.8,1529.268881,196036460118094.8,1529.268881,196036459353406.03,1529.2688869652923,196036460882783.6,1529.268875034708,196036460120980.22,1529.268880977491,196036460115209.4,1529.268881022509
0.0018600000000000044,0.0,-0.0011851606825284994,-0.0003231110815684571,0.0,1.1769149178773672,-0.00494304912186618,0.0,1.9780133464092575e-22,-1.476519216464222e-23,67772942.03926904,0.0,-0.00022171362135270338,1.4571671574470957e-05,0.0,-0.9978472191245306,0.06558145534708043,-11309185.912432551,3109804.579185362,2447935.8100882075,-5751445.523158981,196036460118094.8,1529.268881,196036460118094.8,1529.268881,196036459348501.62,1529.2688870035513,196036460887687.97,1529.2688749964493,196036460121327.1,1529.2688809747854,196036460114862.5,1529.268881025215
0.0018650000000000045,0.0,-0.0011792418426442134,-0.0003231385997672226,0.0,1.1837679768571967,-0.005503639753096671,0.0,1.7958429447421436e-22,-1.5647957392468345e-23,67882078.3843716,0.0,-0.0002205432319584629,1.4871851918180455e-05,0.0,-0.9977341320070332,0.06728002547689846,-11342022.579782689,3093739.0539906113,2427706.5497934045,-5820576.975998674,196036460118094.8,1529.268881,196036460118094.8,1529.268881,196036459344020.34,1529.2688870385095,196036460892169.28,1529.2688749614906,196036460121693.7,1529.2688809719255,196036460114495.94,1529.2688810280747
0.0018700000000000045,0.0,-0.0011732918932185253,-0.000323169073841322,0.0,1.1899898851376285,-0.006094814819880224,0.0,1.6181506684069806e-22,-1.6544311903193088e-23,67991520.39542098,0.0,-0.00021936750909920324,1.5175327738325202e-05,0.0,-0.9976157806344547,0.06901271063440258,-11375069.025179612,3077611.301161263,2407344.708026549,-5890113.015991801,196036460118094.8,1529.268881,196036460118094.8,1529.268881,196036459339951.78,1529.268887070248,196036460896237.84,1529.2688749297522,196036460122080.28,1529.2688809689096,196036460114109.38,1529.2688810310904
0.0018750000000000045,0.0,-0.0011673139124299826,-0.0003232026590670162,0.0,1.195596157708526,-0.006717045138843869,0.0,1.4448081826312723e-22,-1.7453567589796423e-23,68101222.59154722,0.0,-0.00021818704544392334,1.548196160686185e-05,0.0,-0.9974919982091676,0.07077932967104276,-11408306.341435898,3061429.870994663,2386860.987794737,-5960015.482646499,196036460118094.8,1529.268881,196036460118094.8,1529.268881,196036459336285.8,1529.268887098846,196036460899903.78,1529.2688749011545,196036460122487.12,1529.268880965736,196036460113702.5,1529.2688810342643
0.0018800000000000045,0.0,-0.0011613109031053382,-0.00032323951295544793,0.0,1.2006018649288976,-0.007370777686340752,0.0,1.275691397062447e-22,-1.8374942685208388e-23,68211141.33896743,0.0,-0.00021700241525088372,1.579161684790189e-05,0.0,-0.9973626163140654,0.07257969123082636,-11441715.841215376,3045203.0519682365,2366265.894878789,-6030246.8943683505,196036460118094.8,1529.268881,196036460118094.8,1529.268881,196036459333012.56,1529.2688871243804,196036460903177.06,1529.2688748756198,196036460122914.62,1529.268880962401,196036460113275.03,1529.268881037599
0.0018850000000000045,0.0,-0.0011552857948691772,-0.0003232797951172154,0.0,1.205021647232187,-0.008056432353487974,0.0,1.1106809941162093e-22,-1.9307570945907157e-23,68321235.01730563,0.0,-0.0002158141788609413,1.6104157480111434e-05,0.0,-0.997227465226248,0.07441359148994427,-11475279.135153372,3028938.9329311033,2345569.770373594,-6100770.431848674,196036460118094.8,1529.268881,196036460118094.8,1529.268881,196036459330122.4,1529.2688871469263,196036460906067.22,1529.2688748530738,196036460123362.97,1529.2688809589035,196036460112826.66,1529.2688810410968
0.0018900000000000045,0.0,-0.0011492414462108667,-0.0003233236671123123,0.0,1.2088697316620882,-0.00877439901938094,0.0,9.496626285315994e-23,-2.025050613101858e-23,68431463.84107491,0.0,-0.00021462288144255589,1.6419448303335125e-05,0.0,-0.9970863740735714,0.07628081434291412,-11508978.099938536,3012645.38516969,2324782.781754892,-6171549.933013954,196036460118094.8,1529.268881,196036460118094.8,1529.268881,196036459327606.16,1529.2688871665555,196036460908583.47,1529.2688748334447,196036460123832.44,1529.2688809552412,196036460112357.16,1529.2688810447592
0.0018950000000000045,0.0,-0.001143180646465368,-0.00032337129228620975,0.0,1.2121599490997415,-0.009525034779491372,0.0,7.925271665148528e-23,-2.1202727623359065e-23,68541789.76815562,0.0,-0.0002134290532170485,1.6737354991672975e-05,0.0,-0.9969391710254669,0.07818113119579985,-11542794.872584535,2996330.0651603276,2303914.924883819,-6242549.882540388,196036460118094.8,1529.268881,196036460118094.8,1529.268881,196036459325454.66,1529.2688871833393,196036460910734.97,1529.2688748166609,196036460124323.3,1529.2688809514118,196036460111866.3,1529.2688810485884
0.0019000000000000045,0.0,-0.0011371061177037705,-0.0003234228355930538,0.0,1.2149057523194733,-0.010308661368812925,0.0,6.391709383533616e-23,-2.216314601160069e-23,68652176.42798358,0.0,-0.00021223321013871013,1.705774403383954e-05,0.0,-0.9967856835603109,0.08011429990459504,-11576711.85316561,2980000.423507665,2282976.027524379,-6313735.402133566,196036460118094.8,1529.268881,196036460118094.8,1529.268881,196036459323659.16,1529.268887197346,196036460912530.5,1529.268874802654,196036460124835.72,1529.2688809474148,196036460111353.9,1529.2688810525856
0.0019050000000000046,0.0,-0.0011310205165291718,-0.00032347846340694583,0.0,1.217120234919745,-0.01112556277840746,0.0,4.894959050082772e-23,-2.313060924287512e-23,68762589.05271178,0.0,-0.00021103585421948227,1.7380482947793762e-05,0.0,-0.996625738635577,0.08208006511383079,-11610711.704986628,2963663.709221683,2261975.750264972,-6385072.245499972,196036460118094.8,1529.268881,196036460118094.8,1529.268881,196036459322211.06,1529.2688872086424,196036460913978.53,1529.2688747913583,196036460125369.9,1529.2688809432475,196036460110819.72,1529.2688810567527
0.0019100000000000046,0.0,-0.0011249264357750153,-0.0003235383433223714,0.0,1.2188161508312814,-0.011975983085115485,0.0,3.4340983434704734e-23,-2.4103908140964078e-23,68872994.4157111,0.0,-0.00020983747384164137,1.7705440190780142e-05,0.0,-0.9964591629772986,0.08407815720257815,-11644777.358008483,2947326.973500193,2240923.5905107446,-6456526.793997545,196036460118094.8,1529.268881,196036460118094.8,1529.268881,196036459321102.12,1529.2688872172932,196036460915087.5,1529.268874782707,196036460125926.0,1529.2688809389094,196036460110263.62,1529.2688810610907
0.0019150000000000046,0.0,-0.0011188264061028363,-0.0003236026439447337,0.0,1.2200059344357783,-0.012860124472450768,0.0,2.0082642874591514e-23,-2.508178224669097e-23,68983360.75150613,0.0,-0.0002086385442734955,1.803248532471381e-05,0.0,-0.99628578329114,0.08610829235305753,-11678892.006493818,2930997.076631578,2219828.8815291123,-6528066.048333129,196036460118094.8,1529.268881,196036460118094.8,1529.268881,196036459320324.1,1529.2688872233625,196036460915865.56,1529.2688747766374,196036460126504.16,1529.2688809343992,196036460109685.47,1529.268881065601
0.0019200000000000046,0.0,-0.0011127228974972029,-0.0003236715346720029,0.0,1.2207017211267035,-0.013778145453842178,0.0,6.166543328636486e-24,-2.6062925698488623e-23,69093657.70669423,0.0,-0.00020743952801999946,1.8361489019837796e-05,0.0,-0.9961054265391021,0.08817017193673526,-11713039.115095733,2914680.692418626,2198700.7954471475,-6599657.62722996,196036460118094.8,1529.268881,196036460118094.8,1529.268881,196036459319869.12,1529.2688872269116,196036460916320.5,1529.2688747730886,196036460127104.47,1529.2688809297165,196036460109085.2,1529.2688810702837
0.0019250000000000046,0.0,-0.001106618320655978,-0.000323745185468501,0.0,1.2209153682449574,-0.014730159299614654,0.0,-7.414731452182337e-24,-2.7045993280944204e-23,69203856.28199989,0.0,-0.00020624087498792077,1.8692323196725482e-05,0.0,-0.9959179201620942,0.09026348264945455,-11747202.420436861,2898384.3101898744,2177548.343386609,-6671269.766860378,196036460118094.8,1529.268881,196036460118094.8,1529.268881,196036459319729.4,1529.2688872280016,196036460916460.2,1529.2688747719988,196036460127726.97,1529.2688809248602,196036460108462.66,1529.2688810751401
0.0019300000000000046,0.0,-0.001100515028275044,-0.0003238237666318686,0.0,1.220658476186804,-0.01571623267352912,0.0,-2.066798177349778e-23,-2.8029606095100513e-23,69313928.77270879,0.0,-0.0002050430230390323,1.9024861018502843e-05,0.0,-0.9957230923861254,0.09238789579274684,-11781365.935182607,2882114.2420504666,2156380.3762180284,-6742871.316914113,196036460118094.8,1529.268881,196036460118094.8,1529.268881,196036459319897.38,1529.2688872266913,196036460916292.22,1529.268874773309,196036460128371.75,1529.2688809198303,196036460107817.84,1529.26888108017
0.0019350000000000046,0.0,-0.0010944153162263243,-0.0003239074485541975,0.0,1.2199424097439515,-0.016736384465776643,0.0,-3.3599393028696246e-23,-2.901235764755233e-23,69423848.71456698,0.0,-0.00020384639815131908,1.9358977043408703e-05,0.0,-0.9955207724540841,0.09454306750060379,-11815513.949986761,2865876.624877224,2135205.584170125,-6814431.740939411,196036460118094.8,1529.268881,196036460118094.8,1529.268881,196036459320365.62,1529.2688872230385,196036460915823.97,1529.268874776962,196036460129038.88,1529.2688809146262,196036460107150.78,1529.268881085374
0.0019400000000000047,0.0,-0.0010883214246292848,-0.0003239964014783822,0.0,1.2187783194079076,-0.017790584836936418,0.0,-4.621453658117947e-23,-2.999281960375112e-23,69533590.8362969,0.0,-0.00020265141466893494,1.9694547213298923e-05,0.0,-0.9953107909381298,0.09672863816944166,-11849631.039303219,2849677.423357644,2114032.497549686,-6885921.118395887,196036460118094.8,1529.268881,196036460118094.8,1529.268881,196036459321126.84,1529.2688872171002,196036460915062.78,1529.2688747829,196036460129728.2,1529.268880909249,196036460106461.44,1529.2688810907514
0.0019450000000000047,0.0,-0.001082235538816066,-0.0003240907952506885,0.0,1.2171771626437673,-0.018878754461263803,0.0,-5.851837657465088e-23,-3.0969548072243244e-23,69643131.00809613,0.0,-0.00020145847561933453,2.00314490623896e-05,0.0,-0.99509297996063,0.09894423294499403,-11883702.064511746,2833522.43426897,2092869.4845144348,-6957310.14572834,196036460118094.8,1529.268881,196036460118094.8,1529.268881,196036459322173.84,1529.2688872089327,196036460914015.78,1529.2688747910674,196036460130439.75,1529.268880903698,196036460105749.88,1529.268881096302
0.0019500000000000047,0.0,-0.0010761597901914257,-0.000324190799070627,0.0,1.2151497249280514,-0.0200007639877031,0.0,-7.051527608323902e-23,-3.194108914347592e-23,69752446.19427063,0.0,-0.00020026797296228963,2.0369561674820597e-05,0.0,-0.9948671735324859,0.1011894610494725,-11917712.179471513,2817417.2894931477,2071724.7523330029,-7028570.137645363,196036460118094.8,1529.268881,196036460118094.8,1529.268881,196036459323499.62,1529.2688871985904,196036460912690.03,1529.2688748014098,196036460131173.44,1529.2688808979744,196036460105016.16,1529.268881102026
0.0019550000000000045,0.0,-0.0010700962569885585,-0.000324296581239091,0.0,1.2127066405734659,-0.021156433692798782,0.0,-8.220900995013583e-23,-3.290598500381065e-23,69861514.41168183,0.0,-0.00019908028765878885,2.0708765802582554e-05,0.0,-0.9946332078135278,0.1034639160024965,-11951646.836933127,2801367.456752071,2050606.3444896445,-7099673.03569141,196036460118094.8,1529.268881,196036460118094.8,1529.268881,196036459325097.16,1529.268887186128,196036460911092.47,1529.2688748138721,196036460131929.16,1529.268880892079,196036460104260.47,1529.2688811079208
0.0019600000000000043,0.0,-0.0010640469649230142,-0.0003244083089058182,0.0,1.2098584131088517,-0.022345533345433852,0.0,-9.360277921319962e-23,-3.3862779756756304e-23,69970314.67713384,0.0,-0.0001978957900057304,2.1048944005006373e-05,0.0,-0.9943909213739983,0.10576717585796998,-11985491.790836992,2785378.2441041563,2029522.1402159382,-7170591.4065168975,196036460118094.8,1529.268881,196036460118094.8,1529.268881,196036459326959.62,1529.268887171599,196036460909230.0,1529.268874828401,196036460132706.72,1529.2688808860134,196036460103482.9,1529.2688811139867
0.001965000000000004,0.0,-0.0010580138877472175,-0.00032452614781718444,0.0,1.2066154351593426,-0.023567782273251677,0.0,-1.0469922791514912e-22,-3.481002512230148e-23,70078826.96757753,0.0,-0.00019671483974499038,2.1389980665041764e-05,0.0,-0.9941401555085053,0.10809880297914877,-12019233.10474635,2769454.8011458437,2008479.8521143903,-7241298.451486116,196036460118094.8,1529.268881,196036460118094.8,1529.268881,196036459329080.22,1529.2688871550565,196036460907109.38,1529.268874844944,196036460133505.94,1529.2688808797789,196036460102683.66,1529.2688811202217
0.001970000000000004,0.0,-0.001051998947708497,-0.00032465026206531715,0.0,1.2029880077441149,-0.02482284962653784,0.0,-1.15500464729902e-22,-3.574628640143325e-23,70187032.18390791,0.0,-0.00019553778616734224,2.1731762122667244e-05,0.0,-0.9938807544893434,0.11045834443668658,-12052857.159240399,2753602.120335113,1987487.0249116037,-7311768.013993682,196036460118094.8,1529.268881,196036460118094.8,1529.268881,196036459331452.25,1529.2688871365524,196036460904737.4,1529.2688748634475,196036460134326.7,1529.2688808733762,196036460101862.97,1529.268881126624
0.0019750000000000037,0.0,-0.0010460040159143726,-0.0003247808138395609,0.0,1.1989863588248666,-0.026110354848749753,0.0,-1.2600808554295646e-22,-3.6670147227005807e-23,70294912.07956667,0.0,-0.00019436496827991828,2.207417669501731e-05,0.0,-0.9936125658824608,0.11284533185060129,-12086350.650003092,2737825.0390567877,1966551.0318028834,-7381974.579143422,196036460118094.8,1529.268881,196036460118094.8,1529.268881,196036459334068.94,1529.26888711614,196036460902120.66,1529.2688748838607,196036460135168.56,1529.2688808668088,196036460101021.06,1529.2688811331914
0.0019800000000000035,0.0,-0.0010400309126090126,-0.0003249179631811191,0.0,1.194620661071973,-0.02742986831164566,0.0,-1.3622320166060488e-22,-3.758021624125225e-23,70402449.25623383,0.0,-0.00019319671492492397,2.2417114878250788e-05,0.0,-0.9933354407569616,0.11525928221263958,-12119700.605683137,2722128.2413177732,1945679.0741740768,-7451893.290191287,196036460118094.8,1529.268881,196036460118094.8,1529.268881,196036459336923.72,1529.2688870938698,196036460899265.9,1529.2688749061306,196036460136031.4,1529.2688808600778,196036460100158.22,1529.2688811399225
0.0019850000000000033,0.0,-0.001034081407365746,-0.00032506186774202794,0.0,1.1899010486533004,-0.028780912181763884,0.0,-1.4614646797331254e-22,-3.847513110735622e-23,70509627.08605762,0.0,-0.0001920333447650253,2.2760469287208105e-05,0.0,-0.9930492340285486,0.11769969751580782,-12152894.384805152,2706516.257210923,1924878.1766199442,-7521499.950974286,196036460118094.8,1529.268881,196036460118094.8,1529.268881,196036459340009.9,1529.2688870697948,196036460896179.72,1529.2688749302056,196036460136914.84,1529.2688808531861,196036460099274.78,1529.268881146814
0.001990000000000003,0.0,-0.0010281572192005098,-0.0003252126825491574,0.0,1.1848376330472683,-0.03016296142588765,0.0,-1.5577810622028979e-22,-3.935356616881813e-23,70616429.74168679,0.0,-0.0001908751678131084,2.310413488918709e-05,0.0,-0.9927538047420027,0.12016606496959815,-12185919.714194978,2690993.484336999,1904155.195548117,-7590771.034309861,196036460118094.8,1529.268881,196036460118094.8,1529.268881,196036459343320.9,1529.2688870439656,196036460892868.75,1529.2688749560343,196036460137818.6,1529.268880846136,196036460098371.03,1529.2688811538642
0.001995000000000003,0.0,-0.0010222600166102604,-0.00032537055977456677,0.0,1.179440518049881,-0.03157544508187763,0.0,-1.651179598692158e-22,-4.0214232982238574e-23,70722842.02024919,0.0,-0.0001897224826778424,2.3448008931220245e-05,0.0,-0.9924490162209318,0.12265785829739703,-12218764.636926575,2675564.149219111,1883516.79524305,-7659683.692464415,196036460118094.8,1529.268881,196036460118094.8,1529.268881,196036459346850.12,1529.2688870164345,196036460889339.5,1529.2688749835656,196036460138742.25,1529.2688808389307,196036460097447.4,1529.2688811610692
0.0020000000000000026,0.0,-0.0010163914175458585,-0.0003255356485123066,0.0,1.1737198128803887,-0.033017747547963404,0.0,-1.7416553149055154e-22,-4.105588620421878e-23,70828849.33347294,0.0,-0.00018857557705224815,2.3791991166155474e-05,0.0,-0.9921347362352503,0.1251745387665176,-12251417.52866185,2660232.314347313,1862969.4484354898,-7728215.765879049,196036460118094.8,1529.268881,196036460118094.8,1529.268881,196036459350590.9,1529.2688869872527,196036460885598.7,1529.2688750127477,196036460139685.38,1529.2688808315734,196036460096504.28,1529.2688811684266
0.0020050000000000024,0.0,-0.0010105529893258982,-0.00032570809456268653,0.0,1.1676856439920706,-0.034489210075993475,0.0,-1.8292000439633056e-22,-4.187733018894612e-23,70934437.7412381,0.0,-0.0001874347297517843,2.4135983831439546e-05,0.0,-0.9918108374501513,0.12771555393306444,-12283867.146312164,2645001.906348834,1842519.4483112579,-7796345.791652073,196036460118094.8,1529.268881,196036460118094.8,1529.268881,196036459354536.72,1529.2688869564718,196036460881652.94,1529.2688750435282,196036460140647.53,1529.2688808240678,196036460095542.06,1529.2688811759328
0.0020100000000000022,0.0,-0.0010047462484952315,-0.0003258880402251529,0.0,1.1613481661333174,-0.03598913249326636,0.0,-1.9138029491340254e-22,-4.267742190093393e-23,71039593.85962522,0.0,-0.00018630020972772705,2.4479891806852755e-05,0.0,-0.9914771975223708,0.130280339242672,-12316102.61170567,2629876.7024744265,1822172.8962988802,-7864053.012932364,196036460118094.8,1529.268881,196036460118094.8,1529.268881,196036459358680.84,1529.2688869241438,196036460877508.8,1529.2688750758562,196036460141628.38,1529.2688808164162,196036460094561.25,1529.268881183584
0.002015000000000002,0.0,-0.0009989726606372434,-0.00032607562410027927,0.0,1.1547175715976457,-0.037516775025276984,0.0,-1.9954509564194705e-22,-4.3455074203541734e-23,71144304.81011774,0.0,-0.000185172276019464,2.482362260675875e-05,0.0,-0.99113369935598,0.13286831827388343,-12348113.416233806,2614860.329885539,1801935.700615488,-7931317.385732779,196036460118094.8,1529.268881,196036460118094.8,1529.268881,196036459363016.62,1529.2688868903208,196036460873173.0,1529.2688751096798,196036460142627.3,1529.2688808086234,196036460093562.34,1529.2688811913765
0.002020000000000002,0.0,-0.0009932336401473685,-0.00032627098090144127,0.0,1.1478040979749706,-0.03907136023239769,0.0,-2.0741292249631446e-22,-4.4209259888594116e-23,71248558.18539724,0.0,-0.00018405117777198964,2.5167086522094246e-05,0.0,-0.9907802312472014,0.13547890378115077,-12379889.430639772,2599956.2661543116,1781813.5728030684,-7998119.591682391,196036460118094.8,1529.268881,196036460118094.8,1529.268881,196036459367537.4,1529.2688868550542,196036460868652.22,1529.268875144946,196036460143643.84,1529.2688808006935,196036460092545.75,1529.2688811993069
0.0020250000000000016,0.0,-0.000987530549976003,-0.0003264742412768721,0.0,1.1406180342730936,-0.04065207508617012,0.0,-2.149821623974255e-22,-4.4939014113621184e-23,71352341.98483056,0.0,-0.00018293715417928448,2.55101966452685e-05,0.0,-0.9904166870831287,0.1381114982442808,-12411420.904843427,2585167.8385667466,1761812.0226370287,-8064441.043639652,196036460118094.8,1529.268881,196036460118094.8,1529.268881,196036459372236.4,1529.2688868183977,196036460863953.2,1529.2688751816029,196036460144677.47,1529.2688807926304,196036460091512.12,1529.26888120737
0.0020300000000000014,0.0,-0.000981864701349069,-0.00032668553164252233,0.0,1.1331697253868298,-0.04225807313003817,0.0,-2.2225112204511965e-22,-4.5643437927988765e-23,71455644.58807105,0.0,-0.00018183043457030022,2.5852869012146137e-05,0.0,-0.9900429664503921,0.1407654949982685,-12442698.479048764,2570498.225667503,1741936.3579510823,-8130263.89543018,196036460118094.8,1529.268881,196036460118094.8,1529.268881,196036459377106.94,1529.268886780403,196036460859082.7,1529.2688752195972,196036460145727.66,1529.268880784438,196036460090461.94,1529.2688812155625
0.0020350000000000012,0.0,-0.0009762373534746821,-0.0003269049740263336,0.0,1.1254695748773633,-0.04388847676224777,0.0,-2.292180768580676e-22,-4.6321699540952637e-23,71558454.68632677,0.0,-0.00018073123825272457,2.6195022541178372e-05,0.0,-0.9896589748468894,0.1434402785308363,-12473713.181936536,2555950.4551002,1722191.679283421,-8195571.047552914,196036460118094.8,1529.268881,196036460118094.8,1529.268881,196036459382142.1,1529.2688867411239,196036460854047.5,1529.2688752588765,196036460146793.8,1529.268880776121,196036460089395.8,1529.2688812238794
0.002040000000000001,0.0,-0.000970649713244402,-0.00032713268592414696,0.0,1.1175280460560184,-0.04554237956268003,0.0,-2.35881321114871e-22,-4.6973037218063605e-23,71660761.25712891,0.0,-0.00017963977460757472,2.653657918332628e-05,0.0,-0.9892646237415432,0.14613522577907984,-12504456.441328973,2541527.4053731174,1702582.8791045912,-8260346.156851265,196036460118094.8,1529.268881,196036460118094.8,1529.268881,196036459387335.12,1529.2688867006134,196036460848854.5,1529.2688752993868,196036460147875.28,1529.2688807676845,196036460088314.3,1529.2688812323158
0.002045000000000001,0.0,-0.0009651029349377478,-0.0003273687801677471,0.0,1.1093556613308355,-0.047218848720033645,0.0,-2.422392196290043e-22,-4.7596760643186954e-23,71762553.51063302,0.0,-0.00017855624299823033,2.6877464010123327e-05,0.0,-0.9888598306299392,0.14884970731085698,-12534920.083150502,2527231.804989638,1683114.6373534088,-8324573.640807455,196036460118094.8,1529.268881,196036460118094.8,1529.268881,196036459392679.1,1529.2688866589256,196036460843510.53,1529.2688753410748,196036460148971.56,1529.2688807591323,196036460087218.06,1529.2688812408678
0.0020500000000000006,0.0,-0.0009595981199389338,-0.0003276133648052781,0.0,1.100962999762808,-0.048916927506196035,0.0,-2.482902535067458e-22,-4.819225160091374e-23,71863820.84562643,0.0,-0.00017748083280680351,2.7217605106584357e-05,0.0,-0.9884445192365972,0.15158308741786583,-12565096.337840132,2513066.232981624,1663791.4212778306,-8388238.683580678,196036460118094.8,1529.268881,196036460118094.8,1529.268881,196036459398167.12,1529.2688866161136,196036460838022.5,1529.2688753838866,196036460150081.94,1529.2688807504705,196036460086107.7,1529.2688812495298
0.0020550000000000004,0.0,-0.0009541363164737498,-0.0003278665429941494,0.0,1.0923606930367822,-0.0506356377742575,0.0,-2.540330738163131e-22,-4.875896557506269e-23,71964552.81641215,0.0,-0.00017641372329855096,2.7556933811850083e-05,0.0,-0.9880186193895563,0.15433472629176767,-12594977.84080338,2499033.1178231873,1644617.4809290962,-8451327.242051095,196036460118094.8,1529.268881,196036460118094.8,1529.268881,196036459403792.22,1529.2688865722325,196036460832397.4,1529.2688754277676,196036460151205.8,1529.2688807417032,196036460084983.78,1529.2688812582974
0.00206,0.0,-0.0009487185193758852,-0.0003281284129067089,0.0,1.083559419572926,-0.052373982511907294,0.0,-2.594665444038905e-22,-4.929643151708573e-23,72064739.0872606,0.0,-0.00017535508377064095,2.789538459418038e-05,0.0,-0.9875820671982937,0.15710398005252765,-12624557.63690654,2485134.739565099,1625596.8493116584,-8513826.048029782,196036460118094.8,1529.268881,196036460118094.8,1529.268881,196036459409547.47,1529.2688865273362,196036460826642.2,1529.268875472664,196036460152342.53,1529.2688807328357,196036460083847.1,1529.2688812671645
0.002065,0.0,-0.0009433456698901112,-0.0003283990676486429,0.0,1.074569897154787,-0.05413094838680583,0.0,-2.645897914465756e-22,-4.9804252181517665e-23,72164369.40005742,0.0,-0.00017430507336572805,2.823289519479596e-05,0.0,-0.987134804937676,0.15989020257869618,-12653829.178351928,2471373.2279400546,1606733.3399691323,-8575722.61044274,196036460118094.8,1529.268881,196036460118094.8,1529.268881,196036459415425.78,1529.26888648148,196036460820763.88,1529.2688755185202,196036460153491.4,1529.2688807238735,196036460082698.2,1529.268881276127
0.00207,0.0,-0.0009380186555209086,-0.00032867859519016083,0.0,1.065402873840532,-0.05590550830357899,0.0,-2.6940224434964905e-22,-5.0282103841427676e-23,72263433.54261087,0.0,-0.00017326384125111434,2.8569406606120278e-05,0.0,-0.9866767810882848,0.16269274618513538,-12682786.329855278,2457750.5652152197,1588030.5457102363,-8637005.218929823,196036460118094.8,1529.268881,196036460118094.8,1529.268881,196036459421420.16,1529.2688864347183,196036460814769.47,1529.2688755652823,196036460154651.8,1529.268880714821,196036460081537.78,1529.2688812851793
0.0020749999999999996,0.0,-0.0009327383099336224,-0.0003289670783099156,0.0,1.0560691174572494,-0.05769662395095384,0.0,-2.739036775024965e-22,-5.07297353044752e-23,72361921.31772447,0.0,-0.0001722315264837997,2.8904863069727953e-05,0.0,-0.9862079502899,0.1655109627335734,-12711423.366103508,2444268.5847786297,1569491.839056321,-8697662.942268558,196036460118094.8,1529.268881,196036460118094.8,1529.268881,196036459427523.56,1529.2688863871058,196036460808666.06,1529.2688756128944,196036460155823.03,1529.2688807056845,196036460080366.56,1529.268881294316
0.0020799999999999994,0.0,-0.0009275054129153795,-0.00032926459455148965,0.0,1.0465794036485723,-0.05950324831480455,0.0,-2.780942487242803e-22,-5.1146966998209313e-23,72459822.51439938,0.0,-0.00017120825812662368,2.923921213626861e-05,0.0,-0.9857282732426137,0.1683442049199646,-12739734.970641943,2430928.973376628,1551120.3697687814,-8757685.627496533,196036460118094.8,1529.268881,196036460118094.8,1529.268881,196036459433728.97,1529.2688863386977,196036460802460.66,1529.2688756613024,196036460157004.4,1529.2688806964686,196036460079185.22,1529.2688813035315
0.002084999999999999,0.0,-0.0009223206904024281,-0.0003295712161922872,0.0,1.0369445025903035,-0.06132432815950733,0.0,-2.819745341378637e-22,-5.1533689611152907e-23,72557126.8924305,0.0,-0.00017019415515988874,2.9572404659104904e-05,0.0,-0.9852377166039513,0.17119182743645292,-12767716.235121006,2417733.2704183436,1532919.0665849904,-8817063.898117675,196036460118094.8,1529.268881,196036460118094.8,1529.268881,196036459440029.28,1529.2688862895495,196036460796160.34,1529.2688757104509,196036460158195.22,1529.268880687179,196036460077994.4,1529.268881312821
0.002089999999999999,0.0,-0.0009171848145799391,-0.00032988701022459825,0.0,1.0271751644977947,-0.06315880646221418,0.0,-2.855455572327574e-22,-5.188986240713137e-23,72653824.16107108,0.0,-0.00016918932671485407,2.9904394782584055e-05,0.0,-0.9847362529131695,0.17405318784363105,-12795362.65874872,2404682.8717420576,1514890.6374109304,-8875789.149595732,196036460118094.8,1529.268881,196036460118094.8,1529.268881,196036459446417.53,1529.2688862397151,196036460789772.1,1529.268875760285,196036460159394.8,1529.2688806778212,196036460076794.8,1529.268881322179
0.0020949999999999988,0.0,-0.0009120984040593071,-0.0003302120383485419,0.0,1.0172821041264042,-0.06500562478872461,0.0,-2.888088174390913e-22,-5.221551101464498e-23,72749903.96526776,0.0,-0.00016819387193607916,3.0235139933507162e-05,0.0,-0.9842238604217551,0.17692764785781107,-12822670.142742923,2391779.0283008614,1497037.5691817766,-8933853.545260284,196036460118094.8,1529.268881,196036460118094.8,1529.268881,196036459452886.66,1529.2688861892498,196036460783302.97,1529.2688758107504,196036460160602.47,1529.2688806684005,196036460075587.16,1529.2688813316
0.0020999999999999986,0.0,-0.0009070620241378972,-0.00033054635697650573,0.0,1.0072759842819765,-0.06686372559276757,0.0,-2.9176631112263344e-22,-5.251072530521263e-23,72845355.87837538,0.0,-0.00016720788018063153,3.05646008041432e-05,0.0,-0.9837005229579256,0.17981457430448683,-12849634.988730237,2379022.849505337,1479362.1303068325,-8991250.008918067,196036460118094.8,1529.268881,196036460118094.8,1529.268881,196036459459429.75,1529.2688861382076,196036460776759.88,1529.2688758617926,196036460161817.5,1529.2688806589222,196036460074372.12,1529.2688813410782
0.0021049999999999984,0.0,-0.0009020761871448776,-0.00033089001724871463,0.0,0.9971673986039253,-0.06873205444177606,0.0,-2.944205507041626e-22,-5.277565690546757e-23,72940169.39884996,0.0,-0.00016623143104165506,3.0892741364242675e-05,0.0,-0.983166229700876,0.18271334044279408,-12876253.892725546,2366415.3042471367,1461866.3717893155,-9047972.216689091,196036460118094.8,1529.268881,196036460118094.8,1529.268881,196036459466039.8,1529.2688860866426,196036460770149.8,1529.2688759133575,196036460163039.22,1529.2688806493916,196036460073150.4,1529.2688813506088
0.002109999999999998,0.0,-0.0008971413528764481,-0.00033124306505949696,0.0,0.9869668536859034,-0.07060956215646542,0.0,-2.9677457638964985e-22,-5.301051615208163e-23,73034333.9468159,0.0,-0.00016526459446436902,3.121952876831241e-05,0.0,-0.9826209750509609,0.18562332663191572,-12902523.940361504,2353957.222959603,1444552.1296847083,-9104014.587717194,196036460118094.8,1529.268881,196036460118094.8,1529.268881,196036459472710.03,1529.2688860346088,196036460763479.56,1529.2688759653915,196036460164266.9,1529.2688806398144,196036460071922.72,1529.268881360186
0.002114999999999998,0.0,-0.0008922579291224977,-0.00033160554109372154,0.0,0.9766847507900649,-0.07249520684491145,0.0,-2.988319650409103e-22,-5.321556963664175e-23,73127838.8756415,0.0,-0.0001643074309155498,3.154493339574841e-05,0.0,-0.9820647583448994,0.18854392171845338,-12928442.602114877,2341649.30077186,1427421.0279160687,-9159372.273426948,196036460118094.8,1529.268881,196036460118094.8,1529.268881,196036459479433.6,1529.2688859821587,196036460756756.06,1529.2688760178414,196036460165499.94,1529.2688806301956,196036460070689.66,1529.2688813698048
0.0021199999999999978,0.0,-0.0008874262722862277,-0.00033197748087297936,0.0,0.9663313672539967,-0.07438795585156778,0.0,-3.005968333462289e-22,-5.339113652669831e-23,73220673.47390352,0.0,-0.00016335999143809015,3.1868928743036376e-05,0.0,-0.9814975836780063,0.19147452372113352,-12954007.72407418,2329492.098724827,1410474.4807454636,-9214041.14460389,196036460118094.8,1529.268881,196036460118094.8,1529.268881,196036459486203.72,1529.2688859293453,196036460749985.9,1529.2688760706549,196036460166737.62,1529.2688806205404,196036460069452.0,1529.2688813794598
0.0021249999999999976,0.0,-0.0008826466880972887,-0.0003323589148108735,0.0,0.9559168377877965,-0.07628678757882175,0.0,-3.0207383534066414e-22,-5.353758561981913e-23,73312826.9822781,0.0,-0.00016242231791043556,3.2191491399433023e-05,0.0,-0.9809194596566426,0.19441454078057135,-12979217.52250236,2317486.0480325464,1393713.697288173,-9268017.777181642,196036460118094.8,1529.268881,196036460118094.8,1529.268881,196036459493013.88,1529.2688858762197,196036460743175.75,1529.2688761237805,196036460167979.28,1529.2688806108542,196036460068210.34,1529.268881389146
0.0021299999999999973,0.0,-0.0008779194324180034,-0.0003327498682769059,0.0,0.9454511358570649,-0.07819069320648453,0.0,-3.0326815693048365e-22,-5.365533185976334e-23,73404288.61318327,0.0,-0.00016149444307466315,3.251260098332026e-05,0.0,-0.9803303991203499,0.1973633921489377,-13004070.574840736,2305631.451075647,1377139.6847138917,-9321299.439051196,196036460118094.8,1529.268881,196036460118094.8,1529.268881,196036459499857.47,1529.2688858228332,196036460736332.16,1529.268876177167,196036460169224.25,1529.2688806011424,196036460066965.38,1529.268881398858
0.002134999999999997,0.0,-0.0008732447121417254,-0.00033315036166835883,0.0,0.9349440552556038,-0.08009867829057998,0.0,-3.0418550379439465e-22,-5.374483305265688e-23,73495047.57052128,0.0,-0.0001605763908790527,3.2832240107206565e-05,0.0,-0.9797304188792043,0.20032050899191228,-13028565.81168585,2293928.4868033454,1360753.252726232,-9373884.072156273,196036460118094.8,1529.268881,196036460118094.8,1529.268881,196036459506728.12,1529.2688857692358,196036460729461.47,1529.2688762307648,196036460170471.94,1529.2688805914092,196036460065717.72,1529.2688814085907
0.002139999999999997,0.0,-0.0008686226861812389,-0.00033356041048960064,0.0,0.9244051920972922,-0.08200976424836155,0.0,-3.0483208514575176e-22,-5.380658595349943e-23,73585093.07345055,0.0,-0.00015966817654497616,3.315039423020889e-05,0.0,-0.9791195395032044,0.2032853348449734,-13052702.506827872,2282377.2120435704,1344555.0196126003,-9425770.275171703,196036460118094.8,1529.268881,196036460118094.8,1529.268881,196036459513619.56,1529.268885715476,196036460722570.1,1529.268876284524,196036460171721.6,1529.2688805816608,196036460064468.03,1529.2688814183393
0.0021449999999999967,0.0,-0.0008640534665443862,-0.00033398002543813933,0.0,0.9138439273705374,-0.0839229897077416,0.0,-3.0521459498023223e-22,-5.384112300254458e-23,73674414.3817506,0.0,-0.00015876980693045007,3.346705168909506e-05,0.0,-0.9784977849542037,0.20625732675402533,-13076480.265528811,2270977.567382218,1328545.4147839579,-9476957.283362636,196036460118094.8,1529.268881,196036460118094.8,1529.268881,196036459520525.66,1529.268885661602,196036460715663.97,1529.2688763383983,196036460172972.66,1529.2688805719013,196036460063216.97,1529.268881428099
0.0021499999999999965,0.0,-0.000859537119493674,-0.0003344092124968576,0.0,0.9032694101424241,-0.08583741174364895,0.0,-3.053401864469597e-22,-5.384900885663388e-23,73763000.83723855,0.0,-0.00015788128057984832,3.3782203531697975e-05,0.0,-0.9778651823613376,0.20923595562289934,-13099899.018739656,2259729.3781871344,1312724.68733858,-9527444.953213943,196036460118094.8,1529.268881,196036460118094.8,1529.268881,196036459527440.4,1529.2688856076604,196036460708749.25,1529.2688763923395,196036460174224.5,1529.2688805621356,196036460061965.12,1529.2688814378646
0.0021549999999999963,0.0,-0.00085507366678542,-0.00033484797303182865,0.0,0.892690541650805,-0.08775210699421016,0.0,-3.0521644463827067e-22,-5.383083628973204e-23,73850841.87773715,0.0,-0.0001570025881704539,3.4095843452776614e-05,0.0,-0.9772217617654275,0.2122207066524708,-13122959.005869765,2248632.3613486206,1297092.9095600063,-9577233.734961139,196036460118094.8,1529.268881,196036460118094.8,1529.268881,196036459534358.0,1529.2688855536965,196036460701831.62,1529.2688764463037,196036460175476.53,1529.2688805523687,196036460060713.06,1529.2688814476317
0.002159999999999996,0.0,-0.0008506630869837244,-0.00033529630389500314,0.0,0.8821159603391218,-0.08966617263490034,0.0,-3.0485135617962865e-22,-5.378722349470285e-23,73937927.09325543,0.0,-0.00015613371256549357,3.440796774673464e-05,0.0,-0.9765675557254592,0.21521108034764846,-13145660.769055102,2237686.1266796305,1281649.9842938557,-9626324.658081615,196036460118094.8,1529.268881,196036460118094.8,1529.268881,196036459541272.8,1529.2688854997546,196036460694916.8,1529.2688765002456,196036460176728.16,1529.2688805426048,196036460059461.44,1529.2688814573958
0.002164999999999996,0.0,-0.0008463053168440003,-0.0003357541975312992,0.0,0.8715540279448207,-0.09157872725921062,0.0,-3.0425327328830524e-22,-5.371880975143769e-23,74024246.23992456,0.0,-0.00015527462926780201,3.4718575107949695e-05,0.0,-0.975902599224069,0.21820659208123433,-13168005.137985159,2226890.1833343753,1266395.6511887675,-9674719.303462015,196036460118094.8,1529.268881,196036460118094.8,1529.268881,196036459548179.3,1529.2688854458772,196036460688010.3,1529.268876554123,196036460177978.78,1529.268880532849,196036460058210.8,1529.2688814671517
0.0021699999999999957,0.0,-0.0008420002527598353,-0.0003362216420893454,0.0,0.8610128168329949,-0.09348891160923292,0.0,-3.0343087994913617e-22,-5.362625284890292e-23,74109789.29191767,0.0,-0.0001544253066057455,3.5027666670677344e-05,0.0,-0.9752269291847656,0.2212067733882762,-13189993.218639655,2216243.94326397,1251329.4926905376,-9722419.78268515,196036460118094.8,1529.268881,196036460118094.8,1529.268881,196036459555072.28,1529.2688853921059,196036460681117.3,1529.2688766078948,196036460179227.88,1529.2688805231046,196036460056961.75,1529.2688814768953
0.0021749999999999955,0.0,-0.0008377477522673257,-0.00033669862153543,0.0,0.8505000985019088,-0.09539588921692857,0.0,-3.0239315150670973e-22,-5.351022518165886e-23,74194546.46662174,0.0,-0.0001535857060595964,3.533524578378012e-05,0.0,-0.9745405843742653,0.22421117146000027,-13211626.380344857,2205746.7257790896,1236450.9424205804,-9769428.712145185,196036460118094.8,1529.268881,196036460118094.8,1529.268881,196036459561946.62,1529.2688853384795,196036460674242.97,1529.268876661521,196036460180474.84,1529.2688805133773,196036460055714.75,1529.2688814866233
0.0021799999999999953,0.0,-0.0008335476355998832,-0.0003371851157699808,0.0,0.8400233334884982,-0.0972988469101562,0.0,-3.01149315761454e-22,-5.337141122101871e-23,74278508.27053452,0.0,-0.00015275578254158605,3.56413179887784e-05,0.0,-0.9738436050232527,0.22721934986993314,-13232906.246221604,2195397.762075007,1221759.2902245037,-9815749.193922093,196036460118094.8,1529.268881,196036460118094.8,1529.268881,196036459568797.47,1529.2688852850363,196036460667392.16,1529.2688767149639,196036460181719.22,1529.2688805036698,196036460054470.38,1529.2688814963306
0.002184999999999995,0.0,-0.0008293996872867745,-0.0003376811007461362,0.0,0.8295896626217422,-0.099196995231085,0.0,-2.997088122498428e-22,-5.321050351030789e-23,74361665.52022332,0.0,-0.00015193548466031876,3.59458908180558e-05,0.0,-0.9731360326898881,0.23023088819831528,-13253834.674328873,2185196.198963619,1207253.6905867986,-9861384.784778457,196036460118094.8,1529.268881,196036460118094.8,1529.268881,196036459575620.12,1529.2688852318133,196036460660569.53,1529.2688767681868,196036460182960.44,1529.2688804939871,196036460053229.2,1529.268881506013
0.002189999999999995,0.0,-0.0008253036577883404,-0.0003381865485897155,0.0,0.819205899686819,-0.10108956871585908,0.0,-2.9808124990722386e-22,-5.302820085349066e-23,74444009.38821465,0.0,-0.0001511247551722659,3.624897378700276e-05,0.0,-0.9724179099225031,0.2332453825093883,-13274413.750901412,2175141.105738259,1192933.1700558758,-9906339.475107277,196036460118094.8,1529.268881,196036460118094.8,1529.268881,196036459582410.16,1529.2688851788446,196036460653779.5,1529.2688768211553,196036460184198.0,1529.268880484333,196036460051991.62,1529.268881515667
0.0021949999999999947,0.0,-0.0008212592651605599,-0.00033870142772027305,0.0,0.8088785255560845,-0.10297582611150456,0.0,-2.9627636715283486e-22,-5.2825204986363486e-23,74525531.43263748,0.0,-0.00015032353111172803,3.655057824506782e-05,0.0,-0.9716892800176823,0.2362624453837688,-13294645.773586204,2165231.4761888757,1178796.6334306558,-9950617.663966674,196036460118094.8,1529.268881,196036460118094.8,1529.268881,196036459589163.28,1529.268885126164,196036460647026.34,1529.2688768738362,196036460185431.44,1529.268880474711,196036460050758.2,1529.268881525289
0.0021999999999999945,0.0,-0.0008172661967420452,-0.00033922570297266057,0.0,0.7986136837029504,-0.10485505047750637,0.0,-2.9430398826470356e-22,-5.2602218142369205e-23,74606223.6225748,0.0,-0.00014953174428930448,3.685071723243907e-05,0.0,-0.9709501869107334,0.2392817053976581,-13314533.241270227,2155466.235615861,1164842.8725798584,-9994224.133074507,196036460118094.8,1529.268881,196036460118094.8,1529.268881,196036459595875.53,1529.268885073802,196036460640314.06,1529.2688769261983,196036460186660.3,1529.2688804651248,196036460049529.34,1529.2688815348752
0.0022049999999999943,0.0,-0.0008133241108559091,-0.0003397593357186758,0.0,0.7884171772272062,-0.10672654920304984,0.0,-2.921739845647791e-22,-5.235994044971808e-23,74686078.36858489,0.0,-0.0001487493214672737,3.7149405380410554e-05,0.0,-0.9702006749042775,0.24230280727900053,-13334078.838611733,2145844.243554048,1151070.5730932746,-10037164.02196441,196036460118094.8,1529.268881,196036460118094.8,1529.268881,196036459602543.1,1529.2688850217887,196036460633646.5,1529.2688769782117,196036460187884.06,1529.2688804555783,196036460048305.56,1529.268881544422
0.002209999999999994,0.0,-0.0008094326385197835,-0.00034030228398834625,0.0,0.7782944672251275,-0.10858965393408236,0.0,-2.898962343693621e-22,-5.2099068080089517e-23,74765088.55024493,0.0,-0.00014797618478518457,3.7446658847537434e-05,0.0,-0.9694407884426833,0.24532541185867546,-13353285.425275018,2136364.299993408,1137478.3213195484,-10079442.803962061,196036460118094.8,1529.268881,196036460118094.8,1529.268881,196036459609162.44,1529.2688849701517,196036460627027.2,1529.2688770298487,196036460189102.38,1529.2688804460743,196036460047087.25,1529.268881553926
0.002214999999999994,0.0,-0.0008055913851570478,-0.00034085450259052744,0.0,0.7682506725471485,-0.1104437204362348,0.0,-2.8748058496515015e-22,-5.182029420006749e-23,74843247.64683484,0.0,-0.00014721225051747707,3.774249513542036e-05,0.0,-0.968670571416285,0.24834919784860962,-13372156.052910656,2127025.128538547,1124064.6201247463,-10121066.304247363,196036460118094.8,1529.268881,196036460118094.8,1529.268881,196036459615730.12,1529.2688849189174,196036460620459.47,1529.268877081083,196036460190314.78,1529.2688804366164,196036460045874.84,1529.268881563384
0.0022199999999999937,0.0,-0.0008017999323026831,-0.00034141594323298095,0.0,0.7582905708729184,-0.1122881284907064,0.0,-2.8493681465427166e-22,-5.152430084291045e-23,74920549.55370806,0.0,-0.00014645743211452305,3.80369329806997e-05,0.0,-0.9678900680505786,0.25137385736994644,-13390693.898416856,2117825.4179099635,1110827.8818684164,-10162040.598638475,196036460118094.8,1529.268881,196036460118094.8,1529.268881,196036459622243.12,1529.26888486811,196036460613946.53,1529.26887713189,196036460191520.8,1529.2688804272082,196036460044668.8,1529.268881572792
0.0022249999999999935,0.0,-0.0007980578392971764,-0.00034198655464052363,0.0,0.7484186011013533,-0.11412228150853775,0.0,-2.822746008552351e-22,-5.121175546097871e-23,74996988.53710368,0.0,-0.00014571164146202613,3.832999238632497e-05,0.0,-0.9670993230126175,0.2543990947871806,-13408902.229639791,2108763.8396117333,1097766.430158338,-10202371.95986972,196036460118094.8,1529.268881,196036460118094.8,1529.268881,196036459628698.47,1529.2688848177522,196036460607491.16,1529.268877182248,196036460192720.22,1529.2688804178515,196036460043469.44,1529.2688815821482
0.0022299999999999933,0.0,-0.0007943646449629471,-0.0003425662826706508,0.0,0.7386388668458672,-0.1159456060254384,0.0,-2.795034853986016e-22,-5.088331796289207e-23,75072559.53181122,0.0,-0.0001449747851697169,3.8621694261632547e-05,0.0,-0.9662983800427183,0.2574246311579726,-13426784.477886239,2099838.9968959847,1084878.5292514323,-10242066.951738821,196036460118094.8,1529.268881,196036460118094.8,1529.268881,196036459635093.5,1529.2688847678648,196036460601096.12,1529.2688772321353,196036460193912.47,1529.268880408551,196036460042277.12,1529.2688815914494
0.002234999999999993,0.0,-0.0007907198692572872,-0.00034315507042785294,0.0,0.7289551411319751,-0.11775755144042518,0.0,-2.7663284605164715e-22,-5.0539635893485634e-23,75147258.0285357,0.0,-0.0001442467667742067,3.89120605441011e-05,0.0,-0.9654872822292585,0.2604502022528688,-13444344.189113257,2091049.4555679641,1072162.3789532478,-10281132.354592048,196036460118094.8,1529.268881,196036460118094.8,1529.268881,196036459641425.75,1529.2688847184675,196036460594763.84,1529.268877281533,196036460195097.3,1529.2688803993083,196036460041092.3,1529.268881600692
0.002239999999999993,0.0,-0.0007871230148968799,-0.00034375285837579027,0.0,0.7193708720814581,-0.11955758958746443,0.0,-2.736718682237298e-22,-5.018134271953653e-23,75221080.07288915,0.0,-0.00014352748704679958,3.9201114017735005e-05,0.0,-0.9646660720437622,0.26347555759056485,-13461585.01045235,2082393.7479785741,1059616.1231566512,-10319575.139317125,196036460118094.8,1529.268881,196036460118094.8,1529.268881,196036459647692.97,1529.2688846695771,196036460588496.66,1529.268877330423,196036460196274.4,1529.2688803901258,196036460039915.22,1529.2688816098746
0.0022449999999999927,0.0,-0.0007835735689489957,-0.0003443595844470289,0.0,0.7098891895768281,-0.12134521424772109,0.0,-2.706295192488571e-22,-4.9809056169679666e-23,75294022.26013574,0.0,-0.00014281684424376415,3.948887809399982e-05,0.0,-0.9638347914499522,0.2665004592690736,-13478510.678996446,2073870.3760414887,1047237.8557566042,-10357402.447198352,196036460118094.8,1529.268881,196036460118094.8,1529.268881,196036459653893.12,1529.26888462121,196036460582296.5,1529.2688773787902,196036460197443.3,1529.2688803810072,196036460038746.28,1529.2688816189932
0.0022499999999999925,0.0,-0.0007800710043849117,-0.0003449751841500504,0.0,0.700512912816805,-0.12311994060429239,0.0,-2.675145280773857e-22,-4.942337863851273e-23,75366081.76143873,0.0,-0.00014211473435039643,3.9775376958656236e-05,0.0,-0.9629934814058367,0.2695246830438101,-13495125.013226856,2065477.8154806944,1035025.6262662751,-10394621.571479885,196036460118094.8,1529.268881,196036460118094.8,1529.268881,196036459660024.34,1529.2688845733808,196036460576165.28,1529.2688774266194,196036460198603.84,1529.2688803719539,196036460037585.78,1529.2688816280463
0.0022549999999999923,0.0,-0.0007766147815920347,-0.00034559959067360506,0.0,0.691244558575396,-0.12488130471094218,0.0,-2.6433536284571076e-22,-4.902489513173875e-23,75437256.29417364,0.0,-0.00014142105146738813,4.006063522874676e-05,0.0,-0.9621421822967574,0.27254801603613493,-13511431.90078554,2057214.520152056,1022977.4472089327,-10431239.933424551,196036460118094.8,1529.268881,196036460118094.8,1529.268881,196036459666084.97,1529.2688845261023,196036460570104.62,1529.268877473898,196036460199755.62,1529.268880362969,196036460036434.0,1529.2688816370312
0.002259999999999992,0.0,-0.0007732043498408442,-0.00034623273498805325,0.0,0.6820863502381028,-0.12662886288964226,0.0,-2.6110021494325127e-22,-4.8614173589897984e-23,75507544.13532071,0.0,-0.00014073568803205742,4.034467801697145e-05,0.0,-0.9612809336178091,0.27557025721741696,-13527435.29113119,2049078.9256050189,1011091.2992733665,-10467265.066252803,196036460118094.8,1529.268881,196036460118094.8,1529.268881,196036459672073.62,1529.2688844793852,196036460564116.0,1529.268877520615,196036460200898.34,1529.2688803540545,196036460035291.28,1529.2688816459456
0.002264999999999992,0.0,-0.0007698391487038935,-0.0003468745459437499,0.0,0.673040227390143,-0.1283621911393298,0.0,-2.578169852738437e-22,-4.8191763768837646e-23,75576944.10986182,0.0,-0.00014005853498047234,4.06275307872897e-05,0.0,-0.9604097740067389,0.2785912166460471,-13543139.182791037,2041069.4510406528,999365.1364875245,-10502704.59526286,196036460118094.8,1529.268881,196036460118094.8,1529.268881,196036459677988.94,1529.2688844332401,196036460558200.72,1529.2688775667598,196036460202031.78,1529.268880345213,196036460034157.84,1529.2688816547875
0.0022699999999999916,0.0,-0.0007665186094244901,-0.00034752495036627926,0.0,0.6641078558806645,-0.13008088450587746,0.0,-2.5449327065679894e-22,-4.775819734850267e-23,75645455.57908939,0.0,-0.00013938948218886622,4.09092193034909e-05,0.0,-0.9595287412833482,0.28161071473080246,-13558547.617330834,2033184.5053423804,987796.8921060862,-10537566.219882369,196036460118094.8,1529.268881,196036460118094.8,1529.268881,196036459683829.88,1529.2688843876751,196036460552359.75,1529.268877612325,196036460203155.66,1529.2688803364454,196036460033033.97,1529.2688816635548
0.0022749999999999914,0.0,-0.0007632421562326995,-0.0003481838731485584,0.0,0.6552906383581094,-0.13178455645583242,0.0,-2.511363550599752e-22,-4.7313987048101856e-23,75713078.42941336,0.0,-0.00013872841847063097,4.118976944219663e-05,0.0,-0.9586378725328102,0.28462858139295805,-13573664.668706715,2025422.4865613624,976384.4842295207,-10571857.69791583,196036460118094.8,1529.268881,196036460118094.8,1529.268881,196036459689595.5,1529.268884342698,196036460546594.1,1529.2688776573025,196036460204269.7,1529.2688803277551,196036460031919.94,1529.2688816722452
0.0022799999999999912,0.0,-0.0007600092076071529,-0.0003488512373396559,0.0,0.6465897251093203,-0.13347283821949962,0.0,-2.4775320212606845e-22,-4.6859627461992764e-23,75779813.06629252,0.0,-0.00013807523201334022,4.1469207292428474e-05,0.0,-0.9577372039161757,0.2876446561902824,-13588494.437799806,2017781.788409415,965125.8196172052,-10605586.829773184,196036460118094.8,1529.268881,196036460118094.8,1529.268881,196036459695285.1,1529.2688842983139,196036460540904.53,1529.2688777016863,196036460205373.66,1529.2688803191431,196036460030815.97,1529.2688816808572
0.002284999999999991,0.0,-0.000756819177481365,-0.0003495269642304708,0.0,0.6380060251575798,-0.13514537816298494,0.0,-2.4435045004052584e-22,-4.6395594132259703e-23,75845660.3873336,0.0,-0.00013742981054430689,4.1747558953341374e-05,0.0,-0.9568267709221915,0.29065878697643455,-13603041.041428415,2010260.8018829913,954018.7987738476,-10638761.440771576,196036460118094.8,1529.268881,196036460118094.8,1529.268881,196036459700898.06,1529.2688842545274,196036460535291.56,1529.2688777454728,196036460206467.38,1529.268880310611,196036460029722.25,1529.2688816893892
0.002289999999999991,0.0,-0.0007536714763936728,-0.00035021097343611134,0.0,0.6295402175384581,-0.1368018411281069,0.0,-2.4093440865852476e-22,-4.592234364084277e-23,75910621.77248816,0.0,-0.00013679204137030405,4.2024850425100074e-05,0.0,-0.9559066084015203,0.2936708293554236,-13617308.60670431,2002857.9155239859,943061.3206608093,-10671389.370519513,196036460118094.8,1529.268881,196036460118094.8,1529.268881,196036459706433.9,1529.2688842113428,196036460529755.75,1529.2688777886574,196036460207550.53,1529.2688803021613,196036460028639.1,1529.2688816978389
0.0022949999999999906,0.0,-0.0007505655125802968,-0.00035090318297498885,0.0,0.6211927626752008,-0.13844190777550025,0.0,-2.3751105799836124e-22,-4.544031450392614e-23,75974699.0672726,0.0,-0.00013616181184816312,4.230110770213321e-05,0.0,-0.9549767504813915,0.2966806465545097,-13631301.265366947,1995571.522250429,932251.2861449245,-10703478.456971595,196036460118094.8,1529.268881,196036460118094.8,1529.268881,196036459711892.34,1529.2688841687616,196036460524297.28,1529.2688778312386,196036460208623.0,1529.268880293795,196036460027566.66,1529.2688817062049
0.0022999999999999904,0.0,-0.0007475006930112652,-0.00035160350934478236,0.0,0.6129639138063132,-0.14006527395870672,0.0,-2.3408604969153694e-22,-4.494992657250061e-23,76037894.56194854,0.0,-0.00013553900933426977,4.257635658133227e-05,0.0,-0.9540372307489691,0.29968810844749655,-13645023.144801669,1988400.0180208576,921586.6022285308,-10735036.52455228,196036460118094.8,1529.268881,196036460118094.8,1529.268881,196036459717273.25,1529.2688841267855,196036460518916.38,1529.2688778732147,196036460209684.5,1529.2688802855143,196036460026505.1,1529.268881714486
0.00230499999999999,0.0,-0.0007444764243694507,-0.00035231186759516987,0.0,0.6048537283629059,-0.14167165007749752,0.0,-2.306647084324329e-22,-4.445158176949924e-23,76100210.97257626,0.0,-0.00013492352147451375,4.285062264904552e-05,0.0,-0.9530880823136476,0.3026930910207459,-13658478.36490084,1981341.8057532262,911065.1851897667,-10766071.373957846,196036460118094.8,1529.268881,196036460118094.8,1529.268881,196036459722576.56,1529.2688840854148,196036460513613.03,1529.2688779145858,196036460210734.94,1529.26888027732,196036460025454.7,1529.2688817226804
0.00230999999999999,0.0,-0.0007414921139729716,-0.00035302817139745354,0.0,0.5968620792958144,-0.14326076045673472,0.0,-2.27252035855978e-22,-4.394566432975275e-23,76161651.42087165,0.0,-0.00013431523632681557,4.312393120375522e-05,0.0,-0.9521293379178939,0.30569547572058187,-13671671.031598084,1974395.2967110444,900684.9649777337,-10796590.769909305,196036460118094.8,1529.268881,196036460118094.8,1529.268881,196036459727802.38,1529.2688840446485,196036460508387.25,1529.2688779553516,196036460211774.06,1529.268880269214,196036460024415.56,1529.2688817307865
0.00231499999999999,0.0,-0.0007385471706416298,-0.0003537523331111213,0.0,0.5889886662683721,-0.14483234273354634,0.0,-2.2385271657708325e-22,-4.3432540928087706e-23,76222219.41104311,0.0,-0.00013371404255634658,4.339630724832567e-05,0.0,-0.951161029974393,0.30869514906789797,-13684605.228895092,1967558.9131278745,890443.8865440559,-10826602.42922316,196036460118094.8,1529.268881,196036460118094.8,1529.268881,196036459732950.88,1529.2688840044855,196036460503238.75,1529.268877995515,196036460212801.72,1529.2688802611972,196036460023387.9,1529.2688817388032
0.0023199999999999896,0.0,-0.0007356410055084302,-0.000354484263847366,0.0,0.5812330266399407,-0.14638614724893928,0.0,-2.2047112325103967e-22,-4.2912561685902476e-23,76281918.81721173,0.0,-0.00013311982949015583,4.366777541845373e-05,0.0,-0.9501831906597161,0.311692002123445,-13697285.019213364,1960831.0886650574,880339.9142786748,-10856114.01626963,196036460118094.8,1529.268881,196036460118094.8,1529.268881,196036459738022.3,1529.2688839649231,196036460498167.3,1529.268878035077,196036460213817.78,1529.2688802532707,196036460022371.84,1529.2688817467294
0.0023249999999999894,0.0,-0.0007327730327770596,-0.0003552238735297374,0.0,0.5735945462741161,-0.1479219364742865,0.0,-2.1711132417231106e-22,-4.2386059752601506e-23,76340753.84628811,0.0,-0.00013253248734126965,4.393835985726496e-05,0.0,-0.9491958522597952,0.3146859292259522,-13709714.433966795,1954210.2708599977,870371.0340752407,-10885133.129031556,196036460118094.8,1529.268881,196036460118094.8,1529.268881,196036459743017.2,1529.2688839259586,196036460493172.44,1529.2688780740416,196036460214822.03,1529.2688802454368,196036460021367.6,1529.2688817545634
0.002329999999999989,0.0,-0.0007299426704266413,-0.000355971070951854,0.0,0.5660724700836662,-0.14943948442331245,0.0,-2.1377709191304665e-22,-4.1853352933036764e-23,76398729.03757827,0.0,-0.00013195190729294663,4.420808436717483e-05,0.0,-0.9481990468549139,0.31767682877955244,-13721897.47312038,1947694.9228998171,860535.255248034,-10913667.294972528,196036460118094.8,1529.268881,196036460118094.8,1529.268881,196036459747935.94,1529.2688838875877,196036460488253.7,1529.2688781124125,196036460215814.34,1529.2688802376958,196036460020375.25,1529.2688817623048
0.002334999999999989,0.0,-0.0007271493408652605,-0.00035672576383245633,0.0,0.5586659122761771,-0.15093857612046296,0.0,-2.1047191133308925e-22,-4.131474340515088e-23,76455849.22831818,0.0,-0.00013137798156044763,4.4476972175932224e-05,0.0,-0.9471928068192993,0.3206646015851728,-13733838.100932276,1941283.5233946953,850830.6131992291,-10941723.964338353,196036460118094.8,1529.268881,196036460118094.8,1529.268881,196036459752779.12,1529.2688838498063,196036460483410.5,1529.2688781501938,196036460216794.62,1529.2688802300488,196036460019394.97,1529.2688817699516
0.002339999999999989,0.0,-0.0007243924715336495,-0.0003574878588677538,0.0,0.5513738663221825,-0.15241900705949268,0.0,-2.0719898963464062e-22,-4.077051865168227e-23,76512119.53661746,0.0,-0.00013081060362373482,4.474504603961841e-05,0.0,-0.9461771647469405,0.32364915095121316,-13745540.24079057,1934974.5698752794,841255.1713562306,-10969310.499559062,196036460118094.8,1529.268881,196036460118094.8,1529.268881,196036459757547.44,1529.268883812609,196036460478642.2,1529.2688781873912,196036460217762.72,1529.2688802224966,196036460018426.9,1529.2688817775036
0.0023449999999999886,0.0,-0.0007216714954607748,-0.00035825726178122545,0.0,0.5441952145749387,-0.1538805826943326,0.0,-2.0396126573362068e-22,-4.0220951615484244e-23,76567545.33743681,0.0,-0.0001302496681831438,4.5012328055960925e-05,0.0,-0.9451521538211239,0.3266303815129429,-13757007.77366467,1928766.5773050163,831807.0232356671,-10996434.173123987,196036460118094.8,1529.268881,196036460118094.8,1529.268881,196036459762241.62,1529.2688837759897,196036460473948.0,1529.2688782240102,196036460218718.44,1529.2688802150412,196036460017471.2,1529.268881784959
0.0023499999999999884,0.0,-0.0007189858517729473,-0.00035903387737090214,0.0,0.5371287375655164,-0.15532311793533865,0.0,-2.0076142204107551e-22,-3.966630198762873e-23,76622132.25923154,0.0,-0.00012969507127101577,4.527883987625214e-05,0.0,-0.9441178074305486,0.32960820028108123,-13768244.534688644,1922658.080446886,822484.2924125206,-11023102.161829237,196036460118094.8,1529.268881,196036460118094.8,1529.268881,196036459766862.44,1529.2688837399432,196036460469327.2,1529.268878260057,196036460219661.75,1529.2688802076825,196036460016527.9,1529.2688817923176
0.002354999999999988,0.0,-0.0007163349861584987,-0.00035981760955435297,0.0,0.530173122889713,-0.1567464366901681,0.0,-1.9760189235394265e-22,-3.9106816241749896e-23,76675886.14056598,0.0,-0.00012914671046035072,4.5544602406606704e-05,0.0,-0.9430741600151171,0.3325825141401473,-13779254.312666722,1916647.6351746372,813285.1364744488,-11049321.541017635,196036460118094.8,1529.268881,196036460118094.8,1529.268881,196036459771410.78,1529.2688837044618,196036460464778.84,1529.2688782955383,196036460220592.44,1529.268880200422,196036460015597.2,1529.268881799578
0.002359999999999988,0.0,-0.0007137183512893908,-0.0003606083614113822,0.0,0.5233269738215798,-0.15815037140584615,0.0,-1.9448487561805968e-22,-3.8542728492048826e-23,76728813.03567243,0.0,-0.0001286044847254544,4.580963600792732e-05,0.0,-0.9420212465389544,0.3355532313496542,-13790040.844774408,1910733.8174422667,804207.7458951356,-11075099.281437006,196036460118094.8,1529.268881,196036460118094.8,1529.268881,196036459775887.53,1529.2688836695388,196036460460302.12,1529.2688783304611,196036460221510.5,1529.2688801932604,196036460014679.12,1529.2688818067397
0.0023649999999999878,0.0,-0.0007111354072021403,-0.000361406035224585,0.0,0.5165888174501132,-0.1595347626405587,0.0,-1.9141234493744575e-22,-3.7974260832344214e-23,76780919.18083106,0.0,-0.00012806829463055943,4.6073960319512134e-05,0.0,-0.9409591030791653,0.33852025985523043,-13800607.816572158,1904915.2248491463,795250.3459981576,-11100442.245724853,196036460118094.8,1529.268881,196036460118094.8,1529.268881,196036459780293.62,1529.2688836351674,196036460455895.97,1529.268878364833,196036460222415.75,1529.2688801861987,196036460013773.88,1529.2688818138015
0.0023699999999999876,0.0,-0.0007085856216396213,-0.000362210532517821,0.0,0.5099571125038093,-0.1608994586471923,0.0,-1.8838605826982755e-22,-3.740162466281961e-23,76832210.98426834,0.0,-0.0001275380424796697,4.633759436642522e-05,0.0,-0.9398877667590579,0.34148350750317474,-13810958.862000791,1899190.4789877634,786411.1983558049,-11125357.184657224,196036460118094.8,1529.268881,196036460118094.8,1529.268881,196036459784630.16,1529.2688836013383,196036460451559.44,1529.2688783986623,196036460223308.16,1529.268880179237,196036460012881.5,1529.2688818207628
0.0023749999999999874,0.0,-0.0007060684703555979,-0.0003630217540928352,0.0,0.5034302568046588,-0.1622443150028404,0.0,-1.8540757081206858e-22,-3.6825020305714327e-23,76882695.01189795,0.0,-0.00012701363208774205,4.660055642923053e-05,0.0,-0.9388072759203445,0.34444288159145064,-13821097.557932006,1893558.2216806188,777688.6007895919,-11149850.735461796,196036460118094.8,1529.268881,196036460118094.8,1529.268881,196036459788898.12,1529.268883568044,196036460447291.5,1529.2688784319562,196036460224187.56,1529.2688801723768,196036460012002.1,1529.268881827623
0.002379999999999987,0.0,-0.0007035834373841327,-0.0003638396000639602,0.0,0.4970065942930354,-0.16356919422499525,0.0,-1.8247824473017773e-22,-3.624463814540637e-23,76932377.9683698,0.0,-0.0001264949690581029,4.686286411683931e-05,0.0,-0.9377176702565225,0.3473982885517423,-13831027.425042514,1888017.118834092,769080.8875617911,-11173929.418646632,196036460118094.8,1529.268881,196036460118094.8,1529.268881,196036459793098.6,1529.2688835352765,196036460443091.03,1529.2688784647237,196036460225053.88,1529.2688801656188,196036460011135.72,1529.2688818343818
0.002384999999999987,0.0,-0.0007011300152755553,-0.0003646639698910964,0.0,0.49068442171547527,-0.16487396542723884,0.0,-1.7959925902920809e-22,-3.56606595086068e-23,76981266.68446934,0.0,-0.00012598196078973195,4.71245343230174e-05,0.0,-0.9366189910055843,0.35034963349157516,-13840751.929620925,1882565.8601704803,760586.4307529347,-11197599.638697512,196036460118094.8,1529.268881,196036460118094.8,1529.268881,196036459797232.72,1529.2688835030265,196036460438956.9,1529.268878496974,196036460225907.1,1529.2688801589627,196036460010282.53,1529.2688818410375
0.0023899999999999868,0.0,-0.0006987077053007028,-0.00036549476241112355,0.0,0.48446199497050346,-0.16615850400542956,0.0,-1.7677162124791818e-22,-3.507325653026919e-23,77029368.10371113,0.0,-0.000125474516382248,4.738558317512148e-05,0.0,-0.9355112810776733,0.3532968199353208,-13850274.477795675,1877203.1575675262,752203.640675319,-11220867.679552829,196036460118094.8,1529.268881,196036460118094.8,1529.268881,196036459801301.62,1529.268883471285,196036460434888.03,1529.2688785287148,196036460226747.06,1529.2688801524102,196036460009442.56,1529.26888184759
0.0023949999999999865,0.0,-0.0006963160176254564,-0.0003663318758677198,0.0,0.4783375350492841,-0.16742269131924287,0.0,-1.7399617711157126e-22,-3.4482593136350444e-23,77076689.2704023,0.0,-0.00012497254678193006,4.764602611030759e-05,0.0,-0.9343945850950693,0.3562397498104515,-13859598.417177169,1871927.7471788067,743930.9647105787,-11243739.705287782,196036460118094.8,1529.268881,196036460118094.8,1529.268881,196036459805306.44,1529.2688834400437,196036460430883.22,1529.2688785599562,196036460227573.72,1529.2688801459617,196036460008615.9,1529.2688818540385
0.0023999999999999863,0.0,-0.0006939544714572473,-0.0003671752079397586,0.0,0.47230923364183885,-0.16866641440776114,0.0,-1.7127362003652357e-22,-3.388882579785328e-23,77123237.31987932,0.0,-0.000124475964774974,4.790587785667325e-05,0.0,-0.9332689495316482,0.3591783231767944,-13868727.037549485,1866738.3890828881,735766.8885790287,-11266221.759887569,196036460118094.8,1529.268881,196036460118094.8,1529.268881,196036459809248.38,1529.2688834092928,196036460426941.25,1529.2688785907073,196036460228387.0,1529.268880139617,196036460007802.62,1529.268881860383
0.002404999999999986,0.0,-0.0006916225951651774,-0.0003680246557684145,0.0,0.4663752584139674,-0.16988956573118796,0.0,-1.6860450055224663e-22,-3.329210355858204e-23,77169019.46105261,0.0,-0.00012398468494269528,4.8165152299489796e-05,0.0,-0.9321344231122215,0.362112437302623,-13877663.569705568,1861633.865846416,727709.9365573308,-11288319.767301822,196036460118094.8,1529.268881,196036460118094.8,1529.268881,196036459813128.66,1529.268883379023,196036460423061.0,1529.268878620977,196036460229186.84,1529.2688801333777,196036460007002.78,1529.2688818666225
0.002409999999999986,0.0,-0.0006893199263753887,-0.00036888011598298215,0.0,0.4605337579577305,-0.17109204291352403,0.0,-1.6598923635977335e-22,-3.2692568836341975e-23,77214042.97280996,0.0,-0.00012349862376570946,4.8423862666333584e-05,0.0,-0.9309910565626945,0.36504198744839944,-13886411.183587035,1856612.9846259465,719758.6699073942,-11310039.529053694,196036460118094.8,1529.268881,196036460118094.8,1529.268881,196036459816948.44,1529.2688833492252,196036460419241.16,1529.2688786507754,196036460229973.16,1529.2688801272436,196036460006216.5,1529.2688818727563
0.0024149999999999857,0.0,-0.0006870460120434215,-0.00036974148472554717,0.0,0.45478286639344767,-0.17227374851300184,0.0,-1.634281200710095e-22,-3.2090358147301124e-23,77258315.19391479,0.0,-0.00012301769953705323,4.8682021393386864e-05,0.0,-0.9298389029774969,0.36796686604856815,-13894972.992161516,1851674.5751738008,711911.6886385359,-11331386.728349177,196036460118094.8,1529.268881,196036460118094.8,1529.268881,196036459820709.0,1529.2688833198895,196036460415480.62,1529.268878680111,196036460230745.88,1529.2688801212157,196036460005443.78,1529.2688818787842
0.0024199999999999855,0.0,-0.0006848004085049037,-0.00037060865767463526,0.0,0.4491207077035561,-0.17343458981761645,0.0,-1.609213285741235e-22,-3.148560210826181e-23,77301843.5088962,0.0,-0.00012254183248733188,4.8939640192615723e-05,0.0,-0.9286780178968989,0.370886962665294,-13903352.04696,1846817.491614975,704167.6295173488,-11352366.925827675,196036460118094.8,1529.268881,196036460118094.8,1529.268881,196036459824411.53,1529.268883291006,196036460411778.1,1529.2688787089942,196036460231504.94,1529.2688801152945,196036460004684.66,1529.268881884706
0.0024249999999999853,0.0,-0.0006825826815061938,-0.00037148153006783896,0.0,0.443545399741995,-0.17457447864073508,0.0,-1.5846893099771533e-22,-3.0878426256848507e-23,77344635.35003039,0.0,-0.00012207094459608289,4.9196730022217334e-05,0.0,-0.9275084593140661,0.37380216412006934,-13911551.342036195,1842040.609645872,696525.1662420754,-11372985.56614825,196036460118094.8,1529.268881,196036460118094.8,1529.268881,196036459828057.28,1529.2688832625659,196036460408132.38,1529.268878737434,196036460232250.3,1529.2688801094798,196036460003939.3,1529.2688818905206
0.002429999999999985,0.0,-0.0006803924062163554,-0.0003723599967235646,0.0,0.43805505796766214,-0.17569333114512303,0.0,-1.5607089618538925e-22,-3.0268951395098847e-23,77386698.18011592,0.0,-0.00012160495979388727,4.945330110815849e-05,0.0,-0.9263302879546781,0.3767123539490089,-13919573.811901087,1837342.8290767034,688983.0094834423,-11393247.973340943,196036460118094.8,1529.268881,196036460118094.8,1529.268881,196036459831647.44,1529.268883234559,196036460404542.22,1529.2688787654406,196036460232981.97,1529.2688801037723,196036460003207.66,1529.268881896228
0.002434999999999985,0.0,-0.0006782291672217609,-0.00037324395206195894,0.0,0.4326477989189055,-0.1767910676788737,0.0,-1.5372710033056655e-22,-2.965729384725816e-23,77428039.48869507,0.0,-0.00012114380382962678,4.97093628943751e-05,0.0,-0.9251435674030064,0.37961741226245016,-13927422.332558025,1832723.071641435,681539.9059459066,-11413159.354970682,196036460118094.8,1529.268881,196036460118094.8,1529.268881,196036459835183.28,1529.2688832069764,196036460401006.38,1529.2688787930238,196036460233699.78,1529.2688800981725,196036460002489.84,1529.2688819018276
0.0024399999999999847,0.0,-0.0006760925585046433,-0.0003741332901250603,0.0,0.4273217434234965,-0.17786761262027026,0.0,-1.5143733383408624e-22,-2.9043566341216843e-23,77468666.78976272,0.0,-0.00012068740431219645,4.99649241262766e-05,0.0,-0.9239483640576382,0.38251721602460487,-13935099.723327136,1828180.2817755183,674194.6382653115,-11432724.803286307,196036460118094.8,1529.268881,196036460118094.8,1529.268881,196036459838666.03,1529.2688831798075,196036460397523.56,1529.2688788201929,196036460234403.75,1529.268880092681,196036460001785.88,1529.2688819073192
0.0024449999999999845,0.0,-0.0006739821834067883,-0.00037502790459632623,0.0,0.42207501957101556,-0.1789228942531857,0.0,-1.4920130855812956e-22,-2.8427877949709236e-23,77508587.61706239,0.0,-0.00012023569059244082,5.0219992809665033e-05,0.0,-0.9227447472412286,0.3854116389507732,-13942608.7459719,1823713.424671457,666946.0236108901,-11451949.297689553,196036460118094.8,1529.268881,196036460118094.8,1529.268881,196036459842096.9,1529.2688831530436,196036460394092.72,1529.2688788469566,196036460235093.8,1529.268880087298,196036460001095.84,1529.2688819127022
0.0024499999999999843,0.0,-0.0006718976545796187,-0.00037592768881952846,0.0,0.4169057654339151,-0.1799568446404457,0.0,-1.470186633374139e-22,-2.7810334605437436e-23,77547809.50920303,0.0,-0.00011978859395870217,5.047457621473844e-05,0.0,-0.9215327895447124,0.38830055085454196,-13949952.105184972,1819321.4886235083,659792.9137434602,-11470837.702818004,196036460118094.8,1529.268881,196036460118094.8,1529.268881,196036459845477.12,1529.2688831266746,196036460390712.53,1529.2688788733253,196036460235769.88,1529.2688800820238,196036460000419.75,1529.2688819179764
0.002454999999999984,0.0,-0.0006698385939216305,-0.00037683253581710364,0.0,0.41181213159764213,-0.18096939951503854,0.0,-1.4488897089875332e-22,-2.7191039445856545e-23,77586340.0179923,0.0,-0.00011934604740623713,5.07286809246848e-05,0.0,-0.9203125665706099,0.39118381844372957,-13957132.44957233,1815003.4821060402,652734.1936233529,-11489394.773842936,196036460118094.8,1529.268881,196036460118094.8,1529.268881,196036459848807.88,1529.2688831006917,196036460387381.75,1529.2688788993084,196036460236432.0,1529.2688800768585,196036459999757.62,1529.2688819231416
0.002459999999999984,0.0,-0.0006678046325043754,-0.00037774233830802,0.0,0.40679228345102353,-0.1819604981832704,0.0,-1.4281174242945478e-22,-2.65700932524799e-23,77624186.69395839,0.0,-0.00011890798575707652,5.0982312760566165e-05,0.0,-0.919084157411542,0.3940613043615372,-13964152.373596393,1810758.4347102423,645768.781755359,-11507625.15713079,196036460118094.8,1529.268881,196036460118094.8,1529.268881,196036459852090.38,1529.2688830750851,196036460384099.25,1529.2688789249153,196036460237080.1,1529.2688800718029,196036459999109.53,1529.2688819281973
0.0024649999999999837,0.0,-0.0006657954104877836,-0.0003786569887252357,0.0,0.4018444033183747,-0.18293008344314107,0.0,-1.4078643370187007e-22,-2.59475947445553e-23,77661357.09006658,0.0,-0.00011847434557859134,5.123547687985988e-05,0.0,-0.9178476444204974,0.39693286791565147,-13971014.417238725,1806585.3964267597,638895.6285298443,-11525533.39228212,196036460118094.8,1529.268881,196036460118094.8,1529.268881,196036459855325.84,1529.2688830498453,196036460380863.78,1529.2688789501549,196036460237714.1,1529.268880066857,196036459998475.5,1529.2688819331433
0.0024699999999999835,0.0,-0.0006638105770258865,-0.0003795763792328002,0.0,0.3969666923794155,-0.18387810151289444,0.0,-1.388124500643144e-22,-2.5323640646345715e-23,77697858.75649554,0.0,-0.00011804506512784356,5.1488177729894386e-05,0.0,-0.9166031134049298,0.39979836479954434,-13977721.066540131,1802483.4364769289,632113.7152224232,-11543123.91484078,196036460118094.8,1529.268881,196036460118094.8,1529.268881,196036459858515.4,1529.2688830249638,196036460377674.22,1529.2688789750364,196036460238334.03,1529.268880062021,196036459997855.6,1529.2688819379791
0.0024749999999999833,0.0,-0.0006618497901638052,-0.0003805004017426097,0.0,0.3921573724162703,-0.1848045019618997,0.0,-1.3688915057577329e-22,-2.4698326327786734e-23,77733699.23445104,0.0,-0.00011762008446247593,5.1740419093995174e-05,0.0,-0.9153506537670062,0.40265764695124606,-13984274.75516952,1798451.6447923689,625422.0540620446,-11560401.056315105,196036460118094.8,1529.268881,196036460118094.8,1529.268881,196036459861660.28,1529.2688830004308,196036460374529.38,1529.2688789995693,196036460238939.84,1529.268880057295,196036459997249.8,1529.2688819427049
0.002479999999999983,0.0,-0.0006599127167267191,-0.00038142894793092837,0.0,0.3874146874172156,-0.18570923766372927,0.0,-1.3501585304222022e-22,-2.4071745594310554e-23,77768886.05771565,0.0,-0.00011719934521975393,5.199220402127233e-05,0.0,-0.9140903585643195,0.4055105625994884,-13990677.864488797,1794489.1285858103,618819.6867349944,-11577369.049167993,196036460118094.8,1529.268881,196036460118094.8,1529.268881,196036459864761.53,1529.2688829762383,196036460371428.1,1529.268879023762,196036460239531.44,1529.26888005268,196036459996658.2,1529.2688819473199
0.002484999999999983,0.0,-0.0006579990322016894,-0.0003823619092546381,0.0,0.3827369050059392,-0.18659226474195456,0.0,-1.3319183741273705e-22,-2.344399167440465e-23,77803426.74872115,0.0,-0.00011678279080642046,5.224353496977994e-05,0.0,-0.9128223244685232,0.4083569565366583,-13996932.726668963,1790595.0153943405,612305.6838096032,-11594032.027465021,196036460118094.8,1529.268881,196036460118094.8,1529.268881,196036459867820.38,1529.2688829523763,196036460368369.28,1529.2688790476238,196036460240108.84,1529.2688800481758,196036459996080.78,1529.2688819518244
0.0024899999999999827,0.0,-0.0006561084206129237,-0.0003832991769673889,0.0,0.37812231775313676,-0.18745354255015725,0.0,-1.3141635048765238e-22,-2.2815156588883336e-23,77837328.8173547,0.0,-0.00011637036617920989,5.249441370089349e-05,0.0,-0.9115466519185804,0.41119666994763776,-14003041.622473123,1786768.4494805117,605879.1432249119,-11610394.0297677,196036460118094.8,1529.268881,196036460118094.8,1529.268881,196036459870837.88,1529.268882928837,196036460365351.72,1529.2688790711634,196036460240672.03,1529.2688800437825,196036459995517.6,1529.268881956218
0.0024949999999999825,0.0,-0.0006542405743912988,-0.00038424064213553934,0.0,0.3735692443249887,-0.18829303363008795,0.0,-1.296886085401708e-22,-2.2185332209136865e-23,77870599.75850683,0.0,-0.00011596201795760734,5.274484135688247e-05,0.0,-0.9102634451676059,0.41402954048183666,-14009006.786099743,1783008.5935241568,599539.1903233515,-11626459.002252234,196036460118094.8,1529.268881,196036460118094.8,1529.268881,196036459873815.2,1529.268882905611,196036460362374.44,1529.2688790943891,196036460241221.0,1529.2688800395,196036459994968.62,1529.2688819605003
0.0024999999999999823,0.0,-0.0006523951942385948,-0.0003851861956540718,0.0,0.3690760305408088,-0.18911070370648916,0.0,-1.2800780179119057e-22,-2.1554609425487867e-23,77903247.05071343,0.0,-0.00011555769423596725,5.2994818385737956e-05,0.0,-0.9089728123795607,0.41685540221375533,-14014830.401063837,1779314.625602831,593284.9761194506,-11642230.799341556,196036460118094.8,1529.268881,196036460118094.8,1529.268881,196036459876753.3,1529.268882882691,196036460359436.3,1529.268879117309,196036460241755.66,1529.2688800353292,196036459994433.97,1529.268881964671
0.002504999999999982,0.0,-0.0006505719889872165,-0.00038613572826233733,0.0,0.3646410502756563,-0.18990652165310512,0.0,-1.2637309616350631e-22,-2.092307965562418e-23,77935278.15332156,0.0,-0.00011515734483280025,5.3244344725024595e-05,0.0,-0.9076748655426516,0.419674086002614,-14020514.606939198,1775685.7432482524,587115.6768463323,-11657713.186844613,196036460118094.8,1529.268881,196036460118094.8,1529.268881,196036459879653.4,1529.2688828600674,196036460356536.25,1529.2688791399326,196036460242276.06,1529.2688800312694,196036459993913.56,1529.2688819687305
0.002509999999999982,0.0,-0.0006487706754557057,-0.0003870891305598921,0.0,0.36026270630217244,-0.19068045951095297,0.0,-1.2478363778454761e-22,-2.0290833466883344e-23,77966700.50873487,0.0,-0.00011476092088755514,5.34934195993619e-05,0.0,-0.9063697206405407,0.4224854192821194,-14026061.494127937,1772121.1569554005,581030.492475435,-11672909.844697101,196036460118094.8,1529.268881,196036460118094.8,1529.268881,196036459882516.4,1529.2688828377334,196036460353673.2,1529.2688791622672,196036460242782.12,1529.2688800273218,196036459993407.47,1529.2688819726786
0.0025149999999999817,0.0,-0.0006469909783008237,-0.0003880462930221864,0.0,0.3559394309764141,-0.19143249245886138,0.0,-1.232385537879957e-22,-1.9657962531429314e-23,77997521.53999093,0.0,-0.0001143683751364684,5.374204170817946e-05,0.0,-0.9050574975826629,0.42528922637354477,-14031473.113679986,1768620.0946113584,575028.646671524,-11687824.372397104,196036460118094.8,1529.268881,196036460118094.8,1529.268881,196036459885343.44,1529.26888281568,196036460350846.16,1529.2688791843204,196036460243273.9,1529.2688800234853,196036459992915.72,1529.2688819765149
0.0025199999999999815,0.0,-0.0006452326298663441,-0.00038900710601644516,0.0,0.3516696868959145,-0.1921625988517485,0.0,-1.2173695631781233e-22,-1.9024558057753174e-23,78027748.64460655,0.0,-0.00011397966175943534,5.399020911048127e-05,0.0,-0.9037383204529128,0.4280853281122214,-14036751.468466057,1765181.7986953252,569109.3850779242,-11702460.284692809,196036460118094.8,1529.268881,196036460118094.8,1529.268881,196036459888135.47,1529.2688827938994,196036460348054.2,1529.2688792061006,196036460243751.34,1529.268880019761,196036459992438.28,1529.2688819802393
0.0025249999999999813,0.0,-0.000643495370029249,-0.0003899714598174679,0.0,0.34745196741901935,-0.19287076020455754,0.0,-1.2027794441230843e-22,-1.8390711716732557e-23,78057389.20053218,0.0,-0.00011359473633042933,5.423791932077872e-05,0.0,-0.9024123172548618,0.4308735425466626,-14041898.51928378,1761805.5260484198,563271.9741634477,-11716821.019071914,196036460118094.8,1529.268881,196036460118094.8,1529.268881,196036459890893.44,1529.2688827723846,196036460345296.16,1529.2688792276158,196036460244214.4,1529.2688800161486,196036459991975.22,1529.2688819838515
0.002529999999999981,0.0,-0.0006417789460436543,-0.0003909392446235093,0.0,0.3432847971189477,-0.1935569612082767,0.0,-1.1886060567080797e-22,-1.775651613045283e-23,78086450.56435956,0.0,-0.0001132135558202013,5.448516930991373e-05,0.0,-0.9010796200130321,0.4336536848652042,-14046916.187696934,1758490.547752425,557515.7013230707,-11730909.938621439,196036460118094.8,1529.268881,196036460118094.8,1529.268881,196036459893618.4,1529.2688827511274,196036460342571.25,1529.2688792488727,196036460244663.1,1529.2688800126484,196036459991526.5,1529.268881987352
0.002534999999999981,0.0,-0.0006400831123827538,-0.00039191035057232375,0.0,0.33916673218010907,-0.19422118976289476,0.0,-1.1748401874549428e-22,-1.7122064236566976e-23,78114940.06654732,0.0,-0.00011283607857474343,5.473195549670615e-05,0.0,-0.8997403648671257,0.4364255673408371,-14051806.353134636,1755236.1486460974,551839.8726215088,-11744730.33186703,196036460118094.8,1529.268881,196036460118094.8,1529.268881,196036459896311.22,1529.2688827301208,196036460339878.38,1529.2688792698796,196036460245097.47,1529.2688800092599,196036459991092.2,1529.26888199074
0.0025399999999999806,0.0,-0.0006384076305792133,-0.0003928846677572654,0.0,0.3350963607080873,-0.19486343698833447,0.0,-1.161472550090451e-22,-1.6487449754241962e-23,78142865.01416273,0.0,-0.00011246226424038293,5.497827376133749e-05,0.0,-0.8983946920143793,0.4391889995894577,-14056570.855472956,1752041.6263035065,546243.8131071496,-11758285.416062301,196036460118094.8,1529.268881,196036460118094.8,1529.268881,196036459898972.88,1529.2688827093573,196036460337216.75,1529.2688792906429,196036460245517.44,1529.2688800059836,196036459990672.2,1529.2688819940165
0.0025449999999999804,0.0,-0.0006367522690643041,-0.00039386208624352304,0.0,0.3310723029818479,-0.1954836972515288,0.0,-1.1484938008929745e-22,-1.5852767144216374e-23,78170232.68760875,0.0,-0.0001120920737510113,5.522411943579618e-05,0.0,-0.8970427458107085,0.4419437884939494,-14061211.496528218,1748906.2906613287,540726.8648570772,-11771578.34100981,196036460118094.8,1529.268881,196036460118094.8,1529.268881,196036459901604.25,1529.2688826888302,196036460334585.4,1529.26887931117,196036460245923.03,1529.2688800028197,196036459990266.62,1529.2688819971804
0.0025499999999999802,0.0,-0.0006351168030060403,-0.0003948424960844836,0.0,0.32709321165277483,-0.19608196819211385,0.0,-1.135894556926214e-22,-1.521811183047424e-23,78197050.34321414,0.0,-0.00011172546930653532,5.54694874017335e-05,0.0,-0.8956846745147905,0.4446897388509583,-14065730.04046204,1745829.4642031435,535288.3864443097,-11784612.189814586,196036460118094.8,1529.268881,196036460118094.8,1529.268881,196036459904206.2,1529.2688826685328,196036460331983.44,1529.2688793314676,196036460246314.22,1529.268879999768,196036459989875.4,1529.2688820002322
0.00255499999999998,0.0,-0.0006335010141466376,-0.0003958257873382626,0.0,0.32315777188053385,-0.19665825075580126,0.0,-1.1236654041747382e-22,-1.4583580329383316e-23,78223325.20717193,0.0,-0.000111362414377699,5.571437200619331e-05,0.0,-0.8943206306451958,0.447426652762639,-14070128.215945031,1742810.48135767,529927.7525048206,-11797389.98208254,196036460118094.8,1529.268881,196036460118094.8,1529.268881,196036459906779.6,1529.2688826484575,196036460329410.03,1529.2688793515426,196036460246691.06,1529.2688799968284,196036459989498.56,1529.2688820031717
0.00255999999999998,0.0,-0.0006319046906394339,-0.00039681185008442376,0.0,0.31926470144075025,-0.1972125492322254,0.0,-1.1117969219755984e-22,-1.394926986445155e-23,78249064.48298967,0.0,-0.00011100287354088542,5.595876716740398e-05,0.0,-0.8929507704569819,0.45015433080253997,-14074407.714734545,1739848.6869490605,524644.3515142101,-11809914.676271273,196036460118094.8,1529.268881,196036460118094.8,1529.268881,196036459909325.3,1529.2688826285987,196036460326864.3,1529.2688793714015,196036460247053.53,1529.2688799940008,196036459989136.1,1529.2688820059993
0.0025649999999999796,0.0,-0.0006303276268856936,-0.000397800574440821,0.0,0.31541275074803987,-0.19774487127944299,0.0,-1.1002796825724426e-22,-1.3315278892220508e-23,78274275.34129325,0.0,-0.00011064681260711723,5.620266629507218e-05,0.0,-0.8915752544730842,0.45287257105200707,-14078570.194990443,1736943.4371853916,519437.58637002576,-11822189.171435026,196036460118094.8,1529.268881,196036460118094.8,1529.268881,196036459911844.12,1529.2688826089495,196036460324345.5,1529.2688793910506,196036460247401.62,1529.2688799912853,196036459988788.0,1529.268882008715
0.0025699999999999794,0.0,-0.0006287696233712907,-0.00039879185058065426,0.0,0.3116007028805849,-0.1982552279666529,0.0,-1.0891042667861313e-22,-1.2681707007698548e-23,78298964.92401633,0.0,-0.00011029419848240214,5.644606231517897e-05,0.0,-0.8901942472505898,0.4555811696744674,-14082617.282309704,1734094.0979328211,514306.87289151916,-11834216.311485361,196036460118094.8,1529.268881,196036460118094.8,1529.268881,196036459914336.88,1529.2688825895036,196036460321852.78,1529.268879410496,196036460247735.34,1529.268879988682,196036459988454.28,1529.268882011318
0.002574999999999979,0.0,-0.0006272304865035386,-0.00039978556874972244,0.0,0.30782737355041717,-0.19874363381363988,0.0,-1.0782612836452488e-22,-1.204865452276216e-23,78323140.34701958,0.0,-0.00010994499914309561,5.668894783049037e-05,0.0,-0.8888079168734226,0.45827992199432765,-14086550.566721356,1731300.0453126212,509251.63789295085,-11845998.883515785,196036460118094.8,1529.268881,196036460118094.8,1529.268881,196036459916804.25,1529.268882570256,196036460319385.34,1529.2688794297444,196036460248054.72,1529.2688799861905,196036459988134.9,1529.2688820138096
0.002579999999999979,0.0,-0.0006257100284485102,-0.0004007816192838005,0.0,0.3040916110056894,-0.19921010681561105,0.0,-1.0677413588006694e-22,-1.1416223586316417e-23,78346808.68950485,0.0,-0.00010959918371532756,5.6931314910989e-05,0.0,-0.887416435827592,0.46096862086594703,-14090371.610944083,1728560.6652421055,504271.3208989989,-11857539.624802979,196036460118094.8,1529.268881,196036460118094.8,1529.268881,196036459919247.12,1529.268882551199,196036460316942.5,1529.268879448801,196036460248359.75,1529.268879983811,196036459987829.88,1529.2688820161893
0.002584999999999979,0.0,-0.0006242080669686447,-0.0004017798926263347,0.0,0.30039229597308487,-0.1996546685068421,0.0,-1.0575351652741401e-22,-1.0784516950040913e-23,78369977.00518493,0.0,-0.00010925672221362926,5.7173155261174465e-05,0.0,-0.8860199800619146,0.46364705858129235,-14094081.94491249,1725875.3511381897,499365.37034904084,-11868841.22342526,196036460118094.8,1529.268881,196036460118094.8,1529.268881,196036459921666.12,1529.2688825323287,196036460314523.53,1529.2688794676712,196036460248650.47,1529.268879981543,196036459987539.2,1529.2688820184567
0.0025899999999999786,0.0,-0.0006227244252611763,-0.0004027802793462425,0.0,0.2967283414936959,-0.200077343981561,0.0,-1.0476334182158556e-22,-1.015363850453272e-23,78392652.30887176,0.0,-0.00010891758579779813,5.741446019783244e-05,0.0,-0.884618729543677,0.4663150258575536,-14097683.066933988,1723243.5068687014,494533.2448341306,-11879906.315231157,196036460118094.8,1529.268881,196036460118094.8,1529.268881,196036459924062.0,1529.2688825136386,196036460312127.62,1529.2688794863616,196036460248926.84,1529.268879979387,196036459987262.78,1529.268882020613
0.0025949999999999784,0.0,-0.000621258931797291,-0.00040378267015590954,0.0,0.29309869277706485,-0.20047816193340717,0.0,-1.0380268844758815e-22,-9.523693593376958e-24,78414841.58584912,0.0,-0.00010858174648830624,5.765522062098019e-05,0.0,-0.8832128679061071,0.4689723125783327,-14101176.449898956,1720664.5429305092,489774.4114150558,-11890737.495553391,196036460118094.8,1529.268881,196036460118094.8,1529.268881,196036459926435.44,1529.2688824951238,196036460309754.16,1529.2688795048768,196036460249188.9,1529.2688799773427,196036459987000.7,1529.2688820226576
0.002599999999999978,0.0,-0.0006198114201621807,-0.0004047869559294384,0.0,0.2895023270220636,-0.20085715470577195,0.0,-1.0287063897574167e-22,-8.89478893752934e-24,78436551.78615168,0.0,-0.00010824917732246955,5.789542714439901e-05,0.0,-0.8818025823177291,0.47161870808714157,-14104563.539045207,1718137.8791480162,485088.34510212037,-11901337.314795071,196036460118094.8,1529.268881,196036460118094.8,1529.268881,196036459928787.12,1529.2688824767781,196036460307402.47,1529.2688795232223,196036460249436.78,1529.268879975409,196036459986752.84,1529.268882024591
0.002604999999999978,0.0,-0.0006183817288961158,-0.000405793027721136,0.0,0.28593825321299016,-0.20121435833951926,0.0,-1.0196628279720658e-22,-8.267031731662698e-24,78457789.82257807,0.0,-0.00010791985215377342,5.813506990325839e-05,0.0,-0.8803880638033986,0.4742540006288855,-14107845.749232803,1715662.9408419826,480474.5280856098,-11911708.28030521,196036460118094.8,1529.268881,196036460118094.8,1529.268881,196036459931117.72,1529.2688824585973,196036460305071.9,1529.2688795414026,196036460249670.34,1529.268879973587,196036459986519.28,1529.2688820264132
0.002609999999999978,0.0,-0.0006169697013366995,-0.000406800776784083,0.0,0.28240551188325275,-0.201549812589398,0.0,-1.0108871618333966e-22,-7.640530712770817e-24,78478562.57087293,0.0,-0.00010759374579404594,5.83741387823307e-05,0.0,-0.8789695067552641,0.47687797830724754,-14111024.471146839,1713239.1620047772,475932.44853991864,-11921852.860602142,196036460118094.8,1529.268881,196036460118094.8,1529.268881,196036459933427.8,1529.2688824405764,196036460302761.8,1529.2688795594238,196036460249889.7,1529.268879971876,196036459986299.94,1529.2688820281242
0.0026149999999999776,0.0,-0.0006155751854623145,-0.0004078100945889704,0.0,0.2789031748769972,-0.20186356097747768,0.0,-1.0023704344358089e-22,-7.015395685323213e-24,78498876.8735173,0.0,-0.00010727083379522952,5.8612623352808445e-05,0.0,-0.8775471087631297,0.4794904294159289,-14114101.070260076,1710865.9821273189,471461.6003330575,-11931773.487799697,196036460118094.8,1529.268881,196036460118094.8,1529.268881,196036459935718.0,1529.268882422711,196036460300471.62,1529.2688795772895,196036460250094.84,1529.2688799702755,196036459986094.75,1529.2688820297249
0.0026199999999999774,0.0,-0.0006141980337369614,-0.00040882087284312103,0.0,0.27543034507061803,-0.20215565083013223,0.0,-9.94103762287823e-23,-6.391737714761698e-24,78518739.5267315,0.0,-0.00010695109264367642,5.885051279761354e-05,0.0,-0.876121071246474,0.48209114129791963,-14117076.887952164,1708542.848019226,467061.48280136846,-11941472.557131568,196036460118094.8,1529.268881,196036460118094.8,1529.268881,196036459937988.9,1529.2688824049956,196036460298200.7,1529.2688795950048,196036460250285.84,1529.2688799687858,196036459985903.75,1529.2688820312148
0.002624999999999977,0.0,-0.0006128381029563693,-0.0004098330035097297,0.0,0.271986156118407,-0.20242613332172799,0.0,-9.860783540978837e-23,-5.769668809337918e-24,78538157.29260102,0.0,-0.00010663449950499437,5.908779607867211e-05,0.0,-0.8746915984132939,0.4846799022707637,-14119953.241960026,1706269.2117289929,462731.5987421265,-11950952.431488907,196036460118094.8,1529.268881,196036460118094.8,1529.268881,196036459940241.1,1529.2688823874264,196036460295948.5,1529.268879612574,196036460250462.75,1529.2688799674056,196036459985726.9,1529.2688820325943
0.002629999999999977,0.0,-0.0006114952540957038,-0.00041084637882726614,0.0,0.2685697721331153,-0.2026750635072884,0.0,-9.782855066934914e-23,-5.149301809144268e-24,78557136.88832179,0.0,-0.0001063210323297087,5.932446181407228e-05,0.0,-0.8732588978831013,0.48725650048818364,-14122731.425151085,1704044.5309630611,458471.45509659045,-11960215.439091435,196036460118094.8,1529.268881,196036460118094.8,1529.268881,196036459942475.1,1529.2688823699991,196036460293714.53,1529.268879630001,196036460250625.5,1529.268879966136,196036459985564.12,1529.2688820338642
0.0026349999999999768,0.0,-0.0006101693521588005,-0.0004118608913290227,0.0,0.26518038738065486,-0.20290250035131402,0.0,-9.707166094053836e-23,-4.530750869088218e-24,78575684.98963538,0.0,-0.00010601066980079711,5.956049840039181e-05,0.0,-0.8718231801639597,0.4898207248869734,-14125412.710598323,1701868.2692173466,454280.56131659314,-11969263.880064383,196036460118094.8,1529.268881,196036460118094.8,1529.268881,196036459944691.44,1529.2688823527096,196036460291498.22,1529.2688796472903,196036460250774.25,1529.2688799649757,196036459985415.38,1529.2688820350245
0.0026399999999999766,0.0,-0.0006088602660290025,-0.00041287643386288936,0.0,0.26181722595961016,-0.20310850677333606,0.0,-9.633631470315459e-23,-3.91413089941624e-24,78593808.22532548,0.0,-0.00010570339131498622,5.979589391222072e-05,0.0,-0.8703846589629063,0.49237236462054323,-14127998.34833712,1699739.894817833,450158.4295218379,-11978100.023997448,196036460118094.8,1529.268881,196036460118094.8,1529.268881,196036459946890.62,1529.2688823355538,196036460289299.0,1529.2688796644463,196036460250908.9,1529.2688799639252,196036459985280.7,1529.2688820360752
0.0026449999999999764,0.0,-0.0006075678683216501,-0.0004138928996112598,0.0,0.2584795414704807,-0.20329314967408574,0.0,-9.562167090371053e-23,-3.2995579595831757e-24,78611513.1846111,0.0,-0.00010539917686675576,6.003063628482079e-05,0.0,-0.8689435503033076,0.4949112106088153,-14130489.569705274,1697658.8807203975,446104.5731287729,-11986726.115856105,196036460118094.8,1529.268881,196036460118094.8,1529.268881,196036459949073.16,1529.268882318528,196036460287116.47,1529.268879681472,196036460251029.66,1529.2688799629832,196036459985159.94,1529.2688820370172
0.002649999999999976,0.0,-0.0006062920352383848,-0.00041491018211113633,0.0,0.25516661665304935,-0.20345649997531007,0.0,-9.492689836580685e-23,-2.6871488339910135e-24,78628806.40461645,0.0,-0.0001050980071509121,6.026471312699177e-05,0.0,-0.8675000733711457,0.49743705400890365,-14132887.58466994,1695624.7044433733,442118.50712850096,-11995144.373098064,196036460118094.8,1529.268881,196036460118094.8,1529.268881,196036459951239.5,1529.2688823016285,196036460284950.12,1529.2688796983716,196036460251136.5,1529.2688799621499,196036459985053.12,1529.2688820378505
0.002654999999999976,0.0,-0.0006050326464231639,-0.00041592817527436076,0.0,0.2518777630441792,-0.20359863264488856,0.0,-9.425117665394431e-23,-2.0770212190039147e-24,78645694.37622832,0.0,-0.00010479986344737309,6.049811185676979e-05,0.0,-0.8660544497888084,0.49994968746965357,-14135193.584633928,1693636.8475675718,438199.74703332235,-12003356.990033034,196036460118094.8,1529.268881,196036460118094.8,1529.268881,196036459953390.12,1529.2688822848515,196036460282799.5,1529.2688797151484,196036460251229.4,1529.268879961425,196036459984960.2,1529.2688820385754
0.0026599999999999758,0.0,-0.0006037895848201355,-0.0004169467734080029,0.0,0.24861232060568236,-0.20371962672842908,0.0,-9.359369660969901e-23,-1.4692934286046986e-24,78662183.54311484,0.0,-0.00010450472758746246,6.0730819749420996e-05,0.0,-0.8646069033447837,0.5024489055501504,-14137408.741839789,1691694.7956491897,434347.8079233406,-12011366.138267258,196036460118094.8,1529.268881,196036460118094.8,1529.268881,196036459955525.4,1529.2688822681944,196036460280664.22,1529.2688797318058,196036460251308.56,1529.2688799608075,196036459984881.06,1529.2688820391927
0.0026649999999999755,0.0,-0.0006025627365334675,-0.00041796587123485625,0.0,0.24536965733361252,-0.2038195653706661,0.0,-9.295365965942301e-23,-8.640847120379584e-25,78678280.29503766,0.0,-0.0001042125819932336,6.096282379425002e-05,0.0,-0.8631576605584207,0.5049345036926218,-14139534.211336987,1689798.0376784916,430562.20528670424,-12019173.96837179,196036460118094.8,1529.268881,196036460118094.8,1529.268881,196036459957645.8,1529.2688822516534,196036460278543.8,1529.2688797483468,196036460251373.9,1529.2688799602977,196036459984815.72,1529.2688820397025
0.0026699999999999753,0.0,-0.0006013519906890099,-0.00041898536391409555,0.0,0.24214916889154306,-0.20389853584786385,0.0,-9.233027879030247e-23,-2.6151506582844633e-25,78693990.97098477,0.0,-0.00010392340962374828,6.119411087516706e-05,0.0,-0.861706949891173,0.5074062795327343,-14141571.13150094,1687946.0666814616,426842.4533561045,-12026782.611463375,196036460118094.8,1529.268881,196036460118094.8,1529.268881,196036459959751.72,1529.2688822352252,196036460276437.94,1529.2688797647745,196036460251425.56,1529.2688799598948,196036459984764.1,1529.2688820401052
0.002674999999999975,0.0,-0.0006001572392979597,-0.00042000514706206407,0.0,0.23895027821002832,-0.20395662959370678,0.0,-9.172277882575294e-23,3.382952644093292e-25,78709321.85642795,0.0,-0.00010363719391777025,6.142466770151226e-05,0.0,-0.8602550018349381,0.5098640326773115,-14143520.621947851,1686138.378540767,423188.0648505975,-12034194.178556483,196036460118094.8,1529.268881,196036460118094.8,1529.268881,196036459961843.5,1529.2688822189073,196036460274346.16,1529.2688797810924,196036460251463.53,1529.2688799595985,196036459984726.1,1529.2688820404016
0.002679999999999975,0.0,-0.0005989783771225771,-0.0004210251167731037,0.0,0.2357724350765236,-0.20399394220792946,0.0,-9.113039619799007e-23,9.352251496139575e-25,78724279.18255137,0.0,-0.00010335391878658456,6.165448081943486e-05,0.0,-0.8588020488138141,0.5123075648018437,-14145383.788419904,1684374.4719899695,419598.5509510704,-12041410.765478864,196036460118094.8,1529.268881,196036460118094.8,1529.268881,196036459963921.5,1529.268882202697,196036460272268.12,1529.2688797973033,196036460251487.94,1529.2688799594082,196036459984701.7,1529.268882040592
0.0026849999999999747,0.0,-0.0005978153015439112,-0.00042204516964053834,0.0,0.2326151157331847,-0.20401057348692475,0.0,-9.055237946961091e-23,1.5291529173960223e-24,78738869.12550339,0.0,-0.00010307356857824333,6.188353665465106e-05,0.0,-0.8573483249057595,0.51473668004261,-14147161.721550103,1682653.8484947144,416073.42077862826,-12048434.45227676,196036460118094.8,1529.268881,196036460118094.8,1529.268881,196036459965986.1,1529.2688821865913,196036460270203.5,1529.268879813409,196036460251498.8,1529.2688799593232,196036459984690.84,1529.2688820406765
0.0026899999999999745,0.0,-0.0005966679124316282,-0.00042306520277775116,0.0,0.22947782245659656,-0.20400662744256803,0.0,-8.998798934182901e-23,2.1199566260195963e-24,78753097.80179794,0.0,-0.00010279612811276391,6.211182149672338e-05,0.0,-0.8558940659292137,0.5171511847682058,-14148855.495423654,1680976.0125741917,412612.18110723596,-12055267.301742226,196036460118094.8,1529.268881,196036460118094.8,1529.268881,196036459968037.6,1529.2688821705876,196036460268152.03,1529.2688798294125,196036460251496.22,1529.2688799593436,196036459984693.4,1529.2688820406565
0.0026949999999999743,0.0,-0.0005955361120159421,-0.0004240851138393089,0.0,0.22636008313721678,-0.20398221231154892,0.0,-8.94364991055607e-23,2.7075138114555013e-24,78766971.27161759,0.0,-0.00010252158258106923,6.23393215761359e-05,0.0,-0.8544395088863784,0.5195508884161438,-14150466.171698675,1679340.4711608717,409214.33533564466,-12061911.365202159,196036460118094.8,1529.268881,196036460118094.8,1529.268881,196036459970076.3,1529.2688821546838,196036460266113.3,1529.2688798453164,196036460251480.28,1529.2688799594678,196036459984709.38,1529.2688820405322
0.002699999999999974,0.0,-0.0005944198047617261,-0.0004251048010421762,0.0,0.22326145084319055,-0.20393744057346688,0.0,-8.88971943147975e-23,3.2917018256373258e-24,78780495.53270616,0.0,-0.00010224991756641491,6.256602291546049e-05,0.0,-0.8529848925037363,0.5219356025032105,-14151994.796637638,1677746.7328005438,405879.3844484461,-12068368.679388648,196036460118094.8,1529.268881,196036460118094.8,1529.268881,196036459972102.53,1529.2688821388772,196036460264087.1,1529.268879861123,196036460251450.97,1529.2688799596965,196036459984738.66,1529.2688820403037
0.002704999999999974,0.0,-0.0005933188972447487,-0.00042612416318696226,0.0,0.22018150339548198,-0.20387242895720725,0.0,-8.836937378527849e-23,3.872397695346218e-24,78793676.52542432,0.0,-0.00010198111896919948,6.279191156930764e-05,0.0,-0.8515304561174845,0.5243051423592455,-14153442.404677037,1676194.3085218624,402606.82537138404,-12074641.270783791,196036460118094.8,1529.268881,196036460118094.8,1529.268881,196036459974116.53,1529.2688821231661,196036460262073.1,1529.268879876834,196036460251408.44,1529.2688799600285,196036459984781.16,1529.268882039972
0.0027099999999999737,0.0,-0.0005922332980302067,-0.0004271430996792233,0.0,0.21711984290840555,-0.2037872984522066,0.0,-8.785234907743216e-23,4.449478166001333e-24,78806520.12627545,0.0,-0.00010171517306869914,6.301697352095521e-05,0.0,-0.8500764401310993,0.526659326257532,-14154810.017747756,1674682.711861657,399396.1514763777,-12080731.154409721,196036460118094.8,1529.268881,196036460118094.8,1529.268881,196036459976118.6,1529.2688821075483,196036460260071.03,1529.2688798924519,196036460251352.8,1529.2688799604623,196036459984836.8,1529.2688820395379
0.0027149999999999735,0.0,-0.0005911629175534664,-0.00042816151055081434,0.0,0.21407609534807118,-0.20368217431820096,0.0,-8.734544469147744e-23,5.02282010067841e-24,78819032.14765678,0.0,-0.00010145206641569479,6.32411945796532e-05,0.0,-0.8486230860923766,0.5289979751861541,-14156098.644102471,1673211.4568587928,396246.85250213434,-12086640.334741544,196036460118094.8,1529.268881,196036460118094.8,1529.268881,196036459978108.9,1529.268882092022,196036460258080.72,1529.2688799079783,196036460251284.06,1529.2688799609987,196036459984905.56,1529.2688820390015
0.0027199999999999733,0.0,-0.000590107668003046,-0.0004291792964812201,0.0,0.21104991008407006,-0.20355718608114928,0.0,-8.684799852816211e-23,5.592299928810575e-24,78831218.33861406,0.0,-0.0001011917858990781,6.346456064104905e-05,0.0,-0.8471706358075966,0.531320914161444,-14157309.28259923,1671780.0608045554,393158.4138435498,-12092370.807951124,196036460118094.8,1529.268881,196036460118094.8,1529.268881,196036459980087.75,1529.268882076585,196036460256101.88,1529.2688799234152,196036460251202.34,1529.268879961636,196036459984987.3,1529.268882038364
0.002724999999999973,0.0,-0.00058906746320592,-0.00043019635881896135,0.0,0.2080409594251978,-0.2034124675482576,0.0,-8.635936197716961e-23,6.1577945239830814e-24,78843084.38294554,0.0,-0.00010093431861289549,6.368705747829033e-05,0.0,-0.8457193317434032,0.5336279714515457,-14158442.918669784,1670388.0411685759,390130.31650879123,-12097924.560992416,196036460118094.8,1529.268881,196036460118094.8,1529.268881,196036459982055.34,1529.268882061236,196036460254134.3,1529.268879938764,196036460251107.72,1529.2688799623743,196036459985081.94,1529.2688820376256
0.002729999999999973,0.0,-0.0005880422185151594,-0.0004312125996029243,0.0,0.2050489381521142,-0.20324815679259084,0.0,-8.587889481991987e-23,6.719175483268488e-24,78854635.87334852,0.0,-0.00010067965287659434,6.390867089628616e-05,0.0,-0.8442694188277065,0.5359189756225532,-14159500.54768471,1669034.9288511537,387162.04284623376,-12103303.575987322,196036460118094.8,1529.268881,196036460118094.8,1529.268881,196036459984011.8,1529.2688820459737,196036460252177.78,1529.2688799540267,196036460251000.25,1529.2688799632126,196036459985189.38,1529.2688820367875
0.0027349999999999727,0.0,-0.0005870318506990264,-0.00043222792158460375,0.0,0.20207356322660192,-0.20306439633588377,0.0,-8.540597954658999e-23,7.276323425293686e-24,78865878.37858127,0.0,-0.00010042777560637807,6.412938669238515e-05,0.0,-0.842821138243961,0.5381937652269433,-14160483.121817594,1667720.2368402935,384253.06046466983,-12108509.824512629,196036460118094.8,1529.268881,196036460118094.8,1529.268881,196036459985957.44,1529.2688820307958,196036460250232.2,1529.2688799692044,196036460250880.1,1529.2688799641498,196036459985309.53,1529.2688820358503
0.0027399999999999725,0.0,-0.0005860362778340024,-0.00043324222824878367,0.0,0.19911457300479485,-0.20286133283597874,0.0,-8.49400102736233e-23,7.82911736345273e-24,78876817.38825195,0.0,-0.00010017867428655827,6.434919061257958e-05,0.0,-0.8413747321781649,0.5404521810966454,-14161391.589287337,1666443.4833160623,381402.83459061384,-12113545.271380661,196036460118094.8,1529.268881,196036460118094.8,1529.268881,196036459987892.34,1529.268882015702,196036460248297.28,1529.2688799842983,196036460250747.28,1529.268879965186,196036459985442.3,1529.2688820348144
0.0027449999999999723,0.0,-0.0005850554191998306,-0.00043425542383449586,0.0,0.19617172683437262,-0.2026391171424408,0.0,-8.448039334135847e-23,8.377434469616098e-24,78887458.31485693,0.0,-9.993233695684725e-05,6.456806851627205e-05,0.0,-0.839930443124993,0.5426940673269358,-14162226.897557007,1665204.1927670487,378610.827501336,-12118411.877288623,196036460118094.8,1529.268881,196036460118094.8,1529.268881,196036459989816.7,1529.2688820006902,196036460246372.9,1529.2688799993102,196036460250602.0,1529.2688799663192,196036459985587.62,1529.268882033681
0.002749999999999972,0.0,-0.0005840891951766754,-0.00043526741335629763,0.0,0.1932448046310493,-0.2023979043603594,0.0,-8.402654948808384e-23,8.921152826776852e-24,78897806.50337726,0.0,-9.968875170757791e-05,6.47860061993437e-05,0.0,-0.838488513265503,0.5449192721145089,-14162989.982613517,1664001.888758581,375876.49641985574,-12123111.59743508,196036460118094.8,1529.268881,196036460118094.8,1529.268881,196036459991730.62,1529.2688819857597,196036460244459.0,1529.2688800142405,196036460250444.28,1529.2688799675495,196036459985745.34,1529.2688820324506
0.002754999999999972,0.0,-0.0005831375271447767,-0.00043627810262539154,0.0,0.19033360637973953,-0.20213785381878158,0.0,-8.357791337673061e-23,9.460150764041274e-24,78907867.2262482,0.0,-9.944790685706358e-05,6.500298951607506e-05,0.0,-0.8370491843585415,0.5471276477794743,-14163681.772309102,1662836.097008781,373199.29360193753,-12127646.381698383,196036460118094.8,1529.268881,196036460118094.8,1529.268881,196036459993634.28,1529.2688819709094,196036460242555.34,1529.2688800290907,196036460250274.22,1529.2688799688763,196036459985915.4,1529.268882031124
0.0027599999999999717,0.0,-0.000582200337386516,-0.00043728739827070246,0.0,0.18743795165212326,-0.201859129062185,0.0,-8.31339342469612e-23,9.994307076568685e-24,78917645.68622245,0.0,-9.920979084647234e-05,6.521900443092011e-05,0.0,-0.8356126972019156,0.5493190514399986,-14164303.186848417,1661706.3446225747,370578.6662212247,-12132018.176004618,196036460118094.8,1529.268881,196036460118094.8,1529.268881,196036459995527.78,1529.268881956138,196036460240661.84,1529.2688800438618,196036460250091.97,1529.268879970298,196036459986097.66,1529.2688820297021
0.0027649999999999715,0.0,-0.000581277548991008,-0.0004382952077598741,0.0,0.1845576791016174,-0.20156189783433107,0.0,-8.269407594482991e-23,1.0523501424370932e-23,78927147.01603957,0.0,-9.897439215860499e-05,6.543403691916951e-05,0.0,-0.8341792917252159,0.5514933447076377,-14164855.137632767,1660612.158460108,368014.0562087587,-12136228.922963899,196036460118094.8,1529.268881,196036460118094.8,1529.268881,196036459997411.22,1529.2688819414457,196036460238778.44,1529.2688800585543,196036460249897.62,1529.268879971814,196036459986292.03,1529.2688820281858
0.0027699999999999713,0.0,-0.0005803690857612213,-0.0004393014394201156,0.0,0.18169264595732054,-0.20124633204830106,0.0,-8.225781648158078e-23,1.1047614073181798e-23,78936376.27315956,0.0,-9.874169947356333e-05,6.564807302365223e-05,0.0,-0.8327492070863466,0.5536503933865312,-14165338.5273569,1659553.0674663607,365504.90083303984,-12140280.5590575,196036460118094.8,1529.268881,196036460118094.8,1529.268881,196036459999284.7,1529.2688819268308,196036460236904.94,1529.2688800731694,196036460249691.25,1529.268879973424,196036459986498.38,1529.2688820265762
0.002774999999999971,0.0,-0.0005794748721235551,-0.00044030600245894316,0.0,0.17884272753324326,-0.20091260776551015,0.0,-8.182464897292798e-23,1.156652593684079e-23,78945338.44671811,0.0,-9.851170145637766e-05,6.586109891358738e-05,0.0,-0.831322680818759,0.5557900686017263,-14165754.253807796,1658528.6007263775,363050.63197122264,-12144175.021110198,196036460118094.8,1529.268881,196036460118094.8,1529.268881,196036460001148.25,1529.2688819122932,196036460235041.34,1529.2688800877072,196036460249473.03,1529.2688799751263,196036459986716.6,1529.2688820248738
0.002779999999999971,0.0,-0.0005785948330400301,-0.00044130880698480944,0.0,0.17600781670499605,-0.20056090517325312,0.0,-8.139408098790513e-23,1.2080118834407071e-23,78954038.45091058,0.0,-9.82843868891233e-05,6.607310081303006e-05,0.0,-0.8298999493647163,0.55791224582764,-14166103.206265345,1657538.288538874,360650.67685099883,-12147914.240875473,196036460118094.8,1529.268881,196036460118094.8,1529.268881,196036460003002.03,1529.268881897832,196036460233187.6,1529.2688801021682,196036460249243.03,1529.2688799769205,196036459986946.6,1529.2688820230796
0.0027849999999999707,0.0,-0.0005777288939229849,-0.0004423097640275762,0.0,0.17318782340903718,-0.20019140855334186,0.0,-8.096563520854961e-23,1.2588275778744074e-23,78962481.1273269,0.0,-9.80597445917844e-05,6.628406509695794e-05,0.0,-0.8284812474155663,0.5600168057127816,-14166386.266293632,1656581.6623248933,358304.4573321867,-12151500.146636551,196036460118094.8,1529.268881,196036460118094.8,1529.268881,196036460004846.03,1529.2688818834472,196036460231343.56,1529.2688801165534,196036460249001.44,1529.2688799788052,196036459987188.22,1529.2688820211947
0.0027899999999999705,0.0,-0.0005768769805523895,-0.0004433087855587799,0.0,0.17038267411906502,-0.19980430624074472,0.0,-8.053884900129142e-23,1.3090880451245172e-23,78970671.24485867,0.0,-9.783776341646796e-05,6.649397820968445e-05,0.0,-0.8270668081323455,0.5621036335817213,-14166604.31036716,1655658.2540133502,356011.3910767054,-12154934.665277105,196036460118094.8,1529.268881,196036460118094.8,1529.268881,196036460006680.34,1529.2688818691377,196036460229509.28,1529.2688801308625,196036460248748.28,1529.2688799807802,196036459987441.34,1529.2688820192202
0.0027949999999999703,0.0,-0.0005760390189957032,-0.00044430578451178207,0.0,0.16759231133725988,-0.19939979060042434,0.0,-8.011327512436074e-23,1.3587818023024583e-23,78978613.49976635,0.0,-9.761843220732264e-05,6.670282678077585e-05,0.0,-0.8256568625025895,0.5641726202168801,-14166758.207665795,1654767.5965752047,353770.8901916743,-12158219.720898915,196036460118094.8,1529.268881,196036460118094.8,1529.268881,196036460008504.97,1529.268881854904,196036460227684.62,1529.2688801450963,196036460248483.78,1529.2688799828434,196036459987705.84,1529.2688820171568
0.00279999999999997,0.0,-0.0005752149355303982,-0.0004453006748016607,0.0,0.16481669306101723,-0.19897805797572476,0.0,-7.968848093376926e-23,1.4078974557661812e-23,78986312.51340039,0.0,-9.74017398672839e-05,6.691059751633582e-05,0.0,-0.8242516398647428,0.5662236609152627,-14166848.821439808,1653909.2240336807,351582.36297637987,-12161357.234429747,196036460118094.8,1529.268881,196036460118094.8,1529.268881,196036460010319.97,1529.2688818407453,196036460225869.66,1529.2688801592549,196036460248208.0,1529.2688799849948,196036459987981.6,1529.2688820150058
0.00280499999999997,0.0,-0.0005744046565690122,-0.00044629337134494796,0.0,0.16205579227719039,-0.19853930865745079,0.0,-7.926404911268909e-23,1.4564237450111792e-23,78993772.8353825,0.0,-9.718767524264824e-05,6.711727727707072e-05,0.0,-0.8228513672124094,0.5682566563417175,-14166877.009910526,1653082.6708342598,349445.2127977734,-12164349.126278494,196036460118094.8,1529.268881,196036460118094.8,1529.268881,196036460012125.34,1529.2688818266615,196036460224064.28,1529.2688801733384,196036460247921.1,1529.268879987233,196036459988268.53,1529.2688820127673
0.0028099999999999696,0.0,-0.0005736081085868569,-0.00044728379007913664,0.0,0.15930959643106307,-0.19808374683774085,0.0,-7.883957792107203e-23,1.5043495833416602e-23,79000998.94180438,0.0,-9.69762271713072e-05,6.732285316998653e-05,0.0,-0.8214562688790408,0.5702715128071235,-14166843.623761334,1652287.473230908,347358.8384319928,-12167197.312098432,196036460118094.8,1529.268881,196036460118094.8,1529.268881,196036460013921.12,1529.268881812653,196036460222268.5,1529.2688801873473,196036460247623.22,1529.2688799895566,196036459988566.4,1529.2688820104436
0.0028149999999999694,0.0,-0.0005728252180524236,-0.0004482718479818859,0.0,0.15657810688667365,-0.1976115805498491,0.0,-7.841468029460395e-23,1.5516639820500653e-23,79007995.236112,0.0,-9.676738444283963e-05,6.752731233818397e-05,0.0,-0.8200665671825955,0.5722681411622995,-14166749.510114176,1651523.1672509464,345322.635147581,-12169903.70771565,196036460118094.8,1529.268881,196036460118094.8,1529.268881,196036460015707.25,1529.2688817987193,196036460220482.38,1529.2688802012808,196036460247314.44,1529.2688799919654,196036459988875.16,1529.268882008035
0.0028199999999999692,0.0,-0.0005720559113603317,-0.0004492574630900569,0.0,0.15386133841835714,-0.19712302163419612,0.0,-7.798898474779059e-23,1.5983561319456858e-23,79014766.04834834,0.0,-9.656113582436128e-05,6.773064219941842e-05,0.0,-0.8186824814745813,0.5742464580009371,-14166595.51013452,1650789.2909881885,343335.9936188468,-12172470.225527484,196036460118094.8,1529.268881,196036460118094.8,1529.268881,196036460017483.78,1529.2688817848607,196036460218705.84,1529.2688802151392,196036460246994.97,1529.2688799944576,196036459989194.66,1529.2688820055428
0.002824999999999969,0.0,-0.0005713001147669767,-0.00045024055451843776,0.0,0.15115931867099877,-0.19661828567617332,0.0,-7.756213517411306e-23,1.644415406184652e-23,79021315.63657233,0.0,-9.635746999302827e-05,6.793283033603478e-05,0.0,-0.8173042283122004,0.5762063852327557,-14166382.45895232,1650085.3830520536,341398.3006763395,-12174898.77522393,196036460118094.8,1529.268881,196036460118094.8,1529.268881,196036460019250.62,1529.2688817710778,196036460216938.97,1529.2688802289226,196036460246664.94,1529.2688799970322,196036459989524.7,1529.2688820029682
0.002829999999999969,0.0,-0.0005705577543288407,-0.0004512210424781526,0.0,0.14847208762721126,-0.1960975919429666,0.0,-7.713379035023276e-23,1.689831294187305e-23,79027648.18616723,0.0,-9.615637559816183e-05,6.81338644904712e-05,0.0,-0.8159320215761569,0.5781478497466248,-14166111.189185396,1649410.983339089,339508.9400392267,-12177191.26580708,196036460118094.8,1529.268881,196036460118094.8,1529.268881,196036460021007.84,1529.2688817573699,196036460215181.78,1529.2688802426303,196036460246324.47,1529.2688799996881,196036459989865.16,1529.268882000312
0.0028349999999999686,0.0,-0.0005698287558433822,-0.000452198848294869,0.0,0.14579969709168972,-0.1955611633432754,0.0,-7.670362462897558e-23,1.7345935270106383e-23,79033767.81038852,0.0,-9.595784118621212e-05,6.833373262226245e-05,0.0,-0.8145660719607377,0.5800707839655901,-14165782.525637189,1648765.632730593,337667.2915168877,-12179349.601389708,196036460118094.8,1529.268881,196036460118094.8,1529.268881,196036460022755.34,1529.2688817437377,196036460213434.28,1529.2688802562625,196036460245973.66,1529.2688800024248,196036459990215.94,1529.2688819975756
0.0028399999999999684,0.0,-0.0005691130447926245,-0.00045317389442658696,0.0,0.1431422101515571,-0.19500922634359466,0.0,-7.627132783173981e-23,1.7786920060502022e-23,79039678.55238263,0.0,-9.576185519397916e-05,6.853242294083889e-05,0.0,-0.8132065867487233,0.5819751259877792,-14165397.29039772,1648148.873386095,335872.7316722342,-12181375.685339391,196036460118094.8,1529.268881,196036460118094.8,1529.268881,196036460024493.06,1529.2688817301819,196036460211696.53,1529.2688802698187,196036460245612.75,1529.2688800052404,196036459990576.88,1529.26888199476
0.002844999999999968,0.0,-0.0005684105462894223,-0.00045414610448113295,0.0,0.14049970064043737,-0.19444201090919924,0.0,-7.583660477786429e-23,1.8221168043590212e-23,79045384.38339601,0.0,-9.556840600634277e-05,6.872992386409522e-05,0.0,-0.8118537700729278,0.5838608190471201,-14164956.301835518,1647560.2491672984,334124.63443961303,-12183271.41822861,196036460118094.8,1529.268881,196036460118094.8,1529.268881,196036460026221.03,1529.268881716702,196036460209968.56,1529.2688802832984,196036460245241.84,1529.2688800081335,196036459990947.78,1529.2688819918667
0.002849999999999968,0.0,-0.0005677211850263281,-0.0004551154032333563,0.0,0.13787225261883448,-0.19385975044467105,0.0,-7.539917549247466e-23,1.8648582435730534e-23,79050889.20442782,0.0,-9.53774818600443e-05,6.892622396591978e-05,0.0,-0.8105078227854543,0.5857278115332945,-14164460.37154602,1646999.3042100472,332422.37078736216,-12185038.69654861,196036460118094.8,1529.268881,196036460118094.8,1529.268881,196036460027939.16,1529.268881703299,196036460208250.47,1529.2688802967011,196036460244861.1,1529.2688800111039,196036459991328.53,1529.2688819888963
0.002854999999999968,0.0,-0.0005670448852270916,-0.0004560817166418952,0.0,0.13525995984730976,-0.19326268170777458,0.0,-7.495877569000957e-23,1.9069068616302672e-23,79056196.84729572,0.0,-9.518907088149357e-05,6.912131218837139e-05,0.0,-0.80916894164489,0.5875760579510441,-14163910.308172084,1646465.5851913402,330765.30893027,-12186679.414050473,196036460118094.8,1529.268881,196036460118094.8,1529.268881,196036460029647.34,1529.2688816899736,196036460206542.28,1529.2688803100266,196036460244470.7,1529.2688800141493,196036459991718.94,1529.2688819858508
0.0028599999999999676,0.0,-0.000566381570600877,-0.00045704497186556777,0.0,0.1326629252429075,-0.1926510447345167,0.0,-7.451515553728448e-23,1.9482533954834433e-23,79061311.07350636,0.0,-9.500316110526537e-05,6.931517758439175e-05,0.0,-0.8078373203456108,0.589405517328115,-14163306.916023703,1645958.6395317665,329152.8152593813,-12188195.461232554,196036460118094.8,1529.268881,196036460118094.8,1529.268881,196036460031345.56,1529.2688816767259,196036460204844.03,1529.2688803232745,196036460244070.72,1529.2688800172693,196036459992118.9,1529.2688819827308
0.0028649999999999674,0.0,-0.0005657311642989849,-0.0004580050972794187,0.0,0.13008126037843537,-0.19202508277019528,0.0,-7.406808088238705e-23,1.9888888366457837e-23,79066235.578125,0.0,-9.481974037630889e-05,6.950780953485485e-05,0.0,-0.806513148294098,0.5912161547426983,-14162650.99577087,1645478.0161664612,327584.2539469815,-12189588.725657428,196036460118094.8,1529.268881,196036460118094.8,1529.268881,196036460033033.75,1529.2688816635566,196036460203155.9,1529.2688803364435,196036460243661.4,1529.2688800204626,196036459992528.22,1529.2688819795378
0.002869999999999967,0.0,-0.0005650935888742891,-0.00045896202249032475,0.0,0.12751508493916838,-0.1913850421812042,0.0,-7.361733222689158e-23,2.0288044086639123e-23,79070973.98660448,0.0,-9.463879646398908e-05,6.969919766297069e-05,0.0,-0.8051966112314946,0.5930079403020818,-14161943.343945432,1645023.2662332538,326058.9874253686,-12190861.090286808,196036460118094.8,1529.268881,196036460118094.8,1529.268881,196036460034711.78,1529.2688816504663,196036460201477.88,1529.2688803495337,196036460243242.88,1529.2688800237274,196036459992946.75,1529.2688819762727
0.002874999999999967,0.0,-0.0005644687662432132,-0.00045991567835219796,0.0,0.12496452621516169,-0.19073117237464235,0.0,-7.316270521683007e-23,2.0679916208899998e-23,79075529.85795403,0.0,-9.446031695895512e-05,6.988933185972584e-05,0.0,-0.8038878907703886,0.594780849618358,-14161184.75161048,1644593.9422137414,324576.3765609644,-12192014.432835774,196036460118094.8,1529.268881,196036460118094.8,1529.268881,196036460036379.6,1529.2688816374557,196036460199810.03,1529.2688803625445,196036460242815.28,1529.268880027063,196036459993374.3,1529.2688819729374
0.002879999999999967,0.0,-0.0005638566176503305,-0.0004608659969806944,0.0,0.122429718576553,-0.19006372569929306,0.0,-7.270401024393867e-23,2.1064421974353768e-23,79079906.68609974,0.0,-9.428428929923205e-05,7.007820228403422e-05,0.0,-0.8025871644167911,0.5965348636193987,-14160376.008894738,1644189.5983276167,323135.7812183408,-12193050.62934878,196036460118094.8,1529.268881,196036460118094.8,1529.268881,196036460038037.12,1529.2688816245254,196036460198152.5,1529.2688803754747,196036460242378.88,1529.2688800304675,196036459993810.78,1529.2688819695325
0.0028849999999999666,0.0,-0.000563257063635517,-0.00046181291176755054,0.0,0.11991080296268058,-0.18938295737121819,0.0,-7.224107237200608e-23,2.1441481785041038e-23,79084107.89767092,0.0,-9.411070080188231e-05,7.026579938070123e-05,0.0,-0.8012946055426833,0.5982699684324758,-14159517.89883867,1643809.7911333372,321736.56022153964,-12193971.547483794,196036460118094.8,1529.268881,196036460118094.8,1529.268881,196036460039684.28,1529.2688816116759,196036460196505.34,1529.2688803883243,196036460241933.72,1529.2688800339401,196036459994255.9,1529.2688819660602
0.0028899999999999664,0.0,-0.0005626700240036483,-0.0004627563573943718,0.0,0.1174079263737526,-0.18868912536424423,0.0,-7.177373146641699e-23,2.1811018606390938e-23,79088136.85880834,0.0,-9.393953850635581e-05,7.045211381698971e-05,0.0,-0.8000103831201245,0.5999861555902699,-14158611.203421688,1643454.0773334731,320378.07171073667,-12194779.054377478,196036460118094.8,1529.268881,196036460118094.8,1529.268881,196036460041320.9,1529.2688815989088,196036460194868.72,1529.2688804010913,196036460241480.0,1529.2688800374797,196036459994709.62,1529.2688819625205
0.002894999999999966,0.0,-0.0005620954177968582,-0.0004636962698459775,0.0,0.11492124135802863,-0.18798249032115058,0.0,-7.130184170802576e-23,2.2172958371100126e-23,79091996.8672012,0.0,-9.377078945328378e-05,7.063713668993825e-05,0.0,-0.798734661678357,0.6016834219367861,-14157656.699259184,1643122.0187332388,319059.67346793565,-12195475.00705801,196036460118094.8,1529.268881,196036460118094.8,1529.268881,196036460042946.97,1529.268881586224,196036460193242.66,1529.268880413776,196036460241017.94,1529.268880041084,196036459995171.7,1529.2688819589162
0.002899999999999966,0.0,-0.000561533163269279,-0.00046463258642323184,0.0,0.11245090551584336,-0.1872633154508652,0.0,-7.082527129005465e-23,2.2527229823148257e-23,79095691.1605472,0.0,-9.360444042303358e-05,7.082085922764872e-05,0.0,-0.7974676016859149,0.6033617689755585,-14156655.159742968,1642813.1768929763,317780.72337596375,-12196061.259474028,196036460118094.8,1529.268881,196036460118094.8,1529.268881,196036460044562.34,1529.2688815736226,196036460191627.28,1529.2688804263776,196036460240547.66,1529.2688800447527,196036459995641.97,1529.2688819552475
0.0029049999999999658,0.0,-0.0005609831778642083,-0.00046556524575538716,0.0,0.10999708101413173,-0.18653186643106423,0.0,-7.034390303013521e-23,2.287376491790769e-23,79099222.91493003,0.0,-9.344047802358087e-05,7.100327307211402e-05,0.0,-0.7962093586206224,0.605021203963082,-14155607.354981849,1642527.1165809156,316540.57927635446,-12196539.65912458,196036460118094.8,1529.268881,196036460118094.8,1529.268881,196036460046166.94,1529.2688815611052,196036460190022.7,1529.268880438895,196036460240069.38,1529.2688800484837,196036459996120.28,1529.268881951516
0.0029099999999999656,0.0,-0.0005604453781938095,-0.0004664941878118717,0.0,0.10755993407974915,-0.1857884112969098,0.0,-6.985763353887765e-23,2.321249896423079e-23,79102595.24533528,0.0,-9.327888867690839e-05,7.118437011129221e-05,0.0,-0.7949600835772005,0.6066617389607906,-14154514.049364803,1642263.404297209,315338.59954114415,-12196912.045526452,196036460118094.8,1529.268881,196036460118094.8,1529.268881,196036460047760.6,1529.268881548673,196036460188429.0,1529.2688804513273,196036460239583.2,1529.2688800522765,196036459996606.44,1529.2688819477237
0.0029149999999999654,0.0,-0.0005599196800212015,-0.000467419353913496,0.0,0.10513963452159751,-0.18503322032486458,0.0,-6.936637343958608e-23,2.3543370111894032e-23,79105811.2084674,0.0,-9.311965861144156e-05,7.136414259364268e-05,0.0,-0.7937199227388239,0.6082833913953886,-14153376.00679887,1642021.6092451983,314174.1433506497,-12197180.254203023,196036460118094.8,1529.268881,196036460118094.8,1529.268881,196036460049343.25,1529.2688815363272,196036460186846.4,1529.268880463673,196036460239089.34,1529.2688800561289,196036459997100.25,1529.2688819438715
0.002919999999999965,0.0,-0.0005594059982449758,-0.00046834068674316736,0.0,0.10273635524513908,-0.18426656593426471,0.0,-6.887004633845827e-23,2.3866319820406298e-23,79108873.79886194,0.0,-9.296277397829187e-05,7.154258305106499e-05,0.0,-0.7924890180295602,0.6098861830723364,-14152193.985339107,1641801.30405415,313046.5709854515,-12197346.110299505,196036460118094.8,1529.268881,196036460118094.8,1529.268881,196036460050914.78,1529.2688815240676,196036460185274.88,1529.2688804759325,196036460238588.03,1529.2688800600395,196036459997601.56,1529.268881939961
0.002924999999999965,0.0,-0.0005589042468859629,-0.0004692581303560306,0.0,0.1003502718025889,-0.1834887225726502,0.0,-6.836858978256888e-23,2.4181293185767267e-23,79111785.95720927,0.0,-9.280822060186418e-05,7.171968430579712e-05,0.0,-0.791267506272239,0.611470141149764,-14150968.739579538,1641602.0621461046,311955.2439620597,-12197411.433471374,196036460118094.8,1529.268881,196036460118094.8,1529.268881,196036460052475.03,1529.268881511896,196036460183714.6,1529.268880488104,196036460238079.4,1529.2688800640074,196036459998110.2,1529.268881935993
0.0029299999999999648,0.0,-0.0005584143390764133,-0.00047017163018897947,0.0,0.09798156190991682,-0.1826999665897745,0.0,-6.78619542525838e-23,2.4488238553642725e-23,79114550.56497733,0.0,-9.265598422065041e-05,7.189543956343256e-05,0.0,-0.790055519539026,0.61303529755302,-14149701.020727716,1641423.4612857893,310899.52544844913,-12197378.03399348,196036460118094.8,1529.268881,196036460118094.8,1529.268881,196036460054023.97,1529.268881499813,196036460182165.66,1529.2688805001872,196036460237563.62,1529.2688800680307,196036459998625.97,1529.2688819319696
0.0029349999999999645,0.0,-0.0005579361870514196,-0.00047108113306960453,0.0,0.09563040499874793,-0.181900576125016,0.0,-6.735010315794162e-23,2.4787107830246508e-23,79117170.4497383,0.0,-9.250605032101802e-05,7.206984228552632e-05,0.0,-0.7888531851270171,0.6145816888868072,-14148391.576135332,1641265.0807257541,309878.7804862734,-12197247.714923304,196036460118094.8,1529.268881,196036460118094.8,1529.268881,196036460055561.4,1529.2688814878197,196036460180628.22,1529.2688805121807,196036460237040.94,1529.2688800721085,196036459999148.72,1529.2688819278915
0.0029399999999999643,0.0,-0.0005574697021425775,-0.0004719865872245246,0.0,0.0932969817684303,-0.18109083098401862,0.0,-6.683301276262829e-23,2.5077856636861906e-23,79119648.38313256,0.0,-9.235840424145408e-05,7.224288634372532e-05,0.0,-0.7876606252341763,0.6161093567344247,-14147041.148811553,1641126.5037581164,308892.37628809764,-12197022.26876534,196036460118094.8,1529.268881,196036460118094.8,1529.268881,196036460057087.22,1529.2688814759167,196036460179102.4,1529.2688805240834,196036460236511.4,1529.2688800762392,196036459999678.2,1529.2688819237612
0.002944999999999964,0.0,-0.0005570147947738741,-0.0004728879422870745,0.0,0.09098147374067396,-0.18027101250997893,0.0,-6.63106714140474e-23,2.5360443967726925e-23,79121987.08385861,0.0,-9.221303112423908e-05,7.241456586289196e-05,0.0,-0.78647795743653,0.6176183469315525,-14145650.478949538,1641007.3159049742,307939.68243784906,-12196703.480606714,196036460118094.8,1529.268881,196036460118094.8,1529.268881,196036460058601.34,1529.2688814641053,196036460177588.25,1529.2688805358953,196036460235975.34,1529.268880080421,196036460000214.3,1529.268881919579
0.002949999999999964,0.0,-0.0005565713744596696,-0.0004737851493044084,0.0,0.08868406284090681,-0.1794414034667862,0.0,-6.578307989502827e-23,2.5634832652319535e-23,79124189.21776812,0.0,-9.206991593358277e-05,7.258487536985297e-05,0.0,-0.785305294117403,0.6191087101884282,-14144220.30249182,1640907.1064696526,307020.0714183314,-12196293.124603836,196036460118094.8,1529.268881,196036460118094.8,1529.268881,196036460060103.66,1529.2688814523856,196036460176085.97,1529.2688805476146,196036460235432.84,1529.268880084653,196036460000756.78,1529.2688819153473
0.0029549999999999637,0.0,-0.0005561393498048324,-0.0004746781607439391,0.0,0.08640493096743469,-0.17860228790614588,0.0,-6.525025084580908e-23,2.5900989524543942e-23,79126257.40019715,0.0,-9.192904338706528e-05,7.275380966442397e-05,0.0,-0.7841427427655395,0.6205805016016349,-14142751.350469677,1640825.4667383484,306132.9183130619,-12195792.965418266,196036460118094.8,1529.268881,196036460118094.8,1529.268881,196036460061594.0,1529.2688814407595,196036460174595.62,1529.2688805592406,196036460234884.12,1529.2688800889334,196036460001305.47,1529.268881911067
0.0029599999999999635,0.0,-0.0005557186285069293,-0.00047556693049908335,0.0,0.08414425958062761,-0.1777539510288418,0.0,-6.471220835175992e-23,2.6158884863379817e-23,79128194.19521612,0.0,-9.179039807588533e-05,7.292136391833017e-05,0.0,-0.7829904059489724,0.6220337805874079,-14141244.35146379,1640761.9922227683,305277.60171556554,-12195204.757525455,196036460118094.8,1529.268881,196036460118094.8,1529.268881,196036460063072.28,1529.2688814292276,196036460173117.34,1529.2688805707726,196036460234329.4,1529.268880093261,196036460001860.22,1529.2688819067394
0.0029649999999999633,0.0,-0.0005553091173603974,-0.00047645141389441025,0.0,0.0819022293063897,-0.1768966790653773,0.0,-6.416898805760364e-23,2.6408493131031156e-23,79130002.1177321,0.0,-9.165396437333146e-05,7.308753366900062e-05,0.0,-0.7818483810354298,0.6234686111363404,-14139700.029142637,1640716.2816656958,304453.5034848489,-12194530.24399209,196036460118094.8,1529.268881,196036460118094.8,1529.268881,196036460064538.34,1529.268881417791,196036460171651.25,1529.2688805822095,196036460233768.8,1529.2688800976339,196036460002420.8,1529.2688819023663
0.002969999999999963,0.0,-0.000554910722262719,-0.0004773315676900655,0.0,0.07967901953567191,-0.17603075913104255,0.0,-6.362063621806515e-23,2.6649792447777324e-23,79131683.63396777,0.0,-9.151972649619465e-05,7.325231474122596e-05,0.0,-0.7807167607167192,0.6248850610600264,-14138119.103274267,1640687.937092007,303660.00941623154,-12193771.156766027,196036460118094.8,1529.268881,196036460118094.8,1529.268881,196036460065992.12,1529.26888140645,196036460170197.47,1529.2688805935504,196036460233202.6,1529.268880102051,196036460002987.03,1529.268881897949
0.002974999999999963,0.0,-0.0005545233482224346,-0.00047820735008556137,0.0,0.07747480805687604,-0.17515647909917634,0.0,-6.306721033626129e-23,2.6882765238123375e-23,79133241.16439028,0.0,-9.138766840131567e-05,7.341570334879777e-05,0.0,-0.7795956322415902,0.6262832028641957,-14136502.289572794,1640676.5636204947,302896.50900038856,-12192929.21695191,196036460118094.8,1529.268881,196036460118094.8,1529.268881,196036460067433.47,1529.2688813952063,196036460168756.16,1529.2688806047938,196036460232630.9,1529.2688801065108,196036460003558.72,1529.2688818934894
0.0029799999999999627,0.0,-0.000554146899369104,-0.00047907872072282156,0.0,0.07528977066614106,-0.17427412745204102,0.0,-6.2508777411252e-23,2.7107397531185036e-23,79134677.07992752,0.0,-9.125777399623364e-05,7.35776960046157e-05,0.0,-0.7784850784937001,0.6276631123163584,-14134850.298899844,1640681.7710344149,302162.396116196,-12192006.131749235,196036460118094.8,1529.268881,196036460118094.8,1529.268881,196036460068862.28,1529.2688813840603,196036460167327.3,1529.2688806159401,196036460232053.9,1529.2688801110119,196036460004135.72,1529.2688818889883
0.0029849999999999625,0.0,-0.0005537812789649123,-0.00047994564068860125,0.0,0.073124080838345,-0.1733839931559366,0.0,-6.194541532577759e-23,2.732367971201364e-23,79135993.7094027,0.0,-9.113002688501727e-05,7.373828961890503e-05,0.0,-0.7773851767387481,0.6290248699271479,-14133163.838922756,1640703.1719179505,301457.0689402011,-12191003.598064605,196036460118094.8,1529.268881,196036460118094.8,1529.268881,196036460070278.44,1529.2688813730128,196036460165911.2,1529.2688806269875,196036460231471.84,1529.2688801155525,196036460004717.78,1529.2688818844476
0.0029899999999999623,0.0,-0.0005534263894181622,-0.0004808080725161527,0.0,0.07097790935002711,-0.17248636551028432,0.0,-6.13772112332726e-23,2.7531606063342604e-23,79137193.3358493,0.0,-9.10044105539441e-05,7.389748142118257e-05,0.0,-0.7762959995764294,0.6303685596868173,-14131443.6125901,1640740.3830487272,300779.9303384957,-12189923.299202876,196036460118094.8,1529.268881,196036460118094.8,1529.268881,196036460071681.84,1529.2688813620648,196036460164507.78,1529.2688806379354,196036460230884.9,1529.2688801201311,196036460005304.75,1529.2688818798688
0.002994999999999962,0.0,-0.0005530821322983712,-0.0004816659801862156,0.0,0.06885142395819377,-0.17158153401258672,0.0,-6.08042617269422e-23,2.7731175264278567e-23,79138278.19933319,0.0,-9.088090827485165e-05,7.405526896550904e-05,0.0,-0.7752176146032562,0.631694269412694,-14129690.316999385,1640793.024434774,300130.38789938396,-12188766.904665228,196036460118094.8,1529.268881,196036460118094.8,1529.268881,196036460073072.38,1529.2688813512175,196036460163117.25,1529.2688806487827,196036460230293.22,1529.2688801247468,196036460005896.4,1529.2688818752533
0.002999999999999962,0.0,-0.0005527484083530049,-0.0004825193291272462,0.0,0.06674478907326664,-0.1706697882061103,0.0,-6.022667218990149e-23,2.792238971685033e-23,79139250.49697849,0.0,-9.075950320280485e-05,7.421165016337542e-05,0.0,-0.7741500846176981,0.6330020904281526,-14127904.646348959,1640860.7207085514,299507.8544257554,-12187536.071214652,196036460118094.8,1529.268881,196036460118094.8,1529.268881,196036460074449.9,1529.2688813404714,196036460161739.7,1529.268880659529,196036460229697.0,1529.268880129398,196036460006492.6,1529.2688818706024
0.0030049999999999617,0.0,-0.0005524251175257321,-0.00048336808621500066,0.0,0.06465816545454586,-0.16975141755090042,0.0,-5.964455708448675e-23,2.810525617109524e-23,79140112.38573793,0.0,-9.064017827004487e-05,7.436662330607735e-05,0.0,-0.7730934671798664,0.6342921180369601,-14126087.290597545,1640943.100215644,298911.747888974,-12186232.442492926,196036460118094.8,1529.268881,196036460118094.8,1529.268881,196036460075814.38,1529.2688813298273,196036460160375.25,1529.268880670173,196036460229096.47,1529.2688801340826,196036460007093.16,1529.2688818659176
0.0030099999999999615,0.0,-0.0005521121589762539,-0.00048421221977136634,0.0,0.06259170989564987,-0.16882671127313953,0.0,-5.90580387944926e-23,2.8279785595033284e-23,79140865.98076089,0.0,-9.052291627689527e-05,7.452018698914448e-05,0.0,-0.7720478152524541,0.6355644506766505,-14124238.933323417,1641039.7953696582,298341.4917080978,-12184857.64624566,196036460118094.8,1529.268881,196036460118094.8,1529.268881,196036460077165.66,1529.268881319286,196036460159023.97,1529.2688806807141,196036460228491.8,1529.2688801387997,196036460007697.8,1529.2688818612007
0.0030149999999999613,0.0,-0.0005518094311015036,-0.0004850516995624614,0.0,0.0605455749500671,-0.16789595821901016,0.0,-5.84672477513727e-23,2.8445993005564217e-23,79141513.35811651,0.0,-9.040769985908125e-05,7.467234017460306e-05,0.0,-0.7710131768475184,0.6368191902946214,-14122360.254603961,1641150.4428833255,297796.5148857237,-12183413.296834912,196036460118094.8,1529.268881,196036460118094.8,1529.268881,196036460078503.62,1529.2688813088484,196036460157686.0,1529.2688806911517,196036460227883.22,1529.2688801435472,196036460008306.4,1529.268881856453
0.003019999999999961,0.0,-0.0005515168315582419,-0.0004858864967960335,0.0,0.05851990865233549,-0.1669594467144167,0.0,-5.787232192005487e-23,2.860389779892272e-23,79142056.55565259,0.0,-9.0294511458961e-05,7.482308212505758e-05,0.0,-0.7699895952220178,0.6380564420565261,-14120451.92823897,1641274.6829041047,297276.252222369,-12181900.993112495,196036460118094.8,1529.268881,196036460118094.8,1529.268881,196036460079828.22,1529.2688812985157,196036460156361.4,1529.2688807014847,196036460227270.8,1529.2688801483246,196036460008918.8,1529.2688818516758
0.003024999999999961,0.0,-0.0005512342572869568,-0.0004867165841180998,0.0,0.056514854257036416,-0.16601746441325838,0.0,-5.727340620956329e-23,2.875352298193604e-23,79142497.5725966,0.0,-9.018333344876433e-05,7.497241247504198e-05,0.0,-0.7689771090279585,0.639276314116989,-14118514.625438916,1641412.161007145,296780.14470501663,-12180322.319726756,196036460118094.8,1529.268881,196036460118094.8,1529.268881,196036460081139.34,1529.2688812882875,196036460155050.28,1529.2688807117127,196036460226654.8,1529.2688801531299,196036460009534.78,1529.2688818468705
0.0030299999999999607,0.0,-0.0005509616045369657,-0.0004875419356089615,0.0,0.054530549998208354,-0.16507029817233584,0.0,-5.667065289976423e-23,2.8894896464653154e-23,79142838.37190479,0.0,-9.007414796239542e-05,7.512033123147339e-05,0.0,-0.767975751750761,0.6404789182501276,-14116549.010303494,1641562.5264147113,296307.6390453213,-12178678.844843462,196036460118094.8,1529.268881,196036460118094.8,1529.268881,196036460082436.88,1529.2688812781655,196036460153752.72,1529.2688807218349,196036460226035.5,1529.2688801579611,196036460010154.16,1529.2688818420388
0.0030349999999999605,0.0,-0.0005506987688927959,-0.0004883625267783689,0.0,0.05256712883397537,-0.16411823388147345,0.0,-5.606422008719096e-23,2.9028049805628583e-23,79143080.88049513,0.0,-8.996693703169854e-05,7.526683864526685e-05,0.0,-0.7669855527454351,0.6416643685602149,-14114555.742174052,1641725.4323386613,295858.1885972692,-12176972.121238122,196036460118094.8,1529.268881,196036460118094.8,1529.268881,196036460083720.78,1529.26888126815,196036460152468.84,1529.2688807318502,196036460225412.9,1529.268880162818,196036460010776.72,1529.268881837182
0.0030399999999999603,0.0,-0.0005504456453015707,-0.0004891783345600544,0.0,0.05062471824502193,-0.16316155633711243,0.0,-5.545427233020604e-23,2.9153018920547654e-23,79143226.98871024,0.0,-8.986168257681132e-05,7.541193542309649e-05,0.0,-0.7660065363442624,0.642832782516469,-14112535.475641504,1641900.5377925276,295431.252857049,-12175203.684991928,196036460118094.8,1529.268881,196036460118094.8,1529.268881,196036460084990.94,1529.2688812582414,196036460151198.66,1529.268880741759,196036460224787.34,1529.268880167698,196036460011402.28,1529.2688818323022
0.00304499999999996,0.0,-0.0005502021281015172,-0.0004899893373055111,0.0,0.048703440010715256,-0.162200549091353,0.0,-5.484097969212167e-23,2.9269843649445347e-23,79143278.5555231,0.0,-8.975836629844751e-05,7.555562246763346e-05,0.0,-0.7650387225959698,0.6439842800323053,-14110488.860177904,1642087.5041230447,295026.29810979695,-12173375.057945061,196036460118094.8,1529.268881,196036460118094.8,1529.268881,196036460086247.28,1529.268881248441,196036460149942.34,1529.2688807515592,196036460224158.9,1529.2688801726003,196036460012030.72,1529.2688818273998
0.00304999999999996,0.0,-0.0005499681110514253,-0.0004907955147770911,0.0,0.04680341001837983,-0.16123549431599077,0.0,-5.422451756127264e-23,2.9378568096777794e-23,79143237.4024297,0.0,-8.965696987832187e-05,7.569790114386221e-05,0.0,-0.764082126883905,0.6451189838910091,-14108416.539087871,1642285.999568392,294642.7971179438,-12171487.742401537,196036460118094.8,1529.268881,196036460118094.8,1529.268881,196036460087489.72,1529.2688812387487,196036460148699.9,1529.2688807612515,196036460223527.88,1529.268880177523,196036460012661.75,1529.2688818224772
0.0030549999999999597,0.0,-0.0005497434873610313,-0.000491596848140365,0.0,0.044924738078805815,-0.1602666726547707,0.0,-5.360506610677285e-23,2.947924018421067e-23,79143105.3208377,0.0,-8.955747480374966e-05,7.583877302927255e-05,0.0,-0.7631367603886785,0.6462370191682557,-14106319.150851808,1642495.6951413683,294280.2296010352,-12169543.226109404,196036460118094.8,1529.268881,196036460118094.8,1529.268881,196036460088718.2,1529.2688812291653,196036460147471.44,1529.2688807708348,196036460222894.38,1529.268880182465,196036460013295.28,1529.268881817535
0.0030599999999999595,0.0,-0.0005495281497222282,-0.0004923933199558207,0.0,0.04306752776061335,-0.15929436309113554,0.0,-5.298281032629038e-23,2.9571912308078475e-23,79142884.06849818,0.0,-8.945986244851716e-05,7.597824010021145e-05,0.0,-0.7622026296230213,0.6473385137590312,-14104197.326844554,1642716.2671865204,293938.0819681295,-12167542.977689905,196036460118094.8,1529.268881,196036460118094.8,1529.268881,196036460089932.62,1529.2688812196918,196036460146256.97,1529.2688807803088,196036460222258.53,1529.2688801874249,196036460013931.06,1529.2688818125755
0.0030649999999999593,0.0,-0.0005493219903411133,-0.0004931849141697867,0.0,0.04123187622296161,-0.15831884279319564,0.0,-5.2357938977055767e-23,2.965663993929004e-23,79142575.3730829,0.0,-8.936411412362694e-05,7.61163045979714e-05,0.0,-0.7612797372105289,0.6484235974366357,-14102051.69615861,1642947.3967187828,293615.84804407886,-12165488.451395748,196036460118094.8,1529.268881,196036460118094.8,1529.268881,196036460091133.0,1529.2688812103277,196036460145056.62,1529.2688807896727,196036460221620.66,1529.2688801924012,196036460014568.97,1529.2688818075992
0.003069999999999959,0.0,-0.0005491249009706868,-0.0004939716161048227,0.0,0.039417874085294374,-0.15734038700720676,0.0,-5.173064516684649e-23,2.9733483408477804e-23,79142180.93114316,0.0,-8.92702109518193e-05,7.625296912859075e-05,0.0,-0.7603680810535169,0.6494924028154543,-14099882.879067767,1643188.7689932,293313.02830853435,-12163381.081766035,196036460118094.8,1529.268881,196036460118094.8,1529.268881,196036460092319.2,1529.2688812010742,196036460143870.47,1529.268880798926,196036460220980.84,1529.2688801973923,196036460015208.78,1529.268881802608
0.003074999999999959,0.0,-0.0005489367729443038,-0.0004947534124492687,0.0,0.037625605276610234,-0.15635926888919918,0.0,-5.110112486385138e-23,2.9802506460292666e-23,79141702.40849558,0.0,-8.917813401915496e-05,7.63882365561976e-05,0.0,-0.7594676553596275,0.6505450641289581,-14097691.490267418,1643440.0741566864,293029.1306383939,-12161222.285472339,196036460118094.8,1529.268881,196036460118094.8,1529.268881,196036460093491.16,1529.2688811919318,196036460142698.5,1529.2688808080682,196036460220339.25,1529.2688802023974,196036460015850.38,1529.268881797603
0.0030799999999999586,0.0,-0.000548757497209622,-0.0004955302912462022,0.0,0.03585514693636028,-0.15537575938669504,0.0,-5.0469577429317654e-23,2.9863776740678315e-23,79141141.44107184,0.0,-8.90878643311355e-05,7.652211013671774e-05,0.0,-0.7585784499617979,0.6515817180166705,-14095478.139349137,1643701.0079938571,292763.6700910521,-12159013.461264228,196036460118094.8,1529.268881,196036460118094.8,1529.268881,196036460094648.88,1529.2688811829005,196036460141540.75,1529.2688808170997,196036460219696.12,1529.2688802074144,196036460016493.47,1529.2688817925862
0.0030849999999999584,0.0,-0.0005485869643631375,-0.0004963022418817198,0.0,0.03410656929689161,-0.15439012710354358,0.0,-4.983620486322422e-23,2.991736543403239e-23,79140499.63838215,0.0,-8.899938275167112e-05,7.665459335184586e-05,0.0,-0.7577004508345625,0.6526025029105395,-14093243.430675907,1643971.2697665747,292516.1691918021,-12156755.99171753,196036460118094.8,1529.268881,196036460118094.8,1529.268881,196036460095792.28,1529.2688811739808,196036460140397.34,1529.2688808260195,196036460219051.62,1529.268880212442,196036460017138.0,1529.2688817875583
0.0030899999999999582,0.0,-0.0005484250646851774,-0.0004970692550726065,0.0,0.03237993559202544,-0.1534026381773271,0.0,-4.920121138361553e-23,2.996334763839242e-23,79139778.5804865,0.0,-8.891267007807954e-05,7.678568998528793e-05,0.0,-0.7568336400825411,0.6536075590439653,-14090987.960678615,1644250.563699284,292286.1577842643,-12154451.239195066,196036460118094.8,1529.268881,196036460118094.8,1529.268881,196036460096921.34,1529.268881165173,196036460139268.28,1529.268880834827,196036460218405.88,1529.2688802174794,196036460017783.72,1529.268881782521
0.003094999999999958,0.0,-0.0005482716881752763,-0.0004978313228533254,0.0,0.030675301980209527,-0.1524135561437685,0.0,-4.8564803239086685e-23,3.000180190259671e-23,79138979.81968933,0.0,-8.88277070600152e-05,7.691540415114237e-05,0.0,-0.7559779959307938,0.6545970284598464,-14088712.320776587,1644538.5994321615,292073.17310766416,-12152100.548236761,196036460118094.8,1529.268881,196036460118094.8,1529.268881,196036460098036.0,1529.2688811564776,196036460138153.6,1529.2688808435228,196036460217759.12,1529.2688802225248,196036460018430.5,1529.2688817774754
0.003099999999999958,0.0,-0.0005481267245879055,-0.0004985884385624112,0.0,0.02899271747416742,-0.1514231418171741,0.0,-4.792718872000868e-23,3.003281055183952e-23,79138104.88228726,0.0,-8.874447432769945e-05,7.70437402835284e-05,0.0,-0.7551334925480844,0.6555710552122722,-14086417.096126469,1644835.0911596534,291876.75993551005,-12149705.245031307,196036460118094.8,1529.268881,196036460118094.8,1529.268881,196036460099136.25,1529.2688811478947,196036460137053.38,1529.2688808521054,196036460217111.5,1529.2688802275766,196036460019078.12,1529.2688817724236
0.0031049999999999576,0.0,-0.0005479900634685548,-0.0004993405968282092,0.0,0.027332223870158764,-0.15043165315959736,0.0,-4.728857632111901e-23,3.005645877280943e-23,79137155.26718889,0.0,-8.86629525287207e-05,7.717070296429068e-05,0.0,-0.7543001013131565,0.6565297839085154,-14084102.864593798,1645139.7574858149,291696.47063875885,-12147266.636469224,196036460118094.8,1529.268881,196036460118094.8,1529.268881,196036460100222.06,1529.2688811394244,196036460135967.53,1529.268880860576,196036460216463.16,1529.2688802326345,196036460019726.47,1529.2688817673657
0.0031099999999999574,0.0,-0.0005478615941898503,-0.0005000877935541177,0.0,0.025693855740898722,-0.1494393451816992,0.0,-4.6649176831584975e-23,3.007283577754933e-23,79136132.44895065,0.0,-8.858312215782649e-05,7.729629722316124e-05,0.0,-0.7534777889705206,0.6574733618391663,-14081770.19906268,1645452.322364967,291531.86504193704,-12144786.011655778,196036460118094.8,1529.268881,196036460118094.8,1529.268881,196036460101293.4,1529.268881131067,196036460134896.22,1529.2688808689334,196036460215814.28,1529.2688802376963,196036460020375.34,1529.2688817623039
0.003114999999999957,0.0,-0.0005477412059880699,-0.0005008300259031341,0.0,0.02407764035606482,-0.1484464698032848,0.0,-4.6009200723514017e-23,3.0082033448277277e-23,79135037.875869,0.0,-8.850496374514152e-05,7.742052825962523e-05,0.0,-0.752666519533587,0.658401936793321,-14079419.665508948,1645772.5145235388,291382.5107119258,-12142264.640273483,196036460118094.8,1529.268881,196036460118094.8,1529.268881,196036460102350.28,1529.2688811228222,196036460133839.38,1529.2688808771777,196036460215165.03,1529.268880242761,196036460021024.6,1529.2688817572391
0.003119999999999957,0.0,-0.0005476287879996035,-0.0005015672922819381,0.0,0.022483597693281832,-0.14745327576079215,0.0,-4.5368859199249557e-23,3.008414748709743e-23,79133872.97127482,0.0,-8.842845771273122e-05,7.75434015788663e-05,0.0,-0.7518662532288197,0.6593156582818707,-14077051.821596036,1646100.0671769907,291247.98250235675,-12139703.771916687,196036460118094.8,1529.268881,196036460118094.8,1529.268881,196036460103392.62,1529.268881114691,196036460132796.97,1529.2688808853095,196036460214515.6,1529.2688802478274,196036460021674.03,1529.2688817521728
0.003124999999999957,0.0,-0.0005475242292975394,-0.0005022995923243129,0.0,0.020911740412821886,-0.14646000847494778,0.0,-4.472836338980565e-23,3.00792759195912e-23,79132639.13628395,0.0,-8.835358447448532e-05,7.766492293330391e-05,0.0,-0.7510769471522702,0.6602146767956812,-14074667.221844405,1646434.718527357,291127.86334739387,-12137104.639969654,196036460118094.8,1529.268881,196036460118094.8,1529.268881,196036460104420.47,1529.2688811066728,196036460131769.12,1529.2688808933276,196036460213866.1,1529.2688802528942,196036460022323.56,1529.268881747106
0.0031299999999999566,0.0,-0.000547427418928239,-0.0005030269268741642,0.0,0.019362073860075792,-0.14546690997026715,0.0,-4.408792422274316e-23,3.0067520420735e-23,79131337.74645804,0.0,-8.828032438989053e-05,7.778509836038414e-05,0.0,-0.750298554983399,0.6610991441454326,-14072266.411134813,1646776.2116049146,291021.7434038736,-12134468.456126023,196036460118094.8,1529.268881,196036460118094.8,1529.268881,196036460105433.8,1529.268881098768,196036460130755.8,1529.2688809012323,196036460213216.7,1529.26888025796,196036460022972.94,1529.2688817420403
0.0031349999999999564,0.0,-0.000547338245947876,-0.0005037492979679072,0.0,0.01783459607260188,-0.14447421874861693,0.0,-4.3447751605202064e-23,3.0048985008734516e-23,79129970.15420482,0.0,-8.82086578468587e-05,7.790393410928858e-05,0.0,-0.7495310276450114,0.6619692127262513,-14069849.928728197,1647124.294439445,290929.2206297333,-12131796.413659018,196036460118094.8,1529.268881,196036460118094.8,1529.268881,196036460106432.62,1529.2688810909763,196036460129756.97,1529.2688809090241,196036460212567.53,1529.268880263024,196036460023622.06,1529.2688817369765
0.003139999999999956,0.0,-0.0005472565994587986,-0.0005044667088164474,0.0,0.016329297815479697,-0.14348216970803132,0.0,-4.280805490078267e-23,3.0023776487013586e-23,79128537.69012043,0.0,-8.813856519131964e-05,7.802143671073027e-05,0.0,-0.7487743127924125,0.6628250361160556,-14067418.3082086,1647478.7199414864,290849.90068910446,-12129089.687578011,196036460118094.8,1529.268881,196036460118094.8,1529.268881,196036460107416.97,1529.2688810832972,196036460128772.66,1529.2688809167028,196036460211918.84,1529.2688802680843,196036460024270.78,1529.2688817319158
0.003144999999999956,0.0,-0.0005471823686457978,-0.0005051791637866785,0.0,0.01484616260014157,-0.14249099404621468,0.0,-4.216904248119773e-23,2.999200506278005e-23,79127041.6617687,0.0,-8.807002668181121e-05,7.813761292605973e-05,0.0,-0.748028354900851,0.6636667689920347,-14064972.073167304,1647839.2449330231,290783.39645411517,-12126349.431780163,196036460118094.8,1529.268881,196036460118094.8,1529.268881,196036460108386.78,1529.268881075732,196036460127802.84,1529.2688809242682,196036460211270.7,1529.2688802731404,196036460024918.9,1529.26888172686
0.003149999999999956,0.0,-0.0005471154428122041,-0.0005058866683823915,0.0,0.013385166718737707,-0.14150091914261356,0.0,-4.153092059793631e-23,2.995378220867307e-23,79125483.35484542,0.0,-8.80030227216541e-05,7.825246973131172e-05,0.0,-0.747293096244013,0.6644945660470343,-14062511.744231416,1648205.632404802,290729.3288862209,-12123576.782940391,196036460118094.8,1529.268881,196036460118094.8,1529.268881,196036460109342.16,1529.2688810682791,196036460126847.47,1529.268880931721,196036460210623.28,1529.2688802781909,196036460025566.34,1529.2688817218093
0.0031549999999999556,0.0,-0.0005470557114156162,-0.0005065892292249644,0.0,0.011946279317593844,-0.1405121685145743,0.0,-4.089389455266375e-23,2.990922286477942e-23,79123864.03394793,0.0,-8.793753358257955e-05,7.836601437087758e-05,0.0,-0.7465684756793733,0.66530858338201,-14060037.832569165,1648577.6490921548,290687.3261358891,-12120772.857341122,196036460118094.8,1529.268881,196036460118094.8,1529.268881,196036460110283.06,1529.268881060939,196036460125906.6,1529.2688809390609,196036460209976.75,1529.2688802832345,196036460026212.88,1529.2688817167657
0.0031599999999999554,0.0,-0.0005470030641034656,-0.0005072868540334504,0.0,0.010529462430118989,-0.1395249616972093,0.0,-4.02581672462292e-23,2.985844377520453e-23,79122184.94263919,0.0,-8.787353959309727e-05,7.847825426421818e-05,0.0,-0.745854429789185,0.6661089772431006,-14057550.843237028,1648955.0665521284,290657.02398393303,-12117938.752700966,196036460118094.8,1529.268881,196036460118094.8,1529.268881,196036460111209.53,1529.2688810537118,196036460124980.12,1529.2688809462882,196036460209331.22,1529.26888028827,196036460026858.44,1529.2688817117296
0.003164999999999955,0.0,-0.0005469573907481656,-0.000507979551604355,0.0,0.009134671059984513,-0.1385395141808947,0.0,-3.962393943397768e-23,2.98015640757329e-23,79120447.3028959,0.0,-8.78110210959369e-05,7.858919706737371e-05,0.0,-0.7451508925062089,0.666895904468756,-14055051.273308072,1649337.6612588686,290638.06566749205,-12115075.54638171,196036460118094.8,1529.268881,196036460118094.8,1529.268881,196036460112121.6,1529.2688810465968,196036460124068.06,1529.268880953403,196036460208686.8,1529.2688802932973,196036460027502.8,1529.2688817067028
0.003169999999999955,0.0,-0.0005469185814818883,-0.000508667331790997,0.0,0.00776185325545766,-0.1375560373284077,0.0,-3.899140962596683e-23,2.973870469687051e-23,79118652.31730525,0.0,-8.774995846526176e-05,7.86988506757494e-05,0.0,-0.7444577952105536,0.6676695224062886,-14052539.614993295,1649725.2147792864,290630.10192335775,-12112184.29829065,196036460118094.8,1529.268881,196036460118094.8,1529.268881,196036460113019.28,1529.268881039594,196036460123170.38,1529.2688809604058,196036460208043.72,1529.268880298314,196036460028145.94,1529.2688817016858
0.0031749999999999548,0.0,-0.0005468865267309524,-0.0005093502054825608,0.0,0.006410950187192157,-0.13657473831274655,0.0,-3.8360773442077196e-23,2.9669988937828174e-23,79116801.16714267,0.0,-8.769033207220882e-05,7.880722314120723e-05,0.0,-0.743775066992394,0.6684299886453778,-14050016.350138048,1650117.512607831,290632.790717385,-12109266.046812832,196036460118094.8,1529.268881,196036460118094.8,1529.268881,196036460113902.62,1529.2688810327031,196036460122287.0,1529.268880967297,196036460207402.03,1529.2688803033197,196036460028787.6,1529.2688816966804
0.0031799999999999546,0.0,-0.0005468611172497105,-0.0005100281845827361,0.0,0.005081896248361778,-0.13559582003506385,0.0,-3.773222366333641e-23,2.959554119523038e-23,79114895.01601203,0.0,-8.763212235659648e-05,7.891432271479431e-05,0.0,-0.7431026347859292,0.6691774608982357,-14047481.957160141,1650514.3452784917,290645.7976473343,-12106321.814234314,196036460118094.8,1529.268881,196036460118094.8,1529.268881,196036460114771.72,1529.2688810259235,196036460121417.9,1529.2688809740769,196036460206761.88,1529.2688803083136,196036460029427.72,1529.2688816916868
0.0031849999999999544,0.0,-0.0005468422441539454,-0.0005107012819881693,0.0,0.003774619153015741,-0.13461948108664534,0.0,-3.710595038623772e-23,2.951548808601639e-23,79112935.00706612,0.0,-8.757530977369875e-05,7.902015790644999e-05,0.0,-0.7424404229591501,0.6699120974846164,-14044936.906191971,1650915.5083362083,290668.7954307285,-12103352.602425035,196036460118094.8,1529.268881,196036460118094.8,1529.268881,196036460115626.56,1529.2688810192546,196036460120563.06,1529.2688809807455,196036460206123.5,1529.2688803132935,196036460030066.16,1529.2688816867067
0.003189999999999954,0.0,-0.0005468297989538,-0.0005113695115665292,0.0,0.0024890400290875385,-0.13364591567198458,0.0,-3.6482139783921146e-23,2.942995763597733e-23,79110922.26487888,0.0,-8.751987479848834e-05,7.912473726634385e-05,0.0,-0.7417883542934861,0.670634056274032,-14042381.658180242,1651320.8002984708,290701.46393881633,-12100359.393942956,196036460118094.8,1529.268881,196036460118094.8,1529.268881,196036460116467.22,1529.2688810126967,196036460119722.4,1529.2688809873034,196036460205486.84,1529.26888031826,196036460030702.78,1529.2688816817401
0.003194999999999954,0.0,-0.0005468236735860284,-0.000512032888134329,0.0,0.00122507355432411,-0.1326753135599717,0.0,-3.5860975332996405e-23,2.933907952035945e-23,79108857.89476983,0.0,-8.74657979744416e-05,7.922806967539152e-05,0.0,-0.7411463489862395,0.6713434958233879,-14039816.668767778,1651730.025849816,290743.4902576932,-12097343.152660271,196036460118094.8,1529.268881,196036460118094.8,1529.268881,196036460117293.72,1529.2688810062493,196036460118895.9,1529.2688809937508,196036460204852.12,1529.2688803232113,196036460031337.47,1529.268881676789
0.0031999999999999537,0.0,-0.0005468237604457799,-0.0005126914274344627,0.0,-1.737195028970745e-05,-0.1317078600267459,0.0,-3.524263631342034e-23,2.924298412278068e-23,79106742.98403181,0.0,-8.741305995172978e-05,7.933016410889809e-05,0.0,-0.7405143258355041,0.6720405740968239,-14037242.38701516,1652142.9939852343,290794.56870761764,-12094304.82432231,196036460118094.8,1529.268881,196036460118094.8,1529.268881,196036460118106.2,1529.2688809999113,196036460118083.44,1529.2688810000886,196036460204219.53,1529.2688803281462,196036460031970.1,1529.268881671854
0.0032049999999999535,0.0,-0.0005468299524176556,-0.0005133451461136185,0.0,-0.0012383943751332232,-0.13074373583115317,0.0,-3.462729857823235e-23,2.914180370450868e-23,79104578.60164383,0.0,-8.736164135550583e-05,7.943102971040518e-05,0.0,-0.7398922014667075,0.6727254493541543,-14034659.252512302,1652559.5172988256,290854.4003895567,-12091245.334823921,196036460118094.8,1529.268881,196036460118094.8,1529.268881,196036460118904.62,1529.2688809936828,196036460117285.03,1529.268881006317,196036460203589.1,1529.2688803330643,196036460032600.53,1529.268881666936
0.0032099999999999533,0.0,-0.0005468421429061717,-0.000513994061699367,0.0,-0.002438097703220324,-0.129783117149693,0.0,-3.401513382084358e-23,2.903567096633847e-23,79102365.79935105,0.0,-8.731152293873068e-05,7.953067577037052e-05,0.0,-0.7392798910468551,0.6733982793961907,-14032067.69967321,1652979.4133308695,290922.69354773127,-12088165.592794608,196036460118094.8,1529.268881,196036460118094.8,1529.268881,196036460119689.1,1529.2688809875633,196036460116500.53,1529.268881012437,196036460202960.94,1529.2688803379644,196036460033228.7,1529.2688816620357
0.003214999999999953,0.0,-0.0005468602258655021,-0.0005146381925771735,0.0,-0.003616591866084279,-0.12882617556129033,0.0,-3.340630993063149e-23,2.8924719690820943e-23,79100105.61145905,0.0,-8.726268551112798e-05,7.96291117614951e-05,0.0,-0.7386773079044366,0.6740592220176607,-14029468.15577584,1653402.5041257387,290999.1633319667,-12085066.488318134,196036460118094.8,1529.268881,196036460118094.8,1529.268881,196036460120459.72,1529.2688809815515,196036460115729.9,1529.2688810184486,196036460202335.2,1529.2688803428457,196036460033854.44,1529.2688816571542
0.003219999999999953,0.0,-0.0005468840958285621,-0.0005152775579672225,0.0,-0.004773992611982535,-0.12787307800981687,0.0,-3.280099035851317e-23,2.880908469793782e-23,79097799.05400017,0.0,-8.721510994050489e-05,7.972634725648346e-05,0.0,-0.7380843639201142,0.6747084346120481,-14026861.038652735,1653828.6154328592,291083.53146970976,-12081948.891750166,196036460118094.8,1529.268881,196036460118094.8,1529.268881,196036460121216.56,1529.2688809756476,196036460114973.06,1529.2688810243526,196036460201711.94,1529.2688803477079,196036460034477.7,1529.2688816522925
0.0032249999999999527,0.0,-0.0005469136479353227,-0.0005159121779010632,0.0,-0.005910421352121061,-0.12692398676814814,0.0,-3.219933464827334e-23,2.868890113485904e-23,79095447.12731731,0.0,-8.716877720608159e-05,7.982239203540422e-05,0.0,-0.7375009693182867,0.675346074434869,-14024246.762118505,1654257.578232187,291175.52662498725,-12078813.657261329,196036460118094.8,1529.268881,196036460118094.8,1529.268881,196036460121959.7,1529.2688809698504,196036460114229.94,1529.2688810301497,196036460201091.34,1529.2688803525489,196036460035098.28,1529.2688816474513
0.0032299999999999525,0.0,-0.0005469487779604491,-0.0005165420731981973,0.0,-0.007026005025287164,-0.12597905942682763,0.0,-3.1601497426960484e-23,2.8564304813725026e-23,79093050.81472965,0.0,-8.712366833474883e-05,7.991725589608626e-05,0.0,-0.7369270332589877,0.6759722979916462,-14021625.729960853,1654689.2262459625,291274.88393736596,-12075661.619777525,196036460118094.8,1529.268881,196036460118094.8,1529.268881,196036460122689.16,1529.26888096416,196036460113500.44,1529.2688810358404,196036460200473.44,1529.2688803573692,196036460035716.2,1529.268881642631
0.0032349999999999523,0.0,-0.0005469893823400867,-0.0005171672654425525,0.0,-0.008120875927503407,-0.12503844887102805,0.0,-3.100762908178814e-23,2.843543171726434e-23,79090611.08254836,0.0,-8.707976451891828e-05,8.001094886269469e-05,0.0,-0.7363624634515502,0.6765872614966707,-14018998.341088723,1655123.399085894,291381.34525260265,-12072493.596750228,196036460118094.8,1529.268881,196036460118094.8,1529.268881,196036460123405.12,1529.2688809585745,196036460112784.5,1529.2688810414256,196036460199858.38,1529.2688803621675,196036460036331.25,1529.2688816378327
0.003239999999999952,0.0,-0.0005470353581979124,-0.0005177877769589257,0.0,-0.009195171565133555,-0.12410230327464122,0.0,-3.041787570056095e-23,2.8302418740126986e-23,79088128.88160574,0.0,-8.703704693340816e-05,8.010348104105421e-05,0.0,-0.7358071660936268,0.677191120973441,-14016364.985228464,1655559.9389582947,291494.6586230874,-12069310.387647081,196036460118094.8,1529.268881,196036460118094.8,1529.268881,196036460124107.6,1529.2688809530946,196036460112082.03,1529.2688810469056,196036460199246.2,1529.268880366943,196036460036943.4,1529.2688816330574
0.003244999999999952,0.0,-0.0005470866033704421,-0.0005184036307892691,0.0,-0.010249034505924518,-0.12317076606868341,0.0,-2.983237837136176e-23,2.8165402276756386e-23,79085605.14671876,0.0,-8.69954969461766e-05,8.019486265223836e-05,0.0,-0.7352610465808597,0.6777840315180189,-14013726.046882132,1655998.6931146726,291614.5786833075,-12066112.775084153,196036460118094.8,1529.268881,196036460118094.8,1529.268881,196036460124796.72,1529.268880947719,196036460111392.9,1529.2688810522811,196036460198637.06,1529.2688803716946,196036460037552.56,1529.2688816283055
0.0032499999999999517,0.0,-0.000547143016431471,-0.0005190148506690623,0.0,-0.01128261220578514,-0.12224397595862557,0.0,-2.925127303429874e-23,2.802451872487648e-23,79083040.7957504,0.0,-8.695509605580801e-05,8.028510398276753e-05,0.0,-0.734724009511948,0.6783661473324617,-14011081.901945597,1656439.512693039,291740.8662654121,-12062901.522987146,196036460118094.8,1529.268881,196036460118094.8,1529.268881,196036460125472.6,1529.2688809424465,196036460110717.03,1529.2688810575537,196036460198031.03,1529.2688803764224,196036460038158.6,1529.2688816235777
0.0032549999999999515,0.0,-0.0005472044967156232,-0.0005196214610036836,0.0,-0.01229605683042857,-0.12132206692427974,0.0,-2.867469182457346e-23,2.7879905044677476e-23,79080436.73275366,0.0,-8.69158257625372e-05,8.037421549220112e-05,0.0,-0.7341959577689829,0.6789376227575592,-14008432.919976786,1656882.2523727953,291873.2883012244,-12059677.379302768,196036460118094.8,1529.268881,196036460118094.8,1529.268881,196036460126135.28,1529.268880937277,196036460110054.34,1529.2688810627233,196036460197428.22,1529.268880381125,196036460038761.44,1529.2688816188752
0.0032599999999999513,0.0,-0.0005472709443412409,-0.0005202234868446852,0.0,-0.013289525123546825,-0.12040516820031173,0.0,-2.8102761084764235e-23,2.773169725272194e-23,79077793.84567006,0.0,-8.687766777784706e-05,8.046220764448421e-05,0.0,-0.73367679407635,0.6794986106195134,-14005779.463297823,1657326.7708903386,292011.61789365433,-12056441.07451383,196036460118094.8,1529.268881,196036460118094.8,1529.268881,196036460126784.9,1529.2688809322092,196036460109404.7,1529.2688810677912,196036460196828.66,1529.268880385802,196036460039361.0,1529.2688816141979
0.003264999999999951,0.0,-0.0005473422602322715,-0.0005208209538662299,0.0,-0.014263178206118575,-0.11949340430893413,0.0,-2.753560286109195e-23,2.7580031480429803e-23,79075113.00783111,0.0,-8.684060388076193e-05,8.05490910494502e-05,0.0,-0.7331664198799926,0.6800492634804881,-14003121.887434913,1657772.9308645898,292155.6341003175,-12053193.322470007,196036460118094.8,1529.268881,196036460118094.8,1529.268881,196036460127421.6,1529.2688809272424,196036460108768.03,1529.2688810727577,196036460196232.44,1529.268880390453,196036460039957.22,1529.268881609547
0.003269999999999951,0.0,-0.0005474183461394093,-0.0005214138883415095,0.0,-0.015217181427556794,-0.11858689505592702,0.0,-2.697333381365495e-23,2.7425043234597354e-23,79072395.07674094,0.0,-8.680461601095627e-05,8.063487635531396e-05,0.0,-0.7326647361956891,0.6805897327577762,-14000460.540064842,1658220.5986922719,292305.1217874872,-12049934.819585083,196036460118094.8,1529.268881,196036460118094.8,1529.268881,196036460128045.4,1529.268880922376,196036460108144.2,1529.2688810776244,196036460195639.66,1529.2688803950773,196036460040550.0,1529.2688816049226
0.0032749999999999507,0.0,-0.0005474991046603047,-0.0005220023171192709,0.0,-0.01615170417910024,-0.11768575555227877,0.0,-2.6416066091415747e-23,2.726686755207878e-23,79069640.89659072,0.0,-8.676968620515293e-05,8.071957431800038e-05,0.0,-0.732171643101413,0.6811201693080134,-13997795.7631898,1658669.644514681,292459.8717118224,-12046666.246963298,196036460118094.8,1529.268881,196036460118094.8,1529.268881,196036460128656.53,1529.2688809176086,196036460107533.1,1529.2688810823915,196036460195050.38,1529.2688803996743,196036460041139.25,1529.2688816003258
0.0032799999999999505,0.0,-0.0005475844392589923,-0.0005225862676004232,0.0,-0.017066919737519875,-0.11679009623046772,0.0,-2.5863906834022993e-23,2.710563893470245e-23,79066851.2964553,0.0,-8.67357966327681e-05,8.080319576448643e-05,0.0,-0.7316870400621721,0.6816407231122986,-13995127.891264249,1659119.9421959536,292619.6802076097,-12043388.268860685,196036460118094.8,1529.268881,196036460118094.8,1529.268881,196036460129255.0,1529.26888091294,196036460106934.62,1529.2688810870602,196036460194464.72,1529.268880404243,196036460041724.94,1529.268881595757
0.0032849999999999503,0.0,-0.0005476742542844501,-0.0005231657677147382,0.0,-0.0179630050915653,-0.11590002286299883,0.0,-2.5316957966467818e-23,2.694149114506535e-23,79064027.09077545,0.0,-8.670292959038894e-05,8.088575154175196e-05,0.0,-0.731210826153968,0.6821515430717953,-13992457.250724262,1659571.3687400324,292784.34914955165,-12040101.532834679,196036460118094.8,1529.268881,196036460118094.8,1529.268881,196036460129840.94,1529.2688809083693,196036460106348.66,1529.268881091631,196036460193882.7,1529.2688804087834,196036460042306.94,1529.268881591217
0.00328999999999995,0.0,-0.0005477684549882566,-0.0005237408458976783,0.0,-0.018840140761296864,-0.11501563658801507,0.0,-2.477531635205078e-23,2.677455635993139e-23,79061169.081706,0.0,-8.667106757686774e-05,8.096725255260785e-05,0.0,-0.7307429002379385,0.6826527768579327,-13989784.164264401,1660023.8053608239,292953.6861553328,-12036806.672748245,196036460118094.8,1529.268881,196036460118094.8,1529.268881,196036460130414.53,1529.2688809038948,196036460105775.1,1529.2688810961054,196036460193304.38,1529.2688804132947,196036460042885.25,1529.2688815867054
0.00329499999999995,0.0,-0.0005478669475413702,-0.0005243115310674995,0.0,-0.019698510622717436,-0.11413703396424069,0.0,-2.423907416591113e-23,2.660496678389853e-23,79058278.05534206,0.0,-8.664019315484833e-05,8.104770977709383e-05,0.0,-0.7302831603565278,0.683144571594975,-13987108.944319071,1660477.1362307107,293127.50386971957,-12033504.30421864,196036460118094.8,1529.268881,196036460118094.8,1529.268881,196036460130975.8,1529.2688808995163,196036460105213.8,1529.268881100484,196036460192729.84,1529.2688804177767,196036460043459.78,1529.2688815822235
0.0032999999999999497,0.0,-0.000547969639050097,-0.0005248778526023496,0.0,-0.02053830174534558,-0.11326430697001666,0.0,-2.370831856559181e-23,2.6432853075825113e-23,79055354.78470707,0.0,-8.661028909595041e-05,8.11271342618842e-05,0.0,-0.7298315043767455,0.6836270732052502,-13984431.89868313,1660931.249827279,293305.6203983517,-12030195.0284575,196036460118094.8,1529.268881,196036460118094.8,1529.268881,196036460131524.94,1529.2688808952323,196036460104664.66,1529.268881104768,196036460192159.2,1529.2688804222282,196036460044030.47,1529.2688815777717
0.0033049999999999495,0.0,-0.0005480764375711888,-0.0005254398403176339,0.0,-0.021359704218375044,-0.11239754305685477,0.0,-2.318313156184074e-23,2.6258344676210651e-23,79052400.03093682,0.0,-8.658133825880359e-05,8.120553699086037e-05,0.0,-0.7293878300828184,0.6841004263462184,-13981753.327703271,1661386.0364096332,293487.8589977081,-12026879.43229593,196036460118094.8,1529.268881,196036460118094.8,1529.268881,196036460132062.1,1529.268880891042,196036460104127.53,1529.268881108958,196036460191592.38,1529.26888042665,196036460044597.25,1529.2688815733502
0.0033099999999999493,0.0,-0.0005481872521260506,-0.0005259975244435921,0.0,-0.022162910972358025,-0.11153682519164906,0.0,-2.266359084063659e-23,2.6081570275305702e-23,79049414.5403724,0.0,-8.655332366473586e-05,8.128292910925927e-05,0.0,-0.7289520345583513,0.6845647751040365,-13979073.52540255,1661841.3908990494,293674.0479084872,-12023558.086595012,196036460118094.8,1529.268881,196036460118094.8,1529.268881,196036460132587.3,1529.268880886945,196036460103602.3,1529.2688811130552,196036460191029.56,1529.2688804310403,196036460045160.06,1529.2688815689598
0.003314999999999949,0.0,-0.0005483019927141975,-0.0005265509356030054,0.0,-0.022948117629368464,-0.11068223188266904,0.0,-2.2149768239829108e-23,2.5902656306449264e-23,79046399.04711986,0.0,-8.652622855477644e-05,8.135932165467987e-05,0.0,-0.7285240155691066,0.6850202615536742,-13976392.779528914,1662297.210847656,293864.02048876794,-12020231.54819249,196036460118094.8,1529.268881,196036460118094.8,1529.268881,196036460133100.78,1529.2688808829394,196036460103088.88,1529.2688811170606,196036460190470.72,1529.2688804353998,196036460045718.9,1529.2688815646002
0.003319999999999949,0.0,-0.0005484205703256994,-0.0005271001047892942,0.0,-0.023715522300386763,-0.10983383725775309,0.0,-2.164173175454325e-23,2.5721729069185655e-23,79043354.2708122,0.0,-8.650003622301965e-05,8.143472580705943e-05,0.0,-0.7281036698803666,0.6854670275853845,-13973711.369461179,1662753.397095336,294057.6146769547,-12016900.357688887,196036460118094.8,1529.268881,196036460118094.8,1529.268881,196036460133602.56,1529.2688808790251,196036460102587.06,1529.268881120975,196036460189915.97,1529.2688804397276,196036460046273.66,1529.2688815602728
0.0033249999999999487,0.0,-0.0005485428969529602,-0.0005276450633446389,0.0,-0.02446532545216411,-0.10899171106894386,0.0,-2.113954383550038e-23,2.5538911868066507e-23,79040280.9214369,0.0,-8.64747302358069e-05,8.150915266501996e-05,0.0,-0.7276908950875306,0.6859052129898916,-13971029.57196746,1663209.8538252725,294254.6735969621,-12013565.044545226,196036460118094.8,1529.268881,196036460118094.8,1529.268881,196036460134092.88,1529.2688808752,196036460102096.78,1529.2688811247997,196036460189365.28,1529.2688804440234,196036460046824.34,1529.2688815559768
0.0033299999999999485,0.0,-0.0005486688856015359,-0.0005281858429386201,0.0,-0.025197729715130082,-0.10815591879625341,0.0,-2.0643262706241967e-23,2.5354327892647156e-23,79037179.69277191,0.0,-8.645029422054276e-05,8.15826134107928e-05,0.0,-0.7272855881128386,0.6863349570897306,-13968347.652950754,1663666.4879561774,294455.0445460484,-12010226.120448528,196036460118094.8,1529.268881,196036460118094.8,1529.268881,196036460134571.78,1529.2688808714643,196036460101617.84,1529.268881128536,196036460188818.78,1529.2688804482866,196036460047370.88,1529.2688815517133
0.0033349999999999482,0.0,-0.0005487984503002206,-0.0005287224755468783,0.0,-0.025912939736937073,-0.1073265216516473,0.0,-2.0152941418670467e-23,2.5168097627721214e-23,79034051.26866281,0.0,-8.642671204131141e-05,8.165511916223566e-05,0.0,-0.7268876465453034,0.6867563973490384,-13965665.87476299,1664123.2094759543,294658.57972358714,-12006884.08556345,196036460118094.8,1529.268881,196036460118094.8,1529.268881,196036460135039.47,1529.2688808678158,196036460101150.16,1529.2688811321843,196036460188276.4,1529.2688804525178,196036460047913.22,1529.2688815474826
0.003339999999999948,0.0,-0.000548931506110237,-0.000529254993430242,0.0,-0.026611162003282795,-0.10650357667275423,0.0,-1.9668628961778995e-23,2.4980340406992106e-23,79030896.32065202,0.0,-8.64039676750231e-05,8.172668109803983e-05,0.0,-0.7264969676474518,0.6871696704592377,-13962984.493296444,1664579.9313472859,294865.1356569033,-12003539.426292256,196036460118094.8,1529.268881,196036460118094.8,1529.268881,196036460135496.03,1529.2688808642542,196036460100693.56,1529.2688811357461,196036460187738.25,1529.2688804567158,196036460048451.34,1529.2688815432846
0.003344999999999948,0.0,-0.0005490679691337227,-0.0005297834291140557,0.0,-0.02729260469714601,-0.10568713676274699,0.0,-1.9190369629660358e-23,2.47911736584501e-23,79027715.5080541,0.0,-8.638204528885742e-05,8.179731038847916e-05,0.0,-0.7261134489752781,0.687574911713063,-13960303.758323641,1665036.5695967844,295074.5732822918,-12000192.615444567,196036460118094.8,1529.268881,196036460118094.8,1529.268881,196036460135941.62,1529.2688808607782,196036460100248.0,1529.268881139222,196036460187204.4,1529.2688804608802,196036460048985.22,1529.26888153912
0.0033499999999999476,0.0,-0.0005492077565214034,-0.0005303078153678375,0.0,-0.02795747753612623,-0.10487725075636803,0.0,-1.8718202567475346e-23,2.460071278938279e-23,79024509.47711052,0.0,-8.636092923989111e-05,8.186701811524114e-05,0.0,-0.7257369887351441,0.6879722546597683,-13957623.911699899,1665493.0425043697,295286.7576588407,-11996844.11153669,196036460118094.8,1529.268881,196036460118094.8,1529.268881,196036460136376.4,1529.2688808573866,196036460099813.22,1529.2688811426137,196036460186674.8,1529.2688804650115,196036460049514.8,1529.2688815349886
0.0033549999999999474,0.0,-0.0005493507864793736,-0.0005308281851852873,0.0,-0.028605991594052926,-0.10407396348993911,0.0,-1.8252163320665446e-23,2.4409071529812392e-23,79021278.86406948,0.0,-8.634060402738452e-05,8.19358154370404e-05,0.0,-0.7253674849200479,0.6883618320482072,-13954945.19148863,1665949.271678115,295501.5581595928,-11993494.361650921,196036460118094.8,1529.268881,196036460118094.8,1529.268881,196036460136800.47,1529.2688808540784,196036460099389.16,1529.2688811459218,196036460186149.53,1529.2688804691093,196036460050040.1,1529.2688815308911
0.0033599999999999472,0.0,-0.000549496978275255,-0.0005313445717645846,0.0,-0.029238359176269026,-0.10327731585947213,0.0,-1.7792282752241656e-23,2.4216361666849922e-23,79018024.29294682,0.0,-8.632105431635576e-05,8.200371344381105e-05,0.0,-0.7250048360352572,0.6887437750901927,-13952267.828400066,1666405.1808580854,295718.848086128,-11990143.799455851,196036460118094.8,1529.268881,196036460118094.8,1529.268881,196036460137213.97,1529.2688808508528,196036460098975.66,1529.2688811491475,196036460185628.6,1529.268880473173,196036460050561.03,1529.2688815268273
0.003364999999999947,0.0,-0.000549646252243542,-0.0005318570084890245,0.0,-0.029854793657402626,-0.10248734488798361,0.0,-1.7338587323955203e-23,2.4022692640599738e-23,79014746.3761441,0.0,-8.630226501436623e-05,8.207072322770376e-05,0.0,-0.7246489411261032,0.689118213461825,-13949592.048323976,1666860.6973461607,295938.50483932014,-11986792.846138496,196036460118094.8,1529.268881,196036460118094.8,1529.268881,196036460137617.06,1529.268880847708,196036460098572.53,1529.2688811522924,196036460185112.03,1529.2688804772029,196036460051077.6,1529.2688815227975
0.003369999999999947,0.0,-0.0005497985297901864,-0.0005323655289080585,0.0,-0.030455509328880217,-0.10170408380680936,0.0,-1.6891099945533773e-23,2.3828172324029096e-23,79011445.7170206,0.0,-8.628422108788108e-05,8.21368558483988e-05,0.0,-0.7242996992107793,0.6894852759292069,-13946918.07147991,1667315.749776703,296160.4096424089,-11983441.912060797,196036460118094.8,1529.268881,196036460118094.8,1529.268881,196036460138009.9,1529.2688808446435,196036460098179.75,1529.2688811553562,196036460184599.88,1529.268880481198,196036460051589.78,1529.268881518802
0.0033749999999999466,0.0,-0.0005499537333965658,-0.0005328701667186081,0.0,-0.031040721275862628,-0.1009275621098999,0.0,-1.6449838444004768e-23,2.3632906470939712e-23,79008122.90273985,0.0,-8.62669077785133e-05,8.22021223111191e-05,0.0,-0.7239570102526202,0.6898450893541879,-13944246.108756103,1667770.2700666797,296384.4472218313,-11980091.391467592,196036460118094.8,1529.268881,196036460118094.8,1529.268881,196036460138392.56,1529.2688808416585,196036460097797.06,1529.2688811583416,196036460184092.06,1529.2688804851593,196036460052097.53,1529.268881514841
0.0033799999999999464,0.0,-0.0005501117866225715,-0.0005333709557467442,0.0,-0.03161064520114895,-0.10015780562724139,0.0,-1.6014817423190468e-23,2.3436998070791312e-23,79004778.51583232,0.0,-8.62503104822859e-05,8.226653360627007e-05,0.0,-0.7236207745306468,0.6901977793847694,-13941576.371050714,1668224.192542004,296610.50645786826,-11976741.672050843,196036460118094.8,1529.268881,196036460118094.8,1529.268881,196036460138765.22,1529.2688808387513,196036460097424.38,1529.268881161249,196036460183588.75,1529.2688804890859,196036460052600.88,1529.2688815109143
0.003384999999999946,0.0,-0.0005502726141091391,-0.0005338679299298474,0.0,-0.0321654973135048,-0.09939483662062946,0.0,-1.5586047357251564e-23,2.3240548581659914e-23,79001413.12485608,0.0,-8.623441474327048e-05,8.233010067624979e-05,0.0,-0.7232908927700615,0.6905434703448345,-13938909.060039923,1668677.4535232205,296838.4795107677,-11973393.127005933,196036460118094.8,1529.268881,196036460118094.8,1529.268881,196036460139128.06,1529.268880835921,196036460097061.56,1529.2688811640792,196036460183089.8,1529.268880492978,196036460053099.8,1529.2688815070223
0.003389999999999946,0.0,-0.000550436141580062,-0.0005343611232990309,0.0,-0.03270549418458536,-0.0986386738367259,0.0,-1.5163534917803661e-23,2.3043657018002167e-23,78998027.28789517,0.0,-8.621920633546543e-05,8.239283445533383e-05,0.0,-0.7229672663190073,0.690882285075556,-13936244.373143742,1669129.9925105274,297068.2621153645,-11970046.11851785,196036460118094.8,1529.268881,196036460118094.8,1529.268881,196036460139481.2,1529.2688808331663,196036460096708.47,1529.2688811668338,196036460182595.38,1529.268880496835,196036460053594.25,1529.2688815031652
0.003394999999999946,0.0,-0.0005506022958431479,-0.0005348505699619895,0.0,-0.03323085261719176,-0.09788933259172057,0.0,-1.4747282833443027e-23,2.2846420110049526e-23,78994621.55355944,0.0,-8.620467116369021e-05,8.245474574698102e-05,0.0,-0.7226497972822747,0.6912143448221305,-13933582.501453111,1669581.7499650542,297299.7533741896,-11966700.998113869,196036460118094.8,1529.268881,196036460118094.8,1529.268881,196036460139824.72,1529.2688808304865,196036460096364.9,1529.2688811695136,196036460182105.38,1529.2688805006576,196036460054084.25,1529.2688814993426
0.0033999999999999456,0.0,-0.0005507710047906912,-0.0005353363040862418,0.0,-0.03374178950866054,-0.09714682485047119,0.0,-1.4337290521483607e-23,2.2648932440436537e-23,78991196.45938429,0.0,-8.61907953578377e-05,8.251584539702196e-05,0.0,-0.7223383881883709,0.691539769607957,-13930923.631666556,1670032.6699087133,297532.8557566689,-11963358.106001176,196036460118094.8,1529.268881,196036460118094.8,1529.268881,196036460140158.8,1529.2688808278801,196036460096030.8,1529.26888117212,196036460181619.84,1529.2688805044452,196036460054569.8,1529.268881495555
0.0034049999999999454,0.0,-0.0005509421973993719,-0.0005358183598827464,0.0,-0.0342385217361404,-0.09641115930090925,0.0,-1.3933553754779554e-23,2.2451286307082077e-23,78987752.53362931,0.0,-8.617756518450888e-05,8.257614413609197e-05,0.0,-0.7220329423105368,0.6918586779237427,-13928267.944580715,1670482.6974787517,297767.4749129864,-11960017.772188976,196036460118094.8,1529.268881,196036460118094.8,1529.268881,196036460140483.6,1529.2688808253465,196036460095706.0,1529.2688811746539,196036460181138.75,1529.268880508198,196036460055050.88,1529.2688814918022
0.003409999999999945,0.0,-0.0005511158037295236,-0.0005362967715899124,0.0,-0.03472126603032562,-0.09568234143319676,0.0,-1.3536064884469515e-23,2.225357153536917e-23,78984290.29395424,0.0,-8.616496715762018e-05,8.263565269188591e-05,0.0,-0.7217333636543584,0.692171186765359,-13925615.61673521,1670931.7811048497,298003.5197266088,-11956680.315903751,196036460118094.8,1529.268881,196036460118094.8,1529.268881,196036460140799.28,1529.2688808228838,196036460095390.3,1529.2688811771166,196036460180662.22,1529.2688805119155,196036460055527.44,1529.2688814880846
0.003414999999999945,0.0,-0.0005512917549238081,-0.0005367715734580394,0.0,-0.035190238856906704,-0.09496037362539002,0.0,-1.3144812873363738e-23,2.2055875586796695e-23,78980810.24992214,0.0,-8.615298791085231e-05,8.269438165444915e-05,0.0,-0.7214395570240397,0.6924774115889681,-13922966.819275666,1671379.8698887725,298240.90211487585,-11953346.04727202,196036460118094.8,1529.268881,196036460118094.8,1529.268881,196036460141106.0,1529.2688808204912,196036460095083.66,1529.2688811795088,196036460180190.1,1529.2688805155983,196036460055999.53,1529.2688814844016
0.003419999999999945,0.0,-0.000551469983205304,-0.0005372427997341661,0.0,-0.03564565629917782,-0.09424525522533929,0.0,-1.2759783727575144e-23,2.185828431025477e-23,78977312.89868246,0.0,-8.614161423809793e-05,8.27523416190195e-05,0.0,-0.7211514275996297,0.6927774667748772,-13920321.716360172,1671826.9153712122,298479.53676549095,-11950015.26422347,196036460118094.8,1529.268881,196036460118094.8,1529.268881,196036460141403.75,1529.2688808181686,196036460094785.88,1529.2688811818316,196036460179722.47,1529.2688805192463,196036460056467.16,1529.2688814807539
0.0034249999999999446,0.0,-0.0005516504218750821,-0.000537710484647199,0.0,-0.03608773395559848,-0.09353698260655946,0.0,-1.2380959754536654e-23,2.166087991073625e-23,78973798.73000053,0.0,-8.613083325752528e-05,8.28095430854335e-05,0.0,-0.7208688820301214,0.6930714645118804,-13917680.470647542,1672272.8721877034,298719.34161986207,-11946688.256839976,196036460118094.8,1529.268881,196036460118094.8,1529.268881,196036460141692.84,1529.2688808159132,196036460094496.78,1529.268881184087,196036460179259.3,1529.2688805228593,196036460056930.3,1529.268881477141
0.0034299999999999444,0.0,-0.0005518330053091403,-0.0005381746623936714,0.0,-0.03651668681164852,-0.0928355492944771,0.0,-1.20083209684535e-23,2.1463743366520204e-23,78970268.22448441,0.0,-8.612063209751383e-05,8.286599648239858e-05,0.0,-0.720591827082457,0.6933595162265868,-13915043.237684576,1672717.6951084426,298960.23718070204,-11943365.30539543,196036460118094.8,1529.268881,196036460118094.8,1529.268881,196036460141973.34,1529.2688808137252,196036460094216.28,1529.268881186275,196036460178800.66,1529.2688805264374,196036460057388.97,1529.2688814735627
0.003434999999999944,0.0,-0.0005520176689549422,-0.0005386353671237161,0.0,-0.03693272916037647,-0.09214094600893145,0.0,-1.1641843853660208e-23,2.1266952608751725e-23,78966721.85221264,0.0,-8.611099820382926e-05,8.292171217772795e-05,0.0,-0.7203201708449054,0.6936417313526966,-13912410.169034837,1673161.3422135115,299202.1467926826,-11940046.680028642,196036460118094.8,1529.268881,196036460118094.8,1529.268881,196036460142245.4,1529.2688808116027,196036460093944.22,1529.2688811883975,196036460178346.44,1529.2688805299808,196036460057843.2,1529.2688814700193
0.003439999999999944,0.0,-0.0005522043493273428,-0.0005390926329275648,0.0,-0.0373360744801031,-0.0914531607697459,0.0,-1.1281502846111362e-23,2.1070583909660837e-23,78963160.07569164,0.0,-8.610191908104689e-05,8.29767004837712e-05,0.0,-0.7200538216760315,0.6939182184448984,-13909781.41136601,1673603.772313674,299444.996397044,-11936732.64265529,196036460118094.8,1529.268881,196036460118094.8,1529.268881,196036460142509.12,1529.2688808095454,196036460093680.5,1529.2688811904547,196036460177896.7,1529.2688805334892,196036460058292.94,1529.268881466511
0.0034449999999999438,0.0,-0.00055239298400416,-0.0005395464938223358,0.0,-0.03772693536345287,-0.09077217895420309,0.0,-1.0927268645032402e-23,2.0874710219839853e-23,78959583.34727223,0.0,-8.609338255872228e-05,8.303097158438076e-05,0.0,-0.7197926895918777,0.6941890837589502,-13907157.106991686,1674044.9469018127,299688.71459733165,-11933423.445492541,196036460118094.8,1529.268881,196036460118094.8,1529.268881,196036460142764.75,1529.2688808075513,196036460093424.88,1529.2688811924488,196036460177451.38,1529.268880536963,196036460058738.25,1529.2688814630371
0.0034499999999999436,0.0,-0.0005525835116210995,-0.0005399969837393964,0.0,-0.03810552338789056,-0.09009798341212692,0.0,-1.0579110394390225e-23,2.0679403097469962e-23,78955992.11187635,0.0,-8.608537650696222e-05,8.308453563843647e-05,0.0,-0.7195366846987649,0.6944544328987399,-13904537.393537337,1674484.828268651,299933.23243251775,-11930119.33283617,196036460118094.8,1529.268881,196036460118094.8,1529.268881,196036460143012.28,1529.2688808056203,196036460093177.34,1529.26888119438,196036460177010.53,1529.268880540402,196036460059179.1,1529.268881459598
0.0034549999999999434,0.0,-0.0005527758718664086,-0.000540444136511967,0.0,-0.03847204906183757,-0.08943055451412428,0.0,-1.023699389118619e-23,2.048473095860815e-23,78952386.80502768,0.0,-8.607788908458262e-05,8.313740267176838e-05,0.0,-0.7192857186542729,0.6947143693202308,-13901922.404361725,1674923.3809317283,300178.48343805986,-11926820.539991936,196036460118094.8,1529.268881,196036460118094.8,1529.268881,196036460143251.97,1529.2688808037506,196036460092937.66,1529.2688811962496,196036460176574.1,1529.2688805438067,196036460059615.53,1529.2688814561934
0.003459999999999943,0.0,-0.0005529700054749522,-0.0005408879858632693,0.0,-0.038826721708712306,-0.08876987026044758,0.0,-9.900883180229071e-24,2.02907604150982e-23,78948767.85411079,0.0,-8.60709085788462e-05,8.318958269052955e-05,0.0,-0.7190397035577647,0.6949689955009231,-13899312.268740138,1675360.5711011149,300424.4035014781,-11923527.294137545,196036460118094.8,1529.268881,196036460118094.8,1529.268881,196036460143483.88,1529.2688808019414,196036460092705.75,1529.2688811980588,196036460176142.1,1529.2688805471766,196036460060047.56,1529.2688814528233
0.003464999999999943,0.0,-0.0005531658542219833,-0.0005413285653949868,0.0,-0.03916974940622346,-0.08811590634350386,0.0,-9.570739450988752e-24,2.009755543099146e-23,78945135.6779473,0.0,-8.606442346617274e-05,8.324108553478578e-05,0.0,-0.7187985528155554,0.6952184120621829,-13896707.1107214,1675796.3658467806,300670.9307511624,-11920239.814123455,196036460118094.8,1529.268881,196036460118094.8,1529.268881,196036460143708.2,1529.2688808001917,196036460092481.4,1529.2688811998087,196036460175714.47,1529.2688805505127,196036460060475.2,1529.2688814494873
0.0034699999999999427,0.0,-0.0005533633609164205,-0.0005417659085761847,0.0,-0.03950133888744345,-0.0874686362395907,0.0,-9.246522137128352e-24,1.990517778826911e-23,78941490.68759449,0.0,-8.605842241490767e-05,8.329192103067026e-05,0.0,-0.7185621805257446,0.6954627184242784,-13894107.051448498,1676230.7345856566,300918.00563690055,-11916958.311225941,196036460118094.8,1529.268881,196036460118094.8,1529.268881,196036460143925.03,1529.2688807985003,196036460092264.6,1529.2688812015,196036460175291.2,1529.2688805538146,196036460060898.44,1529.2688814461856
0.0034749999999999425,0.0,-0.0005535624693938204,-0.0005422000487326072,0.0,-0.03982169547997641,-0.08682803128449654,0.0,-8.92818851068061e-24,1.9713686909535992e-23,78937833.28648785,0.0,-8.605289426171692e-05,8.334209889244308e-05,0.0,-0.718330501800356,0.6957020124904404,-13891512.207922846,1676663.647871998,301165.5707578386,-11913682.989293009,196036460118094.8,1529.268881,196036460118094.8,1529.268881,196036460144134.5,1529.2688807968661,196036460092055.12,1529.2688812031342,196036460174872.3,1529.2688805570822,196036460061317.34,1529.2688814429177
0.0034799999999999423,0.0,-0.0005537631245089758,-0.0005426310190363834,0.0,-0.04013102303106599,-0.08619406075524404,0.0,-8.615693560274603e-24,1.9523139907009503e-23,78934163.86882909,0.0,-8.60478280416814e-05,8.339162873015e-05,0.0,-0.7181034328629303,0.6959363905634443,-13888922.692141892,1677095.077755059,301413.5707470511,-11910414.043639781,196036460118094.8,1529.268881,196036460118094.8,1529.268881,196036460144336.78,1529.268880795288,196036460091852.84,1529.2688812047122,196036460174457.75,1529.2688805603161,196036460061731.88,1529.268881439684
0.003484999999999942,0.0,-0.0005539652721281182,-0.000543058852496134,0.0,-0.04042952382848418,-0.08556669195013619,0.0,-8.308990727525451e-24,1.9333591803546545e-23,78930482.82276325,0.0,-8.60432129033693e-05,8.344052005003827e-05,0.0,-0.7178808907112314,0.6961659477104933,-13886338.612656092,1677524.9969106552,301661.95228194137,-11907151.663463496,196036460118094.8,1529.268881,196036460118094.8,1529.268881,196036460144531.97,1529.2688807937654,196036460091657.66,1529.2688812062347,196036460174047.47,1529.2688805635166,196036460062142.12,1529.2688814364838
0.003489999999999942,0.0,-0.0005541688591208529,-0.0005434835819474398,0.0,-0.04071739854693315,-0.08494589026114466,0.0,-8.008031482124417e-24,1.914509509744585e-23,78926790.52750225,0.0,-8.603903827258253e-05,8.348878232659218e-05,0.0,-0.7176627934861607,0.6963907773984664,-13883760.074994572,1677953.3809707009,301910.66409743635,-11903896.029926434,196036460118094.8,1529.268881,196036460118094.8,1529.268881,196036460144720.22,1529.2688807922968,196036460091469.4,1529.2688812077033,196036460173641.53,1529.2688805666833,196036460062548.06,1529.2688814333171
0.0034949999999999417,0.0,-0.0005543738333517515,-0.0005439052400437466,0.0,-0.04099484617972569,-0.08433161926137599,0.0,-7.712765620518694e-24,1.8957700159035308e-23,78923087.35646304,0.0,-8.603529366267833e-05,8.353642486015561e-05,0.0,-0.7174490603057561,0.6966109716810293,-13881187.180363715,1678380.2052122473,302159.6567886746,-11900647.318362793,196036460118094.8,1529.268881,196036460118094.8,1529.268881,196036460144901.66,1529.2688807908814,196036460091288.0,1529.2688812091185,196036460173239.88,1529.2688805698167,196036460062949.75,1529.2688814301835
0.0034999999999999415,0.0,-0.0005545801436716556,-0.0005443238592476406,0.0,-0.04126206398081367,-0.08372384077879777,0.0,-7.42314124304963e-24,1.8771455477093032e-23,78919373.67248553,0.0,-8.603196880214757e-05,8.358345691500245e-05,0.0,-0.7172396112120307,0.6968266212684581,-13878620.024874557,1678805.4471677544,302408.882669828,-11897405.695036974,196036460118094.8,1529.268881,196036460118094.8,1529.268881,196036460145076.38,1529.2688807895186,196036460091113.25,1529.2688812104818,196036460172842.44,1529.2688805729172,196036460063347.2,1529.2688814270832
0.0035049999999999413,0.0,-0.0005547877399086857,-0.0005447394718224477,0.0,-0.04151924740602448,-0.08312251496142703,0.0,-7.139105196668908e-24,1.8586406799267677e-23,78915649.83609045,0.0,-8.60290535746207e-05,8.362988762073671e-05,0.0,-0.7170343673458125,0.697037815362259,-13876058.704287084,1679229.0850448075,302658.296136454,-11894171.323105821,196036460118094.8,1529.268881,196036460118094.8,1529.268881,196036460145244.53,1529.2688807882068,196036460090945.06,1529.2688812117935,196036460172449.22,1529.2688805759847,196036460063740.4,1529.2688814240155
0.003509999999999941,0.0,-0.0005549965728590338,-0.0005451521098243092,0.0,-0.041766590069635894,-0.0825276003722999,0.0,-6.86060265402313e-24,1.840259821409043e-23,78911916.19576025,0.0,-8.602653808453153e-05,8.367572607327336e-05,0.0,-0.7168332507980161,0.6972446418226165,-13873503.308202296,1679651.099353946,302907.85308999347,-11890944.355758356,196036460118094.8,1529.268881,196036460118094.8,1529.268881,196036460145406.28,1529.268880786945,196036460090783.34,1529.2688812130552,196036460172060.22,1529.2688805790192,196036460064129.4,1529.2688814209812
0.003514999999999941,0.0,-0.0005552065942774657,-0.000545561805094544,0.0,-0.04200428368636777,-0.08193905404695374,0.0,-6.587577382368916e-24,1.8220071186885587e-23,78908173.09736466,0.0,-8.602441254506201e-05,8.372098115502385e-05,0.0,-0.7166361849107745,0.6974471868726191,-13870953.924282959,1680071.4700141086,303157.5112382051,-11887724.943030644,196036460118094.8,1529.268881,196036460118094.8,1529.268881,196036460145561.72,1529.2688807857323,196036460090627.9,1529.2688812142678,196036460171675.38,1529.2688805820212,196036460064514.28,1529.2688814179785
0.0035199999999999407,0.0,-0.0005554177568675791,-0.0005459685892524655,0.0,-0.042232518022690714,-0.08135683158431113,0.0,-6.3199720600356136e-24,1.80388659534454e-23,78904420.87522087,0.0,-8.602266734142546e-05,8.376566174139353e-05,0.0,-0.7164430936789561,0.6976455357269382,-13868410.634156069,1680490.1789875843,303407.22969064105,-11884513.225477843,196036460118094.8,1529.268881,196036460118094.8,1529.268881,196036460145710.94,1529.2688807845684,196036460090478.66,1529.268881215432,196036460171294.62,1529.2688805849916,196036460064895.0,1529.2688814150088
0.0035249999999999405,0.0,-0.0005556300142718746,-0.0005463724936884119,0.0,-0.04245148085909888,-0.0807808871892785,0.0,-6.0577281818097154e-24,1.7859019501799967e-23,78900659.86237314,0.0,-8.602129311002508e-05,8.380977658902738e-05,0.0,-0.7162539025420297,0.6978397717909984,-13865873.521141017,1680907.2099686158,303656.9695595049,-11881309.341612894,196036460118094.8,1529.268881,196036460118094.8,1529.268881,196036460145854.16,1529.268880783451,196036460090335.47,1529.268881216549,196036460170918.0,1529.2688805879295,196036460065271.62,1529.2688814120706
0.0035299999999999403,0.0,-0.0005558433210616201,-0.0005467735495573383,0.0,-0.042661357949104764,-0.08021117378526864,0.0,-5.800786392052685e-24,1.7680568016060567e-23,78896890.3815196,0.0,-8.602028053552665e-05,8.38533343596e-05,0.0,-0.7160685374674713,0.6980299776149994,-13863342.661150781,1681322.546566477,303906.6931040249,-11878113.421480281,196036460118094.8,1529.268881,196036460118094.8,1529.268881,196036460145991.4,1529.2688807823804,196036460090198.25,1529.2688812176195,196036460170545.5,1529.2688805908354,196036460065644.16,1529.2688814091646
0.00353499999999994,0.0,-0.0005560576327265689,-0.0005471717877725485,0.0,-0.04286233298977521,-0.0796476430420534,0.0,-5.549085687162203e-24,1.7503544924525722e-23,78893112.74964622,0.0,-8.601962053158204e-05,8.389634354444235e-05,0.0,-0.7158869260016566,0.6982162338272426,-13860818.127612103,1681736.173367504,304156.3641400751,-11874925.590104524,196036460118094.8,1529.268881,196036460118094.8,1529.268881,196036460146122.8,1529.2688807813554,196036460090066.84,1529.2688812186445,196036460170176.97,1529.2688805937103,196036460066012.66,1529.26888140629
0.00353999999999994,0.0,-0.0005562729056643921,-0.0005475672389999047,0.0,-0.04305458756463581,-0.0790902454712421,0.0,-5.302564585023372e-24,1.7327981808394506e-23,78889327.27749912,0.0,-8.601930422160525e-05,8.393881263383164e-05,0.0,-0.7157089964923924,0.6983986199441209,-13858299.99250872,1682148.0773822346,304405.9480316818,-11871745.967094803,196036460118094.8,1529.268881,196036460118094.8,1529.268881,196036460146248.53,1529.2688807803745,196036460089941.1,1529.2688812196257,196036460169812.5,1529.2688805965536,196036460066377.12,1529.2688814034466
0.0035449999999999397,0.0,-0.0005564890971700276,-0.000547959933652356,0.0,-0.04323830112709223,-0.07853893049027638,0.0,-5.061161069058213e-24,1.7153908747732478e-23,78885534.2711082,0.0,-8.601932277010473e-05,8.398074995929183e-05,0.0,-0.7155346780650009,0.6985772144054053,-13855788.324044809,1682558.2448021898,304655.41144876427,-11868574.667793855,196036460118094.8,1529.268881,196036460118094.8,1529.268881,196036460146368.66,1529.2688807794375,196036460089820.97,1529.2688812205627,196036460169452.0,1529.2688805993657,196036460066737.62,1529.2688814006344
0.0035499999999999395,0.0,-0.0005567061654249372,-0.0005483499018847282,0.0,-0.04341365098191316,-0.07799364647443878,0.0,-4.824811471495397e-24,1.6981353266624838e-23,78881734.02858731,0.0,-8.60196676156423e-05,8.402216371415514e-05,0.0,-0.7153639014859495,0.6987520937004773,-13853283.187095348,1682966.663521644,304904.72238344303,-11865411.801190259,196036460118094.8,1529.268881,196036460118094.8,1529.268881,196036460146483.3,1529.268880778543,196036460089706.3,1529.2688812214571,196036460169095.4,1529.2688806021476,196036460067094.22,1529.2688813978527
0.0035549999999999393,0.0,-0.0005569240694860774,-0.0005487371735889553,0.0,-0.04358081222802274,-0.07745434084540767,0.0,-4.593452425077987e-24,1.6810341838000443e-23,78877926.84235342,0.0,-8.60203303037831e-05,8.406306210541933e-05,0.0,-0.7151965978575855,0.6989233337161775,-13850784.644493261,1683373.3229370653,305153.8501489842,-11862257.471407212,196036460118094.8,1529.268881,196036460118094.8,1529.268881,196036460146592.62,1529.2688807776904,196036460089597.0,1529.26888122231,196036460168742.75,1529.2688806048984,196036460067446.84,1529.268881395102
0.003559999999999939,0.0,-0.0005571427692749219,-0.0005491217783894937,0.0,-0.04373995776891227,-0.0769209601076758,0.0,-4.367019283345869e-24,1.664089842186308e-23,78874113.00116245,0.0,-8.602130252432194e-05,8.410345309401206e-05,0.0,-0.7150326998525681,0.699091008482835,-13848292.756395,1683778.2117685697,305402.7653453709,-11859111.779281057,196036460118094.8,1529.268881,196036460118094.8,1529.268881,196036460146696.7,1529.2688807768786,196036460089492.94,1529.2688812231215,196036460168394.0,1529.2688806076192,196036460067795.62,1529.268881392381
0.003564999999999939,0.0,-0.0005573622255662635,-0.0005495037456391717,0.0,-0.04389125826832068,-0.07639344993561346,0.0,-4.1454467828743434e-24,1.6473045622378277e-23,78870292.78373292,0.0,-8.602257618942129e-05,8.4143344631455e-05,0.0,-0.7148721410509961,0.6992551908632247,-13845807.578773797,1684181.321145037,305651.4396379258,-11855974.817990836,196036460118094.8,1529.268881,196036460118094.8,1529.268881,196036460146795.62,1529.2688807761067,196036460089394.0,1529.2688812238935,196036460168049.03,1529.2688806103101,196036460068140.56,1529.2688813896903
0.0035699999999999387,0.0,-0.0005575823999769079,-0.000549883104415274,0.0,-0.0440348821288591,-0.07587175522044319,0.0,-3.928669793048687e-24,1.6306804345567982e-23,78866466.46786155,0.0,-8.602414326377828e-05,8.418274452729874e-05,0.0,-0.7147148558047864,0.6994159527004967,-13843329.166971868,1684582.6415969424,305899.8460134878,-11852846.679361438,196036460118094.8,1529.268881,196036460118094.8,1529.268881,196036460146889.53,1529.2688807753743,196036460089300.1,1529.2688812246258,196036460167707.9,1529.2688806129713,196036460068481.72,1529.2688813870288
0.0035749999999999385,0.0,-0.0005578032549543909,-0.0005502598835159194,0.0,-0.044170995496612214,-0.07535582012907391,0.0,-3.7166219490017384e-24,1.6142193459866175e-23,78862634.32180892,0.0,-8.602599599719919e-05,8.42216605077489e-05,0.0,-0.714560779942182,0.6995733641073111,-13840857.572482422,1684982.165946447,306147.9584978422,-11849727.448038135,196036460118094.8,1529.268881,196036460118094.8,1529.268881,196036460146978.56,1529.2688807746797,196036460089211.06,1529.2688812253205,196036460167370.53,1529.2688806156032,196036460068819.1,1529.268881384397
0.0035799999999999383,0.0,-0.0005580247537654827,-0.0005506341114567928,0.0,-0.04429976221837612,-0.0748455881746955,0.0,-3.509237528830995e-24,1.597923094770564e-23,78858796.6115542,0.0,-8.60281266225165e-05,8.426010019055314e-05,0.0,-0.7144098496473588,0.6997274946197541,-13838392.84476255,1685379.8860295124,306395.7522063009,-11846617.206526738,196036460118094.8,1529.268881,196036460118094.8,1529.268881,196036460147062.72,1529.2688807740233,196036460089126.88,1529.268881225977,196036460167036.9,1529.2688806182057,196036460069152.75,1529.2688813817942
0.003584999999999938,0.0,-0.0005582468604848024,-0.0005510058164680303,0.0,-0.04442134386393461,-0.07434100224747543,0.0,-3.306449321087248e-24,1.5817932103134477e-23,78854953.59573002,0.0,-8.603052770261578e-05,8.429807105908327e-05,0.0,-0.7142620029813416,0.6998784116523971,-13835935.031009795,1685775.7959030096,306643.2033629652,-11843516.03174382,196036460118094.8,1529.268881,196036460118094.8,1529.268881,196036460147142.25,1529.2688807734028,196036460089047.38,1529.2688812265974,196036460166706.94,1529.2688806207798,196036460069482.7,1529.2688813792204
0.003589999999999938,0.0,-0.0005584695399831747,-0.0005513750264915688,0.0,-0.04453589967445208,-0.07384200470770093,0.0,-3.108190814456524e-24,1.5658311567776843e-23,78851105.52882345,0.0,-8.60331918197933e-05,8.433558053332214e-05,0.0,-0.7141171783271034,0.7000261820947385,-13833484.175873172,1686169.8894236553,306890.28914533986,-11840423.997304177,196036460118094.8,1529.268881,196036460118094.8,1529.268881,196036460147217.2,1529.2688807728182,196036460088972.47,1529.268881227182,196036460166380.62,1529.2688806233252,196036460069809.0,1529.268881376675
0.0035949999999999377,0.0,-0.0005586927579161084,-0.0005517417691786107,0.0,-0.04464358658673052,-0.07334853740838301,0.0,-2.9143951249468645e-24,1.550038238782472e-23,78847252.660018,0.0,-8.603611169653154e-05,8.437263589922684e-05,0.0,-0.7139753151761117,0.7001708715157837,-13831040.321229093,1686562.1607551773,307136.9876802359,-11837341.172793679,196036460118094.8,1529.268881,196036460118094.8,1529.268881,196036460147287.56,1529.2688807722693,196036460088902.03,1529.268881227731,196036460166057.94,1529.2688806258427,196036460070131.66,1529.2688813741577
0.0035999999999999375,0.0,-0.0005589164807122099,-0.0005521060718873634,0.0,-0.04474455922029765,-0.0728605417505321,0.0,-2.7249950552694347e-24,1.5344155536047522e-23,78843395.233857,0.0,-8.603928032522143e-05,8.440924439738113e-05,0.0,-0.7138363542906506,0.700312544006626,-13828603.508831019,1686952.6065240987,307383.2782264141,-11834267.624080505,196036460118094.8,1529.268881,196036460118094.8,1529.268881,196036460147353.6,1529.268880771754,196036460088836.0,1529.2688812282463,196036460165738.88,1529.2688806283315,196036460070450.78,1529.2688813716684
0.0036049999999999372,0.0,-0.0005591406755615427,-0.0005524679616811383,0.0,-0.044838969866552426,-0.07237795875499412,0.0,-2.5399231174549605e-24,1.5189640982656954e-23,78839533.48901999,0.0,-8.604269071575972e-05,8.444541305155373e-05,0.0,-0.7137002373904284,0.7004512625078537,-13826173.775231339,1687341.2216085047,307629.1406964499,-11831203.412926385,196036460118094.8,1529.268881,196036460118094.8,1529.268881,196036460147415.34,1529.2688807712723,196036460088774.28,1529.2688812287279,196036460165423.28,1529.2688806307935,196036460070766.34,1529.2688813692066
0.003609999999999937,0.0,-0.0005593653104039361,-0.0005528274653266242,0.0,-0.04492696847869399,-0.07190072909718538,0.0,-2.3591124541216532e-24,1.5036847556999585e-23,78835667.65983479,0.0,-8.60463360525953e-05,8.448114890489921e-05,0.0,-0.7135669068136821,0.700587089161907,-13823751.156703522,1687728.0030143177,307874.5560141931,-11828148.59767501,196036460118094.8,1529.268881,196036460118094.8,1529.268881,196036460147472.9,1529.2688807708234,196036460088716.75,1529.2688812291767,196036460165111.22,1529.268880633228,196036460071078.4,1529.2688813667723
0.003614999999999937,0.0,-0.000559590353917404,-0.0005531846092923573,0.0,-0.04500870269356921,-0.07142879314661912,0.0,-2.18249572452752e-24,1.48857822522881e-23,78831797.97644657,0.0,-8.605020967866048e-05,8.451645882642264e-05,0.0,-0.713436306256533,0.7007200845666081,-13821335.687370393,1688112.9478096103,308119.5059600781,-11825103.233600704,196036460118094.8,1529.268881,196036460118094.8,1529.268881,196036460147526.3,1529.2688807704067,196036460088663.28,1529.2688812295937,196036460164802.6,1529.2688806356355,196036460071387.0,1529.268881364365
0.0036199999999999366,0.0,-0.0005598157755064786,-0.0005535394197475099,0.0,-0.045084317814926014,-0.07096209103052052,0.0,-2.0100059183926643e-24,1.4736450948611694e-23,78827924.66463748,0.0,-8.60543050582163e-05,8.455134960901491e-05,0.0,-0.7133083802169989,0.7008503083485097,-13818927.39961072,1688496.0537067207,308363.97314933443,-11822067.372754669,196036460118094.8,1529.268881,196036460118094.8,1529.268881,196036460147575.75,1529.268880770021,196036460088613.84,1529.2688812299793,196036460164497.44,1529.268880638016,196036460071692.2,1529.268881361984
0.0036249999999999364,0.0,-0.0005600415452906029,-0.0005538919225608718,0.0,-0.04515395682486271,-0.0705005626723922,0.0,-1.841575973843169e-24,1.4588858359843308e-23,78824047.94411863,0.0,-8.605861579717215e-05,8.45858279427186e-05,0.0,-0.7131830741902531,0.7009778189704292,-13816526.322853787,1688877.3189957098,308607.94089697575,-11819041.0629611,196036460118094.8,1529.268881,196036460118094.8,1529.268881,196036460147621.28,1529.2688807696659,196036460088568.3,1529.2688812303345,196036460164195.62,1529.2688806403703,196036460071994.0,1529.2688813596299
0.0036299999999999362,0.0,-0.0005602676340925131,-0.0005542421433000339,0.0,-0.04521776038204038,-0.0700441478324191,0.0,-1.677139081710066e-24,1.4443007794090866e-23,78820168.03155488,0.0,-8.606313564463278e-05,8.461990042032491e-05,0.0,-0.71306033465333,0.701102673753339,-13814132.4857374,1689256.7426074587,308851.39336951205,-11816024.34976043,196036460118094.8,1529.268881,196036460118094.8,1529.268881,196036460147663.03,1529.2688807693403,196036460088526.6,1529.26888123066,196036460163897.22,1529.2688806426982,196036460072292.44,1529.2688813573018
0.003634999999999936,0.0,-0.0005604940134266653,-0.0005545901072308147,0.0,-0.045275866830438216,-0.06959278615617294,0.0,-1.5166284968611655e-24,1.429890139894926e-23,78816285.1394204,0.0,-8.606785843812965e-05,8.465357347848938e-05,0.0,-0.7129401090874073,0.701224928859803,-13811745.91423871,1689634.3229822689,309094.315399297,-11813017.275857143,196036460118094.8,1529.268881,196036460118094.8,1529.268881,196036460147701.03,1529.2688807690438,196036460088488.6,1529.2688812309564,196036460163602.03,1529.2688806450008,196036460072587.6,1529.2688813549992
0.003639999999999936,0.0,-0.0005607206554876732,-0.0005549358393168888,0.0,-0.04532841220157207,-0.06914641721481943,0.0,-1.359978130779352e-24,1.415654057290652e-23,78812399.47469366,0.0,-8.60727781688407e-05,8.468685355366177e-05,0.0,-0.7128223455989046,0.7013446396849953,-13809366.632861111,1690010.0602443572,309336.69253397017,-11810019.880082782,196036460118094.8,1529.268881,196036460118094.8,1529.268881,196036460147735.38,1529.268880768776,196036460088454.25,1529.2688812312242,196036460163310.2,1529.2688806472777,196036460072879.47,1529.2688813527222
0.0036449999999999356,0.0,-0.0005609475331388593,-0.0005552793642195442,0.0,-0.045375530237243715,-0.06870498053107205,0.0,-1.2071214919396077e-24,1.401592499825653e-23,78808511.24030504,0.0,-8.6077888992796e-05,8.471974690189728e-05,0.0,-0.712706993712788,0.7014618600557552,-13806994.664097505,1690383.9545387896,309578.5109960921,-11807032.198562626,196036460118094.8,1529.268881,196036460118094.8,1529.268881,196036460147766.2,1529.2688807685356,196036460088423.44,1529.2688812314648,196036460163021.5,1529.2688806495298,196036460073168.12,1529.2688813504706
0.0036499999999999354,0.0,-0.0005611746199007372,-0.0005556207062977375,0.0,-0.04541735237557812,-0.0682684156386516,0.0,-1.0579933677335111e-24,1.3877053692375562e-23,78804620.6382075,0.0,-8.608318513289717e-05,8.475225974861062e-05,0.0,-0.7125940033544946,0.7015766432708651,-13804630.030887175,1690756.0065175798,309819.7578257854,-11804054.266543811,196036460118094.8,1529.268881,196036460118094.8,1529.268881,196036460147793.53,1529.268880768322,196036460088396.1,1529.268881231678,196036460162736.03,1529.2688806517565,196036460073453.6,1529.2688813482437
0.003654999999999935,0.0,-0.0005614018899397138,-0.0005559598896082641,0.0,-0.04545400779533303,-0.06783666210532303,0.0,-9.12527793761877e-25,1.3739924435454463e-23,78800727.86186436,0.0,-8.608866097421963e-05,8.478439813520171e-05,0.0,-0.7124833258741482,0.7016890410654225,-13802272.751126649,1691126.2167788018,310060.420415353,-11801086.113932496,196036460118094.8,1529.268881,196036460118094.8,1529.268881,196036460147817.53,1529.268880768135,196036460088372.1,1529.2688812318654,196036460162453.7,1529.268880653959,196036460073735.94,1529.268881346041
0.003659999999999935,0.0,-0.000561629318056663,-0.0005562969379061429,0.0,-0.04548562338985234,-0.06740965957575916,0.0,-7.706603668528991e-25,1.3604534508228087e-23,78796833.10437322,0.0,-8.609431096044983e-05,8.481616809772324e-05,0.0,-0.7123749128861255,0.701799104794588,-13799922.843720365,1691494.5865822455,310300.48697127675,-11798127.770166844,196036460118094.8,1529.268881,196036460118094.8,1529.268881,196036460147838.2,1529.2688807679738,196036460088351.44,1529.2688812320264,196036460162174.47,1529.2688806561373,196036460074015.12,1529.268881343863
0.003664999999999935,0.0,-0.0005618568796757689,-0.0005566318746450871,0.0,-0.045512323821156546,-0.06698734778884494,0.0,-6.323260498358064e-25,1.347087944905475e-23,78792936.55353734,0.0,-8.610012974652264e-05,8.484757549989674e-05,0.0,-0.7122687175829923,0.7019068841040665,-13797580.325268047,1691861.1177262499,310539.94622989144,-11795179.261311904,196036460118094.8,1529.268881,196036460118094.8,1529.268881,196036460147855.66,1529.2688807678376,196036460088333.97,1529.2688812321626,196036460161898.3,1529.2688806582917,196036460074291.3,1529.2688813417085
0.0036699999999999346,0.0,-0.0005620845508332588,-0.0005569647229782773,0.0,-0.0455342314979772,-0.0665696666380441,0.0,-4.974610286757454e-25,1.333895468758341e-23,78789038.39276417,0.0,-8.6106112056406e-05,8.487862620285866e-05,0.0,-0.7121646934546317,0.7020124282351918,-13795245.210802782,1692225.8127914118,310778.7874726264,-11792240.610538745,196036460118094.8,1529.268881,196036460118094.8,1529.268881,196036460147869.97,1529.2688807677257,196036460088319.66,1529.2688812322745,196036460161625.22,1529.268880660422,196036460074564.44,1529.268881339578
0.0036749999999999344,0.0,-0.0005623123081663495,-0.0005572955057591531,0.0,-0.04555146661813384,-0.0661565561751656,0.0,-3.6600142061019763e-25,1.3208754356459694e-23,78785138.80258895,0.0,-8.611225270340348e-05,8.49093258585736e-05,0.0,-0.7120627952261591,0.7021157850772969,-13792917.513201186,1692588.6733087385,311017.0004705944,-11789311.839421853,196036460118094.8,1529.268881,196036460118094.8,1529.268881,196036460147881.25,1529.268880767638,196036460088308.38,1529.2688812323622,196036460161355.06,1529.2688806625295,196036460074834.56,1529.268881337471
0.003679999999999934,0.0,-0.0005625401289021802,-0.0005576242455424295,0.0,-0.045564147166152875,-0.0657479566552997,0.0,-2.378842593857743e-25,1.3080271678274948e-23,78781237.96141125,0.0,-8.611854666836885e-05,8.493968011238531e-05,0.0,-0.7119629783397698,0.7022170016978827,-13790597.246164264,1692949.702524169,311254.57569686417,-11786392.967943233,196036460118094.8,1529.268881,196036460118094.8,1529.268881,196036460147889.53,1529.2688807675734,196036460088300.1,1529.2688812324268,196036460161087.9,1529.2688806646136,196036460075101.75,1529.2688813353866
0.003684999999999934,0.0,-0.0005627679908469053,-0.0005579509645852712,0.0,-0.04557238894502107,-0.06534380856834797,0.0,-1.1304655643965056e-25,1.2953499187012075e-23,78777336.04095982,0.0,-8.612498903534602e-05,8.496969446404037e-05,0.0,-0.7118651992677676,0.7023161240292448,-13788284.41942984,1693308.9033867465,311491.5039120487,-11783484.012131047,196036460118094.8,1529.268881,196036460118094.8,1529.268881,196036460147894.9,1529.2688807675313,196036460088294.7,1529.268881232469,196036460160823.6,1529.2688806666754,196036460075366.0,1529.268881333325
0.003689999999999934,0.0,-0.0005629958723747824,-0.0005582756848485856,0.0,-0.04557630557541264,-0.06494405266288086,0.0,8.573401290557692e-27,1.2828428712009254e-23,78773433.21330453,0.0,-8.613157496760318e-05,8.499937436370586e-05,0.0,-0.7117694150185073,0.7024131973733208,-13785979.043971352,1693666.2792489477,311727.7765678533,-11780584.98815455,196036460118094.8,1529.268881,196036460118094.8,1529.268881,196036460147897.5,1529.268880767511,196036460088292.12,1529.268881232489,196036460160562.2,1529.2688806687147,196036460075627.44,1529.2688813312857
0.0036949999999999336,0.0,-0.0005632237524174818,-0.0005585984279984383,0.0,-0.045576008539880454,-0.06454862997055101,0.0,1.270369638667921e-25,1.2705051588959111e-23,78769529.6445046,0.0,-8.61382997420862e-05,8.502872517723731e-05,0.0,-0.7116755834210271,0.7025082661167347,-13783681.12788242,1694021.83386447,311963.38543882564,-11777695.908579124,196036460118094.8,1529.268881,196036460118094.8,1529.268881,196036460147897.3,1529.2688807675124,196036460088292.34,1529.2688812324875,196036460160303.62,1529.2688806707315,196036460075886.0,1529.2688813292687
0.0036999999999999334,0.0,-0.0005634516104534589,-0.0005589192154075543,0.0,-0.04557160719543261,-0.06415748182319608,0.0,2.4240527617882543e-25,1.2583358130225946e-23,78765625.49743839,0.0,-8.61451587527326e-05,8.505775212652443e-05,0.0,-0.7115836633854463,0.7026013734707242,-13781390.677747106,1694375.5708303875,312198.3227302956,-11774816.784186423,196036460118094.8,1529.268881,196036460118094.8,1529.268881,196036460147894.44,1529.268880767535,196036460088295.22,1529.268881232465,196036460160047.88,1529.2688806727267,196036460076141.75,1529.2688813272734
0.003704999999999933,0.0,-0.0005636794264973621,-0.0005592380681569958,0.0,-0.045563208780640865,-0.06377054988829327,0.0,3.5473862727186046e-25,1.2463338061330244e-23,78761720.93246102,0.0,-8.615214749897542e-05,8.508646037370306e-05,0.0,-0.7114936145086007,0.7026925618743141,-13779107.699679077,1694727.4942964076,312432.5811332809,-11771947.624249388,196036460118094.8,1529.268881,196036460118094.8,1529.268881,196036460147888.9,1529.2688807675781,196036460088300.7,1529.2688812324222,196036460159794.84,1529.2688806747005,196036460076394.78,1529.2688813252996
0.003709999999999933,0.0,-0.0005639071810895886,-0.0005595550070379423,0.0,-0.04555091844529237,-0.06338777618929113,0.0,4.640965924787735e-25,1.2344980191644776e-23,78757816.10876594,0.0,-8.615926160838185e-05,8.511485500118919e-05,0.0,-0.7114053972493019,0.7027818728201254,-13776832.200202402,1695077.6089901729,312666.1538938566,-11769088.437318372,196036460118094.8,1529.268881,196036460118094.8,1529.268881,196036460147880.9,1529.2688807676404,196036460088308.75,1529.2688812323593,196036460159544.53,1529.2688806766532,196036460076645.1,1529.268881323347
0.0037149999999999328,0.0,-0.0005641348552859642,-0.0005598700525536291,0.0,-0.045534839275117055,-0.06300910313735061,0.0,5.705382023609803e-25,1.2228273610219368e-23,78753911.17694534,0.0,-8.61664967614756e-05,8.514294102060281e-05,0.0,-0.7113189725853144,0.7028693472048504,-13774564.180935398,1695425.919552749,312899.03431003884,-11766239.227072611,196036460118094.8,1529.268881,196036460118094.8,1529.268881,196036460147870.38,1529.2688807677225,196036460088319.25,1529.2688812322774,196036460159296.9,1529.268880678585,196036460076892.7,1529.2688813214156
0.0037199999999999326,0.0,-0.0005643624306475175,-0.0005601832249212374,0.0,-0.04551507231066192,-0.06263447352165534,0.0,6.741216282495284e-25,1.2113205948203755e-23,78750006.29147083,0.0,-8.617384874917965e-05,8.517072331205271e-05,0.0,-0.7112343024984978,0.702955024841188,-13772303.646524822,1695772.4305098667,313131.21642482496,-11763399.999590132,196036460118094.8,1529.268881,196036460118094.8,1529.268881,196036460147857.44,1529.2688807678237,196036460088332.2,1529.2688812321767,196036460159051.97,1529.2688806804958,196036460077137.7,1529.2688813195043
0.0037249999999999324,0.0,-0.0005645898892304029,-0.0005604945440740369,0.0,-0.045491716577060026,-0.06226383055992221,0.0,7.749047409267225e-25,1.1999764597636447e-23,78746101.59935991,0.0,-8.618131349589719e-05,8.519820669594642e-05,0.0,-0.7111513497727681,0.703038944665493,-13770050.598253626,1696117.1472044333,313362.6944544497,-11760570.756594744,196036460118094.8,1529.268881,196036460118094.8,1529.268881,196036460147842.16,1529.2688807679428,196036460088347.44,1529.2688812320575,196036460158809.6,1529.2688806823867,196036460077380.06,1529.2688813176135
0.003729999999999932,0.0,-0.0005648172135758751,-0.0005608040296635704,0.0,-0.045464869094443396,-0.061897117906685735,0.0,8.72944252184514e-25,1.1887936692253692e-23,78742197.2460539,0.0,-8.618888699189952e-05,8.522539594305045e-05,0.0,-0.711070077677187,0.7031211450611902,-13767805.037263094,1696460.0752192624,313593.46302651736,-11757751.499017313,196036460118094.8,1529.268881,196036460118094.8,1529.268881,196036460147824.62,1529.2688807680797,196036460088365.0,1529.2688812319207,196036460158569.8,1529.268880684257,196036460077619.84,1529.2688813157429
0.003734999999999932,0.0,-0.0005650443867004656,-0.0005611117010618816,0.0,-0.045434624918097556,-0.061534279662247206,0.0,9.682966282830555e-25,1.17777086613227e-23,78738293.37357184,0.0,-8.619656531604903e-05,8.52522956742338e-05,0.0,-0.7109904504724127,0.7032016633491671,-13765566.962752292,1696801.2196136287,313823.5170344434,-11754942.22610422,196036460118094.8,1529.268881,196036460118094.8,1529.268881,196036460147804.84,1529.2688807682339,196036460088384.78,1529.2688812317663,196036460158332.53,1529.268880686108,196036460077857.1,1529.2688813138923
0.0037399999999999317,0.0,-0.0005652713920862004,-0.000561417577363867,0.0,-0.045401077146968304,-0.06117526039708186,0.0,1.0610172318715611e-24,1.1669066500056379e-23,78734390.12302102,0.0,-8.620434464648417e-05,8.5278910472445e-05,0.0,-0.7109124329924614,0.7032805362134934,-13763336.374576895,1697140.586128367,314052.85182295175,-11752142.936625578,196036460118094.8,1529.268881,196036460118094.8,1529.268881,196036460147782.9,1529.268880768405,196036460088406.72,1529.268881231595,196036460158097.78,1529.2688806879394,196036460078091.88,1529.2688813120608
0.0037449999999999315,0.0,-0.0005654982136710099,-0.0005617216773897015,0.0,-0.045364316961897605,-0.06082000516687718,0.0,1.1511611066025177e-24,1.1561995778249774e-23,78730487.63028537,0.0,-8.621222128162224e-05,8.530524483169523e-05,0.0,-0.7108359909409988,0.7033577994043488,-13761113.27031095,1697478.1808898556,314281.4629404274,-11749353.626480667,196036460118094.8,1529.268881,196036460118094.8,1529.268881,196036460147758.88,1529.2688807685925,196036460088430.75,1529.2688812314077,196036460157865.47,1529.2688806897515,196036460078324.16,1529.2688813102486
0.0037499999999999313,0.0,-0.0005657248358391933,-0.0005620240196873379,0.0,-0.04532443363667559,-0.060468459527272006,0.0,1.2387820484780372e-24,1.1456481910777919e-23,78726586.03087327,0.0,-8.622019154715746e-05,8.533130317171232e-05,0.0,-0.7107610904516555,0.7034334881848984,-13758897.647584895,1697814.0096260863,314509.34630505834,-11746574.29165375,196036460118094.8,1529.268881,196036460118094.8,1529.268881,196036460147732.78,1529.268880768796,196036460088456.84,1529.2688812312042,196036460157635.6,1529.2688806915446,196036460078554.03,1529.2688813084553
0.003754999999999931,0.0,-0.0005659512434120996,-0.0005623246225350339,0.0,-0.04528151458126687,-0.060120569539223914,0.0,1.323933761881714e-24,1.13525095407065e-23,78722685.45603302,0.0,-8.622825191910293e-05,8.535708980335395e-05,0.0,-0.7106876987325256,0.7035076366822657,-13756689.502457995,1698148.078547614,314736.4980707364,-11743804.925839644,196036460118094.8,1529.268881,196036460118094.8,1529.268881,196036460147704.75,1529.2688807690147,196036460088484.9,1529.2688812309852,196036460157408.1,1529.2688806933195,196036460078781.53,1529.2688813066807
0.003759999999999931,0.0,-0.0005661774216388245,-0.0005626235039440127,0.0,-0.045235645344984754,-0.05977628179574949,0.0,1.4066685487925896e-24,1.1250063405234146e-23,78718786.03583845,0.0,-8.623639891325163e-05,8.538260901003335e-05,0.0,-0.7106157832797306,0.7035802786844831,-13754488.831037918,1698480.3940468903,314962.91472802055,-11741045.522263007,196036460118094.8,1529.268881,196036460118094.8,1529.268881,196036460147674.75,1529.2688807692487,196036460088514.9,1529.2688812307513,196036460157182.97,1529.2688806950757,196036460079006.7,1529.2688813049242
0.0037649999999999307,0.0,-0.0005664033561871499,-0.000562920681661106,0.0,-0.045186909665079225,-0.05943554341866291,0.0,1.4870382522471412e-24,1.1149128026814083e-23,78714887.89549556,0.0,-8.624462913968514e-05,8.540786499217912e-05,0.0,-0.7105453123287603,0.7036514471864777,-13752295.62722947,1698810.9626913432,315188.5929159595,-11738296.071622167,196036460118094.8,1529.268881,196036460118094.8,1529.268881,196036460147642.84,1529.2688807694976,196036460088546.75,1529.2688812305028,196036460156960.16,1529.2688806968138,196036460079229.47,1529.2688813031864
0.0037699999999999305,0.0,-0.0005666290331345632,-0.000563216173171436,0.0,-0.045135389482637525,-0.059098302066016135,0.0,1.5650941785676034e-24,1.1049686721860043e-23,78710991.16251817,0.0,-8.625293932385356e-05,8.543286181010515e-05,0.0,-0.7104762551757209,0.703721174067886,-13750109.886830261,1699139.7908678001,315413.52976519737,-11735556.566197265,196036460118094.8,1529.268881,196036460118094.8,1529.268881,196036460147609.16,1529.2688807697602,196036460088580.47,1529.2688812302397,196036460156739.62,1529.2688806985343,196036460079450.0,1529.268881301466
0.0037749999999999303,0.0,-0.0005668544389593691,-0.0005635099957013055,0.0,-0.04508116496117925,-0.05876450597388349,0.0,1.640886501842838e-24,1.0951723633037298e-23,78707095.957172,0.0,-8.626132623507135e-05,8.545760353777408e-05,0.0,-0.7104085812522432,0.7037894910292246,-13747931.602349784,1699466.885583361,315637.72241161804,-11732826.994354805,196036460118094.8,1529.268881,196036460118094.8,1529.268881,196036460147573.72,1529.268880770037,196036460088615.9,1529.2688812299632,196036460156521.34,1529.2688807002369,196036460079668.28,1529.2688812997633
0.00377999999999993,0.0,-0.0005670795605319985,-0.0005638021662209442,0.0,-0.045024314525883916,-0.05843410392773526,0.0,1.714464914732104e-24,1.085522215969814e-23,78703202.3992415,0.0,-8.626978673104715e-05,8.548209411851498e-05,0.0,-0.7103422609014153,0.7038564288102125,-13745760.766339818,1699792.2534851346,315861.1683029612,-11730107.344551722,196036460118094.8,1529.268881,196036460118094.8,1529.268881,196036460147536.53,1529.268880770327,196036460088653.1,1529.2688812296733,196036460156305.3,1529.2688807019224,196036460079884.3,1529.268881298078
0.00378499999999993,0.0,-0.0005673043851063998,-0.0005640927014473852,0.0,-0.044964914880270615,-0.05810704528819059,0.0,1.78587810110456e-24,1.0760165299215387e-23,78699310.60861208,0.0,-8.627831776525897e-05,8.550633744814071e-05,0.0,-0.7102772650654701,0.7039220175069935,-13743597.37245651,1700115.9017499962,316083.86526059406,-11727397.605445918,196036460118094.8,1529.268881,196036460118094.8,1529.268881,196036460147497.72,1529.2688807706297,196036460088691.94,1529.2688812293702,196036460156091.44,1529.2688807035906,196036460080098.2,1529.2688812964095
0.0037899999999999297,0.0,-0.0005675289003116055,-0.0005643816178474099,0.0,-0.044903041041148783,-0.0577832800049446,0.0,1.8551740918982673e-24,1.0666536615710676e-23,78695420.69825058,0.0,-8.62869162986785e-05,8.553033733696744e-05,0.0,-0.7102135650820116,0.7039862867794369,-13741441.410213767,1700437.8368308805,316305.81101365166,-11724697.762369236,196036460118094.8,1529.268881,196036460118094.8,1529.268881,196036460147457.22,1529.2688807709458,196036460088732.4,1529.2688812290544,196036460155879.72,1529.2688807052423,196036460080309.9,1529.2688812947579
0.0037949999999999295,0.0,-0.0005677530941434118,-0.0005646689316403956,0.0,-0.04483876636123973,-0.057462758597132645,0.0,1.9224003821878293e-24,1.0574318617839379e-23,78691532.78163967,0.0,-8.629557948921642e-05,8.555409755443412e-05,0.0,-0.7101511332730671,0.7040492652584609,-13739292.871365506,1700758.0667776868,316527.00375536934,-11722007.80083245,196036460118094.8,1529.268881,196036460118094.8,1529.268881,196036460147415.2,1529.2688807712736,196036460088774.4,1529.2688812287267,196036460155670.12,1529.2688807068773,196036460080519.5,1529.268881293123
0.0037999999999999293,0.0,-0.0005679769549561505,-0.0005649546588013451,0.0,-0.04477216254774223,-0.057145432189898225,0.0,1.9876032853669052e-24,1.04834940135141e-23,78687646.9719487,0.0,-8.630430446136148e-05,8.55776217601108e-05,0.0,-0.7100899422892198,0.7041109812094201,-13737151.74694656,1701076.5982656719,316747.44185925927,-11719327.70682163,196036460118094.8,1529.268881,196036460118094.8,1529.268881,196036460147371.66,1529.2688807716133,196036460088817.97,1529.268881228387,196036460155462.62,1529.268880708496,196036460080727.0,1529.2688812915042
0.003804999999999929,0.0,-0.0005682004714546669,-0.0005652388150638825,0.0,-0.044703299703273316,-0.056831252507489445,0.0,2.0508285466393823e-24,1.0394045734910723e-23,78683763.37619908,0.0,-8.63130884354581e-05,8.560091358383798e-05,0.0,-0.7100299653070771,0.7041714623343033,-13735018.02550561,1701393.43866846,316967.12372404995,-11716657.463113101,196036460118094.8,1529.268881,196036460118094.8,1529.268881,196036460147326.6,1529.2688807719649,196036460088863.0,1529.2688812280358,196036460155257.16,1529.2688807100988,196036460080932.44,1529.2688812899016
0.003809999999999929,0.0,-0.0005684236326863947,-0.00056552141592321,0.0,-0.044632246345553815,-0.0565201718654892,0.0,2.112121205826217e-24,1.0305955721230268e-23,78679882.1044201,0.0,-8.632192875235301e-05,8.562397656073991e-05,0.0,-0.7099711763970512,0.7042307354023873,-13732891.698218105,1701708.5956607377,317186.04821056646,-11713997.054346802,196036460118094.8,1529.268881,196036460118094.8,1529.268881,196036460147280.16,1529.2688807723268,196036460088909.47,1529.268881227673,196036460155053.75,1529.2688807116856,196036460081135.88,1529.2688812883146
0.0038149999999999287,0.0,-0.0005686464280335539,-0.000565802476639236,0.0,-0.04455906943184718,-0.0562121432052179,0.0,2.171525432471499e-24,1.0219207018175303e-23,78676003.25798213,0.0,-8.63308227494751e-05,8.564681419832873e-05,0.0,-0.7099135497417456,0.7042888270397836,-13730772.75151696,1702022.0766464719,317404.21397901326,-11711346.460891476,196036460118094.8,1529.268881,196036460118094.8,1529.268881,196036460147232.3,1529.2688807727002,196036460088957.3,1529.2688812273,196036460154852.34,1529.2688807132567,196036460081337.28,1529.2688812867434
0.0038199999999999285,0.0,-0.0005688688472054995,-0.000566082012239513,0.0,-0.04448383438911129,-0.055907120055397476,0.0,2.2290847004737094e-24,1.0133781529867429e-23,78672126.94265176,0.0,-8.633976787739063e-05,8.56694298923064e-05,0.0,-0.7098570604574933,0.704345762902459,-13728661.175071247,1702333.8890857343,317621.6201898969,-11708705.665795615,196036460118094.8,1529.268881,196036460118094.8,1529.268881,196036460147183.12,1529.268880773084,196036460089006.5,1529.2688812269164,196036460154652.9,1529.2688807148124,196036460081536.75,1529.2688812851873
0.0038249999999999283,0.0,-0.00056909088023119,-0.0005663600375223715,0.0,-0.04440660513809985,-0.05560505657170275,0.0,2.2848416720449155e-24,1.0049661815297669e-23,78668253.25800852,0.0,-8.634876162409155e-05,8.569182701114536e-05,0.0,-0.7098016839375738,0.7044015683396684,-13726556.955607306,1702644.040574515,317838.26594927016,-11706074.649083521,196036460118094.8,1529.268881,196036460118094.8,1529.268881,196036460147132.6,1529.268880773478,196036460089057.0,1529.2688812265224,196036460154455.38,1529.2688807163534,196036460081734.25,1529.2688812836468
0.003829999999999928,0.0,-0.0005693125174517974,-0.0005666365670599419,0.0,-0.04432744412148427,-0.05530590751407273,0.0,2.3388383601237525e-24,9.966829677575312e-24,78664382.30581182,0.0,-8.635780156793036e-05,8.571400881874101e-05,0.0,-0.7097473963859348,0.704456267857265,-13724460.081637656,1702952.5386067426,318054.1507104406,-11703453.392320473,196036460118094.8,1529.268881,196036460118094.8,1529.268881,196036460147080.84,1529.2688807738818,196036460089108.78,1529.2688812261183,196036460154259.75,1529.2688807178795,196036460081929.88,1529.2688812821207
0.003834999999999928,0.0,-0.0005695337495134292,-0.0005669116152013064,0.0,-0.04424641232634845,-0.05500962827289904,0.0,2.3911160238380228e-24,9.885267452677398e-24,78660514.18172117,0.0,-8.63668853665947e-05,8.573597858094687e-05,0.0,-0.7096941743341822,0.7045098856056766,-13722370.539353345,1703259.391513575,318269.27391074767,-11700841.873929022,196036460118094.8,1529.268881,196036460118094.8,1529.268881,196036460147027.88,1529.268880774295,196036460089161.75,1529.2688812257052,196036460154066.0,1529.2688807193908,196036460082123.62,1529.2688812806093
0.0038399999999999277,0.0,-0.0005697545673599807,-0.0005671851960755592,0.0,-0.04416356931030549,-0.05471617485056408,0.0,2.441714962198651e-24,9.804957433559221e-24,78656648.98215608,0.0,-8.637601067155067e-05,8.575773945258277e-05,0.0,-0.7096419947568351,0.7045624452648183,-13720288.315079728,1703564.6064982552,318483.63517584617,-11698240.073405627,196036460118094.8,1529.268881,196036460118094.8,1529.268881,196036460146973.7,1529.2688807747177,196036460089215.94,1529.2688812252827,196036460153874.12,1529.2688807208879,196036460082315.5,1529.2688812791123
0.0038449999999999275,0.0,-0.0005699749622261546,-0.0005674573235948738,0.0,-0.04407897323476204,-0.05442550386293152,0.0,2.4906748342978886e-24,9.725881653591723e-24,78652786.80227107,0.0,-8.638517524152665e-05,8.577929454677508e-05,0.0,-0.7095908352490266,0.7046139698661877,-13718213.395515228,1703868.1914457597,318697.23433665535,-11695647.969732814,196036460118094.8,1529.268881,196036460118094.8,1529.268881,196036460146918.38,1529.2688807751492,196036460089271.25,1529.268881224851,196036460153684.03,1529.2688807223708,196036460082505.6,1529.2688812776294
0.0038499999999999273,0.0,-0.00057019492563059,-0.0005677280114576155,0.0,-0.043992680887089027,-0.05413757254833997,0.0,2.538034654514214e-24,9.648022514132895e-24,78648927.73204714,0.0,-8.639437691503815e-05,8.58006469613566e-05,0.0,-0.7095406738058946,0.7046644820161415,-13716145.76546678,1704170.1549089805,318910.0712194138,-11693065.539338386,196036460118094.8,1529.268881,196036460118094.8,1529.268881,196036460146861.94,1529.2688807755894,196036460089327.66,1529.268881224411,196036460153495.78,1529.2688807238394,196036460082693.84,1529.268881276161
0.003854999999999927,0.0,-0.0005704144493691047,-0.0005679972731513898,0.0,-0.04390474770295854,-0.05385233875485363,0.0,2.583832727654593e-24,9.571361905080675e-24,78645071.86434217,0.0,-8.640361354143267e-05,8.582179964328716e-05,0.0,-0.7094914890979643,0.7047140036195912,-13714085.410911465,1704470.5040856425,319122.1459112394,-11690492.760914583,196036460118094.8,1529.268881,196036460118094.8,1529.268881,196036460146804.44,1529.268880776038,196036460089385.16,1529.2688812239626,196036460153309.25,1529.2688807252944,196036460082880.38,1529.268881274706
0.003859999999999927,0.0,-0.0005706335255080593,-0.0005682651219561797,0.0,-0.04381522779092774,-0.05356976095798237,0.0,2.628106295782515e-24,9.495882209822524e-24,78641219.28904718,0.0,-8.641288302703227e-05,8.584275555164144e-05,0.0,-0.70944325998976,0.7047625563656895,-13712032.317222668,1704769.24688287,319333.45859272464,-11687929.611747075,196036460118094.8,1529.268881,196036460118094.8,1529.268881,196036460146745.88,1529.2688807764948,196036460089443.72,1529.2688812235056,196036460153124.47,1529.2688807267357,196036460083065.16,1529.2688812732645
0.0038649999999999267,0.0,-0.0005708521463779056,-0.0005685315709473977,0.0,-0.04372417396925887,-0.05328979824358424,0.0,2.670892659232637e-24,9.421565427058997e-24,78637370.09196615,0.0,-8.642218340050195e-05,8.586351755358799e-05,0.0,-0.7093959662333164,0.7048101610305426,-13709986.468268596,1705066.391539234,319544.00946144346,-11685376.067267917,196036460118094.8,1529.268881,196036460118094.8,1529.268881,196036460146686.38,1529.2688807769591,196036460089503.25,1529.268881223041,196036460152941.38,1529.268880728164,196036460083248.25,1529.268881271836
0.0038699999999999265,0.0,-0.0005710703045667252,-0.0005687966329990037,0.0,-0.04363163776390039,-0.05301241032119344,0.0,2.712227485992031e-24,9.348394239239923e-24,78633524.35922195,0.0,-8.643151267662317e-05,8.58840885258839e-05,0.0,-0.7093495874958498,0.704856838456908,-13707947.848623043,1705361.9462721664,319753.7989046092,-11682832.103446268,196036460118094.8,1529.268881,196036460118094.8,1529.268881,196036460146625.88,1529.268880777431,196036460089563.78,1529.268881222569,196036460152760.0,1529.268880729579,196036460083429.62,1529.2688812704212
0.0038749999999999262,0.0,-0.0005712879929140503,-0.0005690603207865054,0.0,-0.04353766946504154,-0.05273755750033094,0.0,2.7521461867321262e-24,9.276351115333512e-24,78629682.17487085,0.0,-8.644086892173794e-05,8.590447122994302e-05,0.0,-0.7093041041392295,0.70490260877035,-13705916.441785855,1705655.918694528,319962.8273495487,-11680297.695741778,196036460118094.8,1529.268881,196036460118094.8,1529.268881,196036460146564.4,1529.2688807779105,196036460089625.22,1529.2688812220897,196036460152580.28,1529.268880730981,196036460083609.34,1529.2688812690192
0.003879999999999926,0.0,-0.0005715052045047305,-0.0005693226467899949,0.0,-0.04344231813602738,-0.052465200697900866,0.0,2.79068357312504e-24,9.205418126329426e-24,78625843.6234142,0.0,-8.645025031197296e-05,8.592466838449131e-05,0.0,-0.7092594971589018,0.7049474914416688,-13703892.232574487,1705948.3171082847,320171.0954660586,-11677772.820000142,196036460118094.8,1529.268881,196036460118094.8,1529.268881,196036460146502.1,1529.2688807783966,196036460089687.56,1529.2688812216034,196036460152402.2,1529.2688807323702,196036460083787.44,1529.2688812676297
0.003884999999999926,0.0,-0.000571721932662901,-0.0005695836232972548,0.0,-0.043345631634111786,-0.05219530145197889,0.0,2.8278734669421977e-24,9.135578333028223e-24,78622008.78433111,0.0,-8.645965499742577e-05,8.594468268058307e-05,0.0,-0.7092157475683697,0.7049915059070134,-13701875.203127358,1706239.1493034936,320378.60380369594,-11675257.450020168,196036460118094.8,1529.268881,196036460118094.8,1529.268881,196036460146438.84,1529.26888077889,196036460089750.78,1529.2688812211102,196036460152225.7,1529.268880733747,196036460083963.94,1529.268881266253
0.0038899999999999256,0.0,-0.0005719381709461248,-0.0005698432624066924,0.0,-0.04324765664475375,-0.05192782188751914,0.0,2.8637492616022487e-24,9.066814138100083e-24,78618177.73880401,0.0,-8.646908122776461e-05,8.596451672559606e-05,0.0,-0.7091728371408278,0.7050346708223851,-13699865.337222219,1706528.4232517467,320585.35317309125,-11672751.56079738,196036460118094.8,1529.268881,196036460118094.8,1529.268881,196036460146374.75,1529.26888077939,196036460089814.88,1529.2688812206102,196036460152050.78,1529.2688807351117,196036460084138.84,1529.2688812648885
0.0038949999999999254,0.0,-0.0005721539131396071,-0.0005701015760303882,0.0,-0.04314843869645816,-0.05166272473915582,0.0,2.8983433939727642e-24,8.999108239490869e-24,78614350.56639816,0.0,-8.64785273345604e-05,8.598417315079445e-05,0.0,-0.7091307478957571,0.705077004580921,-13697862.619049024,1706816.1479911825,320791.3445246597,-11670255.12653318,196036460118094.8,1529.268881,196036460118094.8,1529.268881,196036460146309.9,1529.2688807798957,196036460089879.75,1529.268881220104,196036460151877.47,1529.2688807364634,196036460084312.2,1529.2688812635363
0.0038999999999999252,0.0,-0.0005723691532505766,-0.000570358575897093,0.0,-0.043048022193916596,-0.05139997334097307,0.0,2.9316882318437743e-24,8.932443825996349e-24,78610527.34062366,0.0,-8.648799159460551e-05,8.600365441580801e-05,0.0,-0.709089462343266,0.7051185250677634,-13695867.028307121,1707102.3303397507,320996.57852533594,-11667768.119442036,196036460118094.8,1529.268881,196036460118094.8,1529.268881,196036460146244.22,1529.2688807804082,196036460089945.4,1529.268881219592,196036460151705.66,1529.268880737804,196036460084484.0,1529.2688812621961
0.003904999999999925,0.0,-0.0005725838855026786,-0.0005706142735551406,0.0,-0.04294645042040066,-0.051139531609498905,0.0,2.9638147049735117e-24,8.866803708823185e-24,78606708.14067152,0.0,-8.649747240185824e-05,8.602296303030978e-05,0.0,-0.709048963275856,0.7051592498701508,-13693878.549622715,1707386.9787885589,321201.0563653457,-11665290.51446881,196036460118094.8,1529.268881,196036460118094.8,1529.268881,196036460146177.78,1529.2688807809266,196036460090011.8,1529.2688812190738,196036460151535.3,1529.2688807391328,196036460084654.3,1529.2688812608676
0.003909999999999925,0.0,-0.0005727981043306164,-0.0005708686803754245,0.0,-0.04284376558758424,-0.05088136405678722,0.0,2.994753541578978e-24,8.802170848029311e-24,78602893.04133974,0.0,-8.650696821929291e-05,8.604210144417287e-05,0.0,-0.7090092340223438,0.7051991960226908,-13691897.165776672,1707670.101939257,321404.77917101944,-11662822.284666395,196036460118094.8,1529.268881,196036460118094.8,1529.268881,196036460146110.66,1529.26888078145,196036460090078.97,1529.26888121855,196036460151366.5,1529.2688807404497,196036460084823.12,1529.2688812595507
0.003914999999999925,0.0,-0.000573011804374829,-0.0005711218075543508,0.0,-0.04274000884252612,-0.050625435785260665,0.0,3.0245346553216644e-24,8.738528994077131e-24,78599082.1136752,0.0,-8.651647746769098e-05,8.606107204391032e-05,0.0,-0.7089702580089098,0.70523838044932,-13689922.857238851,1707951.7073645806,321607.74795216473,-11660363.401922105,196036460118094.8,1529.268881,196036460118094.8,1529.268881,196036460146042.8,1529.2688807819795,196036460090146.8,1529.2688812180209,196036460151199.16,1529.268880741755,196036460084990.47,1529.268881258245
0.003919999999999924,0.0,-0.0005732249804763084,-0.0005713736661166524,0.0,-0.042635220295891264,-0.05037171246032616,0.0,3.0531874325735924e-24,8.675861212210487e-24,78595275.43167278,0.0,-8.652599868528707e-05,8.607987716929916e-05,0.0,-0.7089320193414504,0.7052768193783582,-13687955.607146082,1708231.8033560035,321809.9640427562,-11657913.839747323,196036460118094.8,1529.268881,196036460118094.8,1529.268881,196036460145974.28,1529.2688807825139,196036460090215.34,1529.268881217486,196036460151033.25,1529.2688807430493,196036460085156.38,1529.2688812569509
0.003924999999999924,0.0,-0.0005734376276715095,-0.000571624266918323,0.0,-0.04252943904021933,-0.0501201603341151,0.0,3.0807408664120777e-24,8.614151156232918e-24,78591473.0637892,0.0,-8.653553043089232e-05,8.609851910979728e-05,0.0,-0.7088945024251594,0.705314528725579,-13685995.395903034,1708510.3979263266,322011.4286151819,-11655473.569361525,196036460118094.8,1529.268881,196036460118094.8,1529.268881,196036460145905.12,1529.2688807830534,196036460090284.5,1529.2688812169467,196036460150868.75,1529.2688807443326,196036460085320.88,1529.2688812556676
0.003929999999999924,0.0,-0.0005736497411873272,-0.0005718736206494485,0.0,-0.04242270316355086,-0.049870746225091994,0.0,3.1072226528186797e-24,8.553382850229733e-24,78587675.08037718,0.0,-8.654507126074027e-05,8.611700014479106e-05,0.0,-0.708857691705143,0.705351524355379,-13684042.205370786,1708787.4989767133,322212.1430450222,-11653042.563349051,196036460118094.8,1529.268881,196036460118094.8,1529.268881,196036460145835.3,1529.2688807835982,196036460090354.3,1529.2688812164022,196036460150705.66,1529.268880745605,196036460085483.97,1529.2688812543954
0.003934999999999924,0.0,-0.000573861316436299,-0.0005721217378369747,0.0,-0.04231504979436665,-0.049623437505225645,0.0,3.132660367092089e-24,8.493539844783422e-24,78583881.55115047,0.0,-8.655461984921002e-05,8.613532249713478e-05,0.0,-0.7088215723485277,0.7053878213956921,-13682096.018016106,1709063.1150352526,322412.1088359994,-11650620.794144856,196036460118094.8,1529.268881,196036460118094.8,1529.268881,196036460145764.9,1529.2688807841473,196036460090424.72,1529.2688812158528,196036460150543.94,1529.2688807468662,196036460085645.7,1529.268881253134
0.003939999999999924,0.0,-0.0005740723490118278,-0.0005723686288475567,0.0,-0.04220651510576898,-0.049378202116394175,0.0,3.1570813329962656e-24,8.43460611638854e-24,78580092.54107744,0.0,-8.656417487947198e-05,8.615348830794697e-05,0.0,-0.7087861299017304,0.7054234345830364,-13680156.813710874,1709337.2539225027,322611.327337161,-11648208.23245121,196036460118094.8,1529.268881,196036460118094.8,1529.268881,196036460145693.97,1529.2688807847007,196036460090495.66,1529.2688812152994,196036460150383.6,1529.2688807481172,196036460085806.06,1529.268881251883
0.003944999999999923,0.0,-0.0005742828346834488,-0.0005726143038903348,0.0,-0.04209713432419631,-0.04913500855562886,0.0,3.1805115153684392e-24,8.376566169862816e-24,78576308.11665946,0.0,-8.657373502409413e-05,8.617149972376366e-05,0.0,-0.7087513498543965,0.7054583787010903,-13678224.573620975,1709609.9234190572,322809.80007210077,-11645804.850129817,196036460118094.8,1529.268881,196036460118094.8,1529.268881,196036460145622.44,1529.2688807852587,196036460090567.2,1529.2688812147414,196036460150224.53,1529.268880749358,196036460085965.06,1529.2688812506424
0.003949999999999923,0.0,-0.0005744927693923313,-0.0005728587730196189,0.0,-0.04198694177650489,-0.0488938258568097,0.0,3.202976527426519e-24,8.319404411691317e-24,78572528.34309135,0.0,-8.658329904386787e-05,8.618935886237932e-05,0.0,-0.7087172181818278,0.7054926680360409,-13676299.279126847,1709881.1319082358,323007.52864606626,-11643410.618572544,196036460118094.8,1529.268881,196036460118094.8,1529.268881,196036460145550.38,1529.268880785821,196036460090639.25,1529.2688812141794,196036460150066.84,1529.268880750588,196036460086122.78,1529.268881249412
0.003954999999999923,0.0,-0.0005747021492468421,-0.0005731020461375892,0.0,-0.04187597090215103,-0.04865462359407228,0.0,3.224501809987351e-24,8.26310519093185e-24,78568753.28370386,0.0,-8.65928657396231e-05,8.620706775265103e-05,0.0,-0.7086837213947813,0.7055263163270694,-13674380.910751749,1710150.8873031472,323204.51465426316,-11641025.508794336,196036460118094.8,1529.268881,196036460118094.8,1529.268881,196036460145477.8,1529.268880786387,196036460090711.8,1529.2688812136132,196036460149910.44,1529.2688807518084,196036460086279.2,1529.268881248192
0.003959999999999923,0.0,-0.0005749109705181378,-0.0005733441329970082,0.0,-0.04176425425916415,-0.04841737188379742,0.0,3.2451118985872196e-24,8.207653263256202e-24,78564983.00148277,0.0,-8.660243392523625e-05,8.622462840930123e-05,0.0,-0.7086508461231059,0.7055593371850493,-13672469.44931314,1710419.1975170411,323400.75976847904,-11638649.49202762,196036460118094.8,1529.268881,196036460118094.8,1529.268881,196036460145404.75,1529.2688807869567,196036460090784.88,1529.2688812130434,196036460149755.28,1529.2688807530187,196036460086434.34,1529.2688812469814
0.003964999999999923,0.0,-0.0005751192296359154,-0.0005735850432038608,0.0,-0.04165182355551124,-0.048182041370523565,0.0,3.2648307448126868e-24,8.153033822457669e-24,78561217.55652343,0.0,-8.661200245287611e-05,8.624204283738562e-05,0.0,-0.7086185792002082,0.7055917440080193,-13670564.874763114,1710686.0707574675,323596.2656409888,-11636282.538364658,196036460118094.8,1529.268881,196036460118094.8,1529.268881,196036460145331.25,1529.2688807875302,196036460090858.38,1529.26888121247,196036460149601.38,1529.2688807542193,196036460086588.22,1529.2688812457811
0.003969999999999922,0.0,-0.0005753269231842621,-0.0005738247862199196,0.0,-0.04153870966932853,-0.047948603211767526,0.0,3.28368176189912e-24,8.099231896533753e-24,78557457.01058568,0.0,-8.66215701991163e-05,8.625931296734853e-05,0.0,-0.7085869078720076,0.7056235497716805,-13668667.168074813,1710951.51474677,323791.0340621904,-11633924.619265854,196036460118094.8,1529.268881,196036460118094.8,1529.268881,196036460145257.28,1529.2688807881073,196036460090932.34,1529.268881211893,196036460149448.75,1529.26888075541,196036460086740.88,1529.2688812445904
0.003974999999999922,0.0,-0.0005755340478976,-0.0005740633713653384,0.0,-0.04142494266757328,-0.04771702908376869,0.0,3.30168791281153e-24,8.046232741562182e-24,78553701.42318465,0.0,-8.663113610077325e-05,8.627644071701368e-05,0.0,-0.7085558196890849,0.7056547671381019,-13666776.309828019,1711215.5376892455,323985.06683730514,-11631575.705301467,196036460118094.8,1529.268881,196036460118094.8,1529.268881,196036460145182.9,1529.2688807886875,196036460091006.75,1529.2688812113124,196036460149297.34,1529.268880756591,196036460086892.28,1529.2688812434092
0.003979999999999922,0.0,-0.0005757406006567081,-0.0005743008078212063,0.0,-0.04131055182162392,-0.04748729117358688,0.0,3.318871876555809e-24,7.994021884956993e-24,78549950.8511175,0.0,-8.664069909649952e-05,8.629342792420185e-05,0.0,-0.708525302544189,0.7056854084184153,-13664892.279093562,1711478.1470260187,324178.3656855902,-11629235.766381953,196036460118094.8,1529.268881,196036460118094.8,1529.268881,196036460145108.06,1529.2688807892714,196036460091081.53,1529.268881210729,196036460149147.12,1529.2688807577629,196036460087042.53,1529.268881242237
0.003984999999999922,0.0,-0.0005759465784847937,-0.0005745371046320548,0.0,-0.04119556561711816,-0.04725936216970165,0.0,3.335255594567268e-24,7.942584715557771e-24,78546205.35310473,0.0,-8.6650258217537e-05,8.631027644431861e-05,0.0,-0.7084953446425528,0.705715485602966,-13663015.057188964,1711739.3512984347,324370.93256596883,-11626904.77332456,196036460118094.8,1529.268881,196036460118094.8,1529.268881,196036460145032.9,1529.2688807898576,196036460091156.72,1529.2688812101426,196036460148998.06,1529.2688807589257,196036460087191.6,1529.2688812410743
0.0039899999999999216,0.0,-0.0005761519785436913,-0.0005747722707083888,0.0,-0.041080011779506966,-0.0470332152668133,0.0,3.35086019332088e-24,7.891907670641275e-24,78542464.98380762,0.0,-8.665981242993549e-05,8.632698809868492e-05,0.0,-0.7084659340705226,0.7057450107946792,-13661144.623059465,1711999.1580727892,324562.7692667686,-11624582.695719907,196036460118094.8,1529.268881,196036460118094.8,1529.268881,196036460144957.34,1529.268880790447,196036460091232.28,1529.2688812095532,196036460148850.16,1529.2688807600794,196036460087339.44,1529.268881239921
0.003994999999999921,0.0,-0.0005763567981302028,-0.0005750063148290364,0.0,-0.04096391730228982,-0.04680882412951858,0.0,3.365706561022119e-24,7.841976553790155e-24,78538729.80105034,0.0,-8.666936076030045e-05,8.634356461844199e-05,0.0,-0.7084370595367635,0.7057739954651943,-13659280.957579236,1712257.5746328807,324753.87778428535,-11622269.50516207,196036460118094.8,1529.268881,196036460118094.8,1529.268881,196036460144881.4,1529.2688807910395,196036460091308.22,1529.2688812089607,196036460148703.4,1529.2688807612242,196036460087486.2,1529.2688812387762
0.003999999999999921,0.0,-0.0005765610346724791,-0.0005752392456436077,0.0,-0.040847308455269876,-0.04658616291426575,0.0,3.3798152692847265e-24,7.792777620003382e-24,78534999.85745154,0.0,-8.667890235009166e-05,8.636000779369092e-05,0.0,-0.7084087099834931,0.7058024508455062,-13657424.040527133,1712514.6099911248,324944.2600560379,-11619965.170479972,196036460118094.8,1529.268881,196036460118094.8,1529.268881,196036460144805.16,1529.2688807916343,196036460091384.44,1529.268881208366,196036460148557.88,1529.2688807623597,196036460087631.78,1529.2688812376405
0.004004999999999921,0.0,-0.0005767646857264567,-0.0005754710716748764,0.0,-0.040730210795522616,-0.04636520625371472,0.0,3.3932063298056665e-24,7.744297303206813e-24,78531275.20694126,0.0,-8.668843625840072e-05,8.63763192760697e-05,0.0,-0.7083808745901831,0.7058303879225144,-13655573.851313466,1712770.270982565,325133.9180219914,-11617669.66230891,196036460118094.8,1529.268881,196036460118094.8,1529.268881,196036460144728.6,1529.2688807922316,196036460091461.03,1529.2688812077688,196036460148413.34,1529.268880763487,196036460087776.25,1529.2688812365134
0.004009999999999921,0.0,-0.0005769677489723907,-0.000575701801321129,0.0,-0.040612649186794844,-0.046145929250537954,0.0,3.4058989532676244e-24,7.69652230423259e-24,78527555.90336198,0.0,-8.669796162280389e-05,8.639250077036838e-05,0.0,-0.708353542645236,0.7058578175680594,-13653730.37064122,1713024.5657522914,325322.8537627435,-11615382.951126184,196036460118094.8,1529.268881,196036460118094.8,1529.268881,196036460144651.72,1529.2688807928312,196036460091537.9,1529.268881207169,196036460148269.97,1529.2688807646055,196036460087919.66,1529.2688812353947
0.0040149999999999205,0.0,-0.000577170222211527,-0.0005759314428584699,0.0,-0.04049464782725673,-0.04592830746817314,0.0,3.4179122081887214e-24,7.649439700446159e-24,78523841.99667124,0.0,-8.67074775792368e-05,8.640855391057023e-05,0.0,-0.7083267037261664,0.7058847503583172,-13651893.577141523,1713277.501736201,325511.0692100281,-11613105.006195294,196036460118094.8,1529.268881,196036460118094.8,1529.268881,196036460144574.53,1529.2688807934335,196036460091615.06,1529.268881206567,196036460148127.66,1529.2688807657155,196036460088061.97,1529.2688812342844
0.00401999999999992,0.0,-0.000577372103362799,-0.0005761600044430587,0.0,-0.040376230254427325,-0.045712316917777815,0.0,3.4292650428496585e-24,7.60303605082375e-24,78520133.5378477,0.0,-8.671698338426226e-05,8.642448030839687e-05,0.0,-0.7083003479987496,0.7059111962739012,-13650063.451084556,1713529.087352397,325698.5664692768,-11610835.797262881,196036460118094.8,1529.268881,196036460118094.8,1529.268881,196036460144497.16,1529.268880794037,196036460091692.5,1529.268881205963,196036460147986.4,1529.2688807668176,196036460088203.2,1529.2688812331828
0.00402499999999992,0.0,-0.0005775733904595457,-0.0005763874941134397,0.0,-0.04025741934934027,-0.0454979340761895,0.0,3.439974759464919e-24,7.557299344207667e-24,78516430.57773358,0.0,-8.672647815449306e-05,8.644028157999854e-05,0.0,-0.7082744650472373,0.7059371658738827,-13648239.972178433,1713779.3296813562,325885.3476139334,-11608575.294883143,196036460118094.8,1529.268881,196036460118094.8,1529.268881,196036460144419.44,1529.268880794643,196036460091770.22,1529.2688812053568,196036460147846.25,1529.2688807679108,196036460088343.38,1529.2688812320894
0.00402999999999992,0.0,-0.0005777740816465136,-0.0005766139197926215,0.0,-0.04013823739357372,-0.045285135836386374,0.0,3.4500597072147086e-24,7.51221652647068e-24,78512733.1642796,0.0,-8.673596116689877e-05,8.64559592263948e-05,0.0,-0.7082490455847974,0.7059626685797369,-13646423.119385272,1714028.2362615408,326071.41468579916,-11606323.46843793,196036460118094.8,1529.268881,196036460118094.8,1529.268881,196036460144341.47,1529.2688807952513,196036460091848.12,1529.268881204749,196036460147707.1,1529.2688807689963,196036460088482.53,1529.2688812310037
0.00403499999999992,0.0,-0.0005779741751766785,-0.0005768392892903396,0.0,-0.040018706032977004,-0.04507389954362212,0.0,3.459536826073373e-24,7.467775324180894e-24,78509041.34714381,0.0,-8.674543167575601e-05,8.647151479966494e-05,0.0,-0.7082240800295989,0.7059877141043095,-13644612.873153342,1714275.8149164324,326256.7698750838,-11604080.288361827,196036460118094.8,1529.268881,196036460118094.8,1529.268881,196036460144263.34,1529.268880795861,196036460091926.3,1529.268881204139,196036460147568.97,1529.268880770074,196036460088620.66,1529.2688812299261
0.0040399999999999195,0.0,-0.000578173669408311,-0.0005770636103051816,0.0,-0.03989884632649418,-0.04486420296837788,0.0,3.468423008428836e-24,7.423963692991152e-24,78505355.17231986,0.0,-8.67548889741363e-05,8.648694981191637e-05,0.0,-0.7081995591267064,0.7060123118280152,-13642809.212462887,1714522.073464463,326441.415263246,-11601845.723735178,196036460118094.8,1529.268881,196036460118094.8,1529.268881,196036460144184.97,1529.2688807964723,196036460092004.66,1529.2688812035278,196036460147431.84,1529.2688807711436,196036460088757.78,1529.2688812288563
0.004044999999999919,0.0,-0.00057837256280205,-0.0005772868904266737,0.0,-0.039778678747812726,-0.044656024298425266,0.0,3.476734566380306e-24,7.380769824205837e-24,78501674.6862134,0.0,-8.676433234425532e-05,8.650226573165655e-05,0.0,-0.7081754737606615,0.7060364709870608,-13641012.116562858,1714767.019190762,326625.3529773179,-11599619.74439478,196036460118094.8,1529.268881,196036460118094.8,1529.268881,196036460144106.38,1529.2688807970853,196036460092083.25,1529.2688812029148,196036460147295.7,1529.2688807722056,196036460088893.9,1529.2688812277947
0.004049999999999919,0.0,-0.0005785708539180773,-0.000577509137137327,0.0,-0.03965822320546834,-0.04444934213066204,0.0,3.484487539474273e-24,7.338181755815512e-24,78497999.9358607,0.0,-8.677376112068767e-05,8.651746399201951e-05,0.0,-0.7081518151789492,0.7060602004494797,-13639221.565554062,1715010.659554798,326808.58523430576,-11597402.320764957,196036460118094.8,1529.268881,196036460118094.8,1529.268881,196036460144027.6,1529.2688807977,196036460092162.0,1529.2688812023005,196036460147160.53,1529.26888077326,196036460089029.06,1529.2688812267404
0.004054999999999919,0.0,-0.0005787685414133388,-0.0005777303578147091,0.0,-0.039537499052287844,-0.044244135476423765,0.0,3.491697522083771e-24,7.296187785523132e-24,78494330.96723722,0.0,-8.678317467311538e-05,8.653254602197648e-05,0.0,-0.7081285747942652,0.7060835089136714,-13637437.539602103,1715253.0023275572,326991.1142747369,-11595193.422999809,196036460118094.8,1529.268881,196036460118094.8,1529.268881,196036460143948.7,1529.2688807983154,196036460092240.94,1529.2688812016847,196036460147026.38,1529.2688807743066,196036460089163.25,1529.2688812256933
0.004059999999999919,0.0,-0.0005789656240388428,-0.0005779505597334715,0.0,-0.039416525100812734,-0.044040383752485805,0.0,3.498379508735238e-24,7.254777279177351e-24,78490667.82133748,0.0,-8.67925723081888e-05,8.654751322944405e-05,0.0,-0.7081057438541135,0.7061064052398991,-13635660.016194334,1715494.0544517937,327172.9421198837,-11592993.019622657,196036460118094.8,1529.268881,196036460118094.8,1529.268881,196036460143869.53,1529.268880798933,196036460092320.06,1529.2688812010674,196036460146893.16,1529.268880775346,196036460089296.47,1529.2688812246543
0.0040649999999999185,0.0,-0.0005791621006370632,-0.0005781697500671919,0.0,-0.03929531964408156,-0.043838066744056145,0.0,3.5045486880399676e-24,7.213938222597864e-24,78487010.54469657,0.0,-8.680195349993526e-05,8.656236697116007e-05,0.0,-0.708083314500852,0.7061288973873592,-13633888.976802792,1715733.824027686,327354.0711538106,-11590801.081621297,196036460118094.8,1529.268881,196036460118094.8,1529.268881,196036460143790.3,1529.268880799551,196036460092399.3,1529.2688812004492,196036460146760.88,1529.2688807763777,196036460089428.78,1529.2688812236222
0.004069999999999918,0.0,-0.0005793579701393077,-0.0005783879358904548,0.0,-0.03917390044890565,-0.04363716465258813,0.0,3.510219399257701e-24,7.173660046668074e-24,78483359.17866409,0.0,-8.681131759808106e-05,8.657710857257645e-05,0.0,-0.7080612785038298,0.706150993685856,-13632124.399646647,1715972.3176184453,327534.5034885194,-11588617.57853968,196036460118094.8,1529.268881,196036460118094.8,1529.268881,196036460143710.94,1529.2688808001703,196036460092478.72,1529.2688811998296,196036460146629.5,1529.2688807774027,196036460089560.16,1529.2688812225972
0.004074999999999918,0.0,-0.0005795532315632342,-0.0005786051241806835,0.0,-0.039052284785295883,-0.04343765804571453,0.0,3.5154058370239234e-24,7.133931946925459e-24,78479713.7642931,0.0,-8.682066406898048e-05,8.659173938140442e-05,0.0,-0.7080396280209398,0.706172702072212,-13630366.264103461,1716209.5431671124,327714.24134872004,-11586442.47958763,196036460118094.8,1529.268881,196036460118094.8,1529.268881,196036460143631.4,1529.2688808007906,196036460092558.25,1529.2688811992093,196036460146499.0,1529.2688807784207,196036460089690.62,1529.2688812215795
0.004079999999999918,0.0,-0.0005797478840103916,-0.0005788213218200105,0.0,-0.03893048943147334,-0.04323952786540139,0.0,3.520121477577431e-24,7.094743486016072e-24,78476074.34376252,0.0,-8.68299923381754e-05,8.660626070626104e-05,0.0,-0.708018355208369,0.7061940304817338,-13628614.54998778,1716445.5078297497,327893.2870061978,-11584275.755151832,196036460118094.8,1529.268881,196036460118094.8,1529.268881,196036460143551.75,1529.268880801412,196036460092637.88,1529.2688811985881,196036460146369.44,1529.2688807794314,196036460089820.2,1529.2688812205688
0.004084999999999918,0.0,-0.0005799419266638854,-0.0005790365355970867,0.0,-0.03880853069875906,-0.04304275541522909,0.0,3.5243797852171176e-24,7.056084147911378e-24,78472440.95792031,0.0,-8.683930188664823e-05,8.662067382155998e-05,0.0,-0.7079974525919653,0.7062149864759936,-13626869.236969396,1716680.2189774665,328071.6427312711,-11582117.37526066,196036460118094.8,1529.268881,196036460118094.8,1529.268881,196036460143472.0,1529.2688808020341,196036460092717.62,1529.268881197966,196036460146240.78,1529.268880780435,196036460089948.84,1529.2688812195652
0.0040899999999999175,0.0,-0.0005801353587860453,-0.0005792507722089022,0.0,-0.038686424431987616,-0.04284732236311815,0.0,3.528194019421686e-24,7.017943576974098e-24,78468813.64638004,0.0,-8.684859220241291e-05,8.663497995403373e-05,0.0,-0.7079769129251293,0.706235577385481,-13625130.304223131,1716913.683583289,328249.3107593305,-11579967.309880514,196036460118094.8,1529.268881,196036460118094.8,1529.268881,196036460143392.16,1529.268880802657,196036460092797.47,1529.2688811973433,196036460146112.97,1529.268880781432,196036460090076.66,1529.2688812185681
0.004094999999999917,0.0,-0.0005803281797161283,-0.0005794640382625811,0.0,-0.03856418601660346,-0.042653210735772266,0.0,3.531576674769885e-24,6.980312030486188e-24,78465192.448059,0.0,-8.685786275648882e-05,8.664918034332055e-05,0.0,-0.7079567288440439,0.7062558106553466,-13623397.7309302,1717145.9085828154,328426.29333214194,-11577825.529015243,196036460118094.8,1529.268881,196036460118094.8,1529.268881,196036460143312.2,1529.2688808032808,196036460092877.4,1529.2688811967196,196036460145986.03,1529.2688807824225,196036460090203.6,1529.2688812175777
0.004099999999999917,0.0,-0.0005805203888681541,-0.0005796763402770682,0.0,-0.0384418304051617,-0.042460402897443045,0.0,3.53453995427686e-24,6.943179717927933e-24,78461577.40169206,0.0,-8.686711311829607e-05,8.66632762693842e-05,0.0,-0.7079368932250841,0.7062756934871932,-13621671.497443527,1717376.9022885833,328602.5927999869,-11575692.002354955,196036460118094.8,1529.268881,196036460118094.8,1529.268881,196036460143232.2,1529.268880803905,196036460092957.44,1529.2688811960954,196036460145860.0,1529.2688807834054,196036460090329.62,1529.2688812165945
0.004104999999999917,0.0,-0.0005807119857287913,-0.0005798876846848262,0.0,-0.03831937212742968,-0.042268881551586084,0.0,3.537096539531747e-24,6.906536313293205e-24,78457968.54634897,0.0,-8.687634282191295e-05,8.66772688152702e-05,0.0,-0.7079173996076776,0.7062952324153856,-13619951.583174812,1717606.6707195465,328778.211439726,-11573566.701015538,196036460118094.8,1529.268881,196036460118094.8,1529.268881,196036460143152.16,1529.268880804529,196036460093037.5,1529.2688811954706,196036460145734.75,1529.2688807843824,196036460090454.9,1529.2688812156173
0.004109999999999917,0.0,-0.0005809029698551603,-0.0005800980778336233,0.0,-0.03819682527380625,-0.04207862975941358,0.0,3.5392578452238055e-24,6.870373214485841e-24,78454365.91508982,0.0,-8.688555139180429e-05,8.669115921761281e-05,0.0,-0.707898240870497,0.706314434634077,-13618237.965840202,1717835.2213206512,328953.15138079075,-11571449.59313876,196036460118094.8,1529.268881,196036460118094.8,1529.268881,196036460143072.0,1529.2688808051544,196036460093117.62,1529.2688811948458,196036460145610.34,1529.2688807853528,196036460090579.3,1529.2688812146469
0.0041149999999999165,0.0,-0.0005810933408728564,-0.0005803075259880241,0.0,-0.03807420353921496,-0.04188963088016742,0.0,3.541035488342587e-24,6.834680781210539e-24,78450769.54590484,0.0,-8.689473839802534e-05,8.670494858667376e-05,0.0,-0.7078794105965607,0.7063333066290063,-13616530.625462668,1718062.5607422534,329127.41496070975,-11569340.649759706,196036460118094.8,1529.268881,196036460118094.8,1529.268881,196036460142991.8,1529.26888080578,196036460093197.8,1529.2688811942203,196036460145486.72,1529.2688807863176,196036460090702.88,1529.268881213683
0.004119999999999916,0.0,-0.0005812830984739368,-0.0005805160353310596,0.0,-0.03795152021609516,-0.04170186860708883,0.0,3.5424401589085455e-24,6.799449760736544e-24,78447179.47860843,0.0,-8.690390344803531e-05,8.67186381025761e-05,0.0,-0.7078609022403243,0.7063518550124395,-13614829.543993415,1718288.6966987015,329301.0046834942,-11567239.842611218,196036460118094.8,1529.268881,196036460118094.8,1529.268881,196036460142911.6,1529.2688808064058,196036460093278.03,1529.2688811935943,196036460145363.97,1529.268880787275,196036460090825.66,1529.268881212725
0.004124999999999916,0.0,-0.0005814722424150694,-0.0005807236119658296,0.0,-0.03782878822651791,-0.04151532695399071,0.0,3.543483224010103e-24,6.764671465524242e-24,78443595.74321237,0.0,-8.691304613403397e-05,8.673222884877987e-05,0.0,-0.7078427095918773,0.7063700860580304,-13613134.698206663,1718513.6358002452,329473.9226096306,-11565147.13979679,196036460118094.8,1529.268881,196036460118094.8,1529.268881,196036460142831.34,1529.268880807032,196036460093358.28,1529.2688811929684,196036460145241.97,1529.2688807882266,196036460090947.62,1529.2688812117738
0.004129999999999916,0.0,-0.000581660772515563,-0.000580930261917008,0.0,-0.03770602009872818,-0.041329990235675976,0.0,3.5441751929383596e-24,6.730336746752957e-24,78440018.37752545,0.0,-8.692216608734504e-05,8.674572190978786e-05,0.0,-0.7078248265998395,0.7063880058784315,-13611446.069327235,1718737.385057609,329646.17118593474,-11563062.513083689,196036460118094.8,1529.268881,196036460118094.8,1529.268881,196036460142751.06,1529.268880807658,196036460093438.56,1529.2688811923422,196036460145120.78,1529.268880789172,196036460091068.8,1529.2688812108283
0.004134999999999916,0.0,-0.0005818486886555473,-0.0005811359911324275,0.0,-0.03758322799686422,-0.04114584308391913,0.0,3.544526107761164e-24,6.69643744450731e-24,78436447.41455516,0.0,-8.693126288667055e-05,8.675911836556223e-05,0.0,-0.7078072470212362,0.7064056207762072,-13609763.636212597,1718959.9509177953,329817.75265331607,-11560985.932641486,196036460118094.8,1529.268881,196036460118094.8,1529.268881,196036460142670.75,1529.2688808082846,196036460093518.88,1529.2688811917155,196036460145000.38,1529.2688807901113,196036460091189.25,1529.2688812098888
0.0041399999999999154,0.0,-0.0005820359907742331,-0.0005813408054844935,0.0,-0.0374604237371451,-0.04096287041320452,0.0,3.54454628777753e-24,6.662964923055652e-24,78432882.886689,0.0,-8.69403362248143e-05,8.67724192840521e-05,0.0,-0.7077899651293028,0.7064229365346656,-13608087.378410066,1719181.3408418042,329988.6693150922,-11558917.368253171,196036460118094.8,1529.268881,196036460118094.8,1529.268881,196036460142590.44,1529.268880808911,196036460093599.2,1529.268881191089,196036460144880.72,1529.2688807910447,196036460091308.88,1529.2688812089557
0.004144999999999915,0.0,-0.0005822226788681244,-0.0005815447107716796,0.0,-0.03733761877826567,-0.040781057437211526,0.0,3.5442456158033455e-24,6.629910805390436e-24,78429324.826879,0.0,-8.694938575076187e-05,8.678562567802738e-05,0.0,-0.7077729752473989,0.7064399588850031,-13606417.275474083,1719401.5613132627,330158.9234729604,-11556856.790687859,196036460118094.8,1529.268881,196036460118094.8,1529.268881,196036460142510.12,1529.2688808095377,196036460093679.47,1529.2688811904627,196036460144761.84,1529.2688807919722,196036460091427.78,1529.268881208028
0.004149999999999915,0.0,-0.000582408752989307,-0.0005817477127199788,0.0,-0.03721482423651905,-0.04060038965985077,0.0,3.5436333076382895e-24,6.597267018145665e-24,78425773.2690966,0.0,-8.695841113714189e-05,8.679873859776752e-05,0.0,-0.7077562716457378,0.7064566936098238,-13604753.308172049,1719620.6194230765,330328.5175338549,-11554804.171215119,196036460118094.8,1529.268881,196036460118094.8,1529.268881,196036460142429.88,1529.2688808101636,196036460093759.78,1529.268881189836,196036460144643.72,1529.2688807928937,196036460091545.9,1529.2688812071065
0.004154999999999915,0.0,-0.0005825942132438516,-0.0005819498169843026,0.0,-0.03709205090890618,-0.0404208528647441,0.0,3.542718899664133e-24,6.565025922042325e-24,78422228.24094439,0.0,-8.696741204431137e-05,8.681175902781871e-05,0.0,-0.7077398488156368,0.7064731462684335,-13603095.454038491,1719838.5214927925,330497.4536211932,-11552759.478924505,196036460118094.8,1529.268881,196036460118094.8,1529.268881,196036460142349.56,1529.2688808107903,196036460093840.03,1529.26888118921,196036460144526.3,1529.2688807938096,196036460091663.3,1529.2688812061906
0.004159999999999915,0.0,-0.0005827790597901617,-0.0005821510291498035,0.0,-0.03696930926202889,-0.04024243310018514,0.0,3.541511164791806e-24,6.533179525635702e-24,78418689.77654836,0.0,-8.697638817817109e-05,8.682468797089719e-05,0.0,-0.7077237013627898,0.7064893223038496,-13601443.694505095,1720055.2744767992,330665.73419547005,-11550722.685832828,196036460118094.8,1529.268881,196036460118094.8,1529.268881,196036460142269.28,1529.2688808114167,196036460093920.3,1529.2688811885841,196036460144409.66,1529.2688807947195,196036460091780.0,1529.2688812052804
0.004164999999999914,0.0,-0.0005829632928374544,-0.0005823513547332602,0.0,-0.03684660945854121,-0.040065116691340455,0.0,3.540019083401572e-24,6.501720013216465e-24,78415157.90640262,0.0,-8.698533925335663e-05,8.683752637518417e-05,0.0,-0.7077078241534906,0.7065052268963988,-13599798.009290965,1720270.8848787195,330833.36156665697,-11548693.762845589,196036460118094.8,1529.268881,196036460118094.8,1529.268881,196036460142189.06,1529.2688808120424,196036460094000.56,1529.268881187958,196036460144293.7,1529.2688807956242,196036460091895.94,1529.268881204376
0.004169999999999914,0.0,-0.0005831469126442042,-0.000582550799184431,0.0,-0.03672396134996139,-0.03988889023416105,0.0,3.538251155808979e-24,6.470640092873716e-24,78411632.65919143,0.0,-8.699426499725689e-05,8.685027522247904e-05,0.0,-0.7076922119722115,0.7065208653068064,-13598158.37785725,1720485.3596627994,331000.3380170051,-11546672.680177445,196036460118094.8,1529.268881,196036460118094.8,1529.268881,196036460142108.88,1529.268880812668,196036460094080.75,1529.2688811873325,196036460144178.47,1529.268880796523,196036460092011.2,1529.268881203477
0.004174999999999914,0.0,-0.0005833299195166708,-0.0005827493678873172,0.0,-0.036601374493304306,-0.03971374057723471,0.0,3.536215763261367e-24,6.439932432252808e-24,78408114.06420036,0.0,-8.700316511310226e-05,8.686293541987583e-05,0.0,-0.70767685981231,0.7065362425850412,-13596524.779681353,1720698.7048171025,331166.6658284254,-11544659.409035826,196036460118094.8,1529.268881,196036460118094.8,1529.268881,196036460142028.72,1529.2688808132932,196036460094160.9,1529.268881186707,196036460144063.9,1529.2688807974168,196036460092125.72,1529.2688812025833
0.004179999999999914,0.0,-0.0005835123138074468,-0.0005829470661614331,0.0,-0.03647885815520666,-0.039539654823187234,0.0,3.533920903657247e-24,6.409589813066837e-24,78404602.15077774,0.0,-8.701203938146639e-05,8.687550793569422e-05,0.0,-0.7076617627352013,0.7065513637114484,-13594897.195438718,1720910.9277029382,331332.3473812775,-11542653.920354502,196036460118094.8,1529.268881,196036460118094.8,1529.268881,196036460141948.62,1529.2688808139178,196036460094241.03,1529.2688811860821,196036460143950.06,1529.2688807983047,196036460092239.56,1529.2688812016952
0.004184999999999914,0.0,-0.0005836940959140729,-0.0005831438992630568,0.0,-0.03635642132520863,-0.03936662032473043,0.0,3.531374314426507e-24,6.379605800972405e-24,78401096.94422612,0.0,-8.702088748772374e-05,8.688799367202721e-05,0.0,-0.7076469156880961,0.7065662337793425,-13593275.603205979,1721122.0340855084,331497.38482626184,-11540656.184294209,196036460118094.8,1529.268881,196036460118094.8,1529.268881,196036460141868.53,1529.2688808145429,196036460094321.1,1529.2688811854575,196036460143836.94,1529.2688807991874,196036460092352.7,1529.268881200813
0.004189999999999913,0.0,-0.0005838752662776967,-0.0005833398723863443,0.0,-0.03623407272477804,-0.039194624657501474,0.0,3.528583941928122e-24,6.3499725635973986e-24,78397598.4769634,0.0,-8.702970926613845e-05,8.690039349975795e-05,0.0,-0.7076323143524648,0.7065808571452912,-13591659.985501016,1721332.030897652,331661.78069557436,-11538666.173907788,196036460118094.8,1529.268881,196036460118094.8,1529.268881,196036460141788.53,1529.2688808151668,196036460094401.1,1529.2688811848334,196036460143724.47,1529.2688808000646,196036460092465.16,1529.2688811999355
0.004194999999999913,0.0,-0.000584055825381697,-0.0005835349906646867,0.0,-0.036111820800071824,-0.03902365566849925,0.0,3.5255571163276724e-24,6.3206839095348746e-24,78394106.77331479,0.0,-8.703850444824499e-05,8.6912708311135e-05,0.0,-0.7076179539086282,0.7065952386664988,-13590050.320789803,1721540.9242675686,331825.53716322145,-11536683.859359013,196036460118094.8,1529.268881,196036460118094.8,1529.268881,196036460141708.6,1529.2688808157905,196036460094481.03,1529.2688811842097,196036460143612.7,1529.2688808009366,196036460092576.97,1529.2688811990633
0.004199999999999913,0.0,-0.0005842357737504135,-0.0005837292591717828,0.0,-0.03598967374328472,-0.03885370141923119,0.0,3.5223012850350355e-24,6.2917330656076534e-24,78390621.85970792,0.0,-8.704727284082111e-05,8.692493896871209e-05,0.0,-0.7076038299658388,0.7066093827693462,-13588446.589136513,1721748.7207765128,331988.65653717634,-11534709.211822825,196036460118094.8,1529.268881,196036460118094.8,1529.268881,196036460141628.72,1529.2688808164135,196036460094560.9,1529.2688811835867,196036460143501.56,1529.2688808018036,196036460092688.1,1529.2688811981964
0.004204999999999913,0.0,-0.0005844151119478564,-0.0005839226829228122,0.0,-0.03586763948858723,-0.03868475020586938,0.0,3.518823451660682e-24,6.263113693626553e-24,78387143.76183102,0.0,-8.705601422560835e-05,8.693708632913691e-05,0.0,-0.7075899380584034,0.7066232939540734,-13586848.770377083,1721955.4267008102,332151.14109916997,-11532742.202577101,196036460118094.8,1529.268881,196036460118094.8,1529.268881,196036460141548.94,1529.2688808170358,196036460094640.72,1529.2688811829642,196036460143391.03,1529.2688808026658,196036460092798.56,1529.2688811973348
0.004209999999999913,0.0,-0.0005845938405764939,-0.0005841152668755331,0.0,-0.03574572572750158,-0.038516790544179905,0.0,3.515130372986915e-24,6.2348193601742605e-24,78383672.50706285,0.0,-8.706472839818673e-05,8.694915122688439e-05,0.0,-0.7075762738695444,0.7066369765706374,-13585256.845406752,1722161.0482359445,332312.99321534013,-11530782.803955466,196036460118094.8,1529.268881,196036460118094.8,1529.268881,196036460141469.2,1529.2688808176579,196036460094720.4,1529.2688811823425,196036460143281.22,1529.2688808035225,196036460092908.4,1529.2688811964777
0.004214999999999912,0.0,-0.0005847719602760812,-0.0005843070159313972,0.0,-0.035623939917453336,-0.03834981117282211,0.0,3.511228538553736e-24,6.2068441489147435e-24,78380208.11982724,0.0,-8.70734151642039e-05,8.69611345215416e-05,0.0,-0.7075628330238796,0.7066504350265567,-13583670.79422977,1722365.5919268124,332474.2151695619,-11528830.987133397,196036460118094.8,1529.268881,196036460118094.8,1529.268881,196036460141389.56,1529.268880818279,196036460094800.06,1529.2688811817209,196036460143172.03,1529.2688808043742,196036460093017.6,1529.2688811956261
0.004219999999999912,0.0,-0.0005849494717225363,-0.0005844979349365744,0.0,-0.03550228929103036,-0.038183801035433756,0.0,3.5071251091105485e-24,6.179181580546592e-24,78376750.62307994,0.0,-8.708207437654284e-05,8.697303697545802e-05,0.0,-0.7075496117352986,0.7066636731382392,-13582090.59616755,1722569.0638256657,332634.809178903,-11526886.723162983,196036460118094.8,1529.268881,196036460118094.8,1529.268881,196036460141310.0,1529.2688808188998,196036460094879.6,1529.2688811811008,196036460143063.47,1529.2688808052212,196036460093126.16,1529.268881194779
0.004224999999999912,0.0,-0.0005851263756266999,-0.000584688028683075,0.0,-0.035380780832727964,-0.03801874930013559,0.0,3.502825621612357e-24,6.1518261198752324e-24,78373300.04382421,0.0,-8.709070582547902e-05,8.698485944526625e-05,0.0,-0.7075366055830166,0.7066766953565561,-13580516.232931789,1722771.4702984812,332794.7776599285,-11524949.984973378,196036460118094.8,1529.268881,196036460118094.8,1529.268881,196036460141230.56,1529.2688808195196,196036460094959.06,1529.2688811804808,196036460142955.56,1529.268880806063,196036460093234.1,1529.268881193937
0.004229999999999912,0.0,-0.000585302672733376,-0.0005848773019097091,0.0,-0.03525942133520717,-0.03785464532682164,0.0,3.498336783677728e-24,6.124771830169809e-24,78369856.40255715,0.0,-8.709930937670378e-05,8.699660269614464e-05,0.0,-0.7075238108261994,0.7066895054505709,-13578947.683373442,1722972.8175547475,332954.1227746866,-11523020.743044008,196036460118094.8,1529.268881,196036460118094.8,1529.268881,196036460141151.22,1529.2688808201385,196036460095038.4,1529.2688811798616,196036460142848.22,1529.2688808069001,196036460093341.38,1529.2688811931002
0.004234999999999912,0.0,-0.0005854783638201696,-0.0005850657593031144,0.0,-0.03513821735873567,-0.03769147868107095,0.0,3.4936644095604636e-24,6.098012914747527e-24,78366419.72472371,0.0,-8.710788486327574e-05,8.700826749765501e-05,0.0,-0.7075112235760981,0.7067021073365019,-13577384.928796848,1723173.1115252853,333112.8468889089,-11521098.970382655,196036460118094.8,1529.268881,196036460118094.8,1529.268881,196036460141071.94,1529.2688808207567,196036460095117.7,1529.2688811792434,196036460142741.53,1529.2688808077323,196036460093448.1,1529.2688811922678
0.004239999999999911,0.0,-0.0005856534496964802,-0.0005852534054987609,0.0,-0.035017175262139544,-0.03752923912929543,0.0,3.488814297158707e-24,6.0715439096826e-24,78362990.03258598,0.0,-8.711643212971916e-05,8.701985461620472e-05,0.0,-0.7074988400055698,0.7067145048679653,-13575827.94934917,1723372.3582243635,333270.95226094197,-11519184.638863863,196036460118094.8,1529.268881,196036460118094.8,1529.268881,196036460140992.8,1529.268880821374,196036460095196.84,1529.2688811786256,196036460142635.47,1529.26888080856,196036460093554.16,1529.2688811914402
0.004244999999999911,0.0,-0.0005858279312024971,-0.000585440245081897,0.0,-0.0348963012033699,-0.03736791662721108,0.0,3.483792323370022e-24,6.0453595190326345e-24,78359567.34557101,0.0,-8.712495104657662e-05,8.703136481004684e-05,0.0,-0.7074866564283543,0.7067267017566464,-13574276.7242492,1723570.5638443062,333428.4410598019,-11517277.719345095,196036460118094.8,1529.268881,196036460118094.8,1529.268881,196036460140913.75,1529.268880821991,196036460095275.88,1529.2688811780092,196036460142529.94,1529.268880809383,196036460093659.66,1529.2688811906173
0.004249999999999911,0.0,-0.0005860018092081809,-0.0005856262825884671,0.0,-0.034775601136765845,-0.037207501314018065,0.0,3.478603695511451e-24,6.019454153584554e-24,78356151.68958576,0.0,-8.713344149452655e-05,8.704279883733673e-05,0.0,-0.7074746692018729,0.7067387016696485,-13572731.236083217,1723767.73467786,333585.3157381601,-11515378.185667198,196036460118094.8,1529.268881,196036460118094.8,1529.268881,196036460140834.84,1529.2688808226064,196036460095354.8,1529.2688811773935,196036460142425.1,1529.2688808102012,196036460093764.56,1529.268881189799
0.004254999999999911,0.0,-0.0005861750846123621,-0.0005858115225060798,0.0,-0.03465508083625286,-0.03704798352256135,0.0,3.473253930775088e-24,5.993822969285528e-24,78352743.08228725,0.0,-8.714190331641742e-05,8.70541574129551e-05,0.0,-0.7074628747079489,0.7067505082488198,-13571191.463398293,1723963.8762161313,333741.57838978735,-11513486.008792374,196036460118094.8,1529.268881,196036460118094.8,1529.268881,196036460140756.0,1529.2688808232215,196036460095433.62,1529.2688811767787,196036460142320.75,1529.268880811015,196036460093868.84,1529.2688811889855
0.0042599999999999106,0.0,-0.0005863477583417852,-0.0005859959692748474,0.0,-0.034534745884606886,-0.03688935375351379,0.0,3.4677484197798156e-24,5.968460466428489e-24,78349341.54607572,0.0,-8.715033642910233e-05,8.70654412460644e-05,0.0,-0.707451269653787,0.7067621248095038,-13569657.387632258,1724158.9946273838,333897.23135051475,-11511601.161654359,196036460118094.8,1529.268881,196036460118094.8,1529.268881,196036460140677.3,1529.2688808238354,196036460095512.28,1529.268881176165,196036460142217.0,1529.2688808118244,196036460093972.6,1529.2688811881762
0.00426499999999991,0.0,-0.0005865198313501743,-0.0005861796272883379,0.0,-0.03441460167783952,-0.036731602698092065,0.0,3.462091626957626e-24,5.943361826176398e-24,78345947.10454649,0.0,-8.715874071378142e-05,8.707665109852239e-05,0.0,-0.7074398503901509,0.7067735550230787,-13568128.991142452,1724353.0962490286,334052.277025711,-11509723.617867712,196036460118094.8,1529.268881,196036460118094.8,1529.268881,196036460140598.78,1529.268880824448,196036460095590.88,1529.268881175552,196036460142113.9,1529.2688808126284,196036460094075.75,1529.2688811873713
0.00426999999999991,0.0,-0.0005866913046174608,-0.0005863625008944101,0.0,-0.03429465345728689,-0.036574721214467074,0.0,3.456289267746668e-24,5.918522308072136e-24,78342559.77112795,0.0,-8.716711605144162e-05,8.708778760362014e-05,0.0,-0.7074286137907412,0.7067848020367374,-13566606.251109177,1724546.1861454882,334206.7173645376,-11507853.347599152,196036460118094.8,1529.268881,196036460118094.8,1529.268881,196036460140520.34,1529.2688808250598,196036460095669.3,1529.2688811749401,196036460142011.3,1529.268880813429,196036460094178.3,1529.2688811865712
0.00427499999999991,0.0,-0.0005868621791487921,-0.0005865445943960354,0.0,-0.03417490626626708,-0.03641870032504843,0.0,3.450345718210689e-24,5.8939370966623954e-24,78339179.5685341,0.0,-8.717546235216746e-05,8.709885148682916e-05,0.0,-0.707417556475042,0.7067958692514272,-13565089.149988886,1724738.2705819856,334360.5547623719,-11505990.324644526,196036460118094.8,1529.268881,196036460118094.8,1529.268881,196036460140442.03,1529.2688808256707,196036460095747.6,1529.2688811743294,196036460141909.28,1529.268880814225,196036460094280.34,1529.2688811857754
0.00427999999999991,0.0,-0.0005870324559737745,-0.0005867259120521307,0.0,-0.03405536499648432,-0.03626353121908276,0.0,3.444265580467261e-24,5.869601419494991e-24,78335806.51719531,0.0,-8.718377952457057e-05,8.71098434236224e-05,0.0,-0.7074066752613628,0.7068067598683992,-13563577.669147326,1724929.3553153963,334513.79151117685,-11504134.522320753,196036460118094.8,1529.268881,196036460118094.8,1529.268881,196036460140363.88,1529.2688808262806,196036460095825.75,1529.2688811737196,196036460141807.8,1529.2688808150165,196036460094381.8,1529.2688811849837
0.0042849999999999095,0.0,-0.0005872021361456755,-0.0005869064580783865,0.0,-0.033936034380197086,-0.03610920525116388,0.0,3.438053561695435e-24,5.8455108447105865e-24,78332440.63334972,0.0,-8.719206749730835e-05,8.712076409350249e-05,0.0,-0.7073959670347622,0.7068174770214399,-13562071.788424678,1725119.4463417209,334666.42976108985,-11502285.912321867,196036460118094.8,1529.268881,196036460118094.8,1529.268881,196036460140285.8,1529.2688808268892,196036460095903.78,1529.2688811731111,196036460141706.9,1529.2688808158036,196036460094482.75,1529.2688811841965
0.004289999999999909,0.0,-0.0005873712207406084,-0.0005870862366480336,0.0,-0.03381691898657811,-0.03595571392943258,0.0,3.431713921357638e-24,5.821660815208398e-24,78329081.93734021,0.0,-8.720032616595398e-05,8.713161413506213e-05,0.0,-0.707385428713957,0.7068280238100151,-13560571.489391288,1725308.5489254608,334818.4718022161,-11500444.468663612,196036460118094.8,1529.268881,196036460118094.8,1529.268881,196036460140207.94,1529.2688808274968,196036460095981.7,1529.2688811725034,196036460141606.53,1529.2688808165867,196036460094583.1,1529.2688811834134
0.004294999999999909,0.0,-0.0005875397108567945,-0.0005872652518926332,0.0,-0.03369802323722607,-0.03580304891991573,0.0,3.4252510181425515e-24,5.798047136137718e-24,78325730.44506475,0.0,-8.720855546140247e-05,8.71423942104107e-05,0.0,-0.7073750572671961,0.7068384032834032,-13559076.75217566,1725496.668914211,334969.9197896019,-11498610.163471848,196036460118094.8,1529.268881,196036460118094.8,1529.268881,196036460140130.2,1529.2688808281034,196036460096059.44,1529.2688811718967,196036460141506.66,1529.2688808173657,196036460094682.94,1529.2688811826347
0.004299999999999909,0.0,-0.0005877076076138081,-0.000587443507902803,0.0,-0.03357935140272777,-0.03565120203397573,0.0,3.4186689543245396e-24,5.7746654424985175e-24,78322386.17491442,0.0,-8.721675534101764e-05,8.715310498365542e-05,0.0,-0.7073648497636275,0.7068486183893131,-13557587.558471063,1725683.8124381,335120.77600381523,-11496782.970029147,196036460118094.8,1529.268881,196036460118094.8,1529.268881,196036460140052.6,1529.2688808287087,196036460096137.03,1529.2688811712915,196036460141407.38,1529.2688808181401,196036460094782.22,1529.2688811818603
0.004304999999999909,0.0,-0.0005878749121518658,-0.000587621008728974,0.0,-0.03346090761154189,-0.035500165234205516,0.0,3.4119718522151384e-24,5.751511481936622e-24,78319049.14424042,0.0,-8.722492572337358e-05,8.716374705600247e-05,0.0,-0.7073548033719708,0.7068586719752403,-13556103.889172012,1725869.9846216238,335271.04264614295,-11494962.861904245,196036460118094.8,1529.268881,196036460118094.8,1529.268881,196036460139975.16,1529.2688808293128,196036460096214.47,1529.2688811706873,196036460141308.62,1529.2688808189105,196036460094881.0,1529.2688811810897
0.0043099999999999085,0.0,-0.0005880416256311123,-0.0005877977583821267,0.0,-0.03334269584930482,-0.035349930630525814,0.0,3.405163571362113e-24,5.728581367286862e-24,78315719.3688523,0.0,-8.723306653236089e-05,8.717432105272461e-05,0.0,-0.7073449151865319,0.7068685669625989,-13554625.724893153,1726055.190880671,335420.72188315674,-11493149.812129324,196036460118094.8,1529.268881,196036460118094.8,1529.268881,196036460139897.84,1529.268880829916,196036460096291.78,1529.2688811700841,196036460141210.38,1529.268880819677,196036460094979.25,1529.2688811803232
0.004314999999999908,0.0,-0.000588207749230952,-0.0005879737608344643,0.0,-0.033224719967934385,-0.03520049046753274,0.0,3.398247964445839e-24,5.7058709931954186e-24,78312396.86519437,0.0,-8.724117776645246e-05,8.718482762852738e-05,0.0,-0.7073351824860915,0.7068783060876657,-13553153.047379076,1726239.4376613307,335569.8159689298,-11491343.793748816,196036460118094.8,1529.268881,196036460118094.8,1529.268881,196036460139820.72,1529.2688808305177,196036460096368.94,1529.2688811694825,196036460141112.7,1529.2688808204389,196036460095076.97,1529.268881179561
0.004319999999999908,0.0,-0.0005883732841493813,-0.0005881490200201246,0.0,-0.03310698368586779,-0.035051837132057215,0.0,3.391228984000912e-24,5.683376372880173e-24,78309081.64851993,0.0,-8.724925933454902e-05,8.719526732022884e-05,0.0,-0.7073256026660096,0.7068878919695584,-13551685.836913034,1726422.7293572288,335718.3270207149,-11489544.780535089,196036460118094.8,1529.268881,196036460118094.8,1529.268881,196036460139743.72,1529.2688808311182,196036460096445.9,1529.2688811688818,196036460141015.44,1529.2688808211976,196036460095174.16,1529.2688811788028
0.004324999999999908,0.0,-0.0005885382316023044,-0.0005883235398358699,0.0,-0.03298949058460205,-0.03490396314905689,0.0,3.3841098300378276e-24,5.661093900553817e-24,78305773.73539105,0.0,-8.725731121634083e-05,8.720564079594439e-05,0.0,-0.707316172877711,0.70689732747099,-13550224.075758178,1726605.0723623885,335866.25731574005,-11487752.74608005,196036460118094.8,1529.268881,196036460118094.8,1529.268881,196036460139666.88,1529.2688808317175,196036460096522.75,1529.2688811682826,196036460140918.78,1529.2688808219516,196036460095270.84,1529.2688811780483
0.004329999999999908,0.0,-0.0005887025928229782,-0.000588497324141712,0.0,-0.032872244134766054,-0.03475686116841613,0.0,3.376894188701595e-24,5.6390198344241676e-24,78302473.14003687,0.0,-8.726533334160227e-05,8.721594859928412e-05,0.0,-0.7073068905766126,0.7069066151500094,-13548767.744385445,1726786.4713454498,336013.6089663609,-11485967.664073635,196036460118094.8,1529.268881,196036460118094.8,1529.268881,196036460139590.22,1529.2688808323157,196036460096599.44,1529.2688811676842,196036460140822.56,1529.2688808227022,196036460095367.06,1529.268881177298
0.0043349999999999075,0.0,-0.0005888663690613746,-0.0005886703767615602,0.0,-0.03275524767927789,-0.034610523969658094,0.0,3.369585415734256e-24,5.617150608066576e-24,78299179.87659693,0.0,-8.727332570713256e-05,8.722619135340772e-05,0.0,-0.7072977531686645,0.7069157576137053,-13547316.82429265,1726966.9324261704,336160.3841623236,-11484189.507704156,196036460118094.8,1529.268881,196036460118094.8,1529.268881,196036460139513.7,1529.2688808329128,196036460096675.94,1529.2688811670873,196036460140726.9,1529.2688808234484,196036460095462.72,1529.2688811765518
0.004339999999999907,0.0,-0.0005890295615835986,-0.0005888427014838396,0.0,-0.03263850444479204,-0.03446494445586889,0.0,3.3621872861010175e-24,5.595482133417419e-24,78295893.96008343,0.0,-8.728128830204084e-05,8.723636957380235e-05,0.0,-0.7072887584664066,0.706924757061916,-13545871.296967708,1727146.460583396,336306.585082433,-11482418.251301879,196036460118094.8,1529.268881,196036460118094.8,1529.268881,196036460139437.34,1529.2688808335083,196036460096752.25,1529.268881166492,196036460140631.7,1529.2688808241912,196036460095557.94,1529.268881175809
0.004344999999999907,0.0,-0.0005891921716712344,-0.0005890143020621984,0.0,-0.032522017527174873,-0.03432011567177037,0.0,3.354702495881085e-24,5.5740113442751844e-24,78292615.40528521,0.0,-8.72892210676922e-05,8.724648386447984e-05,0.0,-0.7072799037316828,0.7069336162450486,-13544431.144262008,1727325.0611997163,336452.2139253122,-11480653.869136982,196036460118094.8,1529.268881,196036460118094.8,1529.268881,196036460139361.2,1529.2688808341024,196036460096828.44,1529.2688811658977,196036460140536.97,1529.2688808249302,196036460095652.66,1529.26888117507
0.004349999999999907,0.0,-0.0005893542006208788,-0.00058918518221604,0.0,-0.03240578992888395,-0.034176030768316545,0.0,3.347134206657184e-24,5.5527349458365455e-24,78289344.22446127,0.0,-8.729712400600473e-05,8.725653481401926e-05,0.0,-0.7072711865355147,0.7069423376037435,-13542996.347375786,1727502.740104971,336597.2728223906,-11478896.334448425,196036460118094.8,1529.268881,196036460118094.8,1529.268881,196036460139285.2,1529.2688808346952,196036460096904.44,1529.268881165305,196036460140442.78,1529.2688808256648,196036460095746.88,1529.268881174335
0.004354999999999907,0.0,-0.000589515649743593,-0.000589355345631093,0.0,-0.032289824542840094,-0.03403268301061376,0.0,3.339485727398522e-24,5.5316494434899126e-24,78286080.43035217,0.0,-8.730499708220723e-05,8.726652292287848e-05,0.0,-0.7072626046586776,0.7069509233683926,-13541566.887271632,1727679.501894388,336741.7638737969,-11477145.621503448,196036460118094.8,1529.268881,196036460118094.8,1529.268881,196036460139209.34,1529.2688808352868,196036460096980.25,1529.2688811647135,196036460140349.03,1529.268880826396,196036460095840.6,1529.2688811736039
0.0043599999999999065,0.0,-0.0005896765203643296,-0.0005895247959600172,0.0,-0.032174124147320994,-0.03389006578484324,0.0,3.331759915884122e-24,5.510751631771395e-24,78282824.03602284,0.0,-8.731284029234931e-05,8.727644875529987e-05,0.0,-0.7072541557496371,0.7069593759013794,-13540142.745814972,1727855.3520998578,336885.6892465407,-11475401.704468574,196036460118094.8,1529.268881,196036460118094.8,1529.268881,196036460139133.7,1529.268880835877,196036460097055.9,1529.2688811641235,196036460140255.78,1529.2688808271237,196036460095933.84,1529.2688811728765
0.004364999999999906,0.0,-0.0005898368138214375,-0.0005896935368229584,0.0,-0.03205869142159326,-0.03374817258824329,0.0,3.3239595759731575e-24,5.49003827715378e-24,78279575.05506232,0.0,-8.732065361115931e-05,8.728631283365776e-05,0.0,-0.7072458375414046,0.7069676974801304,-13538723.904985879,1728030.2956284005,337029.05110645946,-11473664.558251018,196036460118094.8,1529.268881,196036460118094.8,1529.268881,196036460139058.22,1529.268880836466,196036460097131.4,1529.2688811635344,196036460140162.97,1529.2688808278479,196036460096026.62,1529.2688811721528
0.004369999999999906,0.0,-0.0005899965314661764,-0.0005898615718081089,0.0,-0.03194352894778051,-0.03360699703008153,0.0,3.316087405799618e-24,5.469506277666912e-24,78276333.49999161,0.0,-8.732843706560779e-05,8.729611572876621e-05,0.0,-0.7072376477835588,0.7069758903651375,-13537310.347066607,1728204.3383838958,337171.85163422034,-11471934.157048494,196036460118094.8,1529.268881,196036460118094.8,1529.268881,196036460138982.9,1529.2688808370533,196036460097206.72,1529.2688811629469,196036460140070.66,1529.2688808285677,196036460096118.94,1529.2688811714327
0.004374999999999906,0.0,-0.000590155674662249,-0.0005900289044722444,0.0,-0.03182863921452635,-0.03346653282709699,0.0,3.308146582870711e-24,5.449152526725017e-24,78273099.37979905,0.0,-8.733619064204088e-05,8.730585791087765e-05,0.0,-0.7072295844696651,0.7069839565724704,-13535902.052217577,1728377.4848734762,337314.0928158503,-11470210.47452825,196036460118094.8,1529.268881,196036460118094.8,1529.268881,196036460138907.78,1529.2688808376395,196036460097281.8,1529.2688811623611,196036460139978.8,1529.2688808292844,196036460096210.8,1529.268881170716
0.004379999999999906,0.0,-0.000590314244785251,-0.0005901955383412627,0.0,-0.0317140246003859,-0.03332677380365999,0.0,3.3001390696682524e-24,5.428974269834506e-24,78269872.70928235,0.0,-8.73439143294462e-05,8.731553995269661e-05,0.0,-0.7072216451903294,0.7069918985209689,-13534499.00398649,1728549.7406445805,337455.7769191257,-11468493.486422785,196036460118094.8,1529.268881,196036460118094.8,1529.268881,196036460138832.8,1529.268880838224,196036460097356.78,1529.2688811617763,196036460139887.44,1529.268880829997,196036460096302.2,1529.2688811700032
0.0043849999999999055,0.0,-0.0005904722432223306,-0.0005903614769106606,0.0,-0.03159968741592185,-0.03318771387957352,0.0,3.2920680639197827e-24,5.408968262438184e-24,78266653.49740784,0.0,-8.735160815570964e-05,8.73251623127684e-05,0.0,-0.7072138281569754,0.7069997180081162,-13533101.183137331,1728721.1105004624,337596.9059598356,-11466783.166677034,196036460118094.8,1529.268881,196036460118094.8,1529.268881,196036460138758.1,1529.268880838807,196036460097431.53,1529.2688811611931,196036460139796.5,1529.2688808307064,196036460096393.12,1529.2688811692938
0.004389999999999905,0.0,-0.0005906296713716351,-0.0005905267236460958,0.0,-0.03148562986090782,-0.03304934708705204,0.0,3.2839357591869064e-24,5.389132010799308e-24,78263441.75461791,0.0,-8.735927209218243e-05,8.733472550639219e-05,0.0,-0.7072061311235687,0.7070074172886972,-13531708.571315411,1728891.5992467355,337737.4820183701,-11465079.490050305,196036460118094.8,1529.268881,196036460118094.8,1529.268881,196036460138683.47,1529.268880839389,196036460097506.12,1529.2688811606113,196036460139706.0,1529.2688808314124,196036460096483.62,1529.2688811685878
0.004394999999999905,0.0,-0.0005907865306419307,-0.0005906912819838194,0.0,-0.03137185405911895,-0.03291166754470846,0.0,3.275744570036011e-24,5.3694625865601375e-24,78260237.49225682,0.0,-8.736690618794901e-05,8.734423005803211e-05,0.0,-0.7071985521226904,0.7070149983384866,-13530321.151255125,1729061.2125494902,337877.5072584025,-11463382.431447232,196036460118094.8,1529.268881,196036460118094.8,1529.268881,196036460138609.1,1529.2688808399694,196036460097580.53,1529.2688811600308,196036460139616.0,1529.2688808321147,196036460096573.62,1529.2688811678856
0.004399999999999905,0.0,-0.0005909428224521841,-0.0005908551553311824,0.0,-0.0312583620506749,-0.03277466947261206,0.0,3.267496909508286e-24,5.349957209414669e-24,78257040.72062556,0.0,-8.737451044574755e-05,8.735367643734291e-05,0.0,-0.7071910892223072,0.7070224630975784,-13528938.904894289,1729229.9550740721,338016.983763049,-11461691.966057168,196036460118094.8,1529.268881,196036460118094.8,1529.268881,196036460138534.88,1529.2688808405483,196036460097654.75,1529.268881159452,196036460139526.4,1529.2688808328135,196036460096663.22,1529.2688811671867
0.004404999999999905,0.0,-0.0005910985482311445,-0.0005910183470671182,0.0,-0.031145155792092673,-0.03263834718715908,0.0,3.2591951599757746e-24,5.330613188896807e-24,78253851.44906081,0.0,-8.73820848843188e-05,8.73630651199094e-05,0.0,-0.7071837405321793,0.7070298134639834,-13527561.814079333,1729397.8317032328,338155.9135963045,-11460008.068779796,196036460118094.8,1529.268881,196036460118094.8,1529.268881,196036460138460.88,1529.2688808411256,196036460097728.78,1529.2688811588744,196036460139437.25,1529.268880833509,196036460096752.38,1529.2688811664912
0.0044099999999999044,0.0,-0.0005912537094169313,-0.000591180860542608,0.0,-0.03103223715734921,-0.03250269509796012,0.0,3.2508413859098685e-24,5.311428323537355e-24,78250669.68501733,0.0,-8.738962951053116e-05,8.737239661338486e-05,0.0,-0.7071765039853162,0.7070370515122286,-13526189.8601515,1729564.8475198834,338294.29876675963,-11458330.713864857,196036460118094.8,1529.268881,196036460118094.8,1529.268881,196036460138387.0,1529.268880841702,196036460097802.6,1529.2688811582987,196036460139348.56,1529.268880834201,196036460096841.06,1529.2688811657993
0.004414999999999904,0.0,-0.0005914083074566758,-0.0005913426990810626,0.0,-0.030919607948895422,-0.032367707690898244,0.0,3.2424377688150026e-24,5.292399572625661e-24,78247495.44150084,0.0,-8.739714435404759e-05,8.738167135794207e-05,0.0,-0.7071693778810234,0.7070441789502028,-13524823.026863514,1729731.0071651067,338432.14148071123,-11456659.878217695,196036460118094.8,1529.268881,196036460118094.8,1529.268881,196036460138313.34,1529.2688808422765,196036460097876.25,1529.2688811577239,196036460139260.28,1529.2688808348896,196036460096929.34,1529.2688811651105
0.004419999999999904,0.0,-0.0005915623438061437,-0.0005915038659788486,0.0,-0.030807269893601445,-0.032233379557205524,0.0,3.2339865671479752e-24,5.2735246746955175e-24,78244328.72406068,0.0,-8.740462947144118e-05,8.739088985546589e-05,0.0,-0.7071623603787432,0.7070511976254368,-13523461.295373822,1729896.3161573156,338569.44370818685,-11454995.53550832,196036460118094.8,1529.268881,196036460118094.8,1529.268881,196036460138239.9,1529.2688808428493,196036460097949.72,1529.2688811571509,196036460139172.44,1529.268880835575,196036460097017.16,1529.2688811644257
0.004424999999999904,0.0,-0.0005917158199293442,-0.000591664364505681,0.0,-0.030695224640090522,-0.03209970536646515,0.0,3.2254894515641054e-24,5.254801255186686e-24,78241169.5439948,0.0,-8.741208483877515e-05,8.740005254755536e-05,0.0,-0.707155449557152,0.7070581094659915,-13522104.64881619,1730060.7786217995,338706.20757876476,-11453337.662615627,196036460118094.8,1529.268881,196036460118094.8,1529.268881,196036460138166.66,1529.268880843421,196036460098023.0,1529.268881156579,196036460139085.03,1529.2688808362566,196036460097104.56,1529.2688811637438
0.004429999999999904,0.0,-0.0005918687372982397,-0.0005918241979050336,0.0,-0.030583473779104104,-0.03196667987052974,0.0,3.216948869242159e-24,5.2362267276565094e-24,78238017.90737991,0.0,-8.741951052907661e-05,8.740915988052111e-05,0.0,-0.7071486438689892,0.7070649160255721,-13520753.068785816,1730224.3996904523,338842.43507752335,-11451686.23401784,196036460118094.8,1529.268881,196036460118094.8,1529.268881,196036460138093.56,1529.268880843991,196036460098096.06,1529.268881156009,196036460138998.06,1529.268880836935,196036460097191.56,1529.268881163065
0.004434999999999903,0.0,-0.0005920210973923227,-0.000591983369394588,0.0,-0.03047201881659825,-0.03183429791086227,0.0,3.208366791385583e-24,5.21779883917333e-24,78234873.82113694,0.0,-8.742690657539199e-05,8.741821230467038e-05,0.0,-0.7071419415900272,0.7070716190346537,-13519406.537261557,1730387.184139281,338978.1282112235,-11450041.224911053,196036460118094.8,1529.268881,196036460118094.8,1529.268881,196036460138020.72,1529.2688808445594,196036460098168.94,1529.2688811554408,196036460138911.47,1529.2688808376106,196036460097278.12,1529.2688811623898
0.004439999999999903,0.0,-0.0005921729016982738,-0.0005921418821666229,0.0,-0.030360861190234376,-0.03170255440698115,0.0,3.199744421896249e-24,5.199515628429142e-24,78231737.2957091,0.0,-8.743427297072755e-05,8.742721029694453e-05,0.0,-0.707135340727348,0.7070782204922009,-13518065.037888251,1730549.1366118612,339113.28911932337,-11448402.612157065,196036460118094.8,1529.268881,196036460118094.8,1529.268881,196036460137948.0,1529.2688808451267,196036460098241.62,1529.2688811548737,196036460138825.34,1529.2688808382823,196036460097364.28,1529.2688811617177
0.004444999999999903,0.0,-0.0005923241517097537,-0.0005922997393883547,0.0,-0.030250002295963307,-0.0315714443463566,0.0,3.191084194934895e-24,5.181374502169997e-24,78228608.33648935,0.0,-8.744160978922703e-05,8.743615425872552e-05,0.0,-0.7071288399226008,0.7070847217623337,-13516728.55233675,1730710.2618073076,339247.9197590841,-11446770.370770361,196036460118094.8,1529.268881,196036460118094.8,1529.268881,196036460137875.5,1529.2688808456921,196036460098314.12,1529.268881154308,196036460138739.62,1529.2688808389512,196036460097450.03,1529.268881161049
0.004449999999999903,0.0,-0.0005924748489269806,-0.0005924569442023862,0.0,-0.030139443445401513,-0.031440962806305185,0.0,3.1823879395694392e-24,5.1633732366085464e-24,78225486.95019737,0.0,-8.744891709424353e-05,8.744504463728549e-05,0.0,-0.7071224375890465,0.7070911244373846,-13515397.063241296,1730870.5647723172,339382.02215958474,-11445144.476309396,196036460118094.8,1529.268881,196036460118094.8,1529.268881,196036460137803.22,1529.2688808462558,196036460098386.4,1529.2688811537444,196036460138654.28,1529.268880839617,196036460097535.34,1529.2688811603834
0.004454999999999903,0.0,-0.0005926249948564146,-0.0005926134997270921,0.0,-0.030029185886795255,-0.03131110494118917,0.0,3.1736567430119504e-24,5.145510139232331e-24,78222373.14540471,0.0,-8.745619485088251e-05,8.745388186521215e-05,0.0,-0.7071161318029836,0.7070974304464595,-13514070.553638581,1731030.0494361627,339515.59837328596,-11443524.905829133,196036460118094.8,1529.268881,196036460118094.8,1529.268881,196036460137731.1,1529.2688808468185,196036460098458.53,1529.2688811531816,196036460138569.38,1529.2688808402793,196036460097620.25,1529.2688811597209
0.004459999999999902,0.0,-0.0005927745910105682,-0.0005927694090569122,0.0,-0.029919230830723082,-0.0311818659640099,0.0,3.1648929783042146e-24,5.1277826899191514e-24,78219266.92615566,0.0,-8.746344318045784e-05,8.746266635699357e-05,0.0,-0.7071099213462477,0.7071036410129022,-13512749.005524227,1731188.7210952067,339648.6503511407,-11441911.63407788,196036460118094.8,1529.268881,196036460118094.8,1529.268881,196036460137659.2,1529.2688808473795,196036460098530.4,1529.268881152621,196036460138484.84,1529.2688808409387,196036460097704.78,1529.2688811590615
0.004464999999999902,0.0,-0.000592923638907596,-0.0005929246752627876,0.0,-0.029809579405546703,-0.031053241175081313,0.0,3.1560977671109555e-24,5.110189175965015e-24,78216168.29998858,0.0,-8.747066209636985e-05,8.747139856025346e-05,0.0,-0.7071038044312699,0.7071097579292936,-13511432.402206535,1731346.5843059616,339781.1801462354,-11440304.637754336,196036460118094.8,1529.268881,196036460118094.8,1529.268881,196036460137587.5,1529.2688808479388,196036460098602.12,1529.2688811520616,196036460138400.75,1529.2688808415946,196036460097788.88,1529.2688811584055
0.004469999999999902,0.0,-0.0005930721400710998,-0.0005930793013924579,0.0,-0.029700232700766462,-0.030925225934055972,0.0,3.147272827862682e-24,5.092727411804955e-24,78213077.27322808,0.0,-8.747785165640592e-05,8.748007887355353e-05,0.0,-0.7070977796490495,0.7071157826094565,-13510120.726632576,1731503.6435789042,339913.18976896035,-11438703.893284712,196036460118094.8,1529.268881,196036460118094.8,1529.268881,196036460137516.03,1529.2688808484963,196036460098673.62,1529.2688811515036,196036460138317.06,1529.2688808422474,196036460097872.56,1529.2688811577527
0.004474999999999902,0.0,-0.0005932200960298315,-0.0005932332904708394,0.0,-0.029591191746345644,-0.030797815676307908,0.0,3.1384201299881396e-24,5.075395413983427e-24,78209993.8483915,0.0,-8.748501190549546e-05,8.748870766381248e-05,0.0,-0.7070918456672468,0.7071217163903867,-13508813.960064767,1731659.9029842978,340044.6810723797,-11437109.376008088,196036460118094.8,1529.268881,196036460118094.8,1529.268881,196036460137444.7,1529.2688808490527,196036460098744.9,1529.2688811509477,196036460138233.72,1529.2688808428977,196036460097955.9,1529.2688811571027
0.004479999999999902,0.0,-0.0005933675083173516,-0.0005933866455003691,0.0,-0.029482457504014386,-0.030671005905930294,0.0,3.1295404470241894e-24,5.058191359171467e-24,78206918.03559193,0.0,-8.749214289307391e-05,8.749728539278672e-05,0.0,-0.7070860007892171,0.7071275609732033,-13507512.087746948,1731815.3675758014,340175.65624293155,-11435521.063928215,196036460118094.8,1529.268881,196036460118094.8,1529.268881,196036460137373.6,1529.2688808496073,196036460098816.03,1529.2688811503929,196036460138150.8,1529.2688808435444,196036460098038.8,1529.2688811564556
0.004484999999999901,0.0,-0.0005935143784718951,-0.0005935393694613201,0.0,-0.029374030908702723,-0.03054479219018766,0.0,3.120635560501221e-24,5.0411135839290614e-24,78203849.83573586,0.0,-8.749924466164803e-05,8.750581243961361e-05,0.0,-0.7070802436249751,0.7071333177522084,-13506215.09067426,1731970.0415210375,340306.1170876785,-11433938.932065543,196036460118094.8,1529.268881,196036460118094.8,1529.268881,196036460137302.7,1529.2688808501605,196036460098886.94,1529.2688811498394,196036460138068.28,1529.2688808441883,196036460098121.34,1529.2688811558119
0.004489999999999901,0.0,-0.0005936607080360631,-0.00059369146531209,0.0,-0.029265912833617486,-0.030419170153976376,0.0,3.1117069493770914e-24,5.0241599713200194e-24,78200789.25505497,0.0,-8.750631730910759e-05,8.751428921440632e-05,0.0,-0.7070745728838815,0.707138988022211,-13504922.95276855,1732123.929842474,340436.0656557453,-11432362.95727033,196036460118094.8,1529.268881,196036460118094.8,1529.268881,196036460137232.0,1529.2688808507119,196036460098957.62,1529.268881149288,196036460137986.16,1529.2688808448288,196036460098203.5,1529.2688811551711
0.004494999999999901,0.0,-0.0005938064985565668,-0.0005938429359895677,0.0,-0.029158104100725276,-0.030294135495536542,0.0,3.102756066941288e-24,5.0073289156218896e-24,78197736.29622775,0.0,-8.75133608406886e-05,8.752271606214744e-05,0.0,-0.7070689871647571,0.7071445731884003,-13503635.655789565,1732277.0360012292,340565.50379761384,-11430793.11599072,196036460118094.8,1529.268881,196036460118094.8,1529.268881,196036460137161.5,1529.268880851262,196036460099028.12,1529.268881148738,196036460137904.34,1529.268880845467,196036460098285.25,1529.2688811545333
0.004499999999999901,0.0,-0.000593951751583975,-0.0005939937844094114,0.0,-0.029050605481641782,-0.03016968396874039,0.0,3.0937839864108586e-24,4.990618487572168e-24,78194690.96650924,0.0,-8.752037536880422e-05,8.753109342816767e-05,0.0,-0.7070634850947588,0.7071500746274824,-13502353.184714573,1732429.365512412,340694.4336310341,-11429229.385571126,196036460118094.8,1529.268881,196036460118094.8,1529.268881,196036460137091.22,1529.2688808518103,196036460099098.4,1529.2688811481898,196036460137823.0,1529.2688808461016,196036460098366.62,1529.2688811538985
0.004504999999999901,0.0,-0.000594096468672529,-0.0005941440134663829,0.0,-0.02894341771079982,-0.030045811394301715,0.0,3.0847921324224483e-24,4.974027240725464e-24,78191653.26698545,0.0,-8.75273609078888e-05,8.75394216582059e-05,0.0,-0.707058065308212,0.7071554937088506,-13501075.521035448,1732580.9219360128,340822.8569605628,-11427671.742138874,196036460118094.8,1529.268881,196036460118094.8,1529.268881,196036460137021.1,1529.2688808523574,196036460099168.5,1529.2688811476432,196036460137742.0,1529.2688808467335,196036460098447.62,1529.2688811532666
0.0045099999999999,0.0,-0.0005942406513798953,-0.000594293626034598,0.0,-0.028836541473274017,-0.029922513643048113,0.0,3.075781858799269e-24,4.9575530008021985e-24,78188623.20442969,0.0,-8.753431755958748e-05,8.754770112403944e-05,0.0,-0.7070527266872275,0.7071608315540086,-13499802.649438536,1732731.7099529386,340950.7758559452,-11426120.163629651,196036460118094.8,1529.268881,196036460118094.8,1529.268881,196036460136951.25,1529.2688808529022,196036460099238.38,1529.268881147098,196036460137661.38,1529.2688808473627,196036460098528.28,1529.2688811526375
0.0045149999999999,0.0,-0.0005943843012669315,-0.0005944426249679037,0.0,-0.028729977407234198,-0.02979978666113763,0.0,3.0667541385840044e-24,4.941194801717399e-24,78185600.77883965,0.0,-8.754124535509093e-05,8.755593223562685e-05,0.0,-0.7070474676757603,0.7071660897224179,-13498534.551727468,1732881.73392494,341078.1921261948,-11424574.625676336,196036460118094.8,1529.268881,196036460118094.8,1529.268881,196036460136881.56,1529.2688808534458,196036460099308.06,1529.2688811465546,196036460137581.1,1529.2688808479886,196036460098608.53,1529.2688811520115
0.0045199999999999,0.0,-0.0005945274198975172,-0.0005945910131000447,0.0,-0.02862372611713798,-0.029677626428199478,0.0,3.0577103135487447e-24,4.924950580002622e-24,78182585.99586713,0.0,-8.754814437206435e-05,8.756411532957555e-05,0.0,-0.7070422872023894,0.7071712692888577,-13497271.212153297,1733030.997947847,341205.1077807217,-11423035.106424728,196036460118094.8,1529.268881,196036460118094.8,1529.268881,196036460136812.1,1529.2688808539876,196036460099377.53,1529.2688811460125,196036460137501.22,1529.2688808486118,196036460098688.4,1529.2688811513883
0.0045249999999999,0.0,-0.000594670008838322,-0.0005947387932450215,0.0,-0.028517788160955723,-0.029556028995354124,0.0,3.0486513021398316e-24,4.908819187307938e-24,78179578.85689192,0.0,-8.755501465572219e-05,8.757225079984553e-05,0.0,-0.7070371838336404,0.7071763716899732,-13496012.613449022,1733179.5063641637,341331.52468640555,-11421501.582398452,196036460118094.8,1529.268881,196036460118094.8,1529.268881,196036460136742.78,1529.2688808545283,196036460099446.8,1529.268881145472,196036460137421.72,1529.268880849232,196036460098767.9,1529.268881150768
0.0045299999999998996,0.0,-0.0005948120696586463,-0.000594885968197289,0.0,-0.028412164064837136,-0.02943499045350799,0.0,3.0395785695368253e-24,4.8927985659170695e-24,78176579.36600806,0.0,-8.756185630368232e-05,8.758033897322186e-05,0.0,-0.70703215661954,0.7071813978788767,-13494758.73959662,1733327.2633702434,341457.4448067311,-11419974.031419646,196036460118094.8,1529.268881,196036460118094.8,1529.268881,196036460136673.75,1529.268880855067,196036460099515.9,1529.268881144933,196036460137342.56,1529.2688808498494,196036460098847.06,1529.2688811501505
0.004534999999999899,0.0,-0.0005949536039301671,-0.0005950325407321133,0.0,-0.028306854304169064,-0.029314506964859467,0.0,3.0304932763654683e-24,4.876887625421607e-24,78173587.52154273,0.0,-8.756866938704166e-05,8.758838023396514e-05,0.0,-0.7070272042715189,0.707186349147097,-13493509.572461486,1733474.2734690052,341582.8699108864,-11418452.429081595,196036460118094.8,1529.268881,196036460118094.8,1529.268881,196036460136604.88,1529.2688808556043,196036460099584.75,1529.2688811443961,196036460137263.78,1529.2688808504643,196036460098925.84,1529.2688811495361
0.004539999999999899,0.0,-0.0005950946132267377,-0.0005951785136057602,0.0,-0.028201859314127112,-0.02919457472938544,0.0,3.0213959497114567e-24,4.8610848162559694e-24,78170603.33060269,0.0,-8.757545394621412e-05,8.759637494087603e-05,0.0,-0.7070223254805185,0.7071912268065261,-13492265.097511148,1733620.540607892,341707.8020687152,-11416936.75483454,196036460118094.8,1529.268881,196036460118094.8,1529.268881,196036460136536.2,1529.26888085614,196036460099653.4,1529.2688811438604,196036460137185.34,1529.268880851076,196036460099004.25,1529.2688811489245
0.004544999999999899,0.0,-0.0005952350991242959,-0.0005953238895557639,0.0,-0.028097179511625384,-0.029075190000749297,0.0,3.0122882249749526e-24,4.845388283552925e-24,78167626.79358019,0.0,-8.758221009450393e-05,8.760432340910724e-05,0.0,-0.7070175194085568,0.7071960316979804,-13491025.297683071,1733766.0690237477,341832.2431195449,-11415426.985539779,196036460118094.8,1529.268881,196036460118094.8,1529.268881,196036460136467.78,1529.2688808566736,196036460099721.84,1529.2688811433266,196036460137107.28,1529.268880851685,196036460099082.34,1529.2688811483154
0.004549999999999899,0.0,-0.0005953750632005804,-0.0005954686713012484,0.0,-0.027992815256917634,-0.028956349096878487,0.0,3.003170486337748e-24,4.829797231452259e-24,78164657.91222008,0.0,-8.758893785034898e-05,8.761222602273253e-05,0.0,-0.7070127845569795,0.7072007653226814,-13489790.156522632,1733910.862696969,341956.19494458527,-11413923.098881075,196036460118094.8,1529.268881,196036460118094.8,1529.268881,196036460136399.53,1529.268880857206,196036460099790.1,1529.268881142794,196036460137029.6,1529.268880852291,196036460099160.06,1529.268881147709
0.0045549999999998985,0.0,-0.0005955145070350651,-0.0005956128615430647,0.0,-0.027888766896947182,-0.028838048363273958,0.0,2.9940441800261486e-24,4.81431010278273e-24,78161696.68546714,0.0,-8.759563731371492e-05,8.762008310325055e-05,0.0,-0.7070081200094351,0.707205428599586,-13488559.656655962,1734054.925795472,342079.6593338609,-11412425.07152663,196036460118094.8,1529.268881,196036460118094.8,1529.268881,196036460136331.47,1529.268880857737,196036460099858.16,1529.2688811422631,196036460136952.2,1529.2688808528947,196036460099237.4,1529.2688811471057
0.004559999999999898,0.0,-0.0005956534322087079,-0.0005957564629640616,0.0,-0.02778503472855114,-0.02872028419938668,0.0,2.984910255260137e-24,4.79892519159246e-24,78158743.11714566,0.0,-8.760230859337505e-05,8.762789499629026e-05,0.0,-0.7070035247882357,0.70721002250888,-13487333.783093821,1734198.2628132822,342202.6382729262,-11410932.882007612,196036460118094.8,1529.268881,196036460118094.8,1529.268881,196036460136263.66,1529.268880858266,196036460099925.97,1529.2688811417343,196036460136875.2,1529.2688808534954,196036460099314.4,1529.268881146505
0.004564999999999898,0.0,-0.0005957918403037862,-0.0005958994782293805,0.0,-0.027681619015679792,-0.028603053063772328,0.0,2.9757693413691544e-24,4.783641562618515e-24,78155797.20765904,0.0,-8.760895170488984e-05,8.763566202740204e-05,0.0,-0.706998997620984,0.7072145483252759,-13486112.518995276,1734340.877123439,342325.13357592636,-11409446.508295912,196036460118094.8,1529.268881,196036460118094.8,1529.268881,196036460136196.03,1529.2688808587934,196036460099993.6,1529.2688811412065,196036460136798.53,1529.2688808540936,196036460099391.06,1529.268881145907
0.004569999999999898,0.0,-0.0005959297329037886,-0.0005960419099866174,0.0,-0.027578520000479563,-0.028486351447389858,0.0,2.9666223481915248e-24,4.7684580366237376e-24,78152858.9564203,0.0,-8.761556674599663e-05,8.76433845584162e-05,0.0,-0.7069945374211389,0.7072190071375839,-13484895.847861791,1734482.773271364,342447.1470756739,-11407965.927514754,196036460118094.8,1529.268881,196036460118094.8,1529.268881,196036460136128.6,1529.2688808593198,196036460100061.0,1529.2688811406808,196036460136722.25,1529.2688808546886,196036460099467.38,1529.2688811453118
0.004574999999999898,0.0,-0.0005960671115932565,-0.0005961837608660276,0.0,-0.027475737893574454,-0.028370175882054278,0.0,2.9574703229758366e-24,4.753372857616586e-24,78149928.36647455,0.0,-8.762215380855806e-05,8.765106288280857e-05,0.0,-0.7069901433547382,0.7072233997820256,-13483683.754502334,1734623.9550678693,342568.680706716,-11406491.118727747,196036460118094.8,1529.268881,196036460118094.8,1529.268881,196036460136061.38,1529.268880859844,196036460100128.22,1529.2688811401565,196036460136646.28,1529.2688808552812,196036460099543.34,1529.268881144719
0.0045799999999998975,0.0,-0.000596203977957603,-0.0005963250334808297,0.0,-0.027373272869305326,-0.028254522960418978,0.0,2.9483141556091173e-24,4.73838486716238e-24,78147005.43700175,0.0,-8.762871297834006e-05,8.765869733473095e-05,0.0,-0.7069858143995662,0.7072277272829326,-13482476.22243512,1734764.426666161,342689.736281042,-11405022.05948792,196036460118094.8,1529.268881,196036460118094.8,1529.268881,196036460135994.4,1529.2688808603664,196036460100195.22,1529.2688811396338,196036460136570.66,1529.2688808558712,196036460099618.97,1529.268881144129
0.004584999999999897,0.0,-0.000596340333582959,-0.0005964657304274061,0.0,-0.027271125071181852,-0.028139389315272677,0.0,2.9391544344196134e-24,4.723493252358557e-24,78144090.16663128,0.0,-8.763524430565283e-05,8.766628825448431e-05,0.0,-0.7069815493660281,0.70723199083187,-13481273.234959524,1734904.1919295865,342810.31558088475,-11403558.727449054,196036460118094.8,1529.268881,196036460118094.8,1529.268881,196036460135927.62,1529.2688808608873,196036460100262.03,1529.2688811391126,196036460136495.38,1529.2688808564585,196036460099694.25,1529.2688811435419
0.004589999999999897,0.0,-0.0005964761800560706,-0.0005966058542854439,0.0,-0.027169294622330385,-0.028024771607568055,0.0,2.929992204053569e-24,4.708696435863453e-24,78141182.5563479,0.0,-8.7641747877955e-05,8.767383592117214e-05,0.0,-0.7069773474617783,0.7072361912232067,-13480074.776394216,1735043.25448342,342930.420465512,-11402101.101445284,196036460118094.8,1529.268881,196036460118094.8,1529.268881,196036460135861.03,1529.2688808614068,196036460100328.6,1529.2688811385933,196036460136420.4,1529.2688808570433,196036460099769.22,1529.2688811429568
0.004594999999999897,0.0,-0.000596611518964119,-0.0005967454076182084,0.0,-0.027067781609684288,-0.027910666552906648,0.0,2.9208277766354534e-24,4.6939937833196764e-24,78138282.6049869,0.0,-8.764822376019311e-05,8.76813407090847e-05,0.0,-0.7069732074201636,0.7072403297253675,-13478880.830676198,1735181.6186724822,343050.05275037786,-11400649.159253336,196036460118094.8,1529.268881,196036460118094.8,1529.268881,196036460135794.62,1529.268880861925,196036460100395.0,1529.2688811380754,196036460136345.8,1529.2688808576252,196036460099843.8,1529.268881142375
0.004599999999999897,0.0,-0.0005967463518946659,-0.0005968843929726527,0.0,-0.026966586109363002,-0.02779707088886803,0.0,2.9116625448714178e-24,4.6793833877832964e-24,78135390.31289306,0.0,-8.765467208720961e-05,8.768880287956695e-05,0.0,-0.7069691287125339,0.7072444068689696,-13477691.382306824,1735319.2884153065,343169.21428836946,-11399202.879603148,196036460118094.8,1529.268881,196036460118094.8,1529.268881,196036460135728.47,1529.268880862441,196036460100461.16,1529.2688811375592,196036460136271.5,1529.2688808582047,196036460099918.1,1529.2688811417956
0.0046049999999998965,0.0,-0.000596880680435412,-0.0005970228128797482,0.0,-0.026865708149234033,-0.027683981419100105,0.0,2.9024967424513547e-24,4.664864558972558e-24,78132505.6798725,0.0,-8.766109289516037e-05,8.769622276342563e-05,0.0,-0.7069651101323672,0.7072484238621743,-13476506.415568003,1735456.2673416007,343287.906903169,-11397762.241323233,196036460118094.8,1529.268881,196036460118094.8,1529.268881,196036460135662.5,1529.2688808629555,196036460100527.12,1529.2688811370447,196036460136197.6,1529.2688808587814,196036460099992.06,1529.2688811412186
0.004609999999999896,0.0,-0.0005970145061741574,-0.0005971606698546041,0.0,-0.02676514774906843,-0.027571394971166376,0.0,2.893331413505317e-24,4.650436219011823e-24,78129628.70195444,0.0,-8.766748627624221e-05,8.770360065280321e-05,0.0,-0.7069611508556082,0.7072523815307474,-13475325.913409127,1735592.5592529557,343406.1322916247,-11396327.221864548,196036460118094.8,1529.268881,196036460118094.8,1529.268881,196036460135596.75,1529.2688808634684,196036460100592.88,1529.2688811365317,196036460136123.94,1529.268880859356,196036460100065.66,1529.2688811406445
0.004614999999999896,0.0,-0.0005971478306986197,-0.000597297966396654,0.0,-0.026664904892462128,-0.027459308409974625,0.0,2.8841669049299134e-24,4.636097262982403e-24,78126759.38090289,0.0,-8.767385229653338e-05,8.771093685676381e-05,0.0,-0.7069572498850315,0.7072562808734844,-13474149.861263294,1735728.1678601138,343523.892355245,-11394897.801047936,196036460118094.8,1529.268881,196036460118094.8,1529.268881,196036460135531.2,1529.26888086398,196036460100658.44,1529.2688811360201,196036460136050.62,1529.2688808599278,196036460100138.97,1529.2688811400726
0.004619999999999896,0.0,-0.0005972806555963747,-0.0005974347049898475,0.0,-0.026564979550992428,-0.027347718638713825,0.0,2.8750041360285023e-24,4.621846409940417e-24,78123897.71494123,0.0,-8.76801910840983e-05,8.771823168384912e-05,0.0,-0.7069534064759675,0.7072601226366615,-13472978.243541475,1735863.0974820594,343641.1888958431,-11393473.95716357,196036460118094.8,1529.268881,196036460118094.8,1529.268881,196036460135465.88,1529.2688808644896,196036460100723.78,1529.2688811355104,196036460135977.7,1529.268880860497,196036460100211.94,1529.2688811395033
0.004624999999999896,0.0,-0.0005974129824546966,-0.0005975708881028722,0.0,-0.026465371664386284,-0.02723662260495276,0.0,2.8658438216098272e-24,4.6076828431423145e-24,78121043.70022042,0.0,-8.768650269501795e-05,8.772548541282841e-05,0.0,-0.7069496197138352,0.7072639077363301,-13471811.043442667,1735997.3514308992,343758.02359970886,-11392055.66841206,196036460118094.8,1529.268881,196036460118094.8,1529.268881,196036460135400.72,1529.2688808649978,196036460100788.9,1529.2688811350024,196036460135905.03,1529.2688808610637,196036460100284.6,1529.2688811389364
0.0046299999999998955,0.0,-0.0005975448128604345,-0.000597706518189295,0.0,-0.02636608114760527,-0.027126017284557245,0.0,2.8566861950166037e-24,4.5936055980726714e-24,78118197.33759148,0.0,-8.769278721799065e-05,8.773269837483976e-05,0.0,-0.7069458886049107,0.707267637167581,-13470648.246671805,1736130.933859944,343874.3983594049,-11390642.914452458,196036460118094.8,1529.268881,196036460118094.8,1529.268881,196036460135335.8,1529.2688808655041,196036460100853.84,1529.2688811344958,196036460135832.72,1529.2688808616276,196036460100356.9,1529.2688811383723
0.004634999999999895,0.0,-0.0005976761483999722,-0.0005978415976877291,0.0,-0.026267107907526524,-0.027015899686809862,0.0,2.8475324427090893e-24,4.5796135661912436e-24,78115358.62138082,0.0,-8.769904473529612e-05,8.773987080649753e-05,0.0,-0.7069422125110044,0.7072713115700692,-13469489.835885962,1736263.8479233948,343990.31479253474,-11389235.673170034,196036460118094.8,1529.268881,196036460118094.8,1529.268881,196036460135271.06,1529.268880866009,196036460100918.56,1529.268881133991,196036460135760.7,1529.2688808621897,196036460100428.9,1529.2688811378107
0.004639999999999895,0.0,-0.0005978069906590218,-0.0005979761290220261,0.0,-0.026168451809920872,-0.02690626685939988,0.0,2.8383825115578914e-24,4.565705833085234e-24,78112527.55400953,0.0,-8.770527532897455e-05,8.774700304442306e-05,0.0,-0.7069385903902368,0.7072749319868936,-13468335.797712404,1736396.0977631146,344105.7748502017,-11387833.92509909,196036460118094.8,1529.268881,196036460118094.8,1529.268881,196036460135206.56,1529.2688808665123,196036460100983.1,1529.2688811334874,196036460135689.0,1529.2688808627488,196036460100500.6,1529.2688811372516
0.004644999999999895,0.0,-0.0005979373412226338,-0.0005981101146014346,0.0,-0.026070112722399886,-0.02679711588169745,0.0,2.829237498507736e-24,4.5518814647509556e-24,78109704.12865391,0.0,-8.771147909613227e-05,8.775409534807313e-05,0.0,-0.7069350215728806,0.7072784990891148,-13467186.114803677,1736527.6869062623,344220.7801284711,-11386437.647768945,196036460118094.8,1529.268881,196036460118094.8,1529.268881,196036460135142.22,1529.2688808670143,196036460101047.38,1529.268881132986,196036460135617.66,1529.2688808633054,196036460100571.97,1529.2688811366947
0.004649999999999895,0.0,-0.0005980672016750066,-0.0005982435568207617,0.0,-0.025972090474570185,-0.026688443865432395,0.0,2.8200979795594074e-24,4.538139084220491e-24,78106888.34614557,0.0,-8.77176561405807e-05,8.776114798188588e-05,0.0,-0.7069315053964969,0.7072820135404566,-13466040.77316045,1736658.6189957096,344335.33250223513,-11385046.821662506,196036460118094.8,1529.268881,196036460118094.8,1529.268881,196036460135078.16,1529.268880867514,196036460101111.47,1529.268881132486,196036460135546.56,1529.26888086386,196036460100643.06,1529.2688811361402
0.0046549999999998945,0.0,-0.000598196573599387,-0.000598376458060612,0.0,-0.025874384876082176,-0.02658024797004119,0.0,2.8109640047604807e-24,4.524478525321754e-24,78104080.20146526,0.0,-8.772380651981804e-05,8.776816128789404e-05,0.0,-0.7069280406996178,0.7072854765033705,-13464899.756667683,1736788.8979842828,344449.4336535122,-11383661.425029889,196036460118094.8,1529.268881,196036460118094.8,1529.268881,196036460135014.25,1529.2688808680125,196036460101175.38,1529.2688811319877,196036460135475.84,1529.2688808644116,196036460100713.78,1529.2688811355886
0.004659999999999894,0.0,-0.0005983254585780613,-0.0005985088206874156,0.0,-0.02577699573485231,-0.026472525360717546,0.0,2.801836615670591e-24,4.510898229707859e-24,78101279.6929739,0.0,-8.772993033157958e-05,8.777513546726672e-05,0.0,-0.7069246270509734,0.7072888884104163,-13463763.05024505,1736918.5268285582,344563.0853424682,-11382281.438074024,196036460118094.8,1529.268881,196036460118094.8,1529.268881,196036460134950.56,1529.2688808685093,196036460101239.06,1529.2688811314908,196036460135405.4,1529.2688808649611,196036460100784.25,1529.2688811350388
0.004664999999999894,0.0,-0.0005984538581921749,-0.0005986406470536988,0.0,-0.02567992282271098,-0.02636527325664593,0.0,2.792716222187689e-24,4.497397675675766e-24,78098486.8151667,0.0,-8.773602767226124e-05,8.778207083588602e-05,0.0,-0.7069212635520009,0.7072922501611639,-13462630.637915501,1737047.5096074864,344676.28924146947,-11380906.839066545,196036460118094.8,1529.268881,196036460118094.8,1529.268881,196036460134887.1,1529.2688808690045,196036460101302.53,1529.2688811309959,196036460135335.25,1529.2688808655084,196036460100854.38,1529.2688811344917
0.004669999999999894,0.0,-0.0005985817740216613,-0.0005987719394981742,0.0,-0.02558316589728719,-0.026258488895085804,0.0,2.783603274558655e-24,4.483975850934677e-24,78095701.56626818,0.0,-8.774209862314238e-05,8.778896765093817e-05,0.0,-0.7069179494800432,0.7072955624793154,-13461502.50500533,1737175.8496694712,344789.04712513706,-11379537.608210722,196036460118094.8,1529.268881,196036460118094.8,1529.268881,196036460134823.8,1529.2688808694982,196036460101365.78,1529.2688811305025,196036460135265.4,1529.2688808660535,196036460100924.2,1529.268881133947
0.004674999999999894,0.0,-0.0005987092076451643,-0.0005989027003459161,0.0,-0.025486724700610607,-0.026152169548368655,0.0,2.774497785175925e-24,4.470631977947757e-24,78092923.94599894,0.0,-8.774814326937824e-05,8.779582621880776e-05,0.0,-0.7069146839302138,0.7072988262706547,-13460378.637838274,1737303.5508883544,344901.3608440734,-11378173.726105848,196036460118094.8,1529.268881,196036460118094.8,1529.268881,196036460134760.78,1529.2688808699897,196036460101428.88,1529.26888113001,196036460135195.9,1529.2688808665955,196036460100993.72,1529.2688811334046
0.0046799999999998934,0.0,-0.0005988361606400357,-0.0005990329319084949,0.0,-0.025390598974281548,-0.026046312515764624,0.0,2.7654009807697804e-24,4.457365243069842e-24,78090153.94431347,0.0,-8.775416170927164e-05,8.780264676124708e-05,0.0,-0.7069114663918701,0.7073020420468868,-13459259.018537296,1737430.6164303164,345013.2318745139,-11376815.170232465,196036460118094.8,1529.268881,196036460118094.8,1529.268881,196036460134697.94,1529.2688808704802,196036460101491.72,1529.2688811295197,196036460135126.7,1529.2688808671355,196036460101062.94,1529.2688811328646
0.004684999999999893,0.0,-0.0005989626345821227,-0.0005991626364841185,0.0,-0.025294788417398822,-0.025940915124733555,0.0,2.7563128516690753e-24,4.4441748122993625e-24,78087391.56111959,0.0,-8.776015402867831e-05,8.780942957178857e-05,0.0,-0.7069082960153747,0.7073052106584817,-13458143.633706547,1737557.0500490167,345124.6620704723,-11375461.921587057,196036460118094.8,1529.268881,196036460118094.8,1529.268881,196036460134635.25,1529.268880870969,196036460101554.38,1529.2688811290311,196036460135057.78,1529.2688808676728,196036460101131.88,1529.268881132327
0.004689999999999893,0.0,-0.0005990886310457697,-0.0005992918163577767,0.0,-0.02519929272939631,-0.025835974731630244,0.0,2.747234406810832e-24,4.43105966431058e-24,78084636.78951848,0.0,-8.776612032754215e-05,8.781617486367232e-05,0.0,-0.7069051723315677,0.7073083325756007,-13457032.46698623,1737682.8548427087,345235.65301822283,-11374113.959125297,196036460118094.8,1529.268881,196036460118094.8,1529.268881,196036460134572.84,1529.268880871456,196036460101616.8,1529.268881128544,196036460134989.12,1529.2688808682087,196036460101200.5,1529.2688811317917
0.004694999999999893,0.0,-0.0005992141516036434,-0.0005994204738014176,0.0,-0.025104111574752088,-0.025731488728194526,0.0,2.7381653136994336e-24,4.41801931181855e-24,78081889.62887901,0.0,-8.77720606870849e-05,8.782288296525137e-05,0.0,-0.7069020943325443,0.7073114088068018,-13455925.505158706,1737808.0348640198,345346.206566963,-11372771.263727723,196036460118094.8,1529.268881,196036460118094.8,1529.268881,196036460134510.6,1529.2688808719415,196036460101679.03,1529.2688811280586,196036460134920.8,1529.2688808687415,196036460101268.8,1529.2688811312587
0.004699999999999893,0.0,-0.0005993391978267907,-0.0005995486110740328,0.0,-0.02500924462946393,-0.025627454523048782,0.0,2.729106289771823e-24,4.4050528564576974e-24,78079150.07349476,0.0,-8.77779751905751e-05,8.782955409613527e-05,0.0,-0.7068990614569084,0.7073144399143437,-13454822.732556054,1737932.593109377,345456.32434240606,-11371433.815104272,196036460118094.8,1529.268881,196036460118094.8,1529.268881,196036460134448.56,1529.2688808724254,196036460101741.1,1529.2688811275746,196036460134852.8,1529.268880869272,196036460101336.84,1529.268881130728
0.004704999999999892,0.0,-0.0005994637712845141,-0.0005996762304218125,0.0,-0.02491469154467317,-0.025523869555940333,0.0,2.720057790520202e-24,4.392159840128551e-24,78076418.11583428,0.0,-8.778386390854798e-05,8.783618850980899e-05,0.0,-0.7068960729558321,0.7073174266477695,-13453724.133002076,1738056.532784626,345566.0079163828,-11370101.592301067,196036460118094.8,1529.268881,196036460118094.8,1529.268881,196036460134386.7,1529.2688808729083,196036460101802.94,1529.268881127092,196036460134785.06,1529.2688808698003,196036460101404.56,1529.2688811301998
0.004709999999999892,0.0,-0.0005995878735442927,-0.0005998033340782249,0.0,-0.024820451955740067,-0.02542073128248788,0.0,2.7110207048808335e-24,4.3793384942443314e-24,78073693.75532167,0.0,-8.778972701456164e-05,8.784278642812686e-05,0.0,-0.7068931286231709,0.7073203692142234,-13452629.693604881,1738179.8578018085,345675.25913408556,-11368774.576668985,196036460118094.8,1529.268881,196036460118094.8,1529.268881,196036460134325.1,1529.2688808733888,196036460101864.53,1529.2688811266116,196036460134717.6,1529.2688808703267,196036460101472.03,1529.2688811296732
0.004714999999999892,0.0,-0.0005997115061716289,-0.0005999299242643229,0.0,-0.024726525467226663,-0.025318037219584883,0.0,2.7019945935036603e-24,4.366589221050328e-24,78070976.98443626,0.0,-8.779556453134586e-05,8.784934817491631e-05,0.0,-0.7068902272348544,0.7073232688381288,-13451539.398550801,1738302.5715902548,345784.07957859227,-11367452.747381954,196036460118094.8,1529.268881,196036460118094.8,1529.268881,196036460134263.7,1529.2688808738676,196036460101925.97,1529.2688811261323,196036460134650.44,1529.2688808708506,196036460101539.16,1529.2688811291498
0.004719999999999892,0.0,-0.0005998346707301235,-0.0006000560031886738,0.0,-0.024632911698916782,-0.025215784870188558,0.0,2.692980258243447e-24,4.353910787249157e-24,78068267.79888564,0.0,-8.780137655513405e-05,8.785587393464735e-05,0.0,-0.7068873684242987,0.7073261258868995,-13450453.233142095,1738424.676926977,345892.4709188336,-11366136.085296284,196036460118094.8,1529.268881,196036460118094.8,1529.268881,196036460134202.44,1529.2688808743453,196036460101987.2,1529.2688811256548,196036460134583.6,1529.2688808713722,196036460101606.03,1529.268881128628
0.004724999999999892,0.0,-0.0005999573687813375,-0.0006001815730475737,0.0,-0.024539610242813058,-0.025113971779985145,0.0,2.6839779217868448e-24,4.341302597073816e-24,78065566.1934187,0.0,-8.780716320835065e-05,8.786236400154651e-05,0.0,-0.706884551488815,0.7073289410638145,-13449371.18306177,1738546.1779347095,346000.43484633835,-11364824.570280721,196036460118094.8,1529.268881,196036460118094.8,1529.268881,196036460134141.47,1529.268880874821,196036460102048.2,1529.268881125179,196036460134517.03,1529.2688808718913,196036460101672.6,1529.268881128109
0.004729999999999891,0.0,-0.0006000796018847535,-0.0006003066360251502,0.0,-0.024446620683202882,-0.025012595515301928,0.0,2.6749881953904055e-24,4.328763778763401e-24,78062872.16216406,0.0,-8.781292454710559e-05,8.786881855032708e-05,0.0,-0.7068817759399579,0.7073317148580087,-13448293.232982298,1738667.0768969862,346107.9729550326,-11363518.18313028,196036460118094.8,1529.268881,196036460118094.8,1529.268881,196036460134080.66,1529.2688808752953,196036460102109.0,1529.2688811247044,196036460134450.72,1529.2688808724088,196036460101738.9,1529.2688811275916
0.004734999999999891,0.0,-0.0006002013715976695,-0.0006004311942935136,0.0,-0.02435394258319594,-0.02491165367266938,0.0,2.6660108962866813e-24,4.316294261072128e-24,78060185.6985482,0.0,-8.781866066042233e-05,8.787523790276256e-05,0.0,-0.7068790408301896,0.707334448217384,-13447219.368267722,1738787.3778788855,346215.0868893913,-11362216.903499447,196036460118094.8,1529.268881,196036460118094.8,1529.268881,196036460134020.0,1529.2688808757687,196036460102169.6,1529.2688811242317,196036460134384.75,1529.2688808729233,196036460101804.9,1529.2688811270768
0.004739999999999891,0.0,-0.0006003226794752307,-0.000600555250012769,0.0,-0.024261575512234124,-0.024811143851086355,0.0,2.657047035414423e-24,4.303892390249509e-24,78057506.7993504,0.0,-8.782437169973741e-05,8.788162223515959e-05,0.0,-0.7068763460490729,0.7073371412532439,-13446149.575354824,1738907.0841229109,346321.77837495273,-11360920.71285696,196036460118094.8,1529.268881,196036460118094.8,1529.268881,196036460133959.62,1529.2688808762396,196036460102230.0,1529.2688811237606,196036460134319.0,1529.268880873436,196036460101870.62,1529.268881126564
0.004744999999999891,0.0,-0.0006004435270702543,-0.0006006788053313032,0.0,-0.024169519004734154,-0.02471106370684783,0.0,2.64809665526198e-24,4.291558014263695e-24,78054835.45692103,0.0,-8.783005770262223e-05,8.788797178469409e-05,0.0,-0.7068736907828446,0.7073397947797364,-13445083.83876819,1739026.1983476721,346428.0489630631,-11359629.591457454,196036460118094.8,1529.268881,196036460118094.8,1529.268881,196036460133899.44,1529.268880876709,196036460102290.2,1529.2688811232908,196036460134253.53,1529.268880873947,196036460101936.06,1529.2688811260534
0.004749999999999891,0.0,-0.0006005639159332225,-0.0006008018623858107,0.0,-0.0240777725936407,-0.02461141090151611,0.0,2.6391598807070314e-24,4.279290579934236e-24,78052171.66578336,0.0,-8.783571878701152e-05,8.789428683215423e-05,0.0,-0.7068710743661395,0.7073424094626729,-13444022.144606993,1739144.724498653,346533.90033122746,-11358343.519777114,196036460118094.8,1529.268881,196036460118094.8,1529.268881,196036460133839.47,1529.268880877177,196036460102350.2,1529.268881122823,196036460134188.38,1529.2688808744551,196036460102001.25,1529.268881125545
0.00475499999999989,0.0,-0.0006006838476122604,-0.0006009244233013899,0.0,-0.023986335807571906,-0.024512183115819083,0.0,2.6302370652671105e-24,4.2670895717618066e-24,78049515.41833317,0.0,-8.784135502871846e-05,8.79005675992196e-05,0.0,-0.706868496202095,0.7073449858993762,-13442964.477756325,1739262.665519477,346639.3340414445,-11357062.478195403,196036460118094.8,1529.268881,196036460118094.8,1529.268881,196036460133779.66,1529.2688808776436,196036460102409.97,1529.2688811223566,196036460134123.53,1529.268880874961,196036460102066.12,1529.2688811250391
0.00475999999999989,0.0,-0.0006008033236530748,-0.0006010464901916316,0.0,-0.02389520816289787,-0.02441337804834472,0.0,2.621328913757592e-24,4.2549538169126236e-24,78046866.70938173,0.0,-8.784696653990119e-05,8.790681426499982e-05,0.0,-0.7068659560116868,0.7073475243695168,-13441910.824155856,1739380.0242919314,346744.35173666483,-11355786.448127259,196036460118094.8,1529.268881,196036460118094.8,1529.268881,196036460133720.06,1529.2688808781083,196036460102469.56,1529.2688811218918,196036460134058.88,1529.2688808754654,196036460102130.72,1529.268881124535
0.00476499999999989,0.0,-0.0006009223455988327,-0.0006011680651588231,0.0,-0.02380438915156954,-0.02431499343831518,0.0,2.612435134380157e-24,4.2428832311981526e-24,78044225.53274684,0.0,-8.785255338705886e-05,8.791302711179338e-05,0.0,-0.7068634529171064,0.7073500257511169,-13440861.16973141,1739496.8042676894,346848.955049711,-11354515.41041401,196036460118094.8,1529.268881,196036460118094.8,1529.268881,196036460133660.7,1529.2688808785717,196036460102528.94,1529.2688811214284,196036460133994.56,1529.2688808759672,196036460102195.06,1529.2688811240332
0.00476999999999989,0.0,-0.0006010409149902109,-0.0006012891502939625,0.0,-0.023713878275647568,-0.024217027027869438,0.0,2.6035561574861346e-24,4.2308770059947836e-24,78041591.88220319,0.0,-8.785811568075767e-05,8.79192063586254e-05,0.0,-0.7068609864727837,0.7073524904902245,-13439815.500412254,1739613.0087080214,346953.1456031383,-11353249.346101092,196036460118094.8,1529.268881,196036460118094.8,1529.268881,196036460133601.47,1529.2688808790335,196036460102588.16,1529.2688811209666,196036460133930.53,1529.2688808764665,196036460102259.12,1529.2688811235334
0.00477499999999989,0.0,-0.0006011590333653223,-0.0006014097476768983,0.0,-0.02362367502228257,-0.02411947658716219,0.0,2.59469271390292e-24,4.218934371463153e-24,78038965.74863553,0.0,-8.786365351438732e-05,8.792535218277824e-05,0.0,-0.7068585563321159,0.7073549189339655,-13438773.800811967,1739728.640291036,347056.9248953155,-11351988.235625615,196036460118094.8,1529.268881,196036460118094.8,1529.268881,196036460133542.5,1529.2688808794937,196036460102647.12,1529.2688811205064,196036460133866.72,1529.2688808769644,196036460102322.9,1529.2688811230357
0.004779999999999889,0.0,-0.0006012767022595888,-0.0006015298593764634,0.0,-0.023533778853304793,-0.02402233991302011,0.0,2.5858447227691366e-24,4.2070548114621995e-24,78036347.12716612,0.0,-8.786916700810982e-05,8.793146486228686e-05,0.0,-0.7068561618511814,0.7073573117265533,-13437736.057941506,1739843.702957201,347160.29462307546,-11350732.060361229,196036460118094.8,1529.268881,196036460118094.8,1529.268881,196036460133483.75,1529.268880879952,196036460102705.9,1529.268881120048,196036460133803.2,1529.2688808774599,196036460102386.44,1529.2688811225403
0.004784999999999889,0.0,-0.0006013939232057555,-0.0006016494874505642,0.0,-0.023444189233346024,-0.023925614820152184,0.0,2.5770123317361543e-24,4.195238011586497e-24,78033736.00959581,0.0,-8.787465620192592e-05,8.79375445912635e-05,0.0,-0.706853802401205,0.7073596694970377,-13436702.256833158,1739958.1990231182,347263.25630199484,-11349480.801508043,196036460118094.8,1529.268881,196036460118094.8,1529.268881,196036460133425.16,1529.268880880409,196036460102764.47,1529.268881119591,196036460133739.94,1529.2688808779533,196036460102449.7,1529.2688811220469
0.004789999999999889,0.0,-0.0006015106977338651,-0.000601768633946235,0.0,-0.0233549056219225,-0.023829299134160344,0.0,2.5681959465158748e-24,4.183483195869139e-24,78031132.38903409,0.0,-8.78801212160732e-05,8.79435915886263e-05,0.0,-0.706851477576803,0.7073619926512098,-13435672.383638753,1740072.1318447983,347365.8115344374,-11348234.440259518,196036460118094.8,1529.268881,196036460118094.8,1529.268881,196036460133366.78,1529.2688808808643,196036460102822.88,1529.2688811191356,196036460133676.97,1529.2688808784446,196036460102512.66,1529.2688811215555
0.004794999999999889,0.0,-0.0006016270273711877,-0.0006018873008997726,0.0,-0.023265927464494077,-0.023733390707530805,0.0,2.5593955569554828e-24,4.171790051725238e-24,78028536.25818525,0.0,-8.788556211734309e-05,8.794960608088293e-05,0.0,-0.7068491867271669,0.7073642818400875,-13434646.424244637,1740185.5043246697,347467.961890462,-11346992.958029505,196036460118094.8,1529.268881,196036460118094.8,1529.268881,196036460133308.56,1529.2688808813186,196036460102881.06,1529.2688811186815,196036460133614.25,1529.2688808789337,196036460102575.38,1529.2688811210662
0.0047999999999998886,0.0,-0.000601742913642222,-0.0006020054903367905,0.0,-0.023177254206872385,-0.023637887403579645,0.0,2.550612015577301e-24,4.160157432341439e-24,78025947.60923928,0.0,-8.789097906996539e-05,8.795558826416457e-05,0.0,-0.7068469297159773,0.7073665372005493,-13433624.364749104,1740298.3200284187,347569.7089477587,-11345756.335772928,196036460118094.8,1529.268881,196036460118094.8,1529.268881,196036460133250.6,1529.2688808817707,196036460102939.03,1529.2688811182295,196036460133551.8,1529.268880879421,196036460102637.84,1529.268881120579
0.004804999999999888,0.0,-0.0006018583580685487,-0.0006021232042724172,0.0,-0.023088885265332412,-0.023542787125355652,0.0,2.5418447735573973e-24,4.148585609524708e-24,78023366.43435708,0.0,-8.789637207953289e-05,8.796153837848037e-05,0.0,-0.7068447055922628,0.70736875968351,-13432606.190817565,1740410.5813867573,347671.05423833145,-11344524.555192478,196036460118094.8,1529.268881,196036460118094.8,1529.268881,196036460133192.78,1529.2688808822218,196036460102996.8,1529.2688811177786,196036460133489.62,1529.268880879906,196036460102700.0,1529.268881120094
0.004809999999999888,0.0,-0.0006019733621689245,-0.0006022404447112497,0.0,-0.02300082007516379,-0.023448087766490523,0.0,2.5330947552371965e-24,4.137073414297794e-24,78020792.72509412,0.0,-8.790174130076518e-05,8.796745659902716e-05,0.0,-0.7068425142659766,0.707370949379569,-13431591.88836905,1740522.2916640795,347771.9993049272,-11343297.597400043,196036460118094.8,1529.268881,196036460118094.8,1529.268881,196036460133135.2,1529.268880882671,196036460103054.4,1529.2688811173296,196036460133427.66,1529.2688808803894,196036460102761.94,1529.268881119611
0.004814999999999888,0.0,-0.0006020879274591227,-0.0006023572136475552,0.0,-0.02291305803963127,-0.023353787261116556,0.0,2.5243616974851335e-24,4.125620265238698e-24,78018226.47806922,0.0,-8.790708682116088e-05,8.797334315792026e-05,0.0,-0.7068403551478769,0.7073731068781336,-13430581.445383374,1740633.4540232962,347872.5458601091,-11342075.44549997,196036460118094.8,1529.268881,196036460118094.8,1529.268881,196036460133077.84,1529.2688808831183,196036460103111.78,1529.2688811168819,196036460133366.03,1529.2688808808703,196036460102823.62,1529.2688811191297
0.004819999999999888,0.0,-0.0006022020554519783,-0.0006024735130653728,0.0,-0.02282559857111609,-0.023259883563510084,0.0,2.5156458247375225e-24,4.114226351679709e-24,78015667.67929596,0.0,-8.791240868672213e-05,8.797919826546585e-05,0.0,-0.7068382275696654,0.7073752328475843,-13429574.845457915,1740744.071000905,347972.6952272818,-11340858.07922973,196036460118094.8,1529.268881,196036460118094.8,1529.268881,196036460133020.62,1529.2688808835646,196036460103169.0,1529.2688811164355,196036460133304.62,1529.2688808813493,196036460102885.0,1529.2688811186508
0.0048249999999998875,0.0,-0.0006023157476573494,-0.0006025893449384797,0.0,-0.022738441074223646,-0.02316637462138781,0.0,2.506947621583071e-24,4.1028905247734114e-24,78013116.32346813,0.0,-8.791770704432415e-05,8.798502211397853e-05,0.0,-0.7068361313414047,0.7073773274782817,-13428572.076106215,1740854.145953235,348072.4490587922,-11339645.481094189,196036460118094.8,1529.268881,196036460118094.8,1529.268881,196036460132963.66,1529.2688808840091,196036460103225.97,1529.268881115991,196036460133243.47,1529.2688808818264,196036460102946.16,1529.2688811181738
0.004829999999999887,0.0,-0.0006024290055820332,-0.000602704711230591,0.0,-0.022651584936770178,-0.023073258422269594,0.0,2.4982668998073667e-24,4.091612728698588e-24,78010572.40181383,0.0,-8.792298195288137e-05,8.799081493272413e-05,0.0,-0.706834065770903,0.7073793914624419,-13427573.123340718,1740963.6817322834,348171.80886811105,-11338437.632740323,196036460118094.8,1529.268881,196036460118094.8,1529.268881,196036460132906.84,1529.2688808844523,196036460103282.78,1529.2688811155479,196036460133182.6,1529.2688808823011,196036460103007.03,1529.268881117699
0.004834999999999887,0.0,-0.0006025418307297987,-0.0006028196138953691,0.0,-0.022565029553092836,-0.022980532955609295,0.0,2.48960436139743e-24,4.080391833916096e-24,78008035.90702283,0.0,-8.792823354017903e-05,8.799657687431729e-05,0.0,-0.706832030751323,0.7073814249073558,-13426577.97381409,1741072.6811125164,348270.776213821,-11337234.516487753,196036460118094.8,1529.268881,196036460118094.8,1529.268881,196036460132850.25,1529.2688808848936,196036460103339.38,1529.2688811151065,196036460133121.97,1529.268880882774,196036460103067.7,1529.2688811172256
0.004839999999999887,0.0,-0.0006026542246012648,-0.000602934054876619,0.0,-0.02247877429320761,-0.022888196249994976,0.0,2.480959884024998e-24,4.069228081764933e-24,78005506.82699661,0.0,-8.793346185552e-05,8.800230816881566e-05,0.0,-0.7068300255489888,0.7073834285466517,-13425586.612392057,1741181.1468587301,348369.3524910132,-11336036.113042312,196036460118094.8,1529.268881,196036460118094.8,1529.268881,196036460132793.84,1529.2688808853338,196036460103395.78,1529.2688811146666,196036460133061.56,1529.2688808832454,196036460103128.06,1529.2688811167548
0.004844999999999887,0.0,-0.0006027661886939216,-0.0006030480361082473,0.0,-0.0223928185313687,-0.022796246325653222,0.0,2.472333537596812e-24,4.0581205638906724e-24,78002985.15753427,0.0,-8.793866702055843e-05,8.800800902063555e-05,0.0,-0.7068280498245127,0.7073854027199573,-13424599.027359933,1741289.0821976431,348467.5393810898,-11334842.4057812,196036460118094.8,1529.268881,196036460118094.8,1529.268881,196036460132737.66,1529.2688808857722,196036460103452.0,1529.268881114228,196036460133001.44,1529.2688808837145,196036460103188.2,1529.2688811162857
0.0048499999999998865,0.0,-0.0006028777245021187,-0.0006031615595144187,0.0,-0.0223071616394083,-0.02270468123428163,0.0,2.463725488430182e-24,4.0470690686234515e-24,78000470.88779038,0.0,-8.794384911715461e-05,8.801367963499558e-05,0.0,-0.7068261030753848,0.7073873479298773,-13423615.204309082,1741396.4899702633,348565.33832299314,-11333653.376015825,196036460118094.8,1529.268881,196036460118094.8,1529.268881,196036460132681.62,1529.2688808862092,196036460103508.0,1529.268881113791,196036460132941.6,1529.2688808841813,196036460103248.06,1529.2688811158187
0.004854999999999886,0.0,-0.0006029888335170357,-0.0006032746270095932,0.0,-0.022221802983396342,-0.022613499034911343,0.0,2.4551363930277942e-24,4.036072874594607e-24,77997964.00688747,0.0,-8.794900825555442e-05,8.801932016975553e-05,0.0,-0.7068241851037365,0.7073892643746007,-13422635.12883253,1741503.3728295504,348662.7507456343,-11332469.005257346,196036460118094.8,1529.268881,196036460118094.8,1529.268881,196036460132625.8,1529.2688808866446,196036460103563.8,1529.2688811133557,196036460132881.94,1529.2688808846467,196036460103307.7,1529.2688811153537
0.004859999999999886,0.0,-0.000603099517226569,-0.0006033872404986511,0.0,-0.022136741906657462,-0.022522697811566173,0.0,2.4465655819587464e-24,4.025131807506315e-24,77995464.51046786,0.0,-8.795414448824374e-05,8.802493085882865e-05,0.0,-0.7068222951739394,0.707391152789632,-13421658.789262166,1741609.7336100542,348759.7783069138,-11331289.2773452,196036460118094.8,1529.268881,196036460118094.8,1529.268881,196036460132570.2,1529.2688808870787,196036460103619.44,1529.2688811129215,196036460132822.56,1529.2688808851096,196036460103367.06,1529.2688811148905
0.004864999999999886,0.0,-0.0006032097771154476,-0.0006034994018769227,0.0,-0.022051977775709507,-0.022432275654308668,0.0,2.43801423786359e-24,4.014245004141357e-24,77992972.38424073,0.0,-8.795925795621321e-05,8.803051183784431e-05,0.0,-0.7068204333013803,0.7073930131600459,-13420686.1700854,1741715.5750488231,348856.4223210075,-11330114.172715569,196036460118094.8,1529.268881,196036460118094.8,1529.268881,196036460132514.75,1529.2688808875112,196036460103674.88,1529.2688811124892,196036460132763.4,1529.2688808855714,196036460103426.2,1529.2688811144292
0.004869999999999886,0.0,-0.000603319614665028,-0.0006036111130303382,0.0,-0.021967509916096358,-0.022342230683108564,0.0,2.4294815084166006e-24,4.0034123816869504e-24,77990487.6242913,0.0,-8.796434873844478e-05,8.803606338143859e-05,0.0,-0.7068185986936902,0.707394846278009,-13419717.260299303,1741820.9006457496,348952.68448486977,-11328943.675168684,196036460118094.8,1529.268881,196036460118094.8,1529.268881,196036460132459.53,1529.2688808879418,196036460103730.1,1529.2688811120584,196036460132704.56,1529.2688808860303,196036460103485.06,1529.2688811139699
0.0048749999999998855,0.0,-0.0006034290313534425,-0.0006037223758354422,0.0,-0.02188333768289172,-0.022252561020804737,0.0,2.4209680252173556e-24,3.992633480543082e-24,77988010.21758465,0.0,-8.796941689907612e-05,8.804158561433389e-05,0.0,-0.706816791101323,0.7073966523932869,-13418752.044679651,1741925.7122696473,349048.5661194872,-11327777.766290516,196036460118094.8,1529.268881,196036460118094.8,1529.268881,196036460132404.47,1529.2688808883713,196036460103785.16,1529.2688811116288,196036460132645.94,1529.2688808864875,196036460103543.72,1529.2688811135124
0.004879999999999885,0.0,-0.0006035380286554889,-0.000603833192159473,0.0,-0.021799460409286802,-0.022163264806159447,0.0,2.4124741511810313e-24,3.981907714633047e-24,77985540.15398087,0.0,-8.797446255728925e-05,8.804707872260903e-05,0.0,-0.7068150102496686,0.7073984317806769,-13417790.509757351,1742030.012941352,349144.06868858583,-11326616.428127414,196036460118094.8,1529.268881,196036460118094.8,1529.268881,196036460132349.62,1529.2688808887992,196036460103840.0,1529.268881111201,196036460132587.53,1529.2688808869434,196036460103602.1,1529.268881113057
0.004884999999999885,0.0,-0.0006036466080425684,-0.0006039435638604642,0.0,-0.021715877415899167,-0.02207434019824026,0.0,2.4039998258457605e-24,3.9712346886607745e-24,77983077.42520899,0.0,-8.797948582088712e-05,8.80525429227742e-05,0.0,-0.7068132556962498,0.7074001848826929,-13416832.642970972,1742133.8058704399,349239.19372595596,-11325459.643374577,196036460118094.8,1529.268881,196036460118094.8,1529.268881,196036460132294.97,1529.2688808892256,196036460103894.62,1529.268881110775,196036460132529.38,1529.268880887397,196036460103660.25,1529.2688811126034
0.004889999999999885,0.0,-0.0006037547709826956,-0.0006040534927873132,0.0,-0.02163258802544117,-0.021985785369810246,0.0,2.3955447293878835e-24,3.960614173396015e-24,77980622.02400395,0.0,-8.798448672619321e-05,8.805797839010594e-05,0.0,-0.7068115268770185,0.7074019122633031,-13415878.431734834,1742237.093151143,349333.94275373325,-11324307.395829957,196036460118094.8,1529.268881,196036460118094.8,1529.268881,196036460132240.5,1529.2688808896505,196036460103949.12,1529.2688811103499,196036460132471.47,1529.2688808878486,196036460103718.16,1529.2688811121516
0.004894999999999885,0.0,-0.0006038625189405542,-0.0006041629807798211,0.0,-0.021549591571705832,-0.021897598501574425,0.0,2.387109653573879e-24,3.950045494524479e-24,77978173.93709333,0.0,-8.798946543064232e-05,8.806338530609274e-05,0.0,-0.7068098236900019,0.7074036140247719,-13414927.861784626,1742339.8781373166,349428.3171391041,-11323159.666508203,196036460118094.8,1529.268881,196036460118094.8,1529.268881,196036460132186.22,1529.2688808900737,196036460104003.38,1529.2688811099267,196036460132413.8,1529.2688808882983,196036460103775.8,1529.2688811117018
0.0048999999999998845,0.0,-0.0006039698533773594,-0.0006042720296688091,0.0,-0.02146688736105448,-0.02180977779760022,0.0,2.37869439415774e-24,3.939528414414779e-24,77975733.1560534,0.0,-8.799442196677206e-05,8.806876382754093e-05,0.0,-0.7068081456303965,0.7074052906718469,-13413980.920166673,1742442.162702902,349522.3183541801,-11322016.43910959,196036460118094.8,1529.268881,196036460118094.8,1529.268881,196036460132132.16,1529.2688808904957,196036460104057.47,1529.2688811095047,196036460132356.38,1529.2688808887465,196036460103833.25,1529.2688811112537
0.004904999999999884,0.0,-0.000604076775750894,-0.0006043806412761601,0.0,-0.021384474706924797,-0.02172232147018808,0.0,2.3702991208898777e-24,3.929062457994962e-24,77973299.67098185,0.0,-8.7999356470266e-05,8.807411416916419e-05,0.0,-0.7068064923755898,0.7074069425272242,-13413037.594162038,1742543.9503155644,349615.9478819453,-11320877.695964526,196036460118094.8,1529.268881,196036460118094.8,1529.268881,196036460132078.28,1529.2688808909159,196036460104111.34,1529.2688811090843,196036460132299.2,1529.2688808891926,196036460103890.44,1529.2688811108076
0.004909999999999884,0.0,-0.0006041832875154784,-0.0006044888174149006,0.0,-0.02130235291687326,-0.02163522774809786,0.0,2.361923837876003e-24,3.918647515048561e-24,77970873.47033933,0.0,-8.800426900428099e-05,8.807943650977464e-05,0.0,-0.7068048634557691,0.7074085700606629,-13412097.870020397,1742645.2433700557,349709.2071074328,-11319743.419542909,196036460118094.8,1529.268881,196036460118094.8,1529.268881,196036460132024.56,1529.268880891335,196036460104165.03,1529.2688811086655,196036460132242.25,1529.2688808896366,196036460103947.38,1529.2688811103635
0.004914999999999884,0.0,-0.00060428939012197,-0.00060459655988922,0.0,-0.0212205212983141,-0.02154849486390802,0.0,2.3535688825443643e-24,3.908282769139194e-24,77968454.54569228,0.0,-8.800915966378154e-05,8.808473098281621e-05,0.0,-0.7068032587112842,0.707410173432012,-13411161.735225098,1742746.0441266133,349802.0975125193,-11318613.593585964,196036460118094.8,1529.268881,196036460118094.8,1529.268881,196036460131971.06,1529.2688808917524,196036460104218.56,1529.2688811082478,196036460132185.53,1529.2688808900793,196036460104004.1,1529.268881109921
0.004919999999999884,0.0,-0.0006043950850177049,-0.0006047038704946124,0.0,-0.02113897914697095,-0.021462121078483394,0.0,2.3452343074703003e-24,3.897967982501596e-24,77966042.88589005,0.0,-8.801402856323472e-05,8.80899978004127e-05,0.0,-0.706801677745023,0.7074117530383706,-13410229.176730866,1742846.3558174178,349894.6205251352,-11317488.200388312,196036460118094.8,1529.268881,196036460118094.8,1529.268881,196036460131917.75,1529.2688808921682,196036460104271.88,1529.268881107832,196036460132129.03,1529.26888089052,196036460104060.56,1529.2688811094804
0.0049249999999998835,0.0,-0.0006045003736464886,-0.000604810751017917,0.0,-0.02105772575674591,-0.021376104660926487,0.0,2.336919990992119e-24,3.887702926610587e-24,77963638.48126255,0.0,-8.801887575932301e-05,8.809523712935776e-05,0.0,-0.7068001201098034,0.7074133093268515,-13409300.181694008,1742946.180654223,349986.77758160495,-11316367.22345818,196036460118094.8,1529.268881,196036460118094.8,1529.268881,196036460131864.6,1529.268880892583,196036460104325.0,1529.2688811074174,196036460132072.78,1529.2688808909586,196036460104116.84,1529.2688811090413
0.004929999999999883,0.0,-0.0006046052574486175,-0.0006049172032373583,0.0,-0.020976760425756188,-0.021290443888257314,0.0,2.3286262703899862e-24,3.8774871304123565e-24,77961241.32007748,0.0,-8.802370137142937e-05,8.810044914698573e-05,0.0,-0.7067985855682184,0.7074148425349626,-13408374.73688446,1743045.5215734176,350078.5700750375,-11315250.645236004,196036460118094.8,1529.268881,196036460118094.8,1529.268881,196036460131811.66,1529.2688808929959,196036460104377.97,1529.2688811070043,196036460132016.78,1529.2688808913956,196036460104172.84,1529.2688811086045
0.004934999999999883,0.0,-0.0006047097378608197,-0.0006050232289226274,0.0,-0.02089608244043353,-0.021205137053816107,0.0,2.3203533161388515e-24,3.867320149802987e-24,77958851.39172857,0.0,-8.802850549627452e-05,8.810563401905575e-05,0.0,-0.706797073838371,0.7074163529446549,-13407452.829441493,1743144.381172613,350169.9994222733,-11314138.448846607,196036460118094.8,1529.268881,196036460118094.8,1529.268881,196036460131758.9,1529.2688808934072,196036460104430.72,1529.268881106593,196036460131961.0,1529.2688808918308,196036460104228.62,1529.2688811081696
0.004939999999999883,0.0,-0.0006048138163162263,-0.000605128829834959,0.0,-0.020815691081303378,-0.0211201824663296,0.0,2.3121007990974963e-24,3.857201838373413e-24,77956468.68739153,0.0,-8.803328817279318e-05,8.811079190996525e-05,0.0,-0.7067955844117576,0.7074178410642764,-13406534.447015895,1743242.7614643096,350261.06707582925,-11313030.618475758,196036460118094.8,1529.268881,196036460118094.8,1529.268881,196036460131706.3,1529.2688808938176,196036460104483.28,1529.2688811061828,196036460131905.47,1529.268880892264,196036460104284.2,1529.268881107736
0.004944999999999883,0.0,-0.0006049174942444278,-0.000605234007727157,0.0,-0.02073558564029465,-0.02103557843959704,0.0,2.303869292949893e-24,3.847131511427335e-24,77954093.19487551,0.0,-8.803804955422235e-05,8.811592299293204e-05,0.0,-0.706794117203853,0.7074193069785599,-13405619.576586407,1743340.665679071,350351.774419826,-11311927.136487512,196036460118094.8,1529.268881,196036460118094.8,1529.268881,196036460131653.97,1529.268880894226,196036460104535.66,1529.2688811057742,196036460131850.16,1529.2688808926955,196036460104339.5,1529.2688811073044
0.0049499999999998824,0.0,-0.0006050207730713751,-0.0006053387643437126,0.0,-0.02065576538946032,-0.020951323311139775,0.0,2.2956586609574492e-24,3.837109137657183e-24,77951724.90251325,0.0,-8.804278968508575e-05,8.812102742789934e-05,0.0,-0.7067926717467243,0.7074207511552988,-13404708.204880152,1743438.0958406085,350442.12280902616,-11310827.986230517,196036460118094.8,1529.268881,196036460118094.8,1529.268881,196036460131601.78,1529.2688808946332,196036460104587.84,1529.268881105367,196036460131795.03,1529.2688808931255,196036460104394.6,1529.2688811068747
0.004954999999999882,0.0,-0.0006051236542194031,-0.0006054431014208104,0.0,-0.02057622960559083,-0.020867415419563846,0.0,2.287469069182527e-24,3.827134112236453e-24,77949363.80076824,0.0,-8.804750868204822e-05,8.812610538296359e-05,0.0,-0.7067912478296665,0.7074221738052767,-13403800.319881672,1743535.054767015,350532.1136976088,-11309733.151417049,196036460118094.8,1529.268881,196036460118094.8,1529.268881,196036460131549.75,1529.2688808950388,196036460104639.88,1529.2688811049613,196036460131740.16,1529.2688808935536,196036460104449.47,1529.2688811064465
0.004959999999999882,0.0,-0.0006052261391072017,-0.0006055470206864326,0.0,-0.020496977559723187,-0.020783853124430214,0.0,2.2793003156634274e-24,3.817206505155597e-24,77947009.87744008,0.0,-8.805220661767321e-05,8.81311570558118e-05,0.0,-0.7067898449461426,0.7074235754348365,-13402895.908568328,1743631.5451331094,350621.74844415614,-11308642.614991061,196036460118094.8,1529.268881,196036460118094.8,1529.268881,196036460131497.94,1529.268880895443,196036460104691.7,1529.268881104557,196036460131685.53,1529.2688808939797,196036460104504.1,1529.2688811060207
0.004964999999999882,0.0,-0.0006053282291498511,-0.000605650523860347,0.0,-0.020418008529891608,-0.02070063478287494,0.0,2.271152972092982e-24,3.80732533084279e-24,77944663.12278064,0.0,-8.805688358926049e-05,8.813618253536672e-05,0.0,-0.7067884631256254,0.7074249560147824,-13401994.958570842,1743727.568781533,350711.02845430677,-11307556.361335,196036460118094.8,1529.268881,196036460118094.8,1529.268881,196036460131446.28,1529.268880895846,196036460104743.3,1529.2688811041544,196036460131631.1,1529.2688808944044,196036460104558.53,1529.2688811055957
0.004969999999999882,0.0,-0.0006054299257587227,-0.0006057536126542779,0.0,-0.02033932177432334,-0.020617758786180378,0.0,2.263026559634113e-24,3.7974908426186375e-24,77942323.52520029,0.0,-8.806153968019044e-05,8.814118205887017e-05,0.0,-0.7067871017465007,0.7074263161664129,-13401097.457485393,1743823.1288857672,350799.9551227332,-11306474.373476889,196036460118094.8,1529.268881,196036460118094.8,1529.268881,196036460131394.84,1529.2688808962473,196036460104794.78,1529.2688811037528,196036460131576.9,1529.2688808948271,196036460104612.72,1529.268881105173
0.004974999999999881,0.0,-0.0006055312303415619,-0.0006058562887718621,0.0,-0.020260916567835494,-0.02053522351685228,0.0,2.2549214272170017e-24,3.787702548042356e-24,77939991.072416,0.0,-8.806617498557725e-05,8.814615576255312e-05,0.0,-0.7067857606397935,0.7074276560587862,-13400203.392328564,1743918.227735257,350888.52978480776,-11305396.6348085,196036460118094.8,1529.268881,196036460118094.8,1529.268881,196036460131343.56,1529.2688808966473,196036460104846.06,1529.268881103353,196036460131522.94,1529.268880895248,196036460104666.7,1529.2688811047522
0.004979999999999881,0.0,-0.0006056321443024277,-0.0006059585539087344,0.0,-0.0201827921731561,-0.02045302737445761,0.0,2.2468377889744033e-24,3.777959908634573e-24,77937665.75359158,0.0,-8.807078960382751e-05,8.815110378911356e-05,0.0,-0.7067844396238748,0.7074289758735962,-13399312.75079501,1744012.867716056,350976.75382570195,-11304323.129253253,196036460118094.8,1529.268881,196036460118094.8,1529.268881,196036460131292.5,1529.2688808970456,196036460104897.12,1529.2688811029545,196036460131469.2,1529.2688808956673,196036460104720.44,1529.2688811043329
0.004984999999999881,0.0,-0.0006057326690416556,-0.0006060604097526205,0.0,-0.020104947845594287,-0.020371168777219555,0.0,2.2387753281944448e-24,3.7682629711466254e-24,77935347.55741104,0.0,-8.807538357976425e-05,8.815602630669432e-05,0.0,-0.7067831381999029,0.707430276109453,-13398425.52035186,1744107.0509361005,351064.62860298157,-11303253.840812778,196036460118094.8,1529.268881,196036460118094.8,1529.268881,196036460131241.56,1529.268880897443,196036460104948.03,1529.2688811025573,196036460131415.7,1529.2688808960847,196036460104773.97,1529.2688811039152
0.004989999999999881,0.0,-0.0006058328059559127,-0.0006061618579833292,0.0,-0.020027382851432064,-0.02028964614174156,0.0,2.23073451115567e-24,3.758611029979295e-24,77933036.47213219,0.0,-8.807995704750759e-05,8.816092346147876e-05,0.0,-0.7067818563158841,0.7074315568185185,-13397541.688674344,1744200.7801692563,351152.15548234194,-11302188.753022745,196036460118094.8,1529.268881,196036460118094.8,1529.268881,196036460131190.84,1529.2688808978387,196036460104998.78,1529.2688811021615,196036460131362.34,1529.2688808965008,196036460104827.28,1529.2688811034993
0.004994999999999881,0.0,-0.0006059325564381167,-0.0006062629002728746,0.0,-0.019950096440796653,-0.020208457909073385,0.0,2.2227152107126536e-24,3.7490040227339205e-24,77930732.48553488,0.0,-8.808451008407472e-05,8.816579542863085e-05,0.0,-0.7067805935742993,0.7074328183981581,-13396661.243210157,1744294.0579114673,351239.3358023455,-11301127.849496344,196036460118094.8,1529.268881,196036460118094.8,1529.268881,196036460131140.3,1529.268880898233,196036460105049.3,1529.2688811017672,196036460131309.25,1529.268880896915,196036460104880.34,1529.2688811030853
0.00499999999999988,0.0,-0.0006060319218774579,-0.0006063635382854867,0.0,-0.01987308786822039,-0.020127602522426655,0.0,2.2147174670159465e-24,3.739441414245948e-24,77928435.5880037,0.0,-8.808904278696294e-05,8.817064235717942e-05,0.0,-0.7067793497648307,0.7074340610586991,-13395784.172453327,1744386.8866025086,351326.17098309484,-11300071.114867724,196036460118094.8,1529.268881,196036460118094.8,1529.268881,196036460131089.97,1529.2688808986256,196036460105099.66,1529.2688811013745,196036460131256.4,1529.2688808973273,196036460104933.25,1529.2688811026726
