time_s,x_m,y_m,z_m,vx_m_per_s,vy_m_per_s,vz_m_per_s,fx_n,fy_n,fz_n,kernel_ground_weighted_absorption_rate_per_s,beff_x_t,beff_y_t,beff_z_t,quantization_x,quantization_y,quantization_z,reference_scalar_shift_hz,reference_vector_shift_hz,reference_tensor_shift_hz,reference_total_shift_hz,trap_component_00_atom_frame_frequency_hz,trap_component_00_atom_frame_wavelength_nm,trap_component_01_atom_frame_frequency_hz,trap_component_01_atom_frame_wavelength_nm,trap_component_02_atom_frame_frequency_hz,trap_component_02_atom_frame_wavelength_nm,trap_component_03_atom_frame_frequency_hz,trap_component_03_atom_frame_wavelength_nm,trap_component_04_atom_frame_frequency_hz,trap_component_04_atom_frame_wavelength_nm,trap_component_05_atom_frame_frequency_hz,trap_component_05_atom_frame_wavelength_nm
0.0,0.0,0.0,0.001,0.0,0.0,0.0,0.0,0.0,-6.136060067811806e-22,70794573.15175882,0.0,0.0,-0.00020406079296160165,0.0,0.0,-1.0,-12762153.287804602,2856040.386929212,2037981.6022309032,-7868131.298644486,196036460118094.8,1529.268881,196036460118094.8,1529.268881,196036460118094.8,1529.268881,196036460118094.8,1529.268881,196036460118094.8,1529.268881,196036460118094.8,1529.268881
4.9999999999999996e-06,0.0,0.0,0.0009998934593387656,0.0,0.0,-0.021308132246893135,0.0,0.0,-6.053997675034372e-22,70801695.34182577,0.0,0.0,-0.00020402835466551216,0.0,0.0,-1.0,-12762712.354225827,2855586.3796582897,2037608.7695831803,-7869517.204984357,196036460118094.8,1529.268881,196036460118094.8,1529.268881,196036460118094.8,1529.268881,196036460118094.8,1529.268881,196036460132028.34,1529.2688808913053,196036460104161.28,1529.2688811086946
9.999999999999999e-06,0.0,0.0,0.0009996817995901672,0.0,0.0,-0.042331949719697115,0.0,0.0,-5.970138920602305e-22,70809730.32692759,0.0,0.0,-0.00020397373122795092,0.0,0.0,-1.0,-12763869.46263665,2854821.8685462647,2036884.2002716945,-7872163.3938186895,196036460118094.8,1529.268881,196036460118094.8,1529.268881,196036460118094.8,1529.268881,196036460118094.8,1529.268881,196036460145775.97,1529.268880784061,196036460090413.66,1529.2688812159392
1.4999999999999999e-05,0.0,0.0,0.0009993664734466022,0.0,0.0,-0.06306522871300033,0.0,0.0,-5.884640095523645e-22,70818660.2500188,0.0,0.0,-0.00020389723579221385,0.0,0.0,-1.0,-12765616.346606858,2853751.2363551906,2035812.8237658043,-7876052.286485863,196036460118094.8,1529.268881,196036460118094.8,1529.268881,196036460118094.8,1529.268881,196036460118094.8,1529.268881,196036460159333.66,1529.2688806782983,196036460076856.0,1529.2688813217017
1.9999999999999998e-05,0.0,0.0,0.0009989489620115528,0.0,0.0,-0.08350228700989933,0.0,0.0,-5.797654404276861e-22,70828466.34013094,0.0,0.0,-0.00020379918804681874,0.0,0.0,-1.0,-12767944.555999124,2852378.957454223,2034399.6893830493,-7881165.90916185,196036460118094.8,1529.268881,196036460118094.8,1529.268881,196036460118094.8,1529.268881,196036460118094.8,1529.268881,196036460172697.56,1529.2688805740472,196036460063492.06,1529.268881425953
2.4999999999999998e-05,0.0,0.0,0.0009984307721456111,0.0,0.0,-0.10363797318835553,0.0,0.0,-5.709331672624836e-22,70839128.9758148,0.0,0.0,-0.00020367991356736947,0.0,0.0,-1.0,-12770845.475488145,2850709.5886083366,2032649.9574039986,-7887485.929475809,196036460118094.8,1529.268881,196036460118094.8,1529.268881,196036460118094.8,1529.268881,196036460118094.8,1529.268881,196036460185864.44,1529.2688804713332,196036460050325.2,1529.268881528667
2.9999999999999997e-05,0.0,0.0,0.000997813433871035,0.0,0.0,-0.1234676549152393,0.0,0.0,-5.6198181129528e-22,70850627.73638853,0.0,0.0,-0.00020353974334334665,0.0,0.0,-1.0,-12774310.337308206,2848747.762355268,2030568.8886034263,-7894993.686349509,196036460118094.8,1529.268881,196036460118094.8,1529.268881,196036460118094.8,1529.268881,196036460118094.8,1529.268881,196036460198831.2,1529.2688803701803,196036460037358.4,1529.26888162982
3.5e-05,0.0,0.0,0.0009970984978388982,0.0,0.0,-0.14298720642735957,0.0,0.0,-5.529256094054447e-22,70862941.46242645,0.0,0.0,-0.0002033790131160315,0.0,0.0,-1.0,-12778330.237761218,2846498.1777390856,2028161.8355135,-7903670.224508632,196036460118094.8,1529.268881,196036460118094.8,1529.268881,196036460118094.8,1529.268881,196036460118094.8,1529.268881,196036460211595.2,1529.268880270609,196036460024594.44,1529.268881729391
3.9999999999999996e-05,0.0,0.0,0.0009962875328628237,0.0,0.0,-0.1621929952148908,0.0,0.0,-5.43778395933048e-22,70876048.30599551,0.0,0.0,-0.00020319806290745792,0.0,0.0,-1.0,-12782896.149602748,2843965.5937173883,2025434.2327013125,-7913496.323184048,196036460118094.8,1529.268881,196036460118094.8,1529.268881,196036460118094.8,1529.268881,196036460118094.8,1529.268881,196036460224154.0,1529.2688801726385,196036460012035.66,1529.2688818273612
4.4999999999999996e-05,0.0,0.0,0.0009953821235224492,0.0,0.0,-0.18108186807492732,0.0,0.0,-5.3455358605650655e-22,70889925.78709248,0.0,0.0,-0.0002029972363052333,0.0,0.0,-1.0,-12787998.934843194,2841154.819151638,2022391.5876413258,-7924452.52805023,196036460118094.8,1529.268881,196036460118094.8,1529.268881,196036460118094.8,1529.268881,196036460118094.8,1529.268881,196036460236505.56,1529.2688800762846,196036459999684.06,1529.2688819237155
4.9999999999999996e-05,0.0,0.0,0.0009943838678395035,0.0,0.0,-0.1996511365891367,0.0,0.0,-5.252641606673756e-22,70904550.8450873,0.0,0.0,-0.0002027768802265866,0.0,0.0,-1.0,-12793629.363017013,2838070.7095047706,2019039.4739404488,-7936519.179571794,196036460118094.8,1529.268881,196036460118094.8,1529.268881,196036460118094.8,1529.268881,196036460118094.8,1529.268881,196036460248648.16,1529.2688799815612,196036459987541.5,1529.2688820184387
5.4999999999999995e-05,0.0,0.0,0.0009932943750291167,0.0,0.0,-0.21789856207738265,0.0,0.0,-5.159226293095151e-22,70919899.90107323,0.0,0.0,-0.00020253734916344306,0.0,0.0,-1.0,-12799778.224716937,2834718.2262553754,2015383.5575974404,-7949676.4408641225,196036460118094.8,1529.268881,196036460118094.8,1529.268881,196036460118094.8,1529.268881,196036460118094.8,1529.268881,196036460260580.25,1529.2688798884794,196036459975609.38,1529.2688821115207
5.9999999999999995e-05,0.0,0.0,0.00099211526333278,0.0,0.0,-0.23582233926733193,0.0,0.0,-5.0654108568069655e-22,70935948.87587573,0.0,0.0,-0.0002022789932762353,0.0,0.0,-1.0,-12806436.101474715,2831102.270258355,2011429.5061276087,-7963904.325088754,196036460118094.8,1529.268881,196036460118094.8,1529.268881,196036460118094.8,1529.268881,196036460118094.8,1529.268881,196036460272300.72,1529.2688797970488,196036459963888.88,1529.2688822029515
6.5e-05,0.0,0.0,0.000990848157923345,0.0,0.0,-0.2534210818869794,0.0,0.0,-4.97131173653892e-22,70952673.2545162,0.0,0.0,-0.00020200216200670418,0.0,0.0,-1.0,-12813593.466542307,2827227.732309781,2007183.0113947191,-7979182.722837807,196036460118094.8,1529.268881,196036460118094.8,1529.268881,196036460118094.8,1529.268881,196036460118094.8,1529.268881,196036460283808.72,1529.2688797072756,196036459952380.94,1529.2688822927244
7e-05,0.0,0.0,0.0009894946888879454,0.0,0.0,-0.2706938070799409,0.0,0.0,-4.877040519160218e-22,70970048.13948366,0.0,0.0,-0.00020170720989198189,0.0,0.0,-1.0,-12821240.82276694,2823099.5745209623,2002649.825604356,-7995491.422641621,196036460118094.8,1529.268881,196036460118094.8,1529.268881,196036460118094.8,1529.268881,196036460118094.8,1529.268881,196036460295103.44,1529.2688796191662,196036459941086.16,1529.2688823808342
7.5e-05,0.0,0.0,0.0009880564892949674,0.0,0.0,-0.2876399185956138,0.0,0.0,-4.782704105838587e-22,70988048.29582606,0.0,0.0,-0.00020139449213009647,0.0,0.0,-1.0,-12829368.637495425,2818722.7682531215,1997835.7282986161,-8012810.140943688,196036460118094.8,1529.268881,196036460118094.8,1529.268881,196036460118094.8,1529.268881,196036460118094.8,1529.268881,196036460306184.62,1529.2688795327226,196036459930004.97,1529.268882467278
7.999999999999999e-05,0.0,0.0,0.0009865351933421923,0.0,0.0,-0.30425919055501555,0.0,0.0,-4.68840471870881e-22,71006648.186983,0.0,0.0,-0.00020106436433824248,0.0,0.0,-1.0,-12837967.35058441,2814102.2907341486,1992746.5188191878,-8031118.541031073,196036460118094.8,1529.268881,196036460118094.8,1529.268881,196036460118094.8,1529.268881,196036460118094.8,1529.268881,196036460317052.12,1529.2688794479457,196036459919137.53,1529.268882552054
8.499999999999999e-05,0.0,0.0,0.0009849324345859937,0.0,0.0,-0.3205517512397259,0.0,0.0,-4.594239921177213e-22,71025822.01446757,0.0,0.0,-0.00020071718203021354,0.0,0.0,-1.0,-12847027.380315332,2809243.117744732,1987388.0085002703,-8050396.254070328,196036460118094.8,1529.268881,196036460118094.8,1529.268881,196036460118094.8,1529.268881,196036460118094.8,1529.268881,196036460327705.94,1529.268879364836,196036459908483.7,1529.2688826351641
8.999999999999999e-05,0.0,0.0,0.0009832498442512378,0.0,0.0,-0.3365180669511759,0.0,0.0,-4.50030261652964e-22,71045543.7660601,0.0,0.0,-0.00020035330031036898,0.0,0.0,-1.0,-12856539.141088253,2804150.2193351057,1981766.017390727,-8070622.9043624215,196036460118094.8,1529.268881,196036460118094.8,1529.268881,196036460118094.8,1529.268881,196036460118094.8,1529.268881,196036460338146.4,1529.2688792833906,196036459898043.22,1529.2688827166096
9.499999999999999e-05,0.0,0.0,0.0009814890496219122,0.0,0.0,-0.35215892586511516,0.0,0.0,-4.40668111212416e-22,71065787.24720226,0.0,0.0,-0.00019997307342950964,0.0,0.0,-1.0,-12866493.045099081,2798828.553609075,1975886.3658715868,-8091778.1256184215,196036460118094.8,1529.268881,196036460118094.8,1529.268881,196036460118094.8,1529.268881,196036460118094.8,1529.268881,196036460348374.06,1529.2688792036054,196036459887815.56,1529.2688827963948
9.999999999999999e-05,0.0,0.0,0.0009796516725113697,0.0,0.0,-0.367475422108481,0.0,0.0,-4.313459162908325e-22,71086526.1216868,0.0,0.0,-0.00019957685441002537,0.0,0.0,-1.0,-12876879.513481408,2793283.061477573,1969754.8699859849,-8113841.582017849,196036460118094.8,1529.268881,196036460118094.8,1529.268881,196036460118094.8,1529.268881,196036460118094.8,1529.268881,196036460358389.66,1529.268879125474,196036459877799.97,1529.268882874526
0.00010499999999999999,0.0,0.0,0.0009777393278114345,0.0,0.0,-0.3824689399870393,0.0,0.0,-4.220716041782232e-22,71107733.941872,0.0,0.0,-0.0001991649949480953,0.0,0.0,-1.0,-12887688.98492071,2787518.6652898523,1963377.3363191294,-8136792.983311729,196036460118094.8,1529.268881,196036460118094.8,1529.268881,196036460118094.8,1529.268881,196036460118094.8,1529.268881,196036460368194.03,1529.2688790489908,196036459867995.6,1529.2688829510093
0.00010999999999999999,0.0,0.0,0.0009757536221191505,0.0,0.0,-0.39714113845680576,0.0,0.0,-4.128526611585897e-22,71129384.18866108,0.0,0.0,-0.00019873784477609152,0.0,0.0,-1.0,-12898911.921984997,2781540.2599096666,1956759.5565027532,-8160612.1055725785,196036460118094.8,1529.268881,196036460118094.8,1529.268881,196036460118094.8,1529.268881,196036460118094.8,1529.268881,196036460377788.3,1529.2688789741464,196036459858401.34,1529.2688830258535
0.00011499999999999999,0.0,0.0,0.000973696152439926,0.0,0.0,-0.41149393584487615,0.0,0.0,-4.036961417224004e-22,71151450.29855743,0.0,0.0,-0.00019829575156365107,0.0,0.0,-1.0,-12910538.818049386,2775352.711330676,1949907.302331227,-8185278.804387482,196036460118094.8,1529.268881,196036460118094.8,1529.268881,196036460118094.8,1529.268881,196036460118094.8,1529.268881,196036460387173.7,1529.2688789009317,196036459849015.94,1529.2688830990685
0.00011999999999999999,0.0,0.0,0.0009715685049654788,0.0,0.0,-0.4255294948894335,0.0,0.0,-3.946086771307755e-22,71173905.69827943,0.0,0.0,-0.00019783906058066237,0.0,0.0,-1.0,-12922560.206421368,2768960.8519595936,1942826.322034606,-8210773.032427168,196036460118094.8,1529.268881,196036460118094.8,1529.268881,196036460118094.8,1529.268881,196036460118094.8,1529.268881,196036460396351.66,1529.2688788293349,196036459839838.0,1529.268883170665
0.000125,0.0,0.0,0.0009693722539250965,0.0,0.0,-0.43925020807647136,0.0,0.0,-3.855964867511326e-22,71196723.82959458,0.0,0.0,-0.00019736811443679087,0.0,0.0,-1.0,-12934966.663001245,2762369.476970579,1935522.3346965278,-8237074.85133414,196036460118094.8,1529.268881,196036460118094.8,1529.268881,196036460118094.8,1529.268881,196036460118094.8,1529.268881,196036460405323.72,1529.2688787593445,196036459830865.9,1529.268883240656
0.00013000000000000002,0.0,0.0,0.0009671089605082502,0.0,0.0,-0.4526586833692541,0.0,0.0,-3.766653874373967e-22,71219878.18197191,0.0,0.0,-0.00019688325284689123,0.0,0.0,-1.0,-12947748.817104358,2755583.3410219424,1928001.0278715082,-8264164.448210908,196036460118094.8,1529.268881,196036460118094.8,1529.268881,196036460118094.8,1529.268881,196036460118094.8,1529.268881,196036460414091.62,1529.2688786909464,196036459822098.0,1529.2688833090538
0.00013500000000000003,0.0,0.0,0.0009647801718569364,0.0,0.0,-0.46575773026276507,0.0,0.0,-3.678208063607649e-22,71243342.3129177,0.0,0.0,-0.00019638481242437294,0.0,0.0,-1.0,-12960897.352320436,2748607.155364082,1920268.052112549,-8292022.144843806,196036460118094.8,1529.268881,196036460118094.8,1529.268881,196036460118094.8,1529.268881,196036460118094.8,1529.268881,196036460422657.16,1529.2688786241272,196036459813532.47,1529.268883375873
0.00014000000000000004,0.0,0.0,0.0009623874201255229,0.0,0.0,-0.4785503462826924,0.0,0.0,-3.590677914076477e-22,71267089.8796454,0.0,0.0,-0.00019587312633953302,0.0,0.0,-1.0,-12974403.01530326,2741445.5830575023,1912329.0185946107,-8320628.413651148,196036460118094.8,1529.268881,196036460118094.8,1529.268881,196036460118094.8,1529.268881,196036460118094.8,1529.268881,196036460431022.38,1529.2688785588705,196036459805167.28,1529.2688834411292
0.00014500000000000006,0.0,0.0,0.0009599322216062995,0.0,0.0,-0.4910397038446628,0.0,0.0,-3.50411024558016e-22,71291094.65495235,0.0,0.0,-0.00019534852431979217,0.0,0.0,-1.0,-12988256.618176708,2734103.2389761168,1904189.4948647094,-8349963.88433588,196036460118094.8,1529.268881,196036460118094.8,1529.268881,196036460118094.8,1529.268881,196036460118094.8,1529.268881,196036460439189.25,1529.2688784951613,196036459797000.4,1529.2688835048386
0.00015000000000000007,0.0,0.0,0.0009574160759184146,0.0,0.0,-0.5032291375769843,0.0,0.0,-3.4185483295687643e-22,71315330.55684727,0.0,0.0,-0.00019481133228493823,0.0,0.0,-1.0,-13002449.046204092,2726584.6847021054,1895855.0027403755,-8380009.358761612,196036460118094.8,1529.268881,196036460118094.8,1529.268881,196036460118094.8,1529.268881,196036460118094.8,1529.268881,196036460447160.0,1529.2688784329819,196036459789029.62,1529.2688835670183
0.00015500000000000008,0.0,0.0,0.0009548404652582797,0.0,0.0,-0.5151221320269734,0.0,0.0,-3.3340320234239276e-22,71339771.66427976,0.0,0.0,-0.0001942618723147091,0.0,0.0,-1.0,-13016971.26046931,2718894.428072207,1887331.0147945788,-8410745.817602523,196036460118094.8,1529.268881,196036460118094.8,1529.268881,196036460118094.8,1529.268881,196036460118094.8,1529.268881,196036460454936.9,1529.2688783723147,196036459781252.72,1529.2688836276855
0.0001600000000000001,0.0,0.0,0.0009522068537091171,0.0,0.0,-0.5267223098325151,0.0,0.0,-3.250597894779323e-22,71364392.23983245,0.0,0.0,-0.00019370046235492352,0.0,0.0,-1.0,-13031814.301612984,2711036.919064714,1878622.9515080152,-8442154.431040255,196036460118094.8,1529.268881,196036460118094.8,1529.268881,196036460118094.8,1529.268881,196036460118094.8,1529.268881,196036460462522.38,1529.268878313141,196036459773667.28,1529.268883686859
0.0001650000000000001,0.0,0.0,0.0009495166866074954,0.0,0.0,-0.5380334203243453,0.0,0.0,-3.168279351053126e-22,71389166.74553266,0.0,0.0,-0.00019312741621139046,0.0,0.0,-1.0,-13046969.294291677,2703016.5497142314,1869736.1789625033,-8474216.565614942,196036460118094.8,1529.268881,196036460118094.8,1529.268881,196036460118094.8,1529.268881,196036460118094.8,1529.268881,196036460469918.78,1529.268878255442,196036459766270.88,1529.2688837445578
0.00017000000000000012,0.0,0.0,0.0009467713899646099,0.0,0.0,-0.549059328577114,0.0,0.0,-3.087106765743139e-22,71414069.86288667,0.0,0.0,-0.00019254304327855968,0.0,0.0,-1.0,-13062427.44988091,2694837.65031386,1860676.0062048654,-8506913.793362185,196036460118094.8,1529.268881,196036460118094.8,1529.268881,196036460118094.8,1529.268881,196036460118094.8,1529.268881,196036460477128.7,1529.2688781991978,196036459759060.94,1529.2688838008023
0.00017500000000000013,0.0,0.0,0.0009439723699401198,0.0,0.0,-0.5598040048980131,0.0,0.0,-3.0071076024200577e-22,71439076.50813793,0.0,0.0,-0.00019194764857779288,0.0,0.0,-1.0,-13078180.072848482,2686504.4899508418,1851447.6841501412,-8540227.898747498,196036460118094.8,1529.268881,196036460118094.8,1529.268881,196036460118094.8,1529.268881,196036460118094.8,1529.268881,196036460484154.72,1529.2688781443883,196036459752034.9,1529.2688838556119
0.00018000000000000015,0.0,0.0,0.0009411210123663949,0.0,0.0,-0.5702715147449926,0.0,0.0,-2.928306547892674e-22,71464161.84727299,0.0,0.0,-0.0001913415325039939,0.0,0.0,-1.0,-13094218.559627518,2678021.2729603904,1842056.4021434535,-8574140.884523675,196036460118094.8,1529.268881,196036460118094.8,1529.268881,196036460118094.8,1529.268881,196036460118094.8,1529.268881,196036460490999.5,1529.2688780909925,196036459745190.12,1529.2688839090076
0.00018500000000000016,0.0,0.0,0.0009382186823208631,0.0,0.0,-0.580466009106344,0.0,0.0,-2.8507256338080955e-22,71489301.31012505,0.0,0.0,-0.00019072499083414872,0.0,0.0,-1.0,-13110534.404032791,2669392.1390452147,1832507.2870342107,-8608634.977953365,196036460118094.8,1529.268881,196036460118094.8,1529.268881,196036460118094.8,1529.268881,196036460118094.8,1529.268881,196036460497665.75,1529.2688780389897,196036459738523.88,1529.2688839610105
0.00019000000000000017,0.0,0.0,0.0009352667237443552,0.0,0.0,-0.5903917153015812,0.0,0.0,-2.774384360587533e-22,71514470.6052032,0.0,0.0,-0.00019009831453973907,0.0,0.0,-1.0,-13127119.198700871,2660621.1606500563,1822805.4011081306,-8643692.636942683,196036460118094.8,1529.268881,196036460118094.8,1529.268881,196036460118094.8,1529.268881,196036460118094.8,1529.268881,196036460504156.22,1529.2688779883579,196036459732033.38,1529.2688840116425
0.00019500000000000019,0.0,0.0,0.0009322664591032966,0.0,0.0,-0.6000529282117122,0.0,0.0,-2.6992998180853582e-22,71539645.73106328,0.0,0.0,-0.0001894617898087474,0.0,0.0,-1.0,-13143964.639085934,2651712.3432696713,1812955.74112952,-8679296.554686742,196036460118094.8,1529.268881,196036460118094.8,1529.268881,196036460118094.8,1529.268881,196036460118094.8,1529.268881,196036460510473.78,1529.2688779390749,196036459725715.84,1529.2688840609253
0.0002000000000000002,0.0,0.0,0.0009292191890936588,0.0,0.0,-0.6094540019275475,0.0,0.0,-2.62548680973401e-22,71564802.98637882,0.0,0.0,-0.00018881569796932408,0.0,0.0,-1.0,-13161062.523465907,2642669.6243804744,1802963.2362163472,-8715429.662869085,196036460118094.8,1529.268881,196036460118094.8,1529.268881,196036460118094.8,1529.268881,196036460118094.8,1529.268881,196036460516621.22,1529.268877891119,196036459719568.44,1529.268884108881
0.0002050000000000002,0.0,0.0,0.0009261261923845182,0.0,0.0,-0.6185993418281238,0.0,0.0,-2.55295796691708e-22,71589918.98284633,0.0,0.0,-0.00018816031536388032,0.0,0.0,-1.0,-13178404.755325513,2633496.87167834,1792832.7467434858,-8752075.136903686,196036460118094.8,1529.268881,196036460118094.8,1529.268881,196036460118094.8,1529.268881,196036460118094.8,1529.268881,196036460522601.38,1529.2688778444683,196036459713588.22,1529.2688841555323
0.00021000000000000023,0.0,0.0,0.0009229887253992413,0.0,0.0,-0.6274933970553861,0.0,0.0,-2.4817238568949734e-22,71614970.65697841,0.0,0.0,-0.00018749591333613405,0.0,0.0,-1.0,-13195983.348842015,2624197.882897295,1782569.064516281,-8789216.40142844,196036460118094.8,1529.268881,196036460118094.8,1529.268881,196036460118094.8,1529.268881,196036460118094.8,1529.268881,196036460528417.28,1529.2688777990986,196036459707772.34,1529.2688842009015
0.00021500000000000024,0.0,0.0,0.0009198080221324274,0.0,0.0,-0.6361406533627911,0.0,0.0,-2.4117931087404914e-22,71639935.27410051,0.0,0.0,-0.00018682275820574535,0.0,0.0,-1.0,-13213790.42372036,2614776.3854545183,1772176.9094413463,-8826837.128824495,196036460118094.8,1529.268881,196036460118094.8,1529.268881,196036460118094.8,1529.268881,196036460118094.8,1529.268881,196036460534071.8,1529.268877754988,196036459702117.8,1529.2688842450123
0.00022000000000000025,0.0,0.0,0.0009165852940004263,0.0,0.0,-0.6445456264002292,0.0,0.0,-2.343172510775279e-22,71664790.44001642,0.0,0.0,-0.00018614111129052534,0.0,0.0,-1.0,-13231818.212765561,2605236.036761174,1761660.9307865573,-8864921.24521783,196036460118094.8,1529.268881,196036460118094.8,1529.268881,196036460118094.8,1529.268881,196036460118094.8,1529.268881,196036460539567.88,1529.2688777121134,196036459696621.75,1529.2688842878867
0.00022500000000000026,0.0,0.0,0.0009133217297237436,0.0,0.0,-0.6527128553365263,0.0,0.0,-2.275867119839948e-22,71689514.10954851,0.0,0.0,-0.00018545122876688016,0.0,0.0,-1.0,-13250059.060067298,2595580.4222691827,1751025.7053579509,-8903452.932440165,196036460118094.8,1529.268881,196036460118094.8,1529.268881,196036460118094.8,1529.268881,196036460118094.8,1529.268881,196036460544908.47,1529.268877670452,196036459691281.16,1529.2688843295482
0.00023000000000000028,0.0,0.0,0.000910018495239441,0.0,0.0,-0.6606468968605255,0.0,0.0,-2.209880362846804e-22,71714084.59419475,0.0,0.0,-0.0001847533616536422,0.0,0.0,-1.0,-13268505.422606364,2585813.0552449236,1740275.7370225026,-8942416.630338939,196036460118094.8,1529.268881,196036460118094.8,1529.268881,196036460118094.8,1529.268881,196036460118094.8,1529.268881,196036460550096.6,1529.2688776299797,196036459686093.03,1529.2688843700205
0.0002350000000000003,0.0,0.0,0.000906676733641771,0.0,0.0,-0.6683523195340084,0.0,0.0,-2.1452141381080836e-22,71738480.56574336,0.0,0.0,-0.0001840477559417594,0.0,0.0,-1.0,-13287149.871838046,2575937.378584368,1729415.4563754597,-8981797.036878219,196036460118094.8,1529.268881,196036460118094.8,1529.268881,196036460118094.8,1529.268881,196036460118094.8,1529.268881,196036460555135.22,1529.2688775906736,196036459681054.4,1529.2688844093266
0.0002400000000000003,0.0,0.0,0.0009032975651492926,0.0,0.0,-0.6758336984956823,0.0,0.0,-2.0818689099666995e-22,71762681.06487092,0.0,0.0,-0.00018333465247325796,0.0,0.0,-1.0,-13305985.09379165,2565956.7631190415,1718449.2200382554,-9021579.110634353,196036460118094.8,1529.268881,196036460118094.8,1529.268881,196036460118094.8,1529.268881,196036460118094.8,1529.268881,196036460560027.34,1529.2688775525105,196036459676162.25,1529.2688844474899
0.0002450000000000003,0.0,0.0,0.0008998820870968274,0.0,0.0,-0.6830956104930247,0.0,0.0,-2.0198437995085376e-22,71786665.50686303,0.0,0.0,-0.00018261428697158644,0.0,0.0,-1.0,-13325003.891317958,2555874.5080407155,1707381.3108378313,-9061748.072439412,196036460118094.8,1529.268881,196036460118094.8,1529.268881,196036460118094.8,1529.268881,196036460118094.8,1529.268881,196036460564776.0,1529.2688775154666,196036459671413.66,1529.2688844845334
0.00025000000000000033,0.0,0.0,0.0008964313739506854,0.0,0.0,-0.6901426292284122,0.0,0.0,-1.959136678821548e-22,71810413.68555383,0.0,0.0,-0.00018188689003273265,0.0,0.0,-1.0,-13344199.181535233,2545693.840777083,1696215.9364529976,-9102289.40430515,196036460118094.8,1529.268881,196036460118094.8,1529.268881,196036460118094.8,1529.268881,196036460118094.8,1529.268881,196036460569384.1,1529.2688774795188,196036459666805.56,1529.268884520481
0.00025500000000000034,0.0,0.0,0.0008929464773455262,0.0,0.0,-0.6969793210318207,0.0,0.0,-1.899744254013058e-22,71833905.77752285,0.0,0.0,-0.00018115268721438969,0.0,0.0,-1.0,-13363563.998975972,2535417.918239727,1684957.230158741,-9143188.850577503,196036460118094.8,1529.268881,196036460118094.8,1529.268881,196036460118094.8,1529.268881,196036460118094.8,1529.268881,196036460573854.62,1529.2688774446447,196036459662335.0,1529.2688845553555
0.00026000000000000036,0.0,0.0,0.0008894284261414205,0.0,0.0,-0.7036102408211493,0.0,0.0,-1.8416621444951044e-22,71857122.35042843,0.0,0.0,-0.00018041189888241317,0.0,0.0,-1.0,-13383091.495922381,2525049.8246751344,1673609.2507133791,-9184432.420533866,196036460118094.8,1529.268881,196036460118094.8,1529.268881,196036460118094.8,1529.268881,196036460118094.8,1529.268881,196036460578190.62,1529.2688774108199,196036459657998.97,1529.2688845891807
0.00026500000000000037,0.0,0.0,0.0008858782264997343,0.0,0.0,-0.7100399283372367,0.0,0.0,-1.7848849667174144e-22,71880044.36164825,0.0,0.0,-0.00017966474043846998,0.0,0.0,-1.0,-13402774.942809751,2514592.5748508708,1662175.9823799883,-9226006.385578893,196036460118094.8,1529.268881,196036460118094.8,1529.268881,196036460118094.8,1529.268881,196036460118094.8,1529.268881,196036460582395.1,1529.268877378021,196036459653794.56,1529.268884621979
0.0002700000000000004,0.0,0.0,0.0008822968619763894,0.0,0.0,-0.7162729046689809,0.0,0.0,-1.7294064138234635e-22,71902653.16347101,0.0,0.0,-0.0001789114222127047,0.0,0.0,-1.0,-13422607.72402632,2504049.1125533367,1650661.333457362,-9267897.278015621,196036460118094.8,1529.268881,196036460118094.8,1529.268881,196036460118094.8,1529.268881,196036460118094.8,1529.268881,196036460586470.84,1529.2688773462262,196036459649718.78,1529.268884653774
0.0002750000000000004,0.0,0.0,0.0008786852936311173,0.0,0.0,-0.7223136690544366,0.0,0.0,-1.6752193189850505e-22,71924930.5084248,0.0,0.0,-0.00017815214949998604,0.0,0.0,-1.0,-13442583.34459495,2493422.3110950775,1639069.1386789018,-9310091.894820971,196036460118094.8,1529.268881,196036460118094.8,1529.268881,196036460118094.8,1529.268881,196036460118094.8,1529.268881,196036460590420.97,1529.2688773154116,196036459645768.7,1529.2688846845886
0.0002800000000000004,0.0,0.0,0.0008750444601516106,0.0,0.0,-0.7281666959013428,0.0,0.0,-1.6223157334472633e-22,71946858.54825346,0.0,0.0,-0.00017738712267698154,0.0,0.0,-1.0,-13462695.425751975,2482714.974953362,1627403.157858731,-9352577.292939883,196036460118094.8,1529.268881,196036460118094.8,1529.268881,196036460118094.8,1529.268881,196036460118094.8,1529.268881,196036460594248.28,1529.268877285555,196036459641941.34,1529.2688847144452
0.0002850000000000004,0.0,0.0,0.0008713752779912203,0.0,0.0,-0.7338364320780454,0.0,0.0,-1.5706869888624908e-22,71968419.84024237,0.0,0.0,-0.0001766165370955416,0.0,0.0,-1.0,-13482937.705870166,2471929.838277979,1615667.0764766063,-9395340.79111558,196036460118094.8,1529.268881,196036460118094.8,1529.268881,196036460118094.8,1529.268881,196036460118094.8,1529.268881,196036460597955.78,1529.268877256633,196036459638233.84,1529.2688847433672
0.00029000000000000044,0.0,0.0,0.0008676786415191184,0.0,0.0,-0.7393272944203846,0.0,0.0,-1.520323763795714e-22,71989597.34515046,0.0,0.0,-0.0001758405832908211,0.0,0.0,-1.0,-13503304.04070287,2461069.56780412,1603864.506110454,-9438369.966788296,196036460118094.8,1529.268881,196036460118094.8,1529.268881,196036460118094.8,1529.268881,196036460118094.8,1529.268881,196036460601546.28,1529.2688772286238,196036459634643.34,1529.2688847713764
0.00029500000000000045,0.0,0.0,0.0008639554231817734,0.0,0.0,-0.7446436674689971,0.0,0.0,-1.4712161418698895e-22,72010374.43313012,0.0,0.0,-0.00017505944684923877,0.0,0.0,-1.0,-13523788.402606687,2450136.7610043297,1591998.9845927586,-9481652.6570096,196036460118094.8,1529.268881,196036460118094.8,1529.268881,196036460118094.8,1529.268881,196036460118094.8,1529.268881,196036460605022.72,1529.2688772015042,196036459631166.94,1529.2688847984957
0.00030000000000000046,0.0,0.0,0.0008602064736747331,0.0,0.0,-0.7497899014080694,0.0,0.0,-1.4233536735319621e-22,72030734.88136928,0.0,0.0,-0.000174273308602858,0.0,0.0,-1.0,-13544384.8793715,2439133.948809065,1580073.9761042069,-9525176.954458226,196036460118094.8,1529.268881,196036460118094.8,1529.268881,196036460118094.8,1529.268881,196036460118094.8,1529.268881,196036460608387.84,1529.268877175253,196036459627801.75,1529.2688848247474
0.0003050000000000005,0.0,0.0,0.0008564326221236426,0.0,0.0,-0.7547703102180872,0.0,0.0,-1.3767254259741167e-22,72050662.87809871,0.0,0.0,-0.00017348234457551992,0.0,0.0,-1.0,-13565087.67667525,2428063.594852777,1568092.8725915835,-9568931.20923089,196036460118094.8,1529.268881,196036460118094.8,1529.268881,196036460118094.8,1529.268881,196036460118094.8,1529.268881,196036460611644.6,1529.2688771498474,196036459624545.03,1529.268884850153
0.0003100000000000005,0.0,0.0,0.0008526346762736349,0.0,0.0,-0.7595891700015424,0.0,0.0,-1.331320040503935e-22,72070143.02195959,0.0,0.0,-0.00017268672607407816,0.0,0.0,-1.0,-13585891.114211991,2416928.0967508303,1556058.9930587104,-9612904.02440245,196036460118094.8,1529.268881,196036460118094.8,1529.268881,196036460118094.8,1529.268881,196036460118094.8,1529.268881,196036460614795.7,1529.2688771252658,196036459621393.94,1529.2688848747343
0.0003150000000000005,0.0,0.0,0.0008488134226860978,0.0,0.0,-0.7642507175074067,0.0,0.0,-1.287125780992465e-22,72089160.32327504,0.0,0.0,-0.00017188661972285753,0.0,0.0,-1.0,-13606789.62600519,2405729.7865817877,1543975.5843675765,-9657084.255055826,196036460118094.8,1529.268881,196036460118094.8,1529.268881,196036460118094.8,1529.268881,196036460118094.8,1529.268881,196036460617843.88,1529.268877101487,196036459618345.72,1529.2688848985133
0.0003200000000000005,0.0,0.0,0.0008449696269419805,0.0,0.0,-0.7687591488234575,0.0,0.0,-1.244130578609248e-22,72107700.20537746,0.0,0.0,-0.00017108218747747506,0.0,0.0,-1.0,-13627777.761757113,2394470.931080855,1531845.8224550204,-9701461.008221237,196036460118094.8,1529.268881,196036460118094.8,1529.268881,196036460118094.8,1529.268881,196036460118094.8,1529.268881,196036460620792.0,1529.268877078489,196036459615397.62,1529.2688849215112
0.00032500000000000053,0.0,0.0,0.0008411040338508625,0.0,0.0,-0.7731186182235958,0.0,0.0,-1.202322078187318e-22,72125748.50448895,0.0,0.0,-0.00017027358668066962,0.0,0.0,-1.0,-13648850.185165606,2383153.732421267,1519672.8125426169,-9746023.640201723,196036460118094.8,1529.268881,196036460118094.8,1529.268881,196036460118094.8,1529.268881,196036460118094.8,1529.268881,196036460623642.66,1529.2688770562513,196036459612546.94,1529.2688849437493
0.00033000000000000054,0.0,0.0,0.0008372173676649835,0.0,0.0,-0.7773332371757987,0.0,0.0,-1.1616876393862527e-22,72143291.49531014,0.0,0.0,-0.0001694609689520599,0.0,0.0,-1.0,-13670001.698240185,2371780.3126753154,1507459.598328061,-9790761.78723681,196036460118094.8,1529.268881,196036460118094.8,1529.268881,196036460118094.8,1529.268881,196036460118094.8,1529.268881,196036460626398.66,1529.2688770347518,196036459609790.97,1529.2688849652484
0.00033500000000000055,0.0,0.0,0.000833310332298213,0.0,0.0,-0.7814070733541029,0.0,0.0,-1.1222145171318108e-22,72160315.80374347,0.0,0.0,-0.0001686444840905233,0.0,0.0,-1.0,-13691227.158030251,2360352.7684321464,1495209.134352821,-9835665.255245285,196036460118094.8,1529.268881,196036460118094.8,1529.268881,196036460118094.8,1529.268881,196036460118094.8,1529.268881,196036460629062.56,1529.2688770139707,196036459607127.06,1529.2688849860294
0.00034000000000000057,0.0,0.0,0.0008293836115468343,0.0,0.0,-0.7853441502757424,0.0,0.0,-1.0838897481548434e-22,72176808.50013319,0.0,0.0,-0.000167824276086054,0.0,0.0,-1.0,-13712521.563264482,2348873.1149796196,1482924.3166164674,-9880724.131668394,196036460118094.8,1529.268881,196036460118094.8,1529.268881,196036460118094.8,1529.268881,196036460118094.8,1529.268881,196036460631637.03,1529.2688769938875,196036459604552.6,1529.2688850061127
0.0003450000000000006,0.0,0.0,0.0008254378693141084,0.0,0.0,-0.7891484465451866,0.0,0.0,-1.046700240672919e-22,72192757.06735857,0.0,0.0,-0.00016700048449777558,0.0,0.0,-1.0,-13733880.02219546,2337343.305591011,1470607.9725348451,-9925928.744069604,196036460118094.8,1529.268881,196036460118094.8,1529.268881,196036460118094.8,1529.268881,196036460118094.8,1529.268881,196036460634124.72,1529.2688769744811,196036459602064.9,1529.268885025519
0.0003500000000000006,0.0,0.0,0.0008214737498370639,0.0,0.0,-0.7928238954088904,0.0,0.0,-1.0106328105532748e-22,72208149.39459102,0.0,0.0,-0.00016617324471556276,0.0,0.0,-1.0,-13755297.7529584,2325765.2351866732,1458262.8620826872,-9971269.65568904,196036460118094.8,1529.268881,196036460118094.8,1529.268881,196036460118094.8,1529.268881,196036460118094.8,1529.268881,196036460636528.1,1529.2688769557326,196036459599661.53,1529.2688850442676
0.0003550000000000006,0.0,0.0,0.0008174918779148872,0.0,0.0,-0.7963743844353367,0.0,0.0,-9.756742098296914e-23,72222973.78408322,0.0,0.0,-0.00016534268771015943,0.0,0.0,-1.0,-13776770.081429651,2314140.7368366877,1445891.6781042882,-10016737.666488675,196036460118094.8,1529.268881,196036460118094.8,1529.268881,196036460118094.8,1529.268881,196036460118094.8,1529.268881,196036460638849.8,1529.2688769376211,196036459597339.84,1529.268885062379
0.0003600000000000006,0.0,0.0,0.0008134928591384178,0.0,0.0,-0.7998037552938766,0.0,0.0,-9.418111604863664e-23,72237218.94253215,0.0,0.0,-0.00016450894037339586,0.0,0.0,-1.0,-13798292.441339342,2302471.586522548,1433497.047437249,-10062323.807379548,196036460118094.8,1529.268881,196036460118094.8,1529.268881,196036460118094.8,1529.268881,196036460118094.8,1529.268881,196036460641092.28,1529.2688769201277,196036459595097.34,1529.2688850798725
0.00036500000000000063,0.0,0.0,0.0008094772801201648,0.0,0.0,-0.8031158036506206,0.0,0.0,-9.090303809245697e-23,72250873.98476185,0.0,0.0,-0.00016367212537897566,0.0,0.0,-1.0,-13819860.372258084,2290759.501188734,1421081.5313289808,-10108019.33974037,196036460118094.8,1529.268881,196036460118094.8,1529.268881,196036460118094.8,1529.268881,196036460118094.8,1529.268881,196036460643258.06,1529.2688769032327,196036459592931.56,1529.2688850967677
0.00037000000000000065,0.0,0.0,0.0008054457087243846,0.0,0.0,-0.8063142791560239,0.0,0.0,-8.773186135267933e-23,72263928.42844604,0.0,0.0,-0.0001628323613579888,0.0,0.0,-1.0,-13841469.520185653,2279006.141199195,1408647.6267818625,-10153815.752204593,196036460118094.8,1529.268881,196036460118094.8,1529.268881,196036460118094.8,1529.268881,196036460118094.8,1529.268881,196036460645349.56,1529.2688768869168,196036459590840.06,1529.2688851130833
0.00037500000000000066,0.0,0.0,0.0008013986942967448,0.0,0.0,-0.8094028855279726,0.0,0.0,-8.466626509088439e-23,72276372.19471428,0.0,0.0,-0.00016198976289756985,0.0,0.0,-1.0,-13863115.633883355,2267213.11031857,1396197.7664488123,-10199704.757115973,196036460118094.8,1529.268881,196036460118094.8,1529.268881,196036460118094.8,1529.268881,196036460118094.8,1529.268881,196036460647369.22,1529.2688768711616,196036459588820.4,1529.2688851288385
0.00038000000000000067,0.0,0.0,0.0007973367678931157,0.0,0.0,-0.8123852807258231,0.0,0.0,-8.170493579473416e-23,72288195.6058058,0.0,0.0,-0.00016114444057173667,0.0,0.0,-1.0,-13884794.566038592,2255381.9561438104,1383734.3202257154,-10245678.289669065,196036460118094.8,1529.268881,196036460118094.8,1529.268881,196036460118094.8,1529.268881,196036460118094.8,1529.268881,196036460649319.44,1529.268876855948,196036459586870.2,1529.268885144052
0.0003850000000000007,0.0,0.0,0.0007932604425071118,0.0,0.0,-0.8152650772007575,0.0,0.0,-7.884656958513339e-23,72299389.38111944,0.0,0.0,-0.000160296501079713,0.0,0.0,-1.0,-13906502.27126102,2243514.1720401417,1371259.5957672184,-10291728.503453657,196036460118094.8,1529.268881,196036460118094.8,1529.268881,196036460118094.8,1529.268881,196036460118094.8,1529.268881,196036460651202.56,1529.268876841258,196036459584987.06,1529.2688851587423
0.0003900000000000007,0.0,0.0,0.0007891702132959642,0.0,0.0,-0.8180458422295397,0.0,0.0,-7.60898742264376e-23,72309944.63656469,0.0,0.0,-0.0001594460472310305,0.0,0.0,-1.0,-13928234.804898454,2231611.196932553,1358775.839305554,-10337847.768660346,196036460118094.8,1529.268881,196036460118094.8,1529.268881,196036460118094.8,1529.268881,196036460118094.8,1529.268881,196036460653020.94,1529.268876827073,196036459583168.7,1529.2688851729272
0.0003950000000000007,0.0,0.0,0.0007850665578043746,0.0,0.0,-0.8207310983179154,0.0,0.0,-7.343357109997912e-23,72319852.88199759,0.0,0.0,-0.0001585931779996566,0.0,0.0,-1.0,-13949988.32185941,2219674.4160633762,1346285.2364889716,-10384028.669307062,196036460118094.8,1529.268881,196036460118094.8,1529.268881,196036460118094.8,1529.268881,196036460118094.8,1529.268881,196036460654776.84,1529.268876813375,196036459581412.78,1529.268885186625
0.0004000000000000007,0.0,0.0,0.0007809499361860127,0.0,0.0,-0.8233243236723882,0.0,0.0,-7.087639715133555e-23,72329106.01571979,0.0,0.0,-0.00015773798867905263,0.0,0.0,-1.0,-13971759.075788302,2207705.163162477,1333789.9133581296,-10430263.999267694,196036460118094.8,1529.268881,196036460118094.8,1529.268881,196036460118094.8,1529.268881,196036460118094.8,1529.268881,196036460656472.53,1529.2688768001472,196036459579717.1,1529.268885199853
0.00040500000000000074,0.0,0.0,0.0007768207914223154,0.0,0.0,-0.8258289527394623,0.0,0.0,-6.841710638350337e-23,72337696.32766287,0.0,0.0,-0.00015688057070321215,0.0,0.0,-1.0,-13993543.417229915,2195704.7179425056,1321291.9369863698,-10476546.76230104,196036460118094.8,1529.268881,196036460118094.8,1529.268881,196036460118094.8,1529.268881,196036460118094.8,1529.268881,196036460658110.38,1529.2688767873706,196036459578079.28,1529.2688852126294
0.00041000000000000075,0.0,0.0,0.0007726795495383323,0.0,0.0,-0.8282483767966152,0.0,0.0,-6.605447181866718e-23,72345616.48936285,0.0,0.0,-0.00015602101199405953,0.0,0.0,-1.0,-14015337.792061612,2183674.310961099,1308793.316225645,-10522870.164874868,196036460118094.8,1529.268881,196036460118094.8,1529.268881,196036460118094.8,1529.268881,196036460118094.8,1529.268881,196036460659692.4,1529.2688767750292,196036459576497.22,1529.2688852249712
0.00041500000000000076,0.0,0.0,0.0007685266198152761,0.0,0.0,-0.8305859446112406,0.0,0.0,-6.378728667127376e-23,72352859.55367588,0.0,0.0,-0.00015515939680269436,0.0,0.0,-1.0,-14037138.743019933,2171615.121398929,1296296.003535575,-10569227.61808543,196036460118094.8,1529.268881,196036460118094.8,1529.268881,196036460118094.8,1529.268881,196036460118094.8,1529.268881,196036460661220.97,1529.268876763105,196036459574968.66,1529.2688852368951
0.0004200000000000008,0.0,0.0,0.0007643623949995749,0.0,0.0,-0.8328449631402332,0.0,0.0,-6.161436599204138e-23,72359418.95366286,0.0,0.0,-0.00015429580581032218,0.0,0.0,-1.0,-14058942.903889805,2159528.278472335,1283801.894280918,-10615612.731136551,196036460118094.8,1529.268881,196036460118094.8,1529.268881,196036460118094.8,1529.268881,196036460118094.8,1529.268881,196036460662698.16,1529.2688767515815,196036459573491.47,1529.2688852484187
0.0004250000000000008,0.0,0.0,0.0007601872515081423,0.0,0.0,-0.8350286982865311,0.0,0.0,-5.953454790325398e-23,72365288.4947395,0.0,0.0,-0.00015343031623157662,0.0,0.0,-1.0,-14080747.001970217,2147414.8628794197,1271312.8289050446,-10662019.310185751,196036460118094.8,1529.268881,196036460118094.8,1529.268881,196036460118094.8,1529.268881,196036460118094.8,1529.268881,196036460664126.12,1529.268876740442,196036459572063.5,1529.2688852595581
0.0004300000000000008,0.0,0.0,0.00075600154962965,0.0,0.0,-0.8371403756984581,0.0,0.0,-5.754669482066452e-23,72370462.35397203,0.0,0.0,-0.00015256300179324145,0.0,0.0,-1.0,-14102547.855111746,2135275.9065022473,1258830.5932307944,-10708441.355378702,196036460118094.8,1529.268881,196036460118094.8,1529.268881,196036460118094.8,1529.268881,196036460118094.8,1529.268881,196036460665506.97,1529.26887672967,196036459570682.66,1529.2688852703302
0.0004350000000000008,0.0,0.0,0.000751805633721593,0.0,0.0,-0.8391831816113988,0.0,0.0,-5.564969465483044e-23,72374935.07396927,0.0,0.0,-0.00015169393285460427,0.0,0.0,-1.0,-14124342.370912138,2123112.394091313,1246356.9195157688,-10754873.057305058,196036460118094.8,1529.268881,196036460118094.8,1529.268881,196036460118094.8,1529.268881,196036460118094.8,1529.268881,196036460666842.78,1529.2688767192494,196036459569346.84,1529.2688852807507
0.00044000000000000083,0.0,0.0,0.0007475998324029375,0.0,0.0,-0.8411602637310961,0.0,0.0,-5.38424618079916e-23,72378701.5604743,0.0,0.0,-0.00015082317637615477,0.0,0.0,-1.0,-14146127.54560075,2110925.2628274453,1233893.4874056668,-10801308.795367638,196036460118094.8,1529.268881,196036460118094.8,1529.268881,196036460118094.8,1529.268881,196036460118094.8,1529.268881,196036460668135.62,1529.268876709164,196036459568054.03,1529.2688852908357
0.00044500000000000084,0.0,0.0,0.0007433844587421801,0.0,0.0,-0.8430747321514865,0.0,0.0,-5.212393822157696e-23,72381757.08053152,0.0,0.0,-0.00014995079597075105,0.0,0.0,-1.0,-14167900.460373642,2098715.4030379285,1221441.9240095115,-10847743.133326204,196036460118094.8,1529.268881,196036460118094.8,1529.268881,196036460118094.8,1529.268881,196036460118094.8,1529.268881,196036460669387.5,1529.2688766993983,196036459566802.12,1529.2688853006018
0.00045000000000000086,0.0,0.0,0.000739159810440636,0.0,0.0,-0.8449296603088284,0.0,0.0,-5.0493094288600436e-23,72384097.25053917,0.0,0.0,-0.00014907685203884336,0.0,0.0,-1.0,-14189658.28511887,2086483.6600891019,1209003.8065392287,-10894170.81849054,196036460118094.8,1529.268881,196036460118094.8,1529.268881,196036460118094.8,1529.268881,196036460118094.8,1529.268881,196036460670600.44,1529.2688766899362,196036459565589.2,1529.268885310064
0.00045500000000000087,0.0,0.0,0.0007349261700107988,0.0,0.0,-0.8467280859674389,0.0,0.0,-4.894892972272958e-23,72385718.03927065,0.0,0.0,-0.0001482014017127479,0.0,0.0,-1.0,-14211398.272233393,2074230.8336064105,1196580.6615202408,-10940586.777106741,196036460118094.8,1529.268881,196036460118094.8,1529.268881,196036460118094.8,1529.268881,196036460118094.8,1529.268881,196036460671776.47,1529.268876680762,196036459564413.2,1529.2688853192378
0.0004600000000000009,0.0,0.0,0.0007306838049496212,0.0,0.0,-0.8484730122355438,0.0,0.0,-4.7490474373161334e-23,72386615.76049298,0.0,0.0,-0.00014732449895722485,0.0,0.0,-1.0,-14233117.756668122,2061957.6788820992,1184173.9661624827,-10986986.11162354,196036460118094.8,1529.268881,196036460118094.8,1529.268881,196036460118094.8,1529.268881,196036460118094.8,1529.268881,196036460672917.47,1529.2688766718613,196036459563272.16,1529.2688853281388
0.0004650000000000009,0.0,0.0,0.0007264329679065744,0.0,0.0,-0.8501674086093578,0.0,0.0,-4.611678890520508e-23,72386787.06772697,0.0,0.0,-0.00014644619453259874,0.0,0.0,-1.0,-14254814.15644214,2049664.906359046,1171785.1498962108,-11033364.100186883,196036460118094.8,1529.268881,196036460118094.8,1529.268881,196036460118094.8,1529.268881,196036460118094.8,1529.268881,196036460674025.47,1529.2688766632177,196036459562164.2,1529.2688853367822
0.0004700000000000009,0.0,0.0,0.0007221738968463707,0.0,0.0,-0.8518142120407441,0.0,0.0,-4.482696561643931e-23,72386228.95018658,0.0,0.0,-0.0001455665361820776,0.0,0.0,-1.0,-14276484.967768237,2037353.1842524845,1159415.5940429182,-11079716.189472834,196036460118094.8,1529.268881,196036460118094.8,1529.268881,196036460118094.8,1529.268881,196036460118094.8,1529.268881,196036460675102.28,1529.2688766548176,196036459561087.3,1529.268885345183
0.0004750000000000009,0.0,0.0,0.000717906815206205,0.0,0.0,-0.8534163280331529,0.0,0.0,-4.3620128959005144e-23,72384938.72447155,0.0,0.0,-0.0001446855685142062,0.0,0.0,-1.0,-14298127.769077966,2025023.1369048147,1147066.6345704414,-11126037.997602709,196036460118094.8,1529.268881,196036460118094.8,1529.268881,196036460118094.8,1529.268881,196036460118094.8,1529.268881,196036460676149.94,1529.268876646645,196036459560039.7,1529.2688853533552
0.00048000000000000093,0.0,0.0,0.0007136319320474267,0.0,0.0,-0.8549766317556524,0.0,0.0,-4.2495436196615743e-23,72382914.03722514,0.0,0.0,-0.00014380333310698884,0.0,0.0,-1.0,-14319740.21254499,2012675.346242912,1134739.5605182357,-11172325.30578384,196036460118094.8,1529.268881,196036460118094.8,1529.268881,196036460118094.8,1529.268881,196036460118094.8,1529.268881,196036460677170.25,1529.2688766386857,196036459559019.4,1529.2688853613145
0.00048500000000000095,0.0,0.0,0.0007093494422015281,0.0,0.0,-0.8564979691797251,0.0,0.0,-4.145207795505303e-23,72380152.85170043,0.0,0.0,-0.00014291986854089153,0.0,0.0,-1.0,-14341320.028863726,2000310.3522400237,1122435.6170152042,-11218574.0596085,196036460118094.8,1529.268881,196036460118094.8,1529.268881,196036460118094.8,1529.268881,196036460118094.8,1529.268881,196036460678165.06,1529.268876630925,196036459558024.6,1529.268885369075
0.000490000000000001,0.0,0.0,0.0007050595264103524,0.0,0.0,-0.8579831582351354,0.0,0.0,-4.0489278751413565e-23,72376653.44652598,0.0,0.0,-0.00014203521047146967,0.0,0.0,-1.0,-14362865.022211589,1987928.6539322697,1110156.0048972683,-11264780.363382053,196036460118094.8,1529.268881,196036460118094.8,1529.268881,196036460118094.8,1529.268881,196036460118094.8,1529.268881,196036460679136.22,1529.2688766233491,196036459557053.4,1529.268885376651
0.000495000000000001,0.0,0.0,0.0007007623514604318,0.0,0.0,-0.8594349899841339,0.0,0.0,-3.9606297439477076e-23,72372414.40903462,0.0,0.0,-0.00014114939155843628,0.0,0.0,-1.0,-14384373.07136674,1975530.7084258772,1097901.8824575276,-11310940.480483336,196036460118094.8,1529.268881,196036460118094.8,1529.268881,196036460118094.8,1529.268881,196036460118094.8,1529.268881,196036460680085.6,1529.268876615943,196036459556104.03,1529.268885384057
0.000500000000000001,0.0,0.0,0.0006964580703113764,0.0,0.0,-0.8608562298110921,0.0,0.0,-3.880242770495671e-23,72367434.62968287,0.0,0.0,-0.00014026244163401247,0.0,0.0,-1.0,-14405842.12617386,1963116.9332534228,1085674.3655849406,-11357050.827335497,196036460118094.8,1529.268881,196036460118094.8,1529.268881,196036460118094.8,1529.268881,196036460118094.8,1529.268881,196036460681014.94,1529.2688766086935,196036459555174.7,1529.2688853913069
0.000505000000000001,0.0,0.0,0.0006921468222182298,0.0,0.0,-0.8622496186292957,0.0,0.0,-3.8076998448098147e-23,72361713.29632574,0.0,0.0,-0.00013937438760607863,0.0,0.0,-1.0,-14427270.2081063,1950687.7050183273,1073474.5293220272,-11403107.973765945,196036460118094.8,1529.268881,196036460118094.8,1529.268881,196036460118094.8,1529.268881,196036460118094.8,1529.268881,196036460681926.06,1529.2688766015858,196036459554263.56,1529.2688853984143
0.000510000000000001,0.0,0.0,0.0006878287328477249,0.0,0.0,-0.863617874100993,0.0,0.0,-3.7429374148742735e-23,72355249.89205557,0.0,0.0,-0.0001384852534939543,0.0,0.0,-1.0,-14448655.406534828,1938243.3598956396,1061303.4079352221,-11449108.638703967,196036460118094.8,1529.268881,196036460118094.8,1529.268881,196036460118094.8,1529.268881,196036460118094.8,1529.268881,196036460682820.8,1529.2688765946057,196036459553368.84,1529.2688854053943
0.000515000000000001,0.0,0.0,0.0006835039143883745,0.0,0.0,-0.8649636918700918,0.0,0.0,-3.6858955327844336e-23,72348044.18128608,0.0,0.0,-0.00013759506067564624,0.0,0.0,-1.0,-14469995.87922974,1925784.197092521,1049161.9964518214,-11495049.685685396,196036460118094.8,1529.268881,196036460118094.8,1529.268881,196036460118094.8,1529.268881,196036460118094.8,1529.268881,196036460683700.84,1529.2688765877408,196036459552488.78,1529.2688854122594
0.000520000000000001,0.0,0.0,0.0006791724656543202,0.0,0.0,-0.866289746810846,0.0,0.0,-3.6365178779674343e-23,72340096.2116037,0.0,0.0,-0.00013670382756744907,0.0,0.0,-1.0,-14491289.851025034,1913310.474363929,1037051.2515602041,-11540928.125100901,196036460118094.8,1529.268881,196036460118094.8,1529.268881,196036460118094.8,1529.268881,196036460118094.8,1529.268881,196036460684567.97,1529.2688765809764,196036459551621.7,1529.2688854190237
0.000525000000000001,0.0,0.0,0.0006748344721828973,0.0,0.0,-0.8675986942845876,0.0,0.0,-3.594751794748051e-23,72331406.30403244,0.0,0.0,-0.00013581156990975928,0.0,0.0,-1.0,-14512535.611130888,1900822.4120128804,1024972.0920421854,-11586741.107075822,196036460118094.8,1529.268881,196036460118094.8,1529.268881,196036460118094.8,1529.268881,196036460118094.8,1529.268881,196036460685423.88,1529.2688765742994,196036459550765.75,1529.2688854257008
0.0005300000000000011,0.0,0.0,0.0006704900063258499,0.0,0.0,-0.8688931714094722,0.0,0.0,-3.5605483196010054e-23,72321975.04873545,0.0,0.0,-0.00013491830067509662,0.0,0.0,-1.0,-14533731.512304477,1888320.1916031127,1012925.3998495572,-11632485.920851808,196036460118094.8,1529.268881,196036460118094.8,1529.268881,196036460118094.8,1529.268881,196036460118094.8,1529.268881,196036460686270.34,1529.2688765676962,196036459549919.25,1529.2688854323042
0.0005350000000000011,0.0,0.0,0.0006661391273341516,0.0,0.0,-0.8701757983396692,0.0,0.0,-3.53386221344241e-23,72311803.29600279,0.0,0.0,-0.00013402403014494392,0.0,0.0,-1.0,-14554875.970326995,1875803.9570345383,1000912.0212875115,-11678159.992004946,196036460118094.8,1529.268881,196036460118094.8,1529.268881,196036460118094.8,1529.268881,196036460118094.8,1529.268881,196036460687109.06,1529.2688765611535,196036459549080.56,1529.2688854388468
0.0005400000000000011,0.0,0.0,0.000661781881436373,0.0,0.0,-0.871449179555737,0.0,0.0,-3.514651982670354e-23,72300892.1545632,0.0,0.0,-0.00013312876585329776,0.0,0.0,-1.0,-14575967.461163059,1863273.8137531772,988932.7673962262,-11723760.880013654,196036460118094.8,1529.268881,196036460118094.8,1529.268881,196036460118094.8,1529.268881,196036460118094.8,1529.268881,196036460687941.75,1529.2688765546577,196036459548247.88,1529.2688854453424
0.0005450000000000011,0.0,0.0,0.0006574183019105615,0.0,0.0,-0.8727159051622895,0.0,0.0,-3.5028799062928273e-23,72289242.98268405,0.0,0.0,-0.00013223251270723152,0.0,0.0,-1.0,-14597004.519860905,1850729.8304385617,976988.4149370515,-11769286.274485292,196036460118094.8,1529.268881,196036460118094.8,1529.268881,196036460118094.8,1529.268881,196036460118094.8,1529.268881,196036460688770.06,1529.268876548196,196036459547419.56,1529.2688854518042
0.0005500000000000011,0.0,0.0,0.0006530484091495862,0.0,0.0,-0.8739785521950609,0.0,0.0,-3.498512062288914e-23,72276857.3814966,0.0,0.0,-0.00013133527294082706,0.0,0.0,-1.0,-14617985.740113033,1838172.0383589617,965079.7076093898,-11814733.99414468,196036460118094.8,1529.268881,196036460118094.8,1529.268881,196036460118094.8,1529.268881,196036460118094.8,1529.268881,196036460689595.72,1529.2688765417552,196036459546593.9,1529.268885458245
0.0005550000000000011,0.0,0.0,0.0006486722107199007,0.0,0.0,-0.8752396859371044,0.0,0.0,-3.501518347071873e-23,72263737.19086525,0.0,0.0,-0.00013043704612650736,0.0,0.0,-1.0,-14638909.771864789,1825600.431529998,953207.3565938054,-11860101.983740987,196036460118094.8,1529.268881,196036460118094.8,1529.268881,196036460118094.8,1529.268881,196036460118094.8,1529.268881,196036460690420.38,1529.268876535322,196036459545769.25,1529.268885464678
0.0005600000000000011,0.0,0.0,0.000644289701413692,0.0,0.0,-0.876501861241732,0.0,0.0,-3.511872498261824e-23,72249884.48246293,0.0,0.0,-0.00012953782920161388,0.0,0.0,-1.0,-14659775.320152849,1813014.9670866185,941372.0415242016,-11905388.311542027,196036460118094.8,1529.268881,196036460118094.8,1529.268881,196036460118094.8,1529.268881,196036460118094.8,1529.268881,196036460691245.72,1529.2688765288835,196036459544943.9,1529.2688854711166
0.0005650000000000012,0.0,0.0,0.0006399008632943753,0.0,0.0,-0.8777676238633472,0.0,0.0,-3.529552114503522e-23,72235301.55335836,0.0,0.0,-0.00012863761651109117,0.0,0.0,-1.0,-14680581.143513763,1800415.565880514,929574.4113147405,-11950591.166318508,196036460118094.8,1529.268881,196036460118094.8,1529.268881,196036460118094.8,1529.268881,196036460118094.8,1529.268881,196036460692073.44,1529.2688765224268,196036459544116.2,1529.2688854775736
0.0005700000000000012,0.0,0.0,0.0006355056657353996,0.0,0.0,-0.8790395117951411,0.0,0.0,-3.5545386806627676e-23,72219990.91796067,0.0,0.0,-0.0001277363997957732,0.0,0.0,-1.0,-14701326.053645648,1787802.1123161728,917815.0854251906,-11995708.855904281,196036460118094.8,1529.268881,196036460118094.8,1529.268881,196036460118094.8,1529.268881,196036460118094.8,1529.268881,196036460692905.12,1529.2688765159387,196036459543284.5,1529.2688854840615
0.0005750000000000012,0.0,0.0,0.000631104065452322,0.0,0.0,-0.8803200566155199,0.0,0.0,-3.586817575233323e-23,72203955.30820736,0.0,0.0,-0.00012683416817029628,0.0,0.0,-1.0,-14722008.911480991,1775174.45404175,906094.6538881155,-12040739.803551124,196036460118094.8,1529.268881,196036460118094.8,1529.268881,196036460118094.8,1529.268881,196036460118094.8,1529.268881,196036460693742.47,1529.2688765094065,196036459542447.16,1529.2688854905937
0.0005800000000000012,0.0,0.0,0.0006266960065281365,0.0,0.0,-0.8816117848370976,0.0,0.0,-3.626378100791169e-23,72187197.66018899,0.0,0.0,-0.00012593090820557548,0.0,0.0,-1.0,-14742628.628308695,1762532.4031034086,894413.6790911632,-12085682.546114122,196036460118094.8,1529.268881,196036460118094.8,1529.268881,196036460118094.8,1529.268881,196036460118094.8,1529.268881,196036460694587.12,1529.2688765028174,196036459541602.5,1529.2688854971827
0.0005850000000000012,0.0,0.0,0.0006222814204318053,0.0,0.0,-0.8829172192662401,0.0,0.0,-3.673213495822302e-23,72169721.11419289,0.0,0.0,-0.00012502660381935566,0.0,0.0,-1.0,-14763184.162762882,1749875.7344134704,882772.6961343024,-12130535.73221511,196036460118094.8,1529.268881,196036460118094.8,1529.268881,196036460118094.8,1529.268881,196036460118094.8,1529.268881,196036460695440.78,1529.268876496158,196036459540748.84,1529.268885503842
0.0005900000000000012,0.0,0.0,0.0006178602260299718,0.0,0.0,-0.884238880366708,0.0,0.0,-3.727320951771252e-23,72151529.00434108,0.0,0.0,-0.00012412123644391055,0.0,0.0,-1.0,-14783674.51980942,1737204.1880975356,871172.2138868712,-12175298.117825013,196036460118094.8,1529.268881,196036460118094.8,1529.268881,196036460118094.8,1529.268881,196036460118094.8,1529.268881,196036460696305.03,1529.2688764894162,196036459539884.6,1529.2688855105841
0.0005950000000000012,0.0,0.0,0.0006134323295918257,0.0,0.0,-0.8855792876292046,0.0,0.0,-3.7887016369557796e-23,72132624.85343473,0.0,0.0,-0.00012321478490592437,0.0,0.0,-1.0,-14804098.750060398,1724517.4678133025,859612.7161670233,-12219968.566080075,196036460118094.8,1529.268881,196036460118094.8,1529.268881,196036460118094.8,1529.268881,196036460118094.8,1529.268881,196036460697181.53,1529.2688764825787,196036459539008.1,1529.2688855174215
0.0006000000000000012,0.0,0.0,0.0006089976247870797,0.0,0.0,-0.8869409609492106,0.0,0.0,-3.8573606985157267e-23,72113012.37236479,0.0,0.0,-0.000122307225457963,0.0,0.0,-1.0,-14824455.94597098,1711815.2411910403,848094.6618509736,-12264546.042928968,196036460118094.8,1529.268881,196036460118094.8,1529.268881,196036460118094.8,1529.268881,196036460118094.8,1529.268881,196036460698071.94,1529.2688764756329,196036459538117.7,1529.2688855243673
0.0006050000000000013,0.0,0.0,0.0006045559926770522,0.0,0.0,-0.8883264220054937,0.0,0.0,-3.9333072929504276e-23,72092695.44892636,0.0,0.0,-0.000121398531772429,0.0,0.0,-1.0,-14844745.242659112,1699097.139748981,836618.4865947827,-12309029.616315348,196036460118094.8,1529.268881,196036460118094.8,1529.268881,196036460118094.8,1529.268881,196036460118094.8,1529.268881,196036460698977.88,1529.2688764685656,196036459537211.75,1529.2688855314345
0.0006100000000000013,0.0,0.0,0.0006001073016988062,0.0,0.0,-0.8897381956491981,0.0,0.0,-4.01655459434248e-23,72071678.14522713,0.0,0.0,-0.0001204886749459192,0.0,0.0,-1.0,-14864965.815185983,1686362.7589543115,825184.6033422963,-12353418.452889375,196036460118094.8,1529.268881,196036460118094.8,1529.268881,196036460118094.8,1529.268881,196036460118094.8,1529.268881,196036460699901.06,1529.2688764613638,196036459536288.56,1529.2688855386364
0.0006150000000000013,0.0,0.0,0.0005956514076423273,0.0,0.0,-0.8911788112957831,0.0,0.0,-4.107119808957578e-23,72049964.68928051,0.0,0.0,-0.0001195776235899823,0.0,0.0,-1.0,-14885116.877487427,1673611.659493417,813793.4034185908,-12397711.81457542,196036460118094.8,1529.268881,196036460118094.8,1529.268881,196036460118094.8,1529.268881,196036460118094.8,1529.268881,196036460700843.1,1529.268876454015,196036459535346.53,1529.268885545985
0.0006200000000000013,0.0,0.0,0.0005911881536207173,0.0,0.0,-0.8926508043220206,0.0,0.0,-4.2050241956480457e-23,72027559.473036,0.0,0.0,-0.00011866534366967866,0.0,0.0,-1.0,-14905197.680815792,1660843.3650123598,802445.2574687548,-12441909.058334678,196036460118094.8,1529.268881,196036460118094.8,1529.268881,196036460118094.8,1529.268881,196036460118094.8,1529.268881,196036460701805.66,1529.268876446506,196036459534384.0,1529.2688855534936
0.0006250000000000013,0.0,0.0,0.000586717370033367,0.0,0.0,-0.8941567174700606,0.0,0.0,-4.3102930588552506e-23,72004467.05247672,0.0,0.0,-0.00011775179857729799,0.0,0.0,-1.0,-14925207.509749293,1648057.3631486353,791140.5155704139,-12486009.631030247,196036460118094.8,1529.268881,196036460118094.8,1529.268881,196036460118094.8,1529.268881,196036460118094.8,1529.268881,196036460702790.38,1529.2688764388245,196036459533399.25,1529.268885561176
0.0006300000000000013,0.0,0.0,0.0005822388745221216,0.0,0.0,-0.8956991022490737,0.0,0.0,-4.422955805289348e-23,71980692.12485275,0.0,0.0,-0.00011683694918612606,0.0,0.0,-1.0,-14945145.68665988,1635253.1062836905,779879.5102945641,-12530013.070081627,196036460118094.8,1529.268881,196036460118094.8,1529.268881,196036460118094.8,1529.268881,196036460118094.8,1529.268881,196036460703798.94,1529.2688764309567,196036459532390.7,1529.2688855690435
0.0006350000000000013,0.0,0.0,0.0005777524719203389,0.0,0.0,-0.8972805203565293,0.0,0.0,-4.5430459059130254e-23,71956239.54818779,0.0,0.0,-0.0001159207536875476,0.0,0.0,-1.0,-14965011.562516768,1622430.0092630137,768662.555052146,-12573918.998201609,196036460118094.8,1529.268881,196036460118094.8,1529.268881,196036460118094.8,1529.268881,196036460118094.8,1529.268881,196036460704833.03,1529.2688764228897,196036459531356.6,1529.2688855771105
0.0006400000000000014,0.0,0.0,0.0005732579541949074,0.0,0.0,-0.8989035450863042,0.0,0.0,-4.6706009382285045e-23,71931114.32026221,0.0,0.0,-0.00011500316773547682,0.0,0.0,-1.0,-14984804.52014088,1609587.451417587,757489.9467754496,-12617727.121947844,196036460118094.8,1529.268881,196036460118094.8,1529.268881,196036460118094.8,1529.268881,196036460118094.8,1529.268881,196036460705894.38,1529.2688764146105,196036459530295.25,1529.2688855853899
0.0006450000000000014,0.0,0.0,0.0005687551003811502,0.0,0.0,-0.9005707627514413,0.0,0.0,-4.8056625934686556e-23,71905321.57790649,0.0,0.0,-0.0001140841443822925,0.0,0.0,-1.0,-15004523.971639613,1596724.7756672315,746361.9666065179,-12661437.229365863,196036460118094.8,1529.268881,196036460118094.8,1529.268881,196036460118094.8,1529.268881,196036460118094.8,1529.268881,196036460706984.53,1529.268876406106,196036459529205.06,1529.2688855938943
0.0006500000000000014,0.0,0.0,0.0005642436765106033,0.0,0.0,-0.9022847741093992,0.0,0.0,-4.9482766816944916e-23,71878866.59828267,0.0,0.0,-0.00011316363398218462,0.0,0.0,-1.0,-15024169.355498735,1583841.287167845,735278.8804917834,-12705049.187839108,196036460118094.8,1529.268881,196036460118094.8,1529.268881,196036460118094.8,1529.268881,196036460118094.8,1529.268881,196036460708105.38,1529.2688763973624,196036459528084.25,1529.2688856026377
0.0006550000000000014,0.0,0.0,0.0005597234355316579,0.0,0.0,-0.9040481957890691,0.0,0.0,-5.098493133409234e-23,71851754.79053828,0.0,0.0,-0.00011224158435922587,0.0,0.0,-1.0,-15043740.13530194,1570936.2556637356,724240.9403677033,-12748562.939270502,196036460118094.8,1529.268881,196036460118094.8,1529.268881,196036460118094.8,1529.268881,196036460118094.8,1529.268881,196036460709258.5,1529.268876388367,196036459526931.12,1529.268885611633
0.0006600000000000014,0.0,0.0,0.0005551941172230661,0.0,0.0,-0.90586366171835,0.0,0.0,-5.256366019237441e-23,71823991.6950292,0.0,0.0,-0.00011131794062506977,0.0,0.0,-1.0,-15063235.798195302,1558008.9129361184,713248.3852872109,-12791978.499971975,196036460118094.8,1529.268881,196036460118094.8,1529.268881,196036460118094.8,1529.268881,196036460118094.8,1529.268881,196036460710445.6,1529.2688763791066,196036459525744.0,1529.268885620894
0.0006650000000000014,0.0,0.0,0.0005506554481002734,0.0,0.0,-0.9077338245585419,0.0,0.0,-5.421953569755829e-23,71795582.9750834,0.0,0.0,-0.00011039264518942966,0.0,0.0,-1.0,-15082655.854551207,1545058.4529497814,702301.4429930913,-12835295.958608335,196036460118094.8,1529.268881,196036460118094.8,1529.268881,196036460118094.8,1529.268881,196036460118094.8,1529.268881,196036460711668.56,1529.2688763695662,196036459524521.06,1529.268885630434
0.0006700000000000014,0.0,0.0,0.0005461071413145453,0.0,0.0,-0.9096613571456109,0.0,0.0,-5.59531812970765e-23,71766534.42453428,0.0,0.0,-0.00010946563789258394,0.0,0.0,-1.0,-15101999.831972564,1532084.0337076313,691400.3295643185,-12878515.468700612,196036460118094.8,1529.268881,196036460118094.8,1529.268881,196036460118094.8,1529.268881,196036460118094.8,1529.268881,196036460712928.97,1529.268876359734,196036459523260.66,1529.2688856402663
0.0006750000000000014,0.0,0.0,0.0005415488965449674,0.0,0.0,-0.9116489539155894,0.0,0.0,-5.776526214798787e-23,71736851.95813961,0.0,0.0,-0.00010853685573554755,0.0,0.0,-1.0,-15121267.277235629,1519084.7734741657,680545.2518488447,-12921637.25191262,196036460118094.8,1529.268881,196036460118094.8,1529.268881,196036460118094.8,1529.268881,196036460118094.8,1529.268881,196036460714228.66,1529.268876349595,196036459521960.94,1529.2688856504053
0.0006800000000000015,0.0,0.0,0.0005369803998832191,0.0,0.0,-0.9136993323496556,0.0,0.0,-5.96564848918637e-23,71706541.60831928,0.0,0.0,-0.00010760623307395434,0.0,0.0,-1.0,-15140457.753459813,1506059.7534890582,669736.408281567,-12964661.591689188,196036460118094.8,1529.268881,196036460118094.8,1529.268881,196036460118094.8,1529.268881,196036460118094.8,1529.268881,196036460715569.44,1529.2688763391359,196036459520620.2,1529.2688856608645
0.0006850000000000015,0.0,0.0,0.0005324013237111621,0.0,0.0,-0.9158152344114127,0.0,0.0,-6.162759760437174e-23,71675609.52854083,0.0,0.0,-0.00010667370150217422,0.0,0.0,-1.0,-15159570.837143505,1493008.0163452565,658973.9896972193,-13007588.831101028,196036460118094.8,1529.268881,196036460118094.8,1529.268881,196036460118094.8,1529.268881,196036460118094.8,1529.268881,196036460716953.03,1529.2688763283425,196036459519236.6,1529.2688856716577
0.0006900000000000015,0.0,0.0,0.00052781132657125,0.0,0.0,-0.9179994279824218,0.0,0.0,-6.367938978777752e-23,71644061.99232434,0.0,0.0,-0.00010573918980063505,0.0,0.0,-1.0,-15178606.116270993,1479928.565251699,648258.1805585944,-13050419.3704607,196036460118094.8,1529.268881,196036460118094.8,1529.268881,196036460118094.8,1529.268881,196036460118094.8,1529.268881,196036460718381.3,1529.2688763172005,196036459517808.34,1529.2688856827995
0.0006950000000000015,0.0,0.0,0.0005232100530297626,0.0,0.0,-0.9202547082974751,0.0,0.0,-6.581269221355463e-23,71611905.3911625,0.0,0.0,-0.00010480262400010413,0.0,0.0,-1.0,-15197563.188185355,1466820.364933001,637589.160150851,-13093153.663101502,196036460118094.8,1529.268881,196036460118094.8,1529.268881,196036460118094.8,1529.268881,196036460118094.8,1529.268881,196036460719856.03,1529.2688763056963,196036459516333.6,1529.2688856943041
0.0007000000000000015,0.0,0.0,0.0005185971335328906,0.0,0.0,-0.9225838993744159,0.0,0.0,-6.802837711968248e-23,71579146.22804143,0.0,0.0,-0.0001038639272849243,0.0,0.0,-1.0,-15216441.659615757,1453682.3402751442,626967.1045723892,-13135792.214768222,196036460118094.8,1529.268881,196036460118094.8,1529.268881,196036460118094.8,1529.268881,196036460118094.8,1529.268881,196036460721379.1,1529.2688762938149,196036459514810.5,1529.2688857061855
0.0007050000000000015,0.0,0.0,0.0005139721842556366,0.0,0.0,-0.9249898554507942,0.0,0.0,-7.032735775049526e-23,71545791.1272147,0.0,0.0,-0.00010292301997243213,0.0,0.0,-1.0,-15235241.141617263,1440513.3760374116,616392.1870166325,-13178335.578563219,196036460118094.8,1529.268881,196036460118094.8,1529.268881,196036460118094.8,1529.268881,196036460118094.8,1529.268881,196036460722952.4,1529.2688762815415,196036459513237.25,1529.2688857184583
0.0007100000000000015,0.0,0.0,0.0005093348069436137,0.0,0.0,-0.9274754624045793,0.0,0.0,-7.271058794068197e-23,71511846.8406127,0.0,0.0,-0.0001019798195066028,0.0,0.0,-1.0,-15253961.245669201,1427312.3167634439,605864.5785120144,-13220784.350393742,196036460118094.8,1529.268881,196036460118094.8,1529.268881,196036460118094.8,1529.268881,196036460118094.8,1529.268881,196036460724577.72,1529.2688762688626,196036459511611.88,1529.268885731138
0.0007150000000000016,0.0,0.0,0.0005046845887478114,0.0,0.0,-0.9300436391604618,0.0,0.0,-7.517906285810805e-23,71477320.22123724,0.0,0.0,-0.00010103424040095886,0.0,0.0,-1.0,-15272601.589320952,1414077.9659821857,595384.4520298875,-13263139.171308877,196036460118094.8,1529.268881,196036460118094.8,1529.268881,196036460118094.8,1529.268881,196036460118094.8,1529.268881,196036460726257.1,1529.2688762557618,196036459509932.53,1529.2688857442383
0.0007200000000000016,0.0,0.0,0.000500021102052202,0.0,0.0,-0.932697339121888,0.0,0.0,-7.773381739651835e-23,71442218.26307306,0.0,0.0,-0.00010008619423996046,0.0,0.0,-1.0,-15291161.782913586,1400809.0862273464,584951.9801002486,-13305400.716585992,196036460118094.8,1529.268881,196036460118094.8,1529.268881,196036460118094.8,1529.268881,196036460118094.8,1529.268881,196036460727992.34,1529.2688762422254,196036459508197.25,1529.2688857577753
0.0007250000000000016,0.0,0.0,0.0004953439042944649,0.0,0.0,-0.9354395515474112,0.0,0.0,-8.037592703160188e-23,71406548.069465,0.0,0.0,-9.913558961569749e-05,0.0,0.0,-1.0,-15309641.436731705,1387504.3981513397,574567.3395731564,-13347569.69900721,196036460118094.8,1529.268881,196036460118094.8,1529.268881,196036460118094.8,1529.268881,196036460118094.8,1529.268881,196036460729785.5,1529.268876228237,196036459506404.12,1529.268885771763
0.0007300000000000016,0.0,0.0,0.0004906525377796814,0.0,0.0,-0.9382733029566994,0.0,0.0,-8.310650656502165e-23,71370316.88445212,0.0,0.0,-9.818233203151882e-05,0.0,0.0,-1.0,-15328040.15090821,1374162.5791764758,564230.710476827,-13389646.861254906,196036460118094.8,1529.268881,196036460118094.8,1529.268881,196036460118094.8,1529.268881,196036460118094.8,1529.268881,196036460731638.53,1529.2688762137816,196036459504551.12,1529.2688857862183
0.0007350000000000016,0.0,0.0,0.00048594652948721624,0.0,0.0,-0.9412016584930306,0.0,0.0,-8.592671004591021e-23,71333532.07657649,0.0,0.0,-9.722632404352351e-05,0.0,0.0,-1.0,-15346357.517432755,1360782.2654752773,553942.2791449012,-13431632.972812574,196036460118094.8,1529.268881,196036460118094.8,1529.268881,196036460118094.8,1529.268881,196036460118094.8,1529.268881,196036460733553.4,1529.2688761988438,196036459502636.25,1529.268885801156
0.0007400000000000016,0.0,0.0,0.0004812253908708009,0.0,0.0,-0.9442277232830669,0.0,0.0,-8.883773023787158e-23,71296201.15251641,0.0,0.0,-9.626746502652534e-05,0.0,0.0,-1.0,-15364593.115739932,1347362.0486949116,543702.2391997828,-13473528.827845236,196036460118094.8,1529.268881,196036460118094.8,1529.268881,196036460118094.8,1529.268881,196036460118094.8,1529.268881,196036460735532.16,1529.2688761834077,196036459500657.47,1529.2688858165925
0.0007450000000000016,0.0,0.0,0.0004764886176519101,0.0,0.0,-0.947354643778163,0.0,0.0,-9.184079796704364e-23,71258331.75738536,0.0,0.0,-9.530565125662476e-05,0.0,0.0,-1.0,-15382746.510601046,1333900.4771128704,533510.7934188261,-13515335.240069348,196036460118094.8,1529.268881,196036460118094.8,1529.268881,196036460118094.8,1529.268881,196036460118094.8,1529.268881,196036460737576.88,1529.268876167457,196036459498612.75,1529.2688858325432
0.0007500000000000016,0.0,0.0,0.00047173568960654465,0.0,0.0,-0.9505856090730874,0.0,0.0,-9.493718125438402e-23,71219931.68726575,0.0,0.0,-9.434077582427901e-05,0.0,0.0,-1.0,-15400817.247626878,1320396.0544202968,523368.15486236056,-13557053.038344221,196036460118094.8,1529.268881,196036460118094.8,1529.268881,196036460118094.8,1529.268881,196036460118094.8,1529.268881,196036460739689.62,1529.2688761509758,196036459496500.0,1529.2688858490246
0.0007550000000000017,0.0,0.0,0.00046696607034557125,0.0,0.0,-0.9539238521946796,0.0,0.0,-9.812818480337444e-23,71181008.8893228,0.0,0.0,-9.337272855923811e-05,0.0,0.0,-1.0,-15418804.852024717,1306847.238671387,513274.5492236017,-13598683.064129727,196036460118094.8,1529.268881,196036460118094.8,1529.268881,196036460118094.8,1529.268881,196036460118094.8,1529.268881,196036460741872.5,1529.268876133947,196036459494317.1,1529.2688858660533
0.0007600000000000017,0.0,0.0,0.00046217920708870746,0.0,0.0,-0.9573726513727604,0.0,0.0,-1.0141514887288871e-22,71141571.47226161,0.0,0.0,-9.240139605224028e-05,0.0,0.0,-1.0,-15436708.824372878,1293252.4425870404,503230.21624476183,-13640226.165541075,196036460118094.8,1529.268881,196036460118094.8,1529.268881,196036460118094.8,1529.268881,196036460118094.8,1529.268881,196036460744127.75,1529.268876116354,196036459492061.9,1529.268885883646
0.0007650000000000017,0.0,0.0,0.00045737453043234754,0.0,0.0,-0.9609353312719893,0.0,0.0,-1.0479944810932131e-22,71101627.71865325,0.0,0.0,-9.14266616063512e-05,0.0,0.0,-1.0,-15454528.63635796,1279610.032873803,493235.4112251037,-13681683.19225905,196036460118094.8,1529.268881,196036460118094.8,1529.268881,196036460118094.8,1529.268881,196036460118094.8,1529.268881,196036460746457.4,1529.2688760981805,196036459489732.25,1529.2688859018194
0.0007700000000000017,0.0,0.0,0.0004525514541114312,0.0,0.0,-0.9646152641832606,0.0,0.0,-1.0828249081604938e-22,71061186.08632328,0.0,0.0,-9.04484051195068e-05,0.0,0.0,-1.0,-15472263.72957146,1265918.3285799322,483290.4076992658,-13723054.99329226,196036460118094.8,1529.268881,196036460118094.8,1529.268881,196036460118094.8,1529.268881,196036460118094.8,1529.268881,196036460748863.72,1529.268876079409,196036459487325.9,1529.2688859205912
0.0007750000000000017,0.0,0.0,0.00044770937475548225,0.0,0.0,-0.9684158711897891,0.0,0.0,-1.118657174939992e-22,71020255.22078477,0.0,0.0,-8.946650309335646e-05,0.0,0.0,-1.0,-15489913.511128047,1252175.601219166,473395.4991304587,-13764342.410778424,196036460118094.8,1529.268881,196036460118094.8,1529.268881,196036460118094.8,1529.268881,196036460118094.8,1529.268881,196036460751348.97,1529.2688760600217,196036459484840.66,1529.2688859399784
0.0007800000000000017,0.0,0.0,0.0004428476716390691,0.0,0.0,-0.9723406232826319,0.0,0.0,-1.1555059920185504e-22,70978843.97231193,0.0,0.0,-8.848082857922653e-05,0.0,0.0,-1.0,-15507477.348536111,1238380.0740144295,463551.0004665588,-13805546.274055125,196036460118094.8,1529.268881,196036460118094.8,1529.268881,196036460118094.8,1529.268881,196036460118094.8,1529.268881,196036460753915.38,1529.2688760400015,196036459482274.22,1529.2688859599991
0.0007850000000000017,0.0,0.0,0.0004379657064269721,0.0,0.0,-0.976393042419398,0.0,0.0,-1.1933863647994387e-22,70936961.39562261,0.0,0.0,-8.749125110956261e-05,0.0,0.0,-1.0,-15524954.568912372,1224529.9209382958,453757.25132935436,-13846667.396644723,196036460118094.8,1529.268881,196036460118094.8,1529.268881,196036460118094.8,1529.268881,196036460118094.8,1529.268881,196036460756565.28,1529.2688760193296,196036459479624.3,1529.2688859806708
0.0007900000000000017,0.0,0.0,0.00043306282291424375,0.0,0.0,-0.9805767025456731,0.0,0.0,-1.2323135700401742e-22,70894616.77856486,0.0,0.0,-8.649763665301582e-05,0.0,0.0,-1.0,-15542344.451208621,1210623.2660843753,444014.6169172748,-13887706.56820697,196036460118094.8,1529.268881,196036460118094.8,1529.268881,196036460118094.8,1529.268881,196036460118094.8,1529.268881,196036460759301.03,1529.268875997988,196036459476888.6,1529.268886002012
0.0007950000000000018,0.0,0.0,0.00042813834676156797,0.0,0.0,-0.98489523053516,0.0,0.0,-1.2723031402443512e-22,70851819.64451721,0.0,0.0,-8.549984760211763e-05,0.0,0.0,-1.0,-15559646.224762283,1196658.1834948098,434323.491240119,-13928664.550027354,196036460118094.8,1529.268881,196036460118094.8,1529.268881,196036460118094.8,1529.268881,196036460118094.8,1529.268881,196036460762124.97,1529.2688759759587,196036459474064.7,1529.2688860240412
0.0008000000000000018,0.0,0.0,0.0004231915852261893,0.0,0.0,-0.9893523070757398,0.0,0.0,-1.3133708413436682e-22,70808579.77427676,0.0,0.0,-8.449774264586222e-05,0.0,0.0,-1.0,-15576859.063648393,1182632.6953769333,424684.299047052,-13969542.069224408,196036460118094.8,1529.268881,196036460118094.8,1529.268881,196036460118094.8,1529.268881,196036460118094.8,1529.268881,196036460765039.47,1529.268875953223,196036459471150.2,1529.2688860467772
0.0008050000000000018,0.0,0.0,0.00041822182688879824,0.0,0.0,-0.9939516674782111,0.0,0.0,-1.3555326516109932e-22,70764907.21400131,0.0,0.0,-8.349117677178097e-05,0.0,0.0,-1.0,-15593982.083975697,1168544.7721323064,415097.49892946857,-14010339.81291392,196036460118094.8,1529.268881,196036460118094.8,1529.268881,196036460118094.8,1529.268881,196036460118094.8,1529.268881,196036460768047.0,1529.2688759297614,196036459468142.62,1529.2688860702388
0.0008100000000000018,0.0,0.0,0.00041322834137673837,0.0,0.0,-0.9986971024119703,0.0,0.0,-1.3988047337077833e-22,70720812.30236927,0.0,0.0,-8.24800011444211e-05,0.0,0.0,-1.0,-15611014.337191936,1154392.3306558996,405563.5852033625,-14051058.421332672,196036460118094.8,1529.268881,196036460118094.8,1529.268881,196036460118094.8,1529.268881,196036460118094.8,1529.268881,196036460771150.1,1529.2688759055543,196036459465039.56,1529.2688860944456
0.0008150000000000018,0.0,0.0,0.0004082103790840191,0.0,0.0,-1.0035924585438487,0.0,0.0,-1.4432034057471865e-22,70676305.68606693,0.0,0.0,-8.14640631610596e-05,0.0,0.0,-1.0,-15627954.805687625,1140173.2351158664,396083.0907575721,-14091698.479814187,196036460118094.8,1529.268881,196036460118094.8,1529.268881,196036460118094.8,1529.268881,196036460118094.8,1529.268881,196036460774351.22,1529.2688758805825,196036459461838.44,1529.2688861194174
0.0008200000000000018,0.0,0.0,0.00040316717088863566,0.0,0.0,-1.0086416390766921,0.0,0.0,-1.4887451127127028e-22,70631398.33824675,0.0,0.0,-8.04432063279635e-05,0.0,0.0,-1.0,-15644802.39832423,1125885.2952216817,386656.5900531749,-14132260.513049375,196036460118094.8,1529.268881,196036460118094.8,1529.268881,196036460118094.8,1529.268881,196036460118094.8,1529.268881,196036460777652.88,1529.2688758548265,196036459458536.75,1529.2688861451738
0.0008250000000000018,0.0,0.0,0.0003980979278676911,0.0,0.0,-1.0138486041889183,0.0,0.0,-1.5354463965217774e-22,70586101.57456748,0.0,0.0,-7.941727014832298e-05,0.0,0.0,-1.0,-15661555.94650127,1111526.2646556457,377284.70249470073,-14172744.97935092,196036460118094.8,1529.268881,196036460118094.8,1529.268881,196036460118094.8,1529.268881,196036460118094.8,1529.268881,196036460781057.78,1529.268875828265,196036459455131.88,1529.268886171735
0.0008300000000000019,0.0,0.0,0.0003930018410108393,0.0,0.0,-1.019217371370356,0.0,0.0,-1.5833238494968866e-22,70540427.09476236,0.0,0.0,-7.838609018965249e-05,0.0,0.0,-1.0,-15678214.194166858,1097093.842016236,367968.0938962589,-14213152.258254364,196036460118094.8,1529.268881,196036460118094.8,1529.268881,196036460118094.8,1529.268881,196036460118094.8,1529.268881,196036460784568.44,1529.2688758008785,196036459451621.2,1529.2688861991217
0.0008350000000000019,0.0,0.0,0.0003878780809328549,0.0,0.0,-1.0247520155968795,0.0,0.0,-1.6323940865927e-22,70494386.98328494,0.0,0.0,-7.734949792511236e-05,0.0,0.0,-1.0,-15694775.79763369,1082585.6685972386,358707.48154628905,-14253482.64749016,196036460118094.8,1529.268881,196036460118094.8,1529.268881,196036460118094.8,1529.268881,196036460118094.8,1529.268881,196036460788187.6,1529.2688757726457,196036459448002.03,1529.2688862273544
0.0008400000000000019,0.0,0.0,0.0003827257975858108,0.0,0.0,-1.0304566694088197,0.0,0.0,-1.6826736943862819e-22,70447993.7520641,0.0,0.0,-7.630732073273795e-05,0.0,0.0,-1.0,-15711239.315713584,1067999.3283769595,349503.63612815033,-14293736.351208473,196036460118094.8,1529.268881,196036460118094.8,1529.268881,196036460118094.8,1529.268881,196036460118094.8,1529.268881,196036460791917.88,1529.268875743546,196036459444271.72,1529.2688862564544
0.0008450000000000019,0.0,0.0,0.0003775441199717476,0.0,0.0,-1.0363355228126472,0.0,0.0,-1.7341791903922424e-22,70401260.35695367,0.0,0.0,-7.525938177616266e-05,0.0,0.0,-1.0,-15727603.20604627,1053332.3463488214,340357.3860051963,-14333913.473692253,196036460118094.8,1529.268881,196036460118094.8,1529.268881,196036460118094.8,1529.268881,196036460118094.8,1529.268881,196036460795762.12,1529.2688757135572,196036459440427.5,1529.268886286443
0.0008500000000000019,0.0,0.0,0.0003723321558565391,0.0,0.0,-1.0423928230416972,0.0,0.0,-1.786926966371207e-22,70354200.23656465,0.0,0.0,-7.420550004891559e-05,0.0,0.0,-1.0,-15743865.816238705,1038582.1891413525,331269.6199353231,-14374014.007162027,196036460118094.8,1529.268881,196036460118094.8,1529.268881,196036460118094.8,1529.268881,196036460118094.8,1529.268881,196036460799723.03,1529.2688756826585,196036459436466.6,1529.2688863173416
0.0008550000000000019,0.0,0.0,0.0003670889914859367,0.0,0.0,-1.0486328741204798,0.0,0.0,-1.8409332397485877e-22,70306827.33512935,0.0,0.0,-7.314549019379711e-05,0.0,0.0,-1.0,-15760025.379094062,1023746.2624901658,322241.2914385899,-14414037.825165307,196036460118094.8,1529.268881,196036460118094.8,1529.268881,196036460118094.8,1529.268881,196036460118094.8,1529.268881,196036460803803.44,1529.2688756508276,196036459432386.2,1529.2688863491728
0.0008600000000000019,0.0,0.0,0.00036181369130463333,0.0,0.0,-1.0550600362606755,0.0,0.0,-1.896213993411277e-22,70259156.13374674,0.0,0.0,-7.207916253524012e-05,0.0,0.0,-1.0,-15776080.005567927,1008821.9116908845,313273.42262260016,-14453984.671254441,196036460118094.8,1529.268881,196036460118094.8,1529.268881,196036460118094.8,1529.268881,196036460118094.8,1529.268881,196036460808006.22,1529.2688756180419,196036459428183.4,1529.2688863819585
0.0008650000000000019,0.0,0.0,0.0003565052976793906,0.0,0.0,-1.0616787250485489,0.0,0.0,-1.9527849098814804e-22,70211201.68962869,0.0,0.0,-7.100632302948585e-05,0.0,0.0,-1.0,-15792027.676338976,993806.4209018042,304367.10778209387,-14493854.147655081,196036460118094.8,1529.268881,196036460118094.8,1529.268881,196036460118094.8,1529.268881,196036460118094.8,1529.268881,196036460812334.22,1529.2688755842794,196036459423855.4,1529.268886415721
0.000870000000000002,0.0,0.0,0.0003511628306273691,0.0,0.0,-1.0684934104043005,0.0,0.0,-2.0106613059048767e-22,70162979.66810472,0.0,0.0,-6.99267731520501e-05,0.0,0.0,-1.0,-15807866.235120712,978697.0115688648,295523.5178651194,-14533645.705686726,196036460118094.8,1529.268881,196036460118094.8,1529.268881,196036460118094.8,1529.268881,196036460118094.8,1529.268881,196036460816790.38,1529.2688755495174,196036459419399.25,1529.268886450483
0.000875000000000002,0.0,0.0,0.00034578528755079517,0.0,0.0,-1.0755086153147904,0.0,0.0,-2.069858060137217e-22,70114506.38079952,0.0,0.0,-6.88403097833192e-05,0.0,0.0,-1.0,-15823593.380722864,963490.8408244508,286743.9047784189,-14573358.635119993,196036460118094.8,1529.268881,196036460118094.8,1529.268881,196036460118094.8,1529.268881,196036460118094.8,1529.268881,196036460821377.7,1529.2688755137317,196036459414811.94,1529.2688864862685
0.000880000000000002,0.0,0.0,0.00034037164297921654,0.0,0.0,-1.0827289143157246,0.0,0.0,-2.1303895273815326e-22,70065798.82664505,0.0,0.0,-6.774672543148333e-05,0.0,0.0,-1.0,-15839206.657915233,948185.0046075705,278029.60555943986,-14612992.047748221,196036460118094.8,1529.268881,196036460118094.8,1529.268881,196036460118094.8,1529.268881,196036460118094.8,1529.268881,196036460826099.06,1529.2688754769008,196036459410090.53,1529.2688865230998
0.000885000000000002,0.0,0.0,0.000334920848320833,0.0,0.0,-1.0901589316767064,0.0,0.0,-2.192269467505073e-22,70016874.722061,0.0,0.0,-6.664580780099897e-05,0.0,0.0,-1.0,-15854703.451894617,932776.5316240444,269382.0480871397,-14652544.872183433,196036460118094.8,1529.268881,196036460118094.8,1529.268881,196036460118094.8,1529.268881,196036460118094.8,1529.268881,196036460830957.62,1529.2688754389994,196036459405232.0,1529.268886561001
0.000890000000000002,0.0,0.0,0.000329431831624133,0.0,0.0,-1.0978033393400108,0.0,0.0,-2.2555109397056395e-22,69967752.5628805,0.0,0.0,-6.553734003887776e-05,0.0,0.0,-1.0,-15870080.974955354,917262.3867935726,260802.754390961,-14692015.83377082,196036460118094.8,1529.268881,196036460118094.8,1529.268881,196036460118094.8,1529.268881,196036460118094.8,1529.268881,196036460835956.34,1529.2688754000046,196036459400233.25,1529.268886599996
0.000895000000000002,0.0,0.0,0.00032390349735166783,0.0,0.0,-1.105666854493034,0.0,0.0,-2.3201262179567447e-22,69918451.64742218,0.0,0.0,-6.442110058023914e-05,0.0,0.0,-1.0,-15885336.261912165,901639.4690880837,252293.34730002185,-14731403.44552406,196036460118094.8,1529.268881,196036460118094.8,1529.268881,196036460118094.8,1529.268881,196036460118094.8,1529.268881,196036460841098.38,1529.268875359892,196036459395091.25,1529.2688866401083
0.000900000000000002,0.0,0.0,0.0003183347261674289,0.0,0.0,-1.1137542368477908,0.0,0.0,-2.3861266797265055e-22,69868992.14270172,0.0,0.0,-6.329686305271705e-05,0.0,0.0,-1.0,-15900466.156711249,885904.6101938093,243855.55435573432,-14770705.992161706,196036460118094.8,1529.268881,196036460118094.8,1529.268881,196036460118094.8,1529.268881,196036460118094.8,1529.268881,196036460846386.78,1529.2688753186374,196036459389802.84,1529.268886681363
0.000905000000000002,0.0,0.0,0.00031272437473975454,0.0,0.0,-1.122070285534868,0.0,0.0,-2.4535227003338796e-22,69819395.11648354,0.0,0.0,-6.21643963616218e-05,0.0,0.0,-1.0,-15915467.305605976,870054.5757032115,235491.2143230277,-14809921.515579734,196036460118094.8,1529.268881,196036460118094.8,1529.268881,196036460118094.8,1529.268881,196036460118094.8,1529.268881,196036460851824.72,1529.2688752762162,196036459384364.9,1529.268886723784
0.0009100000000000021,0.0,0.0,0.00030707127556159775,0.0,0.0,-1.1306198356313604,0.0,0.0,-2.52232353245612e-22,69769682.598955,0.0,0.0,-6.1023464545546414e-05,0.0,0.0,-1.0,-15930336.144854948,854086.0630940453,227202.28213565567,-14849047.79962525,196036460118094.8,1529.268881,196036460118094.8,1529.268881,196036460118094.8,1529.268881,196036460118094.8,1529.268881,196036460857415.34,1529.2688752326042,196036459378774.3,1529.2688867673958
0.0009150000000000021,0.0,0.0,0.00030137423679024104,0.0,0.0,-1.1394077542713463,0.0,0.0,-2.5925371813647455e-22,69719877.63198897,0.0,0.0,-5.987382678180069e-05,0.0,0.0,-1.0,-15945068.89064324,837995.7018054139,218990.83495065058,-14888082.353887176,196036460118094.8,1529.268881,196036460118094.8,1529.268881,196036460118094.8,1529.268881,196036460118094.8,1529.268881,196036460863161.78,1529.2688751877765,196036459373027.84,1529.2688868122236
0.0009200000000000021,0.0,0.0,0.0002956320421086205,0.0,0.0,-1.1484389363241063,0.0,0.0,-2.664170276336471e-22,69670004.31684634,0.0,0.0,-5.871523729794772e-05,0.0,0.0,-1.0,-15959661.52943054,821780.0519996318,210859.0786959122,-14927022.398734996,196036460118094.8,1529.268881,196036460118094.8,1529.268881,196036460118094.8,1529.268881,196036460118094.8,1529.268881,196036460869067.34,1529.2688751417074,196036459367122.28,1529.2688868582927
0.0009250000000000021,0.0,0.0,0.0002898434506104864,0.0,0.0,-1.157718299626826,0.0,0.0,-2.737227921155315e-22,69620087.87843388,0.0,0.0,-5.754744552860027e-05,0.0,0.0,-1.0,-15974109.804675845,805435.6067567505,202809.35371334472,-14965864.84420575,196036460118094.8,1529.268881,196036460118094.8,1529.268881,196036460118094.8,1529.268881,196036460118094.8,1529.268881,196036460875135.2,1529.2688750943728,196036459361054.44,1529.2688869056274
0.0009300000000000021,0.0,0.0,0.00028400719671198965,0.0,0.0,-1.1672507796993492,0.0,0.0,-2.8117135517810463e-22,69570154.72151685,0.0,0.0,-5.637019580571887e-05,0.0,0.0,-1.0,-15988409.205844995,788958.7877399628,194844.14154857173,-15004606.27655646,196036460118094.8,1529.268881,196036460118094.8,1529.268881,196036460118094.8,1529.268881,196036460118094.8,1529.268881,196036460881368.56,1529.2688750457464,196036459354821.06,1529.2688869542537
0.0009350000000000021,0.0,0.0,0.00027812199009216064,0.0,0.0,-1.1770413239658044,0.0,0.0,-2.8876287716362623e-22,69520232.4865013,0.0,0.0,-5.518322769000392e-05,0.0,0.0,-1.0,-16002554.956460783,772345.9498337754,186966.07176837887,-15043242.93485863,196036460118094.8,1529.268881,196036460118094.8,1529.268881,196036460118094.8,1529.268881,196036460118094.8,1529.268881,196036460887770.66,1529.2688749958043,196036459348418.97,1529.268887004196
0.0009400000000000021,0.0,0.0,0.0002721865156651328,0.0,0.0,-1.1870948854055656,0.0,0.0,-2.9649731892714983e-22,69470350.11760235,0.0,0.0,-5.398627558882659e-05,0.0,0.0,-1.0,-16016542.000785341,755593.3757965594,179177.92866627258,-15081770.69632251,196036460118094.8,1529.268881,196036460118094.8,1529.268881,196036460118094.8,1529.268881,196036460118094.8,1529.268881,196036460894344.75,1529.2688749445201,196036459341844.88,1529.2688870554803
0.0009450000000000022,0.0,0.0,0.0002661994335869239,0.0,0.0,-1.1974164156417848,0.0,0.0,-3.04374439772695e-22,69420537.4264592,0.0,0.0,-5.277907315332441e-05,0.0,0.0,-1.0,-16030365.07892643,738697.3378024194,171482.6886228049,-15120185.052501205,196036460118094.8,1529.268881,196036460118094.8,1529.268881,196036460118094.8,1529.268881,196036460118094.8,1529.268881,196036460901094.1,1529.2688748918688,196036459335095.53,1529.2688871081314
0.0009500000000000022,0.0,0.0,0.00026015937929713183,0.0,0.0,-1.2080108579584192,0.0,0.0,-3.123937330792293e-22,69370826.59702848,0.0,0.0,-5.156134117621402e-05,0.0,0.0,-1.0,-16044018.458026005,721653.9280586531,163883.44001826583,-15158481.089949086,196036460118094.8,1529.268881,196036460118094.8,1529.268881,196036460118094.8,1529.268881,196036460118094.8,1529.268881,196036460908021.88,1529.2688748378255,196036459328167.75,1529.2688871621747
0.0009550000000000022,0.0,0.0,0.0002540649636066971,0.0,0.0,-1.2188831380869471,0.0,0.0,-3.205544498432455e-22,69321250.87748128,0.0,0.0,-5.033279907193151e-05,0.0,0.0,-1.0,-16057496.162931101,704459.2194821062,156383.47460171653,-15196653.468847279,196036460118094.8,1529.268881,196036460118094.8,1529.268881,196036460118094.8,1529.268881,196036460118094.8,1529.268881,196036460915131.34,1529.268874782365,196036459321058.3,1529.268887217635
0.0009600000000000022,0.0,0.0,0.0002479147728276534,0.0,0.0,-1.2300381558087425,0.0,0.0,-3.288555653068854e-22,69271845.05731067,0.0,0.0,-4.909316152160507e-05,0.0,0.0,-1.0,-16070791.888856793,687109.2187421183,148986.27027820496,-15234696.399836466,196036460118094.8,1529.268881,196036460118094.8,1529.268881,196036460118094.8,1529.268881,196036460118094.8,1529.268881,196036460922425.7,1529.2688747254624,196036459313763.97,1529.2688872745375
0.0009650000000000022,0.0,0.0,0.00024170736895064718,0.0,0.0,-1.241480775401243,0.0,0.0,-3.3729575694680304e-22,69222645.55493511,0.0,0.0,-4.7842138260705836e-05,0.0,0.0,-1.0,-16083898.983520472,669599.8632884793,141695.4980510299,-15272603.622180963,196036460118094.8,1529.268881,196036460118094.8,1529.268881,196036460118094.8,1529.268881,196036460118094.8,1529.268881,196036460929908.1,1529.2688746670926,196036459306281.53,1529.2688873329078
0.0009700000000000022,0.0,0.0,0.00023544128987403962,0.0,0.0,-1.2532158153215154,0.0,0.0,-3.458733818885899e-22,69173690.47999454,0.0,0.0,-4.6579434275391976e-05,0.0,0.0,-1.0,-16096810.433320507,651927.0240994664,134515.03068976445,-15310368.378531277,196036460118094.8,1529.268881,196036460118094.8,1529.268881,196036460118094.8,1529.268881,196036460118094.8,1529.268881,196036460937581.7,1529.2688746072313,196036459298607.9,1529.268887392769
0.0009750000000000022,0.0,0.0,0.00022911504968850302,0.0,0.0,-1.2652480371073178,0.0,0.0,-3.5458645289702057e-22,69125019.72033378,0.0,0.0,-4.530474963324449e-05,0.0,0.0,-1.0,-16109518.845165752,634086.503312817,127448.95022257489,-15347983.391630359,196036460118094.8,1529.268881,196036460118094.8,1529.268881,196036460118094.8,1529.268881,196036460118094.8,1529.268881,196036460945449.66,1529.2688745458538,196036459290739.97,1529.2688874541466
0.0009800000000000021,0.0,0.0,0.00022272713902127145,0.0,0.0,-1.277582133446316,0.0,0.0,-3.6343261413712154e-22,69076674.9991154,0.0,0.0,-4.401777969321113e-05,0.0,0.0,-1.0,-16122016.433121808,616074.0371641099,120501.55741419632,-15385440.838543503,196036460118094.8,1529.268881,196036460118094.8,1529.268881,196036460118094.8,1529.268881,196036460118094.8,1529.268881,196036460953515.03,1529.268874482936,196036459282674.6,1529.268887517064
0.0009850000000000021,0.0,0.0,0.00021627602544424388,0.0,0.0,-1.2902227154055124,0.0,0.0,-3.724091151209763e-22,69028699.95323463,0.0,0.0,-4.271821519085048e-05,0.0,0.0,-1.0,-16134295.001002546,597885.2971798446,113677.3801386304,-15422732.32368407,196036460118094.8,1529.268881,196036460118094.8,1529.268881,196036460118094.8,1529.268881,196036460118094.8,1529.268881,196036460961780.8,1529.2688744184554,196036459274408.84,1529.2688875815447
0.0009900000000000022,0.0,0.0,0.0002097601539504537,0.0,0.0,-1.3031742987580337,0.0,0.0,-3.8151278474106205e-22,68981140.19869208,0.0,0.0,-4.140574219137395e-05,0.0,0.0,-1.0,-16146345.927133061,579515.8895202143,106981.18278261158,-15459848.854830233,196036460118094.8,1529.268881,196036460118094.8,1529.268881,196036460118094.8,1529.268881,196036460118094.8,1529.268881,196036460970249.9,1529.2688743523884,196036459265939.7,1529.268887647612
0.0009950000000000022,0.0,0.0,0.00020317794750340234,0.0,0.0,-1.316441289410271,0.0,0.0,-3.907400036896217e-22,68934043.39788002,0.0,0.0,-4.0080042293512634e-05,0.0,0.0,-1.0,-16158160.148127839,560961.3578324328,100417.97556138624,-15496780.81473402,196036460118094.8,1529.268881,196036460118094.8,1529.268881,196036460118094.8,1529.268881,196036460118094.8,1529.268881,196036460978925.3,1529.268874284712,196036459257264.3,1529.2688877152882
0.0010000000000000022,0.0,0.0,0.00019652780766403504,0.0,0.0,-1.3300279678734581,0.0,0.0,-4.000866753149741e-22,68887459.33995698,0.0,0.0,-3.874079278409675e-05,0.0,0.0,-1.0,-16169728.139973134,542217.1854142327,93993.02312487902,-15533517.93143402,196036460118094.8,1529.268881,196036460118094.8,1529.268881,196036460118094.8,1529.268881,196036460118094.8,1529.268881,196036460987809.75,1529.2688742154053,196036459248379.9,1529.2688877845949
0.0010050000000000022,0.0,0.0,0.00018980811530040737,0.0,0.0,-1.3439384727255315,0.0,0.0,-4.0954819754725223e-22,68841439.99526207,0.0,0.0,-3.738766659633262e-05,0.0,0.0,-1.0,-16181039.903472923,523278.7946299082,87711.85486615235,-15570049.253976861,196036460118094.8,1529.268881,196036460118094.8,1529.268881,196036460118094.8,1529.268881,196036460118094.8,1529.268881,196036460996905.94,1529.2688741444463,196036459239283.72,1529.2688878555537
0.0010100000000000022,0.0,0.0,0.00018301723138490576,0.0,0.0,-1.358176783100325,0.0,0.0,-4.191194317235228e-22,68796039.59164196,0.0,0.0,-3.6020332684941794e-05,0.0,0.0,-1.0,-16192084.944903081,504141.55216077354,81580.27372144918,-15606363.119020857,196036460118094.8,1529.268881,196036460118094.8,1529.268881,196036460118094.8,1529.268881,196036460118094.8,1529.268881,196036461006216.44,1529.2688740718156,196036459229973.2,1529.2688879281845
0.0010150000000000022,0.0,0.0,0.00017615349788442238,0.0,0.0,-1.3727467000966758,0.0,0.0,-4.287946731580685e-22,68751314.66433704,0.0,0.0,-3.463845597752305e-05,0.0,0.0,-1.0,-16202852.261158885,484800.76832442265,75604.36663428531,-15642447.126200177,196036460118094.8,1529.268881,196036460118094.8,1529.268881,196036460118094.8,1529.268881,196036460118094.8,1529.268881,196036461015743.8,1529.268873997493,196036459220445.8,1529.268888002507
0.0010200000000000022,0.0,0.0,0.00016921523874858287,0.0,0.0,-1.3876518271679,0.0,0.0,-4.385676188005613e-22,68707324.12726271,0.0,0.0,-3.324169770538279e-05,0.0,0.0,-1.0,-16213330.320170484,465251.7017050417,69790.51343743611,-15678288.105028005,196036460118094.8,1529.268881,196036460118094.8,1529.268881,196036460118094.8,1529.268881,196036460118094.8,1529.268881,196036461025490.4,1529.2688739214605,196036459210699.22,1529.2688880785397
0.0010250000000000023,0.0,0.0,0.00016220076100162913,0.0,0.0,-1.4028955493907502,0.0,0.0,-4.484313358901752e-22,68664129.32179165,0.0,0.0,-3.1829715589332286e-05,0.0,0.0,-1.0,-16223507.04474964,445489.5617538319,64145.39692457078,-15713872.086071236,196036460118094.8,1529.268881,196036460118094.8,1529.268881,196036460118094.8,1529.268881,196036460118094.8,1529.268881,196036461035458.38,1529.268873843701,196036459200731.25,1529.2688881562992
0.0010300000000000023,0.0,0.0,0.00015510835594338733,0.0,0.0,-1.4184810116483593,0.0,0.0,-4.583782299229874e-22,68621794.06927134,0.0,0.0,-3.0402163963826343e-05,0.0,0.0,-1.0,-16233369.795040283,425509.5105264576,58676.01237607348,-15749184.272137752,196036460118094.8,1529.268881,196036460118094.8,1529.268881,196036460118094.8,1529.268881,196036460118094.8,1529.268881,196036461045649.8,1529.2688737641981,196036459190539.8,1529.268888235802
0.0010350000000000023,0.0,0.0,0.00014793630046487047,0.0,0.0,-1.4344110957033727,0.0,0.0,-4.684000121373515e-22,68580384.71499576,0.0,0.0,-2.895869411198725e-05,0.0,0.0,-1.0,-16242905.351513518,405306.6673720506,53389.67714116038,-15784209.007000305,196036460118094.8,1529.268881,196036460118094.8,1529.268881,196036460118094.8,1529.268881,196036460118094.8,1529.268881,196036461056066.62,1529.2688736829373,196036459180123.0,1529.2688883170629
0.0010400000000000023,0.0,0.0,0.00014068285848414759,0.0,0.0,-1.4506883961445787,0.0,0.0,-4.784876669463021e-22,68539970.16910782,0.0,0.0,-2.74989545227012e-05,0.0,0.0,-1.0,-16252099.897658197,384876.1125315383,48294.0399045656,-15818929.745222092,196036460118094.8,1529.268881,196036460118094.8,1529.268881,196036460118094.8,1529.268881,196036460118094.8,1529.268881,196036461066710.47,1529.2688735999054,196036459169479.16,1529.2688884000952
0.0010450000000000023,0.0,0.0,0.00013334628250812164,0.0,0.0,-1.467315195205192,0.0,0.0,-4.886314205294281e-22,68500621.92326058,0.0,0.0,-2.602259119399229e-05,0.0,0.0,-1.0,-16260939.00588908,364212.89138367516,43397.09077228002,-15853329.023733126,196036460118094.8,1529.268881,196036460118094.8,1529.268881,196036460118094.8,1529.268881,196036460118094.8,1529.268881,196036461077582.84,1529.2688735150905,196036459158606.78,1529.2688884849097
0.0010500000000000023,0.0,0.0,0.0001259248153256568,0.0,0.0,-1.484293436492968,0.0,0.0,-4.988207072070081e-22,68462414.10150409,0.0,0.0,-2.45292478432913e-05,0.0,0.0,-1.0,-16269407.616471276,343312.0173879695,38707.168548144524,-15887388.430535164,196036460118094.8,1529.268881,196036460118094.8,1529.268881,196036460118094.8,1529.268881,196036460118094.8,1529.268881,196036461088685.06,1529.2688734284827,196036459147504.56,1529.2688885715177
0.0010550000000000023,0.0,0.0,0.00011841669183788026,0.0,0.0,-1.5016246975553103,0.0,0.0,-5.090441398769823e-22,68425423.43632834,0.0,0.0,-2.301856647340485e-05,0.0,0.0,-1.0,-16277490.028146476,322168.4800060035,34232.97157210511,-15921088.576568365,196036460118094.8,1529.268881,196036460118094.8,1529.268881,196036460118094.8,1529.268881,196036460118094.8,1529.268881,196036461100018.1,1529.2688733400744,196036459136171.53,1529.2688886599258
0.0010600000000000023,0.0,0.0,0.00011082014103077961,0.0,0.0,-1.5193101614201303,0.0,0.0,-5.192894780163244e-22,68389729.29916139,0.0,0.0,-2.149018747550606e-05,0.0,0.0,-1.0,-16285169.87823834,300777.2461428932,29983.564309224796,-15954409.06778622,196036460118094.8,1529.268881,196036460118094.8,1529.268881,196036460118094.8,1529.268881,196036460118094.8,1529.268881,196036461111582.75,1529.2688732498593,196036459124606.88,1529.268888750141
0.0010650000000000024,0.0,0.0,0.00010313338809563922,0.0,0.0,-1.5373505870280784,0.0,0.0,-5.295435992893745e-22,68355413.66478592,0.0,0.0,-1.9943750216351934e-05,0.0,0.0,-1.0,-16292430.132650044,279133.2683659991,25968.386640195316,-15987328.47764385,196036460118094.8,1529.268881,196036460118094.8,1529.268881,196036460118094.8,1529.268881,196036460118094.8,1529.268881,196036461123379.5,1529.2688731578335,196036459112810.12,1529.268888842167
0.0010700000000000024,0.0,0.0,9.535465670223366e-05,0.0,0.0,-1.555746278681112,0.0,0.0,-5.397924705707117e-22,68322561.09862807,0.0,0.0,-1.8378893409050796e-05,0.0,0.0,-1.0,-16299253.070523335,257231.49009419678,22197.260445678934,-16019824.319983462,196036460118094.8,1529.268881,196036460118094.8,1529.268881,196036460118094.8,1529.268881,196036460118094.8,1529.268881,196036461135408.56,1529.2688730639954,196036459100781.06,1529.2688889360047
0.0010750000000000024,0.0,0.0,8.748217142979806e-05,0.0,0.0,-1.5744970544871175,0.0,0.0,-5.50021121655842e-22,68291258.71297628,0.0,0.0,-1.6795255505737062e-05,0.0,0.0,-1.0,-16305620.272666741,235066.85109376418,18680.396498872604,-16051873.025074106,196036460118094.8,1529.268881,196036460118094.8,1529.268881,196036460118094.8,1529.268881,196036460118094.8,1529.268881,196036461147669.84,1529.268872968346,196036459088519.78,1529.2688890316542
0.0010800000000000024,0.0,0.0,7.951416036032952e-05,0.0,0.0,-1.5936022138937078,0.0,0.0,-5.602136209366044e-22,68261596.10070889,0.0,0.0,-1.519247530997013e-05,0.0,0.0,-1.0,-16311512.612087762,212634.29604953266,15428.400938289844,-16083449.915099937,196036460118094.8,1529.268881,196036460118094.8,1529.268881,196036460118094.8,1529.268881,196036460118094.8,1529.268881,196036461160162.84,1529.2688728708888,196036459076026.78,1529.2688891291116
0.0010850000000000024,0.0,0.0,7.144885783843319e-05,0.0,0.0,-1.6130605043792654,0.0,0.0,-5.703530535158045e-22,68233665.25453307,0.0,0.0,-1.3570192430151795e-05,0.0,0.0,-1.0,-16316910.245225977,189928.78091092955,12452.280673414318,-16114529.183641635,196036460118094.8,1529.268881,196036460118094.8,1529.268881,196036460118094.8,1529.268881,196036460118094.8,1529.268881,196036461172886.75,1529.2688727716304,196036459063302.88,1529.2688892283697
0.0010900000000000024,0.0,0.0,6.328450740150448e-05,0.0,0.0,-1.6328700873857425,0.0,0.0,-5.80421500879852e-22,68207560.48148075,0.0,0.0,-1.1928047723558051e-05,0.0,0.0,-1.0,-16321792.602027604,166945.2791066595,9763.446907650274,-16145083.876013294,196036460118094.8,1529.268881,196036460118094.8,1529.268881,196036460118094.8,1529.268881,196036460118094.8,1529.268881,196036461185840.38,1529.2688726705799,196036459050349.22,1529.2688893294207
0.0010950000000000024,0.0,0.0,5.501936488376851e-05,0.0,0.0,-1.6530285035471948,0.0,0.0,-5.904000261938356e-22,68183378.25014381,0.0,0.0,-1.0265684125001843e-05,0.0,0.0,-1.0,-16326138.385387363,143678.79314269038,7373.7202436657135,-16175085.872001009,196036460118094.8,1529.268881,196036460118094.8,1529.268881,196036460118094.8,1529.268881,196036460118094.8,1529.268881,196036461199022.12,1529.2688725677497,196036459037167.5,1529.2688894322505
0.0011000000000000025,0.0,0.0,4.6651701696724276e-05,0.0,0.0,-1.6735326374088468,0.0,0.0,-6.002686593045848e-22,68161217.0760883,0.0,0.0,-8.582747055329192e-06,0.0,0.0,-1.0,-16329925.561866248,120124.36031957653,5295.330912267849,-16204505.870634403,196036460118094.8,1529.268881,196036460118094.8,1529.268881,196036460118094.8,1529.268881,196036460118094.8,1529.268881,196036461212429.9,1529.2688724631564,196036459023759.72,1529.2688895368437
0.0011050000000000025,0.0,0.0,3.817980828859143e-05,0.0,0.0,-1.6943786816265693,0.0,0.0,-6.100063900374669e-22,68141177.31492373,0.0,0.0,-6.8788850673652834e-06,0.0,0.0,-1.0,-16333131.365764465,96277.0617731374,3540.9215731856484,-16233313.382418143,196036460118094.8,1529.268881,196036460118094.8,1529.268881,196036460118094.8,1529.268881,196036460118094.8,1529.268881,196036461226061.3,1529.2688723568185,196036459010128.3,1529.2688896431816
0.0011100000000000025,0.0,0.0,2.9601997783920845e-05,0.0,0.0,-1.715562100934117,0.0,0.0,-6.195911620404695e-22,68123360.96974301,0.0,0.0,-5.153750761447944e-06,0.0,0.0,-1.0,-16335732.298181165,72132.0352882891,2123.5461146749053,-16261476.7167782,196036460118094.8,1529.268881,196036460118094.8,1529.268881,196036460118094.8,1529.268881,196036460118094.8,1529.268881,196036461239913.28,1529.2688722487603,196036458996276.3,1529.26888975124
0.0011150000000000025,0.0,0.0,2.0916609804435396e-05,0.0,0.0,-1.73707759589709,0.0,0.0,-6.289998740795386e-22,68107871.44439732,0.0,0.0,-3.4070011787231167e-06,0.0,0.0,-1.0,-16337704.132620333,47684.48080361845,1056.6682384535259,-16288962.983578261,196036460118094.8,1529.268881,196036460118094.8,1529.268881,196036460118094.8,1529.268881,196036460118094.8,1529.268881,196036461253982.4,1529.268872139008,196036458982207.2,1529.2688898609927
0.0011200000000000025,0.0,0.0,1.2122014470876557e-05,0.0,0.0,-1.758919066711768,0.0,0.0,-6.382084133246259e-22,68094812.97434115,0.0,0.0,-1.6382964324385998e-06,0.0,0.0,-1.0,-16339021.972553518,22929.641254933016,354.17513200631964,-16315738.15616658,196036460118094.8,1529.268881,196036460118094.8,1529.268881,196036460118094.8,1529.268881,196036460118094.8,1529.268881,196036461268264.75,1529.2688720275921,196036458967924.9,1529.2688899724078
0.0011250000000000025,0.0,0.0,3.2166165800906387e-06,0.0,0.0,-1.781079578157184,0.0,0.0,-6.471916588851983e-22,68084290.40924524,0.0,0.0,1.5269894410293747e-07,0.0,0.0,1.0,-16339660.245814657,2137.1785587518507,30.3665747837926,-16337492.700681122,196036460118094.8,1529.268881,196036460118094.8,1529.268881,196036460118094.8,1529.268881,196036460118094.8,1529.268881,196036461282755.62,1529.2688719145497,196036458953433.97,1529.2688900854507
0.0011300000000000025,0.0,0.0,-5.801140043257797e-06,0.0,0.0,-1.8035513246696873,0.0,0.0,-6.559233540722557e-22,68076410.33463162,0.0,0.0,1.966303129085525e-06,0.0,0.0,1.0,-16339592.469005564,27520.431867920273,99.86220082179118,-16311972.17493682,196036460118094.8,1529.268881,196036460118094.8,1529.268881,196036460118094.8,1529.268881,196036460118094.8,1529.268881,196036461297450.1,1529.268871799919,196036458938739.53,1529.2688902000812
0.0011350000000000025,0.0,0.0,-1.4932767998217168e-05,0.0,0.0,-1.8263255909918743,0.0,0.0,-6.643763253518357e-22,68071278.64189534,0.0,0.0,3.8028327079510084e-06,0.0,0.0,1.0,-16338791.612083092,53224.5496109936,577.7107575179114,-16284989.351714583,196036460118094.8,1529.268881,196036460118094.8,1529.268881,196036460118094.8,1529.268881,196036460118094.8,1529.268881,196036461312342.34,1529.2688716837456,196036458923847.28,1529.2688903162548
0.0011400000000000026,0.0,0.0,-2.4179731600254275e-05,0.0,0.0,-1.8493927204074216,0.0,0.0,-6.7252244049705565e-22,68069000.84009033,0.0,0.0,5.6625956408093265e-06,0.0,0.0,1.0,-16337229.992854455,79253.84200601414,1479.3348493623428,-16256496.81599908,196036460118094.8,1529.268881,196036460118094.8,1529.268881,196036460118094.8,1529.268881,196036460118094.8,1529.268881,196036461327426.1,1529.268871566078,196036458908763.53,1529.2688904339223
0.0011450000000000026,0.0,0.0,-3.3543442007884504e-05,0.0,0.0,-1.8727420815260463,0.0,0.0,-6.803326429208954e-22,68069681.59315796,0.0,0.0,7.545890230367376e-06,0.0,0.0,1.0,-16334879.29984312,105612.48410574955,2820.51570495465,-16226446.300032416,196036460118094.8,1529.268881,196036460118094.8,1529.268881,196036460118094.8,1529.268881,196036460118094.8,1529.268881,196036461342694.4,1529.2688714469707,196036458893495.2,1529.2688905530297
0.0011500000000000026,0.0,0.0,-4.302525218917433e-05,0.0,0.0,-1.8963620362579656,0.0,0.0,-6.877769973869683e-22,68073424.16159649,0.0,0.0,9.45300421045313e-06,0.0,0.0,1.0,-16331710.627710156,132304.50304065173,4617.3781530554925,-16194788.74651645,196036460118094.8,1529.268881,196036460118094.8,1529.268881,196036460118094.8,1529.268881,196036460118094.8,1529.268881,196036461358139.7,1529.2688713264831,196036458878049.94,1529.268890673517
0.0011550000000000026,0.0,0.0,-5.2626451736034634e-05,0.0,0.0,-1.9202399093720606,0.0,0.0,-6.948247392532133e-22,68080329.83668227,0.0,0.0,1.1384213822105392e-05,0.0,0.0,1.0,-16327694.510026071,159333.76508778404,6886.370305147277,-16161474.37463314,196036460118094.8,1529.268881,196036460118094.8,1529.268881,196036460118094.8,1529.268881,196036460118094.8,1529.268881,196036461373753.6,1529.26887120468,196036458862436.03,1529.2688907953204
0.0011600000000000026,0.0,0.0,-6.234826153483535e-05,0.0,0.0,-1.9443619597601445,0.0,0.0,-7.014443347632076e-22,68090497.27882777,0.0,0.0,1.3339782714930195e-05,0.0,0.0,1.0,-16322800.964588692,186703.96029417554,9644.242980572115,-16126452.761313945,196036460118094.8,1529.268881,196036460118094.8,1529.268881,196036460118094.8,1529.268881,196036460118094.8,1529.268881,196036461389527.16,1529.2688710816312,196036458846662.44,1529.2688909183692
0.0011650000000000026,0.0,0.0,-7.219182830378583e-05,0.0,0.0,-1.9687133537900947,0.0,0.0,-7.0760354594278745e-22,68104021.83745643,0.0,0.0,1.5319961008113907e-05,0.0,0.0,1.0,-16316999.53781643,214418.58933473515,12908.023989951345,-16089672.924491743,196036460118094.8,1529.268881,196036460118094.8,1529.268881,196036460118094.8,1529.268881,196036460118094.8,1529.268881,196036461405450.72,1529.2688709574127,196036458830738.88,1529.268891042588
0.0011700000000000026,0.0,0.0,-8.215821900832285e-05,0.0,0.0,-1.9932781409074047,0.0,0.0,-7.132695055161565e-22,68120994.78607492,0.0,0.0,1.7324984199847534e-05,0.0,0.0,1.0,-16310259.359783774,242480.94824852468,16694.9910793541,-16051083.420455895,196036460118094.8,1529.268881,196036460118094.8,1529.268881,196036460118094.8,1529.268881,196036460118094.8,1529.268881,196036461421513.8,1529.2688708321052,196036458814675.78,1529.2688911678954
0.0011750000000000026,0.0,0.0,-9.224841516748431e-05,0.0,0.0,-2.0180392318322906,0.0,0.0,-7.184087974186028e-22,68141502.52126263,0.0,0.0,1.9355072021953475e-05,0.0,0.0,1.0,-16302549.20154522,270894.1124080835,21022.640453468175,-16010632.448683668,196036460118094.8,1529.268881,196036460118094.8,1529.268881,196036460118094.8,1529.268881,196036460118094.8,1529.268881,196036461437705.28,1529.2688707057966,196036458798484.34,1529.2688912942037
0.0011800000000000027,0.0,0.0,-0.00010246330706521559,0.0,0.0,-2.042978379546257,0.0,0.0,-7.229875460329907e-22,68165625.69336614,0.0,0.0,2.141042750437846e-05,0.0,0.0,1.0,-16293837.54030494,299660.92342604673,25908.652635021,-15968267.964243874,196036460118094.8,1529.268881,196036460118094.8,1529.268881,196036460118094.8,1529.268881,196036460118094.8,1529.268881,196036461454013.2,1529.2688705785797,196036458782176.47,1529.2688914214204
0.0011850000000000027,0.0,0.0,-0.00011280368788206741,0.0,0.0,-2.068076163370365,0.0,0.0,-7.269715120033153e-22,68193438.28328766,0.0,0.0,2.349123575256876e-05,0.0,0.0,1.0,-16284092.630457034,328783.97204325564,31370.854832350535,-15923937.803581428,196036460118094.8,1529.268881,196036460118094.8,1529.268881,196036460118094.8,1529.268881,196036460118094.8,1529.268881,196036461470424.78,1529.2688704505535,196036458765764.8,1529.2688915494468
0.0011900000000000027,0.0,0.0,-0.00012327024776388276,0.0,0.0,-2.093311976363072,0.0,0.0,-7.30326196206534e-22,68225006.61265616,0.0,0.0,2.5597662791705314e-05,0.0,0.0,1.0,-16273282.582903802,358265.5819526407,37427.18053244867,-15877589.820418712,196036460118094.8,1529.268881,196036460118094.8,1529.268881,196036460118094.8,1529.268881,196036460118094.8,1529.268881,196036461486926.7,1529.2688703218232,196036458749262.97,1529.2688916781767
0.0011950000000000027,0.0,0.0,-0.00013386356784548425,0.0,0.0,-2.118664016320299,0.0,0.0,-7.330169468059344e-22,68260388.33570945,0.0,0.0,2.772985456116656e-05,0.0,0.0,1.0,-16261375.444496086,388107.7957256964,44095.623409146334,-15829172.025361244,196036460118094.8,1529.268881,196036460118094.8,1529.268881,196036460118094.8,1529.268881,196036460118094.8,1529.268881,196036461503504.56,1529.2688701925003,196036458732685.06,1529.2688918075
0.0012000000000000027,0.0,0.0,-0.0001445841142479067,0.0,0.0,-2.1441092804844875,0.0,0.0,-7.350090779857765e-22,68299631.32330233,0.0,0.0,2.9887935672408958e-05,0.0,0.0,1.0,-16248339.294299759,418312.3574277435,51394.19128294181,-15778632.745589074,196036460118094.8,1529.268881,196036460118094.8,1529.268881,196036460118094.8,1529.268881,196036460118094.8,1529.268881,196036461520143.4,1529.2688700627016,196036458716046.22,1529.2688919372988
0.0012050000000000027,0.0,0.0,-0.00015543223206974347,0.0,0.0,-2.1696235643673534,0.0,0.0,-7.362679959894536e-22,68342772.48412684,0.0,0.0,3.207200755026015e-05,0.0,0.0,1.0,-16234142.350206295,448880.6866034176,59340.8578194019,-15725920.805783475,196036460118094.8,1529.268881,196036460118094.8,1529.268881,196036460118094.8,1529.268881,196036460118094.8,1529.268881,196036461536827.38,1529.268869932551,196036458699362.25,1529.2688920674493
0.0012100000000000027,0.0,0.0,-0.0001664081393944404,0.0,0.0,-2.195181464939387,0.0,0.0,-7.367594084865258e-22,68389835.8144911,0.0,0.0,3.4282140473118395e-05,0.0,0.0,1.0,-16218753.221355138,479813.766871085,67953.55847321746,-15670985.896010837,196036460118094.8,1529.268881,196036460118094.8,1529.268881,196036460118094.8,1529.268881,196036460118094.8,1529.268881,196036461553539.88,1529.268869802178,196036458682649.75,1529.2688921978227
0.0012150000000000028,0.0,0.0,-0.00017751192134980598,0.0,0.0,-2.220756391073113,0.0,0.0,-7.364491643338708e-22,68440833.98940083,0.0,0.0,3.651839734992302e-05,0.0,0.0,1.0,-16202140.488719443,511112.4787059646,77249.95066564373,-15613778.059347833,196036460118094.8,1529.268881,196036460118094.8,1529.268881,196036460118094.8,1529.268881,196036460118094.8,1529.268881,196036461570263.53,1529.2688696717175,196036458665926.12,1529.2688923282826
0.0012200000000000028,0.0,0.0,-0.00018874352419197943,0.0,0.0,-2.2463205684346934,0.0,0.0,-7.353036873064264e-22,68495764.17776316,0.0,0.0,3.8780806131615926e-05,0.0,0.0,1.0,-16184273.377606045,542777.2133101964,87247.54240463658,-15554248.621891214,196036460118094.8,1529.268881,196036460118094.8,1529.268881,196036460118094.8,1529.268881,196036460118094.8,1529.268881,196036461586980.12,1529.2688695413124,196036458649209.53,1529.2688924586878
0.0012250000000000028,0.0,0.0,-0.00020010274948899259,0.0,0.0,-2.271845059402633,0.0,0.0,-7.332900124917666e-22,68554607.80394621,0.0,0.0,4.1069367827929725e-05,0.0,0.0,1.0,-16165121.691691516,574807.984816026,97963.56265434196,-15492350.144221148,196036460118094.8,1529.268881,196036460118094.8,1529.268881,196036460118094.8,1529.268881,196036460118094.8,1529.268881,196036461603670.78,1529.2688694111096,196036458632518.88,1529.2688925888906
0.0012300000000000028,0.0,0.0,-0.0002115892484102297,0.0,0.0,-2.2972997842474268,0.0,0.0,-7.303759221497731e-22,68617329.32026356,0.0,0.0,4.338405529309494e-05,0.0,0.0,1.0,-16144655.937821472,607204.4132905279,109414.89191765155,-15428036.632613292,196036460118094.8,1529.268881,196036460118094.8,1529.268881,196036460118094.8,1529.268881,196036460118094.8,1529.268881,196036461620315.78,1529.268869281263,196036458615873.84,1529.2688927187376
0.0012350000000000028,0.0,0.0,-0.00022320251614532077,0.0,0.0,-2.322653547018216,0.0,0.0,-7.265300862812973e-22,68683874.95939434,0.0,0.0,4.572481224693185e-05,0.0,0.0,1.0,-16122847.461831812,639965.7110347819,121617.99180552395,-15361263.758991506,196036460118094.8,1529.268881,196036460118094.8,1529.268881,196036460118094.8,1529.268881,196036460118094.8,1529.268881,196036461636894.8,1529.2688691519309,196036458599294.84,1529.2688928480693
0.0012400000000000028,0.0,0.0,-0.00023494188647681886,0.0,0.0,-2.3478740662996156,0.0,0.0,-7.217221976359281e-22,68754171.56043598,0.0,0.0,4.809155205161646e-05,0.0,0.0,1.0,-16099668.581155524,673090.6654634562,134588.8290189617,-15291989.086673107,196036460118094.8,1529.268881,196036460118094.8,1529.268881,196036460118094.8,1529.268881,196036460118094.8,1529.268881,196036461653386.66,1529.268869023279,196036458582802.97,1529.2688929767214
0.0012450000000000028,0.0,0.0,-0.0002468065265300491,0.0,0.0,-2.3729280106460435,0.0,0.0,-7.1592311334990895e-22,68828125.3795274,0.0,0.0,5.0484156862688494e-05,0.0,0.0,1.0,-16075092.73294264,706577.627222292,148342.80064903147,-15220172.305071319,196036460118094.8,1529.268881,196036460118094.8,1529.268881,196036460118094.8,1529.268881,196036460118094.8,1529.268881,196036461669769.62,1529.2688688954763,196036458566420.0,1529.268893104524
0.0012500000000000028,0.0,0.0,-0.0002587954317246654,0.0,0.0,-2.3977810389232586,0.0,0.0,-7.091049878616489e-22,68905621.02312993,0.0,0.0,5.290247638996222e-05,0.0,0.0,1.0,-16049094.616041677,740424.492845778,162894.65377708705,-15145775.469418813,196036460118094.8,1529.268881,196036460118094.8,1529.268881,196036460118094.8,1529.268881,196036460118094.8,1529.268881,196036461686021.2,1529.268868768699,196036458550168.44,1529.2688932313015
0.0012550000000000029,0.0,0.0,-0.00027090742095093993,0.0,0.0,-2.422397845254915,0.0,0.0,-7.012414072412488e-22,68986520.4362601,0.0,0.0,5.534632714894214e-05,0.0,0.0,1.0,-16021650.341756208,774628.694279944,178258.4050846392,-15068763.242391625,196036460118094.8,1529.268881,196036460118094.8,1529.268881,196036460118094.8,1529.268881,196036460118094.8,1529.268881,196036461702118.28,1529.2688686431263,196036458534071.3,1529.2688933568743
0.0012600000000000029,0.0,0.0,-0.00028314113199405554,0.0,0.0,-2.4467422086231205,0.0,0.0,-6.923075191787969e-22,69070662.00975013,0.0,0.0,5.7815491338567754e-05,0.0,0.0,1.0,-15992737.58637043,809187.1831752462,194447.25865239123,-14989103.144542793,196036460118094.8,1529.268881,196036460118094.8,1529.268881,196036460118094.8,1529.268881,196036460118094.8,1529.268881,196036461718037.28,1529.2688685189432,196036458518152.34,1529.2688934810571
0.0012650000000000029,0.0,0.0,-0.0002954950172289185,0.0,0.0,-2.4707770469725876,0.0,0.0,-6.822801570596551e-22,69157859.83603132,0.0,0.0,6.0309715999648414e-05,0.0,0.0,1.0,-15962335.742629725,844096.4191079992,211473.52164013666,-14906765.801881589,196036460118094.8,1529.268881,196036460118094.8,1529.268881,196036460118094.8,1529.268881,196036460118094.8,1529.268881,196036461733753.84,1529.2688683963393,196036458502435.8,1529.268893603661
0.001270000000000003,0.0,0.0,-0.0003079673396069861,0.0,0.0,-2.494464475613524,0.0,0.0,-6.711379616351851e-22,69247903.10772584,0.0,0.0,6.282871220492197e-05,0.0,0.0,1.0,-15930426.075929295,879352.3582444135,229348.5205647385,-14821725.197120143,196036460118094.8,1529.268881,196036460118094.8,1529.268881,196036460118094.8,1529.268881,196036460118094.8,1529.268881,196036461749243.22,1529.2688682755074,196036458486946.44,1529.2688937244925
0.001275000000000003,0.0,0.0,-0.00032055616895618585,0.0,0.0,-2.5177658698399434,0.0,0.0,-6.588614949342618e-22,69340555.72116016,0.0,0.0,6.537215418780437e-05,0.0,0.0,1.0,-15896991.8774923,914950.4411465533,248082.5162825359,-14733958.920063213,196036460118094.8,1529.268881,196036460118094.8,1529.268881,196036460118094.8,1529.268881,196036460118094.8,1529.268881,196036461764480.16,1529.268868156645,196036458471709.47,1529.2688938433553
0.001280000000000003,0.0,0.0,-0.00033325937861365874,0.0,0.0,-2.5406419314945783,0.0,0.0,-6.454333508274941e-22,69435556.0751808,0.0,0.0,6.793967861045662e-05,0.0,0.0,1.0,-15862018.620515171,950885.5825281797,267684.62057714217,-14643448.41740985,196036460118094.8,1529.268881,196036460118094.8,1529.268881,196036460118094.8,1529.268881,196036460118094.8,1529.268881,196036461779438.97,1529.2688680399522,196036458456750.66,1529.2688939600482
0.001285000000000003,0.0,0.0,-0.0003460746424104808,0.0,0.0,-2.563052759364414,0.0,0.0,-6.308382544528916e-22,69532617.14219974,0.0,0.0,7.053088382643216e-05,0.0,0.0,1.0,-15825494.10806782,987152.1609347445,288162.7113459242,-14550179.23578715,196036460118094.8,1529.268881,196036460118094.8,1529.268881,196036460118094.8,1529.268881,196036460118094.8,1529.268881,196036461794093.6,1529.2688679256325,196036458442096.06,1529.2688940743678
0.001290000000000003,0.0,0.0,-0.00035899943202558554,0.0,0.0,-2.584957923020947,0.0,0.0,-6.150631587373835e-22,69631426.77558747,0.0,0.0,7.314532929399575e-05,0.0,0.0,1.0,-15787408.623820204,1023744.0105321866,309523.3511362736,-14454141.262151746,196036460118094.8,1529.268881,196036460118094.8,1529.268881,196036460118094.8,1529.268881,196036460118094.8,1529.268881,196036461808417.53,1529.2688678138923,196036458427772.1,1529.2688941861081
0.001295000000000003,0.0,0.0,-0.00037203101472560825,0.0,0.0,-2.606316540004541,0.0,0.0,-5.98097331206975e-22,69731648.32210958,0.0,0.0,7.578253489896806e-05,0.0,0.0,1.0,-15747755.075531943,1060654.4116294433,331771.70649647026,-14355328.95740603,196036460118094.8,1529.268881,196036460118094.8,1529.268881,196036460118094.8,1529.268881,196036460118094.8,1529.268881,196036461822384.06,1529.2688677049402,196036458413805.56,1529.2688942950604
0.001300000000000003,0.0,0.0,-0.00038516645150569036,0.0,0.0,-2.6270873560164247,0.0,0.0,-5.799324345450222e-22,69832921.53141347,0.0,0.0,7.844198054199035e-05,0.0,0.0,1.0,-15706529.135071855,1097876.0849017992,354911.4704218848,-14253741.579748172,196036460118094.8,1529.268881,196036460118094.8,1529.268881,196036460118094.8,1529.268881,196036460118094.8,1529.268881,196036461835966.25,1529.2688675989864,196036458400223.34,1529.2688944010144
0.001305000000000003,0.0,0.0,-0.000398402595645199,0.0,0.0,-2.6472288279017238,0.0,0.0,-5.605625979648799e-22,69934863.79944907,0.0,0.0,8.112310553451368e-05,0.0,0.0,1.0,-15663729.370387187,1135401.1829371324,378944.7873041248,-14149383.40014593,196036460118094.8,1529.268881,196036460118094.8,1529.268881,196036460118094.8,1529.268881,196036460118094.8,1529.268881,196036461849136.9,1529.2688674962428,196036458387052.7,1529.268894503758
0.001310000000000003,0.0,0.0,-0.0004117360916907254,0.0,0.0,-2.6666992091052824,0.0,0.0,-5.399844814601273e-22,70037071.73831093,0.0,0.0,8.382530830088626e-05,0.0,0.0,1.0,-15619357.37084055,1173221.2860663217,403872.1818765934,-14042263.902897632,196036460118094.8,1529.268881,196036460118094.8,1529.268881,196036460118094.8,1529.268881,196036460118094.8,1529.268881,196036461861868.75,1529.2688673969224,196036458374320.88,1529.268894603078
0.001315000000000003,0.0,0.0,-0.0004251633748774929,0.0,0.0,-2.685456637353509,0.0,0.0,-5.18197330950667e-22,70139123.09210096,0.0,0.0,8.65479460127136e-05,0.0,0.0,1.0,-15573417.862413857,1211327.397245742,429692.4919455283,-13932397.973222587,196036460118094.8,1529.268881,196036460118094.8,1529.268881,196036460118094.8,1529.268881,196036460118094.8,1529.268881,196036461874134.38,1529.268867301239,196036458362055.25,1529.2688946987614
0.001320000000000003,0.0,0.0,-0.00043868067099872706,0.0,0.0,-2.7034592242468234,0.0,0.0,-4.95203028413648e-22,70240578.97308132,0.0,0.0,8.929033430571785e-05,0.0,0.0,1.0,-15525918.816895153,1249709.9380944183,456402.80732247856,-13819806.071478257,196036460118094.8,1529.268881,196036460118094.8,1529.268881,196036460118094.8,1529.268881,196036460118094.8,1529.268881,196036461885906.38,1529.2688672094064,196036458350283.25,1529.268894790594
0.001325000000000003,0.0,0.0,-0.0004522839967316718,0.0,0.0,-2.7206651465889498,0.0,0.0,-4.710061311164914e-22,70340986.44072992,0.0,0.0,9.205174720114687e-05,0.0,0.0,1.0,-15476871.545909718,1288358.7477940673,483998.41276260844,-13704514.385353042,196036460118094.8,1529.268881,196036460118094.8,1529.268881,196036460118094.8,1529.268881,196036460118094.8,1529.268881,196036461897157.47,1529.2688671216372,196036458339032.16,1529.2688948783632
0.001330000000000003,0.0,0.0,-0.0004659691604270492,0.0,0.0,-2.7370327390754796,0.0,0.0,-4.456139321807101e-22,70439881.22739801,0.0,0.0,9.483141844403282e-05,0.0,0.0,1.0,-15426290.820014907,1327263.1018193986,512472.7496297686,-13586554.96856574,196036460118094.8,1529.268881,196036460118094.8,1529.268881,196036460118094.8,1529.268881,196036460118094.8,1529.268881,196036461907860.34,1529.268867038145,196036458328329.28,1529.2688949618557
0.001335000000000003,0.0,0.0,-0.00047973176337245293,0.0,0.0,-2.7525205890807447,0.0,0.0,-4.190364889986195e-22,70536790.90500915,0.0,0.0,9.762854181010024e-05,0.0,0.0,1.0,-15374194.942351598,1366411.71623361,541817.373064274,-13465965.853053715,196036460118094.8,1529.268881,196036460118094.8,1529.268881,196036460118094.8,1529.268881,196036460118094.8,1529.268881,196036461917987.94,1529.2688669591398,196036458318201.66,1529.2688950408608
0.001340000000000003,0.0,0.0,-0.000493567201534599,0.0,0.0,-2.7670876324292166,0.0,0.0,-3.9128646084013e-22,70631239.32193285,0.0,0.0,0.00010044226019366304,0.0,0.0,1.0,-15320605.577185629,1405792.5949622968,572021.8371330549,-13342791.145090276,196036460118094.8,1529.268881,196036460118094.8,1529.268881,196036460118094.8,1529.268881,196036460118094.8,1529.268881,196036461927513.44,1529.268866884832,196036458308676.16,1529.2688951151686
0.001345000000000003,0.0,0.0,-0.000507470667752302,0.0,0.0,-2.7806932435406044,0.0,0.0,-3.623793610505506e-22,70722748.83361228,0.0,0.0,0.00010327168030366088,0.0,0.0,1.0,-15265548.098215576,1445393.235479577,603073.7704414843,-13217081.092294516,196036460118094.8,1529.268881,196036460118094.8,1529.268881,196036460118094.8,1529.268881,196036460118094.8,1529.268881,196036461936410.25,1529.2688668154285,196036458299779.38,1529.2688951845719
0.001350000000000003,0.0,0.0,-0.0005214371544238652,0.0,0.0,-2.7932973343126406,0.0,0.0,-3.3233347002477677e-22,70810844.63375022,0.0,0.0,0.00010611586730605698,0.0,0.0,1.0,-15209051.497938849,1485200.5538229442,634958.814887467,-13088892.129228441,196036460118094.8,1529.268881,196036460118094.8,1529.268881,196036460118094.8,1529.268881,196036460118094.8,1529.268881,196036461944652.2,1529.2688667511336,196036458291537.47,1529.2688952488666
0.0013550000000000031,0.0,0.0,-0.000535461456673809,0.0,0.0,-2.8048604499887557,0.0,0.0,-3.011698331236807e-22,70895058.65258285,0.0,0.0,0.00010897384502610545,0.0,0.0,1.0,-15151148.397438914,1525200.8874242068,667660.6127379156,-12958286.897276789,196036460118094.8,1529.268881,196036460118094.8,1529.268881,196036460118094.8,1529.268881,196036460118094.8,1529.268881,196036461952213.38,1529.2688666921495,196036458283976.25,1529.2688953078512
0.0013600000000000031,0.0,0.0,-0.0005495381759985768,0.0,0.0,-2.815343864953564,0.0,0.0,-2.6891225484879783e-22,70974933.48865609,0.0,0.0,0.000111844596463889,0.0,0.0,1.0,-15091875.042292852,1565380.0023249695,701160.8034334481,-12825334.236534435,196036460118094.8,1529.268881,196036460118094.8,1529.268881,196036460118094.8,1529.268881,196036460118094.8,1529.268881,196036461959068.56,1529.2688666386725,196036458277121.06,1529.268895361328
0.0013650000000000031,0.0,0.0,-0.0005636617243902095,0.0,0.0,-2.8247096783265246,0.0,0.0,-2.3558728178129426e-22,71050026.35288015,0.0,0.0,0.00011472706404325604,0.0,0.0,1.0,-15031271.27457171,1605723.0966607612,735439.0270675037,-12690109.150843445,196036460118094.8,1529.268881,196036460118094.8,1529.268881,196036460118094.8,1529.268881,196036460118094.8,1529.268881,196036461965192.94,1529.2688665908966,196036458270996.7,1529.2688954091038
0.0013700000000000032,0.0,0.0,-0.000577826328935032,0.0,0.0,-2.8329209089645033,0.0,0.0,-2.0122418420524467e-22,71119912.90915598,0.0,0.0,0.00011762015022697382,0.0,0.0,1.0,-14969380.49270567,1646214.8092707368,770472.9389239971,-12552692.744510936,196036460118094.8,1529.268881,196036460118094.8,1529.268881,196036460118094.8,1529.268881,196036460118094.8,1529.268881,196036461970562.34,1529.2688665490102,196036458265627.3,1529.26889545099
0.0013750000000000032,0.0,0.0,-0.0005920260368841703,0.0,0.0,-2.83994158982765,0.0,0.0,-1.658549304003962e-22,71184190.98102382,0.0,0.0,0.00012052271808653145,0.0,0.0,1.0,-14906249.591316907,1686839.227672655,806238.232530665,-12413172.131113585,196036460118094.8,1529.268881,196036460118094.8,1529.268881,196036460118094.8,1529.268881,196036460118094.8,1529.268881,196036461975153.2,1529.2688665131973,196036458261036.44,1529.2688954868033
0.0013800000000000032,0.0,0.0,-0.0006062547211914433,0.0,0.0,-2.8457368614546192,0.0,0.0,-1.2951415794699723e-22,71242484.04505347,0.0,0.0,0.0001234335919923238,0.0,0.0,1.0,-14841928.886162598,1727579.8977227106,842708.6730796337,-12271640.315360252,196036460118094.8,1529.268881,196036460118094.8,1529.268881,196036460118094.8,1529.268881,196036460118094.8,1529.268881,196036461978942.78,1529.2688664836348,196036458257246.84,1529.2688955163658
0.0013850000000000032,0.0,0.0,-0.0006205060865136614,0.0,0.0,-2.850273064443615,0.0,0.0,-9.223913463456674e-23,71294444.4817321,0.0,0.0,0.00012635155828910505,0.0,0.0,1.0,-14776472.015128924,1768419.8330692013,879856.1380235414,-12128196.044036182,196036460118094.8,1529.268881,196036460118094.8,1529.268881,196036460118094.8,1529.268881,196036460118094.8,1529.268881,196036461981909.0,1529.2688664604955,196036458254280.6,1529.2688955395051
0.0013900000000000032,0.0,0.0,-0.0006347736756665568,0.0,0.0,-2.853517830579071,0.0,0.0,-5.406971983911298e-23,71339756.48945117,0.0,0.0,0.0001292753663533271,0.0,0.0,1.0,-14709935.828824952,1809341.5299510655,917650.6693562815,-11982943.629517606,196036460118094.8,1529.268881,196036460118094.8,1529.268881,196036460118094.8,1529.268881,196036460118094.8,1529.268881,196036461984030.8,1529.2688664439434,196036458252158.84,1529.2688955560568
0.0013950000000000032,0.0,0.0,-0.0006490508765296579,0.0,0.0,-2.855440172620202,0.0,0.0,-1.5048315497842505e-23,71378138.66973114,0.0,0.0,0.00013220372931957577,0.0,0.0,1.0,-14642380.257905064,1850326.9773651008,956060.5328107364,-11835992.747729225,196036460118094.8,1529.268881,196036460118094.8,1529.268881,196036460118094.8,1529.268881,196036460118094.8,1529.268881,196036461985287.84,1529.2688664341372,196036458250901.8,1529.268895565863
0.0014000000000000032,0.0,0.0,-0.0006633309293916129,0.0,0.0,-2.856010572391014,0.0,0.0,2.4780183452812074e-23,71409346.20539817,0.0,0.0,0.00013513532519661826,0.0,0.0,1.0,-14573868.16979306,1891357.6726861957,995052.2879233938,-11687458.209183471,196036460118094.8,1529.268881,196036460118094.8,1529.268881,196036460118094.8,1529.268881,196036460118094.8,1529.268881,196036461985660.84,1529.2688664312277,196036458250528.8,1529.2688955687727
0.0014050000000000033,0.0,0.0,-0.0006776069347273788,0.0,0.0,-2.8552010671531853,0.0,0.0,6.536844718938202e-23,71433172.63946708,0.0,0.0,0.0001380687980252317,0.0,0.0,1.0,-14504465.20596687,1932414.6378723301,1034590.8653411332,-11537459.702753406,196036460118094.8,1529.268881,196036460118094.8,1529.268881,196036460118094.8,1529.268881,196036460118094.8,1529.268881,196036461985131.47,1529.2688664353573,196036458251058.16,1529.2688955646431
0.0014100000000000033,0.0,0.0,-0.0006918718613972066,0.0,0.0,-2.852985333965578,0.0,0.0,1.0666677491664545e-22,71449451.23311347,0.0,0.0,0.00014100275908721836,0.0,0.0,1.0,-14434239.60422118,1973478.4363859838,1074639.6522147807,-11386121.515620414,196036460118094.8,1529.268881,196036460118094.8,1529.268881,196036460118094.8,1529.268881,196036460118094.8,1529.268881,196036461983682.6,1529.2688664466598,196036458252507.03,1529.2688955533406
0.0014150000000000033,0.0,0.0,-0.0007061185552563533,0.0,0.0,-2.849338771829334,0.0,0.0,1.486231636169317e-22,71458055.90112704,0.0,0.0,0.00014393578808557522,0.0,0.0,1.0,-14363262.008256638,2014529.1897118224,1115160.585691104,-11233572.232853713,196036460118094.8,1529.268881,196036460118094.8,1529.268881,196036460118094.8,1529.268881,196036460118094.8,1529.268881,196036461981298.06,1529.2688664652615,196036458254891.56,1529.2688955347392
0.0014200000000000033,0.0,0.0,-0.0007203397481636086,0.0,0.0,-2.8442385814510676,0.0,0.0,1.9118338206276896e-22,71458901.72336438,0.0,0.0,0.00014686643474285941,0.0,0.0,1.0,-14291605.265573926,2055546.599727463,1156114.2539316409,-11079944.411914822,196036460118094.8,1529.268881,196036460118094.8,1529.268881,196036460118094.8,1529.268881,196036460118094.8,1529.268881,196036461977963.03,1529.2688664912778,196036458258226.6,1529.2688955087228
0.0014250000000000033,0.0,0.0,-0.0007345280673758176,0.0,0.0,-2.837663842441806,0.0,0.0,2.342910538703896e-22,71451945.07388197,0.0,0.0,0.00014979322009803453,0.0,0.0,1.0,-14219344.210572327,2096509.9668541704,1197460.0025742783,-10925374.241143879,196036460118094.8,1529.268881,196036460118094.8,1529.268881,196036460118094.8,1529.268881,196036460118094.8,1529.268881,196036461973663.78,1529.2688665248158,196036458262525.84,1529.2688954751845
0.0014300000000000033,0.0,0.0,-0.0007486760453140098,0.0,0.0,-2.829595587638442,0.0,0.0,2.7788774567289536e-22,71437183.3673278,0.0,0.0,0.00015271463816687346,0.0,0.0,1.0,-14146555.43928622,2137398.2132959,1239156.0477623115,-10770001.178228008,196036460118094.8,1529.268881,196036460118094.8,1529.268881,196036460118094.8,1529.268881,196036460118094.8,1529.268881,196036461968387.84,1529.2688665659732,196036458267801.75,1529.2688954340274
0.0014350000000000033,0.0,0.0,-0.0007627761296858614,0.0,0.0,-2.8200168743703244,0.0,0.0,3.21913059838846e-22,71414654.45893577,0.0,0.0,0.0001556291577747872,0.0,0.0,1.0,-14073317.078019138,2178189.90869162,1281159.5953412317,-10613967.573986286,196036460118094.8,1529.268881,196036460118094.8,1529.268881,196036460118094.8,1529.268881,196036460118094.8,1529.268881,196036461962124.28,1529.268866614835,196036458274065.34,1529.2688953851657
0.0014400000000000033,0.0,0.0,-0.0007768206939484289,0.0,0.0,-2.8089128525135036,0.0,0.0,3.663047391678139e-22,71384435.75751846,0.0,0.0,0.00015853522401130724,0.0,0.0,1.0,-13999708.53870142,2218863.2904722854,1323426.9624892515,-10457418.285739884,196036460118094.8,1529.268881,196036460118094.8,1529.268881,196036460118094.8,1529.268881,196036460118094.8,1529.268881,196036461954863.28,1529.2688666714776,196036458281326.34,1529.2688953285228
0.0014450000000000034,0.0,0.0,-0.0007908020480930173,0.0,0.0,-2.7962708289176788,0.0,0.0,4.109987749255923e-22,71346643.04725891,0.0,0.0,0.0001614312603831308,0.0,0.0,1.0,-13925810.273112066,2259396.2939949194,1365913.7046785557,-10300500.274438592,196036460118094.8,1529.268881,196036460118094.8,1529.268881,196036460118094.8,1529.268881,196036460118094.8,1529.268881,196036461946596.56,1529.2688667359657,196036458289593.06,1529.2688952640347
0.0014500000000000034,0.0,0.0,-0.000804712449733468,0.0,0.0,-2.782080328090137,0.0,0.0,4.559295223306318e-22,71301429.09052362,0.0,0.0,0.0001643156706225579,0.0,0.0,1.0,-13851703.522338783,2299766.5778535446,1408574.745364628,-10143362.199120611,196036460118094.8,1529.268881,196036460118094.8,1529.268881,196036460118094.8,1529.268881,196036460118094.8,1529.268881,196036461937317.28,1529.2688668083529,196036458298872.34,1529.2688951916475
0.0014550000000000034,0.0,0.0,-0.0008185441154778606,0.0,0.0,-2.766333148878531,0.0,0.0,5.010298241563412e-22,71248982.02993096,0.0,0.0,0.0001671868408089224,0.0,0.0,1.0,-13777470.062474044,2339951.5535707907,1451364.507374442,-9986154.00152881,196036460118094.8,1529.268881,196036460118094.8,1529.268881,196036460118094.8,1529.268881,196036460118094.8,1529.268881,196036461927020.1,1529.2688668886806,196036458309169.53,1529.2688951113198
0.0014600000000000034,0.0,0.0,-0.0008322892325622172,0.0,0.0,-2.7490234168713097,0.0,0.0,5.462311401708174e-22,71189523.63085635,0.0,0.0,0.00017004314142995446,0.0,0.0,1.0,-13703191.950338729,2379928.4144487823,1494237.0459188255,-9829026.489971124,196036460118094.8,1529.268881,196036460118094.8,1529.268881,196036460118094.8,1529.268881,196036460118094.8,1529.268881,196036461915701.16,1529.268866976979,196036458320488.5,1529.268895023021
0.0014650000000000034,0.0,0.0,-0.000845939970723785,0.0,0.0,-2.730147632313556,0.0,0.0,5.914636574362698e-22,71123307.33844139,0.0,0.0,0.0001728829311816601,0.0,0.0,1.0,-13628951.299758926,2419674.188752351,1537146.1922908549,-9672130.918715721,196036460118094.8,1529.268881,196036460118094.8,1529.268881,196036460118094.8,1529.268881,196036460118094.8,1529.268881,196036461903358.12,1529.2688670732662,196036458332831.5,1529.2688949267342
0.0014700000000000034,0.0,0.0,-0.0008594884942947919,0.0,0.0,-2.7097047142013744,0.0,0.0,6.366563578398324e-22,71050616.17690602,0.0,0.0,0.00017570456312306822,0.0,0.0,1.0,-13554830.116314378,2459165.825851043,1580045.7164800053,-9515618.573983328,196036460118094.8,1529.268881,196036460118094.8,1529.268881,196036460118094.8,1529.268881,196036460118094.8,1529.268881,196036461889990.38,1529.2688671775475,196036458346199.28,1529.268894822453
0.0014750000000000034,0.0,0.0,-0.0008729269745049749,0.0,0.0,-2.687696042036595,0.0,0.0,6.817375248664826e-22,70971761.24961275,0.0,0.0,0.0001785063674492953,0.0,0.0,1.0,-13480909.629791837,2498379.9551104708,1622889.3154824497,-9359640.359198919,196036460118094.8,1529.268881,196036460118094.8,1529.268881,196036460118094.8,1529.268881,196036460118094.8,1529.268881,196036461875598.75,1529.2688672898155,196036458360590.88,1529.268894710185
0.0014800000000000034,0.0,0.0,-0.0008862476019050935,0.0,0.0,-2.6641254800237313,0.0,0.0,7.266344966610083e-22,70887078.85707541,0.0,0.0,0.00018128667565701592,0.0,0.0,1.0,-13407270.516140286,2537293.224112886,1665630.9020905881,-9204346.389936812,196036460118094.8,1529.268881,196036460118094.8,1529.268881,196036460118094.8,1529.268881,196036460118094.8,1529.268881,196036461860185.78,1529.2688674100511,196036458376003.88,1529.268894589949
0.0014850000000000035,0.0,0.0,-0.0008994425989542055,0.0,0.0,-2.638999409822401,0.0,0.0,7.712739556304645e-22,70796928.50008819,0.0,0.0,0.00018404381581518136,0.0,0.0,1.0,-13333992.503580473,2575882.232466032,1708224.6780400297,-9049885.593074411,196036460118094.8,1529.268881,196036460118094.8,1529.268881,196036460118094.8,1529.268881,196036460118094.8,1529.268881,196036461843755.66,1529.2688675382217,196036458392433.97,1529.2688944617787
0.0014900000000000035,0.0,0.0,-0.0009125042327205362,0.0,0.0,-2.6123267532661267,0.0,0.0,8.155820816629251e-22,70701690.56631364,0.0,0.0,0.00018677611506987622,0.0,0.0,1.0,-13261154.14821098,2614123.566861187,1750625.2590490687,-8896405.322300725,196036460118094.8,1529.268881,196036460118094.8,1529.268881,196036460118094.8,1529.268881,196036460118094.8,1529.268881,196036461826314.22,1529.2688676742812,196036458409875.4,1529.2688943257192
0.0014950000000000035,0.0,0.0,-0.0009254248276693996,0.0,0.0,-2.5841189897726955,0.0,0.0,8.59484709858308e-22,70601763.94274694,0.0,0.0,0.0001894819023284454,0.0,0.0,1.0,-13188832.614930145,2651993.8386402754,1792787.794458232,-8744050.981831638,196036460118094.8,1529.268881,196036460118094.8,1529.268881,196036460118094.8,1529.268881,196036460118094.8,1529.268881,196036461807868.94,1529.2688678181717,196036458428320.7,1529.2688941818287
0.0015000000000000035,0.0,0.0,-0.0009381967785108483,0.0,0.0,-2.554390168289748,0.0,0.0,9.029074841024856e-22,70497563.55143784,0.0,0.0,0.0001921595111733449,0.0,0.0,1.0,-13117103.473357972,2689469.724578202,1834668.0838373667,-8592965.664942402,196036460118094.8,1529.268881,196036460118094.8,1529.268881,196036460118094.8,1529.268881,196036460118094.8,1529.268881,196036461788429.06,1529.268867969821,196036458447760.56,1529.2688940301794
0.0015050000000000035,0.0,0.0,-0.0009508125630804464,0.0,0.0,-2.5231569139196144,0.0,0.0,9.457760115609519e-22,70389517.81584015,0.0,0.0,0.00019480728255160827,0.0,0.0,1.0,-13046040.502579663,2726528.0045246994,1876222.6875379288,-8443289.810517035,196036460118094.8,1529.268881,196036460118094.8,1529.268881,196036460118094.8,1529.268881,196036460118094.8,1529.268881,196036461768005.4,1529.268868129145,196036458468184.22,1529.2688938708557
0.0015100000000000035,0.0,0.0,-0.0009632647552264041,0.0,0.0,-2.490438429191533,0.0,0.0,9.880160122007845e-22,70278066.0418574,0.0,0.0,0.00019742356780536526,0.0,0.0,1.0,-12975715.511653334,2763145.6038195495,1917409.0328200273,-8295160.875013757,196036460118094.8,1529.268881,196036460118094.8,1529.268881,196036460118094.8,1529.268881,196036460118094.8,1529.268881,196036461746610.56,1529.2688682960447,196036458489579.1,1529.2688937039554
0.0015150000000000035,0.0,0.0,-0.0009755460376771717,0.0,0.0,-2.4562564901535087,0.0,0.0,1.0295534706676663e-21,70163655.72280677,0.0,0.0,0.00020000673150026438,0.0,0.0,1.0,-12906198.167366762,2799299.63287926,1958185.511945964,-8148713.02254154,196036460118094.8,1529.268881,196036460118094.8,1529.268881,196036460118094.8,1529.268881,196036460118094.8,1529.268881,196036461724258.72,1529.26886847041,196036458511930.9,1529.2688935295903
0.0015200000000000036,0.0,0.0,-0.0009876492148631828,0.0,0.0,-2.4206354372022107,0.0,0.0,1.0703147768897329e-21,70046739.76959932,0.0,0.0,0.0002025551545255574,0.0,0.0,1.0,-12837555.845203497,2834967.43058593,1998511.5772237517,-8004076.837393815,196036460118094.8,1529.268881,196036460118094.8,1529.268881,196036460118094.8,1529.268881,196036460118094.8,1529.268881,196036461700965.88,1529.2688686521162,196036458535223.75,1529.2688933478842
0.0015250000000000036,0.0,0.0,-0.0009995672256683903,0.0,0.0,-2.38360216104149,0.0,0.0,1.1102268721462585e-21,69927773.67454934,0.0,0.0,0.0002050672370013989,0.0,0.0,1.0,-12769853.485115334,2870126.6049778988,2038347.8262067705,-7861379.053930666,196036460118094.8,1529.268881,196036460118094.8,1529.268881,196036460118094.8,1529.268881,196036460118094.8,1529.268881,196036461676749.5,1529.2688688410267,196036458559440.1,1529.268893158974
0.0015300000000000036,0.0,0.0,-0.0010112931560862912,0.0,0.0,-2.3451860835801717,0.0,0.0,1.1492173861847235e-21,69807212.62281214,0.0,0.0,0.0002075414015335816,0.0,0.0,1.0,-12703153.469806915,2904755.0788031053,2077656.0828759186,-7720742.308127891,196036460118094.8,1529.268881,196036460118094.8,1529.268881,196036460118094.8,1529.268881,196036460118094.8,1529.268881,196036461651628.97,1529.2688690369905,196036458584560.66,1529.2688929630099
0.0015350000000000036,0.0,0.0,-0.0010228202517566876,0.0,0.0,-2.3054191340792656,0.0,0.0,1.1872147793647587e-21,69685508.57991655,0.0,0.0,0.0002099760961249285,0.0,0.0,1.0,-12637515.510897806,2938831.1302670105,2116399.4695499684,-7582284.911080828,196036460118094.8,1529.268881,196036460118094.8,1529.268881,196036460118094.8,1529.268881,196036460118094.8,1529.268881,196036461625625.06,1529.2688692398453,196036458610564.53,1529.268892760155
0.0015400000000000036,0.0,0.0,-0.0010341419303585599,0.0,0.0,-2.2643357203744383,0.0,0.0,1.2241484801387911e-21,69563107.37969908,0.0,0.0,0.00021236979740185037,0.0,0.0,1.0,-12572996.55650811,2972333.4381915876,2154542.4741387074,-7446120.644177817,196036460118094.8,1529.268881,196036460118094.8,1529.268881,196036460118094.8,1529.268881,196036460118094.8,1529.268881,196036461598760.34,1529.2688694494154,196036458637429.28,1529.2688925505847
0.0015450000000000036,0.0,0.0,-0.0010452517938352363,0.0,0.0,-2.221972695335303,0.0,0.0,1.2599490313402194e-21,69440445.84780344,0.0,0.0,0.0002147210136954882,0.0,0.0,1.0,-12509650.70739525,3005241.125139071,2192051.008312783,-7312358.573943396,196036460118094.8,1529.268881,196036460118094.8,1529.268881,196036460118094.8,1529.268881,196036460118094.8,1529.268881,196036461571058.84,1529.2688696655134,196036458665130.75,1529.2688923344874
0.0015500000000000036,0.0,0.0,-0.0010561436404265183,0.0,0.0,-2.178369318256385,0.0,0.0,1.2945482356500563e-21,69317949.01322784,0.0,0.0,0.0002170282882117464,0.0,0.0,1.0,-12447529.155752726,3037533.801779831,2228892.4616044187,-7181102.892368476,196036460118094.8,1529.268881,196036460118094.8,1529.268881,196036460118094.8,1529.268881,196036460118094.8,1529.268881,196036461542546.28,1529.2688698879383,196036458693643.34,1529.268892112062
0.0015550000000000036,0.0,0.0,-0.0010668114764825593,0.0,0.0,-2.1335672112082227,0.0,0.0,1.3278791050045616e-21,69196028.07699879,0.0,0.0,0.00021929019121897308,0.0,0.0,1.0,-12386680.359048493,3069191.4575509303,2265035.8243288654,-7052453.077168699,196036460118094.8,1529.268881,196036460118094.8,1529.268881,196036460118094.8,1529.268881,196036460118094.8,1529.268881,196036461513249.88,1529.2688701164777,196036458722939.75,1529.2688918835227
0.0015600000000000037,0.0,0.0,-0.001077249528068266,0.0,0.0,-2.087610317141307,0.0,0.0,1.3598766065629968e-21,69075076.23888347,0.0,0.0,0.00022150535227162267,0.0,0.0,1.0,-12327149.3867359,3100194.9116593846,2300451.5160696837,-6926502.959006831,196036460118094.8,1529.268881,196036460118094.8,1529.268881,196036460118094.8,1529.268881,196036460118094.8,1529.268881,196036461483198.3,1529.2688703509082,196036458752991.3,1529.2688916490922
0.0015650000000000037,0.0,0.0,-0.0010874522522289914,0.0,0.0,-2.0405448321450876,0.0,0.0,1.390477416559691e-21,68955467.6662905,0.0,0.0,0.00022367244141312378,0.0,0.0,1.0,-12268978.36231209,3130525.5499969884,2335111.5780129028,-6803341.234302199,196036460118094.8,1529.268881,196036460118094.8,1529.268881,196036460118094.8,1529.268881,196036460118094.8,1529.268881,196036461452421.88,1529.2688705909934,196036458783767.75,1529.268891409007
0.0015700000000000037,0.0,0.0,-0.0010974143479601667,0.0,0.0,-1.9924191462350647,0.0,0.0,1.4196201404530675e-21,68837555.50113948,0.0,0.0,0.00022579017248049697,0.0,0.0,1.0,-12212206.440453151,3160165.371391834,2368989.695514629,-6683051.373546688,196036460118094.8,1529.268881,196036460118094.8,1529.268881,196036460118094.8,1529.268881,196036460118094.8,1529.268881,196036461420952.12,1529.268870836487,196036458815237.5,1529.2688911635134
0.0015750000000000037,0.0,0.0,-0.0011071307668427295,0.0,0.0,-1.94328377651256,0.0,0.0,1.447245613992099e-21,68721669.97923134,0.0,0.0,0.00022785730965192065,0.0,0.0,1.0,-12156869.734670762,3189097.079248226,2402061.1936547216,-6565711.461767814,196036460118094.8,1529.268881,196036460118094.8,1529.268881,196036460118094.8,1529.268881,196036460118094.8,1529.268881,196036461388822.12,1529.2688710871312,196036458847367.47,1529.2688909128694
0.0015800000000000037,0.0,0.0,-0.001116596723292198,0.0,0.0,-1.8931912898936885,0.0,0.0,1.4732971623589683e-21,68608117.10026121,0.0,0.0,0.00022987267038785265,0.0,0.0,1.0,-12103001.328725414,3217304.1227106918,2434303.051832716,-6451394.154182007,196036460118094.8,1529.268881,196036460118094.8,1529.268881,196036460118094.8,1529.268881,196036460118094.8,1529.268881,196036461356066.28,1529.2688713426576,196036458880123.3,1529.268890657343
0.0015850000000000037,0.0,0.0,-0.001125807704376498,0.0,0.0,-1.842196216860028,0.0,0.0,1.4977208881580243e-21,68497177.66944909,0.0,0.0,0.00023183512828235772,0.0,0.0,1.0,-12050631.296625333,3244770.736571245,2465693.912147255,-6340166.647906832,196036460118094.8,1529.268881,196036460118094.8,1529.268881,196036460118094.8,1529.268881,196036460118094.8,1529.268881,196036461322720.28,1529.2688716027878,196036458913469.38,1529.2688903972123
0.0015900000000000037,0.0,0.0,-0.0011347594791526559,0.0,0.0,-1.790354955231574,0.0,0.0,1.5204659866629326e-21,68389106.72645038,0.0,0.0,0.00023374361585517666,0.0,0.0,1.0,-11999786.732383095,3271481.9803472557,2496214.082472892,-6232090.669562946,196036460118094.8,1529.268881,196036460118094.8,1529.268881,196036460118094.8,1529.268881,196036460118094.8,1529.268881,196036461288820.9,1529.2688718672348,196036458947368.72,1529.2688901327656
0.0015950000000000037,0.0,0.0,-0.0011434481074677437,0.0,0.0,-1.7377256630175877,0.0,0.0,1.5414849562535026e-21,68284133.49713033,0.0,0.0,0.00023559713495660442,0.0,0.0,1.0,-11950491.9573491,3297423.883908409,2525845.592204483,-6127222.481236206,196036460118094.8,1529.268881,196036460118094.8,1529.268881,196036460118094.8,1529.268881,196036460118094.8,1529.268881,196036461254406.22,1529.2688721357017,196036458981783.4,1529.2688898642984
0.0016000000000000038,0.0,0.0,-0.0011518699481876267,0.0,0.0,-1.684368143976614,0.0,0.0,1.5607340357700855e-21,68182461.56423756,0.0,0.0,0.00023739475557917956,0.0,0.0,1.0,-11902768.483164432,3322583.430845079,2554572.1567862914,-6025612.8955330625,196036460118094.8,1529.268881,196036460118094.8,1529.268881,196036460118094.8,1529.268881,196036460118094.8,1529.268881,196036461219515.3,1529.2688724078837,196036459016674.28,1529.268889592117
0.0016050000000000038,0.0,0.0,-0.0011600216667777459,0.0,0.0,-1.6303437180238438,0.0,0.0,1.5781741353328765e-21,68084268.8174226,0.0,0.0,0.00023913558372132225,0.0,0.0,1.0,-11856634.343256455,3346948.1086869314,2582378.918999608,-5927307.315569915,196036460118094.8,1529.268881,196036460118094.8,1529.268881,196036460118094.8,1529.268881,196036460118094.8,1529.268881,196036461184188.38,1529.268872683467,196036459052001.25,1529.2688893165332
0.0016100000000000038,0.0,0.0,-0.0011679002420746916,0.0,0.0,-1.5757150593891514,0.0,0.0,1.593770420536525e-21,67989709.10841693,0.0,0.0,0.00024081881301522728,0.0,0.0,1.0,-11812105.19610375,3370506.631488319,2609252.789542771,-5832345.775072659,196036460118094.8,1529.268881,196036460118094.8,1529.268881,196036460118094.8,1529.268881,196036460118094.8,1529.268881,196036461148466.28,1529.268872962133,196036459087723.3,1529.2688890378674
0.0016150000000000038,0.0,0.0,-0.0011755029723205977,0.0,0.0,-1.5205460491811955,0.0,0.0,1.6074930163763864e-21,67898913.12686785,0.0,0.0,0.00024244370805897618,0.0,0.0,1.0,-11769194.001972439,3393248.7065440663,2635182.2933541476,-5740763.002074225,196036460118094.8,1529.268881,196036460118094.8,1529.268881,196036460118094.8,1529.268881,196036460118094.8,1529.268881,196036461112390.9,1529.2688732435547,196036459123798.72,1529.2688887564454
0.0016200000000000038,0.0,0.0,-0.0011828274803384136,0.0,0.0,-1.464901603563172,0.0,0.0,1.6193174010862155e-21,67811989.76386449,0.0,0.0,0.00024400960597414822,0.0,0.0,1.0,-11727911.091761649,3415165.0561898365,2660157.544248969,-5652588.491322842,196036460118094.8,1529.268881,196036460118094.8,1529.268881,196036460118094.8,1529.268881,196036460118094.8,1529.268881,196036461076004.56,1529.2688735274025,196036459160185.06,1529.2688884725976
0.0016250000000000038,0.0,0.0,-0.0011898717177798316,0.0,0.0,-1.4088474882835975,0.0,0.0,1.6292247755488534e-21,67729027.64723425,0.0,0.0,0.0002455159184140534,0.0,0.0,1.0,-11688264.251789011,3436247.4459094163,2684170.2195894816,-5567846.586290113,196036460118094.8,1529.268881,196036460118094.8,1529.268881,196036460118094.8,1529.268881,196036460118094.8,1529.268881,196036461039350.38,1529.2688738133397,196036459196839.22,1529.268888186661
0.0016300000000000038,0.0,0.0,-0.0011966339683818737,0.0,0.0,-1.3524501204084278,0.0,0.0,1.6372024087310066e-21,67650096.79285479,0.0,0.0,0.00024696213249182565,0.0,0.0,1.0,-11650258.806818908,3456488.697324334,2707213.5292403675,-5486556.5802542055,196036460118094.8,1529.268881,196036460118094.8,1529.268881,196036460118094.8,1529.268881,196036460118094.8,1529.268881,196036461002471.75,1529.268874101028,196036459233717.88,1529.2688878989727
0.0016350000000000039,0.0,0.0,-0.0012031128501722996,0.0,0.0,-1.2957763580851824,0.0,0.0,1.6432439441013155e-21,67575250.29389457,0.0,0.0,0.0002483478121783779,0.0,0.0,1.0,-11613897.708634682,3475882.7077596714,2729282.1817044443,-5408732.819170566,196036460118094.8,1529.268881,196036460118094.8,1529.268881,196036460118094.8,1529.268881,196036460118094.8,1529.268881,196036460965412.38,1529.2688743901256,196036459270777.28,1529.2688876098744
0.0016400000000000039,0.0,0.0,-0.001209307316570754,0.0,0.0,-1.238893279690857,0.0,0.0,1.647349656564978e-21,67504526.0191947,0.0,0.0,0.0002496725989330212,0.0,0.0,1.0,-11579181.626287717,3494424.459070234,2750372.3464569333,-5334384.82076055,196036460118094.8,1529.268881,196036460118094.8,1529.268881,196036460118094.8,1529.268881,196036460118094.8,1529.268881,196036460928216.12,1529.2688746802914,196036459307973.53,1529.2688873197085
0.0016450000000000039,0.0,0.0,-0.001215216656341144,0.0,0.0,-1.1818679540780341,0.0,0.0,1.649526612657556e-21,67437948.40880738,0.0,0.0,0.0002509362105505726,0.0,0.0,1.0,-11546109.08356825,3512110.0015046336,2770481.628460384,-5263517.453603233,196036460118094.8,1529.268881,196036460118094.8,1529.268881,196036460118094.8,1529.268881,196036460118094.8,1529.268881,196036460890926.84,1529.2688749711829,196036459345262.78,1529.2688870288173
0.001650000000000004,0.0,0.0,-0.0012208404923674985,0.0,0.0,-1.1247672052708937,0.0,0.0,1.649788609461799e-21,67375530.85211653,0.0,0.0,0.0002521384305230261,0.0,0.0,1.0,-11514676.780318001,3528936.3048109543,2789609.10198677,-5196131.3735202765,196036460118094.8,1529.268881,196036460118094.8,1529.268881,196036460118094.8,1529.268881,196036460118094.8,1529.268881,196036460853588.22,1529.2688752624592,196036459382601.4,1529.268886737541
0.001655000000000004,0.0,0.0,-0.0012261787792638861,0.0,0.0,-1.0676573792775186,0.0,0.0,1.6481570007199951e-21,67317273.93116857,0.0,0.0,0.0002532791510494115,0.0,0.0,1.0,-11484878.783720927,3544901.8602038953,2807754.95433939,-5132221.969177642,196036460118094.8,1529.268881,196036460118094.8,1529.268881,196036460118094.8,1529.268881,196036460118094.8,1529.268881,196036460816243.72,1529.2688755537818,196036459419945.9,1529.2688864462186
0.001660000000000004,0.0,0.0,-0.001231231799675289,0.0,0.0,-1.0106040822805724,0.0,0.0,1.6446598173748753e-21,67263170.23023263,0.0,0.0,0.00025435832589707993,0.0,0.0,1.0,-11456707.615432633,3560006.0206100503,2824920.775440716,-5071780.819381867,196036460118094.8,1529.268881,196036460118094.8,1529.268881,196036460118094.8,1529.268881,196036460118094.8,1529.268881,196036460778936.16,1529.2688758448155,196036459457253.47,1529.2688861551846
0.001665000000000004,0.0,0.0,-0.0012360001594217784,0.0,0.0,-0.9536719492978676,0.0,0.0,1.6393319531016403e-21,67213204.32266304,0.0,0.0,0.00025537598575134683,0.0,0.0,1.0,-11430154.010015236,3574249.2155019254,2841109.3900752366,-5014795.404438074,196036460118094.8,1529.268881,196036460118094.8,1529.268881,196036460118094.8,1529.268881,196036460118094.8,1529.268881,196036460741707.8,1529.268876135232,196036459494481.8,1529.2688858647684
0.001670000000000004,0.0,0.0,-0.0012404847814538533,0.0,0.0,-0.8969244064149581,0.0,0.0,1.6322149653664365e-21,67167353.82014555,0.0,0.0,0.0002563322373865908,0.0,0.0,1.0,-11405207.02232794,3587632.939296617,2856324.807526485,-4961249.27550484,196036460118094.8,1529.268881,196036460118094.8,1529.268881,196036460118094.8,1529.268881,196036460118094.8,1529.268881,196036460704600.16,1529.2688764247064,196036459531589.44,1529.268885575294
0.001675000000000004,0.0,0.0,-0.0012446868986534048,0.0,0.0,-0.8404234399102949,0.0,0.0,1.6233568004336951e-21,67125590.26734662,0.0,0.0,0.00025722726202798043,0.0,0.0,1.0,-11381854.126493467,3600159.728426495,2870572.166560149,-4911122.231506824,196036460118094.8,1529.268881,196036460118094.8,1529.268881,196036460118094.8,1529.268881,196036460118094.8,1529.268881,196036460667653.78,1529.268876712923,196036459568535.84,1529.2688852870772
0.001680000000000004,0.0,0.0,-0.0012486080455279438,0.0,0.0,-0.784229374907825,0.0,0.0,1.6128114393918661e-21,67087879.902245246,0.0,0.0,0.0002580613138687659,0.0,0.0,1.0,-11360081.319764901,3611833.1405871753,2883857.680790597,-4864390.498387128,196036460118094.8,1529.268881,196036460118094.8,1529.268881,196036460118094.8,1529.268881,196036460118094.8,1529.268881,196036460630908.1,1529.2688769995739,196036459605281.53,1529.2688850004263
0.001685000000000004,0.0,0.0,-0.001252250048859411,0.0,0.0,-0.7284006662934424,0.0,0.0,1.6006382232013742e-21,67054185.08519894,0.0,0.0,0.00025883474099485244,0.0,0.0,1.0,-11339873.711309718,3622658.0475984174,2896188.7491824613,-4821026.91452884,196036460118094.8,1529.268881,196036460118094.8,1529.268881,196036460118094.8,1529.268881,196036460118094.8,1529.268881,196036460594401.28,1529.2688772843615,196036459641788.34,1529.2688847156387
0.001690000000000004,0.0,0.0,-0.0012556150174244907,0.0,0.0,-0.672993713015944,0.0,0.0,1.5869020828807725e-21,67024462.6812965,0.0,0.0,0.00025954792011281466,0.0,0.0,1.0,-11321214.28463804,3632639.721855647,2907573.44103617,-4781001.121746223,196036460118094.8,1529.268881,196036460118094.8,1529.268881,196036460118094.8,1529.268881,196036460118094.8,1529.268881,196036460558170.28,1529.2688775669972,196036459678019.34,1529.268884433003
0.001695000000000004,0.0,0.0,-0.0012587053307465553,0.0,0.0,-0.6180626644129171,0.0,0.0,1.5716723997219443e-21,66998666.19390986,0.0,0.0,0.00026020130538429765,0.0,0.0,1.0,-11304085.086140122,3641784.519817553,2918020.8111673864,-4744279.7551551815,196036460118094.8,1529.268881,196036460118094.8,1529.268881,196036460118094.8,1529.268881,196036460118094.8,1529.268881,196036460522250.47,1529.2688778472057,196036459713939.16,1529.2688841527945
0.001700000000000004,0.0,0.0,-0.0012615236270766843,0.0,0.0,-0.5636592660258053,0.0,0.0,1.555022505059736e-21,66976745.95516071,0.0,0.0,0.00026079542067718886,0.0,0.0,1.0,-11288467.210267475,3650099.7735532806,2927540.8036494027,-4710826.633064791,196036460118094.8,1529.268881,196036460118094.8,1529.268881,196036460118094.8,1529.268881,196036460118094.8,1529.268881,196036460486675.7,1529.2688781247223,196036459749513.94,1529.2688838752779
0.001705000000000004,0.0,0.0,-0.0012640727906904144,0.0,0.0,-0.5098327227460424,0.0,0.0,1.5370291450740689e-21,66958649.20938878,0.0,0.0,0.00026133085052812486,0.0,0.0,1.0,-11274340.767545609,3657593.6642534332,2936144.150563289,-4680602.952728887,196036460118094.8,1529.268881,196036460118094.8,1529.268881,196036460118094.8,1529.268881,196036460118094.8,1529.268881,196036460451478.12,1529.2688783992965,196036459784711.5,1529.2688836007037
0.001710000000000004,0.0,0.0,-0.001266355938592933,0.0,0.0,-0.45662958050374436,0.0,0.0,1.5177718608585879e-21,66944320.34197934,0.0,0.0,0.00026180823725564784,0.0,0.0,1.0,-11261684.977286736,3664275.1818257296,2943842.3146902123,-4653567.480770794,196036460118094.8,1529.268881,196036460118094.8,1529.268881,196036460118094.8,1529.268881,196036460118094.8,1529.268881,196036460416688.2,1529.2688786706908,196036459819501.4,1529.2688833293096
0.001715000000000004,0.0,0.0,-0.0012683764067401063,0.0,0.0,-0.4040936294346485,0.0,0.0,1.4973323622080363e-21,66933701.07443346,0.0,0.0,0.00026222827778254126,0.0,0.0,1.0,-11250478.25808044,3670154.080420328,2950647.43306659,-4629676.744593522,196036460118094.8,1529.268881,196036460118094.8,1529.268881,196036460118094.8,1529.268881,196036460118094.8,1529.268881,196036460382334.6,1529.2688789386812,196036459853855.06,1529.2688830613188
0.001720000000000004,0.0,0.0,-0.0012701377358838209,0.0,0.0,-0.3522658287429231,0.0,0.0,1.4757939095159632e-21,66926730.61747171,0.0,0.0,0.0002625917201837857,0.0,0.0,1.0,-11240698.309162943,3675240.8301149253,2956572.25936803,-4608885.219679987,196036460118094.8,1529.268881,196036460118094.8,1529.268881,196036460118094.8,1529.268881,196036460118094.8,1529.268881,196036460348443.97,1529.26887920306,196036459887745.66,1529.2688827969403
0.001725000000000004,0.0,0.0,-0.001271643657148715,0.0,0.0,-0.3011842529788556,0.0,0.0,1.4532407058232407e-21,66923345.82471577,0.0,0.0,0.0002628993605937351,0.0,0.0,1.0,-11232322.19917102,3679546.573627508,2961630.1111623123,-4591145.5143812,196036460118094.8,1529.268881,196036460118094.8,1529.268881,196036460118094.8,1529.268881,196036460118094.8,1529.268881,196036460315041.38,1529.2688794636315,196036459921148.25,1529.2688825363687
0.001730000000000004,0.0,0.0,-0.0012728980774456137,0.0,0.0,-0.250884059379731,0.0,0.0,1.4297573172364633e-21,66923481.31271753,0.0,0.0,0.000263152039451255,0.0,0.0,1.0,-11225326.439670844,3683083.073763209,2965834.8144911444,-4576408.55141649,196036460118094.8,1529.268881,196036460118094.8,1529.268881,196036460118094.8,1529.268881,196036460118094.8,1529.268881,196036460282149.75,1529.2688797202172,196036459954039.9,1529.2688822797827
0.0017350000000000041,0.0,0.0,-0.0012739050648220686,0.0,0.0,-0.2013974752909951,0.0,0.0,1.4054280944873428e-21,66927069.73207551,0.0,0.0,0.0002633506363519918,0.0,0.0,1.0,-11219687.101223456,3685862.6413665265,2969200.665883478,-4564623.7939734515,196036460118094.8,1529.268881,196036460118094.8,1529.268881,196036460118094.8,1529.268881,196036460118094.8,1529.268881,196036460249790.1,1529.268879972653,196036459986399.56,1529.268882027347
0.0017400000000000041,0.0,0.0,-0.0012746688338502094,0.0,0.0,-0.15275380562816948,0.0,0.0,1.3803365496069684e-21,66934042.508013695,0.0,0.0,0.00026349605886248417,0.0,0.0,1.0,-11215380.047072649,3687897.9787633233,2971742.4377201837,-4555739.630589142,196036460118094.8,1529.268881,196036460118094.8,1529.268881,196036460118094.8,1529.268881,196036460118094.8,1529.268881,196036460217981.62,1529.268880220789,196036460018208.0,1529.2688817792111
0.0017450000000000041,0.0,0.0,-0.0012751937311598826,0.0,0.0,-0.10497946193461696,0.0,0.0,1.3545653918490666e-21,66944327.14201872,0.0,0.0,0.0002635892735474769,0.0,0.0,1.0,-11212380.270732509,3689202.6140199555,2973475.0800961107,-4549702.576616442,196036460118094.8,1529.268881,196036460118094.8,1529.268881,196036460118094.8,1529.268881,196036460118094.8,1529.268881,196036460186741.66,1529.2688804644902,196036460049448.0,1529.26888153551
0.0017500000000000042,0.0,0.0,-0.001275484221110856,0.0,0.0,-0.05809799019470418,0.0,0.0,1.3281955240270103e-21,66957850.44655448,0.0,0.0,0.0002636312639158818,0.0,0.0,1.0,-11210662.771243867,3689790.3123537996,2974413.952244171,-4546458.5066458965,196036460118094.8,1529.268881,196036460118094.8,1529.268881,196036460118094.8,1529.268881,196036460118094.8,1529.268881,196036460156085.53,1529.2688807036368,196036460080104.12,1529.2688812963634
0.0017550000000000042,0.0,0.0,-0.0012755448717779562,0.0,0.0,-0.012130133420043848,0.0,0.0,1.3013058681614085e-21,66974537.55272525,0.0,0.0,0.00026362304068655004,0.0,0.0,1.0,-11210202.327763723,3689675.21981328,2974574.680721421,-4545952.427229023,196036460118094.8,1529.268881,196036460118094.8,1529.268881,196036460118094.8,1529.268881,196036460118094.8,1529.268881,196036460126026.8,1529.268880938123,196036460110162.84,1529.2688810618768
0.0017600000000000042,0.0,0.0,-0.0012753803412793381,0.0,0.0,0.032906099723619214,0.0,0.0,1.2739730346373188e-21,66994312.00437678,0.0,0.0,0.0002635656384439148,0.0,0.0,1.0,-11210973.551461052,3688871.816470153,2973973.116055159,-4548128.618935741,196036460118094.8,1529.268881,196036460118094.8,1529.268881,196036460118094.8,1529.268881,196036460118094.8,1529.268881,196036460096577.28,1529.2688811678572,196036460139612.34,1529.2688808321432
0.0017650000000000042,0.0,0.0,-0.0012749953645052026,0.0,0.0,0.07699535482708614,0.0,0.0,1.2462710348613564e-21,67017095.87538556,0.0,0.0,0.0002634601123760276,0.0,0.0,1.0,-11212950.942130044,3687394.870764976,2972625.2945872066,-4552930.776777861,196036460118094.8,1529.268881,196036460118094.8,1529.268881,196036460118094.8,1529.268881,196036460118094.8,1529.268881,196036460067747.0,1529.2688813927605,196036460168442.62,1529.2688806072397
0.0017700000000000042,0.0,0.0,-0.0012743947402967374,0.0,0.0,0.12012484169305093,0.0,0.0,1.2182710467864662e-21,67042809.84704653,0.0,0.0,0.00026330753513963964,0.0,0.0,1.0,-11216108.928249689,3685259.3956307,2970547.3981456864,-4560302.134473302,196036460118094.8,1529.268881,196036460118094.8,1529.268881,196036460118094.8,1529.268881,196036460118094.8,1529.268881,196036460039544.3,1529.268881612768,196036460196645.3,1529.2688803872322
0.0017750000000000042,0.0,0.0,-0.0012735833191158984,0.0,0.0,0.16228423616777846,0.0,0.0,1.1900412198926336e-21,67071373.317044646,0.0,0.0,0.0002631089938445467,0.0,0.0,1.0,-11220421.914853746,3682480.6062854812,2967755.719948621,-4570185.588619645,196036460118094.8,1529.268881,196036460118094.8,1529.268881,196036460118094.8,1529.268881,196036460118094.8,1529.268881,196036460011975.97,1529.2688818278268,196036460224213.62,1529.2688801721736
0.0017800000000000042,0.0,0.0,-0.001272565991239818,0.0,0.0,0.20346557521611056,0.0,0.0,1.161646525228142e-21,67102704.49185244,0.0,0.0,0.0002628655870960186,0.0,0.0,1.0,-11225864.322291505,3679073.8788384395,2964266.6308215894,-4582523.812631475,196036460118094.8,1529.268881,196036460118094.8,1529.268881,196036460118094.8,1529.268881,196036460118094.8,1529.268881,196036459985047.2,1529.2688820378967,196036460251142.4,1529.2688799621037
0.0017850000000000042,0.0,0.0,-0.001271347675505813,0.0,0.0,0.24366314680097612,0.0,0.0,1.1331485617484544e-21,67136721.28163108,0.0,0.0,0.00026257844113141435,0.0,0.0,1.0,-11232411.020385455,3675054.9761381648,2960096.684188859,-4597259.360058431,196036460118094.8,1529.268881,196036460118094.8,1529.268881,196036460118094.8,1529.268881,196036460118094.8,1529.268881,196036459958761.72,1529.2688822429482,196036460277427.9,1529.268879757052
0.0017900000000000043,0.0,0.0,-0.0012699333086405467,0.0,0.0,0.28287337305328436,0.0,0.0,1.1046057394794602e-21,67173339.04741654,0.0,0.0,0.00026224865212076193,0.0,0.0,1.0,-11240036.198526677,3670439.240210068,2955262.1888359794,-4614334.76948063,196036460118094.8,1529.268881,196036460118094.8,1529.268881,196036460118094.8,1529.268881,196036460118094.8,1529.268881,196036459933121.88,1529.268882442963,196036460303067.78,1529.2688795570368
0.0017950000000000043,0.0,0.0,-0.001268327835141608,0.0,0.0,0.3210946997877238,0.0,0.0,1.0760729861839605e-21,67212472.8848983,0.0,0.0,0.0002618773351056661,0.0,0.0,1.0,-11248714.482922068,3665242.2772066593,2949779.554170353,-4633692.651545056,196036460118094.8,1529.268881,196036460118094.8,1529.268881,196036460118094.8,1529.268881,196036460118094.8,1529.268881,196036459908128.7,1529.2688826379335,196036460328060.94,1529.2688793620669
0.0018000000000000043,0.0,0.0,-0.0012665361977623297,0.0,0.0,0.3583274758556779,0.0,0.0,1.0476018069494705e-21,67254037.16730495,0.0,0.0,0.00026146560828303565,0.0,0.0,1.0,-11258420.685937649,3659479.7374421693,2943665.1701861173,-4655275.778309363,196036460118094.8,1529.268881,196036460118094.8,1529.268881,196036460118094.8,1529.268881,196036460118094.8,1529.268881,196036459883781.88,1529.2688828278615,196036460352407.75,1529.2688791721387
0.0018050000000000043,0.0,0.0,-0.0012645633285895165,0.0,0.0,0.39457383456262957,0.0,0.0,1.0192403133103459e-21,67297945.54415053,0.0,0.0,0.0002610145889566831,0.0,0.0,1.0,-11269129.784258956,3653167.25873103,2936935.368673285,-4679027.15685464,196036460118094.8,1529.268881,196036460118094.8,1529.268881,196036460118094.8,1529.268881,196036460118094.8,1529.268881,196036459860080.12,1529.2688830127574,196036460376109.53,1529.2688789872425
0.0018100000000000043,0.0,0.0,-0.001262414140709044,0.0,0.0,0.4298375760945364,0.0,0.0,9.910332624736504e-22,67344111.05154604,0.0,0.0,0.0002605253912270654,0.0,0.0,1.0,-11280816.941646462,3646320.434053419,2929606.4024677505,-4704890.105125292,196036460118094.8,1529.268881,196036460118094.8,1529.268881,196036460118094.8,1529.268881,196036460118094.8,1529.268881,196036459837020.9,1529.2688831926412,196036460399168.72,1529.268878807359
0.0018150000000000043,0.0,0.0,-0.0012600935204525278,0.0,0.0,0.4641240513032315,0.0,0.0,9.630221181966768e-22,67392446.22257258,0.0,0.0,0.0002599991241616508,0.0,0.0,1.0,-11293457.529935583,3638954.7859476726,2921694.4267106308,-4732808.317277282,196036460118094.8,1529.268881,196036460118094.8,1529.268881,196036460118094.8,1529.268881,196036460118094.8,1529.268881,196036459814600.75,1529.2688833675395,196036460421588.88,1529.2688786324607
0.0018200000000000043,0.0,0.0,-0.0012576063202145227,0.0,0.0,0.4974400476009976,0.0,0.0,9.35245129561498e-22,67442863.19456647,0.0,0.0,0.0002594368898937144,0.0,0.0,1.0,-11307027.143551834,3631085.739900968,2913215.4803273766,-4762725.92332349,196036460118094.8,1529.268881,196036460118094.8,1529.268881,196036460118094.8,1529.268881,196036460118094.8,1529.268881,196036459792815.16,1529.2688835374875,196036460443374.47,1529.2688784625127
0.0018250000000000044,0.0,0.0,-0.0012549573518266007,0.0,0.0,0.5297936775843781,0.0,0.0,9.077374232702293e-22,67495273.83149725,0.0,0.0,0.0002588397820200746,0.0,0.0,1.0,-11321501.616250636,3622728.601924004,2904185.4705917817,-4794587.54373485,196036460118094.8,1529.268881,196036460118094.8,1529.268881,196036460118094.8,1529.268881,196036460118094.8,1529.268881,196036459771658.88,1529.2688837025264,196036460464530.75,1529.2688782974737
0.0018300000000000044,0.0,0.0,-0.0012521513804723224,0.0,0.0,0.5611942708556652,0.0,0.0,8.805311080134533e-22,67549589.84801458,0.0,0.0,0.00025820888405490736,0.0,0.0,1.0,-11336857.03414705,3613898.536910544,2894620.1585686766,-4828338.3386678295,196036460118094.8,1529.268881,196036460118094.8,1529.268881,196036460118094.8,1529.268881,196036460118094.8,1529.268881,196036459751125.8,1529.2688838627037,196036460485063.8,1529.2688781372965
0.0018350000000000044,0.0,0.0,-0.0012491931191250206,0.0,0.0,0.5916522694603543,0.0,0.0,8.536553877732874e-22,67605722.93961282,0.0,0.0,0.0002575452679228914,0.0,0.0,1.0,-11353069.746767124,3604610.5475474335,2884535.145887415,-4863924.053332276,196036460118094.8,1529.268881,196036460118094.8,1529.268881,196036460118094.8,1529.268881,196036460118094.8,1529.268881,196036459731209.1,1529.2688840180729,196036460504980.53,1529.2688779819273
0.0018400000000000044,0.0,0.0,-0.0012460872234887701,0.0,0.0,0.6211791272501161,0.0,0.0,8.27136682768256e-22,67663584.91679916,0.0,0.0,0.00025684999280847754,0.0,0.0,1.0,-11370116.3779258,3594879.458208941,2873945.8633276653,-4901291.056389195,196036460118094.8,1529.268881,196036460118094.8,1529.268881,196036460118094.8,1529.268881,196036460118094.8,1529.268881,196036459711901.28,1529.268884168692,196036460524288.34,1529.2688778313081
0.0018450000000000044,0.0,0.0,-0.0012428382874215898,0.0,0.0,0.6497872134360458,0.0,0.0,8.009987547536254e-22,67723087.84321162,0.0,0.0,0.0002561241038557369,0.0,0.0,1.0,-11387973.833634663,3584719.8967598043,2862867.560109175,-4940386.376765683,196036460118094.8,1529.268881,196036460118094.8,1529.268881,196036460118094.8,1529.268881,196036460118094.8,1529.268881,196036459693194.25,1529.2688843146243,196036460542995.38,1529.2688776853759
0.0018500000000000044,0.0,0.0,-0.0012394508388191743,0.0,0.0,0.6774897204830886,0.0,0.0,7.75262836081792e-22,67784144.17481571,0.0,0.0,0.0002553686311393148,0.0,0.0,1.0,-11406619.309442358,3574146.2801526664,2851315.294584682,-4981157.7347050095,196036460118094.8,1529.268881,196036460118094.8,1529.268881,196036460118094.8,1529.268881,196036460118094.8,1529.268881,196036459675079.38,1529.2688844559375,196036460561110.25,1529.268877544063
0.0018550000000000044,0.0,0.0,-0.0012359293359367946,0.0,0.0,0.7043005764759142,0.0,0.0,7.4994776028661065e-22,67846666.9034947,0.0,0.0,0.00025458458880418496,0.0,0.0,1.0,-11426030.298396157,3563172.802388055,2839303.9266201295,-5023553.569387973,196036460118094.8,1529.268881,196036460118094.8,1529.268881,196036460118094.8,1529.268881,196036460118094.8,1529.268881,196036459657547.56,1529.268884592702,196036460578642.06,1529.268877407298
0.0018600000000000044,0.0,0.0,-0.0012322781641267494,0.0,0.0,0.7302343620090375,0.0,0.0,7.250700936877647e-22,67910569.68913828,0.0,0.0,0.00025377297414634896,0.0,0.0,1.0,-11446184.593294038,3551813.4216478285,2826848.109348399,-5067523.06229781,196036460118094.8,1529.268881,196036460118094.8,1529.268881,196036460118094.8,1529.268881,196036460118094.8,1529.268881,196036459640589.28,1529.2688847249926,196036460595600.34,1529.2688772750078
0.0018650000000000045,0.0,0.0,-0.0012285016329685668,0.0,0.0,0.7553062316365279,0.0,0.0,7.00644264575626e-22,67975767.00626831,0.0,0.0,0.00025293476681906133,0.0,0.0,1.0,-11467060.294291224,3540081.849185479,2813962.2840149547,-5113016.16109079,196036460118094.8,1529.268881,196036460118094.8,1529.268881,196036460118094.8,1529.268881,196036460118094.8,1529.268881,196036459624194.6,1529.2688848528867,196036460611995.03,1529.2688771471135
0.0018700000000000045,0.0,0.0,-0.0012246039737695794,0.0,0.0,0.7795318397974786,0.0,0.0,6.766826726190768e-22,68042174.43000141,0.0,0.0,0.0002520709262444206,0.0,0.0,1.0,-11488635.854430111,3527991.513098691,2800660.6889104494,-5159983.65242097,196036460118094.8,1529.268881,196036460118094.8,1529.268881,196036460118094.8,1529.268881,196036460118094.8,1529.268881,196036459608353.28,1529.2688849764638,196036460627836.3,1529.2688770235368
0.0018750000000000045,0.0,0.0,-0.0012205893374169193,0.0,0.0,0.8029272705320389,0.0,0.0,6.531958261588967e-22,68109708.6852634,0.0,0.0,0.00025118239194842887,0.0,0.0,1.0,-11510890.062592125,3515555.563018847,2786957.347950884,-5208377.151622393,196036460118094.8,1529.268881,196036460118094.8,1529.268881,196036460118094.8,1529.268881,196036460118094.8,1529.268881,196036459593054.88,1529.268885095806,196036460643134.78,1529.2688769041943
0.0018800000000000045,0.0,0.0,-0.0012164617925571487,0.0,0.0,0.8255089719541352,0.0,0.0,6.301925594987989e-22,68178286.99906814,0.0,0.0,0.00025027009285402853,0.0,0.0,1.0,-11533801.836668598,3502787.0001766128,2772865.99518841,-5258148.841303574,196036460118094.8,1529.268881,196036460118094.8,1529.268881,196036460118094.8,1529.268881,196036460118094.8,1529.268881,196036459578288.5,1529.2688852109975,196036460657901.12,1529.268876789003
0.0018850000000000045,0.0,0.0,-0.0012122253240658863,0.0,0.0,0.8472936982524965,0.0,0.0,6.076800096173292e-22,68247828.33243237,0.0,0.0,0.0002493349327633095,0.0,0.0,1.0,-11557350.530282145,3489698.4742105273,2758400.1759659615,-5309251.8801056575,196036460118094.8,1529.268881,196036460118094.8,1529.268881,196036460118094.8,1529.268881,196036460118094.8,1529.268881,196036459564043.3,1529.2688853221232,196036460672146.3,1529.268876677877
0.0018900000000000045,0.0,0.0,-0.001207883831811462,0.0,0.0,0.868298450884835,0.0,0.0,5.856637885107255e-22,68318253.03394262,0.0,0.0,0.00024837779541569597,0.0,0.0,1.0,-11581515.812292391,3476302.3539615143,2743573.202579727,-5361640.255751152,196036460118094.8,1529.268881,196036460118094.8,1529.268881,196036460118094.8,1529.268881,196036460118094.8,1529.268881,196036459550308.16,1529.2688854292703,196036460685881.47,1529.2688765707298
0.0018950000000000045,0.0,0.0,-0.0012034411296827467,0.0,0.0,0.8885404257430478,0.0,0.0,5.641480936193837e-22,68389482.93451947,0.0,0.0,0.0002473995443251601,0.0,0.0,1.0,-11606277.670726987,3462610.725194524,2728398.153273192,-5415268.79225927,196036460118094.8,1529.268881,196036460118094.8,1529.268881,196036460118094.8,1529.268881,196036460118094.8,1529.268881,196036459537071.78,1529.2688855325266,196036460699117.84,1529.2688764674738
0.0019000000000000045,0.0,0.0,-0.0011989009448620253,0.0,0.0,0.9080369641442718,0.0,0.0,5.4313581399269145e-22,68461441.4236585,0.0,0.0,0.00024640102258183645,0.0,0.0,1.0,-11631616.413197195,3448635.3878219207,2712887.8706454663,-5470093.154729809,196036460118094.8,1529.268881,196036460118094.8,1529.268881,196036460118094.8,1529.268881,196036460118094.8,1529.268881,196036459524322.88,1529.26888563198,196036460711866.78,1529.26887636802
0.0019050000000000046,0.0,0.0,-0.0011942669173245245,0.0,0.0,0.926805507500145,0.0,0.0,5.226286318755135e-22,68534053.5084333,0.0,0.0,0.0002453830526398922,0.0,0.0,1.0,-11657512.664474502,3434387.852934511,2697054.959647003,-5526069.851892989,196036460118094.8,1529.268881,196036460118094.8,1529.268881,196036460118094.8,1529.268881,196036460118094.8,1529.268881,196036459512049.97,1529.2688857277203,196036460724139.66,1529.2688762722798
0.0019100000000000046,0.0,0.0,-0.0011895425995469963,0.0,0.0,0.9448635555056494,0.0,0.0,5.026271191993284e-22,68607245.87162201,0.0,0.0,0.0002443464363635931,0.0,0.0,1.0,-11683947.369392473,3419879.3434462845,2680911.787935098,-5583156.238011091,196036460118094.8,1529.268881,196036460118094.8,1529.268881,196036460118094.8,1529.268881,196036460118094.8,1529.268881,196036459500241.7,1529.268885819836,196036460735947.94,1529.2688761801642
0.0019150000000000046,0.0,0.0,-0.0011847314564086412,0.0,0.0,0.9622286276710031,0.0,0.0,4.831308290759641e-22,68680946.90897575,0.0,0.0,0.00024329195483588866,0.0,0.0,1.0,-11710901.790137714,3405120.7914153645,2664470.4847499756,-5641310.513972375,196036460118094.8,1529.268881,196036460118094.8,1529.268881,196036460118094.8,1529.268881,196036460118094.8,1529.268881,196036459488886.53,1529.268885908417,196036460747303.1,1529.2688760915835
0.0019200000000000046,0.0,0.0,-0.0011798368652685238,0.0,0.0,0.9789182280234602,0.0,0.0,4.641383829286903e-22,68755086.76045573,0.0,0.0,0.00024222036850093966,0.0,0.0,1.0,-11738357.50752205,3390122.8400388267,2647742.9415887115,-5700491.725894512,196036460118094.8,1529.268881,196036460118094.8,1529.268881,196036460118094.8,1529.268881,196036460118094.8,1529.268881,196036459477973.1,1529.268885993552,196036460758216.53,1529.2688760064484
0.0019250000000000046,0.0,0.0,-0.0011748621162043845,0.0,0.0,0.9949498128278685,0.0,0.0,4.456475526138416e-22,68829597.32454883,0.0,0.0,0.0002411324171257585,0.0,0.0,1.0,-11766296.418242076,3374895.8431158205,2630740.8118660217,-5760659.763260234,196036460118094.8,1529.268881,196036460118094.8,1529.268881,196036460118094.8,1529.268881,196036460118094.8,1529.268881,196036459467489.9,1529.2688860753306,196036460768699.7,1529.2688759246698
0.0019300000000000046,0.0,0.0,-0.0011698104123986223,0.0,0.0,1.0103407611524287,0.0,0.0,4.276553380267551e-22,68904412.26686457,0.0,0.0,0.0002400288199582669,0.0,0.0,1.0,-11794700.734967504,3359449.867259744,2613475.5118945073,-5821775.355813253,196036460118094.8,1529.268881,196036460118094.8,1529.268881,196036460118094.8,1529.268881,196036460118094.8,1529.268881,196036459457425.66,1529.2688861538413,196036460778763.94,1529.2688758461593
0.0019350000000000046,0.0,0.0,-0.0011646848706580062,0.0,0.0,1.0251083481231995,0.0,0.0,4.101580398029824e-22,68979467.02050163,0.0,0.0,0.00023891027582198374,0.0,0.0,1.0,-11823552.986211728,3343794.6932235016,2595958.222095079,-5883800.070893149,196036460118094.8,1529.268881,196036460118094.8,1529.268881,196036460118094.8,1529.268881,196036460118094.8,1529.268881,196036459447769.03,1529.268886229172,196036460788420.6,1529.2688757708281
0.0019400000000000047,0.0,0.0,-0.0011594885220545192,0.0,0.0,1.0392697206974253,0.0,0.0,3.931513285646601e-22,69054698.76542802,0.0,0.0,0.00023777746329972839,0.0,0.0,1.0,-11852836.01169336,3327939.818470617,2578199.886920952,-5946696.306301792,196036460118094.8,1529.268881,196036460118094.8,1529.268881,196036460118094.8,1529.268881,196036460118094.8,1529.268881,196036459438508.8,1529.2688863014105,196036460797680.78,1529.26887569859
0.0019450000000000047,0.0,0.0,-0.0011542243126753393,0.0,0.0,1.0528418758359817,0.0,0.0,3.7663030825025564e-22,69130046.42213291,0.0,0.0,0.00023663104085815012,0.0,0.0,1.0,-11882532.965800488,3311894.4589181542,2560211.217836327,-6010427.289046008,196036460118094.8,1529.268881,196036460118094.8,1529.268881,196036460118094.8,1529.268881,196036460118094.8,1529.268881,196036459429633.9,1529.268886370643,196036460806555.75,1529.268875629357
0.0019500000000000047,0.0,0.0,-0.0011488951044709896,0.0,0.0,1.065841640869956,0.0,0.0,3.6058957743311035e-22,69205450.61018306,0.0,0.0,0.0002354716471055661,0.0,0.0,1.0,-11912627.310499433,3295667.5525454227,2542002.692862666,-6074957.065091345,196036460118094.8,1529.268881,196036460118094.8,1529.268881,196036460118094.8,1529.268881,196036460118094.8,1529.268881,196036459421133.25,1529.2688864369563,196036460815056.38,1529.268875563044
0.0019550000000000045,0.0,0.0,-0.0011435036761910313,0.0,0.0,1.0782856559916811,0.0,0.0,3.4502328492455803e-22,69280853.63061728,0.0,0.0,0.00023429990107138237,0.0,0.0,1.0,-11943102.820357919,3279267.7633047593,2523584.5605230657,-6140250.496530093,196036460118094.8,1529.268881,196036460118094.8,1529.268881,196036460118094.8,1529.268881,196036460118094.8,1529.268881,196036459412996.0,1529.2688865004343,196036460823193.62,1529.2688754995659
0.0019600000000000043,0.0,0.0,-0.0011380527243976702,0.0,0.0,1.0901903586722035,0.0,0.0,3.299251828667789e-22,69356199.41446367,0.0,0.0,0.0002331164023639766,0.0,0.0,1.0,-11973943.574501608,3262703.483331264,2504966.839442578,-6206273.251727765,196036460118094.8,1529.268881,196036460118094.8,1529.268881,196036460118094.8,1529.268881,196036460118094.8,1529.268881,196036459405211.44,1529.2688865611613,196036460830978.2,1529.268875438839
0.001965000000000004,0.0,0.0,-0.001132544864548079,0.0,0.0,1.101571969918215,0.0,0.0,3.152886755133231e-22,69431433.48921436,0.0,0.0,0.00023192173151577737,0.0,0.0,1.0,-12005133.959041798,3245982.8377725356,2486159.3217405477,-6272991.799528714,196036460118094.8,1529.268881,196036460118094.8,1529.268881,196036460118094.8,1529.268881,196036460118094.8,1529.268881,196036459397768.94,1529.2688866192198,196036460838420.7,1529.2688753807804
0.001970000000000004,0.0,0.0,-0.0011269826321369837,0.0,0.0,1.1124464822190447,0.0,0.0,3.011068648819201e-22,69506502.92945215,0.0,0.0,0.00023071645020585307,0.0,0.0,1.0,-12036658.66304958,3229113.6879040333,2467171.57433644,-6340373.400809107,196036460118094.8,1529.268881,196036460118094.8,1529.268881,196036460118094.8,1529.268881,196036460118094.8,1529.268881,196036459390658.0,1529.2688866746919,196036460845531.6,1529.2688753253087
0.0019750000000000037,0.0,0.0,-0.001121368483891607,0.0,0.0,1.1228296490753444,0.0,0.0,2.8737259321283606e-22,69581356.31413047,0.0,0.0,0.00022950110165445112,0.0,0.0,1.0,-12068502.679770706,3212103.6366510564,2448012.9422063422,-6408386.100913309,196036460118094.8,1529.268881,196036460118094.8,1529.268881,196036460118094.8,1529.268881,196036460118094.8,1529.268881,196036459383868.38,1529.2688867276572,196036460852321.25,1529.268875272343
0.0019800000000000035,0.0,0.0,-0.001115704799011613,0.0,0.0,1.132736975998794,0.0,0.0,2.7407848250006977e-22,69655943.66707009,0.0,0.0,0.0002282762108449598,0.0,0.0,1.0,-12100651.299508149,3194960.0316953324,2428692.548875496,-6476998.71893732,196036460118094.8,1529.268881,196036460118094.8,1529.268881,196036460118094.8,1529.268881,196036460118094.8,1529.268881,196036459377389.9,1529.2688867781956,196036460858799.72,1529.2688752218046
0.0019850000000000033,0.0,0.0,-0.0011099938804472061,0.0,0.0,1.1421837128814112,0.0,0.0,2.612169707599312e-22,69730216.41672833,0.0,0.0,0.0002270422849431454,0.0,0.0,1.0,-12133090.113071838,3177689.971342665,2409219.300682781,-6546180.841046393,196036460118094.8,1529.268881,196036460118094.8,1529.268881,196036460118094.8,1529.268881,196036460118094.8,1529.268881,196036459371212.62,1529.268886826384,196036460864977.03,1529.268875173616
0.001990000000000003,0.0,0.0,-0.001104237956209099,0.0,0.0,1.1511848476214293,0.0,0.0,2.4878034562191364e-22,69804127.33820099,0.0,0.0,0.00022579981348564866,0.0,0.0,1.0,-12165805.005214302,3160300.307161142,2389601.887677389,-6615902.810375771,196036460118094.8,1529.268881,196036460118094.8,1529.268881,196036460118094.8,1529.268881,196036460118094.8,1529.268881,196036459365326.7,1529.2688868722998,196036460870862.9,1529.2688751277005
0.001995000000000003,0.0,0.0,-0.0010984391807045341,0.0,0.0,1.1597551009129698,0.0,0.0,2.367607756859029e-22,69877630.50927839,0.0,0.0,0.00022454926887552367,0.0,0.0,1.0,-12198782.157101592,3142797.6509167077,2369848.7877379875,-6686135.718446896,196036460118094.8,1529.268881,196036460118094.8,1529.268881,196036460118094.8,1529.268881,196036460118094.8,1529.268881,196036459359722.56,1529.2688869160174,196036460876467.06,1529.268875083983
0.0020000000000000026,0.0,0.0,-0.0010925996360939235,0.0,0.0,1.1679089221221224,0.0,0.0,2.2515033901167374e-22,69950681.25430483,0.0,0.0,0.00022329110657587386,0.0,0.0,1.0,-12232008.039834503,3125188.377283297,2349968.267675599,-6756851.394875607,196036460118094.8,1529.268881,196036460118094.8,1529.268881,196036460118094.8,1529.268881,196036460118094.8,1529.268881,196036459354390.7,1529.2688869576111,196036460881798.94,1529.268875042389
0.0020050000000000024,0.0,0.0,-0.0010867213336631732,0.0,0.0,1.175660486150076,0.0,0.0,2.1394105020618417e-22,70023236.09577419,0.0,0.0,0.0002220257656835341,0.0,0.0,1.0,-12265469.41455536,3107478.6318721077,2329968.3866949384,-6828022.395988314,196036460118094.8,1529.268881,196036460118094.8,1529.268881,196036460118094.8,1529.268881,196036460118094.8,1529.268881,196036459349321.9,1529.2688869971523,196036460886867.72,1529.2688750028478
0.0020100000000000022,0.0,0.0,-0.0010808062152069995,0.0,0.0,1.183023691234722,0.0,0.0,2.0312488343319852e-22,70095252.71243857,0.0,0.0,0.00022075366893523535,0.0,0.0,1.0,-12299153.329335686,3089674.3313178793,2309856.998810265,-6899621.999207541,196036460118094.8,1529.268881,196036460118094.8,1529.268881,196036460118094.8,1529.268881,196036460118094.8,1529.268881,196036459344507.03,1529.2688870347129,196036460891682.6,1529.2688749652873
0.002015000000000002,0.0,0.0,-0.0010748561544192522,0.0,0.0,1.1900121575494527,0.0,0.0,1.9269379914031658e-22,70166689.91092962,0.0,0.0,0.00021947522462468496,0.0,0.0,1.0,-12333047.142822677,3071781.1901104013,2289641.7644966757,-6971624.188215601,196036460118094.8,1529.268881,196036460118094.8,1529.268881,196036460118094.8,1529.268881,196036460118094.8,1529.268881,196036459339937.25,1529.2688870703614,196036460896252.38,1529.268874929639
0.002020000000000002,0.0,0.0,-0.0010688729582856125,0.0,0.0,1.1966392267279484,0.0,0.0,1.8263975947038148e-22,70237507.55523314,0.0,0.0,0.00021819082509112942,0.0,0.0,1.0,-12367138.489613753,3053804.6994403987,2269330.142434668,-7044003.647738686,196036460118094.8,1529.268881,196036460118094.8,1529.268881,196036460118094.8,1529.268881,196036460118094.8,1529.268881,196036459335603.75,1529.2688871041669,196036460900585.88,1529.2688748958333
0.0020250000000000016,0.0,0.0,-0.001062858368475998,0.0,0.0,1.2029179619229113,0.0,0.0,1.7295474036646546e-22,70307666.46827568,0.0,0.0,0.00021690084460675252,0.0,0.0,1.0,-12401415.21701018,3035750.0976314945,2248929.371506303,-7116735.7478723815,196036460118094.8,1529.268881,196036460118094.8,1529.268881,196036460118094.8,1529.268881,196036460118094.8,1529.268881,196036459331498.03,1529.2688871361952,196036460904691.56,1529.2688748638052
0.0020300000000000014,0.0,0.0,-0.0010568140627345772,0.0,0.0,1.2088611482841902,0.0,0.0,1.6363076142513083e-22,70377128.50885646,0.0,0.0,0.00021560564479976307,0.0,0.0,1.0,-12435865.498902941,3017622.4460418974,2228446.5135223474,-7189796.539338695,196036460118094.8,1529.268881,196036460118094.8,1529.268881,196036460118094.8,1529.268881,196036460118094.8,1529.268881,196036459327611.75,1529.2688871665118,196036460908577.88,1529.2688748334883
0.0020350000000000012,0.0,0.0,-0.0010507416562622212,0.0,0.0,1.214481294471207,0.0,0.0,1.5465989639642313e-22,70445856.47905311,0.0,0.0,0.0002143055729533731,0.0,0.0,1.0,-12470477.782278942,2999426.6052568518,2207888.4386460693,-7263162.738376021,196036460118094.8,1529.268881,196036460118094.8,1529.268881,196036460118094.8,1529.268881,196036460118094.8,1529.268881,196036459323936.7,1529.268887195181,196036460912252.9,1529.2688748048197
0.002040000000000001,0.0,0.0,-0.0010446427030895754,0.0,0.0,1.219790634529168,0.0,0.0,1.4603428673121385e-22,70513814.09935547,0.0,0.0,0.00021300096227925834,0.0,0.0,1.0,-12505240.78868856,2981167.238916,2187261.8297087024,-7336811.720063857,196036460118094.8,1529.268881,196036460118094.8,1529.268881,196036460118094.8,1529.268881,196036460118094.8,1529.268881,196036459320464.88,1529.2688872222643,196036460915724.72,1529.2688747777363
0.002045000000000001,0.0,0.0,-0.0010385186974384022,0.0,0.0,1.2248011302346378,0.0,0.0,1.3774615422352477e-22,70580965.97119085,0.0,0.0,0.00021169213222679725,0.0,0.0,1.0,-12540143.507620696,2962848.8180414964,2166573.183759124,-7410721.505820075,196036460118094.8,1529.268881,196036460118094.8,1529.268881,196036460118094.8,1529.268881,196036460118094.8,1529.268881,196036459317188.47,1529.2688872478234,196036460919001.16,1529.268874752177
0.0020500000000000006,0.0,0.0,-0.0010323710750690066,0.0,0.0,1.229524473879122,0.0,0.0,1.2978781264913985e-22,70647277.54956558,0.0,0.0,0.0002103793889177376,0.0,0.0,1.0,-12575175.195628084,2944475.627121617,2145828.815639896,-7484870.752866571,196036460118094.8,1529.268881,196036460118094.8,1529.268881,196036460118094.8,1529.268881,196036460118094.8,1529.268881,196036459314099.84,1529.2688872719175,196036460922089.78,1529.2688747280827
0.0020550000000000004,0.0,0.0,-0.0010262012146117273,0.0,0.0,1.2339720914558834,0.0,0.0,1.2215167761376155e-22,70712715.11871663,0.0,0.0,0.0002090630253705533,0.0,0.0,1.0,-12610325.373215826,2926051.7672508615,2125034.8608191954,-7559238.74514577,196036460118094.8,1529.268881,196036460118094.8,1529.268881,196036460118094.8,1529.268881,196036460118094.8,1529.268881,196036459311191.53,1529.268887294605,196036460924998.12,1529.2688747053949
0.00206,0.0,0.0,-0.0010200104388807874,0.0,0.0,1.238155146187958,0.0,0.0,1.1483027588893195e-22,70777245.76617278,0.0,0.0,0.00020774332188468162,0.0,0.0,1.0,-12645583.82130115,2907581.1615077485,2104197.278102461,-7633805.38169094,196036460118094.8,1529.268881,196036460118094.8,1529.268881,196036460118094.8,1529.268881,196036460118094.8,1529.268881,196036459308456.2,1529.2688873159434,196036460927733.44,1529.268874684057
0.002065,0.0,0.0,-0.0010138000161688892,0.0,0.0,1.2420845423796274,0.0,0.0,1.0781625363349472e-22,70840837.3652374,0.0,0.0,0.00020642054639083386,0.0,0.0,1.0,-12680940.581241397,2889067.559857772,2083321.853605324,-7708551.167778301,196036460118094.8,1529.268881,196036460118094.8,1529.268881,196036460118094.8,1529.268881,196036460118094.8,1529.268881,196036459305886.75,1529.2688873359873,196036460930302.88,1529.2688746640129
0.00207,0.0,0.0,-0.0010075711615211255,0.0,0.0,1.2457709295527295,0.0,0.0,1.0110238328410326e-22,70903458.55065395,0.0,0.0,0.000205094954660474,0.0,0.0,1.0,-12716385.946865963,2870514.5420852713,2062414.2019789123,-7783457.202801779,196036460118094.8,1529.268881,196036460118094.8,1529.268881,196036460118094.8,1529.268881,196036460118094.8,1529.268881,196036459303476.2,1529.268887354792,196036460932713.44,1529.2688746452081
0.0020749999999999996,0.0,0.0,-0.001001325037987017,0.0,0.0,1.2492247068217033,0.0,0.0,9.468157047531989e-23,70965078.70404272,0.0,0.0,0.00020376679079286438,0.0,0.0,1.0,-12751910.465573652,2851925.524610136,2041479.770795865,-7858505.17016765,196036460118094.8,1529.268881,196036460118094.8,1529.268881,196036460118094.8,1529.268881,196036460118094.8,1529.268881,196036459301217.72,1529.26888737241,196036460934971.88,1529.2688746275903
0.0020799999999999994,0.0,0.0,-0.000995062757849475,0.0,0.0,1.252456027508385,0.0,0.0,8.854685906496993e-23,71025667.9415092,0.0,0.0,0.00020243628733862835,0.0,0.0,1.0,-12787504.934389792,2833303.762217191,2020523.843207448,-7933677.3289651545,196036460118094.8,1529.268881,196036460118094.8,1529.268881,196036460118094.8,1529.268881,196036460118094.8,1529.268881,196036459299104.75,1529.2688873888933,196036460937084.9,1529.2688746111066
0.002084999999999999,0.0,0.0,-0.0009887853838298204,0.0,0.0,1.2554748039309154,0.0,0.0,8.26914364475238e-23,71085197.09373656,0.0,0.0,0.00020110366575870465,0.0,0.0,1.0,-12823160.394286444,2814652.354479735,1999551.5400144272,-8008956.499792281,196036460118094.8,1529.268881,196036460118094.8,1529.268881,196036460118094.8,1529.268881,196036460118094.8,1529.268881,196036459297130.75,1529.2688874042924,196036460939058.88,1529.2688745957078
0.002089999999999999,0.0,0.0,-0.0009824939302679368,0.0,0.0,1.2582907123767357,0.0,0.0,7.710863737912568e-23,71143637.70332384,0.0,0.0,0.0001997691365755816,0.0,0.0,1.0,-12858868.13105446,2795974.2478762176,1978567.8240203892,-8084326.059157853,196036460118094.8,1529.268881,196036460118094.8,1529.268881,196036460118094.8,1529.268881,196036460118094.8,1529.268881,196036459295289.4,1529.2688874186567,196036460940900.25,1529.2688745813434
0.0020949999999999988,0.0,0.0,-0.0009761893642768962,0.0,0.0,1.2609131982081043,0.0,0.0,7.179194789322058e-23,71200962.00847445,0.0,0.0,0.00019843289978627006,0.0,0.0,1.0,-12894619.669132695,2777272.2415702213,1957577.5019562647,-8159769.925606209,196036460118094.8,1529.268881,196036460118094.8,1529.268881,196036460118094.8,1529.268881,196036460118094.8,1529.268881,196036459293574.53,1529.2688874320343,196036460942615.1,1529.268874567966
0.0020999999999999986,0.0,0.0,-0.0009698726068713799,0.0,0.0,1.2633514811032769,0.0,0.0,6.673500808789269e-23,71257142.93790586,0.0,0.0,0.00019709514506242743,0.0,0.0,1.0,-12930406.769148553,2758548.990211403,1936585.2276991112,-8235272.5512380395,196036460118094.8,1529.268881,196036460118094.8,1529.268881,196036460118094.8,1529.268881,196036460118094.8,1529.268881,196036459291980.12,1529.268887444472,196036460944209.47,1529.2688745555283
0.0021049999999999984,0.0,0.0,-0.0009635445340694086,0.0,0.0,1.2656145603942561,0.0,0.0,6.193161458458314e-23,71312154.10586253,0.0,0.0,0.00019575605199260976,0.0,0.0,1.0,-12966221.425415805,2739807.0073260576,1915595.505482993,-8310818.912606752,196036460118094.8,1529.268881,196036460118094.8,1529.268881,196036460118094.8,1529.268881,196036460118094.8,1529.268881,196036459290500.28,1529.2688874560163,196036460945689.34,1529.2688745439839
0.002109999999999998,0.0,0.0,-0.0009572059779669599,0.0,0.0,1.2677112204897265,0.0,0.0,5.737572290790053e-23,71365969.801624,0.0,0.0,0.00019441579049507202,0.0,0.0,1.0,-13002055.860891074,2721048.6710946867,1894612.6922345723,-8386394.497561816,196036460118094.8,1529.268881,196036460118094.8,1529.268881,196036460118094.8,1529.268881,196036460118094.8,1529.268881,196036459289129.25,1529.2688874667115,196036460947060.38,1529.2688745332887
0.002114999999999998,0.0,0.0,-0.0009508577277850577,0.0,0.0,1.2696500363804413,0.0,0.0,5.306144867958354e-23,71418564.99129885,0.0,0.0,0.00019307452090589397,0.0,0.0,1.0,-13037902.525603622,2702276.225585405,1873641.0011147787,-8461985.29890344,196036460118094.8,1529.268881,196036460118094.8,1529.268881,196036460118094.8,1529.268881,196036460118094.8,1529.268881,196036459287861.47,1529.2688874766015,196036460948328.2,1529.2688745233984
0.0021199999999999978,0.0,0.0,-0.0009445005308891278,0.0,0.0,1.2714393791859744,0.0,0.0,4.898306904834432e-23,71469915.3101449,0.0,0.0,0.0001917323943451082,0.0,0.0,1.0,-13073754.091150373,2683491.785878284,1852684.5036991274,-8537577.801572962,196036460118094.8,1529.268881,196036460118094.8,1529.268881,196036460118094.8,1529.268881,196036460118094.8,1529.268881,196036459286691.38,1529.2688874857295,196036460949498.25,1529.268874514271
0.0021249999999999976,0.0,0.0,-0.0009381350937803728,0.0,0.0,1.2730874217510124,0.0,0.0,4.5135023666274104e-23,71519997.0638139,0.0,0.0,0.00019038955294935458,0.0,0.0,1.0,-13109603.450476203,2664697.3413215852,1831747.1339887418,-8613158.975165876,196036460118094.8,1529.268881,196036460118094.8,1529.268881,196036460118094.8,1529.268881,196036460118094.8,1529.268881,196036459285613.72,1529.2688874941362,196036460950575.88,1529.2688745058645
0.0021299999999999973,0.0,0.0,-0.0009317620830589954,0.0,0.0,1.274602144275474,0.0,0.0,4.1511914828214545e-23,71568787.22676118,0.0,0.0,0.000189046130010764,0.0,0.0,1.0,-13145443.711585589,2645894.7574755847,1810832.6903172466,-8688716.263792757,196036460118094.8,1529.268881,196036460118094.8,1529.268881,196036460118094.8,1529.268881,196036460118094.8,1529.268881,196036459284623.25,1529.2688875018625,196036460951566.38,1529.2688744981376
0.002134999999999997,0.0,0.0,-0.0009253821263592481,0.0,0.0,1.2759913399494591,0.0,0.0,3.810850781139339e-23,71616263.43959062,0.0,0.0,0.0001877022502803894,0.0,0.0,1.0,-13181268.192925189,2627085.780359399,1789944.8378337107,-8764237.57473208,196036460118094.8,1529.268881,196036460118094.8,1529.268881,196036460118094.8,1529.268881,196036460118094.8,1529.268881,196036459283714.8,1529.2688875089493,196036460952474.78,1529.268874491051
0.002139999999999997,0.0,0.0,-0.0009189958132562483,0.0,0.0,1.2772626205999638,0.0,0.0,3.491973136902286e-23,71662404.01060472,0.0,0.0,0.00018635803028835678,0.0,0.0,1.0,-13217070.424488058,2608272.0409318297,1769087.112963428,-8839711.2705928,196036460118094.8,1529.268881,196036460118094.8,1529.268881,196036460118094.8,1529.268881,196036460118094.8,1529.268881,196036459282883.53,1529.2688875154342,196036460953306.1,1529.2688744845661
0.0021449999999999967,0.0,0.0,-0.0009126036961444748,0.0,0.0,1.2784234223546977,0.0,0.0,3.1940676738988127e-23,71707187.91776395,0.0,0.0,0.00018501357837246706,0.0,0.0,1.0,-13252844.140109276,2589455.0554916724,1748262.924811181,-8915126.159806423,196036460118094.8,1529.268881,196036460118094.8,1529.268881,196036460118094.8,1529.268881,196036460118094.8,1529.268881,196036459282124.47,1529.2688875213555,196036460954065.16,1529.2688744786446
0.0021499999999999965,0.0,0.0,-0.0009062062910881169,0.0,0.0,1.2794810112715567,0.0,0.0,2.916659747671587e-23,71750594.80806185,0.0,0.0,0.00018366899500367508,0.0,0.0,1.0,-13288583.274594843,2570636.230233134,1727475.5582325365,-8990471.486129174,196036460118094.8,1529.268881,196036460118094.8,1529.268881,196036460118094.8,1529.268881,196036460118094.8,1529.268881,196036459281432.9,1529.2688875267504,196036460954756.7,1529.26887447325
0.0021549999999999963,0.0,0.0,-0.0008998040786433054,0.0,0.0,1.280442488962303,0.0,0.0,2.6592908799367445e-23,71792605.00158128,0.0,0.0,0.00018232437293494243,0.0,0.0,1.0,-13324281.96197935,2551816.8633291773,1706728.17728844,-9065736.921361733,196036460118094.8,1529.268881,196036460118094.8,1529.268881,196036460118094.8,1529.268881,196036460118094.8,1529.268881,196036459280804.2,1529.268887531655,196036460955385.44,1529.2688744683453
0.002159999999999996,0.0,0.0,-0.0008933975046523378,0.0,0.0,1.281314798193526,0.0,0.0,2.4215186719322153e-23,71833199.49047466,0.0,0.0,0.00018097979746995027,0.0,0.0,1.0,-13359934.529579822,2532998.1486924347,1686023.8272349497,-9140912.553652437,196036460118094.8,1529.268881,196036460118094.8,1529.268881,196036460118094.8,1529.268881,196036460118094.8,1529.268881,196036459280233.78,1529.2688875361048,196036460955955.8,1529.2688744638958
0.002164999999999996,0.0,0.0,-0.0008869869810100499,0.0,0.0,1.2821047284575808,0.0,0.0,2.2029166972395084e-23,71872359.94497961,0.0,0.0,0.0001796353465402001,0.0,0.0,1.0,-13395535.49644031,2514181.1770543135,1665365.4380246468,-9215988.881361352,196036460118094.8,1529.268881,196036460118094.8,1529.268881,196036460118094.8,1529.268881,196036460118094.8,1529.268881,196036459279717.25,1529.268887540134,196036460956472.38,1529.268874459866
0.0021699999999999957,0.0,0.0,-0.0008805728864025179,0.0,0.0,1.282818921506394,0.0,0.0,2.0030743785155107e-23,71910068.71260923,0.0,0.0,0.00017829109097346324,0.0,0.0,1.0,-13431079.566454764,2495366.9397222195,1644755.8259546126,-9290956.80077793,196036460118094.8,1529.268881,196036460118094.8,1529.268881,196036460118094.8,1529.268881,196036460118094.8,1529.268881,196036459279250.22,1529.2688875437773,196036460956939.4,1529.2688744562229
0.0021749999999999955,0.0,0.0,-0.0008741555670183051,0.0,0.0,1.2834638768425617,0.0,0.0,1.8215968924435025e-23,71946308.82282078,0.0,0.0,0.00017694709464911458,0.0,0.0,1.0,-13466561.628574202,2476556.330753614,1624197.6977582132,-9365807.600062376,196036460118094.8,1529.268881,196036460118094.8,1529.268881,196036460118094.8,1529.268881,196036460118094.8,1529.268881,196036459278828.5,1529.2688875470672,196036460957361.16,1529.2688744529328
0.0021799999999999953,0.0,0.0,-0.0008677353372324175,0.0,0.0,1.2840459571775154,0.0,0.0,1.6581049919380666e-23,71981063.98965521,0.0,0.0,0.00017560341462241434,0.0,0.0,1.0,-13501976.749581521,2457750.1486954656,1603693.6521111068,-9440532.948774949,196036460118094.8,1529.268881,196036460118094.8,1529.268881,196036460118094.8,1529.268881,196036460118094.8,1529.268881,196036459278447.84,1529.2688875500367,196036460957741.78,1529.2688744499635
0.002184999999999995,0.0,0.0,-0.000861312480263277,0.0,0.0,1.2845713938280916,0.0,0.0,1.512234912682651e-23,72014318.61290775,0.0,0.0,0.00017426010138959976,0.0,0.0,1.0,-13537320.173589824,2438949.1002944787,1583246.1834556377,-9515124.889839707,196036460118094.8,1529.268881,196036460118094.8,1529.268881,196036460118094.8,1529.268881,196036460118094.8,1529.268881,196036459278104.28,1529.2688875527167,196036460958085.34,1529.2688744472835
0.002189999999999995,0.0,0.0,-0.0008548872488028734,0.0,0.0,1.2850462920807169,0.0,0.0,1.3836381489870413e-23,72046057.78484108,0.0,0.0,0.00017291719885176724,0.0,0.0,1.0,-13572587.314895736,2420153.7999915876,1562857.6835116842,-9589575.831392463,196036460118094.8,1529.268881,196036460118094.8,1529.268881,196036460118094.8,1529.268881,196036460118094.8,1529.268881,196036459277793.72,1529.2688875551394,196036460958395.88,1529.268874444861
0.0021949999999999947,0.0,0.0,-0.0008484598656204837,0.0,0.0,1.2854766364779386,0.0,0.0,1.2719813687217366e-23,72076267.2879001,0.0,0.0,0.00017157474469369895,0.0,0.0,1.0,-13607773.757247208,2401364.7752240244,1542530.4449990087,-9663878.537024174,196036460118094.8,1529.268881,196036460118094.8,1529.268881,196036460118094.8,1529.268881,196036460118094.8,1529.268881,196036459277512.34,1529.2688875573344,196036460958677.28,1529.268874442666
0.0021999999999999945,0.0,0.0,-0.0008420305241401062,0.0,0.0,1.2858682960754828,0.0,0.0,1.1769461786271684e-23,72104933.60256705,0.0,0.0,0.00017023277030128994,0.0,0.0,1.0,-13642875.247483026,2382582.4652696266,1522266.663398429,-9738026.118814971,196036460118094.8,1529.268881,196036460118094.8,1529.268881,196036460118094.8,1529.268881,196036460118094.8,1529.268881,196036459277256.22,1529.2688875593326,196036460958933.4,1529.2688744406678
0.0022049999999999943,0.0,0.0,-0.0008355993889920162,0.0,0.0,1.286227029618,0.0,0.0,1.098229015619896e-23,72132043.9046429,0.0,0.0,0.00016889130112044873,0.0,0.0,1.0,-13677887.6937827,2363807.2262700205,1502068.4402999727,-9812012.027212707,196036460118094.8,1529.268881,196036460118094.8,1529.268881,196036460118094.8,1529.268881,196036460118094.8,1529.268881,196036459277021.62,1529.2688875611625,196036460959168.0,1529.2688744388377
0.002209999999999994,0.0,0.0,-0.0008291665965386304,0.0,0.0,1.2865584906771546,0.0,0.0,1.0355409182321997e-23,72157586.0721283,0.0,0.0,0.0001675503566063397,0.0,0.0,1.0,-13712807.15993388,2345039.330520212,1481937.7853609235,-9885830.044052746,196036460118094.8,1529.268881,196036460118094.8,1529.268881,196036460118094.8,1529.268881,196036460118094.8,1529.268881,196036459276804.9,1529.2688875628533,196036460959384.72,1529.268874437147
0.002214999999999994,0.0,0.0,-0.0008227322553750778,0.0,0.0,1.2868682327105243,0.0,0.0,9.886073813050093e-24,72181548.68560728,0.0,0.0,0.000166209950418826,0.0,0.0,1.0,-13747629.863187712,2326278.969204017,1461876.6194976978,-9959474.274485998,196036460118094.8,1529.268881,196036460118094.8,1529.268881,196036460118094.8,1529.268881,196036460118094.8,1529.268881,196036459276602.38,1529.268887564433,196036460959587.25,1529.268874435567
0.0022199999999999937,0.0,0.0,-0.000816296446804727,0.0,0.0,1.287161714070159,0.0,0.0,9.571681505786134e-24,72203921.0321068,0.0,0.0,0.00016487009047319213,0.0,0.0,1.0,-13782352.169193804,2307526.253103971,1441886.777057251,-10032939.139032582,196036460118094.8,1529.268881,196036460118094.8,1529.268881,196036460118094.8,1529.268881,196036460118094.8,1529.268881,196036459276410.44,1529.2688875659303,196036460959779.2,1529.2688744340699
0.0022249999999999935,0.0,0.0,-0.0008098592252900271,0.0,0.0,1.2874443029399711,0.0,0.0,9.409770716240493e-24,72224693.10293297,0.0,0.0,0.0001635307792151216,0.0,0.0,1.0,-13816970.588749072,2288781.2164499275,1421970.008609461,-10106219.363689682,196036460118094.8,1529.268881,196036460118094.8,1529.268881,196036460118094.8,1529.268881,196036460118094.8,1529.268881,196036459276225.66,1529.2688875673718,196036460959963.97,1529.2688744326285
0.0022299999999999933,0.0,0.0,-0.0008034206188789232,0.0,0.0,1.287721282220787,0.0,0.0,9.398018810858459e-24,72243855.59999505,0.0,0.0,0.00016219201352198886,0.0,0.0,1.0,-13851481.774300778,2270043.8155375347,1402127.9836476655,-10179309.97511558,196036460118094.8,1529.268881,196036460118094.8,1529.268881,196036460118094.8,1529.268881,196036460118094.8,1529.268881,196036459276044.53,1529.2688875687847,196036460960145.1,1529.2688744312154
0.002234999999999993,0.0,0.0,-0.0007969806296072078,0.0,0.0,1.2879978543430728,0.0,0.0,9.534240158995653e-24,72261399.93437509,0.0,0.0,0.0001608537849586259,0.0,0.0,1.0,-13885882.514030732,2251313.9323079516,1382362.2924462927,-10252206.289276486,196036460118094.8,1529.268881,196036460118094.8,1529.268881,196036460118094.8,1529.268881,196036460118094.8,1529.268881,196036459275863.7,1529.2688875701956,196036460960325.94,1529.2688744298048
0.002239999999999993,0.0,0.0,-0.00079053923387714,0.0,0.0,1.2882791460135596,0.0,0.0,9.816384538746395e-24,72277318.2285626,0.0,0.0,0.00015951607977305373,0.0,0.0,1.0,-13920169.730862983,2232591.3742881087,1362674.4496205796,-10324903.906954294,196036460118094.8,1529.268881,196036460118094.8,1529.268881,196036460118094.8,1529.268881,196036460118094.8,1529.268881,196036459275679.75,1529.2688875716303,196036460960509.84,1529.26887442837
0.0022449999999999927,0.0,0.0,-0.0007840963828126069,0.0,0.0,1.2885702129066392,0.0,0.0,1.0242534906616488e-23,72291603.31880336,0.0,0.0,0.0001581788789787141,0.0,0.0,1.0,-13954340.475898262,2213875.8757416215,1343065.8957535892,-10397398.704403052,196036460118094.8,1529.268881,196036460118094.8,1529.268881,196036460118094.8,1529.268881,196036460118094.8,1529.268881,196036459275489.4,1529.2688875731153,196036460960700.22,1529.268874426885
0.0022499999999999925,0.0,0.0,-0.0007776520025912144,0.0,0.0,1.2888760442784852,0.0,0.0,1.0810905936249805e-23,72304248.75152922,0.0,0.0,0.0001568421585783774,0.0,0.0,1.0,-13988391.926147396,2195167.1008026153,1323538.0005127452,-10469686.824832037,196036460118094.8,1529.268881,196036460118094.8,1529.268881,196036460118094.8,1529.268881,196036460118094.8,1529.268881,196036459275289.44,1529.2688875746753,196036460960900.2,1529.268874425325
0.0022549999999999923,0.0,0.0,-0.0007712059947535617,0.0,0.0,1.2892015675305484,0.0,0.0,1.151984178297483e-23,72315248.78899358,0.0,0.0,0.00015550588944864043,0.0,0.0,1.0,-14022321.37959406,2176464.641859149,1304092.064843059,-10541764.672891853,196036460118094.8,1529.268881,196036460118094.8,1529.268881,196036460118094.8,1529.268881,196036460118094.8,1529.268881,196036459275076.56,1529.2688875763358,196036460961113.03,1529.2688744236646
0.002259999999999992,0.0,0.0,-0.0007647582364900837,0.0,0.0,1.2895516526956003,0.0,0.0,1.2367814478827833e-23,72324598.4063088,0.0,0.0,0.00015417003751787547,0.0,0.0,1.0,-14056126.252047319,2157768.0220437986,1284729.3237849777,-10613628.906218544,196036460118094.8,1529.268881,196036460118094.8,1529.268881,196036460118094.8,1529.268881,196036460118094.8,1529.268881,196036459274847.66,1529.2688875781216,196036460961342.0,1529.2688744218783
0.002264999999999992,0.0,0.0,-0.0007583085809057429,0.0,0.0,1.2899311168681726,0.0,0.0,1.335342178473156e-23,72332293.29224554,0.0,0.0,0.00015283456387152753,0.0,0.0,1.0,-14089804.071108093,2139076.696707397,1265450.9482992475,-10685276.42610145,196036460118094.8,1529.268881,196036460118094.8,1529.268881,196036460118094.8,1529.268881,196036460118094.8,1529.268881,196036459274599.5,1529.2688875800573,196036460961590.12,1529.268874419943
0.0022699999999999916,0.0,0.0,-0.00075185685726294,0.0,0.0,1.2903447285605814,0.0,0.0,1.4475385660223118e-23,72338329.84994088,0.0,0.0,0.00015149942466593575,0.0,0.0,1.0,-14123352.475122536,2120390.0522128795,1246258.0488290521,-10756704.374080604,196036460118094.8,1529.268881,196036460118094.8,1529.268881,196036460118094.8,1529.268881,196036460118094.8,1529.268881,196036459274329.03,1529.2688875821673,196036460961860.56,1529.268874417833
0.0022749999999999914,0.0,0.0,-0.0007454028712029103,0.0,0.0,1.290797212005933,0.0,0.0,1.5732550322644063e-23,72342705.193837,0.0,0.0,0.00015016457134500028,0.0,0.0,1.0,-14156769.207528412,2101707.4089677576,1227151.6772786276,-10827910.121282026,196036460118094.8,1529.268881,196036460118094.8,1529.268881,196036460118094.8,1529.268881,196036460118094.8,1529.268881,196036459274033.16,1529.2688875844754,196036460962156.47,1529.2688744155248
0.0022799999999999912,0.0,0.0,-0.0007389464049459409,0.0,0.0,1.2912932513938904,0.0,0.0,1.7123880091353497e-23,72345417.15253739,0.0,0.0,0.00014882995060671746,0.0,0.0,1.0,-14190052.111473847,2083028.0209557435,1208132.8291017285,-10898891.261416377,196036460118094.8,1529.268881,196036460118094.8,1529.268881,196036460118094.8,1529.268881,196036460118094.8,1529.268881,196036459273708.8,1529.2688875870056,196036460962480.84,1529.2688744129946
0.002284999999999991,0.0,0.0,-0.0007324872174707821,0.0,0.0,1.2918374950317466,0.0,0.0,1.8648457781007094e-23,72346464.26692912,0.0,0.0,0.00014749550443188578,0.0,0.0,1.0,-14223199.127247468,2064351.0761385213,1189202.4463832143,-10969645.604725733,196036460118094.8,1529.268881,196036460118094.8,1529.268881,196036460118094.8,1529.268881,196036460118094.8,1529.268881,196036459273352.9,1529.268887589782,196036460962836.7,1529.2688744102186
0.002289999999999991,0.0,0.0,-0.0007260250446735329,0.0,0.0,1.292434559449834,0.0,0.0,2.0305483198092344e-23,72345845.78533794,0.0,0.0,0.00014616117019715846,0.0,0.0,1.0,-14256208.289738957,2045675.6980380325,1170361.4209537099,-11040171.170747215,196036460118094.8,1529.268881,196036460118094.8,1529.268881,196036460118094.8,1529.268881,196036460118094.8,1529.268881,196036459272962.5,1529.2688875928275,196036460963227.16,1529.2688744071725
0.0022949999999999906,0.0,0.0,-0.0007195595995062587,0.0,0.0,1.2930890334548437,0.0,0.0,2.209427020785239e-23,72343561.6710619,0.0,0.0,0.00014482688065937312,0.0,0.0,1.0,-14289077.718325825,2027000.9455171544,1151610.5949065033,-11110466.177902168,196036460118094.8,1529.268881,196036460118094.8,1529.268881,196036460118094.8,1529.268881,196036460118094.8,1529.268881,196036459272534.53,1529.2688875961662,196036460963655.12,1529.268874403834
0.0022999999999999904,0.0,0.0,-0.000713090572095851,0.0,0.0,1.2938054820815235,0.0,0.0,2.401424609713507e-23,72339612.59137641,0.0,0.0,0.0001434925640509528,0.0,0.0,1.0,-14321805.619414598,2008325.814114936,1132950.7655292163,-11180529.039770445,196036460118094.8,1529.268881,196036460118094.8,1529.268881,196036460118094.8,1529.268881,196036460118094.8,1529.268881,196036459272066.03,1529.2688875998208,196036460964123.56,1529.2688744001798
0.00230499999999999,0.0,0.0,-0.0007066176298432395,0.0,0.0,1.2945884505223035,0.0,0.0,2.606494905279759e-23,72333999.92392857,0.0,0.0,0.00014215814394241582,0.0,0.0,1.0,-14354390.278935313,1989649.23412228,1114382.6867892272,-11250358.358023806,196036460118094.8,1529.268881,196036460118094.8,1529.268881,196036460118094.8,1529.268881,196036460118094.8,1529.268881,196036459271554.03,1529.2688876038148,196036460964635.56,1529.2688743961855
0.00230999999999999,0.0,0.0,-0.0007001404175033917,0.0,0.0,1.2954424679695566,0.0,0.0,2.824602620710196e-23,72326725.75149368,0.0,0.0,0.0001408235395199574,0.0,0.0,1.0,-14386830.056892483,1970970.0744669868,1095907.071570844,-11319952.91085465,196036460118094.8,1529.268881,196036460118094.8,1529.268881,196036460118094.8,1529.268881,196036460118094.8,1529.268881,196036459270995.6,1529.268887608171,196036460965194.03,1529.268874391829
0.00231499999999999,0.0,0.0,-0.000693658557246441,0.0,0.0,1.2963720513901391,0.0,0.0,3.055723179344053e-23,72317792.8647153,0.0,0.0,0.00013948866537592897,0.0,0.0,1.0,-14419123.384030873,1952287.1397812914,1077524.5946891042,-11389311.649560478,196036460118094.8,1529.268881,196036460118094.8,1529.268881,196036460118094.8,1529.268881,196036460118094.8,1529.268881,196036459270387.72,1529.2688876129132,196036460965801.88,1529.2688743870872
0.0023199999999999896,0.0,0.0,-0.0006871716487002608,0.0,0.0,1.2973817092360356,0.0,0.0,3.299842555740284e-23,72307204.75527851,0.0,0.0,0.00013815343167311895,0.0,0.0,1.0,-14451268.758745557,1933599.1727011476,1059235.8960373516,-11458433.690007059,196036460118094.8,1529.268881,196036460118094.8,1529.268881,196036460118094.8,1529.268881,196036460118094.8,1529.268881,196036459269727.5,1529.2688876180637,196036460966462.12,1529.2688743819367
0.0023249999999999894,0.0,0.0,-0.0006806792689747611,0.0,0.0,1.298475945099952,0.0,0.0,3.556957030717757e-23,72294965.62014002,0.0,0.0,0.00013681774409517118,0.0,0.0,1.0,-14483264.74014809,1914904.8531722792,1041041.5824573013,-11527318.30451851,196036460118094.8,1529.268881,196036460118094.8,1529.268881,196036460118094.8,1529.268881,196036460118094.8,1529.268881,196036459269011.97,1529.2688876236455,196036460967177.66,1529.268874376355
0.002329999999999989,0.0,0.0,-0.0006741809726683309,0.0,0.0,1.2996592612860403,0.0,0.0,3.8270730182190124e-23,72281080.35828178,0.0,0.0,0.00013548150386417192,0.0,0.0,1.0,-14515109.944842933,1896202.7986963287,1022942.230954475,-11595964.91519213,196036460118094.8,1529.268881,196036460118094.8,1529.268881,196036460118094.8,1529.268881,196036460118094.8,1529.268881,196036459268238.22,1529.2688876296813,196036460967951.4,1529.2688743703188
0.002334999999999989,0.0,0.0,-0.0006676762918567277,0.0,0.0,1.3009361623206384,0.0,0.0,4.11020682717532e-23,72265554.57416472,0.0,0.0,0.00013414460769770717,0.0,0.0,1.0,-14546803.040600764,1877491.5637298317,1004938.3909044219,-11664373.085966507,196036460118094.8,1529.268881,196036460118094.8,1529.268881,196036460118094.8,1529.268881,196036460118094.8,1529.268881,196036459267403.25,1529.268887636195,196036460968786.38,1529.2688743638055
0.002339999999999989,0.0,0.0,-0.0006611647360648252,0.0,0.0,1.3023111583805045,0.0,0.0,4.4063845074275457e-23,72248394.57144839,0.0,0.0,0.00013280694785535826,0.0,0.0,1.0,-14578342.744265452,1858769.64033497,987030.5877977475,-11732542.516132737,196036460118094.8,1529.268881,196036460118094.8,1529.268881,196036460118094.8,1529.268881,196036460118094.8,1529.268881,196036459266504.1,1529.2688876432092,196036460969685.53,1529.268874356791
0.0023449999999999886,0.0,0.0,-0.0006546457922214869,0.0,0.0,1.303788768667669,0.0,0.0,4.715641569668866e-23,72229607.35629354,0.0,0.0,0.00013146841226802,0.0,0.0,1.0,-14609727.813663028,1840035.4599895107,969219.3249854463,-11800473.028688071,196036460118094.8,1529.268881,196036460118094.8,1529.268881,196036460118094.8,1529.268881,196036460118094.8,1529.268881,196036459265537.9,1529.2688876507464,196036460970651.72,1529.268874349254
0.0023499999999999884,0.0,0.0,-0.0006481189245980506,0.0,0.0,1.3053735246872582,0.0,0.0,5.038022812304282e-23,72209200.64012367,0.0,0.0,0.00013012888418996628,0.0,0.0,1.0,-14640957.045291504,1821287.3887171082,951505.0875122288,-11868164.569062168,196036460118094.8,1529.268881,196036460118094.8,1529.268881,196036460118094.8,1529.268881,196036460118094.8,1529.268881,196036459264501.6,1529.2688876588304,196036460971688.03,1529.2688743411697
0.002354999999999988,0.0,0.0,-0.000641583574730724,0.0,0.0,1.3070699734653306,0.0,0.0,5.373582041988991e-23,72187182.83809435,0.0,0.0,0.0001287882425431943,0.0,0.0,1.0,-14672029.266705064,1802523.731906755,933888.3442040742,-11935617.190594235,196036460118094.8,1529.268881,196036460118094.8,1529.268881,196036460118094.8,1529.268881,196036460118094.8,1529.268881,196036459263392.28,1529.2688876674843,196036460972797.34,1529.268874332516
0.002359999999999988,0.0,0.0,-0.0006350391613273745,0.0,0.0,1.308882680669891,0.0,0.0,5.722381870994766e-23,72163563.07099383,0.0,0.0,0.00012744636170703078,0.0,0.0,1.0,-14702943.333237926,1783742.731368104,916369.551358861,-12002831.050510962,196036460118094.8,1529.268881,196036460118094.8,1529.268881,196036460118094.8,1529.268881,196036460118094.8,1529.268881,196036459262206.94,1529.268887676731,196036460973982.7,1529.268874323269
0.0023649999999999878,0.0,0.0,-0.000628485080159066,0.0,0.0,1.3108162336616989,0.0,0.0,6.08449344430652e-23,72138351.16830464,0.0,0.0,0.00012610311156608552,0.0,0.0,1.0,-14733698.121615363,1764942.5660026295,898949.1554660277,-12069806.400146706,196036460118094.8,1529.268881,196036460118094.8,1529.268881,196036460118094.8,1529.268881,196036460118094.8,1529.268881,196036459260942.6,1529.268887686594,196036460975247.03,1529.268874313406
0.0023699999999999876,0.0,0.0,-0.0006219207039368134,0.0,0.0,1.3128752444505278,0.0,0.0,6.459996175379381e-23,72111557.67332453,0.0,0.0,0.0001247583574014282,0.0,0.0,1.0,-14764292.524392696,1746121.3502805321,881627.5963283996,-12136543.577783765,196036460118094.8,1529.268881,196036460118094.8,1529.268881,196036460118094.8,1529.268881,196036460118094.8,1529.268881,196036459259596.2,1529.2688876970974,196036460976593.47,1529.2688743029028
0.0023749999999999874,0.0,0.0,-0.0006153453821740141,0.0,0.0,1.3150643525598726,0.0,0.0,6.848977471551345e-23,72083193.84356944,0.0,0.0,0.0001234119600178714,0.0,0.0,1.0,-14794725.444479605,1727277.1360221973,864405.3103375871,-12203042.998119822,196036460118094.8,1529.268881,196036460118094.8,1529.268881,196036460118094.8,1529.268881,196036460118094.8,1529.268881,196036459258164.7,1529.2688877082644,196036460978024.9,1529.268874291736
0.002379999999999987,0.0,0.0,-0.0006087584410350315,0.0,0.0,1.3173882277965252,0.0,0.0,7.251532462869045e-23,72053271.65560344,0.0,0.0,0.00012206377561351238,0.0,0.0,1.0,-14824995.790180566,1708407.9105722993,847282.7340606144,-12269305.145547653,196036460118094.8,1529.268881,196036460118094.8,1529.268881,196036460118094.8,1529.268881,196036460118094.8,1529.268881,196036459256645.1,1529.2688877201185,196036460979544.53,1529.2688742798816
0.002384999999999987,0.0,0.0,-0.0006021591831704005,0.0,0.0,1.319851572926196,0.0,0.0,7.667763640683822e-23,72021803.81656983,0.0,0.0,0.00012071365575917637,0.0,0.0,1.0,-14855102.466852782,1689511.5965120858,830260.3067963306,-12335330.563544365,196036460118094.8,1529.268881,196036460118094.8,1529.268881,196036460118094.8,1529.268881,196036460118094.8,1529.268881,196036459255034.3,1529.268887732684,196036460981155.3,1529.268874267316
0.0023899999999999868,0.0,0.0,-0.0005955468875392809,0.0,0.0,1.3224591262239251,0.0,0.0,8.097780590956402e-23,71988803.76507843,0.0,0.0,0.00011936144735002573,0.0,0.0,1.0,-14885044.373296184,1670586.0509821014,813338.4749224038,-12401119.847391682,196036460118094.8,1529.268881,196036460118094.8,1529.268881,196036460118094.8,1529.268881,196036460118094.8,1529.268881,196036459253329.22,1529.2688877459855,196036460982860.44,1529.2688742540145
0.0023949999999999865,0.0,0.0,-0.0005889208092196204,0.0,0.0,1.3252156639320931,0.0,0.0,8.541699585217333e-23,71954285.68444377,0.0,0.0,0.00011800699265781289,0.0,0.0,1.0,-14914820.392793916,1651629.0664135194,796517.694549856,-12466673.631830538,196036460118094.8,1529.268881,196036460118094.8,1529.268881,196036460118094.8,1529.268881,196036460118094.8,1529.268881,196036459251526.7,1529.2688877600472,196036460984662.9,1529.2688742399534
0.0023999999999999863,0.0,0.0,-0.0005822801792067368,0.0,0.0,1.3281260025767136,0.0,0.0,8.99964332869478e-23,71918264.50095774,0.0,0.0,0.00011665012920783966,0.0,0.0,1.0,-14944429.391294543,1632638.3688060625,779798.436822883,-12531992.585665597,196036460118094.8,1529.268881,196036460118094.8,1529.268881,196036460118094.8,1529.268881,196036460118094.8,1529.268881,196036459249623.6,1529.2688877748928,196036460986566.03,1529.2688742251073
0.002404999999999986,0.0,0.0,-0.0005756242042007545,0.0,0.0,1.331195001196465,0.0,0.0,9.471740395185729e-23,71880755.91446427,0.0,0.0,0.00011529068975412952,0.0,0.0,1.0,-14973870.203345448,1613611.617380512,763181.1891563847,-12597077.396808548,196036460118094.8,1529.268881,196036460118094.8,1529.268881,196036460118094.8,1529.268881,196036460118094.8,1529.268881,196036459247616.75,1529.2688877905482,196036460988572.84,1529.2688742094522
0.002409999999999986,0.0,0.0,-0.0005689520663838748,0.0,0.0,1.3344275633759233,0.0,0.0,9.958124982353435e-23,71841776.39055574,0.0,0.0,0.00011392850225232766,0.0,0.0,1.0,-15003141.632266304,1594546.4041994163,746666.4615997431,-12661928.766467145,196036460118094.8,1529.268881,196036460118094.8,1529.268881,196036460118094.8,1529.268881,196036460118094.8,1529.268881,196036459245502.97,1529.2688878070378,196036460990686.66,1529.2688741929624
0.0024149999999999857,0.0,0.0,-0.0005622629231879047,0.0,0.0,1.3378286391940175,0.0,0.0,1.045893634170202e-22,71801343.18831456,0.0,0.0,0.00011256338985116909,0.0,0.0,1.0,-15032242.437813682,1575440.2540476797,730254.789070335,-12726547.394695668,196036460118094.8,1529.268881,196036460118094.8,1529.268881,196036460118094.8,1529.268881,196036460118094.8,1529.268881,196036459243278.97,1529.2688878243869,196036460992910.62,1529.2688741756135
0.0024199999999999855,0.0,0.0,-0.0005555559070530298,0.0,0.0,1.3414032269749918,0.0,0.0,1.0974318402844934e-22,71759474.36762382,0.0,0.0,0.00011119517071504112,0.0,0.0,1.0,-15061171.332409754,1556290.6219491404,713946.7367694273,-12790933.973691186,196036460118094.8,1529.268881,196036460118094.8,1529.268881,196036460118094.8,1529.268881,196036460118094.8,1529.268881,196036459240941.53,1529.268887842621,196036460995248.1,1529.268874157379
0.0024249999999999853,0.0,0.0,-0.0005488301251784838,0.0,0.0,1.345156374909191,0.0,0.0,1.150441916822676e-22,71716188.81413437,0.0,0.0,0.00010982365814852625,0.0,0.0,1.0,-15089926.969853291,1537094.8949096769,697742.9032207173,-12855089.171722896,196036460118094.8,1529.268881,196036460118094.8,1529.268881,196036460118094.8,1529.268881,196036460118094.8,1529.268881,196036459238487.3,1529.2688878617664,196036460997702.28,1529.2688741382342
0.002429999999999985,0.0,0.0,-0.0005420846592661631,0.0,0.0,1.349093182464141,0.0,0.0,1.2049390291107298e-22,71671506.24762766,0.0,0.0,0.00010844866040811124,0.0,0.0,1.0,-15118507.941715542,1517850.3892818827,681643.9262108988,-12919013.626222761,196036460118094.8,1529.268881,196036460118094.8,1529.268881,196036460118094.8,1529.268881,196036460118094.8,1529.268881,196036459235913.0,1529.2688878818485,196036461000276.62,1529.2688741181519
0.002434999999999985,0.0,0.0,-0.000535318565257916,0.0,0.0,1.3532188016494162,0.0,0.0,1.2609386369160228e-22,71625447.25610863,0.0,0.0,0.00010706998075924486,0.0,0.0,1.0,-15146912.76436962,1498554.351563649,665650.4857371254,-12982707.927068844,196036460118094.8,1529.268881,196036460118094.8,1529.268881,196036460118094.8,1529.268881,196036460118094.8,1529.268881,196036459233215.22,1529.2688879028938,196036461002974.38,1529.2688740971066
0.0024399999999999847,0.0,0.0,-0.0005285308730677322,0.0,0.0,1.357538438036766,0.0,0.0,1.3184564415733485e-22,71578033.31004448,0.0,0.0,0.00010568741734996719,0.0,0.0,1.0,-15175139.873789936,1479203.9566294756,649763.3099116997,-13046172.607248763,196036460118094.8,1529.268881,196036460118094.8,1529.268881,196036460118094.8,1529.268881,196036460118094.8,1529.268881,196036459230390.6,1529.2688879249285,196036461005799.03,1529.2688740750718
0.0024449999999999845,0.0,0.0,-0.0005217205863097469,0.0,0.0,1.3620573515970547,0.0,0.0,1.3775083166794843e-22,71529286.7921436,0.0,0.0,0.00010430076314223815,0.0,0.0,1.0,-15203187.615451533,1459796.3067693447,633983.1794473212,-13109408.129234869,196036460118094.8,1529.268881,196036460118094.8,1529.268881,196036460118094.8,1529.268881,196036460118094.8,1529.268881,196036459227435.66,1529.26888794798,196036461008754.0,1529.2688740520202
0.0024499999999999843,0.0,0.0,-0.0005148866820232615,0.0,0.0,1.366780857297081,0.0,0.0,1.4381102349976443e-22,71479231.02571724,0.0,0.0,0.00010290980594515983,0.0,0.0,1.0,-15231054.234624289,1440328.4321536995,618310.932570981,-13172414.86989961,196036460118094.8,1529.268881,196036460118094.8,1529.268881,196036460118094.8,1529.268881,196036460118094.8,1529.268881,196036459224346.9,1529.268887972075,196036461011842.72,1529.2688740279252
0.002454999999999984,0.0,0.0,-0.0005080281103960458,0.0,0.0,1.371714325443154,0.0,0.0,1.5002781956338988e-22,71427890.30292323,0.0,0.0,0.00010151432829510768,0.0,0.0,1.0,-15258737.867843643,1420797.2891557598,602747.47065117,-13235193.108036714,196036460118094.8,1529.268881,196036460118094.8,1529.268881,196036460118094.8,1529.268881,196036460118094.8,1529.268881,196036459221120.88,1529.2688879972409,196036461015068.72,1529.2688740027595
0.002459999999999984,0.0,0.0,-0.0005011437944871841,0.0,0.0,1.37686318177236,0.0,0.0,1.564028144256219e-22,71375289.91744883,0.0,0.0,0.00010011410734224032,0.0,0.0,1.0,-15286236.533339154,1401199.7587631077,587293.7637835124,-13297743.010792533,196036460118094.8,1529.268881,196036460118094.8,1529.268881,196036460118094.8,1529.268881,196036460118094.8,1529.268881,196036459217754.0,1529.2688880235057,196036461018435.66,1529.2688739764942
0.0024649999999999837,0.0,0.0,-0.000494232629950847,0.0,0.0,1.3822329072674202,0.0,0.0,1.6293758768441497e-22,71321456.2060489,0.0,0.0,9.870891501315713e-05,0.0,0.0,1.0,-15313548.118175413,1381532.648854249,571950.8555711989,-13360064.613749968,196036460118094.8,1529.268881,196036460118094.8,1529.268881,196036460118094.8,1529.268881,196036460118094.8,1529.268881,196036459214242.72,1529.268888050897,196036461021946.94,1529.268873949103
0.0024699999999999835,0.0,0.0,-0.0004872934847626566,0.0,0.0,1.3878290376380775,0.0,0.0,1.6963369571782154e-22,71266416.58178179,0.0,0.0,9.729851765969926e-05,0.0,0.0,1.0,-15340670.370438006,1361792.6892832217,556719.8700014894,-13422157.811153295,196036460118094.8,1529.268881,196036460118094.8,1529.268881,196036460118094.8,1529.268881,196036460118094.8,1529.268881,196036459210583.34,1529.2688880794435,196036461025606.28,1529.2688739205566
0.0024749999999999833,0.0,0.0,-0.0004803251989500735,0.0,0.0,1.3936571625166159,0.0,0.0,1.7649266120089695e-22,71210199.57543482,0.0,0.0,9.588267624811537e-05,0.0,0.0,1.0,-15367600.887057057,1341976.5345271665,541602.0171733325,-13484022.33535656,196036460118094.8,1529.268881,196036460118094.8,1529.268881,196036460118094.8,1529.268881,196036460118094.8,1529.268881,196036459206772.28,1529.2688881091735,196036461029417.3,1529.268873890827
0.002479999999999983,0.0,0.0,-0.00047332658432862264,0.0,0.0,1.3997229242901805,0.0,0.0,1.8351596292256431e-22,71152834.87786667,0.0,0.0,9.446114617041013e-05,0.0,0.0,1.0,-15394337.103411911,1322080.7610459533,526598.6000188839,-13545657.742347071,196036460118094.8,1529.268881,196036460118094.8,1529.268881,196036460118094.8,1529.268881,196036460118094.8,1529.268881,196036459202805.84,1529.2688881401155,196036461033383.78,1529.2688738598847
0.002484999999999983,0.0,0.0,-0.0004662964242457212,0.0,0.0,1.4060320165802915,0.0,0.0,1.9070502320624866e-22,71094353.4008713,0.0,0.0,9.303367728614771e-05,0.0,0.0,1.0,-15420876.277561843,1302101.8678672651,511711.01955453935,-13607063.390140042,196036460118094.8,1529.268881,196036460118094.8,1529.268881,196036460118094.8,1529.268881,196036460118094.8,1529.268881,196036459198680.3,1529.2688881722986,196036461037509.3,1529.2688738277018
0.0024899999999999827,0.0,0.0,-0.0004592334733342885,0.0,0.0,1.4125901822865303,0.0,0.0,1.9806119751497692e-22,71034787.30925845,0.0,0.0,9.160001373318077e-05,0.0,0.0,1.0,-15447215.4832388,1282036.2739375557,496940.7835733533,-13668238.42572789,196036460118094.8,1529.268881,196036460118094.8,1529.268881,196036460118094.8,1529.268881,196036460118094.8,1529.268881,196036459194391.88,1529.2688882057523,196036461041797.78,1529.2688737942478
0.0024949999999999825,0.0,0.0,-0.00045213645727793807,0.0,0.0,1.419403211270083,0.0,0.0,2.0558576013665989e-22,70974170.08870696,0.0,0.0,9.01598940312016e-05,0.0,0.0,1.0,-15473351.592802737,1261880.319571354,482289.51227946876,-13729181.760951918,196036460118094.8,1529.268881,196036460118094.8,1529.268881,196036460118094.8,1529.268881,196036460118094.8,1529.268881,196036459189936.78,1529.2688882405062,196036461046252.88,1529.2688737594938
0.0024999999999999823,0.0,0.0,-0.0004450040725902314,0.0,0.0,1.4264769375413329,0.0,0.0,2.1327989086720905e-22,70912536.5999062,0.0,0.0,8.871305094024817e-05,0.0,0.0,1.0,-15499281.265103891,1241630.2644709111,467758.9460560748,-13789892.054576905,196036460118094.8,1529.268881,196036460118094.8,1529.268881,196036460118094.8,1529.268881,196036460118094.8,1529.268881,196036459185311.2,1529.2688882765904,196036461050878.44,1529.26887372341
0.002504999999999982,0.0,0.0,-0.000437834986410301,0.0,0.0,1.4338172359860755,0.0,0.0,2.2114466111550025e-22,70849923.12616704,0.0,0.0,8.725921151606824e-05,0.0,0.0,1.0,-15525000.934446633,1221282.2885010778,453350.95406179695,-13850367.691883758,196036460118094.8,1529.268881,196036460118094.8,1529.268881,196036460118094.8,1529.268881,196036460118094.8,1529.268881,196036459180511.34,1529.2688883140336,196036461055678.3,1529.2688736859664
0.002509999999999982,0.0,0.0,-0.0004306278363172494,0.0,0.0,1.4414300186103215,0.0,0.0,2.2918101657793e-22,70786367.4653176,0.0,0.0,8.579809691737147e-05,0.0,0.0,1.0,-15550506.789969858,1200832.4889915998,439067.5399662327,-13910606.761012025,196036460118094.8,1529.268881,196036460118094.8,1529.268881,196036460118094.8,1529.268881,196036460118094.8,1529.268881,196036459175533.28,1529.2688883528672,196036461060656.34,1529.2688736471332
0.0025149999999999817,0.0,0.0,-0.0004233812301663252,0.0,0.0,1.449321230184842,0.0,0.0,2.3738976276318825e-22,70721908.96615796,0.0,0.0,8.432942248364013e-05,0.0,0.0,1.0,-15575794.767876161,1180276.8818261586,424910.8526089128,-13970607.033441087,196036460118094.8,1529.268881,196036460118094.8,1529.268881,196036460118094.8,1529.268881,196036460118094.8,1529.268881,196036459170373.16,1529.268888393121,196036461065816.47,1529.2688736068794
0.0025199999999999815,0.0,0.0,-0.0004160937459493842,0.0,0.0,1.4574968433881994,0.0,0.0,2.457715459034401e-22,70656588.62080431,0.0,0.0,8.285289767422659e-05,0.0,0.0,1.0,-15600860.53095088,1159611.4005899788,410883.19273747876,-14030365.93762342,196036460118094.8,1529.268881,196036460118094.8,1529.268881,196036460118094.8,1529.268881,196036460118094.8,1529.268881,196036459165027.06,1529.2688884348256,196036461071162.56,1529.2688735651745
0.0025249999999999813,0.0,0.0,-0.0004087639316829421,0.0,0.0,1.465962853288427,0.0,0.0,2.543268347358157e-22,70590449.13202101,0.0,0.0,8.136822610553153e-05,0.0,0.0,1.0,-15625699.45412335,1138831.897090173,396987.0223325252,-14089880.534700653,196036460118094.8,1529.268881,196036460118094.8,1529.268881,196036460118094.8,1529.268881,196036460118094.8,1529.268881,196036459159491.1,1529.2688884780114,196036461076698.56,1529.2688735219888
0.002529999999999981,0.0,0.0,-0.00040139030532697454,0.0,0.0,1.4747252711935055,0.0,0.0,2.630559012211846e-22,70523534.98982576,0.0,0.0,7.987510539141232e-05,0.0,0.0,1.0,-15650306.60860363,1117934.139122098,383224.97394116264,-14149147.49554037,196036460118094.8,1529.268881,196036460118094.8,1529.268881,196036460118094.8,1529.268881,196036460118094.8,1529.268881,196036459153761.28,1529.2688885227092,196036461082428.34,1529.268873477291
0.002534999999999981,0.0,0.0,-0.00039397135473780544,0.0,0.0,1.4837901178338182,0.0,0.0,2.719587993643315e-22,70455892.5548398,0.0,0.0,7.837322722340527e-05,0.0,0.0,1.0,-15674676.744005833,1096913.8115921423,369599.85982288234,-14208163.072590807,196036460118094.8,1529.268881,196036460118094.8,1529.268881,196036460118094.8,1529.268881,196036460118094.8,1529.268881,196036459147833.7,1529.26888856895,196036461088355.94,1529.2688734310502
0.0025399999999999806,0.0,0.0,-0.0003865055376587514,0.0,0.0,1.4931634158108074,0.0,0.0,2.8103534327880605e-22,70387570.14096433,0.0,0.0,7.686227741166003e-05,0.0,0.0,1.0,-15698804.270981269,1075766.5170906477,356114.6817878941,-14266923.072102727,196036460118094.8,1529.268881,196036460118094.8,1529.268881,196036460118094.8,1529.268881,196036460118094.8,1529.268881,196036459141704.44,1529.268888616764,196036461094485.2,1529.2688733832363
0.0025449999999999804,0.0,0.0,-0.0003789912817523231,0.0,0.0,1.502851181285662,0.0,0.0,2.902850841488045e-22,70318618.10605735,0.0,0.0,7.53419357424722e-05,0.0,0.0,1.0,-15722683.242689596,1054487.7738979321,342772.64115284645,-14325422.82763882,196036460118094.8,1529.268881,196036460118094.8,1529.268881,196036460118094.8,1529.268881,196036460118094.8,1529.268881,196036459135369.53,1529.2688886661822,196036461100820.1,1529.268873333818
0.0025499999999999802,0.0,0.0,-0.000371426984677974,0.0,0.0,1.5128594148698207,0.0,0.0,2.997072856435284e-22,70249088.94075298,0.0,0.0,7.381187615332214e-05,0.0,0.0,1.0,-15746307.336012539,1033073.0184341369,329577.1491292073,-14383657.168449193,196036460118094.8,1529.268881,196036460118094.8,1529.268881,196036460118094.8,1529.268881,196036460118094.8,1529.268881,196036459128825.1,1529.268888717235,196036461107364.53,1529.2688732827653
0.00255499999999998,0.0,0.0,-0.0003638110142196556,0.0,0.0,1.5231940916636795,0.0,0.0,3.0930089885882924e-22,70179037.35972366,0.0,0.0,7.227176660115122e-05,0.0,0.0,1.0,-15769669.833046317,1011517.6034156169,316531.837829467,-14441620.39180123,196036460118094.8,1529.268881,196036460118094.8,1529.268881,196036460118094.8,1529.268881,196036460118094.8,1529.268881,196036459122067.2,1529.268888769953,196036461114122.47,1529.2688732300471
0.00255999999999998,0.0,0.0,-0.00035614170846752,0.0,0.0,1.5338611504271213,0.0,0.0,3.190645345662779e-22,70108520.40773067,0.0,0.0,7.07212691796569e-05,0.0,0.0,1.0,-15792763.598880427,989816.7994966069,303640.5705045738,-14499306.228879245,196036460118094.8,1529.268881,196036460118094.8,1529.268881,196036460118094.8,1529.268881,196036460118094.8,1529.268881,196036459115091.9,1529.2688888243667,196036461121097.72,1529.2688731756334
0.0025649999999999796,0.0,0.0,-0.0003484173760585771,0.0,0.0,1.5448664817885829,0.0,0.0,3.289964358269691e-22,70037597.54870418,0.0,0.0,6.916004017084668e-05,0.0,0.0,1.0,-15815581.06317942,967965.7959907716,290907.4536103169,-14556707.813578332,196036460118094.8,1529.268881,196036460118094.8,1529.268881,196036460118094.8,1529.268881,196036460118094.8,1529.268881,196036459107895.44,1529.268888880506,196036461128294.2,1529.2688731194944
0.0025699999999999794,0.0,0.0,-0.0003406362964810506,0.0,0.0,1.5562159155052937,0.0,0.0,3.3909444871778633e-22,69966330.76851235,0.0,0.0,6.758773001147308e-05,0.0,0.0,1.0,-15838114.198916093,945959.7004014289,278336.84838795714,-14613817.650126707,196036460118094.8,1529.268881,196036460118094.8,1529.268881,196036460118094.8,1529.268881,196036460118094.8,1529.268881,196036459100473.94,1529.2688889384006,196036461135715.7,1529.2688730615996
0.002574999999999979,0.0,0.0,-0.0003327967204475041,0.0,0.0,1.5679152067092932,0.0,0.0,3.4935599081045385e-22,69894784.68657432,0.0,0.0,6.600398347602161e-05,0.0,0.0,1.0,-15860354.498757647,923793.5409826532,265933.382118814,-14670627.57565618,196036460118094.8,1529.268881,196036460118094.8,1529.268881,196036460118094.8,1529.268881,196036460118094.8,1529.268881,196036459092823.7,1529.2688889980798,196036461143365.94,1529.2688730019204
0.002579999999999979,0.0,0.0,-0.00032489687034219727,0.0,0.0,1.5799700210613679,0.0,0.0,3.597780201518369e-22,69823026.65204933,0.0,0.0,6.440843966535268e-05,0.0,0.0,1.0,-15882292.954872584,901462.2665803094,253701.96103269613,-14727128.727259576,196036460118094.8,1529.268881,196036460118094.8,1529.268881,196036460118094.8,1529.268881,196036460118094.8,1529.268881,196036459084940.97,1529.2688890595725,196036461151248.66,1529.2688729404279
0.002584999999999979,0.0,0.0,-0.0003169349407480459,0.0,0.0,1.5923859188302745,0.0,0.0,3.7035700208104318e-22,69751126.85040061,0.0,0.0,6.280073212279283e-05,0.0,0.0,1.0,-15903920.036054606,878960.748256867,241647.78273209275,-14783311.505065646,196036460118094.8,1529.268881,196036460118094.8,1529.268881,196036460118094.8,1529.268881,196036460118094.8,1529.268881,196036459076822.12,1529.268889122907,196036461159367.47,1529.2688728770934
0.0025899999999999786,0.0,0.0,-0.0003089090990589344,0.0,0.0,1.6051683378223012,0.0,0.0,3.8108887464185925e-22,69679158.41506916,0.0,0.0,6.118048891409602e-05,0.0,0.0,1.0,-15925225.663596375,856283.780410542,229776.34859972066,-14839165.534586111,196036460118094.8,1529.268881,196036460118094.8,1529.268881,196036460118094.8,1529.268881,196036460118094.8,1529.268881,196036459068463.6,1529.2688891881114,196036461167726.03,1529.2688728118887
0.0025949999999999784,0.0,0.0,-0.00030081748618337187,0.0,0.0,1.6183225751125045,0.0,0.0,3.919690129231501e-22,69607197.53314683,0.0,0.0,5.9547332895834214e-05,0.0,0.0,1.0,-15946199.187700447,833426.0845316971,218093.47677419387,-14894679.626394555,196036460118094.8,1529.268881,196036460118094.8,1529.268881,196036460118094.8,1529.268881,196036460118094.8,1529.268881,196036459059861.97,1529.2688892552123,196036461176327.66,1529.268872744788
0.002599999999999978,0.0,0.0,-0.0002926582173456695,0.0,0.0,1.631853767540477,0.0,0.0,4.0299219376153545e-22,69535323.54264696,0.0,0.0,5.7900881638310234e-05,0.0,0.0,1.0,-15966829.365612224,810382.3081239295,206605.31606320068,-14949841.741425095,196036460118094.8,1529.268881,196036460118094.8,1529.268881,196036460118094.8,1529.268881,196036460118094.8,1529.268881,196036459051013.8,1529.2688893242362,196036461185175.8,1529.268872675764
0.002604999999999978,0.0,0.0,-0.00028442938299075353,0.0,0.0,1.6457668709831947,0.0,0.0,4.141525566865687e-22,69463619.05190328,0.0,0.0,5.624074780210885e-05,0.0,0.0,1.0,-15987104.334111886,787147.0299742897,195318.35819495897,-15004638.945942635,196036460118094.8,1529.268881,196036460118094.8,1529.268881,196036460118094.8,1529.268881,196036460118094.8,1529.268881,196036459041915.94,1529.2688893952081,196036461194273.7,1529.2688726047923
0.002609999999999978,0.0,0.0,-0.0002761290497993797,0.0,0.0,1.6600666382747709,0.0,0.0,4.254435673934514e-22,69392170.02397558,0.0,0.0,5.456653913370377e-05,0.0,0.0,1.0,-16007011.588801714,763714.7600917963,184239.452660961,-15059057.376048956,196036460118094.8,1529.268881,196036460118094.8,1529.268881,196036460118094.8,1529.268881,196036460118094.8,1529.268881,196036459032565.22,1529.2688894681526,196036461203624.44,1529.2688725318474
0.0026149999999999776,0.0,0.0,-0.0002677552618200763,0.0,0.0,1.6747575958606722,0.0,0.0,4.36857976430075e-22,69321065.89874867,0.0,0.0,5.287785888053922e-05,0.0,0.0,1.0,-16026537.954712821,740079.9455169291,173375.81872412993,-15113082.190471763,196036460118094.8,1529.268881,196036460118094.8,1529.268881,196036460118094.8,1529.268881,196036460118094.8,1529.268881,196036459022958.7,1529.2688895430927,196036461213230.94,1529.2688724569077
0.0026199999999999774,0.0,0.0,-0.0002593060417249733,0.0,0.0,1.689844019020605,0.0,0.0,4.483877821901582e-22,69250399.65860736,0.0,0.0,5.117430582469735e-05,0.0,0.0,1.0,-16045669.567458063,716236.97079284,162735.06118072258,-15166697.5354845,196036460118094.8,1529.268881,196036460118094.8,1529.268881,196036460118094.8,1529.268881,196036460118094.8,1529.268881,196036459013093.56,1529.2688896200498,196036461223096.06,1529.2688723799504
0.002624999999999977,0.0,0.0,-0.00025077939219592707,0.0,0.0,1.7053299058092501,0.0,0.0,4.600241880771689e-22,69180267.948816,0.0,0.0,4.94554746722961e-05,0.0,0.0,1.0,-16064391.842447901,692180.1634153748,152325.18200375428,-15219886.497028772,196036460118094.8,1529.268881,196036460118094.8,1529.268881,196036460118094.8,1529.268881,196036460118094.8,1529.268881,196036459002967.25,1529.2688896990446,196036461233222.38,1529.2688723009558
0.002629999999999977,0.0,0.0,-0.00024217329744836259,0.0,0.0,1.7212189495128962,0.0,0.0,4.717575641219887e-22,69110771.13750397,0.0,0.0,4.772095621224528e-05,0.0,0.0,1.0,-16082689.454828335,667903.7960550286,142154.59562561015,-15272631.063147696,196036460118094.8,1529.268881,196036460118094.8,1529.268881,196036460118094.8,1529.268881,196036460118094.8,1529.268881,196036458992577.28,1529.2688897800963,196036461243612.38,1529.268872219904
0.0026349999999999768,0.0,0.0,-0.00023348572489948123,0.0,0.0,1.7375145097762694,0.0,0.0,4.835774051302245e-22,69042013.40278104,0.0,0.0,4.597033781484499e-05,0.0,0.0,1.0,-16100546.312632388,643402.0935353419,132232.14169007144,-15324912.077406976,196036460118094.8,1529.268881,196036460118094.8,1529.268881,196036460118094.8,1529.268881,196036460118094.8,1529.268881,196036458981921.5,1529.2688898632211,196036461254268.12,1529.268872136779
0.0026399999999999766,0.0,0.0,-0.0002247146269880846,0.0,0.0,1.7542195822793285,0.0,0.0,4.954722958074483e-22,68974102.74949679,0.0,0.0,4.420320305713664e-05,0.0,0.0,1.0,-16117945.542546388,618669.2275893044,122567.10183898064,-15376709.213118102,196036460118094.8,1529.268881,196036460118094.8,1529.268881,196036460118094.8,1529.268881,196036460118094.8,1529.268881,196036458970997.94,1529.2688899484353,196036461265191.7,1529.2688720515648
0.0026449999999999764,0.0,0.0,-0.00021585794315205569,0.0,0.0,1.7713367672057827,0.0,0.0,5.074299227677824e-22,68907150.53890726,0.0,0.0,4.241912765314337e-05,0.0,0.0,1.0,-16134869.566094821,593699.2598988885,113169.2470350856,-15428001.059160847,196036460118094.8,1529.268881,196036460118094.8,1529.268881,196036460118094.8,1529.268881,196036460118094.8,1529.268881,196036458959804.88,1529.2688900357516,196036461276384.75,1529.2688719642485
0.002649999999999976,0.0,0.0,-0.00020691360196141737,0.0,0.0,1.7888682381276608,0.0,0.0,5.194368532520377e-22,68841273.36407559,0.0,0.0,4.06176962769056e-05,0.0,0.0,1.0,-16151299.72496166,568486.3775507115,104048.7299590534,-15478764.617451897,196036460118094.8,1529.268881,196036460118094.8,1529.268881,196036460118094.8,1529.268881,196036460118094.8,1529.268881,196036458948340.94,1529.2688901251813,196036461287848.72,1529.2688718748188
0.002654999999999976,0.0,0.0,-0.0001978795234453008,0.0,0.0,1.806815703223313,0.0,0.0,5.314786848415847e-22,68776591.18046772,0.0,0.0,3.879848574515833e-05,0.0,0.0,1.0,-16167216.625837173,543024.6576603316,95216.22304391058,-15528975.74513293,196036460118094.8,1529.268881,196036460118094.8,1529.268881,196036460118094.8,1529.268881,196036460118094.8,1529.268881,196036458936604.94,1529.268890216733,196036461299584.72,1529.268871783267
0.0026599999999999758,0.0,0.0,-0.0001887536215868887,0.0,0.0,1.8251803716824213,0.0,0.0,5.435399454134789e-22,68713227.95755813,0.0,0.0,3.696107133046789e-05,0.0,0.0,1.0,-16182599.994792724,517308.1557310791,86682.88770724555,-15578608.9513544,196036460118094.8,1529.268881,196036460118094.8,1529.268881,196036460118094.8,1529.268881,196036460118094.8,1529.268881,196036458924596.12,1529.268890310413,196036461311593.5,1529.2688716895873
0.0026649999999999755,0.0,0.0,-0.0001795338070036645,0.0,0.0,1.8439629166448424,0.0,0.0,5.556040584141596e-22,68651311.66676481,0.0,0.0,3.5105027241949273e-05,0.0,0.0,1.0,-16197428.65836148,491330.912382192,78460.38589914431,-15627637.360080142,196036460118094.8,1529.268881,196036460118094.8,1529.268881,196036460118094.8,1529.268881,196036460118094.8,1529.268881,196036458912314.1,1529.2688904062245,196036461323875.53,1529.2688715937759
0.0026699999999999753,0.0,0.0,-0.00017021798981898295,0.0,0.0,1.8631634369363126,0.0,0.0,5.6765330905830975e-22,68590974.26269165,0.0,0.0,3.322992714715394e-05,0.0,0.0,1.0,-16211680.523465153,465086.9606531699,70560.88998429521,-15676032.672827687,196036460118094.8,1529.268881,196036460118094.8,1529.268881,196036460118094.8,1529.268881,196036460118094.8,1529.268881,196036458899758.75,1529.2688905041682,196036461336430.88,1529.2688714958324
0.002674999999999975,0.0,0.0,-0.00016080408273081755,0.0,0.0,1.8827814176330782,0.0,0.0,5.796688147460463e-22,68532351.61916928,0.0,0.0,3.1335344775251504e-05,0.0,0.0,1.0,-16225332.562879328,438570.3344459215,62997.09306406576,-15723765.135369342,196036460118094.8,1529.268881,196036460118094.8,1529.268881,196036460118094.8,1529.268881,196036460118094.8,1529.268881,196036458886930.4,1529.2688906042413,196036461349259.22,1529.268871395759
0.002679999999999975,0.0,0.0,-0.0001512900042828096,0.0,0.0,1.9028156896015886,0.0,0.0,5.91630496431974e-22,68475583.46450667,0.0,0.0,2.942085452123389e-05,0.0,0.0,1.0,-16238360.798100874,411775.07698122284,55782.216691007416,-15770803.504428644,196036460118094.8,1529.268881,196036460118094.8,1529.268881,196036460118094.8,1529.268881,196036460118094.8,1529.268881,196036458873829.84,1529.2688907064378,196036461362359.78,1529.2688712935624
0.0026849999999999747,0.0,0.0,-0.0001416736823425784,0.0,0.0,1.9232643880462423,0.0,0.0,6.035170550266957e-22,68420813.26910985,0.0,0.0,2.748603205279253e-05,0.0,0.0,1.0,-16250740.287759472,384695.2492925869,48930.01855270595,-15817115.01991418,196036460118094.8,1529.268881,196036460118094.8,1529.268881,196036460118094.8,1529.268881,196036460118094.8,1529.268881,196036458860458.28,1529.2688908107486,196036461375731.3,1529.268871189252
0.0026899999999999745,0.0,0.0,-0.00013195305779138073,0.0,0.0,1.9441249102395308,0.0,0.0,6.153059524951808e-22,68368188.09062773,0.0,0.0,2.5530455026906895e-05,0.0,0.0,1.0,-16262445.120272774,357324.9402556556,42454.799414849724,-15862665.380602269,196036460118094.8,1529.268881,196036460118094.8,1529.268881,196036460118094.8,1529.268881,196036460118094.8,1529.268881,196036458846817.47,1529.2688909171598,196036461389372.16,1529.2688710828404
0.0026949999999999743,0.0,0.0,-0.00012212608842839415,0.0,0.0,1.9653938725973172,0.0,0.0,6.269733935758591e-22,68317858.42986566,0.0,0.0,2.355370377762818e-05,0.0,0.0,1.0,-16273448.401205128,329658.27621443954,36371.405743687385,-15907418.719247,196036460118094.8,1529.268881,196036460118094.8,1529.268881,196036460118094.8,1529.268881,196036460118094.8,1529.268881,196036458832909.53,1529.2688910256547,196036461403280.1,1529.2688709743454
0.002699999999999974,0.0,0.0,-0.00011219075309279041,0.0,0.0,1.9870670671207498,0.0,0.0,6.384943172449058e-22,68269977.9891462,0.0,0.0,2.1555362144436536e-05,0.0,0.0,1.0,-16283722.254084028,301689.4325750277,30695.234216046152,-15951337.587292954,196036460118094.8,1529.268881,196036460118094.8,1529.268881,196036460118094.8,1529.268881,196036460118094.8,1529.268881,196036458818737.28,1529.2688911362118,196036461417452.34,1529.2688708637886
0.002704999999999974,0.0,0.0,-0.00010214505600507818,0.0,0.0,2.009139417542445,0.0,0.0,6.498423910435693e-22,68224703.42254966,0.0,0.0,1.9535018184852592e-05,0.0,0.0,1.0,-16293237.818695134,273412.64377931814,25442.232277436844,-15994382.942638379,196036460118094.8,1529.268881,196036460118094.8,1529.268881,196036460118094.8,1529.268881,196036460118094.8,1529.268881,196036458804304.0,1529.268891248805,196036461431885.66,1529.2688707511952
0.0027099999999999737,0.0,0.0,-9.198703132869752e-05,0.0,0.0,2.031604935276134,0.0,0.0,6.609900103985329e-22,68182194.0457259,0.0,0.0,1.7492265156825988e-05,0.0,0.0,1.0,-16301965.252166703,244822.21705455406,20628.89627203673,-16036514.138840113,196036460118094.8,1529.268881,196036460118094.8,1529.268881,196036460118094.8,1529.268881,196036460118094.8,1529.268881,196036458789613.62,1529.2688913634036,196036461446575.97,1529.268870636597
0.0027149999999999735,0.0,0.0,-8.171474795198368e-05,0.0,0.0,2.0544566753427667,0.0,0.0,6.719083086391829e-22,68142611.45603524,0.0,0.0,1.542670216810664e-05,0.0,0.0,1.0,-16309873.741278205,215912.54150194195,16272.26973843684,-16077688.930037826,196036460118094.8,1529.268881,196036460118094.8,1529.268881,196036460118094.8,1529.268881,196036460118094.8,1529.268881,196036458774670.72,1529.2688914799724,196036461461518.9,1529.2688705200278
0.0027199999999999733,0.0,0.0,-7.132631448876535e-05,0.0,0.0,2.0776866926436672,0.0,0.0,6.825671677744831e-22,68106119.15795115,0.0,0.0,1.3337935387230564e-05,0.0,0.0,1.0,-16316931.50889068,186678.10504564169,12389.93560809867,-16117863.468236938,196036460118094.8,1529.268881,196036460118094.8,1529.268881,196036460118094.8,1529.268881,196036460118094.8,1529.268881,196036458759480.44,1529.2688915984709,196036461476709.22,1529.2688704015293
0.002724999999999973,0.0,0.0,-6.081988449572997e-05,0.0,0.0,2.1012859986070764,0.0,0.0,6.929352432120325e-22,68072882.06761654,0.0,0.0,1.1225578813518611e-05,0.0,0.0,1.0,-16323105.836392773,157113.50520968993,9000.009544570066,-16156992.321638513,196036460118094.8,1529.268881,196036460118094.8,1529.268881,196036460118094.8,1529.268881,196036460118094.8,1529.268881,196036458744048.7,1529.268891718853,196036461492140.97,1529.268870281147
0.002729999999999973,0.0,0.0,-5.019366190227443e-05,0.0,0.0,2.1252445186911073,0.0,0.0,7.029799913472999e-22,68043066.00592442,0.0,0.0,9.089255340736611e-06,0.0,0.0,1.0,-16328363.082618002,127213.46400501631,6121.127299951382,-16195028.491313033,196036460118094.8,1529.268881,196036460118094.8,1529.268881,196036460118094.8,1529.268881,196036460118094.8,1529.268881,196036458728382.03,1529.2688918410677,196036461507807.6,1529.2688701589327
0.0027349999999999727,0.0,0.0,-3.94459066480616e-05,0.0,0.0,2.1495510508425664,0.0,0.0,7.126677096526487e-22,68016837.08116576,0.0,0.0,6.928597763481313e-06,0.0,0.0,1.0,-16332668.716169102,96972.8420148482,3772.4315994288777,-16231923.442554824,196036460118094.8,1529.268881,196036460118094.8,1529.268881,196036460118094.8,1529.268881,196036460118094.8,1529.268881,196036458712487.8,1529.2688919650577,196036461523701.8,1529.2688700349427
0.0027399999999999725,0.0,0.0,-2.8574940521338072e-05,0.0,0.0,2.1741932253447054,0.0,0.0,7.219636068486477e-22,67994360.73562598,0.0,0.0,4.743252531820707e-06,0.0,0.0,1.0,-16335987.399949575,66386.69094475839,1973.571430191354,-16267627.137574622,196036460118094.8,1529.268881,196036460118094.8,1529.268881,196036460118094.8,1529.268881,196036460118094.8,1529.268881,196036458696374.12,1529.2688920907594,196036461539815.5,1529.268869909241
0.0027449999999999723,0.0,0.0,-1.7579153185857373e-05,0.0,0.0,2.1991574670961396,0.0,0.0,7.308318595734357e-22,67975801.02875601,0.0,0.0,2.532880326614984e-06,0.0,0.0,1.0,-16338283.028826475,35450.261674872934,744.6794964658825,-16302088.087655134,196036460118094.8,1529.268881,196036460118094.8,1529.268881,196036460118094.8,1529.268881,196036460118094.8,1529.268881,196036458680049.8,1529.2688922181046,196036461556139.8,1529.2688697818958
0.002749999999999972,0.0,0.0,-6.457008386591669e-06,0.0,0.0,2.224428959853141,0.0,0.0,7.392355285988756e-22,67961321.5598342,0.0,0.0,2.9714324076466087e-07,0.0,0.0,1.0,-16339518.474906689,4158.824848272515,106.24336397624316,-16335253.406694438,196036460118094.8,1529.268881,196036460118094.8,1529.268881,196036460118094.8,1529.268881,196036460118094.8,1529.268881,196036458663524.6,1529.2688923470168,196036461572665.0,1529.2688696529838
0.002754999999999972,0.0,0.0,4.792949651254063e-06,0.0,0.0,2.2499916075691466,0.0,0.0,7.471368285517994e-22,67951082.20928453,0.0,0.0,-1.964275036487881e-06,0.0,0.0,-1.0,-16339656.051769165,27492.04662897634,79.21640237302323,-16312084.788737819,196036460118094.8,1529.268881,196036460118094.8,1529.268881,196036460118094.8,1529.268881,196036460118094.8,1529.268881,196036458646809.0,1529.2688924774143,196036461589380.6,1529.2688695225866
0.0027599999999999717,0.0,0.0,1.6172089676649414e-05,0.0,0.0,2.2758280050790707,0.0,0.0,7.544971398648538e-22,67945239.03147654,0.0,0.0,-4.251675132752343e-06,0.0,0.0,-1.0,-16338657.42508812,59506.56034904394,684.9322840519416,-16278465.932455026,196036460118094.8,1529.268881,196036460118094.8,1529.268881,196036460118094.8,1529.268881,196036460118094.8,1529.268881,196036458629914.38,1529.268892609208,196036461606275.25,1529.2688693907921
0.0027649999999999715,0.0,0.0,2.768168672263776e-05,0.0,0.0,2.3019194091976694,0.0,0.0,7.612770998771975e-22,67943943.19645226,0.0,0.0,-6.56534067333112e-06,0.0,0.0,-1.0,-16336483.680652807,91888.6859393469,1945.066279280008,-16242649.92843418,196036460118094.8,1529.268881,196036460118094.8,1529.268881,196036460118094.8,1529.268881,196036460118094.8,1529.268881,196036458612853.03,1529.2688927423028,196036461623336.6,1529.2688692576976
0.0027699999999999713,0.0,0.0,3.9322915287508756e-05,0.0,0.0,2.3282457129741996,0.0,0.0,7.674367089893937e-22,67947339.78592487,0.0,0.0,-8.905537147362776e-06,0.0,0.0,-1.0,-16333095.410093399,124642.13919306149,3881.5952736322683,-16204571.675626706,196036460118094.8,1529.268881,196036460118094.8,1529.268881,196036460118094.8,1529.268881,196036460118094.8,1529.268881,196036458595638.06,1529.2688928765956,196036461640551.53,1529.268869123405
0.002774999999999971,0.0,0.0,5.109684240563341e-05,0.0,0.0,2.3547854236249313,0.0,0.0,7.729354405524796e-22,67955566.54820299,0.0,0.0,-1.1272510608797374e-05,0.0,0.0,-1.0,-16328452.796233417,157770.3638879391,6516.749999156416,-16164165.682346322,196036460118094.8,1529.268881,196036460118094.8,1529.268881,196036460118094.8,1529.268881,196036460118094.8,1529.268881,196036458578283.56,1529.268893011977,196036461657906.06,1529.2688689880233
0.002779999999999971,0.0,0.0,6.300442062699791e-05,0.0,0.0,2.3815156442729006,0.0,0.0,7.7773236089046345e-22,67968752.54428206,0.0,0.0,-1.3666486267137695e-05,0.0,0.0,-1.0,-16322515.709917946,191276.5120622824,9872.96337501953,-16121366.234480646,196036460118094.8,1529.268881,196036460118094.8,1529.268881,196036460118094.8,1529.268881,196036460118094.8,1529.268881,196036458560804.47,1529.2688931483306,196036461675385.16,1529.2688688516698
0.0027849999999999707,0.0,0.0,7.504648092622782e-05,0.0,0.0,2.408412059845982,0.0,0.0,7.81786259512011e-22,67987016.68481115,0.0,0.0,-1.6087667192088375e-05,0.0,0.0,-1.0,-16315243.818560697,225163.4258851791,13972.814875100652,-16076107.577800415,196036460118094.8,1529.268881,196036460118094.8,1529.268881,196036460118094.8,1529.268881,196036460118094.8,1529.268881,196036458543216.72,1529.2688932855315,196036461692972.88,1529.2688687144691
0.0027899999999999705,0.0,0.0,8.72237255636593e-05,0.0,0.0,2.4354489274862963,0.0,0.0,7.85055786153427e-22,68010466.18642864,0.0,0.0,-1.853623313325e-05,0.0,0.0,-1.0,-16306596.701827157,259433.62113690906,18838.96921696634,-16028324.111473285,196036460118094.8,1529.268881,196036460118094.8,1529.268881,196036460118094.8,1529.268881,196036460118094.8,1529.268881,196036458525537.12,1529.268893423449,196036461710652.5,1529.2688685765515
0.0027949999999999703,0.0,0.0,9.953672092219746e-05,0.0,0.0,2.4625990717076327,0.0,0.0,7.874995940216137e-22,68039194.94521953,0.0,0.0,-2.1012338960571953e-05,0.0,0.0,-1.0,-16296533.975710543,294089.26538147987,24494.10974453274,-15977950.60058453,196036460118094.8,1529.268881,196036460118094.8,1529.268881,196036460118094.8,1529.268881,196036460118094.8,1529.268881,196036458507783.44,1529.2688935619444,196036461728406.2,1529.268868438056
0.00279999999999997,0.0,0.0,0.00011198589034477593,0.0,0.0,2.4898338845156927,0.0,0.0,7.890764907817157e-22,68073281.81802768,0.0,0.0,-2.3516113428252515e-05,0.0,0.0,-1.0,-16285015.427180104,329132.16066613875,30960.867256669593,-15924922.399257297,196036460118094.8,1529.268881,196036460118094.8,1529.268881,196036460118094.8,1529.268881,196036460118094.8,1529.268881,196036458489974.4,1529.2688937008716,196036461746215.22,1529.2688682991286
0.00280499999999997,0.0,0.0,0.0001245715069985733,0.0,0.0,2.517123330759476,0.0,0.0,7.897455950886842e-22,68112788.82768187,0.0,0.0,-2.604765783736398e-05,0.0,0.0,-1.0,-16272001.157964887,364563.7248034383,38261.74384844522,-15869175.689313004,196036460118094.8,1529.268881,196036460118094.8,1529.268881,196036460118094.8,1529.268881,196036460118094.8,1529.268881,196036458472129.66,1529.2688938400775,196036461764060.0,1529.2688681599227
0.0028099999999999696,0.0,0.0,0.00013729368679310272,0.0,0.0,2.544435958905887,0.0,0.0,7.894664980533091e-22,68157759.30012701,0.0,0.0,-2.8607044691399062e-05,0.0,0.0,-1.0,-16257451.737565137,400384.9725542268,46419.03193386235,-15810647.73307705,196036460118094.8,1529.268881,196036460118094.8,1529.268881,196036460118094.8,1529.268881,196036460118094.8,1529.268881,196036458454269.72,1529.2688939794018,196036461781919.94,1529.2688680205983
0.0028149999999999694,0.0,0.0,0.00015015238138014534,0.0,0.0,2.5717389174085215,0.0,0.0,7.881994273313138e-22,68208215.95702024,0.0,0.0,-3.119431628675492e-05,0.0,0.0,-1.0,-16241328.363272648,436596.49590002483,55454.72789644678,-15749277.139476176,196036460118094.8,1529.268881,196036460118094.8,1529.268881,196036460118094.8,1529.268881,196036460118094.8,1529.268881,196036458436416.1,1529.2688941186768,196036461799773.5,1529.2688678813238
0.0028199999999999692,0.0,0.0,0.0001631473712639529,0.0,0.0,2.5989979767615106,0.0,0.0,7.859054168205793e-22,68264158.94605458,0.0,0.0,-3.380948353878042e-05,0.0,0.0,-1.0,-16223593.032538053,473198.447612351,65390.442514389935,-15685004.142411312,196036460118094.8,1529.268881,196036460118094.8,1529.268881,196036460118094.8,1529.268881,196036460118094.8,1529.268881,196036458418591.22,1529.2688942577277,196036461817598.44,1529.2688677422725
0.002824999999999969,0.0,0.0,0.00017627825905111653,0.0,0.0,2.6261775574327255,0.0,0.0,7.825464726178723e-22,68325563.89526592,0.0,0.0,-3.645252453365396e-05,0.0,0.0,-1.0,-16204208.715429839,510190.5209847642,76247.30430033317,-15617770.890144743,196036460118094.8,1529.268881,196036460118094.8,1529.268881,196036460118094.8,1529.268881,196036460118094.8,1529.268881,196036458400818.28,1529.2688943963733,196036461835371.34,1529.268867603627
0.002829999999999969,0.0,0.0,0.00018954446286885028,0.0,0.0,2.6532407635467474,0.0,0.0,7.780857469899967e-22,68392379.90761657,0.0,0.0,-3.912338334532558e-05,0.0,0.0,-1.0,-16183139.545337085,547571.9332747541,88045.86251910074,-15547521.74954323,196036460118094.8,1529.268881,196036460118094.8,1529.268881,196036460118094.8,1529.268881,196036460118094.8,1529.268881,196036458383121.47,1529.268894534425,196036461853068.16,1529.2688674655753
0.0028349999999999686,0.0,0.0,0.00020294520998182663,0.0,0.0,2.6801494225952696,0.0,0.0,7.724877052915786e-22,68464527.63717437,0.0,0.0,-4.1821968792982385e-05,0.0,0.0,-1.0,-16160351.006554445,585341.4083131932,100805.98305369512,-15474203.615187556,196036460118094.8,1529.268881,196036460118094.8,1529.268881,196036460118094.8,1529.268881,196036460118094.8,1529.268881,196036458365525.7,1529.2688946716887,196036461870663.9,1529.268867328312
0.0028399999999999684,0.0,0.0,0.00021647953063647947,0.0,0.0,2.706864130930565,0.0,0.0,7.657182955679231e-22,68541897.38669257,0.0,0.0,-4.454815315859964e-05,0.0,0.0,-1.0,-16135810.134353032,623497.1585551468,114546.7431896074,-15397766.232608277,196036460118094.8,1529.268881,196036460118094.8,1529.268881,196036460118094.8,1529.268881,196036460118094.8,1529.268881,196036458348056.75,1529.2688948079629,196036461888132.88,1529.2688671920375
0.002844999999999968,0.0,0.0,0.00023014625216215468,0.0,0.0,2.7333443051350415,0.0,0.0,7.577451129916367e-22,68624347.31586786,0.0,0.0,-4.730177112449132e-05,0.0,0.0,-1.0,-16109485.716118665,662036.8702098024,129286.32211764617,-15318162.523791214,196036460118094.8,1529.268881,196036460118094.8,1529.268881,196036460118094.8,1529.268881,196036460118094.8,1529.268881,196036458330741.16,1529.268894943041,196036461905448.47,1529.2688670569596
0.002849999999999968,0.0,0.0,0.00024394399335759417,0.0,0.0,2.7595482390878963,0.0,0.0,7.485377306166502e-22,68711700.49709864,0.0,0.0,-5.0082629278204434e-05,0.0,0.0,-1.0,-16081348.72785974,700957.8362712278,145041.96824974025,-15235348.923338773,196036460118094.8,1529.268881,196036460118094.8,1529.268881,196036460118094.8,1529.268881,196036460118094.8,1529.268881,196036458313606.22,1529.2688950767094,196036461922583.4,1529.268866923291
0.002854999999999968,0.0,0.0,0.0002578711592200498,0.0,0.0,2.785433172491133,0.0,0.0,7.380673481185929e-22,68803747.26968285,0.0,0.0,-5.2890472548845374e-05,0.0,0.0,-1.0,-16051371.850841055,740256.4867602853,161829.64890055355,-15149285.715180213,196036460118094.8,1529.268881,196036460118094.8,1529.268881,196036460118094.8,1529.268881,196036460118094.8,1529.268881,196036458296679.88,1529.2688952087508,196036461939509.75,1529.2688667912496
0.0028599999999999676,0.0,0.0,0.00027192593595617867,0.0,0.0,2.8109553472257756,0.0,0.0,7.263074508299308e-22,68900240.05959508,0.0,0.0,-5.572501583506278e-05,0.0,0.0,-1.0,-16019530.378541932,779928.8313907373,179664.17395833335,-15059937.37319286,196036460118094.8,1529.268881,196036460118094.8,1529.268881,196036460118094.8,1529.268881,196036460118094.8,1529.268881,196036458279990.75,1529.2688953389418,196036461956198.88,1529.2688666610586
0.0028649999999999674,0.0,0.0,0.0002861062863888843,0.0,0.0,2.836070086541126,0.0,0.0,7.13233785097188e-22,69000893.65539172,0.0,0.0,-5.858593206027813e-05,0.0,0.0,-1.0,-15985802.19518155,819970.2923899291,198559.00115483347,-14967272.901636787,196036460118094.8,1529.268881,196036460118094.8,1529.268881,196036460118094.8,1529.268881,196036460118094.8,1529.268881,196036458263568.06,1529.2688954670543,196036461972621.6,1529.268866532946
0.002869999999999967,0.0,0.0,0.00030040994575583553,0.0,0.0,2.8607318733902476,0.0,0.0,6.988244960151133e-22,69105384.4804742,0.0,0.0,-6.147285128168494e-05,0.0,0.0,-1.0,-15950167.986753318,860375.6920283181,218526.12146199206,-14871266.173263008,196036460118094.8,1529.268881,196036460118094.8,1529.268881,196036460118094.8,1529.268881,196036460118094.8,1529.268881,196036458247441.53,1529.2688955928563,196036461988748.12,1529.2688664071438
0.002874999999999967,0.0,0.0,0.00031483441792352256,0.0,0.0,2.884894433537405,0.0,0.0,6.830602556516125e-22,69213350.23206833,0.0,0.0,-6.438535975198104e-05,0.0,0.0,-1.0,-15912611.447485004,901139.2394874536,239575.9447320171,-14771896.263265533,196036460118094.8,1529.268881,196036460118094.8,1529.268881,196036460118094.8,1529.268881,196036460118094.8,1529.268881,196036458231641.44,1529.268895716112,196036462004548.2,1529.2688662838887
0.002879999999999967,0.0,0.0,0.0003293769720390626,0.0,0.0,2.9085108231080117,0.0,0.0,6.659243864227161e-22,69324389.8984555,0.0,0.0,-6.732299917537779e-05,0.0,0.0,-1.0,-15873119.487169767,942254.5204470612,261717.18881414214,-14669147.777908564,196036460118094.8,1529.268881,196036460118094.8,1529.268881,196036460118094.8,1529.268881,196036460118094.8,1529.268881,196036458216198.5,1529.2688958365814,196036462019991.12,1529.2688661634193
0.0028849999999999666,0.0,0.0,0.00034403463964112783,0.0,0.0,2.931533520413046,0.0,0.0,6.474029700595623e-22,69438064.26294327,0.0,0.0,-7.028526588837116e-05,0.0,0.0,-1.0,-15831682.425442813,983714.4856190925,284956.76872657205,-14563011.171097146,196036460118094.8,1529.268881,196036460118094.8,1529.268881,196036460118094.8,1529.268881,196036460118094.8,1529.268881,196036458201143.8,1529.2688959540221,196036462035045.8,1529.2688660459785
0.0028899999999999664,0.0,0.0,0.0003588042122488716,0.0,0.0,2.953914521548754,0.0,0.0,6.274849517838106e-22,69553896.8674952,0.0,0.0,-7.327161025440827e-05,0.0,0.0,-1.0,-15788294.184864573,1025511.4422754623,309299.69143492996,-14453483.051154181,196036460118094.8,1529.268881,196036460118094.8,1529.268881,196036460118094.8,1529.268881,196036460118094.8,1529.268881,196036458186508.72,1529.2688960681896,196036462049680.9,1529.268865931811
0.002894999999999966,0.0,0.0,0.00037368223944689977,0.0,0.0,2.9756054396056353,0.0,0.0,6.061622327701838e-22,69671375.51851928,0.0,0.0,-7.6281436011712e-05,0.0,0.0,-1.0,-15742952.472122442,1067637.0451201834,334748.95400787966,-14340566.47299438,196036460118094.8,1529.268881,196036460118094.8,1529.268881,196036460118094.8,1529.268881,196036460118094.8,1529.268881,196036458172324.84,1529.2688961788372,196036462063864.75,1529.2688658211634
0.002899999999999966,0.0,0.0,0.00038866502748230425,0.0,0.0,2.996557607080899,0.0,0.0,5.834297531824957e-22,69789954.34570688,0.0,0.0,-7.931409969537781e-05,0.0,0.0,-1.0,-15695658.948901685,1110082.288201018,361305.4471742586,-14224271.213526405,196036460118094.8,1529.268881,196036460118094.8,1529.268881,196036460118094.8,1529.268881,196036460118094.8,1529.268881,196036458158624.1,1529.268896285716,196036462077565.53,1529.2688657142846
0.0029049999999999658,0.0,0.0,0.00040374863838814324,0.0,0.0,3.0167221811678018,0.0,0.0,5.592855658879269e-22,69909056.42939559,0.0,0.0,-8.236891030613705e-05,0.0,0.0,-1.0,-15646419.390822502,1152837.5002734812,388967.8652126155,-14104614.025336403,196036460118094.8,1529.268881,196036460118094.8,1529.268881,196036460118094.8,1529.268881,196036460118094.8,1529.268881,196036458145438.34,1529.268896388577,196036462090751.28,1529.2688656114233
0.0029099999999999656,0.0,0.0,0.00041892888964613773,0.0,0.0,3.036050251598902,0.0,0.0,5.33730899126776e-22,70028077.01608722,0.0,0.0,-8.544512886264085e-05,0.0,0.0,-1.0,-15595243.830644116,1195892.3385345924,417732.6223269883,-13981618.869782537,196036460118094.8,1529.268881,196036460118094.8,1529.268881,196036460118094.8,1529.268881,196036460118094.8,1529.268881,196036458132799.56,1529.2688964871716,196036462103390.06,1529.2688655128288
0.0029149999999999654,0.0,0.0,0.0004342013543994406,0.0,0.0,3.054492950660583,0.0,0.0,5.067702113314015e-22,70146387.2952716,0.0,0.0,-8.85419680422476e-05,0.0,0.0,-1.0,-15542146.6879991,1239235.7835953298,447593.77772764105,-13855317.126676127,196036460118094.8,1529.268881,196036460118094.8,1529.268881,196036460118094.8,1529.268881,196036460118094.8,1529.268881,196036458120739.75,1529.2688965812495,196036462115449.88,1529.268865418751
0.002919999999999965,0.0,0.0,0.0004495613622249748,0.0,0.0,3.072001565106839,0.0,0.0,4.784112352583194e-22,70263338.72929452,0.0,0.0,-9.165859210714833e-05,0.0,0.0,-1.0,-15487146.880004078,1282856.138446675,478542.9688424482,-13725747.772714952,196036460118094.8,1529.268881,196036460118094.8,1529.268881,196036460118094.8,1529.268881,196036460118094.8,1529.268881,196036458109290.75,1529.2688966705625,196036462126898.9,1529.2688653294376
0.002924999999999965,0.0,0.0,0.0004650040004729852,0.0,0.0,3.0885276496020757,0.0,0.0,4.486650119808311e-22,70378267.9004272,0.0,0.0,-9.479411663163518e-05,0.0,0.0,-1.0,-15430267.911884837,1326741.0246424596,510569.3536750079,-13592957.533567369,196036460118094.8,1529.268881,196036460118094.8,1529.268881,196036460118094.8,1529.268881,196036460118094.8,1529.268881,196036458098484.22,1529.2688967548636,196036462137705.4,1529.268865245137
0.0029299999999999648,0.0,0.0,0.0004805241161796933,0.0,0.0,3.1040231413416164,0.0,0.0,4.175459201667833e-22,70490501.78655931,0.0,0.0,-9.79476086448433e-05,0.0,0.0,-1.0,-15371537.952534666,1370877.384297182,543659.5652402063,-13457001.002997277,196036460118094.8,1529.268881,196036460118094.8,1529.268881,196036460118094.8,1529.268881,196036460118094.8,1529.268881,196036458088351.6,1529.2688968339075,196036462147838.0,1529.268865166093
0.0029349999999999645,0.0,0.0,0.0004961163185581262,0.0,0.0,3.1184404756865804,0.0,0.0,3.850716905485091e-22,70599363.455619,0.0,0.0,-0.00010111808649182782,0.0,0.0,-1.0,-15310989.880540906,1415251.4781416378,577797.6741918805,-13317940.728207387,196036460118094.8,1529.268881,196036460118094.8,1529.268881,196036460118094.8,1529.268881,196036460118094.8,1529.268881,196036458078924.0,1529.2688969074518,196036462157265.62,1529.2688650925488
0.0029399999999999643,0.0,0.0,0.0005117749820696266,0.0,0.0,3.13173270230008,0.0,0.0,3.5126341719466006e-22,70704178.02700403,0.0,0.0,-0.00010430452004818137,0.0,0.0,-1.0,-15248661.31380407,1459848.888526712,612965.1651895529,-13175847.260087805,196036460118094.8,1529.268881,196036460118094.8,1529.268881,196036460118094.8,1529.268881,196036460118094.8,1529.268881,196036458070232.1,1529.2688969752567,196036462165957.5,1529.2688650247442
0.002944999999999964,0.0,0.0,0.0005274942500779963,0.0,0.0,3.1438536016739485,0.0,0.0,3.1614556009891047e-22,70804278.83444172,0.0,0.0,-0.00010750583101255838,0.0,0.0,-1.0,-15184594.614309883,1504654.5235175577,649140.924947656,-13030799.165844671,196036460118094.8,1529.268881,196036460118094.8,1529.268881,196036460118094.8,1529.268881,196036460118094.8,1529.268881,196036458062306.2,1529.2688970370864,196036462173883.44,1529.2688649629142
0.002949999999999964,0.0,0.0,0.0005432680390867221,0.0,0.0,3.1547578017451596,0.0,0.0,2.7974597790118805e-22,70899013.58097367,0.0,0.0,-0.00011072089074600384,0.0,0.0,-1.0,-15118836.915311271,1549652.586652782,686301.2588597845,-12882883.069798704,196036460118094.8,1529.268881,196036460118094.8,1529.268881,196036460118094.8,1529.268881,196036460118094.8,1529.268881,196036458055175.8,1529.26889709271,196036462181013.78,1529.268864907291
0.0029549999999999637,0.0,0.0,0.0005590900435649516,0.0,0.0,3.164400895645904,0.0,0.0,2.420958143941877e-22,70987750.85200863,0.0,0.0,-0.00011394852689194112,0.0,0.0,-1.0,-15051439.949046051,1594826.6695979757,724419.8607984094,-12732193.418649666,196036460118094.8,1529.268881,196036460118094.8,1529.268881,196036460118094.8,1529.268881,196036460118094.8,1529.268881,196036458048870.16,1529.2688971419,196036462187319.5,1529.2688648581004
0.0029599999999999635,0.0,0.0,0.0005749537413425594,0.0,0.0,3.17273955552156,0.0,0.0,2.032295368132739e-22,71069885.99076225,0.0,0.0,-0.00011718752023373501,0.0,0.0,-1.0,-14982460.049553448,1640159.7081640805,763467.8646635913,-12578832.476725778,196036460118094.8,1529.268881,196036460118094.8,1529.268881,196036460118094.8,1529.268881,196036460118094.8,1529.268881,196036458043417.44,1529.2688971844361,196036462192772.2,1529.2688648155643
0.0029649999999999633,0.0,0.0,0.0005908523995809356,0.0,0.0,3.1797316476752537,0.0,0.0,1.6318493954751611e-22,71144846.83855242,0.0,0.0,-0.00012043660375156914,0.0,0.0,-1.0,-14911958.092601899,1685633.9691074183,803413.8964317377,-12422910.227062745,196036460118094.8,1529.268881,196036460118094.8,1529.268881,196036460118094.8,1529.268881,196036460118094.8,1529.268881,196036458038845.25,1529.2688972201038,196036462197344.38,1529.268864779897
0.002969999999999963,0.0,0.0,0.0006067790813201406,0.0,0.0,3.1853363478410017,0.0,0.0,1.2200308690861112e-22,71212099.23979755,0.0,0.0,-0.00012369446472659657,0.0,0.0,-1.0,-14839999.342689414,1731231.079579442,844224.1163865711,-12264544.1467234,196036460118094.8,1529.268881,196036460118094.8,1529.268881,196036460118094.8,1529.268881,196036460118094.8,1529.268881,196036458035180.3,1529.2688972486935,196036462201009.3,1529.2688647513069
0.002974999999999963,0.0,0.0,0.0006227266525925106,0.0,0.0,3.18951425447401,0.0,0.0,7.972827059261314e-23,71271152.00349143,0.0,0.0,-0.00012695974567717593,0.0,0.0,-1.0,-14766653.301722646,1776932.0402303205,885862.2837253235,-12103858.977767,196036460118094.8,1529.268881,196036460118094.8,1529.268881,196036460118094.8,1529.268881,196036460118094.8,1529.268881,196036458032448.34,1529.2688972700055,196036462203741.28,1529.2688647299951
0.0029799999999999627,0.0,0.0,0.0006386877900953465,0.0,0.0,3.1922275005671836,0.0,0.0,3.6407968378123166e-23,71321561.28176448,0.0,0.0,-0.00013023104522300494,0.0,0.0,-1.0,-14691993.542741394,1822717.2373033762,928289.8374921271,-11940986.46794589,196036460118094.8,1529.268881,196036460118094.8,1529.268881,196036460118094.8,1529.268881,196036460118094.8,1529.268881,196036458030674.12,1529.2688972838462,196036462205515.5,1529.2688647161544
0.0029849999999999625,0.0,0.0,0.00065465498941553,0.0,0.0,3.193439864036695,0.0,0.0,-7.907211919239683e-24,71362934.34438461,0.0,0.0,-0.0001335069190666203,0.0,0.0,-1.0,-14616097.510321097,1868566.456372181,971465.9868762586,-11776065.067072656,196036460118094.8,1529.268881,196036460118094.8,1529.268881,196036460118094.8,1529.268881,196036460118094.8,1529.268881,196036458029881.34,1529.2688972900305,196036462206308.25,1529.26886470997
0.0029899999999999623,0.0,0.0,0.000670620573796359,0.0,0.0,3.1931168761657776,0.0,0.0,-5.316359102605085e-23,71394932.66060661,0.0,0.0,-0.0001367858812448913,0.0,0.0,-1.0,-14539046.304091902,1914458.8998564982,1015347.8157672135,-11609239.58846819,196036460118094.8,1529.268881,196036460118094.8,1529.268881,196036460118094.8,1529.268881,196036460118094.8,1529.268881,196036458030092.56,1529.2688972883827,196036462206097.06,1529.2688647116177
0.002994999999999962,0.0,0.0,0.0006865767034364539,0.0,0.0,3.1912259280189827,0.0,0.0,-9.930448773257992e-23,71417274.29486507,0.0,0.0,-0.0001400664053234738,0.0,0.0,-1.0,-14460924.43705484,1960373.2037398927,1059890.397693173,-11440660.835621774,196036460118094.8,1529.268881,196036460118094.8,1529.268881,196036460118094.8,1529.268881,196036460118094.8,1529.268881,196036458031329.06,1529.268897278737,196036462204860.56,1529.2688647212635
0.002999999999999962,0.0,0.0,0.0007025153853086927,0.0,0.0,3.1877363744477805,0.0,0.0,-1.462702936855218e-22,71429735.59489365,0.0,0.0,-0.0001433469257183547,0.0,0.0,-1.0,-14381819.577792238,2006287.4560661,1105046.923116093,-11270485.198610047,196036460118094.8,1529.268881,196036460118094.8,1529.268881,196036460118094.8,1529.268881,196036460118094.8,1529.268881,196036458033610.9,1529.2688972609365,196036462202578.72,1529.268864739064
0.0030049999999999617,0.0,0.0,0.0007184284834862171,0.0,0.0,3.182619635504876,0.0,0.0,-1.9399856205679496e-22,71432152.20608984,0.0,0.0,-0.0001466258392604314,0.0,0.0,-1.0,-14301822.268939532,2052179.2188369236,1150768.8350892176,-11098874.215013392,196036460118094.8,1529.268881,196036460118094.8,1529.268881,196036460118094.8,1529.268881,196036460118094.8,1529.268881,196036458036956.78,1529.2688972348355,196036462199232.88,1529.2688647651646
0.0030099999999999615,0.0,0.0,0.0007343077299601496,0.0,0.0,3.175849294786498,0.0,0.0,-2.424241033019557e-22,71424419.4418474,0.0,0.0,-0.00014990150667119545,0.0,0.0,-1.0,-14221025.632798862,2098025.5486659487,1197005.9755321695,-10925994.108600745,196036460118094.8,1529.268881,196036460118094.8,1529.268881,196036460118094.8,1529.268881,196036460118094.8,1529.268881,196036458041383.94,1529.2688972002993,196036462194805.7,1529.268864799701
0.0030149999999999613,0.0,0.0,0.0007501447359324347,0.0,0.0,3.1674011944570144,0.0,0.0,-2.9147909188955973e-22,71406492.05937544,0.0,0.0,-0.00015317225444663718,0.0,0.0,-1.0,-14139525.06262439,2143803.0231457143,1243706.7399558483,-10752015.299522826,196036460118094.8,1529.268881,196036460118094.8,1529.268881,196036460118094.8,1529.268881,196036460118094.8,1529.268881,196036458046908.22,1529.268897157205,196036462189281.38,1529.268864842796
0.003019999999999961,0.0,0.0,0.0007659310035653137,0.0,0.0,3.157253526575795,0.0,0.0,-3.4109318660786936e-22,71378383.52515227,0.0,0.0,-0.00015643637652232661,0.0,0.0,-1.0,-14057417.899527969,2189487.7641522363,1290818.2388328733,-10577111.896542858,196036460118094.8,1529.268881,196036460118094.8,1529.268881,196036460118094.8,1529.268881,196036460118094.8,1529.268881,196036458053543.88,1529.2688971054406,196036462182645.75,1529.26886489456
0.003024999999999961,0.0,0.0,0.0007816579381665932,0.0,0.0,3.145386920255901,0.0,0.0,-3.911936491129716e-22,71340164.83526616,0.0,0.0,-0.00015969213542190176,0.0,0.0,-1.0,-13974803.115844129,2235055.4539192785,1338286.4708631851,-10401461.191061666,196036460118094.8,1529.268881,196036460118094.8,1529.268881,196036460118094.8,1529.268881,196036460118094.8,1529.268881,196036458061303.5,1529.2688970449083,196036462174886.1,1529.2688649550926
0.0030299999999999607,0.0,0.0,0.0007973168607901709,0.0,0.0,3.131784524715538,0.0,0.0,-4.417054662821823e-22,71291962.98018414,0.0,0.0,-0.00016293776318382813,0.0,0.0,-1.0,-13891781.00119433,2280481.3480093037,1386056.5049144512,-10225243.148270577,196036460118094.8,1529.268881,196036460118094.8,1529.268881,196036460118094.8,1529.268881,196036460118094.8,1529.268881,196036458070198.25,1529.2688969755209,196036462165991.4,1529.2688650244795
0.0030349999999999605,0.0,0.0,0.000812899021230623,0.0,0.0,3.1164320880904297,0.0,0.0,-4.925516616072559e-22,71233958.9799643,0.0,0.0,-0.00016617147155498953,0.0,0.0,-1.0,-13808452.644762732,2325740.4179832498,1434072.5978116586,-10048639.628967823,196036460118094.8,1529.268881,196036460118094.8,1529.268881,196036460118094.8,1529.268881,196036460118094.8,1529.268881,196036458080237.28,1529.2688968972068,196036462155952.3,1529.268865102794
0.0030399999999999603,0.0,0.0,0.0008283956113579111,0.0,0.0,3.099318025457614,0.0,0.0,-5.436532950538622e-22,71166385.87011002,0.0,0.0,-0.00016939144516867738,0.0,0.0,-1.0,-13724919.784863994,2370807.2559194793,1482278.4414837493,-9871834.087460766,196036460118094.8,1529.268881,196036460118094.8,1529.268881,196036460118094.8,1529.268881,196036460118094.8,1529.268881,196036458091428.28,1529.2688968099067,196036462144761.3,1529.2688651900942
0.00304499999999996,0.0,0.0,0.0008437977787922316,0.0,0.0,3.080433486864103,0.0,0.0,-5.949297130111344e-22,71089526.41372564,0.0,0.0,-0.00017259584693161425,0.0,0.0,-1.0,-13641284.388153339,2415656.1498107077,1530617.318964207,-9695010.919378424,196036460118094.8,1529.268881,196036460118094.8,1529.268881,196036460118094.8,1529.268881,196036460118094.8,1529.268881,196036458103777.03,1529.2688967135746,196036462132412.56,1529.268865286426
0.00304999999999996,0.0,0.0,0.0008590966408757104,0.0,0.0,3.05977241669575,0.0,0.0,-6.462987459525775e-22,71003710.68263692,0.0,0.0,-0.00017578282082948644,0.0,0.0,-1.0,-13557648.305582818,2460261.1228303164,1579032.2860802235,-9518354.896672279,196036460118094.8,1529.268881,196036460118094.8,1529.268881,196036460118094.8,1529.268881,196036460118094.8,1529.268881,196036458117287.47,1529.2688966081805,196036462118902.2,1529.2688653918199
0.0030549999999999597,0.0,0.0,0.0008742832989067001,0.0,0.0,3.037331606197921,0.0,0.0,-6.97676920574536e-22,70909313.54774986,0.0,0.0,-0.00017895049429417264,0.0,0.0,-1.0,-13474112.929157013,2504595.9664641456,1627466.3506923045,-9342050.612000564,196036460118094.8,1529.268881,196036460118094.8,1529.268881,196036460118094.8,1529.268881,196036460118094.8,1529.268881,196036458131961.7,1529.2688964937076,196036462104227.94,1529.2688655062927
0.0030599999999999595,0.0,0.0,0.000889348852599932,0.0,0.0,3.0131107386463856,0.0,0.0,-7.489796789941696e-22,70806752.05704528,0.0,0.0,-0.0001820969812055314,0.0,0.0,-1.0,-13390778.858631859,2548634.2825235943,1675862.6506188991,-9166281.925489366,196036460118094.8,1529.268881,196036460118094.8,1529.268881,196036460118094.8,1529.268881,196036460118094.8,1529.268881,196036458147799.88,1529.268896370155,196036462088389.78,1529.268865629845
0.0030649999999999593,0.0,0.0,0.0009042844147345512,0.0,0.0,2.9871124269238285,0.0,0.0,-8.001216090267512e-22,70696482.7275511,0.0,0.0,-0.0001852203843966733,0.0,0.0,-1.0,-13307745.572461909,2592349.518209479,1724164.6263204247,-8991231.427932005,196036460118094.8,1529.268881,196036460118094.8,1529.268881,196036460118094.8,1529.268881,196036460118094.8,1529.268881,196036458164800.34,1529.2688962375353,196036462071389.28,1529.268865762465
0.003069999999999959,0.0,0.0,0.0009190811259501419,0.0,0.0,2.959342243118145,0.0,0.0,-8.51016672028962e-22,70578998.69511864,0.0,0.0,-0.00018831879896633586,0.0,0.0,-1.0,-13225111.117562354,2635715.012472119,1772316.1915310537,-8817079.913559183,196036460118094.8,1529.268881,196036460118094.8,1529.268881,196036460118094.8,1529.268881,196036460118094.8,1529.268881,196036458182959.47,1529.2688960958772,196036462053230.12,1529.2688659041235
0.003074999999999959,0.0,0.0,0.000933730169651276,0.0,0.0,2.9298087402268265,0.0,0.0,-9.015784364631942e-22,70454826.72680385,0.0,0.0,-0.00019139031503221713,0.0,0.0,-1.0,-13142971.805823835,2678704.0345470724,1820261.895930459,-8644005.875346303,196036460118094.8,1529.268881,196036460118094.8,1529.268881,196036460118094.8,1529.268881,196036460118094.8,1529.268881,196036458202271.66,1529.268895945224,196036462033917.94,1529.268866054777
0.0030799999999999586,0.0,0.0,0.0009482227869801222,0.0,0.0,2.8985234657692494,0.0,0.0,-9.517203034120536e-22,70324524.02463315,0.0,0.0,-0.00019443302105400656,0.0,0.0,-1.0,-13061421.930738796,2721289.8304643636,1867947.0828896044,-8472185.017384829,196036460118094.8,1529.268881,196036460118094.8,1529.268881,196036460118094.8,1529.268881,196036460118094.8,1529.268881,196036458222729.3,1529.2688957856349,196036462013460.3,1529.2688662143657
0.0030849999999999584,0.0,0.0,0.0009625502918180509,0.0,0.0,2.86550096758574,0.0,0.0,-1.0013557271944686e-21,70188674.79847242,0.0,0.0,-0.00019744500681103302,0.0,0.0,-1.0,-12980553.496824754,2763445.664723725,1915318.0383277908,-8301789.793773239,196036460118094.8,1529.268881,196036460118094.8,1529.268881,196036460118094.8,1529.268881,196036460118094.8,1529.268881,196036458244322.97,1529.268895617184,196036461991866.66,1529.2688663828164
0.0030899999999999582,0.0,0.0,0.0009767040857780165,0.0,0.0,2.830758791993141,0.0,0.0,-1.0503984196191595e-21,70047886.54437952,0.0,0.0,-0.00020042436684473004,0.0,0.0,-1.0,-12900455.971658941,2805144.8684754353,1962322.1328238053,-8132988.970359701,196036460118094.8,1529.268881,196036460118094.8,1529.268881,196036460118094.8,1529.268881,196036460118094.8,1529.268881,196036458267041.12,1529.268895439961,196036461969148.47,1529.2688665600397
0.003094999999999958,0.0,0.0,0.0009906756731523354,0.0,0.0,2.7943174748637767,0.0,0.0,-1.0987625371642013e-21,69902786.00593558,0.0,0.0,-0.00020336920378429072,0.0,0.0,-1.0,-12821216.057497527,2846360.886066276,2008907.9548686754,-7965947.2165625775,196036460118094.8,1529.268881,196036460118094.8,1529.268881,196036460118094.8,1529.268881,196036460118094.8,1529.268881,196036458290870.38,1529.2688952540705,196036461945319.28,1529.2688667459297
0.003099999999999958,0.0,0.0,0.0010044566757834322,0.0,0.0,2.756200526219361,0.0,0.0,-1.1463628535147837e-21,69754014.78429009,0.0,0.0,-0.00020627763158047823,0.0,0.0,-1.0,-12742917.476678988,2887067.3203000296,2055025.4323854581,-7800824.723993502,196036460118094.8,1529.268881,196036460118094.8,1529.268881,196036460118094.8,1529.268881,196036460118094.8,1529.268881,196036458315795.3,1529.2688950596325,196036461920394.3,1529.268866940368
0.0031049999999999576,0.0,0.0,0.0010180388478276679,0.0,0.0,2.7164344088471344,0.0,0.0,-1.1931147462907526e-21,69602224.55561016,0.0,0.0,-0.00020914778749649263,0.0,0.0,-1.0,-12665640.965816543,2927238.100261977,2100626.0086770686,-7637776.8568774965,196036460118094.8,1529.268881,196036460118094.8,1529.268881,196036460118094.8,1529.268881,196036460118094.8,1529.268881,196036458341798.66,1529.268894856782,196036461894390.97,1529.2688671432186
0.0031099999999999574,0.0,0.0,0.001031414090414547,0.0,0.0,2.6750485173758403,0.0,0.0,-1.2389345523681813e-21,69448072.08737691,0.0,0.0,-0.00021197782281124405,0.0,0.0,-1.0,-12589463.83831301,2966847.3512016563,2145662.6531862877,-7476953.833925066,196036460118094.8,1529.268881,196036460118094.8,1529.268881,196036460118094.8,1529.268881,196036460118094.8,1529.268881,196036458368861.22,1529.2688946456683,196036461867328.44,1529.2688673543316
0.003114999999999957,0.0,0.0,0.0010445744661397528,0.0,0.0,2.632075145041169,0.0,0.0,-1.2837398640864252e-21,69292213.79310313,0.0,0.0,-0.0002147658954818944,0.0,0.0,-1.0,-12514459.60665419,3005869.2918375987,2190089.8748883405,-7318500.43992825,196036460118094.8,1529.268881,196036460118094.8,1529.268881,196036460118094.8,1529.268881,196036460118094.8,1529.268881,196036458396961.8,1529.2688944264573,196036461839227.8,1529.268867573543
0.003119999999999957,0.0,0.0,0.0010575122133406967,0.0,0.0,2.5875494401887607,0.0,0.0,-1.3274491074188801e-21,69135300.01139984,0.0,0.0,-0.00021751020034184034,0.0,0.0,-1.0,-12440698.429402223,3044278.657009117,2233863.9998900094,-7162555.772503097,196036460118094.8,1529.268881,196036460118094.8,1529.268881,196036460118094.8,1529.268881,196036460118094.8,1529.268881,196036458426077.47,1529.2688941993279,196036461810112.12,1529.268867800673
0.003124999999999957,0.0,0.0,0.0010702197602276565,0.0,0.0,2.54150937739198,0.0,0.0,-1.36998180554379e-21,68977969.29906082,0.0,0.0,-0.00022020896138868465,0.0,0.0,-1.0,-12368246.767434433,3082050.5897385417,2276943.160870783,-7009253.016825108,196036460118094.8,1529.268881,196036460118094.8,1529.268881,196036460118094.8,1529.268881,196036460118094.8,1529.268881,196036458456183.4,1529.2688939644734,196036461780006.2,1529.2688680355275
0.0031299999999999566,0.0,0.0,0.0010826897388248463,0.0,0.0,2.493995719437965,0.0,0.0,-1.4112586175779855e-21,68820842.64880791,0.0,0.0,-0.0002228604354103572,0.0,0.0,-1.0,-12297167.305075092,3119160.691982511,2319287.3598611965,-6858719.253231384,196036460118094.8,1529.268881,196036460118094.8,1529.268881,196036460118094.8,1529.268881,196036460118094.8,1529.268881,196036458487252.97,1529.2688937221014,196036461748936.7,1529.268868277899
0.0031349999999999564,0.0,0.0,0.001094914998714705,0.0,0.0,2.4450519779717075,0.0,0.0,-1.4512013716797962e-21,68664517.83913966,0.0,0.0,-0.00022546291577926444,0.0,0.0,-1.0,-12227518.892128633,3155585.0777349863,2360858.5213228622,-6711075.293070784,196036460118094.8,1529.268881,196036460118094.8,1529.268881,196036460118094.8,1529.268881,196036460118094.8,1529.268881,196036458519257.62,1529.268893472435,196036461716932.03,1529.2688685275652
0.003139999999999956,0.0,0.0,0.001106888620579671,0.0,0.0,2.3947243729932373,0.0,0.0,-1.4897331018323633e-21,68509564.09284717,0.0,0.0,-0.00022801473600672878,0.0,0.0,-1.0,-12159356.50600544,3191300.4227752876,2401620.535882962,-6566435.547347191,196036460118094.8,1529.268881,196036460118094.8,1529.268881,196036460118094.8,1529.268881,196036460118094.8,1529.268881,196036458552167.22,1529.268893215709,196036461684022.44,1529.268868784291
0.003144999999999956,0.0,0.0,0.0011186039295350732,0.0,0.0,2.343061791080411,0.0,0.0,-1.5267781007647637e-21,68356517.19917989,0.0,0.0,-0.00023051427360209557,0.0,0.0,-1.0,-12092731.231815215,3226284.018680253,2441539.2947381726,-6424907.918396789,196036460118094.8,1529.268881,196036460118094.8,1529.268881,196036460118094.8,1529.268881,196036460118094.8,1529.268881,196036458585949.75,1529.2688929521737,196036461650239.88,1529.268869047827
0.003149999999999956,0.0,0.0,0.0011300545082439642,0.0,0.0,2.2901157417781848,0.0,0.0,-1.5622619984188681e-21,68205875.28494576,0.0,0.0,-0.0002329599537797156,0.0,0.0,-1.0,-12027690.261699146,3260513.824707271,2480582.7160116676,-6286593.720980207,196036460118094.8,1529.268881,196036460118094.8,1529.268881,196036460118094.8,1529.268881,196036460118094.8,1529.268881,196036458620571.53,1529.2688926820913,196036461615618.1,1529.2688693179093
0.0031549999999999556,0.0,0.0,0.0011412342098003107,0.0,0.0,2.235940311269309,0.0,0.0,-1.5961118831374442e-21,68058095.3746891,0.0,0.0,-0.00023535025306892408,0.0,0.0,-1.0,-11964276.906399304,3293968.5183196403,2518720.7615482626,-6151587.626531402,196036460118094.8,1529.268881,196036460118094.8,1529.268881,196036460118094.8,1529.268881,196036460118094.8,1529.268881,196036458655997.25,1529.2688924057372,196036461580192.38,1529.2688695942632
0.0031599999999999554,0.0,0.0,0.0011521371703595424,0.0,0.0,2.1805921118463205,0.0,0.0,-1.6282564688465073e-21,67913590.8699817,0.0,0.0,-0.00023768370323065088,0.0,0.0,-1.0,-11902530.627356986,3326627.550003558,2555925.4479670525,-6019977.629386375,196036460118094.8,1529.268881,196036460118094.8,1529.268881,196036460118094.8,1529.268881,196036460118094.8,1529.268881,196036458692189.84,1529.2688921234007,196036461543999.78,1529.2688698765994
0.003164999999999955,0.0,0.0,0.0011627578214874988,0.0,0.0,2.124130225591308,0.0,0.0,-1.658626056063309e-21,67772730.9954236,0.0,0.0,-0.00023995888108440335,0.0,0.0,-1.0,-11842487.372058734,3358471.000886289,2592170.949744232,-5891845.421428214,196036460118094.8,1529.268881,196036460118094.8,1529.268881,196036460118094.8,1529.268881,196036460118094.8,1529.268881,196036458729110.66,1529.2688918353838,196036461507078.97,1529.2688701646164
0.003169999999999955,0.0,0.0,0.0011730909022345318,0.0,0.0,2.066616149406598,0.0,0.0,-1.6871535531402298e-21,67635837.76870313,0.0,0.0,-0.00024217444913367803,0.0,0.0,-1.0,-11784178.846038176,3389480.1513305353,2627433.327420252,-5767265.367287388,196036460118094.8,1529.268881,196036460118094.8,1529.268881,196036460118094.8,1529.268881,196036460118094.8,1529.268881,196036458766719.53,1529.268891541999,196036461469470.1,1529.2688704580012
0.0031749999999999548,0.0,0.0,0.001183131470757848,0.0,0.0,2.0081137046632533,0.0,0.0,-1.7137742819267573e-21,67503188.49666496,0.0,0.0,-0.00024432913073914867,0.0,0.0,-1.0,-11727633.188832082,3419637.133457698,2661690.7263325662,-5646305.329041817,196036460118094.8,1529.268881,196036460118094.8,1529.268881,196036460118094.8,1529.268881,196036460118094.8,1529.268881,196036458804974.72,1529.2688912435726,196036461431214.9,1529.2688707564275
0.0031799999999999546,0.0,0.0,0.0011928749155257613,0.0,0.0,1.948688953582637,0.0,0.0,-1.738426447448429e-21,67375017.21535368,0.0,0.0,-0.0002464217147532606,0.0,0.0,-1.0,-11672875.022425413,3448924.996013788,2694923.351396108,-5529026.6750155175,196036460118094.8,1529.268881,196036460118094.8,1529.268881,196036460118094.8,1529.268881,196036460118094.8,1529.268881,196036458843833.0,1529.2688909404415,196036461392356.62,1529.268871059559
0.0031849999999999544,0.0,0.0,0.0012023169660224883,0.0,0.0,1.8884100993454007,0.0,0.0,-1.761051725235569e-21,67251516.76282729,0.0,0.0,-0.0002484510632022468,0.0,0.0,-1.0,-11619925.455847232,3477327.8118871306,2727113.418668224,-5415484.225291877,196036460118094.8,1529.268881,196036460118094.8,1529.268881,196036460118094.8,1529.268881,196036460118094.8,1529.268881,196036458883249.78,1529.2688906329536,196036461352939.88,1529.2688713670464
0.003189999999999954,0.0,0.0,0.0012114537028517472,0.0,0.0,1.8273473658517796,0.0,0.0,-1.781595836684195e-21,67132841.8149444,0.0,0.0,-0.00025041611428644066,0.0,0.0,-1.0,-11568802.17533825,3504830.7201008257,2758245.1286552693,-5305726.326582154,196036460118094.8,1529.268881,196036460118094.8,1529.268881,196036460118094.8,1529.268881,196036460118094.8,1529.268881,196036458923179.12,1529.268890321467,196036461313010.47,1529.2688716785335
0.003194999999999954,0.0,0.0,0.0012202815671394863,0.0,0.0,1.7655728575478353,0.0,0.0,-1.8000091615771256e-21,67019112.44459633,0.0,0.0,-0.00025231588589503303,0.0,0.0,-1.0,-11519519.55651256,3531419.9750053785,2788304.6403407655,-5199794.941166418,196036460118094.8,1529.268881,196036460118094.8,1529.268881,196036460118094.8,1529.268881,196036460118094.8,1529.268881,196036458963573.94,1529.2688900063495,196036461272615.7,1529.2688719936507
0.0031999999999999537,0.0,0.0,0.0012287973691296372,0.0,0.0,1.7031603980301895,0.0,0.0,-1.8162469925658204e-21,66910418.62903533,0.0,0.0,-0.0002541495039418982,0.0,0.0,-1.0,-11472089.307874287,3557083.342867693,2817280.2207672345,-5097725.74423936,196036460118094.8,1529.268881,196036460118094.8,1529.268881,196036460118094.8,1529.268881,196036460118094.8,1529.268881,196036459004385.9,1529.2688896879777,196036461231803.72,1529.2688723120225
0.0032049999999999535,0.0,0.0,0.0012369982959288069,0.0,0.0,1.6401853598339315,0.0,0.0,-1.8302713281443557e-21,66806822.5049927,0.0,0.0,-0.0002559161349224159,0.0,0.0,-1.0,-11426519.10371396,3581809.1579345223,2845161.7010575677,-4999548.24472187,196036460118094.8,1529.268881,196036460118094.8,1529.268881,196036460118094.8,1529.268881,196036460118094.8,1529.268881,196036459045565.72,1529.2688893667364,196036461190623.88,1529.2688726332642
0.0032099999999999533,0.0,0.0,0.0012448819180893112,0.0,0.0,1.5767244321008456,0.0,0.0,-1.842050602891322e-21,66708363.641189955,0.0,0.0,-0.0002576150451806691,0.0,0.0,-1.0,-11382813.90616819,3605587.1519377716,2871940.847043488,-4905285.907186932,196036460118094.8,1529.268881,196036460118094.8,1529.268881,196036460118094.8,1529.268881,196036460118094.8,1529.268881,196036459087063.28,1529.2688890430163,196036461149126.3,1529.268872956984
0.003214999999999953,0.0,0.0,0.0012524461950772798,0.0,0.0,1.5128553975937222,0.0,0.0,-1.851560427862064e-21,66615062.6621483,0.0,0.0,-0.00025924559721716164,0.0,0.0,-1.0,-11340975.961909942,3628408.4024172244,2897611.271565117,-4814956.2879276015,196036460118094.8,1529.268881,196036460118094.8,1529.268881,196036460118094.8,1529.268881,196036460118094.8,1529.268881,196036459128827.7,1529.2688887172146,196036461107361.94,1529.2688732827855
0.003219999999999953,0.0,0.0,0.0012596894794975743,0.0,0.0,1.4486568840589138,0.0,0.0,-1.858784278208094e-21,66526924.50259883,0.0,0.0,-0.0002608072449585574,0.0,0.0,-1.0,-11301004.792916328,3650265.2665156713,2922168.3404411417,-4728571.185959515,196036460118094.8,1529.268881,196036460118094.8,1529.268881,196036460118094.8,1529.268881,196036460118094.8,1529.268881,196036459170807.6,1529.268888389732,196036461065382.06,1529.2688736102682
0.0032249999999999527,0.0,0.0,0.0012666105199564018,0.0,0.0,1.3842080917655082,0.0,0.0,-1.863714006753128e-21,66443941.413427696,0.0,0.0,-0.00026229953537766415,0.0,0.0,-1.0,-11262897.326022997,3671151.403652257,2945609.1218998795,-4646136.800470862,196036460118094.8,1529.268881,196036460118094.8,1529.268881,196036460118094.8,1529.268881,196036460118094.8,1529.268881,196036459212951.12,1529.2688880609728,196036461023238.53,1529.2688739390273
0.0032299999999999525,0.0,0.0,0.001273208462472657,0.0,0.0,1.3195885032510608,0.0,0.0,-1.8663502695317296e-21,66366095.52238674,0.0,0.0,-0.0002637221093650065,0.0,0.0,-1.0,-11226648.021577168,3691061.7877210337,2967932.3320095763,-4567653.901846559,196036460118094.8,1529.268881,196036460118094.8,1529.268881,196036460118094.8,1529.268881,196036460118094.8,1529.268881,196036459255206.3,1529.2688877313424,196036460980983.3,1529.2688742686578
0.0032349999999999523,0.0,0.0,0.0012794828503642772,0.0,0.0,1.2548775783240413,0.0,0.0,-1.8667028436384552e-21,66293360.93537014,0.0,0.0,-0.00026507470248473576,0.0,0.0,-1.0,-11192249.006156,3709992.7176707,2989138.2781930394,-4493118.01029226,196036460118094.8,1529.268881,196036460118094.8,1529.268881,196036460118094.8,1529.268881,196036460118094.8,1529.268881,196036459297521.28,1529.2688874012458,196036460938668.34,1529.2688745987543
0.003239999999999952,0.0,0.0,0.0012854336225545473,0.0,0.0,1.1901544380540234,0.0,0.0,-1.8647908260405914e-21,66225705.39381709,0.0,0.0,-0.0002663571452734085,0.0,0.0,-1.0,-11159690.205947487,3727941.821686309,3009228.800023427,-4422519.584237751,196036460118094.8,1529.268881,196036460118094.8,1529.268881,196036460118094.8,1529.268881,196036460118094.8,1529.268881,196036459339844.22,1529.2688870710872,196036460896345.44,1529.2688749289127
0.003244999999999952,0.0,0.0,0.001291061110263916,0.0,0.0,1.1254975418737758,0.0,0.0,-1.8606423678642826e-21,66163093.065010056,0.0,0.0,-0.0002675693436541934,0.0,0.0,-1.0,-11128959.884357793,3744907.783065981,3028207.345896604,-4355844.7553952085,196036460118094.8,1529.268881,196036460118094.8,1529.268881,196036460118094.8,1529.268881,196036460118094.8,1529.268881,196036459382123.8,1529.2688867412667,196036460854065.84,1529.2688752587335
0.0032499999999999517,0.0,0.0,0.0012963660321333526,0.0,0.0,1.0609843738873204,0.0,0.0,-1.854295621269578e-21,66105480.873247795,0.0,0.0,-0.0002687113354174156,0.0,0.0,-1.0,-11100043.57223705,3760891.1307241316,3046078.497379911,-4293073.944133007,196036460118094.8,1529.268881,196036460118094.8,1529.268881,196036460118094.8,1529.268881,196036460118094.8,1529.268881,196036459424309.44,1529.268886412179,196036460811880.16,1529.2688755878216
0.0032549999999999515,0.0,0.0,0.0013013494876152145,0.0,0.0,0.9966910963723954,0.0,0.0,-1.845797546914696e-21,66052823.512656994,0.0,0.0,-0.0002697832337957397,0.0,0.0,-1.0,-11072925.373852096,3775893.4494682015,3062848.304896128,-4234183.619487768,196036460118094.8,1529.268881,196036460118094.8,1529.268881,196036460118094.8,1529.268881,196036460118094.8,1529.268881,196036459466351.28,1529.268886084213,196036460769838.34,1529.2688759157872
0.0032599999999999513,0.0,0.0,0.0013060129488382131,0.0,0.0,0.9326922445997167,0.0,0.0,-1.8352038953046684e-21,66005072.44163052,0.0,0.0,-0.00027078524261128344,0.0,0.0,-1.0,-11047587.73494136,3789917.5919980723,3078524.0957207424,-4179146.047222544,196036460118094.8,1529.268881,196036460118094.8,1529.268881,196036460118094.8,1529.268881,196036460118094.8,1529.268881,196036459508200.6,1529.2688857577489,196036460727989.03,1529.2688762422513
0.003264999999999951,0.0,0.0,0.0013103582509497054,0.0,0.0,0.8690604222984372,0.0,0.0,-1.8225787657261906e-21,65962175.99404717,0.0,0.0,-0.00027171765539727,0.0,0.0,-1.0,-11024011.560842054,3802967.6666126894,3093114.4011706305,-4127929.4930587336,196036460118094.8,1529.268881,196036460118094.8,1529.268881,196036460118094.8,1529.268881,196036460118094.8,1529.268881,196036459549809.9,1529.2688854331573,196036460686379.72,1529.2688765668431
0.003269999999999951,0.0,0.0,0.0013143875810117196,0.0,0.0,0.8058660124028237,0.0,0.0,-1.8079940433298497e-21,65924079.4120151,0.0,0.0,-0.00027258085300858447,0.0,0.0,-1.0,-11002176.34151476,3815049.003767343,3106628.8858728656,-4080498.451874552,196036460118094.8,1529.268881,196036460118094.8,1529.268881,196036460118094.8,1529.268881,196036460118094.8,1529.268881,196036459591133.2,1529.2688851107969,196036460645056.44,1529.2688768892035
0.0032749999999999507,0.0,0.0,0.001318103465548229,0.0,0.0,0.7431769073018825,0.0,0.0,-1.79152857325765e-21,65890725.424404465,0.0,0.0,-0.0002733753165172237,0.0,0.0,-1.0,-10982060.604085946,3826168.3365587327,3119078.3894318747,-4036813.8780953386,196036460118094.8,1529.268881,196036460118094.8,1529.268881,196036460118094.8,1529.268881,196036460118094.8,1529.268881,196036459632126.03,1529.268884791014,196036460604063.56,1529.2688772089866
0.0032799999999999505,0.0,0.0,0.0013215087568867404,0.0,0.0,0.6810582677022999,0.0,0.0,-1.7732677487788417e-21,65862053.01031832,0.0,0.0,-0.0002741015947038891,0.0,0.0,-1.0,-10963641.410524517,3836333.3457364268,3130474.6421216005,-3996833.4226664915,196036460118094.8,1529.268881,196036460118094.8,1529.268881,196036460118094.8,1529.268881,196036460118094.8,1529.268881,196036459672745.88,1529.268884474141,196036460563443.75,1529.2688775258591
0.0032849999999999503,0.0,0.0,0.001324606618365545,0.0,0.0,0.6195722957609048,0.0,0.0,-1.753302724618155e-21,65837997.03913317,0.0,0.0,-0.00027476029553831163,0.0,0.0,-1.0,-10946894.364974687,3845552.5404612487,3140830.1561828563,-3960511.668330582,196036460118094.8,1529.268881,196036460118094.8,1529.268881,196036460118094.8,1529.268881,196036460118094.8,1529.268881,196036459712952.0,1529.2688841604952,196036460523237.6,1529.2688778395052
0.00328999999999995,0.0,0.0,0.0013274005085429064,0.0,0.0,0.5587780354722913,0.0,0.0,-1.7317291799753287e-21,65818489.686038196,0.0,0.0,-0.00027535211929461626,0.0,0.0,-1.0,-10931794.503423534,3853835.7217888264,3150158.420888434,-3927800.3607462747,196036460118094.8,1529.268881,196036460118094.8,1529.268881,196036460118094.8,1529.268881,196036460118094.8,1529.268881,196036459752705.8,1529.2688838503782,196036460483483.8,1529.2688781496222
0.00329499999999995,0.0,0.0,0.0013298941646224718,0.0,0.0,0.4987312159130827,0.0,0.0,-1.70864663563983e-21,65803459.693863794,0.0,0.0,-0.00027587783699854697,0.0,0.0,-1.0,-10918316.02961191,3861193.681016361,3158473.7050000476,-3898648.643595501,196036460118094.8,1529.268881,196036460118094.8,1529.268881,196036460118094.8,1529.268881,196036460118094.8,1529.268881,196036459791970.84,1529.268883544074,196036460444218.78,1529.2688784559261
0.0032999999999999497,0.0,0.0,0.0013320915852131996,0.0,0.0,0.4394841181455539,0.0,0.0,-1.6841575678080035e-21,65792832.38048617,0.0,0.0,-0.00027633828647710196,0.0,0.0,-1.0,-10906432.420270404,3867638.144393218,3165790.9884300013,-3873003.287447184,196036460118094.8,1529.268881,196036460118094.8,1529.268881,196036460118094.8,1529.268881,196036460118094.8,1529.268881,196036459830712.97,1529.268883241849,196036460405476.66,1529.2688787581512
0.0033049999999999495,0.0,0.0,0.00133399701257732,0.0,0.0,0.3810854728240978,0.0,0.0,-1.6583665313357588e-21,65786529.700775385,0.0,0.0,-0.0002767343683229176,0.0,0.0,-1.0,-10896116.526309399,3873181.716638338,3172125.8956667716,-3850808.91400429,196036460118094.8,1529.268881,196036460118094.8,1529.268881,196036460118094.8,1529.268881,196036460118094.8,1529.268881,196036459868900.28,1529.2688829439521,196036460367289.34,1529.2688790560483
0.0033099999999999493,0.0,0.0,0.001335614914518208,0.0,0.0,0.3235803881776296,0.0,0.0,-1.6313793083129211e-21,65784470.362344146,0.0,0.0,-0.0002770670414021479,0.0,0.0,-1.0,-10887340.666236583,3877837.818068389,3177494.6300443136,-3832008.218123881,196036460118094.8,1529.268881,196036460118094.8,1529.268881,196036460118094.8,1529.268881,196036460118094.8,1529.268881,196036459906503.25,1529.2688826506133,196036460329686.38,1529.2688793493867
0.003314999999999949,0.0,0.0,0.0013369499660556613,0.0,0.0,0.26701030749062926,0.0,0.0,-1.6033020966687526e-21,65786569.98140186,0.0,0.0,-0.0002773373184516122,0.0,0.0,-1.0,-10880076.71154866,3881620.6229753327,3181913.9090887816,-3816542.179484545,196036460118094.8,1529.268881,196036460118094.8,1529.268881,196036460118094.8,1529.268881,196036460118094.8,1529.268881,196036459943494.84,1529.2688823620442,196036460292694.78,1529.268879637956
0.003319999999999949,0.0,0.0,0.0013380070310291408,0.0,0.0,0.2114129946958979,0.0,0.0,-1.5742407434101901e-21,65792741.31042588,0.0,0.0,-0.00027754626170184475,0.0,0.0,-1.0,-10874296.175291924,3884544.9983665077,3185400.905088802,-3804350.2718366142,196036460118094.8,1529.268881,196036460118094.8,1529.268881,196036460118094.8,1529.268881,196036460118094.8,1529.268881,196036459979850.34,1529.268882078437,196036460256339.3,1529.268879921563
0.0033249999999999487,0.0,0.0,0.0013387911437618043,0.0,0.0,0.15682254653267233,0.0,0.0,-1.5442998156727287e-21,65802895.819654435,0.0,0.0,-0.0002776949628431083,0.0,0.0,-1.0,-10869970.614308393,3886626.223568406,3187973.2973630438,-3795371.0933769424,196036460118094.8,1529.268881,196036460118094.8,1529.268881,196036460118094.8,1529.268881,196036460118094.8,1529.268881,196036460015547.4,1529.2688817999663,196036460220642.22,1529.268880200034
0.0033299999999999485,0.0,0.0,0.0013393074909462508,0.0,0.0,0.10326943688927076,0.0,0.0,-1.5135826296688515e-21,65816940.035337225,0.0,0.0,-0.00027778458429921746,0.0,0.0,-1.0,-10867070.735657616,3887880.5678962325,3189648.8855120162,-3789541.2822493664,196036460118094.8,1529.268881,196036460118094.8,1529.268881,196036460118094.8,1529.268881,196036460118094.8,1529.268881,196036460050566.2,1529.268881526787,196036460185623.44,1529.2688804732134
0.0033349999999999482,0.0,0.0,0.0013395613937469647,0.0,0.0,0.0507805601427862,0.0,0.0,-1.4821900248353162e-21,65834779.59848986,0.0,0.0,-0.00027781631126337896,0.0,0.0,-1.0,-10865567.385366414,3888324.6193462186,3190445.851411985,-3786796.91460821,196036460118094.8,1529.268881,196036460118094.8,1529.268881,196036460118094.8,1529.268881,196036460118094.8,1529.268881,196036460084889.03,1529.2688812590363,196036460151300.56,1529.268880740964
0.003339999999999948,0.0,0.0,0.0013395582903318142,0.0,0.0,-0.0006206830301168854,0.0,0.0,-1.4502200456387653e-21,65856318.52397977,0.0,0.0,-0.0002777913595578945,0.0,0.0,-1.0,-10865431.352370648,3887975.3946002396,3190382.6203350527,-3787073.337435355,196036460118094.8,1529.268881,196036460118094.8,1529.268881,196036460118094.8,1529.268881,196036460118094.8,1529.268881,196036460118500.7,1529.2688809968338,196036460117688.94,1529.2688810031661
0.003344999999999948,0.0,0.0,0.0013393037188877232,0.0,0.0,-0.05091428881818834,0.0,0.0,-1.4177675269864137e-21,65881459.39346413,0.0,0.0,-0.0002777109725440701,0.0,0.0,-1.0,-10866633.396444386,3886850.295776819,3189477.8034414733,-3790305.297226094,196036460118094.8,1529.268881,196036460118094.8,1529.268881,196036460118094.8,1529.268881,196036460118094.8,1529.268881,196036460151388.03,1529.2688807402817,196036460084801.6,1529.2688812597185
0.0033499999999999476,0.0,0.0,0.0013388033011923401,0.0,0.0,-0.10008353907664566,0.0,0.0,-1.3849237284458381e-21,65910103.65748175,0.0,0.0,-0.00027757641714771955,0.0,0.0,-1.0,-10869144.303533595,3884967.0548039754,3187750.1543153147,-3796427.0944143045,196036460118094.8,1529.268881,196036460118094.8,1529.268881,196036460118094.8,1529.268881,196036460118094.8,1529.268881,196036460183540.16,1529.268880489465,196036460052649.47,1529.2688815105353
0.0033549999999999474,0.0,0.0,0.0013380627268050635,0.0,0.0,-0.14811487745534346,0.0,0.0,-1.3517760382386088e-21,65942151.89478953,0.0,0.0,-0.00027738897981295705,0.0,0.0,-1.0,-10872934.92837093,3882343.6767883818,3185218.5256798114,-3805372.7259027376,196036460118094.8,1529.268881,196036460118094.8,1529.268881,196036460118094.8,1529.268881,196036460118094.8,1529.268881,196036460214948.22,1529.2688802444522,196036460021241.44,1529.2688817555477
0.0033599999999999472,0.0,0.0,0.0013370877379287062,0.0,0.0,-0.1949977752714554,0.0,0.0,-1.3184077394929117e-21,65977504.05217368,0.0,0.0,-0.00027714996279765234,0.0,0.0,-1.0,-10877976.236691171,3878998.388166466,3181901.830455529,-3817076.018069176,196036460118094.8,1529.268881,196036460118094.8,1529.268881,196036460118094.8,1529.268881,196036460118094.8,1529.268881,196036460245605.28,1529.2688800052986,196036459990584.34,1529.2688819947018
0.003364999999999947,0.0,0.0,0.0013358841149822877,0.0,0.0,-0.24072458928370452,0.0,0.0,-1.2848977600291014e-21,66016060.51084162,0.0,0.0,-0.0002768606979506131,0.0,0.0,-1.0,-10884239.716005603,3874949.8295302247,3177819.1333612693,-3831470.753114109,196036460118094.8,1529.268881,196036460118094.8,1529.268881,196036460118094.8,1529.268881,196036460118094.8,1529.268881,196036460275506.38,1529.2688797720418,196036459960683.25,1529.2688822279586
0.003369999999999947,0.0,0.0,0.0013344576629282995,0.0,0.0,-0.2852904107976207,0.0,0.0,-1.2513207657996272e-21,66057719.97920282,0.0,0.0,-0.0002765224965698049,0.0,0.0,-1.0,-10891696.416205872,3870216.3538415097,3172989.277550226,-3848490.784814137,196036460118094.8,1529.268881,196036460118094.8,1529.268881,196036460118094.8,1529.268881,196036460118094.8,1529.268881,196036460304648.28,1529.2688795447075,196036459931541.34,1529.268882455293
0.0033749999999999466,0.0,0.0,0.0013328141983382589,0.0,0.0,-0.3286929180081339,0.0,0.0,-1.2177469195347297e-21,66102381.28114818,0.0,0.0,-0.00027613668037436575,0.0,0.0,-1.0,-10900317.706613054,3864816.4599171886,3167431.10290664,-3868070.143789226,196036460118094.8,1529.268881,196036460118094.8,1529.268881,196036460118094.8,1529.268881,196036460118094.8,1529.268881,196036460333029.5,1529.2688793233071,196036459903160.12,1529.268882676693
0.0033799999999999464,0.0,0.0,0.001330959537238358,0.0,0.0,-0.370932219980165,0.0,0.0,-1.1842418602608024e-21,66149943.51842993,0.0,0.0,-0.0002757045798742031,0.0,0.0,-1.0,-10910075.330837186,3858768.769609972,3161163.4277207525,-3890143.133506463,196036460118094.8,1529.268881,196036460118094.8,1529.268881,196036460118094.8,1529.268881,196036460118094.8,1529.268881,196036460360650.1,1529.2688791078406,196036459875539.53,1529.2688828921596
0.003384999999999946,0.0,0.0,0.00132889948373876,0.0,0.0,-0.41201069991960615,0.0,0.0,-1.1508667482804103e-21,66200305.81561048,0.0,0.0,-0.0002752275249183651,0.0,0.0,-1.0,-10920941.292168198,3852091.895523167,3154204.9759800355,-3914644.420664996,196036460118094.8,1529.268881,196036460118094.8,1529.268881,196036460118094.8,1529.268881,196036460118094.8,1529.268881,196036460387511.6,1529.2688788982957,196036459848678.03,1529.2688831017044
0.003389999999999946,0.0,0.0,0.0013266398194387466,0.0,0.0,-0.4519328600026861,0.0,0.0,-1.1176783156564349e-21,66253367.34274339,0.0,0.0,-0.0002747068418589459,0.0,0.0,-1.0,-10932887.870735185,3844804.40131662,3146574.3531698906,-3941509.116248675,196036460118094.8,1529.268881,196036460118094.8,1529.268881,196036460118094.8,1529.268881,196036460118094.8,1529.268881,196036460413616.97,1529.2688786946492,196036459822572.62,1529.2688833053514
0.003394999999999946,0.0,0.0,0.0013241862935989745,0.0,0.0,-0.4907051679544188,0.0,0.0,-1.084728946199483e-21,66309027.32811626,0.0,0.0,-0.00027414385125534125,0.0,0.0,-1.0,-10945887.64404774,3836924.7695754115,3138290.026446556,-3970672.8480257727,196036460118094.8,1529.268881,196036460118094.8,1529.268881,196036460118094.8,1529.268881,196036460118094.8,1529.268881,196036460438970.47,1529.268878496868,196036459797219.16,1529.2688835031322
0.0033999999999999456,0.0,0.0,0.001321544614066983,0.0,0.0,-0.5283359063983089,0.0,0.0,-1.0520667823653263e-21,66367185.03219557,0.0,0.0,-0.00027353986524343847,0.0,0.0,-1.0,-10959913.494756741,3828471.364988969,3129370.3033689125,-4002071.8263988597,196036460118094.8,1529.268881,196036460118094.8,1529.268881,196036460118094.8,1529.268881,196036460118094.8,1529.268881,196036460463577.5,1529.26887830491,196036459772612.16,1529.26888369509
0.0034049999999999454,0.0,0.0,0.0013187204389374348,0.0,0.0,-0.5648350259096439,0.0,0.0,-1.0197358516412513e-21,66427739.73966325,0.0,0.0,-0.0002728961855392511,0.0,0.0,-1.0,-10974938.626894137,3819462.406409886,3119833.3163401224,-4035642.9041441274,196036460118094.8,1529.268881,196036460118094.8,1529.268881,196036460118094.8,1529.268881,196036460118094.8,1529.268881,196036460487444.53,1529.2688781187246,196036459748745.1,1529.2688838812755
0.003409999999999945,0.0,0.0,0.001315719368925197,0.0,0.0,-0.6002140024475905,0.0,0.0,-9.87776211172014e-22,66490590.74063852,0.0,0.0,-0.00027221410145872603,0.0,0.0,-1.0,-10990936.5757847,3809915.9391390886,3109697.0074208765,-4071323.6292247344,196036460118094.8,1529.268881,196036460118094.8,1529.268881,196036460118094.8,1529.268881,196036460118094.8,1529.268881,196036460510579.12,1529.2688779382531,196036459725610.53,1529.2688840617468
0.003414999999999945,0.0,0.0,0.001312546940426207,0.0,0.0,-0.634485699798026,0.0,0.0,-9.562241067204603e-22,66555637.30858527,0.0,0.0,-0.0002714948879913387,0.0,0.0,-1.0,-11007881.212128084,3799849.8079638164,3098979.113482762,-4109052.2906815056,196036460118094.8,1529.268881,196036460118094.8,1529.268881,196036460118094.8,1529.268881,196036460118094.8,1529.268881,196036460532989.6,1529.2688777634303,196036459703200.03,1529.2688842365699
0.003419999999999945,0.0,0.0,0.0013092086192385882,0.0,0.0,-0.6676642375237464,0.0,0.0,-9.251121402779702e-22,66622778.713057,0.0,0.0,-0.00027073980422411654,0.0,0.0,-1.0,-11025746.752151124,3789281.635100218,3087697.1556264097,-4148767.9614244965,196036460118094.8,1529.268881,196036460118094.8,1529.268881,196036460118094.8,1529.268881,196036460118094.8,1529.268881,196036460554685.28,1529.2688775941836,196036459681504.34,1529.2688844058166
0.0034249999999999446,0.0,0.0,0.0013057097949149795,0.0,0.0,-0.6997648647217348,0.0,0.0,-8.944694466199008e-22,66691914.23263005,0.0,0.0,-0.00026995009182970023,0.0,0.0,-1.0,-11044507.759901172,3778228.7990322136,3075868.427850776,-4190410.5330181825,196036460118094.8,1529.268881,196036460118094.8,1529.268881,196036460118094.8,1529.268881,196036460118094.8,1529.268881,196036460575676.16,1529.268877430435,196036459660513.5,1529.268884569565
0.0034299999999999444,0.0,0.0,0.0013020557757154926,0.0,0.0,-0.7308038398974009,0.0,0.0,-8.643218740842503e-22,66762943.197454326,0.0,0.0,-0.00026912697382946917,0.0,0.0,-1.0,-11064139.15115245,3766708.417200165,3063509.988074313,-4233920.745877973,196036460118094.8,1529.268881,196036460118094.8,1529.268881,196036460118094.8,1529.268881,196036460118094.8,1529.268881,196036460595972.72,1529.2688772721028,196036459640216.88,1529.2688847278976
0.003434999999999944,0.0,0.0,0.0012982517841299821,0.0,0.0,-0.7607983171021078,0.0,0.0,-8.346921655462989e-22,66835765.06751912,0.0,0.0,-0.00026827165315802316,0.0,0.0,-1.0,-11084616.197646668,3754737.325909321,3050638.6508944277,-4279240.220842919,196036460118094.8,1529.268881,196036460118094.8,1529.268881,196036460118094.8,1529.268881,196036460118094.8,1529.268881,196036460615586.34,1529.2688771190979,196036459620603.28,1529.2688848809023
0.003439999999999944,0.0,0.0,0.0012943029529382782,0.0,0.0,-0.7897662383407775,0.0,0.0,-8.056000887179311e-22,66910279.95729479,0.0,0.0,-0.0002673853066482173,0.0,0.0,-1.0,-11105914.637519242,3742331.996144208,3037271.0181444087,-4326311.623230625,196036460118094.8,1529.268881,196036460118094.8,1529.268881,196036460118094.8,1529.268881,196036460118094.8,1529.268881,196036460634528.7,1529.2688769713297,196036459601660.94,1529.2688850286704
0.0034449999999999438,0.0,0.0,0.0012902143217858088,0.0,0.0,-0.8177262304938703,0.0,0.0,-7.77062748470832e-22,66986387.712297276,0.0,0.0,-0.0002664690963185497,0.0,0.0,-1.0,-11128010.415861351,3729508.6915472057,3023423.384197781,-4375078.340116365,196036460118094.8,1529.268881,196036460118094.8,1529.268881,196036460118094.8,1529.268881,196036460118094.8,1529.268881,196036460652811.9,1529.2688768287035,196036459583377.72,1529.2688851712967
0.0034499999999999436,0.0,0.0,0.0012859908342205079,0.0,0.0,-0.8446975130601656,0.0,0.0,-7.490947042506761e-22,67063988.49847359,0.0,0.0,-0.0002655241633090064,0.0,0.0,-1.0,-11150879.79490935,3716283.3835444767,3009111.7689121654,-4425484.6424527075,196036460118094.8,1529.268881,196036460118094.8,1529.268881,196036460118094.8,1529.268881,196036460118094.8,1529.268881,196036460670448.66,1529.2688766911203,196036459565741.0,1529.2688853088796
0.0034549999999999434,0.0,0.0,0.0012816373351706705,0.0,0.0,-0.8706998099674959,0.0,0.0,-7.217080872189165e-22,67142983.4277814,0.0,0.0,-0.0002645516217105437,0.0,0.0,-1.0,-11174499.471294094,3702671.66498323,2994351.954021811,-4477475.852289054,196036460118094.8,1529.268881,196036460118094.8,1529.268881,196036460118094.8,1529.268881,196036460118094.8,1529.268881,196036460687451.72,1529.2688765584805,196036459548737.88,1529.26888544152
0.003459999999999943,0.0,0.0,0.0012771585688434604,0.0,0.0,-0.8957532654419946,0.0,0.0,-6.949128079522593e-22,67223274.42945711,0.0,0.0,-0.0002635525617007337,0.0,0.0,-1.0,-11198846.500676082,3688688.7940183,2979159.4545684513,-4530998.252089332,196036460118094.8,1529.268881,196036460118094.8,1529.268881,196036460118094.8,1529.268881,196036460118094.8,1529.268881,196036460703834.34,1529.2688764306806,196036459532355.28,1529.2688855693198
0.003464999999999943,0.0,0.0,0.0012725591770080937,0.0,0.0,-0.9198783670733368,0.0,0.0,-6.687167197935437e-22,67304764.41520506,0.0,0.0,-0.00026252804893934866,0.0,0.0,-1.0,-11223898.289874425,3674349.685652733,2963549.5142177297,-4585999.090003964,196036460118094.8,1529.268881,196036460118094.8,1529.268881,196036460118094.8,1529.268881,196036460118094.8,1529.268881,196036460719609.94,1529.268876307616,196036459516579.7,1529.2688856923842
0.0034699999999999427,0.0,0.0,0.0012678436976353963,0.0,0.0,-0.9430958745394608,0.0,0.0,-6.431257744760562e-22,67387357.47704846,0.0,0.0,-0.0002614791244036571,0.0,0.0,-1.0,-11249632.59991892,3659668.90943258,2947537.1050848775,-4642426.585401463,196036460118094.8,1529.268881,196036460118094.8,1529.268881,196036460118094.8,1529.268881,196036460118094.8,1529.268881,196036460734792.03,1529.2688761891816,196036459501397.6,1529.2688858108188
0.0034749999999999425,0.0,0.0,0.001263016563866781,0.0,0.0,-0.9654267537230776,0.0,0.0,-6.181441698994994e-22,67470959.07644367,0.0,0.0,-0.0002604068038760548,0.0,0.0,-1.0,-11276027.543718178,3644660.6822757763,2931136.926332847,-4700229.935109555,196036460118094.8,1529.268881,196036460118094.8,1529.268881,196036460118094.8,1529.268881,196036460118094.8,1529.268881,196036460749394.38,1529.2688760752694,196036459486795.25,1529.268885924731
0.0034799999999999423,0.0,0.0,0.0012580821032870408,0.0,0.0,-0.9868921159480515,0.0,0.0,-5.937744928257965e-22,67555476.21987972,0.0,0.0,-0.0002593120779776826,0.0,0.0,-1.0,-11303061.583756957,3629338.8689426454,2914363.4033403955,-4759359.311473915,196036460118094.8,1529.268881,196036460118094.8,1529.268881,196036460118094.8,1529.268881,196036460118094.8,1529.268881,196036460763430.75,1529.2688759657726,196036459472758.9,1529.2688860342275
0.003484999999999942,0.0,0.0,0.0012530445374762426,0.0,0.0,-1.0075131621596443,0.0,0.0,-5.700178519363044e-22,67640817.63120441,0.0,0.0,-0.0002581959117897068,0.0,0.0,-1.0,-11330713.52890866,3613716.976735338,2897230.687051932,-4819765.865121391,196036460118094.8,1529.268881,196036460118094.8,1529.268881,196036460118094.8,1529.268881,196036460118094.8,1529.268881,196036460776914.97,1529.268875860583,196036459459274.66,1529.2688861394172
0.003489999999999942,0.0,0.0,0.0012479079818176692,0.0,0.0,-1.0273111317146824,0.0,0.0,-5.468740045879357e-22,67726893.91272461,0.0,0.0,-0.00025705924488974186,0.0,0.0,-1.0,-11358962.534170462,3597808.1560076037,2879752.6547668027,-4881401.723396056,196036460118094.8,1529.268881,196036460118094.8,1529.268881,196036460118094.8,1529.268881,196036460118094.8,1529.268881,196036460789861.0,1529.2688757595915,196036459446328.62,1529.2688862404086
0.0034949999999999417,0.0,0.0,0.0012426764455398525,0.0,0.0,-1.046307255563338,0.0,0.0,-5.243414766646497e-22,67813617.68299457,0.0,0.0,-0.00025590299143987515,0.0,0.0,-1.0,-11387788.098170176,3581625.2013967833,2861942.910528376,-4944219.986245017,196036460118094.8,1529.268881,196036460118094.8,1529.268881,196036460118094.8,1529.268881,196036460118094.8,1529.268881,196036460802282.72,1529.2688756626906,196036459433906.9,1529.2688863373096
0.0034999999999999415,0.0,0.0,0.0012373538319719359,0.0,0.0,-1.0645227135833062,0.0,0.0,-5.024176741723154e-22,67900903.6978367,0.0,0.0,-0.00025472804008050393,0.0,0.0,-1.0,-11417170.05989334,3565180.5503379544,2843814.785565805,-5008174.723989581,196036460118094.8,1529.268881,196036460118094.8,1529.268881,196036460118094.8,1529.268881,196036460118094.8,1529.268881,196036460814193.94,1529.268875569772,196036459421995.7,1529.2688864302286
0.0035049999999999413,0.0,0.0,0.0012319439389930343,0.0,0.0,-1.0819785957803163,0.0,0.0,-4.810989884665868e-22,67988668.95761283,0.0,0.0,-0.0002535352541458852,0.0,0.0,-1.0,-11447088.599570995,3548486.286080767,2825381.3404583028,-5073220.973031926,196036460118094.8,1529.268881,196036460118094.8,1529.268881,196036460118094.8,1529.268881,196036460118094.8,1529.268881,196036460825608.47,1529.2688754807277,196036459410581.16,1529.2688865192724
0.003509999999999941,0.0,0.0,0.0012264504596573623,0.0,0.0,-1.0986958671343863,0.0,0.0,-4.603808953044033e-22,68076832.77277885,0.0,0.0,-0.00025232547174835546,0.0,0.0,-1.0,-11477524.231508859,3531554.1388681903,2806655.364752019,-5139314.727888649,196036460118094.8,1529.268881,196036460118094.8,1529.268881,196036460118094.8,1529.268881,196036460118094.8,1529.268881,196036460836540.0,1529.2688753954515,196036459399649.62,1529.2688866045487
0.003514999999999941,0.0,0.0,0.0012208769829779732,0.0,0.0,-1.1146953358778329,0.0,0.0,-4.402580461921927e-22,68165316.83513883,0.0,0.0,-0.0002510995059998619,0.0,0.0,-1.0,-11508457.807112342,3514395.4890370667,2787649.3803210296,-5206412.9377542455,196036460118094.8,1529.268881,196036460118094.8,1529.268881,196036460118094.8,1529.268881,196036460118094.8,1529.268881,196036460847002.2,1529.2688753138366,196036459389187.47,1529.2688866861633
0.0035199999999999407,0.0,0.0,0.0012152269948532825,0.0,0.0,-1.129997624938147,0.0,0.0,-4.2072435484560027e-22,68254045.24413711,0.0,0.0,-0.0002498581452372869,0.0,0.0,-1.0,-11539870.509535411,3497021.370171761,2768375.6420119554,-5274473.497351696,196036460118094.8,1529.268881,196036460118094.8,1529.268881,196036460118094.8,1529.268881,196036460118094.8,1529.268881,196036460857008.47,1529.268875235778,196036459379181.2,1529.2688867642219
0.0035249999999999405,0.0,0.0,0.0012095038791214007,0.0,0.0,-1.1446231463763665,0.0,0.0,-4.017730772345238e-22,68342944.52590959,0.0,0.0,-0.0002486021533337627,0.0,0.0,-1.0,-11571743.85335175,3479442.473461326,2748846.1401898055,-5343455.239700617,196036460118094.8,1529.268881,196036460118094.8,1529.268881,196036460118094.8,1529.268881,196036460118094.8,1529.268881,196036460866572.2,1529.2688751611722,196036459369617.44,1529.2688868388282
0.0035299999999999403,0.0,0.0,0.0012037109187284071,0.0,0.0,-1.1585920785987067,0.0,0.0,-3.833968857383672e-22,68431943.6325932,0.0,0.0,-0.00024733226992448804,0.0,0.0,-1.0,-11604059.683369106,3461669.1508600456,2729072.6031284514,-5413317.929380608,196036460118094.8,1529.268881,196036460118094.8,1529.268881,196036460118094.8,1529.268881,196036460118094.8,1529.268881,196036460875706.6,1529.2688750899154,196036459360483.06,1529.2688869100848
0.00353499999999994,0.0,0.0,0.0011978512969977202,0.0,0.0,-1.1719243461373814,0.0,0.0,-3.6558793905230756e-22,68520973.91105692,0.0,0.0,-0.0002460492107575699,0.0,0.0,-1.0,-11636800.169345064,3443711.4199978146,2709066.4981061495,-5484022.2512411,196036460118094.8,1529.268881,196036460118094.8,1529.268881,196036460118094.8,1529.268881,196036460118094.8,1529.268881,196036460884424.62,1529.2688750219063,196036459351765.0,1529.2688869780939
0.00353999999999994,0.0,0.0,0.0011919280989884532,0.0,0.0,-1.184639601853412,0.0,0.0,-3.4833794609249448e-22,68609969.0753355,0.0,0.0,-0.00024475366803967507,0.0,0.0,-1.0,-11669947.807610359,3425578.9690178954,2688839.0350040207,-5555529.803588443,196036460118094.8,1529.268881,196036460118094.8,1529.268881,196036460118094.8,1529.268881,196036460118094.8,1529.268881,196036460892739.25,1529.2688749570443,196036459343450.4,1529.2688870429556
0.0035449999999999397,0.0,0.0,0.0011859443129316855,0.0,0.0,-1.1967572113535065,0.0,0.0,-3.316382368308294e-22,68698865.3171671,0.0,0.0,-0.00024344631553891534,0.0,0.0,-1.0,-11703485.515480481,3407281.2279970353,2668401.2017595293,-5627803.085723918,196036460118094.8,1529.268881,196036460118094.8,1529.268881,196036460118094.8,1529.268881,196036460118094.8,1529.268881,196036460900663.0,1529.2688748952316,196036459335526.62,1529.2688871047685
0.0035499999999999395,0.0,0.0,0.00117990283173238,0.0,0.0,-1.208296239861092,0.0,0.0,-3.154797886984306e-22,68787600.77999239,0.0,0.0,-0.00024212779600863186,0.0,0.0,-1.0,-11737396.36098573,3388827.1929284115,2647763.67501412,-5700805.493043197,196036460118094.8,1529.268881,196036460118094.8,1529.268881,196036460118094.8,1529.268881,196036460118094.8,1529.268881,196036460908208.47,1529.2688748363698,196036459327981.16,1529.2688871636303
0.0035549999999999393,0.0,0.0,0.0011738064545323693,0.0,0.0,-1.2192754400021255,0.0,0.0,-2.9985329989558117e-22,68876115.86066683,0.0,0.0,-0.00024079873190440464,0.0,0.0,-1.0,-11771663.77304816,3370225.575717186,2626936.8953937697,-5774501.301937204,196036460118094.8,1529.268881,196036460118094.8,1529.268881,196036460118094.8,1529.268881,196036460118094.8,1529.268881,196036460915387.88,1529.2688747803638,196036459320801.75,1529.2688872196363
0.003559999999999939,0.0,0.0,0.0011676578883217153,0.0,0.0,-1.229713242130815,0.0,0.0,-2.847492358254921e-22,68964353.11067738,0.0,0.0,-0.00023945972519534916,0.0,0.0,-1.0,-11806271.530370226,3351484.8015394085,2605931.0670757783,-5848855.66175504,196036460118094.8,1529.268881,196036460118094.8,1529.268881,196036460118094.8,1529.268881,196036460118094.8,1529.268881,196036460922213.22,1529.2688747271197,196036459313976.4,1529.2688872728804
0.003564999999999939,0.0,0.0,0.0011614597495903948,0.0,0.0,-1.2396277462640923,0.0,0.0,-2.7015786952578077e-22,69052257.09446274,0.0,0.0,-0.00023811135628849537,0.0,0.0,-1.0,-11841203.72756551,3332612.993787594,2584756.149623224,-5923834.5841546925,196036460118094.8,1529.268881,196036460118094.8,1529.268881,196036460118094.8,1529.268881,196036460118094.8,1529.268881,196036460928696.38,1529.268874676545,196036459307493.25,1529.2688873234551
0.0035699999999999387,0.0,0.0,0.0011552145660133103,0.0,0.0,-1.2490367154168818,0.0,0.0,-2.5606932213863586e-22,69139774.29937212,0.0,0.0,-0.00023675418451030454,0.0,0.0,-1.0,-11876444.773358893,3313617.980810051,2563421.8608658174,-5999404.931683025,196036460118094.8,1529.268881,196036460118094.8,1529.268881,196036460118094.8,1529.268881,196036460118094.8,1529.268881,196036460934848.97,1529.2688746285492,196036459301340.66,1529.2688873714512
0.0035749999999999385,0.0,0.0,0.0011489247781616128,0.0,0.0,-1.2579575703395043,0.0,0.0,-2.4247359980260807e-22,69226853.0470968,0.0,0.0,-0.00023538874852669582,0.0,0.0,-1.0,-11911979.389806388,3294507.301789575,2541937.68019208,-6075534.407824733,196036460118094.8,1529.268881,196036460118094.8,1529.268881,196036460118094.8,1529.268881,196036460118094.8,1529.268881,196036460940682.38,1529.2688745830428,196036459295507.25,1529.2688874169573
0.0035799999999999383,0.0,0.0,0.0011425927412339466,0.0,0.0,-1.2664073855332425,0.0,0.0,-2.2936062811453615e-22,69313443.39408875,0.0,0.0,-0.0002340155668430121,0.0,0.0,-1.0,-11947792.607903,3275288.2137409947,2520312.850645129,-6152191.543516877,196036460118094.8,1529.268881,196036460118094.8,1529.268881,196036460118094.8,1529.268881,196036460118094.8,1529.268881,196036460946207.75,1529.26887453994,196036459289981.84,1529.2688874600606
0.003584999999999938,0.0,0.0,0.0011362207268016471,0.0,0.0,-1.2744028864598786,0.0,0.0,-2.167202824281386e-22,69399497.05190486,0.0,0.0,-0.00023263513809250214,0.0,0.0,-1.0,-11983869.769527713,3255967.6955487686,2498556.3832655353,-6229345.690713409,196036460118094.8,1529.268881,196036460118094.8,1529.268881,196036460118094.8,1529.268881,196036460118094.8,1529.268881,196036460951436.1,1529.2688744991538,196036459284753.53,1529.2688875008464
0.003589999999999938,0.0,0.0,0.0011298109245626423,0.0,0.0,-1.2819604478009627,0.0,0.0,-2.0454241777106295e-22,69484967.28114226,0.0,0.0,-0.0002312479417302626,0.0,0.0,-1.0,-12020196.520938141,3236552.4576794202,2476677.0585571197,-6306967.004701601,196036460118094.8,1529.268881,196036460118094.8,1529.268881,196036460118094.8,1529.268881,196036460118094.8,1529.268881,196036460956378.06,1529.2688744606019,196036459279811.6,1529.2688875393983
0.0035949999999999377,0.0,0.0,0.0011233654440988743,0.0,0.0,-1.2890960927535915,0.0,0.0,-1.9281689397740986e-22,69569808.81570418,0.0,0.0,-0.00022985443830439317,0.0,0.0,-1.0,-12056758.814529967,3217048.9459766294,2454683.430862842,-6385026.437690496,196036460118094.8,1529.268881,196036460118094.8,1529.268881,196036460118094.8,1529.268881,196036460118094.8,1529.268881,196036460961044.1,1529.2688744242025,196036459275145.53,1529.2688875757979
0.0035999999999999375,0.0,0.0,0.0011168863166328897,0.0,0.0,-1.2958254931969344,0.0,0.0,-1.8153359977432903e-22,69653977.77476582,0.0,0.0,-0.0002284550699485549,0.0,0.0,-1.0,-12093542.905865172,3197463.348555096,2432583.8311478905,-6463495.726162185,196036460118094.8,1529.268881,196036460118094.8,1529.268881,196036460118094.8,1529.268881,196036460118094.8,1529.268881,196036460965444.5,1529.2688743898752,196036459270745.16,1529.268887610125
0.0036049999999999372,0.0,0.0,0.0011103754967794234,0.0,0.0,-1.3021639706932666,0.0,0.0,-1.7068247450203068e-22,69737431.57714169,0.0,0.0,-0.00022705026082322079,0.0,0.0,-1.0,-12130535.3494404,3177801.6019762913,2410386.36939075,-6542347.378073358,196036460118094.8,1529.268881,196036460118094.8,1529.268881,196036460118094.8,1529.268881,196036460118094.8,1529.268881,196036460969589.28,1529.268874357542,196036459266600.34,1529.2688876424584
0.003609999999999937,0.0,0.0,0.0011038348642882158,0.0,0.0,-1.3081264982415182,0.0,0.0,-1.6025352813499507e-22,69820128.8711095,0.0,0.0,-0.0002256404176912674,0.0,0.0,-1.0,-12167723.000745926,3158069.3993044565,2388098.939196384,-6621554.662245085,196036460118094.8,1529.268881,196036460118094.8,1529.268881,196036460118094.8,1529.268881,196036460118094.8,1529.268881,196036460973488.2,1529.2688743271267,196036459262701.44,1529.2688876728735
0.003614999999999937,0.0,0.0,0.0010972662257745934,0.0,0.0,-1.3137277027244805,0.0,0.0,-1.5023685831614897e-22,69902029.45652035,0.0,0.0,-0.00022422593013348866,0.0,0.0,-1.0,-12205093.009359716,3138272.1931229383,2365729.2193448795,-6701091.596891897,196036460118094.8,1529.268881,196036460118094.8,1529.268881,196036460118094.8,1529.268881,196036460118094.8,1529.268881,196036460977150.88,1529.2688742985545,196036459259038.75,1529.2688877014457
0.0036199999999999366,0.0,0.0,0.0010906713164348626,0.0,0.0,-1.3189818679461824,0.0,0.0,-1.406226669794933e-22,69983094.22109923,0.0,0.0,-0.00022280717115701995,0.0,0.0,-1.0,-12242632.819917087,3118415.204049709,2343284.678109061,-6780932.937758317,196036460118094.8,1529.268881,196036460118094.8,1529.268881,196036460118094.8,1529.268881,196036460118094.8,1529.268881,196036460980586.62,1529.2688742717523,196036459255603.0,1529.268887728248
0.0036249999999999364,0.0,0.0,0.0010840518017436367,0.0,0.0,-1.3239029382451781,0.0,0.0,-1.3140127490063386e-22,70063285.07704291,0.0,0.0,-0.0002213844976601918,0.0,0.0,-1.0,-12280330.169693293,3098503.4272434725,2320772.576437446,-6861054.166012374,196036460118094.8,1529.268881,196036460118094.8,1529.268881,196036460118094.8,1529.268881,196036460118094.8,1529.268881,196036460983804.53,1529.2688742466496,196036459252385.1,1529.2688877533508
0.0036299999999999362,0.0,0.0,0.001077409279130577,0.0,0.0,-1.3285045226119516,0.0,0.0,-1.2256313390167673e-22,70142564.90370512,0.0,0.0,-0.00021995825066884416,0.0,0.0,-1.0,-12318173.08428071,3078541.6357111246,2298199.970514374,-6941431.478055211,196036460118094.8,1529.268881,196036460118094.8,1529.268881,196036460118094.8,1529.268881,196036460118094.8,1529.268881,196036460986813.56,1529.2688742231762,196036459249376.06,1529.268887776824
0.003634999999999936,0.0,0.0,0.0010707452796344312,0.0,0.0,-1.3327998992291774,0.0,0.0,-1.1409883921490034e-22,70220897.49301918,0.0,0.0,-0.0002185287559879162,0.0,0.0,-1.0,-12356149.876276376,3058534.3894274207,2275573.715399701,-7022041.771449254,196036460118094.8,1529.268881,196036460118094.8,1529.268881,196036460118094.8,1529.268881,196036460118094.8,1529.268881,196036460989622.34,1529.2688742012654,196036459246567.3,1529.2688877987348
0.003639999999999936,0.0,0.0,0.0010640612695322295,0.0,0.0,-1.3368020204403341,0.0,0.0,-1.0599913881612236e-22,70298247.50648186,0.0,0.0,-0.00021709632438059854,0.0,0.0,-1.0,-12394249.142477361,3038486.0378423957,2252900.468185945,-7102862.63644902,196036460118094.8,1529.268881,196036460118094.8,1529.268881,196036460118094.8,1529.268881,196036460118094.8,1529.268881,196036460992239.34,1529.2688741808502,196036459243950.28,1529.2688878191502
0.0036449999999999356,0.0,0.0,0.001057358651942021,0.0,0.0,-1.3405235180416828,0.0,0.0,-9.825494338026421e-23,70374580.4296581,0.0,0.0,-0.0002156612522260876,0.0,0.0,-1.0,-12432459.762502631,3018400.7290873127,2230186.691683516,-7183872.341731802,196036460118094.8,1529.268881,196036460118094.8,1529.268881,196036460118094.8,1529.268881,196036460118094.8,1529.268881,196036460994672.84,1529.2688741618665,196036459241516.78,1529.2688878381339
0.0036499999999999354,0.0,0.0,0.0010506387683974251,0.0,0.0,-1.3439767089191683,0.0,0.0,-9.08573334705747e-23,70449862.53460854,0.0,0.0,-0.00021422382172851586,0.0,0.0,-1.0,-12470770.894183021,2998282.4128988567,2207438.6570177577,-7265049.824266407,196036460118094.8,1529.268881,196036460118094.8,1529.268881,196036460118094.8,1529.268881,196036460118094.8,1529.268881,196036460996930.9,1529.2688741442514,196036459239258.72,1529.2688878557487
0.003654999999999935,0.0,0.0,0.0010439029003927532,0.0,0.0,-1.3471736009343995,0.0,0.0,-8.379756667547462e-23,70524060.84524125,0.0,0.0,-0.00021278430138208516,0.0,0.0,-1.0,-12509171.970902955,2978134.8471291494,2184662.4469327754,-7346374.67684103,196036460118094.8,1529.268881,196036460118094.8,1529.268881,196036460118094.8,1529.268881,196036460118094.8,1529.268881,196036460999021.38,1529.268874127944,196036459237168.25,1529.2688878720564
0.003659999999999935,0.0,0.0,0.0010371522708974637,0.0,0.0,-1.3501258990578933,0.0,0.0,-7.706708361418392e-23,70597143.11191949,0.0,0.0,-0.00021134294635820878,0.0,0.0,-1.0,-12547652.701102024,2957961.603164206,2161863.959872293,-7427827.138065525,196036460118094.8,1529.268881,196036460118094.8,1529.268881,196036460118094.8,1529.268881,196036460118094.8,1529.268881,196036461000951.94,1529.2688741128839,196036459235237.72,1529.2688878871163
0.003664999999999935,0.0,0.0,0.0010303880458389118,0.0,0.0,-1.3528450117103918,0.0,0.0,-7.065751290768205e-23,70669077.7804932,0.0,0.0,-0.0002098999988747175,0.0,0.0,-1.0,-12586203.062003557,2937766.0710913474,2139048.912087644,-7509388.078824565,196036460118094.8,1529.268881,196036460118094.8,1529.268881,196036460118094.8,1529.268881,196036460118094.8,1529.268881,196036461002729.97,1529.2688740990134,196036459233459.66,1529.2688879009868
0.0036699999999999346,0.0,0.0,0.0010236113355525298,0.0,0.0,-1.355342057276403,0.0,0.0,-6.456067550241273e-23,70739833.97504623,0.0,0.0,-0.00020845568855746058,0.0,0.0,-1.0,-12624813.299157618,2917551.4647601815,2116222.841785561,-7591038.992611875,196036460118094.8,1529.268881,196036460118094.8,1529.268881,196036460118094.8,1529.268881,196036460118094.8,1529.268881,196036461004362.8,1529.2688740862757,196036459231826.8,1529.2688879137245
0.0036749999999999344,0.0,0.0,0.001016823196198692,0.0,0.0,-1.3576278707675415,0.0,0.0,-5.876858821102816e-23,70809381.4771587,0.0,0.0,-0.00020701023280871947,0.0,0.0,-1.0,-12663473.921981767,2897320.8269389295,2093391.111913162,-7672761.9831296755,196036460118094.8,1529.268881,196036460118094.8,1529.268881,196036460118094.8,1529.268881,196036460118094.8,1529.268881,196036461005857.5,1529.2688740746157,196036459230332.12,1529.2688879253847
0.003679999999999934,0.0,0.0,0.0010100246311456494,0.0,0.0,-1.3597130106085442,0.0,0.0,-5.327346649169801e-23,70877690.71366866,0.0,0.0,-0.00020556383710921387,0.0,0.0,-1.0,-12702175.701779872,2877077.033541312,2070558.9138233862,-7754539.754415174,196036460118094.8,1529.268881,196036460118094.8,1529.268881,196036460118094.8,1529.268881,196036460118094.8,1529.268881,196036461007221.0,1529.268874063979,196036459228968.62,1529.2688879360212
0.003684999999999934,0.0,0.0,0.0010032165923180515,0.0,0.0,-1.361607765519575,0.0,0.0,-4.806772696677008e-23,70944732.73949614,0.0,0.0,-0.00020411669546298842,0.0,0.0,-1.0,-12740909.666641358,2856822.799853193,2047731.2698800107,-7836355.596908154,196036460118094.8,1529.268881,196036460118094.8,1529.268881,196036460118094.8,1529.268881,196036460118094.8,1529.268881,196036461008460.0,1529.2688740543138,196036459227729.62,1529.2688879456864
0.003689999999999934,0.0,0.0,0.0009963999815106226,0.0,0.0,-1.3633221614857955,0.0,0.0,-4.314398869494592e-23,71010479.23413189,0.0,0.0,-0.00020266899056590781,0.0,0.0,-1.0,-12779667.099715225,2836560.6828908455,2024913.0372499605,-7918193.379574419,196036460118094.8,1529.268881,196036460118094.8,1529.268881,196036460118094.8,1529.268881,196036460118094.8,1529.268881,196036461009581.06,1529.2688740455683,196036459226608.56,1529.2688879544319
0.0036949999999999336,0.0,0.0,0.0009895756516667676,0.0,0.0,-1.3648659687710076,0.0,0.0,-3.8495074955562014e-23,71074902.49001105,0.0,0.0,-0.00020122089431390164,0.0,0.0,-1.0,-12818439.535527347,2816293.0885143564,2002108.911034664,-8000037.535978326,196036460118094.8,1529.268881,196036460118094.8,1529.268881,196036460118094.8,1529.268881,196036460118094.8,1529.268881,196036461010590.56,1529.2688740376932,196036459225599.06,1529.268887962307
0.0036999999999999334,0.0,0.0,0.000982744408121802,0.0,0.0,-1.3662487089931186,0.0,0.0,-3.4114013503573796e-23,71137975.41040038,0.0,0.0,-0.00019977256796526794,0.0,0.0,-1.0,-12857218.756061232,2796022.2736992342,1979323.4273339051,-8081873.055028093,196036460118094.8,1529.268881,196036460118094.8,1529.268881,196036460118094.8,1529.268881,196036460118094.8,1529.268881,196036461011494.75,1529.2688740306398,196036459224694.88,1529.2688879693603
0.003704999999999933,0.0,0.0,0.0009759070098107598,0.0,0.0,-1.3674796622084366,0.0,0.0,-2.999403704541853e-23,71199671.50637977,0.0,0.0,-0.0001983241624782367,0.0,0.0,-1.0,-12895996.787644727,2775750.3512609564,1956560.9666021147,-8163685.469781658,196036460118094.8,1529.268881,196036460118094.8,1529.268881,196036460118094.8,1529.268881,196036460118094.8,1529.268881,196036461012299.7,1529.2688740243605,196036459223889.97,1529.2688879756395
0.003709999999999933,0.0,0.0,0.0009690641704406975,0.0,0.0,-1.368567874012457,0.0,0.0,-2.6128583322654262e-23,71259964.89297338,0.0,0.0,-0.00019687581887664,0.0,0.0,-1.0,-12934765.896286717,2755479.294972897,1933825.7564789942,-8245460.844834827,196036460118094.8,1529.268881,196036460118094.8,1529.268881,196036460118094.8,1529.268881,196036460118094.8,1529.268881,196036461013011.25,1529.2688740188098,196036459223178.38,1529.2688879811906
0.0037149999999999328,0.0,0.0,0.0009622165596274798,0.0,0.0,-1.369522162643542,0.0,0.0,-2.251129454871781e-23,71318830.296177,0.0,0.0,-0.00019542766839117463,0.0,0.0,-1.0,-12973518.586921945,2735210.9415434436,1911121.8759834657,-8327185.769395038,196036460118094.8,1529.268881,196036460118094.8,1529.268881,196036460118094.8,1529.268881,196036460118094.8,1529.268881,196036461013635.28,1529.2688740139415,196036459222554.34,1529.2688879860586
0.0037199999999999326,0.0,0.0,0.0009553648039971444,0.0,0.0,-1.3703511260670909,0.0,0.0,-1.9136017021915737e-23,71376243.04596227,0.0,0.0,-0.000193979832943039,0.0,0.0,-1.0,-13012247.595945647,2714946.9973849924,1888453.2573910907,-8408847.341169562,196036460118094.8,1529.268881,196036460118094.8,1529.268881,196036460118094.8,1529.268881,196036460118094.8,1529.268881,196036461014177.34,1529.268874009713,196036459222012.28,1529.268887990287
0.0037249999999999324,0.0,0.0,0.0009485094882519129,0.0,0.0,-1.371063149046297,0.0,0.0,-1.599679968199685e-23,71432179.08777817,0.0,0.0,-0.00019253242516439062,0.0,0.0,-1.0,-13050945.889889592,2694689.038900272,1865823.6902450882,-8490433.160744231,196036460118094.8,1529.268881,196036460118094.8,1529.268881,196036460118094.8,1529.268881,196036460118094.8,1529.268881,196036461014642.94,1529.268874006081,196036459221546.7,1529.2688879939192
0.003729999999999932,0.0,0.0,0.0009416511562010984,0.0,0.0,-1.3716664101629,0.0,0.0,-1.3087893351406476e-23,71486614.98248193,0.0,0.0,-0.00019108554882112875,0.0,0.0,-1.0,-13089606.661189388,2674438.5183996195,1843236.824364842,-8571931.318424927,196036460118094.8,1529.268881,196036460118094.8,1529.268881,196036460118094.8,1529.268881,196036460118094.8,1529.268881,196036461015037.44,1529.2688740030035,196036459221152.22,1529.2688879969965
0.003734999999999932,0.0,0.0,0.0009347903117570402,0.0,0.0,-1.3721688888116466,0.0,0.0,-1.0403749085430346e-23,71539527.91123244,0.0,0.0,-0.00018963929902230542,0.0,0.0,-1.0,-13128223.322975129,2654196.7670319034,1820696.172519233,-8653330.383423993,196036460118094.8,1529.268881,196036460118094.8,1529.268881,196036460118094.8,1529.268881,196036460118094.8,1529.268881,196036461015366.0,1529.2688740004405,196036459220823.62,1529.2688879995599
0.0037399999999999317,0.0,0.0,0.0009279274198963522,0.0,0.0,-1.372578372137594,0.0,0.0,-7.939016860282137e-24,71590895.68444295,0.0,0.0,-0.00018819376244609288,0.0,0.0,-1.0,-13166789.50841366,2633964.997947172,1798205.1146789363,-8734619.39578755,196036460118094.8,1529.268881,196036460118094.8,1529.268881,196036460118094.8,1529.268881,196036460118094.8,1529.268881,196036461015633.72,1529.2688739983519,196036459220555.88,1529.2688880016485
0.0037449999999999315,0.0,0.0,0.0009210629075867124,0.0,0.0,-1.3729024619279562,0.0,0.0,-5.688543305184635e-24,71640696.74653293,0.0,0.0,-0.00018674901751266506,0.0,0.0,-1.0,-13205299.062976629,2613744.3087163027,1775766.899818611,-8815787.854441714,196036460118094.8,1529.268881,196036460118094.8,1529.268881,196036460118094.8,1529.268881,196036460118094.8,1529.268881,196036461015845.7,1529.2688739966984,196036459220343.94,1529.2688880033018
0.0037499999999999313,0.0,0.0,0.0009141971646795856,0.0,0.0,-1.3731485814253797,0.0,0.0,-3.647370251636154e-24,71688910.18110013,0.0,0.0,-0.00018530513474585486,0.0,0.0,-1.0,-13243746.041765615,2593535.686392773,1753384.6494710543,-8896825.70590179,196036460118094.8,1529.268881,196036460118094.8,1529.268881,196036460118094.8,1529.268881,196036460118094.8,1529.268881,196036461016006.6,1529.2688739954433,196036459220183.0,1529.2688880045573
0.003754999999999931,0.0,0.0,0.0009073305447691308,0.0,0.0,-1.373323982090954,0.0,0.0,-1.8107325625645232e-24,71735515.72378597,0.0,0.0,-0.00018386217681726666,0.0,0.0,-1.0,-13282124.70781836,2573340.0081300554,1731061.3616196907,-8977723.338068614,196036460118094.8,1529.268881,196036460118094.8,1529.268881,196036460118094.8,1529.268881,196036460118094.8,1529.268881,196036461016121.3,1529.2688739945484,196036459220068.3,1529.268888005452
0.003759999999999931,0.0,0.0,0.0009004633660176707,0.0,0.0,-1.373435750292012,0.0,0.0,-1.7405588234531375e-25,71780493.76410039,0.0,0.0,-0.00018242019889928835,0.0,0.0,-1.0,-13320429.52395798,2553158.0461223847,1708799.9123521468,-9058471.56548345,196036460118094.8,1529.268881,196036460118094.8,1529.268881,196036460118094.8,1529.268881,196036460118094.8,1529.268881,196036461016194.38,1529.2688739939783,196036459219995.22,1529.268888006022
0.0037649999999999307,0.0,0.0,0.0008935959119481108,0.0,0.0,-1.3734908139119772,0.0,0.0,1.2670455310365467e-24,71823825.35893477,0.0,0.0,-0.00018097924872015488,0.0,0.0,-1.0,-13358655.152096668,2532990.4683754314,1686603.0600934073,-9139061.62362783,196036460118094.8,1529.268881,196036460118094.8,1529.268881,196036460118094.8,1529.268881,196036460118094.8,1529.268881,196036461016230.44,1529.268873993697,196036459219959.22,1529.2688880063029
0.0037699999999999305,0.0,0.0,0.0008867284322036853,0.0,0.0,-1.3734959488851022,0.0,0.0,2.5167711983825364e-24,71865492.23637785,0.0,0.0,-0.00017953936687926307,0.0,0.0,-1.0,-13396796.446092334,2512837.8431194527,1664473.4476022432,-9219485.155370636,196036460118094.8,1529.268881,196036460118094.8,1529.268881,196036460118094.8,1529.268881,196036460118094.8,1529.268881,196036461016233.78,1529.268873993671,196036459219955.88,1529.2688880063292
0.0037749999999999303,0.0,0.0,0.0008798611432754437,0.0,0.0,-1.3734577856483212,0.0,0.0,3.579136530681039e-24,71905476.80731983,0.0,0.0,-0.0001781005869549916,0.0,0.0,-1.0,-13434848.45104317,2492700.6403183467,1642413.6061941395,-9299734.204530686,196036460118094.8,1529.268881,196036460118094.8,1529.268881,196036460118094.8,1529.268881,196036460118094.8,1529.268881,196036461016208.78,1529.2688739938658,196036459219980.8,1529.2688880061346
0.00377999999999993,0.0,0.0,0.000872994229197844,0.0,0.0,-1.373382815519951,0.0,0.0,4.457975578414824e-24,71943762.17338765,0.0,0.0,-0.00017666293565159915,0.0,0.0,-1.0,-13472806.39685443,2472579.233725641,1620425.957975859,-9379801.20515293,196036460118094.8,1529.268881,196036460118094.8,1529.268881,196036460118094.8,1529.268881,196036460118094.8,1529.268881,196036461016159.78,1529.268873994248,196036459220029.84,1529.2688880057522
0.00378499999999993,0.0,0.0,0.0008661278422129283,0.0,0.0,-1.3732773969831369,0.0,0.0,5.156943402152412e-24,71980332.13308796,0.0,0.0,-0.00017522643305968423,0.0,0.0,-1.0,-13510665.693449754,2452473.9045298975,1598512.8186458081,-9459678.970274048,196036460118094.8,1529.268881,196036460118094.8,1529.268881,196036460118094.8,1529.268881,196036460118094.8,1529.268881,196036461016090.84,1529.268873994786,196036459220098.78,1529.2688880052142
0.0037899999999999297,0.0,0.0,0.0008592621034034924,0.0,0.0,-1.3731477618871688,0.0,0.0,5.679518750723338e-24,72015171.19453275,0.0,0.0,-0.000173791092644672,0.0,0.0,-1.0,-13548421.927704727,2432384.841193571,1576676.4008871263,-9539360.68562403,196036460118094.8,1529.268881,196036460118094.8,1529.268881,196036460118094.8,1529.268881,196036460118094.8,1529.268881,196036461016006.1,1529.2688739954472,196036459220183.53,1529.2688880045532
0.0037949999999999295,0.0,0.0,0.0008523971032957124,0.0,0.0,-1.3730000215560076,0.0,0.0,6.0290059709870655e-24,72048264.57791445,0.0,0.0,-0.00017235692163266618,0.0,0.0,-1.0,-13586070.860345446,2412312.1448534043,1554918.8177453245,-9618839.897746718,196036460118094.8,1529.268881,196036460118094.8,1529.268881,196036460118094.8,1529.268881,196036460118094.8,1529.268881,196036461015909.5,1529.2688739962007,196036459220280.16,1529.2688880037992
0.0037999999999999293,0.0,0.0,0.0008455329024315592,0.0,0.0,-1.3728401728306463,0.0,0.0,6.208538789072128e-24,72079598.22953242,0.0,0.0,-0.0001709239208902636,0.0,0.0,-1.0,-13623608.416547408,2392255.827638312,1533242.0838200976,-9698110.505089002,196036460118094.8,1529.268881,196036460118094.8,1529.268881,196036460118094.8,1529.268881,196036460118094.8,1529.268881,196036461015804.94,1529.2688739970165,196036459220384.66,1529.2688880029843
0.003804999999999929,0.0,0.0,0.0008386695319116569,0.0,0.0,-1.3726741039804644,0.0,0.0,6.221081079451433e-24,72109158.82436268,0.0,0.0,-0.0001694920852838705,0.0,0.0,-1.0,-13661030.690985978,2372215.817698374,1511648.121462008,-9777166.751825595,196036460118094.8,1529.268881,196036460118094.8,1529.268881,196036460118094.8,1529.268881,196036460118094.8,1529.268881,196036461015696.38,1529.2688739978632,196036459220493.28,1529.2688880021367
0.003809999999999929,0.0,0.0,0.0008318069939087172,0.0,0.0,-1.372507600587938,0.0,0.0,6.069431648277722e-24,72136933.77844408,0.0,0.0,-0.000168061403622095,0.0,0.0,-1.0,-13698333.930903295,2352191.958398569,1490138.7593512381,-9856003.213153487,196036460118094.8,1529.268881,196036460118094.8,1529.268881,196036460118094.8,1529.268881,196036460118094.8,1529.268881,196036461015587.47,1529.2688739987127,196036459220602.16,1529.2688880012875
0.0038149999999999287,0.0,0.0,0.0008249452621523791,0.0,0.0,-1.3723463512676246,0.0,0.0,5.756224903877407e-24,72162911.25264591,0.0,0.0,-0.00016663185890369858,0.0,0.0,-1.0,-13735514.542831609,2332184.0117891,1468715.7392724843,-9934614.791770024,196036460118094.8,1529.268881,196036460118094.8,1529.268881,196036460118094.8,1529.268881,196036460118094.8,1529.268881,196036461015482.03,1529.2688739995353,196036459220707.6,1529.268888000465
0.0038199999999999285,0.0,0.0,0.0008180842823855695,0.0,0.0,-1.3721959533619197,0.0,0.0,5.2839342656479706e-24,72187080.16111636,0.0,0.0,-0.00016520342837806398,0.0,0.0,-1.0,-13772569.083214914,2312191.659451714,1447380.7173124256,-10012996.706450773,196036460118094.8,1529.268881,196036460118094.8,1529.268881,196036460118094.8,1529.268881,196036460118094.8,1529.268881,196036461015383.72,1529.2688740003023,196036459220805.94,1529.2688879996977
0.0038249999999999283,0.0,0.0,0.000811223972792976,0.0,0.0,-1.372061918518705,0.0,0.0,4.6548750200928434e-24,72209430.17893049,0.0,0.0,-0.00016377608365207366,0.0,0.0,-1.0,-13809494.252282161,2292214.503995565,1426135.266186581,-10091144.482100014,196036460118094.8,1529.268881,196036460118094.8,1529.268881,196036460118094.8,1529.268881,196036460118094.8,1529.268881,196036461015296.03,1529.2688740009862,196036459220893.6,1529.268887999014
0.003829999999999928,0.0,0.0,0.0008043642244021257,0.0,0.0,-1.3719496781700493,0.0,0.0,3.871206223437467e-24,72229951.7482827,0.0,0.0,-0.00016234979075130875,0.0,0.0,-1.0,-13846286.893887348,2272252.069913769,1404980.879638365,-10169053.944335215,196036460118094.8,1529.268881,196036460118094.8,1529.268881,196036460118094.8,1529.268881,196036460118094.8,1529.268881,196036461015222.66,1529.2688740015585,196036459220966.97,1529.2688879984416
0.003834999999999928,0.0,0.0,0.0007975049014574008,0.0,0.0,-1.3718645889449887,0.0,0.0,2.9349335823541346e-24,72248636.08251628,0.0,0.0,-0.0001609245103427207,0.0,0.0,-1.0,-13882943.987915205,2252303.8066999125,1383918.9742693307,-10246721.206945961,196036460118094.8,1529.268881,196036460118094.8,1529.268881,196036460118094.8,1529.268881,196036460118094.8,1529.268881,196036461015167.03,1529.2688740019926,196036459221022.62,1529.2688879980076
0.0038399999999999277,0.0,0.0,0.0007906458417674883,0.0,0.0,-1.3718119379825022,0.0,0.0,1.84791213658719e-24,72265475.17592998,0.0,0.0,-0.00015950019765877238,0.0,0.0,-1.0,-13919462.64627389,2232369.0877863313,1362950.8926212327,-10324142.665866327,196036460118094.8,1529.268881,196036460118094.8,1529.268881,196036460118094.8,1529.268881,196036460118094.8,1529.268881,196036461015132.6,1529.2688740022613,196036459221057.03,1529.268887997739
0.0038449999999999275,0.0,0.0,0.0007837868570267306,0.0,0.0,-1.3717969481515428,0.0,0.0,6.118484432924985e-25,72280461.80654398,0.0,0.0,-0.00015807680266722763,0.0,0.0,-1.0,-13955840.109570527,2212447.2129204944,1342077.9065066983,-10401314.990143334,196036460118094.8,1529.268881,196036460118094.8,1529.268881,196036460118094.8,1529.268881,196036460118094.8,1529.268881,196036461015122.78,1529.2688740023377,196036459221066.84,1529.2688879976624
0.0038499999999999273,0.0,0.0,0.0007769277331107536,0.0,0.0,-1.3718247831953922,0.0,0.0,-7.716964072148058e-25,72293589.54381548,0.0,0.0,-0.00015665427011146837,0.0,0.0,-1.0,-13992073.739972204,2192537.4087292757,1321301.2190329821,-10478235.112209946,196036460118094.8,1529.268881,196036460118094.8,1529.268881,196036460118094.8,1529.268881,196036460118094.8,1529.268881,196036461015141.0,1529.2688740021956,196036459221048.62,1529.2688879978045
0.003854999999999927,0.0,0.0,0.0007700682303468959,0.0,0.0,-1.3719005527715287,0.0,0.0,-2.301304767895376e-24,72304852.75075117,0.0,0.0,-0.00015523253964568788,0.0,0.0,-1.0,-14028161.018888345,2172638.8306111326,1300621.9683140444,-10554900.219963167,196036460118094.8,1529.268881,196036460118094.8,1529.268881,196036460118094.8,1529.268881,196036460118094.8,1529.268881,196036461015190.53,1529.2688740018093,196036459220999.1,1529.268887998191
0.003859999999999927,0.0,0.0,0.000763208083759789,0.0,0.0,-1.3720293174213878,0.0,0.0,-3.975699753814887e-24,72314246.59113647,0.0,0.0,-0.00015381154579786947,0.0,0.0,-1.0,-14064099.541874774,2152750.5622179443,1280041.2302412614,-10631307.749415567,196036460118094.8,1529.268881,196036460118094.8,1529.268881,196036460118094.8,1529.268881,196036460118094.8,1529.268881,196036461015274.72,1529.2688740011524,196036459220914.9,1529.2688879988477
0.0038649999999999267,0.0,0.0,0.0007563470032925528,0.0,0.0,-1.3722160934472312,0.0,0.0,-5.793742437236442e-24,72321767.03440927,0.0,0.0,-0.0001523912180859532,0.0,0.0,-1.0,-14099887.011942908,2132871.6170808882,1259560.0207265043,-10707455.374135515,196036460118094.8,1529.268881,196036460118094.8,1529.268881,196036460118094.8,1529.268881,196036460118094.8,1529.268881,196036461015396.84,1529.2688740001997,196036459220792.78,1529.2688879998004
0.0038699999999999265,0.0,0.0,0.0007494846740040937,0.0,0.0,-1.3724658576918345,0.0,0.0,-7.754429777493699e-24,72327410.8581882,0.0,0.0,-0.0001509714810661387,0.0,0.0,-1.0,-14135521.237082545,2113000.9392864937,1239179.2994340735,-10783340.998361977,196036460118094.8,1529.268881,196036460118094.8,1529.268881,196036460118094.8,1529.268881,196036460118094.8,1529.268881,196036461015560.16,1529.2688739989258,196036459220629.47,1529.2688880010744
0.0038749999999999262,0.0,0.0,0.0007426207562428613,0.0,0.0,-1.372783552246454,0.0,0.0,-9.856891766262314e-24,72331175.6550171,0.0,0.0,-0.0001495522543312054,0.0,0.0,-1.0,-14171000.123791596,2093137.403453121,1218899.9721622884,-10858962.748176185,196036460118094.8,1529.268881,196036460118094.8,1529.268881,196036460118094.8,1529.268881,196036460118094.8,1529.268881,196036461015767.94,1529.268873997305,196036459220421.7,1529.2688880026953
0.003879999999999926,0.0,0.0,0.0007357548857975618,0.0,0.0,-1.3731740890598885,0.0,0.0,-1.2100389458289622e-23,72333059.83072113,0.0,0.0,-0.00014813345269499054,0.0,0.0,-1.0,-14206321.674290681,2073279.817312929,1198722.8945394969,-10934318.962438256,196036460118094.8,1529.268881,196036460118094.8,1529.268881,196036460118094.8,1529.268881,196036460118094.8,1529.268881,196036461016023.3,1529.2688739953128,196036459220166.34,1529.2688880046871
0.003884999999999926,0.0,0.0,0.0007288866740251653,0.0,0.0,-1.373642354479313,0.0,0.0,-1.4484311374709257e-23,72333062.61870949,0.0,0.0,-0.00014671498599527682,0.0,0.0,-1.0,-14241483.977157855,2053426.9189530816,1178648.8734827929,-11009408.18472198,196036460118094.8,1529.268881,196036460118094.8,1529.268881,196036460118094.8,1529.268881,196036460118094.8,1529.268881,196036461016329.5,1529.2688739929242,196036459219860.12,1529.268888007076
0.0038899999999999256,0.0,0.0,0.0007220157079568328,0.0,0.0,-1.3741932136665005,0.0,0.0,-1.7008172234249453e-23,72331184.07257536,0.0,0.0,-0.00014529675933750775,0.0,0.0,-1.0,-14276485.207727468,2033577.3802267946,1158678.6720876573,-11084229.155413013,196036460118094.8,1529.268881,196036460118094.8,1529.268881,196036460118094.8,1529.268881,196036460118094.8,1529.268881,196036461016689.7,1529.2688739901143,196036459219499.94,1529.2688880098858
0.0038949999999999254,0.0,0.0,0.0007151415503819824,0.0,0.0,-1.3748315149700858,0.0,0.0,-1.9671609405592987e-23,72327425.07828166,0.0,0.0,-0.00014387867297743228,0.0,0.0,-1.0,-14311323.61866424,2013729.8051108292,1138813.0111666245,-11158780.802386789,196036460118094.8,1529.268881,196036460118094.8,1529.268881,196036460118094.8,1529.268881,196036460118094.8,1529.268881,196036461017107.1,1529.2688739868584,196036459219082.53,1529.268888013142
0.0038999999999999252,0.0,0.0,0.0007082637399111077,0.0,0.0,-1.3755620941749167,0.0,0.0,-2.2474380956709573e-23,72321787.35177888,0.0,0.0,-0.00014246062245914544,0.0,0.0,-1.0,-14345997.537500279,1993882.731637508,1119052.5732594489,-11233062.23260332,196036460118094.8,1529.268881,196036460118094.8,1529.268881,196036460118094.8,1529.268881,196036460118094.8,1529.268881,196036461017584.8,1529.2688739831317,196036459218604.8,1529.2688880168687
0.003904999999999925,0.0,0.0,0.0007013817910176886,0.0,0.0,-1.376389778683823,0.0,0.0,-2.5416362551967662e-23,72314273.4482916,0.0,0.0,-0.00014104249850297506,0.0,0.0,-1.0,-14380505.359471954,1974034.6303255784,1099398.0050798708,-11307072.724066509,196036460118094.8,1529.268881,196036460118094.8,1529.268881,196036460118094.8,1529.268881,196036460118094.8,1529.268881,196036461018126.06,1529.2688739789094,196036459218063.56,1529.2688880210908
0.003909999999999925,0.0,0.0,0.0006944951940597292,0.0,0.0,-1.3773193915918802,0.0,0.0,-2.849754491547367e-23,72304886.7631136,0.0,0.0,-0.00013962418714008468,0.0,0.0,-1.0,-14414845.542525282,1954183.9060641187,1079849.920785323,-11380811.71567584,196036460118094.8,1529.268881,196036460118094.8,1529.268881,196036460118094.8,1529.268881,196036460118094.8,1529.268881,196036461018733.94,1529.2688739741673,196036459217455.7,1529.268888025833
0.003914999999999925,0.0,0.0,0.0006876034152813652,0.0,0.0,-1.37835575567279,0.0,0.0,-3.1718031245753496e-23,72293631.53623746,0.0,0.0,-0.00013820556963712615,0.0,0.0,-1.0,-14449016.60272159,1934328.8970579715,1060408.9054637086,-11454278.800199911,196036460118094.8,1529.268881,196036460118094.8,1529.268881,196036460118094.8,1529.268881,196036460118094.8,1529.268881,196036461019411.66,1529.2688739688806,196036459216778.0,1529.2688880311196
0.003919999999999924,0.0,0.0,0.0006807058967949868,0.0,0.0,-1.3795036972756878,0.0,0.0,-3.507803415561775e-23,72280512.85758094,0.0,0.0,-0.0001367865225528928,0.0,0.0,-1.0,-14483017.107382094,1914467.8756206625,1041075.5179223153,-11527473.713839117,196036460118094.8,1529.268881,196036460118094.8,1529.268881,196036460118094.8,1529.268881,196036460118094.8,1529.268881,196036461020162.25,1529.2688739630253,196036459216027.34,1529.2688880369753
0.003924999999999924,0.0,0.0,0.0006738020565444071,0.0,0.0,-1.3807680501159287,0.0,0.0,-3.857787327988045e-23,72265536.6698181,0.0,0.0,-0.0001353669176421425,0.0,0.0,-1.0,-14516845.671665186,1894599.046828309,1021850.2947589811,-11600396.330077896,196036460118094.8,1529.268881,196036460118094.8,1529.268881,196036460118094.8,1529.268881,196036460118094.8,1529.268881,196036461020989.03,1529.2688739565754,196036459215200.6,1529.2688880434248
0.003929999999999924,0.0,0.0,0.0006668912882494922,0.0,0.0,-1.382153658982991,0.0,0.0,-4.221797131356072e-23,72248709.77842477,0.0,0.0,-0.0001339466219949648,0.0,0.0,-1.0,-14550500.948208148,1874720.550470204,1002733.7521313505,-11673046.645606592,196036460118094.8,1529.268881,196036460118094.8,1529.268881,196036460118094.8,1529.268881,196036460118094.8,1529.268881,196036461021895.1,1529.2688739495075,196036459214294.53,1529.268888050493
0.003934999999999924,0.0,0.0,0.0006599729613329366,0.0,0.0,-1.3836653833111165,0.0,0.0,-4.599885215637279e-23,72230039.85039914,0.0,0.0,-0.0001325254978905112,0.0,0.0,-1.0,-14583981.626634592,1854830.4590016196,983726.3910533808,-11745424.77657959,196036460118094.8,1529.268881,196036460118094.8,1529.268881,196036460118094.8,1529.268881,196036460118094.8,1529.268881,196036461022883.62,1529.2688739417958,196036459213306.0,1529.2688880582043
0.003939999999999924,0.0,0.0,0.0006530464208295083,0.0,0.0,-1.3853081006856667,0.0,0.0,-4.9921136601529746e-23,72209535.42766029,0.0,0.0,-0.00013110340287696801,0.0,0.0,-1.0,-14617286.422518823,1834926.7786631128,964828.6991568533,-11817530.944698857,196036460118094.8,1529.268881,196036460118094.8,1529.268881,196036460118094.8,1529.268881,196036460118094.8,1529.268881,196036461023957.78,1529.2688739334164,196036459212231.8,1529.2688880665842
0.003944999999999923,0.0,0.0,0.0006461109872785077,0.0,0.0,-1.3870867102001112,0.0,0.0,-5.398554008164722e-23,72187205.92606607,0.0,0.0,-0.00012968018970123832,0.0,0.0,-1.0,-14650414.075687649,1815007.4484963492,946041.1558147903,-11889365.471376508,196036460118094.8,1529.268881,196036460118094.8,1529.268881,196036460118094.8,1529.268881,196036460118094.8,1529.268881,196036461025120.84,1529.2688739243436,196036459211068.75,1529.268888075657
0.003949999999999923,0.0,0.0,0.0006391659565998331,0.0,0.0,-1.389006135734921,0.0,0.0,-5.819286837389293e-23,72163061.64972275,0.0,0.0,-0.0001282557063002551,0.0,0.0,-1.0,-14683363.340276655,1795070.3402225224,927364.2345441909,-11960928.76550994,196036460118094.8,1529.268881,196036460118094.8,1529.268881,196036460118094.8,1529.268881,196036460118094.8,1529.268881,196036461026376.0,1529.268873914552,196036459209813.62,1529.2688880854482
0.003954999999999923,0.0,0.0,0.0006322105999543948,0.0,0.0,-1.3910713290876608,0.0,0.0,-6.254401399379867e-23,72137113.79816245,0.0,0.0,-0.0001268297958388957,0.0,0.0,-1.0,-14716132.978314025,1775113.2587730074,908798.4067769935,-12032221.312764024,196036460118094.8,1529.268881,196036460118094.8,1529.268881,196036460118094.8,1529.268881,196036460118094.8,1529.268881,196036461027726.44,1529.2688739040175,196036459208463.2,1529.268888095983
0.003959999999999923,0.0,0.0,0.0006252441635895041,0.0,0.0,-1.393287272978142,0.0,0.0,-6.703995322357874e-23,72109374.47103389,0.0,0.0,-0.00012540229654251807,0.0,0.0,-1.0,-14748721.756312186,1755133.9399455304,890344.1468293951,-12103243.669537261,196036460118094.8,1529.268881,196036460118094.8,1529.268881,196036460118094.8,1529.268881,196036460118094.8,1529.268881,196036461029175.47,1529.2688738927136,196036459207014.2,1529.2688881072863
0.003964999999999923,0.0,0.0,0.000618265868669751,0.0,0.0,-1.3956589839506164,0.0,0.0,-7.168174077201121e-23,72079856.68840024,0.0,0.0,-0.000123973041778655,0.0,0.0,-1.0,-14781128.432944374,1735130.051547567,872001.9339491533,-12173996.447447654,196036460118094.8,1529.268881,196036460118094.8,1529.268881,196036460118094.8,1529.268881,196036460118094.8,1529.268881,196036461030726.3,1529.2688738806155,196036459205463.28,1529.2688881193849
0.003969999999999922,0.0,0.0,0.0006112749110942962,0.0,0.0,-1.3981915150909576,0.0,0.0,-7.647050707985523e-23,72048574.38812315,0.0,0.0,-0.0001225418600162803,0.0,0.0,-1.0,-14813351.758001683,1715099.1928262257,853772.2584490466,-12244480.306726411,196036460118094.8,1529.268881,196036460118094.8,1529.268881,196036460118094.8,1529.268881,196036460118094.8,1529.268881,196036461032382.38,1529.2688738676968,196036459203807.25,1529.2688881323036
0.003974999999999922,0.0,0.0,0.0006042704613010438,0.0,0.0,-1.4008899586504837,0.0,0.0,-8.140745257255889e-23,72015542.45147413,0.0,0.0,-0.00012110857475444459,0.0,0.0,-1.0,-14845390.459917942,1695038.893469438,835655.6240685923,-12314695.942379914,196036460118094.8,1529.268881,196036460118094.8,1529.268881,196036460118094.8,1529.268881,196036460118094.8,1529.268881,196036461034146.9,1529.2688738539318,196036459202042.72,1529.2688881460685
0.003979999999999922,0.0,0.0,0.0005972516640586904,0.0,0.0,-1.403759448470659,0.0,0.0,-8.649384359163145e-23,71980776.71099079,0.0,0.0,-0.00011967300448745951,0.0,0.0,-1.0,-14877243.240764342,1674946.6131186718,817652.5531248504,-12384644.07452082,196036460118094.8,1529.268881,196036460118094.8,1529.268881,196036460118094.8,1529.268881,196036460118094.8,1529.268881,196036461036023.28,1529.2688738392942,196036459200166.34,1529.268888160706
0.003984999999999922,0.0,0.0,0.0005902176382473563,0.0,0.0,-1.4068051622668323,0.0,0.0,-9.173100694229148e-23,71944293.97043738,0.0,0.0,-0.00011823496266585193,0.0,0.0,-1.0,-14908908.766728772,1654819.7408224472,799763.5903121762,-12454325.435594147,196036460118094.8,1529.268881,196036460118094.8,1529.268881,196036460118094.8,1529.268881,196036460118094.8,1529.268881,196036461038014.9,1529.2688738237578,196036459198174.72,1529.2688881762426
0.0039899999999999216,0.0,0.0,0.0005831674766287409,0.0,0.0,-1.4100323237230745,0.0,0.0,-9.712032526644417e-23,71906112.01399672,0.0,0.0,-0.00011679425769618475,0.0,0.0,-1.0,-14940385.662716521,1634655.5950338275,781989.3081557944,-12523740.7595269,196036460118094.8,1529.268881,196036460118094.8,1529.268881,196036460118094.8,1529.268881,196036460118094.8,1529.268881,196036461040125.16,1529.2688738072957,196036459196064.47,1529.2688881927045
0.003994999999999921,0.0,0.0,0.0005761002456066074,0.0,0.0,-1.4134462044267047,0.0,0.0,-1.0266323038179761e-22,71866249.63793921,0.0,0.0,-0.00011535069278766172,0.0,0.0,-1.0,-14971672.5001009,1614451.4214634965,764330.3103308852,-12592890.768306518,196036460118094.8,1529.268881,196036460118094.8,1529.268881,196036460118094.8,1529.268881,196036460118094.8,1529.268881,196036461042357.53,1529.2688737898811,196036459193832.1,1529.2688882101193
0.003999999999999921,0.0,0.0,0.0005690149849787472,0.0,0.0,-1.417052125572044,0.0,0.0,-1.08361198311043e-22,71824726.65731597,0.0,0.0,-0.00011390406604376128,0.0,0.0,-1.0,-15002767.792214219,1594204.3943622687,746787.237915925,-12661776.159936024,196036460118094.8,1529.268881,196036460118094.8,1529.268881,196036460118094.8,1529.268881,196036460118094.8,1529.268881,196036461044715.47,1529.2688737714868,196036459191474.16,1529.2688882285133
0.004004999999999921,0.0,0.0,0.0005619107076812875,0.0,0.0,-1.4208554594919494,0.0,0.0,-1.142157418416497e-22,71781563.94192089,0.0,0.0,-0.00011245417030535905,0.0,0.0,-1.0,-15033669.98151268,1573911.614325427,729360.7730273065,-12730397.594159946,196036460118094.8,1529.268881,196036460118094.8,1529.268881,196036460118094.8,1529.268881,196036460118094.8,1529.268881,196036461047202.5,1529.2688737520857,196036459188987.12,1529.2688882479144
0.004009999999999921,0.0,0.0,0.0005547863995266296,0.0,0.0,-1.4248616309315711,0.0,0.0,-1.2022840431976648e-22,71736783.4337863,0.0,0.0,-0.00011100079313133466,0.0,0.0,-1.0,-15064377.432733169,1553570.1080212945,712051.6448103646,-12798755.67990151,196036460118094.8,1529.268881,196036460118094.8,1529.268881,196036460118094.8,1529.268881,196036460118094.8,1529.268881,196036461049822.16,1529.26887373165,196036459186367.47,1529.2688882683503
0.0040149999999999205,0.0,0.0,0.0005476410189360941,0.0,0.0,-1.4290761181070961,0.0,0.0,-1.2640075233962403e-22,71690408.17429766,0.0,0.0,-0.0001095437167461177,0.0,0.0,-1.0,-15094888.423258826,1533176.8274570876,694860.634758014,-12866850.961043725,196036460118094.8,1529.268881,196036460118094.8,1529.268881,196036460118094.8,1529.268881,196036460118094.8,1529.268881,196036461052578.06,1529.2688737101514,196036459183611.6,1529.2688882898487
0.00401999999999992,0.0,0.0,0.0005404734966685381,0.0,0.0,-1.4335044535112031,0.0,0.0,-1.3273436732225448e-22,71642462.33958678,0.0,0.0,-0.00010808271802680625,0.0,0.0,-1.0,-15125201.13110305,1512728.649798626,677788.5815137996,-12934683.899790626,196036460118094.8,1529.268881,196036460118094.8,1529.268881,196036460118094.8,1529.268881,196036460118094.8,1529.268881,196036461055473.75,1529.2688736875623,196036459180715.88,1529.2688883124379
0.00402499999999992,0.0,0.0,0.0005332827355464043,0.0,0.0,-1.4381522244267555,0.0,0.0,-1.3923083790454023e-22,71592971.26825006,0.0,0.0,-0.00010661756831019075,0.0,0.0,-1.0,-15155313.62681727,1492222.3746694338,660836.3873590494,-13002254.864788786,196036460118094.8,1529.268881,196036460118094.8,1529.268881,196036460118094.8,1529.268881,196036460118094.8,1529.268881,196036461058513.0,1529.2688736638531,196036459177676.66,1529.2688883361468
0.00402999999999992,0.0,0.0,0.0005260676101805203,0.0,0.0,-1.4430250731768024,0.0,0.0,-1.458917502174048e-22,71541961.49860917,0.0,0.0,-0.00010514803360643512,0.0,0.0,-1.0,-15185223.860586809,1471654.7271414252,644005.0233728825,-13069564.110072501,196036460118094.8,1529.268881,196036460118094.8,1529.268881,196036460118094.8,1529.268881,196036460118094.8,1529.268881,196036461061699.34,1529.2688736389969,196036459174490.25,1529.2688883610037
0.00403499999999992,0.0,0.0,0.0005188269666953315,0.0,0.0,-1.4481286970377576,0.0,0.0,-1.5271867983483782e-22,71489460.79824327,0.0,0.0,-0.00010367387421432458,0.0,0.0,-1.0,-15214929.655254686,1451022.3523499044,627295.537001441,-13136611.76590334,196036460118094.8,1529.268881,196036460118094.8,1529.268881,196036460118094.8,1529.268881,196036460118094.8,1529.268881,196036461065036.66,1529.2688736129626,196036459171152.97,1529.2688883870376
0.0040399999999999195,0.0,0.0,0.0005115596224559634,0.0,0.0,-1.453468847873641,0.0,0.0,-1.597131794542076e-22,71435498.22324191,0.0,0.0,-0.0001021948449053326,0.0,0.0,-1.0,-15244428.688014613,1430321.8180697698,610709.0560725041,-13203397.81387234,196036460118094.8,1529.268881,196036460118094.8,1529.268881,196036460118094.8,1529.268881,196036460118094.8,1529.268881,196036461068528.62,1529.268873585722,196036459167661.0,1529.2688884142783
0.004044999999999919,0.0,0.0,0.0005042643657992459,0.0,0.0,-1.4590513313434925,0.0,0.0,-1.66876770174514e-22,71380104.13949333,0.0,0.0,-0.00010071069479925745,0.0,0.0,-1.0,-15273718.485366637,1409549.6129749208,594246.7977922356,-13269922.074599482,196036460118094.8,1529.268881,196036460118094.8,1529.268881,196036460118094.8,1529.268881,196036460118094.8,1529.268881,196036461072179.03,1529.2688735572453,196036459164010.6,1529.2688884427548
0.004049999999999919,0.0,0.0,0.0004969399557702128,0.0,0.0,-1.4648820058066085,0.0,0.0,-1.7421092847162996e-22,71323310.28885727,0.0,0.0,-9.922116721875161e-05,0.0,0.0,-1.0,-15302796.405484878,1388702.1446022475,577910.073783339,-13336184.187099291,196036460118094.8,1529.268881,196036460118094.8,1529.268881,196036460118094.8,1529.268881,196036460118094.8,1529.268881,196036461075991.78,1529.2688735275021,196036459160197.84,1529.268888472498
0.004054999999999919,0.0,0.0,0.0004895851218663302,0.0,0.0,-1.4709667807765225,0.0,0.0,-1.8171707469573528e-22,71265149.82307194,0.0,0.0,-9.772599988920039e-05,0.0,0.0,-1.0,-15331659.62874844,1367775.7421491365,561700.2983701003,-13402183.588229202,196036460118094.8,1529.268881,196036460118094.8,1529.268881,196036460118094.8,1529.268881,196036460118094.8,1529.268881,196036461079970.66,1529.2688734964634,196036459156218.97,1529.2688885035368
0.004059999999999919,0.0,0.0,0.0004821985637914479,0.0,0.0,-1.4773116149764636,0.0,0.0,-1.8939655957750344e-22,71205657.37018532,0.0,0.0,-9.622492456044648e-05,0.0,0.0,-1.0,-15360305.142161619,1346766.651179119,545618.9951804229,-13467919.49580208,196036460118094.8,1529.268881,196036460118094.8,1529.268881,196036460118094.8,1529.268881,196036460118094.8,1529.268881,196036461084119.56,1529.268873464098,196036459152070.06,1529.2688885359023
0.0040649999999999185,0.0,0.0,0.00047477895122181136,0.0,0.0,-1.4839225139273076,0.0,0.0,-1.9725065067611216e-22,71144869.08147624,0.0,0.0,-9.47176671435961e-05,0.0,0.0,-1.0,-15388729.727319375,1325671.0355366115,529667.8054258156,-13533390.886356948,196036460118094.8,1529.268881,196036460118094.8,1529.268881,196036460118094.8,1529.268881,196036460118094.8,1529.268881,196036461088442.5,1529.268873430375,196036459147747.16,1529.2688885696252
0.004069999999999918,0.0,0.0,0.00046732492358648136,0.0,0.0,-1.4908055270660026,0.0,0.0,-2.0528051673046995e-22,71082822.69921723,0.0,0.0,-9.320394773468422e-05,0.0,0.0,-1.0,-15416929.94376484,1304484.9776781357,513848.49504955567,-13598596.471037146,196036460118094.8,1529.268881,196036460118094.8,1529.268881,196036460118094.8,1529.268881,196036460118094.8,1529.268881,196036461092943.34,1529.268873395264,196036459143246.28,1529.268888604736
0.004074999999999918,0.0,0.0,0.00045983508986487223,0.0,0.0,-1.4979667443218263,0.0,0.0,-2.1348721266956863e-22,71019557.61614805,0.0,0.0,-9.168348037936839e-05,0.0,0.0,-1.0,-15444902.115982404,1283204.4753789674,498162.96361385105,-13663534.676989585,196036460118094.8,1529.268881,196036460118094.8,1529.268881,196036460118094.8,1529.268881,196036460118094.8,1529.268881,196036461097626.12,1529.268873358734,196036459138563.5,1529.2688886412661
0.004079999999999918,0.0,0.0,0.0004523080284040057,0.0,0.0,-1.5054122921733069,0.0,0.0,-2.2187166240745594e-22,70955114.94419321,0.0,0.0,-9.015597317772873e-05,0.0,0.0,-1.0,-15472642.317026764,1261825.4431999195,482613.25251485215,-13728203.621311992,196036460118094.8,1529.268881,196036460118094.8,1529.268881,196036460118094.8,1529.268881,196036460118094.8,1529.268881,196036461102494.84,1529.2688733207535,196036459133694.8,1529.2688886792466
0.004084999999999918,0.0,0.0,0.00044474228675846043,0.0,0.0,-1.5131483291090568,0.0,0.0,-2.304346410415804e-22,70889537.58684841,0.0,0.0,-8.862112820729092e-05,0.0,0.0,-1.0,-15500146.352357427,1240343.71140997,467201.5537754513,-13792601.087172007,196036460118094.8,1529.268881,196036460118094.8,1529.268881,196036460118094.8,1529.268881,196036460118094.8,1529.268881,196036461107553.44,1529.2688732812915,196036459128636.16,1529.268888718709
0.0040899999999999175,0.0,0.0,0.0004371363815561012,0.0,0.0,-1.5211810404718487,0.0,0.0,-2.3917675638963083e-22,70822870.30995788,0.0,0.0,-8.707864146483096e-05,0.0,0.0,-1.0,-15527409.744317826,1218755.025171759,451930.2195804034,-13856724.499565663,196036460118094.8,1529.268881,196036460118094.8,1529.268881,196036460118094.8,1529.268881,196036460118094.8,1529.268881,196036461112806.12,1529.2688732403158,196036459123383.5,1529.2688887596844
0.004094999999999917,0.0,0.0,0.00042948879839278613,0.0,0.0,-1.5295166326630099,0.0,0.0,-2.4809842818653967e-22,70755159.82916746,0.0,0.0,-8.552820289045751e-05,0.0,0.0,-1.0,-15554427.712620143,1197055.0448786472,436801.7709577552,-13920570.896783743,196036460118094.8,1529.268881,196036460118094.8,1529.268881,196036460118094.8,1529.268881,196036460118094.8,1529.268881,196036461118256.8,1529.2688731977953,196036459117932.8,1529.2688888022049
0.004099999999999917,0.0,0.0,0.00042179799175965575,0.0,0.0,-1.5381613266260774,0.0,0.0,-2.571998676234166e-22,70686454.88635656,0.0,0.0,-8.396949627286344e-05,0.0,0.0,-1.0,-15581195.158245578,1175239.3448286129,421818.90818374435,-13984136.905233223,196036460118094.8,1529.268881,196036460118094.8,1529.268881,196036460118094.8,1529.268881,196036460118094.8,1529.268881,196036461123909.62,1529.268873153698,196036459112279.97,1529.2688888463026
0.004104999999999917,0.0,0.0,0.000414062385006548,0.0,0.0,-1.5471213506215509,0.0,0.0,-2.664810552945958e-22,70616806.32856213,0.0,0.0,-8.24021993772819e-05,0.0,0.0,-1.0,-15607706.64621451,1153303.4150151284,406984.5213445682,-14047418.709854811,196036460118094.8,1529.268881,196036460118094.8,1529.268881,196036460118094.8,1529.268881,196036460118094.8,1529.268881,196036461129768.66,1529.268873107992,196036459106420.94,1529.2688888920084
0.004109999999999917,0.0,0.0,0.00040628037034536003,0.0,0.0,-1.5564029322375983,0.0,0.0,-2.7594171661400696e-22,70546267.21575248,0.0,0.0,-8.082598376573187e-05,0.0,0.0,-1.0,-15633956.3828392,1131242.6586113134,392301.69954128354,-14110412.024686603,196036460118094.8,1529.268881,196036460118094.8,1529.268881,196036460118094.8,1529.268881,196036460118094.8,1529.268881,196036461135837.97,1529.2688730606455,196036459100351.66,1529.2688889393546
0.0041149999999999165,0.0,0.0,0.00039845030889761485,0.0,0.0,-1.566012289549031,0.0,0.0,-2.8558129755667585e-22,70474892.90242958,0.0,0.0,-7.924051498368216e-05,0.0,0.0,-1.0,-15659938.198276352,1109052.3945824879,377773.74249038537,-14173112.061203478,196036460118094.8,1529.268881,196036460118094.8,1529.268881,196036460118094.8,1529.268881,196036460118094.8,1529.268881,196036461142121.56,1529.2688730116279,196036459094068.03,1529.2688889883727
0.004119999999999916,0.0,0.0,0.00039057053079043577,0.0,0.0,-1.5759556214358168,0.0,0.0,-2.9539893960528927e-22,70402741.12800318,0.0,0.0,-7.764545235590314e-05,0.0,0.0,-1.0,-15685645.528166639,1086727.854828908,363404.1723692273,-14235513.500968505,196036460118094.8,1529.268881,196036460118094.8,1529.268881,196036460118094.8,1529.268881,196036460118094.8,1529.268881,196036461148623.6,1529.2688729609058,196036459087566.03,1529.2688890390943
0.004124999999999916,0.0,0.0,0.00038263933530526787,0.0,0.0,-1.5862390970335847,0.0,0.0,-3.0539345022089294e-22,70329872.13817392,0.0,0.0,-7.604044920594952e-05,0.0,0.0,-1.0,-15711071.387355907,1064264.187257653,349196.7434783344,-14297610.456619922,196036460118094.8,1529.268881,196036460118094.8,1529.268881,196036460118094.8,1529.268881,196036460118094.8,1529.268881,196036461155348.03,1529.2688729084489,196036459080841.56,1529.2688890915515
0.004129999999999916,0.0,0.0,0.0003746549910844626,0.0,0.0,-1.596868844161055,0.0,0.0,-3.155632764501239e-22,70256348.76190951,0.0,0.0,-7.44251528042791e-05,0.0,0.0,-1.0,-15736208.3543396,1041656.4550564933,335155.45617559174,-14359396.443107514,196036460118094.8,1529.268881,196036460118094.8,1529.268881,196036460118094.8,1529.268881,196036460118094.8,1529.268881,196036461162298.94,1529.2688728542253,196036459073890.72,1529.268889145775
0.004134999999999916,0.0,0.0,0.0003666157364002973,0.0,0.0,-1.6078509368330587,0.0,0.0,-3.25906473188139e-22,70182236.53788146,0.0,0.0,-7.279920445270617e-05,0.0,0.0,-1.0,-15761048.544401657,1018899.637875904,321284.56744241354,-14420864.33908334,196036460118094.8,1529.268881,196036460118094.8,1529.268881,196036460118094.8,1529.268881,196036460118094.8,1529.268881,196036461169480.2,1529.2688727982047,196036459066709.44,1529.2688892017954
0.0041399999999999154,0.0,0.0,0.00035851977949192735,0.0,0.0,-1.6191913816739911,0.0,0.0,-3.3642067301055e-22,70107603.81172575,0.0,0.0,-7.116223942514622e-05,0.0,0.0,-1.0,-15785583.589489391,995988.6309997244,307588.6043214611,-14482006.354168203,196036460118094.8,1529.268881,196036460118094.8,1529.268881,196036460118094.8,1529.268881,196036460118094.8,1529.268881,196036461176895.8,1529.2688727403558,196036459059293.84,1529.2688892596443
0.004144999999999915,0.0,0.0,0.0003503652989754971,0.0,0.0,-1.6308961032860563,0.0,0.0,-3.4710305306123104e-22,70032521.84701173,0.0,0.0,-6.951388722952525e-05,0.0,0.0,-1.0,-15809804.614233365,972918.2490108493,294072.3765405832,-14542813.988681935,196036460118094.8,1529.268881,196036460118094.8,1529.268881,196036460118094.8,1529.268881,196036460118094.8,1529.268881,196036461184549.62,1529.2688726806489,196036459051640.03,1529.268889319351
0.004149999999999915,0.0,0.0,0.0003421504443331456,0.0,0.0,-1.6429709284703,0.0,0.0,-3.5795030082282724e-22,69957064.94577289,0.0,0.0,-6.785377153381445e-05,0.0,0.0,-1.0,-15833702.210577497,949683.224756007,280740.989156508,-14603277.996664984,196036460118094.8,1529.268881,196036460118094.8,1529.268881,196036460118094.8,1529.268881,196036460118094.8,1529.268881,196036461192445.4,1529.2688726190545,196036459043744.22,1529.268889380946
0.004154999999999915,0.0,0.0,0.000333873336486837,0.0,0.0,-1.6554215692617233,0.0,0.0,-3.689585803119968e-22,69881310.54365279,0.0,0.0,-6.618151030066764e-05,0.0,0.0,-1.0,-15857266.416970082,926278.2112301505,267599.8572538923,-14663388.34848604,196036460118094.8,1529.268881,196036460118094.8,1529.268881,196036460118094.8,1529.268881,196036460118094.8,1529.268881,196036461200586.97,1529.2688725555424,196036459035602.66,1529.2688894444577
0.004159999999999915,0.0,0.0,0.000325532068462871,0.0,0.0,-1.6682536047931906,0.0,0.0,-3.801234937038649e-22,69805339.34607728,0.0,0.0,-6.449671599442709e-05,0.0,0.0,-1.0,-15880486.688589165,902697.784473714,254654.7179810919,-14723134.18613436,196036460118094.8,1529.268881,196036460118094.8,1529.268881,196036460118094.8,1529.268881,196036460118094.8,1529.268881,196036461208977.94,1529.2688724900852,196036459027211.7,1529.2688895099152
0.004164999999999914,0.0,0.0,0.00031712470615372215,0.0,0.0,-1.681472461829771,0.0,0.0,-3.914400455597282e-22,69729235.42269649,0.0,0.0,-6.279899562171634e-05,0.0,0.0,-1.0,-15903351.876100332,878936.4441407534,241911.64594669663,-14782503.786012882,196036460118094.8,1529.268881,196036460118094.8,1529.268881,196036460118094.8,1529.268881,196036460118094.8,1529.268881,196036461217621.8,1529.2688724226548,196036459018567.78,1529.2688895773458
0.004169999999999914,0.0,0.0,0.0003086492891834036,0.0,0.0,-1.6950833940637067,0.0,0.0,-4.029026035891911e-22,69653086.32777366,0.0,0.0,-6.108795090415097e-05,0.0,0.0,-1.0,-15925850.198266314,854988.6159162099,229377.06684457298,-14841484.51550553,196036460118094.8,1529.268881,196036460118094.8,1529.268881,196036460118094.8,1529.268881,196036460118094.8,1529.268881,196036461226522.12,1529.268872353224,196036459009667.5,1529.2688896467764
0.004174999999999914,0.0,0.0,0.0003001038318831539,0.0,0.0,-1.7090914600499412,0.0,0.0,-4.145048586370758e-22,69576983.21542366,0.0,0.0,-5.93631785034168e-05,0.0,0.0,-1.0,-15947969.214978982,830848.6546661103,217057.77153034694,-14900062.788782526,196036460118094.8,1529.268881,196036460118094.8,1529.268881,196036460118094.8,1529.268881,196036460118094.8,1529.268881,196036461235682.12,1529.2688722817672,196036459000507.5,1529.268889718233
0.004179999999999914,0.0,0.0,0.0002914863243843772,0.0,0.0,-1.7235014997553446,0.0,0.0,-4.262397847038843e-22,69501020.94241548,0.0,0.0,-5.7624270223082886e-05,0.0,0.0,-1.0,-15969695.80209872,806510.8472621479,204960.93096716097,-14958224.023869408,196036460118094.8,1529.268881,196036460118094.8,1529.268881,196036460118094.8,1529.268881,196036460118094.8,1529.268881,196036461245104.94,1529.2688722082605,196036458991084.7,1529.2688897917396
0.004184999999999914,0.0,0.0,0.00028279473383576316,0.0,0.0,-1.7383181097228027,0.0,0.0,-4.380995979146085e-22,69425298.17515218,0.0,0.0,-5.5870813100012334e-05,0.0,0.0,-1.0,-15991016.12475423,781969.4138610705,193094.11080977606,-15015952.600083381,196036460118094.8,1529.268881,196036460118094.8,1529.268881,196036460118094.8,1529.268881,196036460118094.8,1529.268881,196036461254793.62,1529.2688721326797,196036458981396.0,1529.2688898673207
0.004189999999999913,0.0,0.0,0.0002740270057516945,0.0,0.0,-1.7535456168137329,0.0,0.0,-4.500757170282815e-22,69349917.46348,0.0,0.0,-5.4102389610376586e-05,0.0,0.0,-1.0,-16011915.615874931,757218.5107880614,181465.28787366554,-15073231.817213204,196036460118094.8,1529.268881,196036460118094.8,1529.268881,196036460118094.8,1529.268881,196036460118094.8,1529.268881,196036461264751.03,1529.2688720550025,196036458971438.62,1529.2688899449977
0.004194999999999913,0.0,0.0,0.00026518106549878247,0.0,0.0,-1.769188050582405,0.0,0.0,-4.621587751429033e-22,69274984.81737447,0.0,0.0,-5.2318572838146576e-05,0.0,0.0,-1.0,-16032379.054276275,732252.1629148113,170082.9006680187,-15130043.990693444,196036460118094.8,1529.268881,196036460118094.8,1529.268881,196036460118094.8,1529.268881,196036460118094.8,1529.268881,196036461274979.7,1529.2688719752093,196036458961209.9,1529.268890024791
0.004199999999999913,0.0,0.0,0.0002562548199185035,0.0,0.0,-1.7852491160557948,0.0,0.0,-4.74338404797166e-22,69200611.46894552,0.0,0.0,-5.0518942906432695e-05,0.0,0.0,-1.0,-16052390.197219314,707064.4936329975,158955.74731654738,-15186369.956269769,196036460118094.8,1529.268881,196036460118094.8,1529.268881,196036460118094.8,1529.268881,196036460118094.8,1529.268881,196036461285482.16,1529.2688718932802,196036458950707.47,1529.2688901067202
0.004204999999999913,0.0,0.0,0.00024724615912316333,0.0,0.0,-1.8017321590680353,0.0,0.0,-4.86603369125411e-22,69126912.2610493,0.0,0.0,-4.8703071015933976e-05,0.0,0.0,-1.0,-16071932.101165324,681649.5014559862,148093.11886223016,-15242189.48084711,196036460118094.8,1529.268881,196036460118094.8,1529.268881,196036460118094.8,1529.268881,196036460118094.8,1529.268881,196036461296260.53,1529.2688718091988,196036458939929.1,1529.2688901908016
0.004209999999999913,0.0,0.0,0.0002381529584424689,0.0,0.0,-1.8186401361388833,0.0,0.0,-4.989414627997172e-22,69054006.2740961,0.0,0.0,-4.6870525131433485e-05,0.0,0.0,-1.0,-16090986.980513275,656001.1396071758,137504.7740606669,-15297481.066845434,196036460118094.8,1529.268881,196036460118094.8,1529.268881,196036460118094.8,1529.268881,196036460118094.8,1529.268881,196036461307316.78,1529.2688717229496,196036458928872.84,1529.2688902770506
0.004214999999999912,0.0,0.0,0.00022897308053786787,0.0,0.0,-1.8359755809202105,0.0,0.0,-5.113394700353329e-22,68982016.88626808,0.0,0.0,-4.50208704541228e-05,0.0,0.0,-1.0,-16109536.181550488,630113.322630664,127200.95311751285,-15352221.90580231,196036460118094.8,1529.268881,196036460118094.8,1529.268881,196036460118094.8,1529.268881,196036460118094.8,1529.268881,196036461318652.56,1529.2688716345197,196036458917537.1,1529.2688903654803
0.004219999999999912,0.0,0.0,0.00021970437769193015,0.0,0.0,-1.8537405691875424,0.0,0.0,-5.237831238230491e-22,68911071.8167453,0.0,0.0,-4.315366987745505e-05,0.0,0.0,-1.0,-16127560.157799747,603979.9327713778,117192.39126411725,-15406387.833764253,196036460118094.8,1529.268881,196036460118094.8,1529.268881,196036460118094.8,1529.268881,196036460118094.8,1529.268881,196036461330269.2,1529.2688715438992,196036458905920.4,1529.2688904561014
0.004224999999999912,0.0,0.0,0.00021034469427983437,0.0,0.0,-1.8719366824191552,0.0,0.0,-5.362570681612982e-22,68841303.1343896,0.0,0.0,-4.126848437223594e-05,0.0,0.0,-1.0,-16145038.449775709,577594.8253648195,107490.33304436227,-15459953.291366527,196036460118094.8,1529.268881,196036460118094.8,1529.268881,196036460118094.8,1529.268881,196036460118094.8,1529.268881,196036461342167.75,1529.2688714510793,196036458894021.84,1529.2688905489213
0.004229999999999912,0.0,0.0,0.00020089186942950108,0.0,0.0,-1.8905649700666602,0.0,0.0,-5.487448182593298e-22,68772847.28984429,0.0,0.0,-3.9364873462305656e-05,0.0,0.0,-1.0,-16161949.658115525,550951.8354947221,98106.54330308344,-15512891.279317718,196036460118094.8,1529.268881,196036460118094.8,1529.268881,196036460118094.8,1529.268881,196036460118094.8,1529.268881,196036461354348.94,1529.2688713560544,196036458881840.7,1529.2688906439457
0.004234999999999912,0.0,0.0,0.0001913437398772672,0.0,0.0,-1.9096259104467797,0.0,0.0,-5.61228725011666e-22,68705845.09625061,0.0,0.0,-3.74423958556776e-05,0.0,0.0,-1.0,-16178271.423674082,524044.78682648577,89053.31938245843,-15565173.317465138,196036460118094.8,1529.268881,196036460118094.8,1529.268881,196036460118094.8,1529.268881,196036460118094.8,1529.268881,196036461366813.03,1529.2688712588229,196036458869376.6,1529.2688907411775
0.004239999999999911,0.0,0.0,0.0001816981430252557,0.0,0.0,-1.929119370402299,0.0,0.0,-5.736899431693388e-22,68640441.67604819,0.0,0.0,-3.5500609945296557e-05,0.0,0.0,-1.0,-16193980.411236292,496867.4986158007,80343.50314771288,-15616769.409472777,196036460118094.8,1529.268881,196036460118094.8,1529.268881,196036460118094.8,1529.268881,196036460118094.8,1529.268881,196036461379559.94,1529.268871159385,196036458856629.7,1529.2688908406153
0.004244999999999911,0.0,0.0,0.00017195292020595433,0.0,0.0,-1.9490445638602747,0.0,0.0,-5.86108399491609e-22,68576786.41524361,0.0,0.0,-3.3539074358054265e-05,0.0,0.0,-1.0,-16209052.28897105,469413.7933926858,71990.48987825017,-15667648.005700115,196036460118094.8,1529.268881,196036460118094.8,1529.268881,196036460118094.8,1529.268881,196036460118094.8,1529.268881,196036461392589.16,1529.2688710577447,196036458843600.47,1529.2688909422554
0.004249999999999911,0.0,0.0,0.00016210592015952023,0.0,0.0,-1.96940000928682,0.0,0.0,-5.984627655809263e-22,68515032.86897564,0.0,0.0,-3.1557348687804944e-05,0.0,0.0,-1.0,-16223461.713523386,441677.50722079264,64008.237200557305,-15717775.969102034,196036460118094.8,1529.268881,196036460118094.8,1529.268881,196036460118094.8,1529.268881,196036460118094.8,1529.268881,196036461405899.75,1529.2688709539098,196036458830289.88,1529.2688910460906
0.004254999999999911,0.0,0.0,0.0001521550027285166,0.0,0.0,-1.9901834862007273,0.0,0.0,-6.107304356796275e-22,68455338.62485275,0.0,0.0,-2.955499415040256e-05,0.0,0.0,-1.0,-16237182.319404148,413652.49886532535,56411.27332928718,-15767118.547209535,196036460118094.8,1529.268881,196036460118094.8,1529.268881,196036460118094.8,1529.268881,196036460118094.8,1529.268881,196036461419490.22,1529.2688708478913,196036458816699.4,1529.268891152109
0.0042599999999999106,0.0,0.0,0.00014209804277392745,0.0,0.0,-2.0113919909178293,0.0,0.0,-6.228875068805754e-22,68397865.15286389,0.0,0.0,-2.753157428388137e-05,0.0,0.0,-1.0,-16250186.707164923,385332.6595927863,49214.702420714,-15815639.345151424,196036460118094.8,1529.268881,196036460118094.8,1529.268881,196036460118094.8,1529.268881,196036460118094.8,1529.268881,196036461433358.62,1529.2688707397047,196036458802831.03,1529.2688912602953
0.00426499999999991,0.0,0.0,0.00013193293431587876,0.0,0.0,-2.0330216916097377,0.0,0.0,-6.34908764379935e-22,68342777.6131758,0.0,0.0,-2.5486655711116578e-05,0.0,0.0,-1.0,-16262446.435230767,356711.92384519527,42434.20842448457,-15863300.302961087,196036460118094.8,1529.268881,196036460118094.8,1529.268881,196036460118094.8,1529.268881,196036460118094.8,1529.268881,196036461447502.4,1529.26887062937,196036458788687.2,1529.2688913706306
0.00426999999999991,0.0,0.0,0.00012165759490162054,0.0,0.0,-2.0550678828516435,0.0,0.0,-6.467676757830249e-22,68290244.58009803,0.0,0.0,-2.341980895109592e-05,0.0,0.0,-1.0,-16273932.022401638,327784.28059466864,36086.05954454443,-15910061.682262426,196036460118094.8,1529.268881,196036460118094.8,1529.268881,196036460118094.8,1529.268881,196036460118094.8,1529.268881,196036461461918.6,1529.26887051691,196036458774271.03,1529.2688914830903
0.00427499999999991,0.0,0.0,0.00011126997020175634,0.0,0.0,-2.077524939972839,0.0,0.0,-6.584363849657091e-22,68240437.79000497,0.0,0.0,-2.1330609329033784e-05,0.0,0.0,-1.0,-16284612.941666592,298543.7860814013,30187.106270475197,-15955882.049314717,196036460118094.8,1529.268881,196036460118094.8,1529.268881,196036460118094.8,1529.268881,196036460118094.8,1529.268881,196036461476603.44,1529.2688704023544,196036458759586.22,1529.2688915976457
0.00427999999999991,0.0,0.0,0.00010076803883578354,0.0,0.0,-2.1003862731945606,0.0,0.0,-6.698857179432109e-22,68193531.77950914,0.0,0.0,-1.9218637760082353e-05,0.0,0.0,-1.0,-16294457.628697993,268984.5747825087,24754.780728273214,-16000718.27318721,196036460118094.8,1529.268881,196036460118094.8,1529.268881,196036460118094.8,1529.268881,196036460118094.8,1529.268881,196036461491552.62,1529.2688702857367,196036458744637.03,1529.2688917142636
0.0042849999999999095,0.0,0.0,9.014981742592773e-05,0.0,0.0,-2.123644281971161,0.0,0.0,-6.81085194138083e-22,68149703.4829814,0.0,0.0,-1.7083481770953476e-05,0.0,0.0,-1.0,-16303433.492293367,239100.87371067493,19807.092580785364,-16044525.526001908,196036460118094.8,1529.268881,196036460118094.8,1529.268881,196036460118094.8,1529.268881,196036460118094.8,1529.268881,196036461506761.16,1529.2688701670957,196036458729428.44,1529.2688918329047
0.004289999999999909,0.0,0.0,7.941336587731935e-05,0.0,0.0,-2.147290309721678,0.0,0.0,-6.920030439563061e-22,68109131.78715393,0.0,0.0,-1.4924736382087221e-05,0.0,0.0,-1.0,-16311506.926998777,208887.01476100698,15362.62118956366,-16087257.291048208,196036460118094.8,1529.268881,196036460118094.8,1529.268881,196036460118094.8,1529.268881,196036460118094.8,1529.268881,196036461522223.5,1529.268870046475,196036458713966.12,1529.2688919535253
0.004294999999999909,0.0,0.0,6.855679288146763e-05,0.0,0.0,-2.171314599170343,0.0,0.0,-7.026062498530557e-22,68071996.82939304,0.0,0.0,-1.274200661815069e-05,0.0,0.0,-1.0,-16318643.364394939,178337.46984804445,11440.516183692656,-16128865.378363201,196036460118094.8,1529.268881,196036460118094.8,1529.268881,196036460118094.8,1529.268881,196036460118094.8,1529.268881,196036461537933.2,1529.2688699239247,196036458698256.47,1529.2688920760756
0.004299999999999909,0.0,0.0,5.757826163591832e-05,0.0,0.0,-2.1957062491098642,0.0,0.0,-7.128606239572064e-22,68038478.90614663,0.0,0.0,-1.0534912657464984e-05,0.0,0.0,-1.0,-16324807.386002215,147446.92297727897,8060.513898601566,-16169299.949126333,196036460118094.8,1529.268881,196036460118094.8,1529.268881,196036460118094.8,1529.268881,196036460118094.8,1529.268881,196036461553883.06,1529.2688697995006,196036458682306.6,1529.2688922004995
0.004304999999999909,0.0,0.0,4.647599576664781e-05,0.0,0.0,-2.220453173854101,0.0,0.0,-7.227306450187641e-22,68008760.33411326,0.0,0.0,-8.303070210874117e-06,0.0,0.0,-1.0,-16329962.319123892,116209.99562727172,5242.771079037326,-16208509.552417582,196036460118094.8,1529.268881,196036460118094.8,1529.268881,196036460118094.8,1529.268881,196036460118094.8,1529.268881,196036461570065.25,1529.2688696732644,196036458666124.4,1529.2688923267358
0.0043099999999999085,0.0,0.0,3.5248285481439865e-05,0.0,0.0,-2.2455420570415896,0.0,0.0,-7.321797423254609e-22,67983021.84371305,0.0,0.0,-6.046115038470893e-06,0.0,0.0,-1.0,-16334070.771019738,84621.58988641325,3008.0140240309875,-16246441.167109296,196036460118094.8,1529.268881,196036460118094.8,1529.268881,196036460118094.8,1529.268881,196036460118094.8,1529.268881,196036461586471.06,1529.2688695452835,196036458649718.6,1529.2688924547167
0.004314999999999908,0.0,0.0,2.389349390506139e-05,0.0,0.0,-2.270958315275695,0.0,0.0,-7.411702780453237e-22,67961442.76112552,0.0,0.0,-3.7636959955382247e-06,0.0,0.0,-1.0,-16337094.501325449,52676.79112372958,1377.4546586744113,-16283040.255543044,196036460118094.8,1529.268881,196036460118094.8,1529.268881,196036460118094.8,1529.268881,196036460118094.8,1529.268881,196036461603090.94,1529.268869415633,196036458633098.72,1529.2688925843672
0.004319999999999908,0.0,0.0,1.2410063599296404e-05,0.0,0.0,-2.2966860611529976,0.0,0.0,-7.496636201442333e-22,67944200.09189154,0.0,0.0,-1.4554760503828663e-06,0.0,0.0,-1.0,-16338994.476848671,20370.882234510827,372.7623361572505,-16318250.832278004,196036460118094.8,1529.268881,196036460118094.8,1529.268881,196036460118094.8,1529.268881,196036460118094.8,1529.268881,196036461619914.47,1529.2688692843933,196036458616275.16,1529.2688927156069
0.004324999999999908,0.0,0.0,7.965232552064373e-07,0.0,0.0,-2.3227080688179935,0.0,0.0,-7.576202244898097e-22,67931467.51412712,0.0,0.0,8.788662959741887e-07,0.0,0.0,1.0,-16339730.934254376,12300.636489663593,16.031240113416263,-16327414.266524598,196036460118094.8,1529.268881,196036460118094.8,1529.268881,196036460118094.8,1529.268881,196036460118094.8,1529.268881,196036461636930.47,1529.2688691516528,196036458599259.2,1529.2688928483474
0.004329999999999908,0.0,0.0,-1.0948505456605486e-05,0.0,0.0,-2.349005742362385,0.0,0.0,-7.649997273497938e-22,67923414.2762985,0.0,0.0,3.239635897395887e-06,0.0,0.0,1.0,-16339263.451217853,45342.031791718924,329.7432485779957,-16293591.676177554,196036460118094.8,1529.268881,196036460118094.8,1529.268881,196036460118094.8,1529.268881,196036460118094.8,1529.268881,196036461654126.72,1529.2688690175057,196036458582062.94,1529.2688929824944
0.0043349999999999075,0.0,0.0,-2.2826300893750885e-05,0.0,0.0,-2.37555908742908,0.0,0.0,-7.7176104692841135e-22,67920203.99948552,0.0,0.0,5.627119482774932e-06,0.0,0.0,1.0,-16337551.025915436,78757.31673700579,1336.725900370166,-16257456.983278062,196036460118094.8,1529.268881,196036460118094.8,1529.268881,196036460118094.8,1529.268881,196036460118094.8,1529.268881,196036461671490.1,1529.2688688820551,196036458564699.5,1529.2688931179455
0.004339999999999907,0.0,0.0,-3.483803432542109e-05,0.0,0.0,-2.402346686334041,0.0,0.0,-7.778624967645765e-22,67921993.36266471,0.0,0.0,8.041584579374743e-06,0.0,0.0,1.0,-16334552.168326546,112550.23564435118,3060.1063825705546,-16218941.826299626,196036460118094.8,1529.268881,196036460118094.8,1529.268881,196036460118094.8,1529.268881,196036460118094.8,1529.268881,196036461689006.72,1529.268868745409,196036458547182.9,1529.2688932545914
0.004344999999999907,0.0,0.0,-4.698476271100581e-05,0.0,0.0,-2.429345677116946,0.0,0.0,-7.832619041621422e-22,67928930.72155237,0.0,0.0,1.0483277972944555e-05,0.0,0.0,1.0,-16330224.994715624,146724.24253378753,5523.258301138563,-16177977.493880697,196036460118094.8,1529.268881,196036460118094.8,1529.268881,196036460118094.8,1529.268881,196036460118094.8,1529.268881,196036461706661.53,1529.2688686076847,196036458529528.06,1529.268893392316
0.004349999999999907,0.0,0.0,-5.9267421394480854e-05,0.0,0.0,-2.456531736695008,0.0,0.0,-7.879167431185978e-22,67941154.57423759,0.0,0.0,1.2952424410512572e-05,0.0,0.0,1.0,-16324527.340351423,181282.4829708108,8749.746245130027,-16134495.111135483,196036460118094.8,1529.268881,196036460118094.8,1529.268881,196036460118094.8,1529.268881,196036460118094.8,1529.268881,196036461724438.72,1529.268868469006,196036458511750.9,1529.2688935309943
0.004354999999999907,0.0,0.0,-7.168681673759214e-05,0.0,0.0,-2.483879068622259,0.0,0.0,-7.917842705878516e-22,67958791.9728843,0.0,0.0,1.5449225283311697e-05,0.0,0.0,1.0,-16317416.873496016,216227.77563257288,12763.26211047261,-16088425.835752971,196036460118094.8,1529.268881,196036460118094.8,1529.268881,196036460118094.8,1529.268881,196036460118094.8,1529.268881,196036461742321.3,1529.268868329505,196036458493868.28,1529.2688936704956
0.0043599999999999065,0.0,0.0,-8.424361871544125e-05,0.0,0.0,-2.5113603955698216,0.0,0.0,-7.948216754378617e-22,67981956.78868476,0.0,0.0,1.7973857222501545e-05,0.0,0.0,1.0,-16308851.227377769,251562.59265356927,17587.5588731142,-16039701.075851087,196036460118094.8,1529.268881,196036460118094.8,1529.268881,196036460118094.8,1529.268881,196036460118094.8,1529.268881,196036461760291.6,1529.2688681893198,196036458475898.06,1529.2688938106803
0.004364999999999906,0.0,0.0,-9.693835350027621e-05,0.0,0.0,-2.5389469569669925,0.0,0.0,-7.969862290484257e-22,68010747.93080205,0.0,0.0,2.0526470630693128e-05,0.0,0.0,1.0,-16298788.133271012,287289.03907281853,23246.37592752673,-15988252.718270667,196036460118094.8,1529.268881,196036460118094.8,1529.268881,196036460118094.8,1529.268881,196036460118094.8,1529.268881,196036461778330.62,1529.2688680485983,196036458457859.0,1529.268893951402
0.004369999999999906,0.0,0.0,-0.00010977139605957602,0.0,0.0,-2.566608511859961,0.0,0.0,-7.98235448606276e-22,68045247.41835417,0.0,0.0,2.3107188386429094e-05,0.0,0.0,1.0,-16287185.573301192,323408.8347017328,29763.362471807624,-15934013.376127655,196036460118094.8,1529.268881,196036460118094.8,1529.268881,196036460118094.8,1529.268881,196036460118094.8,1529.268881,196036461796418.72,1529.2688679074943,196036458439770.9,1529.2688940925061
0.004374999999999906,0.0,0.0,-0.00012274296279671642,0.0,0.0,-2.5943133474280793,0.0,0.0,-7.985272602171042e-22,68085518.42071167,0.0,0.0,2.571610447182588e-05,0.0,0.0,1.0,-16274001.934189375,359923.29491655994,37161.99253948679,-15876916.646733329,196036460118094.8,1529.268881,196036460118094.8,1529.268881,196036460118094.8,1529.268881,196036460118094.8,1529.268881,196036461814535.1,1529.2688677661695,196036458421654.5,1529.2688942338311
0.004379999999999906,0.0,0.0,-0.0001358531042624731,0.0,0.0,-2.622028293151337,0.0,0.0,-7.978201703756073e-22,68131603.19182126,0.0,0.0,2.8353282501366746e-05,0.0,0.0,1.0,-16259196.176870318,396833.3100673312,45465.477040746446,-15816897.38976224,196036460118094.8,1529.268881,196036460118094.8,1529.268881,196036460118094.8,1529.268881,196036460118094.8,1529.268881,196036461832658.1,1529.268867624793,196036458403531.53,1529.2688943752073
0.0043849999999999055,0.0,0.0,-0.0001491016979670662,0.0,0.0,-2.6497187409186194,0.0,0.0,-7.960734376752058e-22,68183520.97760592,0.0,0.0,3.1018754483000436e-05,0.0,0.0,1.0,-16242728.00997642,434139.32813816436,54696.66893046522,-15753892.012907794,196036460118094.8,1529.268881,196036460118094.8,1529.268881,196036460118094.8,1529.268881,196036460118094.8,1529.268881,196036461850765.1,1529.2688674835415,196036458385424.53,1529.268894516459
0.004389999999999905,0.0,0.0,-0.00016248844132249146,0.0,0.0,-2.6773486710850496,0.0,0.0,-7.932472507471778e-22,68241265.85053344,0.0,0.0,3.371251932253635e-05,0.0,0.0,1.0,-16224558.078541886,471841.33381473814,64877.96580612557,-15687838.778921021,196036460118094.8,1529.268881,196036460118094.8,1529.268881,196036460118094.8,1529.268881,196036460118094.8,1529.268881,196036461868832.53,1529.2688673425982,196036458367357.12,1529.268894657402
0.004394999999999905,0.0,0.0,-0.00017601284474596266,0.0,0.0,-2.7048806846942384,0.0,0.0,-7.893029020334038e-22,68304804.57416281,0.0,0.0,3.6434541534234356e-05,0.0,0.0,1.0,-16204648.152462108,509938.8304376722,76031.20504535337,-15618678.116979083,196036460118094.8,1529.268881,196036460118094.8,1529.268881,196036460118094.8,1529.268881,196036460118094.8,1529.268881,196036461886835.88,1529.2688672021554,196036458349353.75,1529.268894797845
0.004399999999999905,0.0,0.0,-0.00018967422495456813,0.0,0.0,-2.7322760417210965,0.0,0.0,-7.842029682954551e-22,68374074.42170325,0.0,0.0,3.918475013821108e-05,0.0,0.0,1.0,-16182961.332406221,548430.824570596,88177.55818083385,-15546352.94965479,196036460118094.8,1529.268881,196036460118094.8,1529.268881,196036460118094.8,1529.268881,196036460118094.8,1529.268881,196036461904749.9,1529.268867062409,196036458331439.72,1529.2688949375913
0.004404999999999905,0.0,0.0,-0.00020347169848241111,0.0,0.0,-2.7594947055685943,0.0,0.0,-7.77911651460445e-22,68448979.78563055,0.0,0.0,4.1963048005630414e-05,0.0,0.0,1.0,-16159462.48406556,587315.9567956876,101337.49727778677,-15470809.029992087,196036460118094.8,1529.268881,196036460118094.8,1529.268881,196036460118094.8,1529.268881,196036460118094.8,1529.268881,196036461922548.38,1529.2688669235642,196036458313641.22,1529.2688950764366
0.0044099999999999044,0.0,0.0,-0.00021740417547927874,0.0,0.0,-2.786495399373527,0.0,0.0,-7.703944575251876e-22,68529394.0039566,0.0,0.0,4.4769278355848724e-05,0.0,0.0,1.0,-16134117.769222448,626592.0328068112,115530.44693049176,-15391995.289485143,196036460118094.8,1529.268881,196036460118094.8,1529.268881,196036460118094.8,1529.268881,196036460118094.8,1529.268881,196036461940204.3,1529.2688667858313,196036458295985.28,1529.2688952141693
0.004414999999999904,0.0,0.0,-0.00023147035373521642,0.0,0.0,-2.8132356511875365,0.0,0.0,-7.616188474442668e-22,68615153.64796019,0.0,0.0,4.7603255302778557e-05,0.0,0.0,1.0,-16106895.530314514,666256.4509372503,130774.89493376522,-15309864.184443498,196036460118094.8,1529.268881,196036460118094.8,1529.268881,196036460118094.8,1529.268881,196036460118094.8,1529.268881,196036461957690.0,1529.2688666494266,196036458278499.62,1529.2688953505738
0.004419999999999904,0.0,0.0,-0.00024566871304376096,0.0,0.0,-2.8396718617089145,0.0,0.0,-7.515542552781147e-22,68706057.92704812,0.0,0.0,5.0464752756505644e-05,0.0,0.0,1.0,-16077766.306772778,706306.0468264396,147088.20236633427,-15224372.057580005,196036460118094.8,1529.268881,196036460118094.8,1529.268881,196036460118094.8,1529.268881,196036460118094.8,1529.268881,196036461974976.8,1529.2688665145731,196036458261212.8,1529.2688954854275
0.004424999999999904,0.0,0.0,-0.00025999750990697676,0.0,0.0,-2.865759372643165,0.0,0.0,-7.401722433826553e-22,68801867.16449845,0.0,0.0,5.335350301386857e-05,0.0,0.0,1.0,-16046703.052233066,746737.0736936788,164486.48001910353,-15135479.498520285,196036460118094.8,1529.268881,196036460118094.8,1529.268881,196036460118094.8,1529.268881,196036460118094.8,1529.268881,196036461992035.62,1529.2688663814984,196036458244154.0,1529.2688956185023
0.004429999999999904,0.0,0.0,-0.0002744547726091782,0.0,0.0,-2.891452540440296,0.0,0.0,-7.274466548693536e-22,68902301.49747813,0.0,0.0,5.6269195729252765e-05,0.0,0.0,1.0,-16013681.357830187,787545.1879333385,182984.465665435,-15043151.704231415,196036460118094.8,1529.268881,196036460118094.8,1529.268881,196036460118094.8,1529.268881,196036460118094.8,1529.268881,196036462008836.6,1529.268866250435,196036458227353.06,1529.2688957495654
0.004434999999999903,0.0,0.0,-0.00028903829668574957,0.0,0.0,-2.9167048153142674,0.0,0.0,-7.133537599726484e-22,69007039.87563835,0.0,0.0,5.921147684293061e-05,0.0,0.0,1.0,-15978679.676791165,828725.434115878,202595.40182133042,-14947358.840853957,196036460118094.8,1529.268881,196036460118094.8,1529.268881,196036460118094.8,1529.268881,196036460118094.8,1529.268881,196036462025349.22,1529.268866121621,196036458210840.4,1529.2688958783797
0.004439999999999903,0.0,0.0,-0.00030374564081241714,0.0,0.0,-2.9414688253335095,0.0,0.0,-6.978723964451268e-22,69115719.40739627,0.0,0.0,6.217994773339861e-05,0.0,0.0,1.0,-15941679.549589008,870272.2331239346,223330.91509538793,-14848076.401369687,196036460118094.8,1529.268881,196036460118094.8,1529.268881,196036460118094.8,1529.268881,196036460118094.8,1529.268881,196036462041542.6,1529.2688659952973,196036458194647.03,1529.268896004703
0.004444999999999903,0.0,0.0,-0.0003185741231392951,0.0,0.0,-2.9656964653755984,0.0,0.0,-6.809840969517424e-22,69227935.15377387,0.0,0.0,6.517416427633785e-05,0.0,0.0,1.0,-15902665.819469212,912179.3689815083,245200.8950302871,-14745285.555457417,196036460118094.8,1529.268881,196036460118094.8,1529.268881,196036460118094.8,1529.268881,196036460118094.8,1529.268881,196036462057385.22,1529.26886587171,196036458178804.4,1529.2688961282904
0.004449999999999903,0.0,0.0,-0.0003335208180917734,0.0,0.0,-2.9893389904956504,0.0,0.0,-6.626732115599742e-22,69343240.36225726,0.0,0.0,6.819363606285457e-05,0.0,0.0,1.0,-15861626.848379465,954439.9779124351,268213.3774034985,-14638973.493063532,196036460118094.8,1529.268881,196036460118094.8,1529.268881,196036460118094.8,1529.268881,196036460118094.8,1529.268881,196036462072845.22,1529.2688657511076,196036458163344.4,1529.268896248893
0.004454999999999903,0.0,0.0,-0.00034858255365946604,0.0,0.0,-3.0123471135385356,0.0,0.0,-6.429270188065345e-22,69461147.23331985,0.0,0.0,7.123782570919485e-05,0.0,0.0,1.0,-15818554.723110773,997046.5386791356,292374.4300022511,-14529133.754429385,196036460118094.8,1529.268881,196036460118094.8,1529.268881,196036460118094.8,1529.268881,196036460118094.8,1529.268881,196036462087890.4,1529.268865633741,196036458148299.22,1529.2688963662597
0.004459999999999902,0.0,0.0,-0.00036375590919246166,0.0,0.0,-3.0346711065991223,0.0,0.0,-6.217358260668674e-22,69581128.25702843,0.0,0.0,7.43061481048229e-05,0.0,0.0,1.0,-15773445.451446414,1039990.8620586985,317688.0423850303,-14415766.547002686,196036460118094.8,1529.268881,196036460118094.8,1529.268881,196036460118094.8,1529.268881,196036460118094.8,1529.268881,196036462102488.25,1529.2688655198638,196036458133701.38,1529.2688964801366
0.004464999999999902,0.0,0.0,-0.0003790372137222614,0.0,0.0,-3.0562609059599475,0.0,0.0,-5.990930604250094e-22,69702618.14599021,0.0,0.0,7.73979698058553e-05,0.0,0.0,1.0,-15726299.14821728,1083264.08235337,344156.0211985509,-14298879.044665357,196036460118094.8,1529.268881,196036460118094.8,1529.268881,196036460118094.8,1529.268881,196036460118094.8,1529.268881,196036462116605.94,1529.2688654097326,196036458119583.66,1529.268896590268
0.004469999999999902,0.0,0.0,-0.0003944225448231472,0.0,0.0,-3.077066220177172,0.0,0.0,-5.749953515768656e-22,69825016.38017744,0.0,0.0,8.051260875349617e-05,0.0,0.0,1.0,-15677120.211457971,1126856.6534497635,371777.8927276838,-14178485.665280525,196036460118094.8,1529.268881,196036460118094.8,1529.268881,196036460118094.8,1529.268881,196036460118094.8,1529.268881,196036462130210.72,1529.2688653036025,196036458105978.9,1529.268896696398
0.004474999999999902,0.0,0.0,-0.0004099077280283413,0.0,0.0,-3.097036641038824,0.0,0.0,-5.494426000398249e-22,69947690.42582923,0.0,0.0,8.364933348584175e-05,0.0,0.0,1.0,-15625917.47833655,1170758.3377872563,400550.8107004247,-14054608.32984887,196036460118094.8,1529.268881,196036460118094.8,1529.268881,196036460118094.8,1529.268881,196036460118094.8,1529.268881,196036462143269.5,1529.2688652017318,196036458092920.12,1529.2688967982688
0.004479999999999902,0.0,0.0,-0.0004254883368127725,0.0,0.0,-3.1161217568862396,0.0,0.0,-5.224380396482921e-22,70069979.56128013,0.0,0.0,8.680736317551155e-05,0.0,0.0,1.0,-15572704.370158644,1214958.206884676,430469.47413599305,-13927276.689137975,196036460118094.8,1529.268881,196036460118094.8,1529.268881,196036460118094.8,1529.268881,196036460118094.8,1529.268881,196036462155749.44,1529.2688651043763,196036458080440.22,1529.2688968956238
0.004484999999999901,0.0,0.0,-0.0004411596931532762,0.0,0.0,-3.1342712681007368,0.0,0.0,-4.939882855480236e-22,70191199.36025393,0.0,0.0,8.99858669649169e-05,0.0,0.0,1.0,-15517499.013622971,1259444.6320367013,461526.0523139746,-13796528.329272298,196036460118094.8,1529.268881,196036460118094.8,1529.268881,196036460118094.8,1529.268881,196036460118094.8,1529.268881,196036462167617.53,1529.2688650117943,196036458068572.12,1529.268896988206
0.004489999999999901,0.0,0.0,-0.0004569168686745417,0.0,0.0,-3.151435104253108,0.0,0.0,-4.641033984371225e-22,70310646.64150688,0.0,0.0,9.31839629131994e-05,0.0,0.0,1.0,-15460324.375707889,1304205.2695751833,493710.1311608991,-13662408.974971807,196036460118094.8,1529.268881,196036460118094.8,1529.268881,196036460118094.8,1529.268881,196036460118094.8,1529.268881,196036462178841.03,1529.2688649242405,196036458057348.56,1529.2688970757604
0.004494999999999901,0.0,0.0,-0.00047275468639193584,0.0,0.0,-3.1675635434788187,0.0,0.0,-4.327969292255368e-22,70427605.03335312,0.0,0.0,9.640071691601078e-05,0.0,0.0,1.0,-15401208.362894936,1349227.0457503563,527008.6654864241,-13524972.651658155,196036460118094.8,1529.268881,196036460118094.8,1529.268881,196036460118094.8,1529.268881,196036460118094.8,1529.268881,196036462189387.56,1529.2688648419676,196036458046802.06,1529.268897158033
0.004499999999999901,0.0,0.0,-0.0004886677230589383,0.0,0.0,-3.182607333400486,0.0,0.0,-4.000857706129953e-22,70541351.66638151,0.0,0.0,9.963515297511141e-05,0.0,0.0,1.0,-15340183.661188686,1394496.300464415,561405.86176176,-13384281.498962512,196036460118094.8,1529.268881,196036460118094.8,1529.268881,196036460118094.8,1529.268881,196036460118094.8,1529.268881,196036462199224.8,1529.2688647652276,196036458036964.8,1529.2688972347728
0.004504999999999901,0.0,0.0,-0.0005046503120934788,0.0,0.0,-3.196517806908099,0.0,0.0,-3.659903869657466e-22,70651162.71242863,0.0,0.0,0.00010288624017108397,0.0,0.0,1.0,-15277288.053714423,1439998.604941264,596883.2448963643,-13240406.203876795,196036460118094.8,1529.268881,196036460118094.8,1529.268881,196036460118094.8,1529.268881,196036460118094.8,1529.268881,196036462208320.94,1529.2688646942693,196036458027868.66,1529.2688973057316
0.0045099999999999,0.0,0.0,-0.0005206965471229968,0.0,0.0,-3.209247005903593,0.0,0.0,-3.305347421793285e-22,70756320.39106515,0.0,0.0,0.00010615289782057873,0.0,0.0,1.0,-15212564.329777032,1485718.8339074617,633419.6065207652,-13093425.889348805,196036460118094.8,1529.268881,196036460118094.8,1529.268881,196036460118094.8,1529.268881,196036460118094.8,1529.268881,196036462216644.66,1529.2688646293363,196036458019544.94,1529.2688973706643
0.0045149999999999,0.0,0.0,-0.0005368002861357276,0.0,0.0,-3.220747802546139,0.0,0.0,-2.9374629397877168e-22,70856119.80568202,0.0,0.0,0.00010943399567513118,0.0,0.0,1.0,-15146060.265518267,1531641.1683748767,670991.0000176517,-12943428.097125739,196036460118094.8,1529.268881,196036460118094.8,1529.268881,196036460118094.8,1529.268881,196036460118094.8,1529.268881,196036462224165.12,1529.2688645706698,196036458012024.5,1529.2688974293308
0.0045199999999999,0.0,0.0,-0.0005529551562372274,0.0,0.0,-3.23097402029996,0.0,0.0,-2.5565598759516365e-22,70949875.75970702,0.0,0.0,0.00011272835439421656,0.0,0.0,1.0,-15077828.58636233,1577749.1022615726,709570.7522335376,-12790508.731867222,196036460118094.8,1529.268881,196036460118094.8,1529.268881,196036460118094.8,1529.268881,196036460118094.8,1529.268881,196036462230852.12,1529.2688645185049,196036458005337.5,1529.2688974814957
0.0045249999999999,0.0,0.0,-0.0005691545590110427,0.0,0.0,-3.2398805547630674,0.0,0.0,-2.1629823800038525e-22,71036929.47438459,0.0,0.0,0.00011603474592488647,0.0,0.0,1.0,-15007926.896780077,1624025.4477052114,749129.4873185343,-12634771.961756332,196036460118094.8,1529.268881,196036460118094.8,1529.268881,196036460118094.8,1529.268881,196036460118094.8,1529.268881,196036462236676.2,1529.2688644730717,196036457999513.44,1529.2688975269289
0.0045299999999998996,0.0,0.0,-0.0005853916764804452,0.0,0.0,-3.2474234938804907,0.0,0.0,-1.7571090739428587e-22,71116655.04030263,0.0,0.0,0.0001193518941639585,0.0,0.0,1.0,-14936417.585238127,1670452.344331079,789635.1656764837,-12476330.075230565,196036460118094.8,1529.268881,196036460118094.8,1529.268881,196036460118094.8,1529.268881,196036460118094.8,1529.268881,196036462241608.6,1529.2688644345942,196036457994581.06,1529.268897565406
0.004534999999999899,0.0,0.0,-0.0006016594776673329,0.0,0.0,-3.253560237377534,0.0,0.0,-1.3393527312966557e-22,71188465.49967527,0.0,0.0,0.00012267847557754702,0.0,0.0,1.0,-14863367.698249565,1717011.2679230534,831053.1359682939,-12315303.294358218,196036460118094.8,1529.268881,196036460118094.8,1529.268881,196036460118094.8,1529.268881,196036460118094.8,1529.268881,196036462245621.4,1529.2688644032905,196036457990568.22,1529.26889759671
0.004539999999999899,0.0,0.0,-0.0006179507257427417,0.0,0.0,-3.2582496150817484,0.0,0.0,-9.101599493676617e-23,71251818.40653536,0.0,0.0,0.0001260131201134899,0.0,0.0,1.0,-14788848.794688314,1763683.0431939536,873346.2038682426,-12151819.547626117,196036460118094.8,1529.268881,196036460118094.8,1529.268881,196036460118094.8,1529.268881,196036460118094.8,1529.268881,196036462248687.84,1529.2688643793697,196036457987501.78,1529.2688976206312
0.004544999999999899,0.0,0.0,-0.0006342579857632884,0.0,0.0,-3.261452004109361,0.0,0.0,-4.700106784583757e-23,71306220.81914754,0.0,0.0,0.00012935441194767333,0.0,0.0,1.0,-14712936.7643783,1810447.8542311254,916474.7116534747,-11986014.1984937,196036460118094.8,1529.268881,196036460118094.8,1529.268881,196036460118094.8,1529.268881,196036460118094.8,1529.268881,196036462250781.88,1529.268864363034,196036457985407.72,1529.2688976369668
0.004549999999999899,0.0,0.0,-0.0006505736329853917,0.0,0.0,-3.2631294444206542,0.0,0.0,-1.9417727153203872e-24,71351233.59245928,0.0,0.0,0.0001327008905895453,0.0,0.0,1.0,-14635711.626784138,1857285.2599692324,960396.6335038581,-11818029.733311048,196036460118094.8,1529.268881,196036460118094.8,1529.268881,196036460118094.8,1529.268881,196036460118094.8,1529.268881,196036462251878.8,1529.268864354477,196036457984310.84,1529.2688976455233
0.0045549999999998985,0.0,0.0,-0.0006668898617486984,0.0,0.0,-3.263245752661329,0.0,0.0,4.410738374822595e-23,71386474.94581896,0.0,0.0,0.00013605105199308176,0.0,0.0,1.0,-14557257.301511269,1904174.2097393728,1005067.6828206561,-11648015.40895124,196036460118094.8,1529.268881,196036460118094.8,1529.268881,196036460118094.8,1529.268881,196036460118094.8,1529.268881,196036462251954.88,1529.2688643538836,196036457984234.75,1529.268897646117
0.004559999999999898,0.0,0.0,-0.0006831986949183274,0.0,0.0,-3.2617666339257965,0.0,0.0,9.10887332129739e-23,71411623.25587976,0.0,0.0,0.00013940334971220103,0.0,0.0,1.0,-14477661.360255178,1951093.0594402896,1050441.4338704362,-11476126.86694445,196036460118094.8,1529.268881,196036460118094.8,1529.268881,196036460118094.8,1529.268881,196036460118094.8,1529.268881,196036462250987.66,1529.2688643614288,196036457985201.97,1529.2688976385718
0.004564999999999898,0.0,0.0,-0.0006994919938748043,0.0,0.0,-3.2586597912953854,0.0,0.0,1.3894152431712195e-22,71426419.0854462,0.0,0.0,0.00014275619638662177,0.0,0.0,1.0,-14397014.7505978,1998019.592334479,1096469.453193867,-11302525.705069454,196036460118094.8,1529.268881,196036460118094.8,1529.268881,196036460118094.8,1529.268881,196036460118094.8,1529.268881,196036462248956.06,1529.2688643772772,196036457987233.56,1529.2688976227234
0.004569999999999898,0.0,0.0,-0.0007157614690380719,0.0,0.0,-3.25389503265353,0.0,0.0,1.876020075896708e-22,71430666.45495975,0.0,0.0,0.0001461079651556115,0.0,0.0,1.0,-14315411.504161973,2044931.0388350517,1143101.4436828499,-11127379.02164407,196036460118094.8,1529.268881,196036460118094.8,1529.268881,196036460118094.8,1529.268881,196036460118094.8,1529.268881,196036462245840.38,1529.2688644015823,196036457990349.28,1529.2688975984179
0.004574999999999898,0.0,0.0,-0.0007319986909108658,0.0,0.0,-3.2474443745587758,0.0,0.0,2.3700353575784156e-22,71424233.41250518,0.0,0.0,0.00014945699114369044,0.0,0.0,1.0,-14232948.421559662,2091804.0972996869,1190285.3970977874,-10950858.927162187,196036460118094.8,1529.268881,196036460118094.8,1529.268881,196036460118094.8,1529.268881,196036460118094.8,1529.268881,196036462241622.2,1529.2688644344883,196036457994567.4,1529.2688975655126
0.0045799999999998975,0.0,0.0,-0.0007481951016240784,0.0,0.0,-3.239282142642517,0.0,0.0,2.870766678625332e-22,71407051.93063949,0.0,0.0,0.00015280157341018437,0.0,0.0,1.0,-14149724.751414623,2138614.9613166237,1237967.759236741,-10773142.030861259,196036460118094.8,1529.268881,196036460118094.8,1529.268881,196036460118094.8,1529.268881,196036460118094.8,1529.268881,196036462236284.88,1529.2688644761242,196036457999904.75,1529.2688975238761
0.004584999999999897,0.0,0.0,-0.0007643420269660761,0.0,0.0,-3.2293850683995307,0.0,0.0,3.3774930069776726e-22,71379117.2627965,0.0,0.0,0.00015613997652445252,0.0,0.0,1.0,-14065841.83916088,2185339.341751597,1286093.5974263381,-10594408.899982946,196036460118094.8,1529.268881,196036460118094.8,1529.268881,196036460118094.8,1529.268881,196036460118094.8,1529.268881,196036462229813.1,1529.2688645266103,196036458006376.5,1529.2688974733906
0.004589999999999897,0.0,0.0,-0.0007804306888731993,0.0,0.0,-3.2177323814246406,0.0,0.0,3.8894679914492057e-22,71340486.77403131,0.0,0.0,0.0001594704326806967,0.0,0.0,1.0,-13981402.782998502,2231952.4963467587,1334606.7812350425,-10414843.5054167,196036460118094.8,1529.268881,196036460118094.8,1529.268881,196036460118094.8,1529.268881,196036460118094.8,1529.268881,196036462222193.3,1529.2688645860517,196036458013996.3,1529.2688974139487
0.004594999999999897,0.0,0.0,-0.0007964522183588683,0.0,0.0,-3.204305897133797,0.0,0.0,4.405921560452445e-22,71291278.38994466,0.0,0.0,0.00016279114379229415,0.0,0.0,1.0,-13896512.064520007,2278429.259033021,1383450.163016374,-10234632.642470613,196036460118094.8,1529.268881,196036460118094.8,1529.268881,196036460118094.8,1529.268881,196036460118094.8,1529.268881,196036462213413.66,1529.2688646545414,196036458022775.97,1529.2688973454592
0.004599999999999897,0.0,0.0,-0.0008123976688535992,0.0,0.0,-3.189090098946186,0.0,0.0,4.92606156759292e-22,71231668.7157282,0.0,0.0,0.00016610028358077778,0.0,0.0,1.0,-13811275.186436156,2324744.06916748,1432565.7672877153,-10053965.349980963,196036460118094.8,1529.268881,196036460118094.8,1529.268881,196036460118094.8,1529.268881,196036460118094.8,1529.268881,196036462203463.94,1529.2688647321586,196036458032725.7,1529.268897267842
0.0046049999999998965,0.0,0.0,-0.0008282580299274242,0.0,0.0,-3.1720722147649827,0.0,0.0,5.449075679049786e-22,71161890.91423385,0.0,0.0,0.00016939600000629695,0.0,0.0,1.0,-13725798.297836618,2370871.005550207,1481894.9798945063,-9873032.312391905,196036460118094.8,1529.268881,196036460118094.8,1529.268881,196036460118094.8,1529.268881,196036460118094.8,1529.268881,196036462192335.8,1529.2688648189685,196036458043853.8,1529.2688971810321
0.004609999999999896,0.0,0.0,-0.0008440242413620194,0.0,0.0,-3.153242286919057,0.0,0.0,5.9741333758537905e-22,71082232.40312497,0.0,0.0,0.00017267641771880646,0.0,0.0,1.0,-13640187.824120242,2416783.8207311616,1531378.7405899847,-9692025.262799095,196036460118094.8,1529.268881,196036460118094.8,1529.268881,196036460118094.8,1529.268881,196036460118094.8,1529.268881,196036462180022.8,1529.2688649150214,196036458056166.84,1529.2688970849788
0.004614999999999896,0.0,0.0,-0.0008596872075378572,0.0,0.0,-3.1325932351675503,0.0,0.0,6.500387178168302e-22,70993032.56036226,0.0,0.0,0.00017593963540956593,0.0,0.0,1.0,-13554550.202876214,2462455.9039417016,1580957.7713991173,-9511136.527535396,196036460118094.8,1529.268881,196036460118094.8,1529.268881,196036460118094.8,1529.268881,196036460118094.8,1529.268881,196036462166520.25,1529.268865020354,196036458069669.4,1529.2688969796463
0.004619999999999896,0.0,0.0,-0.0008752378121151711,0.0,0.0,-3.1101209154627876,0.0,0.0,7.026977386327479e-22,70894679.87637004,0.0,0.0,0.00017918374162725028,0.0,0.0,1.0,-13468991.24640962,2507860.5024572928,1630572.674418783,-9330558.069533542,196036460118094.8,1529.268881,196036460118094.8,1529.268881,196036460118094.8,1529.268881,196036460118094.8,1529.268881,196036462151825.44,1529.2688651349874,196036458084364.22,1529.268896865013
0.004624999999999896,0.0,0.0,-0.0008906669329266076,0.0,0.0,-3.0858241622873073,0.0,0.0,7.553032849860407e-22,70787609.49345496,0.0,0.0,0.00018240680859475815,0.0,0.0,1.0,-13383615.971013945,2552970.6350573953,1680164.184391509,-9150481.15156504,196036460118094.8,1529.268881,196036460118094.8,1529.268881,196036460118094.8,1529.268881,196036460118094.8,1529.268881,196036462135937.6,1529.2688652589275,196036458100252.03,1529.268896741073
0.0046299999999998955,0.0,0.0,-0.0009059654570682402,0.0,0.0,-3.059704828326517,0.0,0.0,8.077673335937249e-22,70672300.51008788,0.0,0.0,0.000185606894353047,0.0,0.0,1.0,-13298528.264877649,2597759.1220306363,1729673.358915718,-8971095.783931293,196036460118094.8,1529.268881,196036460118094.8,1529.268881,196036460118094.8,1529.268881,196036460118094.8,1529.268881,196036462118857.94,1529.268865392165,196036458117331.66,1529.2688966078358
0.004634999999999895,0.0,0.0,-0.0009211242961479182,0.0,0.0,-3.031767815935589,0.0,0.0,8.60001240034047e-22,70549273.06077337,0.0,0.0,0.00018878204762975785,0.0,0.0,1.0,-13213830.518272705,2642198.6533162137,1779041.746633082,-8792590.11832341,196036460118094.8,1529.268881,196036460118094.8,1529.268881,196036460118094.8,1529.268881,196036460118094.8,1529.268881,196036462100589.78,1529.2688655346738,196036458135599.88,1529.2688964653266
0.004639999999999895,0.0,0.0,-0.0009361344016412159,0.0,0.0,-3.0020210986595446,0.0,0.0,9.119160005505537e-22,70419085.26101124,0.0,0.0,0.00019193031066036566,0.0,0.0,1.0,-13129623.296837648,2686261.8279887927,1828211.5591161153,-8615149.90973274,196036460118094.8,1529.268881,196036460118094.8,1529.268881,196036460118094.8,1529.268881,196036460118094.8,1529.268881,196036462081138.16,1529.2688656864148,196036458155051.47,1529.2688963135856
0.004644999999999895,0.0,0.0,-0.00095098678030963,0.0,0.0,-2.9704757336828194,0.0,0.0,9.634224984848441e-22,70282329.89579868,0.0,0.0,0.00019504972274995893,0.0,0.0,1.0,-13046005.0437882,2729921.204109271,1877125.8399341917,-8438957.999744738,196036460118094.8,1529.268881,196036460118094.8,1529.268881,196036460118094.8,1529.268881,196036460118094.8,1529.268881,196036462060510.4,1529.2688658473305,196036458175679.22,1529.2688961526699
0.004649999999999895,0.0,0.0,-0.0009656725096383345,0.0,0.0,-2.9371458657408898,0.0,0.0,1.01443174905809e-21,70139630.81886044,0.0,0.0,0.00019813832322961939,0.0,0.0,1.0,-12963071.790407747,2773149.3401023475,1925728.6221746358,-8264193.828130762,196036460118094.8,1529.268881,196036460118094.8,1529.268881,196036460118094.8,1529.268881,196036460118094.8,1529.268881,196036462038715.78,1529.2688660173492,196036458197473.84,1529.2688959826512
0.0046549999999998945,0.0,0.0,-0.0009801827532510902,0.0,0.0,-2.902048722551147,0.0,0.0,1.064855124064682e-21,69991638.9726205,0.0,0.0,0.00020119415492342259,0.0,0.0,1.0,-12880916.89130846,2815918.8432807587,1973965.078746085,-8091032.969281618,196036460118094.8,1529.268881,196036460118094.8,1529.268881,196036460118094.8,1529.268881,196036460118094.8,1529.268881,196036462015765.5,1529.268866196383,196036458220424.12,1529.2688958036174
0.004659999999999894,0.0,0.0,-0.0009945087762633852,0.0,0.0,-2.865204602459001,0.0,0.0,1.1146045557084885e-21,69839027.98709218,0.0,0.0,0.0002042152675813699,0.0,0.0,1.0,-12799630.78010846,2858202.417892684,2021781.6627834311,-7919646.699432344,196036460118094.8,1529.268881,196036460118094.8,1529.268881,196036460118094.8,1529.268881,196036460118094.8,1529.268881,196036461991672.88,1529.268866384328,196036458244516.75,1529.2688956156724
0.004664999999999894,0.0,0.0,-0.0010086419605384945,0.0,0.0,-2.826636855021838,0.0,0.0,1.1635927144395459e-21,69682489.3186964,0.0,0.0,0.00020719972121306586,0.0,0.0,1.0,-12719300.746723073,2899972.9117799895,2069126.2376179316,-7750201.597325151,196036460118094.8,1529.268881,196036460118094.8,1529.268881,196036460118094.8,1529.268881,196036460118094.8,1529.268881,196036461966453.12,1529.2688665810658,196036458269736.5,1529.2688954189346
0.004669999999999894,0.0,0.0,-0.0010225738198156526,0.0,0.0,-2.786371855431616,0.0,0.0,1.21173315542014e-21,69522726.89899534,0.0,0.0,0.00021014558980477394,0.0,0.0,1.0,-12640010.73892725,2941203.368402236,2115948.196510303,-7582859.174014712,196036460118094.8,1529.268881,196036460118094.8,1529.268881,196036460118094.8,1529.268881,196036460118094.8,1529.268881,196036461940123.53,1529.2688667864616,196036458296066.06,1529.2688952135393
0.004674999999999894,0.0,0.0,-0.0010362960146849674,0.0,0.0,-2.7444389738629744,0.0,0.0,1.2589404308614751e-21,69360451.3247122,0.0,0.0,0.00021305096475345405,0.0,0.0,1.0,-12561841.18859431,2981867.074899565,2162198.571799687,-7417775.541895058,196036460118094.8,1529.268881,196036460118094.8,1529.268881,196036460118094.8,1529.268881,196036460118094.8,1529.268881,196036461912703.3,1529.268867000365,196036458323486.28,1529.2688949996357
0.0046799999999998934,0.0,0.0,-0.0010498003673896138,0.0,0.0,-2.7008705409293037,0.0,0.0,1.3051298789678787e-21,69196373.61855018,0.0,0.0,0.00021591397461040896,0.0,0.0,1.0,-12484869.197108991,3021937.838425306,2207830.24767796,-7255101.111005725,196036460118094.8,1529.268881,196036460118094.8,1529.268881,196036460118094.8,1529.268881,196036460118094.8,1529.268881,196036461884213.62,1529.2688672226113,196036458351976.0,1529.268894777389
0.004684999999999893,0.0,0.0,-0.0010630788764918692,0.0,0.0,-2.6557018204510947,0.0,0.0,1.3502184353539465e-21,69031198.7096715,0.0,0.0,0.00021873274700682664,0.0,0.0,1.0,-12409167.527477076,3061389.453254839,2252797.745519226,-7094980.32870301,196036460118094.8,1529.268881,196036460118094.8,1529.268881,196036460118094.8,1529.268881,196036460118094.8,1529.268881,196036461854677.47,1529.2688674530211,196036458381512.16,1529.2688945469793
0.004689999999999893,0.0,0.0,-0.001076123731262428,0.0,0.0,-2.6089709541117867,0.0,0.0,1.394124108478108e-21,68865618.52424067,0.0,0.0,0.0002215054420135292,0.0,0.0,1.0,-12334805.127470855,3100196.16768954,2297057.513658278,-6937551.446123036,196036460118094.8,1529.268881,196036460118094.8,1529.268881,196036460118094.8,1529.268881,196036460118094.8,1529.268881,196036461824119.84,1529.2688676913995,196036458412069.8,1529.2688943086007
0.004694999999999893,0.0,0.0,-0.0010889273258838672,0.0,0.0,-2.560718924287838,0.0,0.0,1.4367659517769975e-21,68700305.1925946,0.0,0.0,0.0002242302574451824,0.0,0.0,1.0,-12261847.080850963,3138332.758294644,2340568.0027419236,-6782946.319814394,196036460118094.8,1529.268881,196036460118094.8,1529.268881,196036460118094.8,1529.268881,196036460118094.8,1529.268881,196036461792567.47,1529.2688679375376,196036458443622.16,1529.2688940624628
0.004699999999999893,0.0,0.0,-0.0011014822734730883,0.0,0.0,-2.5109895178442296,0.0,0.0,1.478064151402104e-21,68535904.36453459,0.0,0.0,0.0002269054270581919,0.0,0.0,1.0,-12190354.43336369,3175774.5046769516,2383289.6801707917,-6631290.248515946,196036460118094.8,1529.268881,196036460118094.8,1529.268881,196036460118094.8,1529.268881,196036460118094.8,1529.268881,196036461760049.03,1529.268868191212,196036458476140.6,1529.2688938087883
0.004704999999999892,0.0,0.0,-0.0011137814199075396,0.0,0.0,-2.4598292868902343,0.0,0.0,1.5179400158717405e-21,68373028.87119053,0.0,0.0,0.0002295292244096991,0.0,0.0,1.0,-12120384.15343358,3212497.2434954396,2425185.073192176,-6482701.836745963,196036460118094.8,1529.268881,196036460118094.8,1529.268881,196036460118094.8,1529.268881,196036460118094.8,1529.268881,196036461726595.0,1529.268868452185,196036458509594.62,1529.2688935478154
0.004709999999999892,0.0,0.0,-0.001125817857457008,0.0,0.0,-2.4072875098936994,0.0,0.0,1.5563159769893909e-21,68212252.98677854,0.0,0.0,0.00023209996655889161,0.0,0.0,1.0,-12051989.11559981,3248477.420264902,2466218.8032174227,-6337292.892117485,196036460118094.8,1529.268881,196036460118094.8,1529.268881,196036460118094.8,1529.268881,196036460118094.8,1529.268881,196036461692237.56,1529.2688687202053,196036458543952.06,1529.268893279795
0.004714999999999892,0.0,0.0,-0.0011375849382208255,0.0,0.0,-2.3534161527635202,0.0,0.0,1.5931156199328007e-21,68054107.49701038,0.0,0.0,0.00023461601799039283,0.0,0.0,1.0,-11985218.1023136,3283692.1442678156,2506357.610814964,-6195168.347230821,196036460118094.8,1529.268881,196036460118094.8,1529.268881,196036460118094.8,1529.268881,196036460118094.8,1529.268881,196036461657010.66,1529.2688689950085,196036458579178.94,1529.2688930049922
0.004719999999999892,0.0,0.0,-0.0011490762873652737,0.0,0.0,-2.2982698288896355,0.0,0.0,1.6282637555101724e-21,67899075.78169236,0.0,0.0,0.00023707579460815705,0.0,0.0,1.0,-11920115.825094432,3318119.2444530074,2545570.3727649692,-6056426.207876456,196036460118094.8,1529.268881,196036460118094.8,1529.268881,196036460118094.8,1529.268881,196036460118094.8,1529.268881,196036461620950.12,1529.2688692763145,196036458615239.5,1529.2688927236861
0.004724999999999892,0.0,0.0,-0.0011602858161486717,0.0,0.0,-2.2419057566796234,0.0,0.0,1.6616865542943508e-21,67747591.0722304,0.0,0.0,0.0002394777672477689,0.0,0.0,1.0,-11856722.957132177,3351737.31859389,2583828.1095167,-5921157.529021587,196036460118094.8,1529.268881,196036460118094.8,1529.268881,196036460118094.8,1529.268881,196036460118094.8,1529.268881,196036461584093.25,1529.2688695638328,196036458652096.4,1529.2688924361676
0.004729999999999891,0.0,0.0,-0.001171207734710912,0.0,0.0,-2.1843837124480636,0.0,0.0,1.6933117474543613e-21,67600034.9714888,0.0,0.0,0.0002418204659309755,0.0,0.0,1.0,-11795076.185961945,3384525.7928350097,2621103.9871254843,-5789446.4060014505,196036460118094.8,1529.268881,196036460118094.8,1529.268881,196036460118094.8,1529.268881,196036460118094.8,1529.268881,196036461546479.16,1529.268869857258,196036458689710.47,1529.2688921427423
0.004734999999999891,0.0,0.0,-0.0011818365645926512,0.0,0.0,-2.125765976347854,0.0,0.0,1.723068653054601e-21,67456738.23778915,0.0,0.0,0.00024410247023070317,0.0,0.0,1.0,-11735208.556960162,3416464.78684056,2657373.4074522,-5661370.362667402,196036460118094.8,1529.268881,196036460118094.8,1529.268881,196036460118094.8,1529.268881,196036460118094.8,1529.268881,196036461508148.56,1529.2688701562727,196036458728041.03,1529.268891843728
0.004739999999999891,0.0,0.0,-0.001192167150979603,0.0,0.0,-2.0661172773903624,0.0,0.0,1.7508892114321827e-21,67317979.47182478,0.0,0.0,0.00024632244736980455,0.0,0.0,1.0,-11677148.82571239,3447535.6470254757,2692613.7487821043,-5536999.42990481,196036460118094.8,1529.268881,196036460118094.8,1529.268881,196036460118094.8,1529.268881,196036460118094.8,1529.268881,196036461469143.84,1529.2688704605462,196036458767045.75,1529.2688915394544
0.004744999999999891,0.0,0.0,-0.0012021946744925716,0.0,0.0,-2.005504702593714,0.0,0.0,1.776707983163853e-21,67183989.0156167,0.0,0.0,0.0002484791324395203,0.0,0.0,1.0,-11620922.039945899,3477720.669692493,2726804.5178827154,-5416396.852370689,196036460118094.8,1529.268881,196036460118094.8,1529.268881,196036460118094.8,1529.268881,196036460118094.8,1529.268881,196036461429508.84,1529.2688707697366,196036458806680.75,1529.268891230264
0.004749999999999891,0.0,0.0,-0.001211914662523579,0.0,0.0,-1.9439976062015212,0.0,0.0,1.8004626354664358e-21,67054952.42852583,0.0,0.0,0.00025057132938210037,0.0,0.0,1.0,-11566549.695311962,3507003.1147849364,2759927.347688254,-5299619.23283877,196036460118094.8,1529.268881,196036460118094.8,1529.268881,196036460118094.8,1529.268881,196036460118094.8,1529.268881,196036461389288.94,1529.2688710834896,196036458846900.7,1529.2688909165108
0.00475499999999989,0.0,0.0,-0.0012213230000338276,0.0,0.0,-1.8816675020496967,0.0,0.0,1.8220946604635904e-21,66931014.15047376,0.0,0.0,0.000252597919536136,0.0,0.0,1.0,-11514049.726900505,3535367.3254874204,2791965.9311508113,-5186716.470262274,196036460118094.8,1529.268881,196036460118094.8,1529.268881,196036460118094.8,1529.268881,196036460118094.8,1529.268881,196036461348530.84,1529.2688714014412,196036458887658.8,1529.268890598559
0.00475999999999989,0.0,0.0,-0.001230415939689068,0.0,0.0,-1.8185879310480768,0.0,0.0,1.8415500491370422e-21,66812282.056222126,0.0,0.0,0.00025455786527703506,0.0,0.0,1.0,-11463436.622833299,3562798.7791780415,2822905.990004891,-5077731.853650365,196036460118094.8,1529.268881,196036460118094.8,1529.268881,196036460118094.8,1529.268881,196036460118094.8,1529.268881,196036461307282.66,1529.2688717232159,196036458928907.0,1529.2688902767843
0.00476499999999989,0.0,0.0,-0.001239190111215629,0.0,0.0,-1.7548343053122122,0.0,0.0,1.8587800097204893e-21,66698832.2829534,0.0,0.0,0.0002564502129922736,0.0,0.0,1.0,-11414721.541564196,3589284.129070078,2852735.238517764,-4972702.173976354,196036460118094.8,1529.268881,196036460118094.8,1529.268881,196036460118094.8,1529.268881,196036460118094.8,1529.268881,196036461265593.7,1529.2688720484289,196036458970595.97,1529.268889951571
0.00476999999999989,0.0,0.0,-0.0012476425298526567,0.0,0.0,-1.6904837274055602,0.0,0.0,1.8737412015098232e-21,66590714.96320855,0.0,0.0,0.00025827412856142557,0.0,0.0,1.0,-11367913.119463809,3614811.700791449,2881443.5778265395,-4871657.84084582,196036460118094.8,1529.268881,196036460118094.8,1529.268881,196036460118094.8,1529.268881,196036460118094.8,1529.268881,196036461223514.38,1529.2688723766873,196036459012675.25,1529.268889623313
0.00477499999999989,0.0,0.0,-0.001255770603860062,0.0,0.0,-1.62561480148105,0.0,0.0,1.8863979948605106e-21,66487956.30296152,0.0,0.0,0.0002600288040720238,0.0,0.0,1.0,-11323015.571750842,3639370.186777374,2909022.359017496,-4774623.025955972,196036460118094.8,1529.268881,196036460118094.8,1529.268881,196036460118094.8,1529.268881,196036460118094.8,1529.268881,196036461181096.12,1529.2688727075895,196036459055093.53,1529.2688892924107
0.004779999999999889,0.0,0.0,-0.0012635721406906739,0.0,0.0,-1.560307366122389,0.0,0.0,1.896721680108699e-21,66390565.30089712,0.0,0.0,0.0002617135537336152,0.0,0.0,1.0,-11280030.79895079,3662949.98868609,2935465.011646157,-4681615.798618542,196036460118094.8,1529.268881,196036460118094.8,1529.268881,196036460118094.8,1529.268881,196036460118094.8,1529.268881,196036461138391.1,1529.268873040729,196036459097798.53,1529.2688889592714
0.004784999999999889,0.0,0.0,-0.00127104535196364,0.0,0.0,-1.4946422545932232,0.0,0.0,1.9046916007386666e-21,66298536.808418214,0.0,0.0,0.00026332778697246766,0.0,0.0,1.0,-11238957.910828015,3685542.8408316458,2960766.784355194,-4592648.285641176,196036460118094.8,1529.268881,196036460118094.8,1529.268881,196036460118094.8,1529.268881,196036460118094.8,1529.268881,196036461095452.22,1529.2688733756925,196036459140737.4,1529.2688886243077
0.004789999999999889,0.0,0.0,-0.001278188857042772,0.0,0.0,-1.428701015826388,0.0,0.0,1.9102957613699808e-21,66211854.71517694,0.0,0.0,0.000264871008933993,0.0,0.0,1.0,-11199793.337814596,3707141.817215815,2984924.682605185,-4507726.837993595,196036460118094.8,1529.268881,196036460118094.8,1529.268881,196036460118094.8,1529.268881,196036460118094.8,1529.268881,196036461052332.78,1529.2688737120648,196036459183856.84,1529.2688882879354
0.004794999999999889,0.0,0.0,-0.0012850016851145157,0.0,0.0,-1.362565614348727,0.0,0.0,1.9135313200446586e-21,66130494.57597927,0.0,0.0,0.00026634282193523654,0.0,0.0,1.0,-11162530.97286246,3727741.3518571905,3007937.4132503867,-4426852.207754883,196036460118094.8,1529.268881,196036460118094.8,1529.268881,196036460118094.8,1529.268881,196036460118094.8,1529.268881,196036461009086.34,1529.2688740494277,196036459227103.28,1529.2688879505727
0.0047999999999998886,0.0,0.0,-0.001291483275680266,0.0,0.0,-1.2963181131500479,0.0,0.0,1.9144049708525742e-21,66054425.64980633,0.0,0.0,0.0002677429262971569,0.0,0.0,1.0,-11127162.310735077,3747337.250439789,3029805.32498694,-4350019.735308347,196036460118094.8,1529.268881,196036460118094.8,1529.268881,196036460118094.8,1529.268881,196036460118094.8,1529.268881,196036460965766.62,1529.2688743873623,196036459270423.0,1529.268887612638
0.004804999999999888,0.0,0.0,-0.0012976334773967437,0.0,0.0,-1.2300403432955718,0.0,0.0,1.9129332003361465e-21,65983612.39705814,0.0,0.0,0.00026907112068881074,0.0,0.0,1.0,-11093676.586699568,3765926.6951302746,3050530.345730223,-4277219.54583907,196036460118094.8,1529.268881,196036460118094.8,1529.268881,196036460118094.8,1529.268881,196036460118094.8,1529.268881,196036460922427.1,1529.2688747254515,196036459313762.53,1529.268887274549
0.004809999999999888,0.0,0.0,-0.0013034525452200185,0.0,0.0,-1.1638135646549423,0.0,0.0,1.909142274941745e-21,65918016.10242777,0.0,0.0,0.0002703272948865072,0.0,0.0,1.0,-11062061.074386422,3783508.143234882,3070115.9720502617,-4208436.959101278,196036460118094.8,1529.268881,196036460118094.8,1529.268881,196036460118094.8,1529.268881,196036460118094.8,1529.268881,196036460879120.94,1529.2688750632801,196036459357068.7,1529.26888693672
0.004814999999999888,0.0,0.0,-0.0013089411358553486,0.0,0.0,-1.0977181270659957,0.0,0.0,1.9030683815867833e-21,65857594.78415814,0.0,0.0,0.0002715114380832133,0.0,0.0,1.0,-11032301.032359375,3800081.4434980866,3088567.1363405483,-4143652.4525207393,196036460118094.8,1529.268881,196036460118094.8,1529.268881,196036460118094.8,1529.268881,196036460118094.8,1529.268881,196036460835900.62,1529.2688754004394,196036459400288.97,1529.2688865995613
0.004819999999999888,0.0,0.0,-0.0013141003014884905,0.0,0.0,-1.0318331266284175,0.0,0.0,1.8947577477293138e-21,65802302.10140045,0.0,0.0,0.00027262365537231154,0.0,0.0,1.0,-11004379.484702678,3815648.0668097152,3105890.0155269727,-4082841.402365991,196036460118094.8,1529.268881,196036460118094.8,1529.268881,196036460118094.8,1529.268881,196036460118094.8,1529.268881,196036460792817.97,1529.2688757365245,196036459443371.66,1529.2688862634757
0.0048249999999998875,0.0,0.0,-0.0013189314817776778,0.0,0.0,-0.9662360578374505,0.0,0.0,1.884265766848489e-21,65752090.013190284,0.0,0.0,0.0002736641341099782,0.0,0.0,1.0,-10978278.027585879,3830210.6354118874,3122092.1896716356,-4025975.202502356,196036460118094.8,1529.268881,196036460118094.8,1529.268881,196036460118094.8,1529.268881,196036460118094.8,1529.268881,196036460749923.56,1529.2688760711412,196036459486266.06,1529.268885928859
0.004829999999999887,0.0,0.0,-0.0013234364942577596,0.0,0.0,-0.9010024960163532,0.0,0.0,1.871656781479318e-21,65706907.644098446,0.0,0.0,0.0002746331553837401,0.0,0.0,1.0,-10953976.693151865,3843773.0834132447,3137182.4773367867,-3973021.132401834,196036460118094.8,1529.268881,196036460118094.8,1529.268881,196036460118094.8,1529.268881,196036460118094.8,1529.268881,196036460707266.88,1529.2688764039035,196036459528922.75,1529.2688855960967
0.004834999999999887,0.0,0.0,-0.001327617523194089,0.0,0.0,-0.8362057872658765,0.0,0.0,1.857003512954063e-21,65666701.09018226,0.0,0.0,0.0002755310915953663,0.0,0.0,1.0,-10931454.079086589,3856340.6229590382,3151170.8617680348,-3923942.594359516,196036460118094.8,1529.268881,196036460118094.8,1529.268881,196036460118094.8,1529.268881,196036460118094.8,1529.268881,196036460664895.84,1529.2688767344373,196036459571293.78,1529.2688852655629
0.004839999999999887,0.0,0.0,-0.001331477106984944,0.0,0.0,-0.7719167581710155,0.0,0.0,1.8403863747917467e-21,65631413.20284306,0.0,0.0,0.0002763584042754437,0.0,0.0,1.0,-10910687.488748152,3867919.713643862,3164068.4210965126,-3878699.354007777,196036460118094.8,1529.268881,196036460118094.8,1529.268881,196036460118094.8,1529.268881,196036460118094.8,1529.268881,196036460622856.78,1529.2688770623815,196036459613332.84,1529.2688849376186
0.004844999999999887,0.0,0.0,-0.001335018124231425,0.0,0.0,-0.7082034492961877,0.0,0.0,1.8218923758639813e-21,65600984.67695557,0.0,0.0,0.00027711567285412943,0.0,0.0,1.0,-10891653.729839664,3878518.465187899,3175887.4849315276,-3837247.779720238,196036460118094.8,1529.268881,196036460118094.8,1529.268881,196036460118094.8,1529.268881,196036460118094.8,1529.268881,196036460581194.16,1529.2688773873895,196036459654995.44,1529.268884612611
0.0048499999999998865,0.0,0.0,-0.0013382437786648325,0.0,0.0,-0.6451308866815152,0.0,0.0,1.8016153106367313e-21,65575349.759743996,0.0,0.0,0.00027780349288354027,0.0,0.0,1.0,-10874327.15531254,3888145.2129547065,3186640.848517286,-3799541.0938405464,196036460118094.8,1529.268881,196036460118094.8,1529.268881,196036460118094.8,1529.268881,196036460118094.8,1529.268881,196036460539950.6,1529.268877709128,196036459696239.06,1529.268884290872
0.004854999999999886,0.0,0.0,-0.0013411575828985722,0.0,0.0,-0.5827608467479582,0.0,0.0,1.779653781975394e-21,65554440.15746124,0.0,0.0,0.0002784225717147371,0.0,0.0,1.0,-10858681.883838886,3896809.8570489003,3196342.419170651,-3765529.6076193335,196036460118094.8,1529.268881,196036460118094.8,1529.268881,196036460118094.8,1529.268881,196036460118094.8,1529.268881,196036460499166.38,1529.2688780272833,196036459737023.28,1529.2688839727168
0.004859999999999886,0.0,0.0,-0.0013437633413470955,0.0,0.0,-0.521151689704684,0.0,0.0,1.756110642486577e-21,65538183.59242621,0.0,0.0,0.00027897369135091506,0.0,0.0,1.0,-10844691.2117293,3904523.3424083837,3205006.9039870347,-3735160.9653338804,196036460118094.8,1529.268881,196036460118094.8,1529.268881,196036460118094.8,1529.268881,196036460118094.8,1529.268881,196036460458879.7,1529.2688783415574,196036459777309.94,1529.2688836584427
0.004864999999999886,0.0,0.0,-0.0013460651324086546,0.0,0.0,-0.46035821231180285,0.0,0.0,1.731092055935818e-21,65526503.76410764,0.0,0.0,0.000279457704201254,0.0,0.0,1.0,-10832327.716800768,3911297.599375134,3212649.7373408847,-3708380.38008475,196036460118094.8,1529.268881,196036460118094.8,1529.268881,196036460118094.8,1529.268881,196036460118094.8,1529.268881,196036460419126.38,1529.2688786516705,196036459817063.25,1529.2688833483296
0.004869999999999886,0.0,0.0,-0.0013480672900744615,0.0,0.0,-0.4004315331613884,0.0,0.0,1.7047065626635864e-21,65519320.40156927,0.0,0.0,0.00027987552866669377,0.0,0.0,1.0,-10821563.36184464,3917145.481913587,3219287.0116235297,-3685130.868307523,196036460118094.8,1529.268881,196036460118094.8,1529.268881,196036460118094.8,1529.268881,196036460118094.8,1529.268881,196036460379939.88,1529.2688789573622,196036459856249.75,1529.268883042638
0.0048749999999998855,0.0,0.0,-0.0013497743851261527,0.0,0.0,-0.34141901033825434,0.0,0.0,1.6770641700460008e-21,65516549.38621863,0.0,0.0,0.00028022814473221524,0.0,0.0,1.0,-10812369.59178775,3922080.7059200862,3224935.4095546375,-3665353.4763130257,196036460118094.8,1529.268881,196036460118094.8,1529.268881,196036460118094.8,1529.268881,196036460118094.8,1529.268881,196036460341351.2,1529.2688792583904,196036459894838.44,1529.2688827416098
0.004879999999999885,0.0,0.0,-0.0013511912060791167,0.0,0.0,-0.2833641905927855,0.0,0.0,1.6482754816278526e-21,65518102.94598662,0.0,0.0,0.0002805165892713607,0.0,0.0,1.0,-10804717.424140673,3926117.783504822,3229612.138257459,-3648987.5023783925,196036460118094.8,1529.268881,196036460118094.8,1529.268881,196036460118094.8,1529.268881,196036460118094.8,1529.268881,196036460303388.72,1529.2688795545332,196036459932800.9,1529.268882445467
0.004884999999999885,0.0,0.0,-0.0013523227400225467,0.0,0.0,-0.2263067886859761,0.0,0.0,1.618450877252272e-21,65523889.91198194,0.0,0.0,0.0002807419514472208,0.0,0.0,1.0,-10798577.534589836,3929271.958623919,3233334.866017504,-3635970.7099484135,196036460118094.8,1529.268881,196036460118094.8,1529.268881,196036460118094.8,1529.268881,196036460118094.8,1529.268881,196036460266078.47,1529.2688798455883,196036459970111.16,1529.2688821544118
0.004889999999999885,0.0,0.0,-0.001353174153498246,0.0,0.0,-0.17028269513983557,0.0,0.0,1.5876995891815075e-21,65533817.022433594,0.0,0.0,0.00028090535668877777,0.0,0.0,1.0,-10793920.577469328,3931558.982811904,3236121.744032512,-3626239.8506249124,196036460118094.8,1529.268881,196036460118094.8,1529.268881,196036460118094.8,1529.268881,196036460118094.8,1529.268881,196036460229443.88,1529.2688801313725,196036460006745.72,1529.268881868628
0.004894999999999885,0.0,0.0,-0.0013537507735782294,0.0,0.0,-0.11532401599667283,0.0,0.0,1.5561294344772872e-21,65547786.76982992,0.0,0.0,0.00028100799069358815,0.0,0.0,1.0,-10790716.652364686,3932995.4511239035,3237991.1406466803,-3619730.060594103,196036460118094.8,1529.268881,196036460118094.8,1529.268881,196036460118094.8,1529.268881,196036460118094.8,1529.268881,196036460193506.03,1529.2688804117217,196036460042683.6,1529.2688815882786
0.0048999999999998845,0.0,0.0,-0.0013540580691874813,0.0,0.0,-0.06145912185037635,0.0,0.0,1.5238459294462013e-21,65565699.291673794,0.0,0.0,0.00028105107738988784,0.0,0.0,1.0,-10788935.739512922,3933598.4936926663,3238961.71192698,-3616375.5338932755,196036460118094.8,1529.268881,196036460118094.8,1529.268881,196036460118094.8,1529.268881,196036460118094.8,1529.268881,196036460158283.38,1529.2688806864915,196036460077906.25,1529.2688813135087
0.004904999999999884,0.0,0.0,-0.0013541016328252752,0.0,0.0,-0.008712727558771314,0.0,0.0,1.4909516664883135e-21,65587453.26484324,0.0,0.0,0.0002810358687291338,0.0,0.0,1.0,-10788547.882542178,3933385.632864702,3239052.390622591,-3616109.859054885,196036460118094.8,1529.268881,196036460118094.8,1529.268881,196036460118094.8,1529.268881,196036460118094.8,1529.268881,196036460123792.12,1529.2688809555557,196036460112397.5,1529.2688810444445
0.004909999999999884,0.0,0.0,-0.0013538871627930041,0.0,0.0,0.04289400645421303,0.0,0.0,1.4575459314020824e-21,65612945.797819,0.0,0.0,0.00028096364604052664,0.0,0.0,1.0,-10789523.123840762,3932374.8021582207,3238282.295395643,-3618866.026286898,196036460118094.8,1529.268881,196036460118094.8,1529.268881,196036460118094.8,1529.268881,196036460118094.8,1529.268881,196036460090046.12,1529.2688812188062,196036460146143.53,1529.2688807811935
0.004914999999999884,0.0,0.0,-0.001353420445994817,0.0,0.0,0.09334335963745684,0.0,0.0,1.4237243104385895e-21,65642072.801954865,0.0,0.0,0.0002808357157182655,0.0,0.0,1.0,-10791831.55232146,3930584.2859018245,3236670.6833766475,-3624576.583042989,196036460118094.8,1529.268881,196036460118094.8,1529.268881,196036460118094.8,1529.268881,196036460118094.8,1529.268881,196036460057056.9,1529.2688814761532,196036460179132.7,1529.2688805238472
0.004919999999999884,0.0,0.0,-0.0013527073413791295,0.0,0.0,0.1426209231374965,0.0,0.0,1.3895783646212045e-21,65674729.369639635,0.0,0.0,0.0002806534050304871,0.0,0.0,1.0,-10795443.355319388,3928032.660576318,3234236.90894877,-3633173.7857943,196036460118094.8,1529.268881,196036460118094.8,1529.268881,196036460118094.8,1529.268881,196036460118094.8,1529.268881,196036460024833.94,1529.2688817275227,196036460211355.66,1529.2688802724776
0.0049249999999998835,0.0,0.0,-0.0013517537640774305,0.0,0.0,0.19071546033979456,0.0,0.0,1.3551953776263391e-21,65710810.08122984,0.0,0.0,0.00028041805821546977,0.0,0.0,1.0,-10800328.854780871,3924738.7401770614,3231000.381774033,-3644589.732829777,196036460118094.8,1529.268881,196036460118094.8,1529.268881,196036460118094.8,1529.268881,196036460118094.8,1529.268881,196036459993384.6,1529.2688819728571,196036460242805.03,1529.268880027143
0.004929999999999883,0.0,0.0,-0.0013505656702840552,0.0,0.0,0.23761875867504323,0.0,0.0,1.3206580960029515e-21,65750210.08877819,0.0,0.0,0.0002801310484392574,0.0,0.0,1.0,-10806458.883191176,3920721.7435732097,3226980.645699237,-3658756.4939187285,196036460118094.8,1529.268881,196036460118094.8,1529.268881,196036460118094.8,1529.268881,196036460118094.8,1529.268881,196036459962714.2,1529.2688822121152,196036460273475.44,1529.268879787885
0.004934999999999883,0.0,0.0,-0.00134914904292193,0.0,0.0,0.28332547242506795,0.0,0.0,1.2860447764201942e-21,65792823.38796107,0.0,0.0,0.0002797937345670156,0.0,0.0,1.0,-10813803.97699079,3916000.689478436,3222197.057147045,-3675606.2303653085,196036460118094.8,1529.268881,196036460118094.8,1529.268881,196036460118094.8,1529.268881,196036460118094.8,1529.268881,196036459932826.25,1529.2688824452691,196036460303363.38,1529.268879554731
0.004939999999999883,0.0,0.0,-0.0013475098780861014,0.0,0.0,0.3278329671656814,0.0,0.0,1.2514289871033895e-21,65838544.11467913,0.0,0.0,0.0002794074802799829,0.0,0.0,1.0,-10822334.884261368,3910594.664012302,3216668.917597321,-3695071.3026517443,196036460118094.8,1529.268881,196036460118094.8,1529.268881,196036460118094.8,1529.268881,196036460118094.8,1529.268881,196036459903722.47,1529.268882672306,196036460332467.16,1529.268879327694
0.004944999999999883,0.0,0.0,-0.0013456541722994511,0.0,0.0,0.37114115733005393,0.0,0.0,1.2168795430623515e-21,65887267.173708,0.0,0.0,0.00027897366082915145,0.0,0.0,1.0,-10832022.799650243,3904522.915224953,3210415.5166432797,-3717084.3677820098,196036460118094.8,1529.268881,196036460118094.8,1529.268881,196036460118094.8,1529.268881,196036460118094.8,1529.268881,196036459875402.94,1529.268882893225,196036460360786.72,1529.2688791067749
0.0049499999999998824,0.0,0.0,-0.0013435879105918112,0.0,0.0,0.4132523415279937,0.0,0.0,1.182460558609206e-21,65938887.87833033,0.0,0.0,0.0002784936509959574,0.0,0.0,1.0,-10842839.196774684,3897804.6845946168,3203456.040975461,-3741578.471204606,196036460118094.8,1529.268881,196036460118094.8,1529.268881,196036460118094.8,1529.268881,196036460118094.8,1529.268881,196036459847866.1,1529.2688831080384,196036460388323.5,1529.268878891962
0.004954999999999882,0.0,0.0,-0.0013413170553933874,0.0,0.0,0.45417103968476796,0.0,0.0,1.1482314953823803e-21,65993301.99726571,0.0,0.0,0.0002779688223339992,0.0,0.0,1.0,-10854755.850952508,3890459.1684226166,3195809.5520856204,-3768487.1304442715,196036460118094.8,1529.268881,196036460118094.8,1529.268881,196036460118094.8,1529.268881,196036460118094.8,1529.268881,196036459821109.1,1529.268883316768,196036460415080.53,1529.2688786832318
0.004959999999999882,0.0,0.0,-0.0013388475362341686,0.0,0.0,0.4939038318437713,0.0,0.0,1.1142472457301262e-21,66050405.729793176,0.0,0.0,0.00027740054033937597,0.0,0.0,1.0,-10867744.847808922,3882505.478229351,3187494.962384216,-3797744.407195354,196036460118094.8,1529.268881,196036460118094.8,1529.268881,196036460118094.8,1529.268881,196036460118094.8,1529.268881,196036459795127.53,1529.268883519449,196036460441062.12,1529.2688784805512
0.004964999999999882,0.0,0.0,-0.001336185240234878,0.0,0.0,0.532459199858115,0.0,0.0,1.0805582403846702e-21,66110095.68628391,0.0,0.0,0.0002767901621830674,0.0,0.0,1.0,-10881778.602827068,3873962.609016623,3178531.018186788,-3829284.9756236584,196036460118094.8,1529.268881,196036460118094.8,1529.268881,196036460118094.8,1529.268881,196036460118094.8,1529.268881,196036459769915.88,1529.2688837161236,196036460466273.72,1529.268878283877
0.004969999999999882,0.0,0.0,-0.0013333360033708143,0.0,0.0,0.5698473728127118,0.0,0.0,1.0472105808742734e-21,66172268.822838835,0.0,0.0,0.00027613903424005156,0.0,0.0,1.0,-10896829.869089594,3864849.404685101,3168936.281463162,-3863044.1829413315,196036460118094.8,1529.268881,196036460118094.8,1529.268881,196036460118094.8,1529.268881,196036460118094.8,1529.268881,196036459745467.5,1529.268883906844,196036460490722.12,1529.2688780931564
0.004974999999999881,0.0,0.0,-0.0013303056024856446,0.0,0.0,0.6060801770339335,0.0,0.0,1.0142461914043153e-21,66236822.36277212,0.0,0.0,0.00027544849005619774,0.0,0.0,1.0,-10912871.744056901,3855184.529578903,3158729.113885652,-3898958.100592347,196036460118094.8,1529.268881,196036460118094.8,1529.268881,196036460118094.8,1529.268881,196036460118094.8,1529.268881,196036459721774.6,1529.268884091671,196036460514415.06,1529.2688779083292
0.004979999999999881,0.0,0.0,-0.0013270997480288379,0.0,0.0,0.6411708913613645,0.0,0.0,9.817029844931456e-22,66303653.730178684,0.0,0.0,0.00027471984857103195,0.0,0.0,1.0,-10929877.67917505,3844986.4436113695,3147927.664274552,-3936963.571289129,196036460118094.8,1529.268881,196036460118094.8,1529.268881,196036460118094.8,1529.268881,196036460118094.8,1529.268881,196036459698828.53,1529.2688842706716,196036460537361.1,1529.2688777293286
0.004984999999999881,0.0,0.0,-0.0013237240774880469,0.0,0.0,0.6751341081582057,0.0,0.0,9.496150374903038e-22,66372660.48317498,0.0,0.0,0.0002739544120513753,0.0,0.0,1.0,-10947821.482641356,3834273.3733442104,3136549.8558831047,-3976998.253414041,196036460118094.8,1529.268881,196036460118094.8,1529.268881,196036460118094.8,1529.268881,196036460118094.8,1529.268881,196036459676619.72,1529.2688844439215,196036460559569.9,1529.268877556079
0.004989999999999881,0.0,0.0,-0.0013201841494858602,0.0,0.0,0.7079856004373569,0.0,0.0,9.180127792286213e-22,66443740.26668116,0.0,0.0,0.00027315346493799673,0.0,0.0,1.0,-10966677.325860303,3823063.2958452255,3124613.3769729766,-4019000.653042101,196036460118094.8,1529.268881,196036460118094.8,1529.268881,196036460118094.8,1529.268881,196036460118094.8,1529.268881,196036459655137.88,1529.2688846115,196036460581051.75,1529.2688773885004
0.004994999999999881,0.0,0.0,-0.0013164854385085889,0.0,0.0,0.7397421954542817,0.0,0.0,8.869231802044142e-22,66516790.78436901,0.0,0.0,0.0002723182721405603,0.0,0.0,1.0,-10986419.743078098,3811373.914824347,3112135.670848525,-4062910.1574052256,196036460118094.8,1529.268881,196036460118094.8,1529.268881,196036460118094.8,1529.268881,196036460118094.8,1529.268881,196036459634372.03,1529.268884773493,196036460601817.6,1529.2688772265071
0.00499999999999988,0.0,0.0,-0.0013126333302341444,0.0,0.0,0.7704216548888861,0.0,0.0,8.563699462032177e-22,66591709.803747565,0.0,0.0,0.00027145007785812984,0.0,0.0,1.0,-11007023.633224411,3799222.64412538,3099133.9282995677,-4108667.060799464,196036460118094.8,1529.268881,196036460118094.8,1529.268881,196036460118094.8,1529.268881,196036460118094.8,1529.268881,196036459614310.5,1529.2688849299918,196036460621879.12,1529.2688770700083
