axis,coordinate_m,coordinate_mm,quantization_axis_x,quantization_axis_y,quantization_axis_z,total_intensity_w_per_m2,total_intensity_per_watt_path_m_inv2,scalar_shift_hz,vector_shift_hz,tensor_shift_hz,total_shift_hz,scalar_shift_hz_per_watt_path,vector_shift_hz_per_watt_path,tensor_shift_hz_per_watt_path,total_shift_hz_per_watt_path,bare_stretched_transition_frequency_hz,shifted_stretched_transition_frequency_hz,fixed_carrier_effective_detuning_hz,center_compensated_effective_detuning_hz
x,-0.002,-2.0,1.0,0.0,0.0,15394.720322003583,402008.79710168793,-8167581.883518462,-6074662.775722751,5135586.973597238,-9106657.685643975,-213283495.87032086,-158630220.24351236,134107739.43818082,-237805976.67565238,384228115000000.0,384228105893342.3,-5893342.314356025,-22233033.74204999
x,-0.00199,-1.99,1.0,0.0,0.0,15445.208690074356,403327.221060761,-8194368.201928796,-6039268.294223816,5111001.125982672,-9122635.370169941,-213982978.25244182,-157705949.2834815,133465718.87408325,-238223208.6618401,384228115000000.0,384228105877364.6,-5877364.629830059,-22217056.05752402
x,-0.00198,-1.98,1.0,0.0,0.0,15496.548736430275,404667.88525257417,-8221606.3734411625,-6003955.495122133,5086260.752370065,-9139301.116193227,-214694260.06438127,-156783811.3301943,132819663.10770243,-238658408.28687307,384228115000000.0,384228105860698.9,-5860698.8838067725,-22200390.311500736
x,-0.00197,-1.97,1.0,0.0,0.0,15548.741889776957,406030.82698551705,-8249297.156047242,-5968723.802726479,5061365.217018786,-9156655.741754938,-215417361.09989432,-155863791.35038412,132169555.53767626,-239111596.91260222,384228115000000.0,384228105843344.25,-5843344.258245062,-22183035.685939025
x,-0.00196,-1.96,1.0,0.0,0.0,15601.789416224348,407416.0793220506,-8277441.221474523,-5933572.644217363,5036313.929327671,-9174699.936364213,-216152298.90008292,-154945874.38577494,131515380.74138853,-239582792.5444693,384228115000000.0,384228105825300.06,-5825300.063635787,-22164991.491329752
x,-0.0019500000000000001,-1.9500000000000002,1.0,0.0,0.0,15655.69241596237,408823.6709918962,-8306039.153422553,-5898501.449622116,5011106.3447040375,-9193434.25834063,-216899088.70733857,-154030045.55243114,130857124.49766177,-240072009.76210794,384228115000000.0,384228105806565.75,-5806565.741659369,-22146257.169353332
x,-0.00194,-1.9400000000000002,1.0,0.0,0.0,15710.451819952881,410253.62630565185,-8335091.44580788,-5863509.651790141,4985741.9654284,-9212859.13216962,-217657743.41951147,-153116290.040111,130194773.80933806,-240579259.65028435,384228115000000.0,384228105787140.9,-5787140.867830381,-22126832.295524344
x,-0.00193,-1.9300000000000002,1.0,0.0,0.0,15766.068386639841,411705.96506888315,-8364598.501018663,-5828596.686368346,4960220.341514518,-9232974.845872493,-218428273.5443326,-152204593.1116252,129528316.92573771,-241104549.73022017,384228115000000.0,384228105767025.1,-5767025.154127507,-22106716.58182147
x,-0.00192,-1.9200000000000002,1.0,0.0,0.0,15822.542698679812,413180.7024967456,-8394560.628180046,-5793761.991776857,4934541.071564188,-9253781.548392715,-219210687.1541167,-151294940.10220262,128857743.36498088,-241647883.89133847,384228115000000.0,384228105746218.44,-5746218.451607285,-22085909.87930125
x,-0.00191,-1.91,1.0,0.0,0.0,15879.875159694631,414677.84912918584,-8424978.041431323,-5759005.009184764,4908703.803616267,-9275279.24699982,-220004989.84077308,-150387316.41885707,128183043.93615839,-242209262.32347178,384228115000000.0,384228105724720.75,-5724720.753000179,-22064412.18069414
x,-0.0019,-1.9,1.0,0.0,0.0,15938.065991048305,416197.4107467751,-8455850.858215908,-5724325.182486216,4882708.235989351,-9297467.804712765,-220811184.6711509,-149481707.53976288,127504210.76133706,-242788681.44957653,384228115000000.0,384228105702532.2,-5702532.195287235,-22042223.622981198
x,-0.00189,-1.89,1.0,0.0,0.0,15997.115228650191,417739.38828722946,-8487179.09758531,-5689721.958276601,4856554.118117669,-9320346.937744241,-221629272.14275023,-148578099.013633,126821237.29738767,-243386133.85899556,384228115000000.0,384228105679653.06,-5679653.062255759,-22019344.48994972
x,-0.00188,-1.88,1.0,0.0,0.0,16057.022719786455,419303.7777626685,-8518962.67851807,-5655194.785828961,4830241.2513795225,-9343916.212967511,-222459250.13982373,-147676476.4591031,126134118.35761844,-244001608.24130848,384228115000000.0,384228105656083.8,-5656083.787032489,-21995775.21472645
x,-0.0018700000000000001,-1.87,1.0,0.0,0.0,16117.788119981913,420890.570177667,-8551201.41825482,-5620743.117070523,4803769.489917824,-9368175.04540752,-223301113.88989922,-146776825.56411868,125442850.13320193,-244635089.32081604,384228115000000.0,384228105631824.94,-5631824.954592479,-21971516.382286444
x,-0.00186,-1.86,1.0,0.0,0.0,16179.410889894281,422499.75144815346,-8583895.030650567,-5586366.406559496,4777138.741452148,-9393122.695757916,-224154855.92075235,-145879132.08532917,124747430.21438065,-245286557.7917009,384228115000000.0,384228105606877.3,-5606877.304242084,-21946568.731936045
x,-0.00185,-1.85,1.0,0.0,0.0,16241.890292243006,424131.3023212111,-8617043.12454527,-5552064.111461978,4750348.968081719,-9418758.267925527,-225020466.01785666,-144983381.84748495,124047857.61143574,-245955990.2539058,384228115000000.0,384228105581241.75,-5581241.732074473,-21920933.159768436
x,-0.00184,-1.84,1.0,0.0,0.0,16305.225388774632,425785.1982958334,-8650645.202153869,-5517835.691529092,4723400.187078808,-9445080.706604153,-225897931.18234184,-144089560.74284014,123344132.77540526,-246643359.14977673,384228115000000.0,384228105554919.3,-5554919.293395847,-21894610.72108981
x,-0.00183,-1.83,1.0,0.0,0.0,16369.415037267026,427461.4095446942,-8684700.657476857,-5483680.609074242,4696292.47167196,-9472088.794879138,-226787235.5894883,-143197654.7305589,122636257.61853696,-247348632.70151022,384228115000000.0,384228105527911.2,-5527911.2051208615,-21867602.632814825
x,-0.00182,-1.82,1.0,0.0,0.0,16434.457888574383,429159.9008369823,-8719208.774732554,-5449598.328950556,4669025.951818483,-9499781.151864627,-227688360.54778838,-142307649.83612618,121924235.53446059,-248071774.84945396,384228115000000.0,384228105500218.9,-5500218.848135373,-21839910.275829338
x,-0.00181,-1.81,1.0,0.0,0.0,16500.352383715253,430880.63146236056,-8754168.726812158,-5415588.318528541,4641600.814965664,-9528156.23037504,-228601284.45860255,-141419532.1507644,121208071.41806592,-248812745.19130117,384228115000000.0,384228105471843.75,-5471843.76962496,-21811535.197318923
x,-0.0018,-1.8,1.0,0.0,0.0,16567.096751005756,432623.5551561036,-8789579.5737588,-5381650.047673865,4614017.306800086,-9557212.314632578,-229525982.77644238,-140533287.83085304,120487771.68506983,-249571498.92222556,384228115000000.0,384228105442787.7,-5442787.685367422,-21782479.113061383
x,-0.00179,-1.79,1.0,0.0,0.0,16634.689003240033,434388.62002547045,-8825440.261271635,-5347782.988725321,4586275.731984551,-9586947.518012404,-230462427.96990716,-139648903.09735343,119763344.29126003,-250347986.77600053,384228115000000.0,384228105413052.5,-5413052.481987596,-21752743.90968156
x,-0.0017800000000000001,-1.78,1.0,0.0,0.0,16703.126934920158,436175.7684773673,-8861749.619236205,-5313986.616472931,4558376.45488194,-9617359.7808272,-231410589.48330653,-138766364.23523682,119034798.75139748,-251142154.967146,384228115000000.0,384228105382640.25,-5382640.2191728,-21722331.64686676
x,-0.00177,-1.77,1.0,0.0,0.0,16772.408119537715,437984.937147361,-8898506.360282177,-5280260.408136255,4530319.900265526,-9648446.868152905,-232370433.69899842,-137885657.5929181,118302146.157765,-251953945.1341515,384228115000000.0,384228105351553.1,-5351553.131847095,-21691244.559541058
x,-0.00176,-1.76,1.0,0.0,0.0,16842.529906908996,439816.05683009134,-8935709.078369562,-5246603.843342823,4502106.554015136,-9680206.367697248,-233341923.90047005,-137006769.5816923,117565399.19834661,-252783294.28381577,384228115000000.0,384228105319793.6,-5319793.632302752,-21659485.059996717
x,-0.00175,-1.75,1.0,0.0,0.0,16913.489420566304,441669.05241114926,-8973356.247404674,-5213016.404106765,4473736.963798549,-9712635.68771289,-234325020.23619613,-136129686.67517698,116824572.174621,-253630134.7367521,384228115000000.0,384228105287364.3,-5287364.312287111,-21627055.739981074
x,-0.00174,-1.74,1.0,0.0,0.0,16985.28355520721,443543.8428004683,-9011446.219886849,-5179497.574807562,4445211.73973763,-9745732.05495678,-235319679.6842999,-135254395.4087569,116079681.01895669,-254494394.07410008,384228115000000.0,384228105254267.94,-5254267.945043219,-21593959.372737184
x,-0.00173,-1.73,1.0,0.0,0.0,17057.90897420408,445440.34086728987,-9049977.22558716,-5146046.842168975,4416531.555058551,-9779492.512697583,-236325856.01804987,-134380882.3790341,115330743.31159143,-255375995.08549252,384228115000000.0,384228105220507.5,-5220507.487302417,-21560198.914996378
x,-0.00172,-1.72,1.0,0.0,0.0,17131.36210717604,447358.45337675855,-9088947.370260194,-5112663.695238087,4387697.1467255615,-9813913.918772722,-237343499.77222016,-133509134.24328047,114577778.29718216,-256274855.71831852,384228115000000.0,384228105186086.06,-5186086.081227278,-21525777.508921243
x,-0.0017100000000000001,-1.7100000000000002,1.0,0.0,0.0,17205.63914762545,449298.0809282031,-9128354.634390151,-5079347.625364624,4358709.316057795,-9848992.943696983,-238372558.2103465,-132639137.71889777,113820806.90091196,-257190889.02833238,384228115000000.0,384228105151007.06,-5151007.056303017,-21490698.48399698
x,-0.0017000000000000001,-1.7000000000000002,1.0,0.0,0.0,17280.73605064109,451259.11789515795,-9168196.871972227,-5046098.126180237,4329568.9293283895,-9884726.068824077,-239412975.29290414,-131770879.58287668,113059851.7441351,-258124003.1316458,384228115000000.0,384228105115273.94,-5115273.931175923,-21454965.358869888
x,-0.00169,-1.6900000000000002,1.0,0.0,0.0,17356.648530670183,453241.4523671836,-9208471.809330612,-5012914.693578097,4300276.918345539,-9921109.584563171,-240464691.64644185,-130904346.67126383,112294937.15955025,-259074101.15815544,384228115000000.0,384228105078890.44,-5078890.4154368285,-21418581.84313079
x,-0.00168,-1.6800000000000002,1.0,0.0,0.0,17433.3720593613,455244.9660935374,-9249177.043974048,-4979796.825692526,4270834.281014744,-9958139.588651828,-241527644.53369635,-130039525.87863001,111526089.20588288,-260041081.20644346,384228115000000.0,384228105041860.44,-5041860.4113481715,-21381551.839042135
x,-0.00167,-1.6700000000000002,1.0,0.0,0.0,17510.901863480463,457269.534428756,-9290310.043490207,-4946744.022878889,4241242.081881862,-9995811.984487236,-242601767.82472107,-129176404.15754505,110753335.68206601,-261024836.30020013,384228115000000.0,384228105004188.0,-5004188.015512764,-21343879.443206728
x,-0.00166,-1.66,1.0,0.0,0.0,17589.232922902287,459315.0262801968,-9331868.144479938,-4913755.7876935,4211501.452656214,-10034122.479517221,-243686991.96905535,-128314968.51805303,109976706.14090042,-262025254.34620792,384228115000000.0,384228104965877.5,-4965877.520482779,-21305568.94817674
x,-0.00165,-1.65,1.0,0.0,0.0,17668.359968678455,461381.30405759957,-9373848.551532485,-4880831.624873769,4181613.592713387,-10073066.583692865,-244783243.9689642,-127455206.02715397,109196231.90218455,-263042218.09393358,384228115000000.0,384228104926933.44,-4926933.416307135,-21266624.8440011
x,-0.00164,-1.64,1.0,0.0,0.0,17748.277481185527,463468.2236247194,-9416248.33624281,-4847971.041318461,4151579.7695770245,-10112639.607984243,-245890447.35377696,-126597103.80828823,108411946.06529559,-264075605.0967695,384228115000000.0,384228104887360.4,-4887360.392015757,-21227051.81970972
x,-0.00163,-1.63,1.0,0.0,0.0,17828.979688354066,465575.63425308303,-9459064.436272088,-4815173.546068075,4121401.3193791457,-10152836.662961021,-247008522.15535384,-125740649.04082416,107623883.52121012,-265125287.67496797,384228115000000.0,384228104847163.3,-4847163.337038979,-21186854.764732942
x,-0.00162,-1.6199999999999999,1.0,0.0,0.0,17910.46056398126,467703.3785779256,-9502293.654452473,-4782438.650285413,4091079.6472984343,-10193652.657439452,-248137384.88470814,-124885828.9595507,106832080.96394923,-266191132.8803096,384228115000000.0,384228104806347.3,-4806347.342560548,-21146038.77025451
x,-0.0016099999999999999,-1.6099999999999999,1.0,0.0,0.0,17992.71382612892,469851.2925563567,-9545932.65793715,-4749765.867236203,4060616.2279759482,-10235082.297197402,-249276948.50981128,-124032630.85417143,106036576.90143417,-267273002.46254846,384228115000000.0,384228104764917.7,-4764917.7028025985,-21104609.13049656
x,-0.0016,-1.6,1.0,0.0,0.0,18075.732935608918,472019.20542781084,-9589977.977396805,-4717154.712269947,4030012.6059077303,-10277120.083759021,-250427122.43460986,-123181042.06880432,105237411.66573876,-268370752.83767542,384228115000000.0,384228104722879.94,-4722879.916240979,-21062571.343934942
x,-0.00159,-1.59,1.0,0.0,0.0,18159.51109455805,474206.939676831,-9634426.006263515,-4684604.702800858,3999270.395813806,-10319760.313250571,-251587812.47928107,-122331050.00148407,104434627.42272516,-269484235.05804014,384228115000000.0,384228104680239.7,-4680239.6867494285,-21019931.11444339
x,-0.00158,-1.58,1.0,0.0,0.0,18244.041245104134,476414.310998237,-9679273.000023093,-4652115.358288932,3968391.282983036,-10362997.075328985,-252758920.86175337,-121482642.1036677,103628268.18104912,-270613294.78437185,384228115000000.0,384228104637002.94,-4637002.924671015,-20976694.35236498
x,-0.00157,-1.57,1.0,0.0,0.0,18329.31606812548,478641.12826473016,-9724515.075556867,-4619686.200221152,3937377.023593329,-10406824.252184693,-253940346.18051803,-120635805.8797439,102818379.80052198,-271757772.25974005,384228115000000.0,384228104593175.75,-4593175.747815307,-20932867.17550927
x,-0.00156,-1.56,1.0,0.0,0.0,18415.32798210536,480887.1934969801,-9770148.210533973,-4587316.7520928215,3906229.445006695,-10451235.5176201,-255131983.39876,-119790528.88654536,102005009.99981532,-272917502.28549004,384228115000000.0,384228104548764.5,-4548764.4823799,-20888455.91007386
x,-0.00155,-1.55,1.0,0.0,0.0,18502.069142083557,483152.30183624633,-9816168.2428551,-4555006.539389058,3874950.4460386955,-10496224.336205464,-256333723.829832,-118946798.73286569,101188208.36349732,-274092314.1992004,384228115000000.0,384228104503775.7,-4503775.663794536,-20843467.0914885
x,-0.0015400000000000001,-1.54,1.0,0.0,0.0,18589.53143870666,485436.2415195772,-9862570.870148612,-4522755.0895663705,3843541.99720173,-10541783.962513253,-257545455.12409657,-118104603.07897826,100368026.34838586,-275282031.854689,384228115000000.0,384228104458216.06,-4458216.037486747,-20797907.46518071
x,-0.0015300000000000001,-1.53,1.0,0.0,0.0,18677.706497378946,487738.7938576377,-9909351.649320066,-4490561.932034353,3812006.140921747,-10587907.440432673,-258767061.2571626,-117263929.63615814,99544517.28920746,-276486473.60411334,384228115000000.0,384228104412092.56,-4412092.559567327,-20751783.987261288
x,-0.00152,-1.52,1.0,0.0,0.0,18766.585677515624,490059.7332152083,-9956505.996156024,-4458426.598137576,3780344.991727905,-10634587.602565689,-259998422.51953936,-116424766.16620931,98717736.40355009,-277705452.2821984,384228115000000.0,384228104365412.4,-4365412.397434311,-20705103.825128272
x,-0.00151,-1.51,1.0,0.0,0.0,18856.16007190012,492398.8269944019,-10004029.184983056,-4426348.621137515,3748560.7364146924,-10681817.069705877,-261239415.50773188,-115587100.48099263,97887740.79609664,-278938775.19262785,384228115000000.0,384228104318182.94,-4318182.930294123,-20657874.357988086
x,-0.0015,-1.5,1.0,0.0,0.0,18946.420506147064,494755.83562064025,-10051916.348382846,-4394327.536194695,3716655.634176112,-10729588.250401426,-262489913.11680153,-114750920.44195971,97054589.46212885,-280186244.0966323,384228115000000.0,384228104270411.75,-4270411.749598574,-20610103.177292537
x,-0.00149,-1.49,1.0,0.0,0.0,19037.357538272634,497130.5125314346,-10100162.476964224,-4362362.880350822,3684632.0167114455,-10777893.340603601,-263749784.53441292,-113916213.95968615,96218343.29028936,-281447655.2038097,384228115000000.0,384228104222106.7,-4222106.659396399,-20561798.087090362
x,-0.00148,-1.48,1.0,0.0,0.0,19128.96145837388,499522.6041680112,-10148762.419193046,-4330454.192511176,3652492.2883022306,-10826724.323401991,-265018895.2363914,-113082968.9934119,95379065.06459166,-282722799.1652116,384228115000000.0,384228104173275.7,-4173275.6765980087,-20512967.10429197
x,-0.00147,-1.47,1.0,0.0,0.0,19221.222288418503,501931.8499698222,-10197710.881280644,-4298601.013427027,3620238.9258599905,-10876072.968847683,-266297106.98381025,-112251173.55058199,94536819.4656666,-284011461.0687257,384228115000000.0,384228104123927.0,-4123927.0311523173,-20463618.45884628
x,-0.00146,-1.46,1.0,0.0,0.0,19314.129782146585,504357.98237197933,-10247002.427131725,-4266802.885678213,3587874.478944337,-10925930.8338656,-267584277.82163012,-111420815.68639167,93691673.07123506,-285313420.43678665,384228115000000.0,384228104074069.2,-4074069.1661344003,-20413760.593828365
x,-0.00145,-1.45,1.0,0.0,0.0,19407.67342508587,506800.72680565267,-10296631.478352437,-4235059.353655817,3555401.56975109,-10976289.262257164,-268880262.0789095,-110591883.50333388,92843694.35579774,-286628451.2264457,384228115000000.0,384228104023710.75,-4023710.7377428357,-20363402.165436797
x,-0.0014399999999999999,-1.44,1.0,0.0,0.0,19501.842434681763,509259.8017014657,-10346592.314319361,-4203369.963544951,3522822.893069973,-11027139.38479434,-270184910.3706067,-109764365.1507499,91992953.6895304,-287956321.83182627,384228115000000.0,384228103972860.6,-3972860.6152056605,-20312552.042899624
x,-0.0014299999999999998,-1.43,1.0,0.0,0.0,19596.625760543622,511734.91849592683,-10396879.072310178,-4171734.263307678,3490141.216211596,-11078472.119406264,-271498069.60099155,-108938248.82438326,91139523.3363772,-289296795.0889977,384228115000000.0,384228103921527.9,-3921527.8805937357,-20261219.3082877
x,-0.00142,-1.42,1.0,0.0,0.0,19692.012084808455,514225.78164092655,-10447485.74769663,-4140151.802666013,3457359.378903338,-11130278.171459306,-272819582.9686846,-108113522.7659358,90283477.4513318,-290649628.2832886,384228115000000.0,384228103869721.8,-3869721.828540694,-20209413.256234657
x,-0.00141,-1.41,1.0,0.0,0.0,19787.98982262347,516732.0886163386,-10498406.194200525,-4108622.133085077,3424480.2931537987,-11182548.034131804,-274149289.9733421,-107290175.26262785,89424892.07689771,-292014573.1590723,384228115000000.0,384228103817451.94,-3817451.9658681955,-20157143.39356216
x,-0.0014,-1.4,1.0,0.0,0.0,19884.547122748438,519253.52994574973,-10549634.124213321,-4077144.807756279,3391506.9430855457,-11235271.988884054,-275487026.42400163,-106468194.64675905,88563845.13872078,-293391375.9320399,384228115000000.0,384228103764728.0,-3764728.011115946,-20104419.43880991
x,-0.00139,-1.39,1.0,0.0,0.0,19981.671868279227,521789.78921535355,-10601163.109179994,-4045719.381580733,3358442.3847357873,-11288440.10602494,-276832624.4491061,-105647569.29527524,87700416.44038409,-294779777.3039972,384228115000000.0,384228103711559.9,-3711559.8939750604,-20051251.321669023
x,-0.0013800000000000002,-1.3800000000000001,1.0,0.0,0.0,20079.35167749344,524340.5430960332,-10652986.580047678,-4014345.4111526683,3325289.7458247333,-11342042.245375615,-278185912.5082191,-104828287.62933531,86834687.65735902,-296179512.48019546,384228115000000.0,384228103657957.75,-3657957.7546243854,-19997649.18231835
x,-0.0013700000000000001,-1.37,1.0,0.0,0.0,20177.573904819186,526905.461368659,-10705097.827779667,-3983022.454742971,3292052.225491366,-11396068.05703127,-279546715.4054476,-104010338.11388141,85966742.33010536,-297590311.1892236,384228115000000.0,384228103603931.94,-3603931.94296873,-19943623.370662693
x,-0.00136,-1.36,1.0,0.0,0.0,20276.325641928037,529484.2069526298,-10757490.003935244,-3951750.0722829057,3258733.093996367,-11450506.982221784,-280914854.304583,-103193709.25721385,85096665.85631372,-299011897.7054832,384228115000000.0,384228103549493.0,-3549493.017778216,-19889184.44547218
x,-0.00135,-1.35,1.0,0.0,0.0,20375.593718952954,532076.4359376765,-10810156.12131586,-3920527.8253478077,3225335.6923919213,-11505348.254271746,-282290146.74597514,-102378389.6105652,84224545.48228294,-300443990.87425745,384228115000000.0,384228103494651.75,-3494651.7457282543,-19834343.173422217
x,-0.00134,-1.34,1.0,0.0,0.0,20475.364705832057,534681.7976189529,-10863089.054678073,-3889355.277141004,3191863.4321582667,-11560580.899660815,-283672406.6651497,-101564367.76768053,83350470.29342917,-301886304.13940114,384228115000000.0,384228103439419.1,-3439419.1003391854,-19779110.52803315
x,-0.00133,-1.33,1.0,0.0,0.0,20575.624913779044,537299.9345354337,-10916281.54151365,-3858231.992477762,3158319.7948066792,-11616193.739184733,-285061444.41317904,-100751632.36439814,82474531.20391852,-303338545.5736587,384228115000000.0,384228103383806.25,-3383806.2608152665,-19723497.68850923
x,-0.00132,-1.32,1.0,0.0,0.0,20676.360396880882,539930.4825116347,-10969726.182897236,-3827157.5377693484,3124708.331448801,-11672175.389217785,-286457066.77881813,-99940172.07823332,81596820.94542065,-304800417.9116308,384228115000000.0,384228103327824.6,-3327824.6107822154,-19667516.038476177
x,-0.00131,-1.31,1.0,0.0,0.0,20777.556953823467,542573.0707026767,-11023415.444401866,-3796131.4810072053,3091032.6623320635,-11728514.263077008,-287859077.0124113,-99129975.6279652,80717434.05497715,-306271618.5853994,384228115000000.0,384228103271485.75,-3271485.7369229924,-19611177.164616957
x,-0.0013,-1.3,1.0,0.0,0.0,20879.200129745754,545227.3216427026,-11077341.65708269,-3765153.3917472153,3057296.4763411344,-11785198.572488768,-289267274.85158104,-98321031.77322575,79836466.86198257,-307751839.7628242,384228115000000.0,384228103214801.44,-3214801.427511232,-19554492.855205193
x,-0.00129,-1.2899999999999998,1.0,0.0,0.0,20981.275218222963,547892.8512966658,-11131497.018529128,-3734222.841094052,3023503.530465185,-11842216.329157995,-290681456.5487031,-97513329.31409119,78954017.47427295,-309240768.3885213,384228115000000.0,384228103157783.7,-3157783.670842005,-19497475.09853597
x,-0.0012799999999999999,-1.2799999999999998,1.0,0.0,0.0,21083.767263379097,550569.2691154955,-11185873.593985688,-3703339.401685647,2989657.649230905,-11899555.34644043,-292101414.9001748,-96706857.09067637,78070185.76331994,-310738086.22753125,384228115000000.0,384228103100444.6,-3100444.6535595693,-19440136.081253532
x,-0.0012699999999999999,-1.2699999999999998,1.0,0.0,0.0,21186.66106212936,553256.1780946534,-11240463.317541614,-3672502.647677739,2955762.7241011607,-11957203.241118196,-293526939.2774813,-95901603.98273121,77185073.34852766,-312243469.91168493,384228115000000.0,384228103042796.75,-3042796.7588818036,-19382488.186575767
x,-0.0012599999999999998,-1.2599999999999998,1.0,0.0,0.0,21289.94116655252,555953.1748360847,-11295257.993389597,-3641712.154728489,2921822.712839249,-12015147.435278839,-294957815.6600642,-95097558.9092391,76298783.58063124,-313756590.98867214,384228115000000.0,384228102984852.56,-2984852.5647211615,-19324543.992415123
x,-0.00125,-1.25,1.0,0.0,0.0,21393.591886393613,558659.8496135724,-11350249.297153506,-3610967.4999832627,2887841.63883862,-12073375.158298148,-296393826.66999376,-94294710.82801935,75411421.52419354,-315277115.9738195,384228115000000.0,384228102926624.8,-2926624.841701852,-19266316.269395813
x,-0.00124,-1.24,1.0,0.0,0.0,21497.597291696944,561375.7864414928,-11405428.77728537,-3580268.2620594027,2853823.590418123,-12131873.448926648,-297834751.6084482,-93493048.73532969,74523093.93920167,-316804706.4045762,384228115000000.0,384228102868126.56,-2868126.551073352,-19207817.978767313
x,-0.00123,-1.23,1.0,0.0,0.0,21601.941215569645,564100.5631469832,-11460787.8565315,-3549614.0210311906,2819772.7200826975,-12190629.157479992,-299280366.49399996,-92692561.66547346,73633909.261761,-318339018.89771235,384228115000000.0,384228102809370.8,-2809370.842520008,-19149062.27021397
x,-0.00122,-1.22,1.0,0.0,0.0,21706.607257075528,566833.7514455088,-11516317.833467891,-3519004.3584148325,2785693.2437495524,-12249628.948133172,-300730444.1027095,-91893238.6904076,72743977.5838882,-319879705.20922893,384228115000000.0,384228102750371.06,-2750371.0518668275,-19090062.479560792
x,-0.0012100000000000001,-1.2100000000000002,1.0,0.0,0.0,21811.578784259334,569574.9170198372,-11572009.88410465,-3488438.8571535335,2751589.439939822,-12308859.30131836,-302184754.01002294,-91095068.9193529,71853410.6324025,-321426412.2969733,384228115000000.0,384228102691140.7,-2691140.6986816395,-19030832.1263756
x,-0.0012000000000000001,-1.2000000000000002,1.0,0.0,0.0,21916.8389373011,572323.6196024088,-11627855.063559549,-3457917.101602693,2717465.6489357813,-12368306.516226465,-303643062.6344741,-90298041.4984073,70962321.74691774,-322978782.3859638,384228115000000.0,384228102631693.5,-2631693.483773535,-18971384.9114675
x,-0.00119,-1.1900000000000002,1.0,0.0,0.0,22022.370631800397,575079.4130611005,-11683844.30780048,-3427438.677515199,2683326.2719036927,-12427956.713411983,-305105133.28318596,-89502145.61016203,70070825.85693689,-324536453.03641105,384228115000000.0,384228102572043.3,-2572043.286588017,-18911734.71428198
x,-0.00118,-1.1800000000000002,1.0,0.0,0.0,22128.156562190066,577841.8454883691,-11739968.435456567,-3397003.1720267185,2649175.7699823114,-12487795.837500975,-306570726.19916487,-88707370.47331737,69179039.4580498,-326099057.2144325,384228115000000.0,384228102512204.2,-2512204.1624990255,-18851895.59019299
x,-0.00117,-1.17,1.0,0.0,0.0,22234.179205279233,580610.4592937721,-11796218.149697887,-3366610.1736411634,2615018.6633372414,-12547809.66000181,-308039598.61038667,-87913705.34230313,68287080.58723924,-327666223.3654506,384228115000000.0,384228102452190.3,-2452190.3399981894,-18791881.767692152
x,-0.00116,-1.16,1.0,0.0,0.0,22340.420823924713,583384.7912998406,-11852584.040183356,-3336259.272216232,2580859.5301812305,-12607983.782218358,-309511504.7806626,-87121139.50690114,67395068.7972974,-329237575.4902663,384228115000000.0,384228102392016.2,-2392016.2177816425,-18731707.645475604
x,-0.00115,-1.15,1.0,0.0,0.0,22446.86347083065,586164.3728413002,-11909056.585076563,-3305950.0589489522,2546703.0057605444,-12668303.638264967,-310986196.06227946,-86329662.29186773,66503125.13035671,-330812733.2237904,384228115000000.0,384228102331696.4,-2331696.361735033,-18671387.789428994
x,-0.00114,-1.14,1.0,0.0,0.0,22553.4889924755,588948.7298676192,-11965626.153129218,-3275682.1263613896,2512553.7813076307,-12728754.49818298,-312463420.95040596,-85539263.05656046,65611372.090540215,-332391311.9164263,384228115000000.0,384228102271245.5,-2271245.5018170197,-18610936.92951098
x,-0.00113,-1.13,1.0,0.0,0.0,22660.2790331656,591737.38304886,-12022283.005831763,-3245455.068286413,2478416.6029602448,-12789321.471157935,-313942925.139252,-84749931.19456644,64719933.61573638,-333972922.71808213,384228115000000.0,384228102210678.5,-2210678.5288420655,-18550369.95653603
x,-0.00112,-1.1199999999999999,1.0,0.0,0.0,22767.215039214585,594529.8478848186,-12079017.299630733,-3215268.479853527,2444296.2706472785,-12849989.508836983,-315424451.57997197,-83961656.13333242,63828935.048504196,-335557172.6648002,384228115000000.0,384228102150010.5,-2150010.491163017,-18489701.91885698
x,-0.0011099999999999999,-1.1099999999999999,1.0,0.0,0.0,22874.278263247757,597325.634817426,-12135819.088212404,-3185121.957474788,2410197.6369414907,-12910743.408745702,-316907740.5402985,-83174427.33379689,62938503.106114045,-337143664.76798135,384228115000000.0,384228102089256.56,-2089256.5912542976,-18428948.01894826
x,-0.0010999999999999998,-1.0999999999999999,1.0,0.0,0.0,22981.449768630293,600124.2493463843,-12192678.32485217,-3155015.098830774,2376125.605879455,-12971567.817803493,-318392529.66589254,-82388234.29002385,62048765.84973252,-338731998.10618395,384228115000000.0,384228102028432.2,-2028432.1821965072,-18368123.60989047
x,-0.0010899999999999998,-1.0899999999999999,1.0,0.0,0.0,23088.710434018358,602925.1921480118,-12249584.8648291,-3124947.5028566886,2342085.131748947,-13032447.235936841,-319878554.043396,-81603066.52883983,61159852.65275697,-340321767.9194788,384228115000000.0,384228101967552.75,-1967552.764063159,-18307244.19175712
x,-0.00108,-1.08,1.0,0.0,0.0,23196.040958031917,605727.9591972652,-12306528.467905067,-3094918.769728518,2308081.2178441808,-13093366.0197894,-321365546.26517,-80818913.60947245,60271894.16831045,-341912565.70633185,384228115000000.0,384228101906634.0,-1906633.9802106004,-18246325.407904565
x,-0.00107,-1.07,1.0,0.0,0.0,23303.421864047916,608532.0418929073,-12363498.80086776,-3064928.500849168,2274118.915189068,-13154308.386527859,-322853236.49570185,-80035765.12318838,59385022.29590163,-343503979.3229885,384228115000000.0,384228101845691.6,-1845691.6134721413,-18185383.041166104
x,-0.00106,-1.06,1.0,0.0,0.0,23410.8335051127,611336.9271857863,-12420485.440136923,-3034976.2988348505,2240203.321228986,-13215258.417742785,-324341352.53966266,-79253610.69293788,58499370.14726245,-345095593.08533806,384228115000000.0,384228101784741.56,-1784741.582257215,-18124433.009951178
x,-0.00105,-1.05,1.0,0.0,0.0,23518.256068972056,614142.0977101872,-12477477.874433031,-3005061.767501402,2206339.578491396,-13276200.063443037,-325829619.91159594,-78472439.9729975,57615072.011372186,-346686987.8732212,384228115000000.0,384228101723799.94,-1723799.9365569633,-18063491.36425093
x,-0.00104,-1.0399999999999998,1.0,0.0,0.0,23625.669583217586,616947.0319182216,-12534465.507507663,-2975184.5118507124,2172532.873215629,-13337117.146142744,-327317761.90721637,-77692242.64861569,56732263.31867658,-348277741.2371554,384228115000000.0,384228101662882.9,-1662882.8538572565,-18002574.28155122
x,-0.00103,-1.03,1.0,0.0,0.0,23733.053920547674,619751.2042172096,-12591437.660934655,-2945344.1380572594,2138788.4339523697,-13397993.365039539,-328805499.676297,-76913008.43566121,55851080.60451551,-349867427.50744253,384228115000000.0,384228101602006.6,-1602006.6349604614,-17941698.062654424
x,-0.0010199999999999999,-1.0199999999999998,1.0,0.0,0.0,23840.38880414151,622554.0851100137,-12648383.576961301,-2915540.2534546787,2105111.530133183,-13458812.300282795,-330292552.29712343,-76134727.08027238,54971661.47176842,-351455617.90562737,384228115000000.0,384228101541187.7,-1541187.699717205,-17880879.127411168
x,-0.00101,-1.01,1.0,0.0,0.0,23947.653813144352,625355.141338278,-12705292.421418509,-2885772.466522376,2071507.470610594,-13519557.417330291,-331778636.85248816,-75357388.35850748,54094144.55273085,-353041880.6582648,384228115000000.0,384228101480442.56,-1480442.5826697089,-17820134.010363672
x,-0.001,-1.0,1.0,0.0,0.0,24054.828388262395,628153.8360285289,-12762153.2866891,-2856040.3868722846,2037981.602169192,-13580212.071392197,-333263468.507203,-74580982.07599899,53218669.4702343,-354625781.1129677,384228115000000.0,384228101419787.94,-1419787.9286078028,-17759479.356301766
x,-0.00099,-0.99,1.0,0.0,0.0,24161.89183746501,630949.6288410806,-12818955.194733147,-2826343.62523564,2004539.3080082356,-13640759.511960551,-334746760.5871006,-73805498.06760816,52345376.79802178,-356206881.856687,384228115000000.0,384228101359240.5,-1359240.4880394489,-17698931.915733412
x,-0.00098,-0.98,1.0,0.0,0.0,24268.82334179272,633741.9761217008,-12875687.100169329,-2796681.7934497907,1971186.0061963266,-13701182.887422796,-336228224.6595001,-73030926.19708067,51474408.020394124,-357784742.83618677,384228115000000.0,384228101298817.1,-1298817.1125772037,-17638508.540271167
x,-0.0009699999999999999,-0.97,1.0,0.0,0.0,24375.60196126876,636530.3310559823,-12932337.89341129,-2767054.5044451393,1937927.1480986536,-13761465.249757776,-337707570.6151071,-72257256.35670556,50605905.49113992,-359358921.4806728,384228115000000.0,384228101238534.75,-1238534.750242224,-17578226.17793619
x,-0.0009599999999999999,-0.96,1.0,0.0,0.0,24482.206640911914,639314.143826358,-12988896.403857708,-2737461.3722321535,1904768.2167774145,-13821589.559312442,-339184506.75131804,-71484478.46697608,49740012.39176506,-360928972.82652897,384228115000000.0,384228101178410.44,-1178410.4406875577,-17518101.868381523
x,-0.0009499999999999999,-0.9499999999999998,1.0,0.0,0.0,24588.616216848695,642092.8617717113,-13045351.403135082,-2707902.0118883,1871714.7253659351,-13881538.689657448,-340658739.85690004,-70712582.47624843,48876872.68903544,-362494449.64411306,384228115000000.0,384228101118461.3,-1118461.3103425521,-17458152.738036513
x,-0.0009399999999999999,-0.9399999999999998,1.0,0.0,0.0,24694.80942252235,644865.9295495143,-13101691.608391898,-2678376.0395452897,1838772.2154171856,-13941295.43252,-342129975.2980131,-69941558.3604088,48016631.091851056,-364054902.56657076,384228115000000.0,384228101058704.56,-1058704.5674799997,-17398395.99517396
x,-0.00093,-0.93,1.0,0.0,0.0,24800.764894996493,647632.7893004376,-13157905.685642948,-2648883.072376122,1805946.255227241,-14000842.502791828,-343597917.10554147,-69171396.12253493,47159433.00746585,-365609880.2206105,384228115000000.0,384228100999157.5,-999157.4972081725,-17338848.924902134
x,-0.00092,-0.92,1.0,0.0,0.0,24906.461181350816,650392.8808153633,-13213982.253162583,-2619422.7285823952,1773242.438134353,-14060162.543610623,-345062268.06370336,-68402085.79256481,46305424.49707061,-367158929.3591975,384228115000000.0,384228100939837.44,-939837.4563893769,-17279528.884083338
x,-0.00091,-0.91,1.0,0.0,0.0,25011.87674516638,653145.6417047392,-13269909.884925425,-2589994.627381531,1740666.3807943366,-14119238.13151262,-346522729.79989946,-67633617.42696305,45454752.23075748,-368701594.996105,384228115000000.0,384228100880761.9,-880761.8684873804,-17220453.296181343
x,-0.0009,-0.9,1.0,0.0,0.0,25116.989973098058,655890.5075702068,-13325677.11409332,-2560598.3889941955,1708223.7214329005,-14178051.781654615,-347979002.87576926,-66865981.108392425,44607563.441882275,-370237420.54227936,384228115000000.0,384228100821948.2,-821948.218345385,-17161639.646039348
x,-0.00089,-0.8899999999999999,1.0,0.0,0.0,25221.77918153113,658626.9121784286,-13381272.436547017,-2531233.634631617,1675920.1180756767,-14236585.953102956,-349430786.8794154,-66099166.945382655,43764005.88084453,-371765947.94395345,384228115000000.0,384228100763414.06,-763414.0468970444,-17103105.47459101
x,-0.0008799999999999999,-0.8799999999999999,1.0,0.0,0.0,25326.222623319733,661354.2876370515,-13436684.314461134,-2501899.986483124,1643761.2467566144,-14294823.054187642,-350877780.5187582,-65333165.072004996,42924227.76830253,-373286717.8224606,384228115000000.0,384228100705176.94,-705176.9458123576,-17044868.373506323
x,-0.0008699999999999999,-0.8699999999999999,1.0,0.0,0.0,25430.298494604,664072.064572726,-13491901.179921033,-2472597.0677036303,1611752.7997055487,-14352745.447919117,-352319681.71598434,-64567965.64754546,42088377.74784452,-374799269.61568534,384228115000000.0,384228100647254.56,-647254.5520808827,-16986945.979774848
x,-0.0008599999999999999,-0.8599999999999999,1.0,0.0,0.0,25533.984941703264,666779.6723111105,-13546911.4385799,-2443324.502401233,1579900.4835156593,-14410335.457465474,-353756187.70304644,-63803558.856180914,41256604.83813482,-376303141.7210925,384228115000000.0,384228100589664.56,-589664.5425345264,-16929355.97022849
x,-0.0008499999999999998,-0.8499999999999999,1.0,0.0,0.0,25637.26006808224,669476.5390587834,-13601703.473354664,-2414081.9156248257,1548210.017291584,-14467575.371687908,-355186995.1181752,-63039934.90665565,40429058.38455468,-377797871.64027625,384228115000000.0,384228100532424.6,-532424.6283120923,-16872116.056006055
x,-0.00084,-0.8400000000000001,1.0,0.0,0.0,25740.101941387322,672162.0920869842,-13656265.648159046,-2384868.933351811,1516687.1307790498,-14524447.450731805,-356611800.1033629,-62277084.0319605,39605888.01036059,-379282996.1249628,384228115000000.0,384228100475552.56,-475552.5492681954,-16815243.976962157
x,-0.00083,-0.83,1.0,0.0,0.0,25842.488600549812,674835.7579171028,-13710586.311672125,-2355685.1824758113,1485337.562476723,-14580933.931671215,-358030298.4027732,-61514996.48901194,38787243.567378245,-380758051.3244069,384228115000000.0,384228100419066.06,-419066.0683287848,-16758757.496022748
x,-0.00082,-0.82,1.0,0.0,0.0,25944.398062953085,677496.9625078392,-13764653.801140863,-2326530.290794518,1454167.0577312391,-14637017.03420414,-359442185.46203786,-60753662.55833476,37973275.08625721,-382222572.93411535,384228115000000.0,384228100362982.94,-362982.9657958597,-16702674.393489823
x,-0.00081,-0.8099999999999999,1.0,0.0,0.0,26045.808331660337,680145.1314439448,-13818456.446214717,-2297403.8869974716,1423181.3668161132,-14692678.966396078,-360847156.52839196,-59993072.543743014,37164132.726304725,-383676096.3458304,384228115000000.0,384228100307321.06,-307321.03360392153,-16647012.461297885
x,-0.0007999999999999999,-0.7999999999999999,1.0,0.0,0.0,26146.69740269989,682779.6901264657,-13871982.572810857,-2268305.600654031,1392386.2429955457,-14747901.930469342,-362244906.7516079,-59233216.77202579,36359966.72492506,-385118156.7987086,384228115000000.0,384228100252098.06,-252098.06953065842,-16591789.497224621
x,-0.0007899999999999999,-0.7899999999999999,1.0,0.0,0.0,26247.043272404615,685400.0639644017,-13925220.507007994,-2239235.0622012764,1361787.44057384,-14802668.128635434,-363635131.28567624,-58474085.59263133,35560927.34668313,-386548289.53162456,384228115000000.0,384228100197331.9,-197331.87136456557,-16537023.299058529
x,-0.0007799999999999999,-0.7799999999999999,1.0,0.0,0.0,26346.82394480209,688005.678567687,-13978158.578967256,-2210191.902932036,1331390.7129314342,-14856959.768967861,-365017525.39119357,-57715669.37735446,34767164.83201857,-387966029.9365295,384228115000000.0,384228100143040.25,-143040.2310321387,-16482731.658726102
x,-0.0007699999999999999,-0.7699999999999998,1.0,0.0,0.0,26446.01743905225,690595.959941414,-14030785.126878135,-2181175.754982941,1301201.8105484135,-14910759.071312662,-366391784.53840446,-56957958.520024486,33978829.34563288,-389370913.71279603,384228115000000.0,384228100089240.94,-89240.92868733779,-16428932.3563813
x,-0.00076,-0.76,1.0,0.0,0.0,26544.601796928924,693170.3346812004,-14083088.500927804,-2152186.2513225083,1271226.4790164062,-14964048.273233911,-367757604.51085395,-56200943.4361942,33196070.92457322,-390762477.02247506,384228115000000.0,384228100035951.75,-35951.72676608898,-16375643.154460052
x,-0.00075,-0.75,1.0,0.0,0.0,26642.555090341804,695728.2301696152,-14135057.067291852,-2123223.0257393117,1241470.4570397902,-15016809.635991374,-369114681.50959945,-55444614.56283078,32419039.426037107,-392140256.6463931,384228115000000.0,384228099983190.4,16809.63599137403,-16322881.791702589
x,-0.00074,-0.74,1.0,0.0,0.0,26739.855428895324,698269.0747735655,-14186679.212144597,-2094285.71283016,1211939.474427214,-15069025.450547546,-370462712.25793326,-54688962.35800728,31647884.47492413,-393503790.14101654,384228115000000.0,384228099930974.56,69025.45054754615,-16270665.977146417
x,-0.00073,-0.73,1.0,0.0,0.0,26836.480967480817,700792.2980425545,-14237943.345687058,-2065373.947988359,1182639.2500742713,-15120678.043601148,-371801394.1065674,-53933977.30059595,30882755.4111567,-394852615.9960067,384228115000000.0,384228099879321.94,120678.04360114783,-16219013.384092815
x,-0.0007199999999999999,-0.72,1.0,0.0,0.0,26932.409913898315,703297.3309077122,-14288837.906190686,-2036487.3673919823,1153575.4899384216,-15171749.783644246,-373130425.1392286,-53179649.88996203,30123801.236798283,-396186273.7923923,384228115000000.0,384228099828250.2,171749.78364424594,-16167941.644049717
x,-0.0007099999999999999,-0.71,1.0,0.0,0.0,27027.620536504324,705783.6058815055,-14339351.3640548,-2007625.6079922295,1124753.8850070296,-15222223.087040003,-374449504.27861214,-52425970.64565973,29371170.56299199,-397504304.36127996,384228115000000.0,384228099777776.94,222223.0870400034,-16117468.34065396
x,-0.0006999999999999999,-0.6999999999999998,1.0,0.0,0.0,27122.09117188186,708250.5572580287,-14389472.225875929,-1978788.3075017787,1096180.109259567,-15272080.424118137,-375758331.3926464,-51672930.107128054,28625011.55674667,-398806249.9430277,384228115000000.0,384228099727919.56,272080.424118137,-16067611.003575826
x,-0.0006899999999999999,-0.6899999999999998,1.0,0.0,0.0,27215.800232528985,710697.6213137774,-14439189.038526885,-1949975.104383226,1067859.8176249582,-15321304.325285155,-377056607.40101105,-50920518.833388954,27885471.88759623,-400091654.34680384,384228115000000.0,384228099678695.7,321304.3252851553,-16018387.102408808
x,-0.0006799999999999998,-0.6799999999999998,1.0,0.0,0.0,27308.726214562026,713124.2365088065,-14488490.393243704,-1921185.6378375643,1039798.6439350729,-15369877.387146194,-378344034.3818613,-50168727.40274642,27152698.67415833,-401360063.1104494,384228115000000.0,384228099630122.6,369877.38714619353,-15969814.04054777
x,-0.00067,-0.67,1.0,0.0,0.0,27400.847705429725,715529.843688172,-14537364.929718278,-1892419.5477926787,1012002.1988753641,-15417782.278635593,-379620315.67870075,-49417546.4124861,26426838.43061853,-402611023.6605683,384228115000000.0,384228099582217.75,417782.27863559313,-15921909.14905837
x,-0.00066,-0.66,1.0,0.0,0.0,27492.143391634392,717913.8862835581,-14585801.340194855,-1863676.4748918759,984476.0679337046,-15465001.747153023,-380885156.00735426,-48666966.478575744,25708037.01316738,-403844085.4727625,384228115000000.0,384228099534998.25,465001.74715302326,-15874689.68054094
x,-0.00065,-0.65,1.0,0.0,0.0,27582.592066456302,720275.8105149862,-14633788.373568095,-1834956.0604825218,957225.8093484227,-15511518.624702198,-382138261.5629831,-47916978.23536849,24996439.566416666,-405058800.231935,384228115000000.0,384228099488481.4,511518.62470219843,-15828172.802991765
x,-0.0006399999999999999,-0.6399999999999999,1.0,0.0,0.0,27672.17263767727,722615.0655925046,-14681314.83948082,-1806257.9466046526,930256.9520565654,-15557315.834028907,-383379340.1270906,-47167572.33530548,24292190.469821475,-406254721.9925746,384228115000000.0,384228099442684.2,557315.8340289071,-15782375.593665056
x,-0.0006299999999999999,-0.6299999999999999,1.0,0.0,0.0,27760.864135299653,724931.1039177582,-14728369.61241926,-1777581.7759796332,903574.9936434793,-15602376.39475541,-384608101.17446333,-46418739.44861966,23595433.284136795,-407431407.3389461,384228115000000.0,384228099397623.6,602376.39475541,-15737315.032938553
x,-0.0006199999999999999,-0.6199999999999999,1.0,0.0,0.0,27848.64571925671,727223.381285332,-14774941.635803763,-1748927.1919988866,877185.3982946731,-15646683.429507975,-385824255.97999334,-45670470.2630415,22906310.697933607,-408588415.5451012,384228115000000.0,384228099353316.56,646683.4295079745,-15693007.998185989
x,-0.0006099999999999999,-0.6099999999999999,1.0,0.0,0.0,27935.49668711046,729491.3570837686,-14821019.926072828,-1720293.8387126413,851093.5947510722,-15690220.170034397,-387027517.7253265,-44922755.483505115,22224964.474203613,-409725308.734628,384228115000000.0,384228099309779.8,690220.1700343974,-15649471.257659566
x,-0.0005999999999999998,-0.5999999999999999,1.0,0.0,0.0,28021.39648173305,731734.4944961548,-14866593.576758422,-1691681.360818724,825304.9742687343,-15732969.963308413,-388217601.60528255,-44175585.83185565,21551535.397080414,-410841652.0400578,384228115000000.0,384228099267030.06,732969.9633084126,-15606721.46438555
x,-0.00059,-0.5900000000000001,1.0,0.0,0.0,28106.324698967495,733952.2607001703,-14911651.762550347,-1663089.4036513763,799824.8885839701,-15774916.277617754,-389394224.93398994,-43428952.0465572,20886163.21870187,-411937013.76184535,384228115000000.0,384228099225083.75,774916.2776177544,-15564775.150076209
x,-0.00058,-0.58,1.0,0.0,0.0,28190.261095264163,736144.1270675018,-14956183.743347729,-1634517.613170097,774658.6478850992,-15816042.708632728,-390557107.2506842,-42682844.88240149,20228986.606245685,-413010965.52684003,384228115000000.0,384228099183957.3,816042.7086327281,-15523648.719061235
x,-0.00057,-0.57,1.0,0.0,0.0,28273.185595288556,738309.5693625085,-15000178.868295273,-1605965.6359485819,749811.5187917257,-15856332.98545213,-391705970.4251078,-41937255.11021898,19580143.089161422,-414063082.4461654,384228115000000.0,384228099143667.0,856332.9854521304,-15483358.442241833
x,-0.00056,-0.5599999999999999,1.0,0.0,0.0,28355.078299496752,740448.0679400427,-15043626.579802388,-1577433.119163635,725288.7223427348,-15895770.976623293,-392840538.7624638,-41192173.51658939,18939769.00663016,-415092943.27242315,384228115000000.0,384228099104229.0,895770.976623293,-15443920.45107067
x,-0.0005499999999999999,-0.5499999999999999,1.0,0.0,0.0,28435.91949167432,742559.1079423168,-15086516.417542921,-1548919.7105841173,701095.4319939542,-15934340.696133079,-393960539.10786235,-40447590.90355306,18307999.45527664,-416100130.5561387,384228115000000.0,384228099065659.3,934340.696133079,-15405350.731560884
x,-0.0005399999999999999,-0.5399999999999999,1.0,0.0,0.0,28515.68964643479,744642.1794947135,-15128838.022433385,-1520425.058559985,677236.771626676,-15972026.309366694,-395065700.95020586,-39703498.08832472,17684968.23716491,-417084230.8013657,384228115000000.0,384228099027973.7,972026.3093666937,-15367665.11832727
x,-0.0005299999999999999,-0.5299999999999999,1.0,0.0,0.0,28594.369436673613,746696.7779004354,-15170581.140587678,-1491948.812011269,653717.8135679344,-16008812.139031012,-396155756.5254602,-38959885.90300569,17070807.808101058,-418044834.6203648,384228115000000.0,384228098991187.9,1008812.1390310116,-15330879.288662951
x,-0.0005199999999999998,-0.5199999999999998,1.0,0.0,0.0,28671.93974097373,748722.4038338881,-15211735.627246004,-1463490.6204172068,630543.5766237484,-16044682.671039464,-397230440.9192523,-38216745.194300085,16465649.226274401,-418981536.887278,384228115000000.0,384228098955317.3,1044682.671039464,-15295008.7566545
x,-0.0005099999999999998,-0.5099999999999998,1.0,0.0,0.0,28748.381650958625,750718.5635326948,-15252291.450676056,-1435050.1338052833,607719.0241262736,-16079622.560355065,-398289492.1687434,-37474066.82322864,15869622.101261973,-419893936.89071,384228115000000.0,384228098920377.44,1079622.5603550654,-15260068.867338898
x,-0.0005,-0.5,1.0,0.0,0.0,28823.676478589077,752684.7689882388,-15292238.69604421,-1406627.0027403955,585249.0619959927,-16113616.636788612,-399332651.3637191,-36731841.66484577,15282854.543425687,-420781638.48513913,384228115000000.0,384228098886383.4,1113616.6367886122,-15226074.79090535
x,-0.00049,-0.49,1.0,0.0,0.0,28897.805763399563,754620.538134631,-15331567.569254782,-1378220.8783139833,563138.5368199237,-16146649.910748843,-400359662.7468456,-35990060.6079557,14705473.113727763,-421644250.24107355,384228115000000.0,384228098853350.06,1146649.910748843,-15193041.51694512
x,-0.00047999999999999996,-0.48,1.0,0.0,0.0,28970.751279670305,756525.3950359967,-15370268.400755126,-1349831.41213326,541392.233946949,-16178707.578941436,-401370273.81303376,-35248714.55483128,14137602.773993282,-422481385.5938717,384228115000000.0,384228098821292.44,1178707.5789414365,-15160983.848752527
x,-0.00046999999999999993,-0.4699999999999999,1.0,0.0,0.0,29042.495043531257,758398.8700719845,-15408331.649304608,-1321458.2563103768,520014.87560126034,-16209775.030013725,-402364235.4078598,-34507794.42093102,13579366.83764575,-423292662.9911451,384228115000000.0,384228098790225.0,1209775.0300137252,-15129916.397680238
x,-0.0004599999999999999,-0.4599999999999999,1.0,0.0,0.0,29113.019319993993,760240.5001213937,-15445747.905705314,-1293101.0634517216,499011.1190149572,-16239837.850142078,-403341301.82498705,-33767291.134619616,13030886.92094289,-424077706.0386638,384228115000000.0,384228098760162.1,1239837.8501420785,-15099853.577551885
x,-0.0004499999999999999,-0.4499999999999999,1.0,0.0,0.0,29182.306629907653,762049.8287438169,-15482507.896492524,-1264759.4866471577,478385.5545808441,-16268881.828558838,-404301230.9025367,-33027195.63688699,12492282.89473983,-424836143.64468384,384228115000000.0,384228098731118.2,1268881.828558838,-15070809.599135125
x,-0.00043999999999999985,-0.43999999999999984,1.0,0.0,0.0,29250.339756835205,763826.4063592037,-15518602.487582844,-1236433.1794593295,458142.7040264015,-16296892.963015774,-405243784.11835295,-32287498.881068975,11963672.836805267,-425567610.1626167,384228115000000.0,384228098703107.06,1296892.9630157743,-15042798.464678189
x,-0.0004299999999999998,-0.4299999999999998,1.0,0.0,0.0,29317.10175384612,765569.79042524,-15554022.687878042,-1208121.7959130413,438287.0186099886,-16323857.465181094,-406168726.6841118,-31548191.83256999,11445172.984718133,-426271745.5319636,384228115000000.0,384228098676142.56,1323857.4651810937,-15015833.96251287
x,-0.00042,-0.42000000000000004,1.0,0.0,0.0,29382.57595022179,767279.5456124493,-15588759.652822541,-1179824.9904845352,418822.8773402226,-16349761.765966853,-407075827.6382189,-30809265.468583032,10936897.6893695,-426948195.4174324,384228115000000.0,384228098650238.25,1349761.7659668531,-14989929.66172711
x,-0.00041,-0.41,1.0,0.0,0.0,29446.745958069874,768955.2439769167,-15622804.687912667,-1151542.4180909302,399754.5852195567,-16374592.520784039,-407964859.93744844,-30070710.777813904,10438959.36909641,-427596611.3461659,384228115000000.0,384228098625407.5,1374592.520784039,-14965098.906909924
x,-0.00039999999999999996,-0.39999999999999997,1.0,0.0,0.0,29509.59567884402,770596.4651305402,-15656149.252155606,-1123273.734079597,381086.3715130403,-16398336.614722162,-408835600.54726803,-29332518.760203756,9951468.46447326,-428216650.8429985,384228115000000.0,384228098601663.4,1398336.6147221625,-14941354.8129718
x,-0.00038999999999999994,-0.38999999999999996,1.0,0.0,0.0,29571.10930976515,772202.7964087132,-15688784.961476205,-1095018.594217625,362822.388043172,-16420981.167650662,-409687830.5308022,-28594680.426654022,9474533.393784605,-428807977.56367177,384228115000000.0,384228098579018.8,1420981.1676506624,-14918710.2600433
x,-0.0003799999999999999,-0.3799999999999999,1.0,0.0,0.0,29631.27135014087,773773.8330353454,-15720703.592069706,-1066776.6546812297,344966.70751188777,-16442513.539239043,-410521335.13638353,-27857186.798749827,9008260.509206511,-429370261.42592674,384228115000000.0,384228098557486.44,1442513.5392390434,-14897177.88845492
x,-0.0003699999999999999,-0.3699999999999999,1.0,0.0,0.0,29690.066607579356,775309.1782851287,-15751897.083698457,-1038547.5720452624,327523.3218505262,-16462921.333893195,-411335903.8836412,-27120028.90848603,8552754.05371852,-429903178.7384087,384228115000000.0,384228098537078.7,1462921.3338931948,-14876770.093800768
x,-0.00035999999999999986,-0.3599999999999999,1.0,0.0,0.0,29747.480204094267,776808.4436429574,-15782357.542930868,-1010331.003272696,310496.14059878956,-16482192.405604774,-412131330.6480809,-26383197.79799268,8108116.118772769,-430406412.32730085,384228115000000.0,384228098517807.6,1482192.4056047741,-14857499.022089189
x,-0.00034999999999999983,-0.3499999999999998,1.0,0.0,0.0,29803.497582097196,778271.2489604116,-15812077.246320672,-982126.6057041594,293888.9893135499,-16500314.862711282,-412907413.7441069,-25646684.519261707,7674446.60274248,-430879651.6606261,384228115000000.0,384228098499685.1,1500314.8627112824,-14839376.56498268
x,-0.0003399999999999998,-0.3399999999999998,1.0,0.0,0.0,29858.104510274377,779697.2226092183,-15841048.64352476,-953934.0370474685,277705.6080084318,-16517277.072563795,-413663956.0064385,-24910480.13387356,7251843.170174128,-431322592.97013783,384228115000000.0,384228098482722.94,1517277.0725637954,-14822414.355130168
x,-0.00033,-0.33,1.0,0.0,0.0,29911.28708934412,781086.0016315975,-15869264.360357758,-925752.955367192,261949.64962504208,-16533067.666099908,-414400764.8698761,-24174575.71272472,6840401.211866022,-431734939.37073475,384228115000000.0,384228098466932.3,1533067.6660999078,-14806623.761594055
x,-0.00031999999999999997,-0.31999999999999995,1.0,0.0,0.0,29963.03175769195,782437.2318874149,-15896717.20178173,-897583.0190742424,246624.678536706,-16547675.542319266,-415117652.4473724,-23438962.33575588,6440213.805795736,-432116400.97733253,384228115000000.0,384228098452324.44,1547675.5423192661,-14792015.885374697
x,-0.00030999999999999995,-0.30999999999999994,1.0,0.0,0.0,30013.325296879975,783750.5681980503,-15923400.15482914,-869423.8869154776,231734.16908561203,-16561089.872659003,-415814435.6063609,-22703631.09168043,6051371.67891996,-432466695.0191213,384228115000000.0,384228098438910.1,1561089.8726590034,-14778601.55503496
x,-0.0002999999999999999,-0.29999999999999993,1.0,0.0,0.0,30062.154837027574,785025.6744869063,-15949306.391457556,-841275.217963317,217281.50415411533,-16573300.105266763,-416490936.04330194,-21968573.077713277,5673963.169866347,-432785545.95114905,384228115000000.0,384228098426699.9,1573300.105266763,-14766391.3224272
x,-0.0002899999999999999,-0.28999999999999987,1.0,0.0,0.0,30109.50786206025,786262.2239164729,-15974429.271334365,-813136.6716053796,203269.9737710884,-16584295.969168656,-417146980.3564014,-21233779.39930027,5308074.192540559,-433072685.5631611,384228115000000.0,384228098415704.0,1584295.9691686556,-14755395.458525307
x,-0.00027999999999999987,-0.27999999999999986,1.0,0.0,0.0,30155.372214823485,787459.8990218687,-15998762.344549917,-785007.9075341568,189702.77375407386,-16594067.478329998,-417782400.1164596,-20499241.169848517,4953788.200668238,-433327853.08563983,384228115000000.0,384228098405932.5,1594067.4783299975,-14745623.949363966
x,-0.00026999999999999984,-0.26999999999999985,1.0,0.0,0.0,30199.736102058967,788618.3918407867,-16022299.354257658,-756888.5857366652,176583.00438804942,-16602604.935606271,-418397031.935815,-19764949.510456182,4611186.153293036,-433550795.29297805,384228115000000.0,384228098397395.06,1602604.935606271,-14737086.492087692
x,-0.0002599999999999998,-0.2599999999999998,1.0,0.0,0.0,30242.58809924002,789737.4040397636,-16045034.239239514,-728778.36648419,163913.66914153466,-16609898.936582169,-418990717.5353343,-19030895.549644668,4280346.481249773,-433741266.6037292,384228115000000.0,384228098390101.06,1609898.9365821686,-14729792.491111794
x,-0.00025,-0.25,1.0,0.0,0.0,30283.91715526369,790816.647036707,-16066961.136395244,-700676.9103219263,151697.67342079087,-16615940.373296382,-419563303.8094187,-18297070.42308809,3961345.0546323373,-433899029.1778745,384228115000000.0,384228098384059.6,1615940.373296382,-14723751.054397581
x,-0.00023999999999999998,-0.24,1.0,0.0,0.0,30323.712596996607,791855.8421196026,-16088074.383154256,-672583.8780587328,139937.8233628363,-16620720.43785015,-420114642.8889842,-17563465.27334572,3654255.1512751807,-434023853.01105464,384228115000000.0,384228098379279.56,1620720.4378501493,-14718970.989843814
x,-0.00022999999999999995,-0.22999999999999995,1.0,0.0,0.0,30361.96413367214,792854.7205613398,-16108368.519808447,-644498.9307568793,128636.82466798149,-16624230.625897344,-420644592.2023801,-16830071.249594267,3359147.4262668286,-434115516.02570754,384228115000000.0,384228098375769.4,1624230.6258973442,-14715460.801796619
x,-0.00021999999999999993,-0.21999999999999992,1.0,0.0,0.0,30398.661861136137,793813.0237305816,-16127838.291764798,-616421.7297217987,117797.28147251531,-16626462.740014086,-421153014.5342123,-16096879.507360265,3076089.882511853,-434173804.1590608,384228115000000.0,384228098373537.25,1626462.7400140855,-14713228.687679878
x,-0.0002099999999999999,-0.2099999999999999,1.0,0.0,0.0,30433.796265938996,794730.5031986232,-16146478.65171638,-588351.9364918272,107421.69526226497,-16627408.89294594,-421639778.08203506,-15363881.20825214,2805147.84236021,-434198511.44792694,384228115000000.0,384228098372591.1,1627408.8929459397,-14712282.534748023
x,-0.00019999999999999987,-0.19999999999999987,1.0,0.0,0.0,30467.35822927149,795606.9208421696,-16164284.761730466,-560289.212828019,97512.46382759839,-16627061.510730889,-422104756.5108794,-14631067.519694246,2546383.9203187805,-434189440.1102549,384228115000000.0,384228098372938.5,1627061.5107308887,-14712629.916963074
x,-0.00018999999999999985,-0.18999999999999984,1.0,0.0,0.0,30499.339030742165,796442.0489419765,-16181251.995252661,-532233.2207039035,88071.88026050059,-16625413.335696068,-422547829.00558734,-13898429.614659395,2299857.996861601,-434146400.6233852,384228115000000.0,384228098374586.7,1625413.3356960677,-14714278.091997895
x,-0.00017999999999999982,-0.17999999999999983,1.0,0.0,0.0,30529.73035199412,797235.6702772968,-16197375.939025706,-504183.6222953375,79102.1319943152,-16622457.429326724,-422968880.3209186,-13165958.671403866,2065627.1933542306,-434069211.79896814,384228115000000.0,384228098377542.56,1622457.4293267243,-14717233.998367239
x,-0.0001699999999999998,-0.1699999999999998,1.0,0.0,0.0,30558.524280159036,797987.5782160766,-16212652.39492201,-476140.0799702528,70605.29988669533,-16618187.175005572,-423367800.8294044,-12433645.873199662,1843745.8481064653,-433957700.85449773,384228115000000.0,384228098381812.8,1618187.175005572,-14721504.252688391
x,-0.00015999999999999999,-0.15999999999999998,1.0,0.0,0.0,30585.713311146385,798697.5768008487,-16227077.381688755,-448102.2562785459,62583.357346303485,-16612596.280620998,-423744486.56691784,-11701482.408070512,1634265.4935674833,-433811703.4814209,384228115000000.0,384228098387403.75,1612596.2806209978,-14727095.147072965
x,-0.00014999999999999996,-0.14999999999999997,1.0,0.0,0.0,30611.290352765995,799365.4808302725,-16240647.136604527,-420069.81394186016,55038.1695037647,-16605678.781042622,-424098839.2759344,-10969459.46852504,1437234.834676596,-433631063.9097828,384228115000000.0,384228098394321.25,1605678.7810426224,-14734012.64665134
x,-0.00013999999999999993,-0.13999999999999993,1.0,0.0,0.0,30635.24872768216,799991.1159362765,-16253358.117046578,-392042.415843503,47971.49242738158,-16597429.0404627,-424430766.44645846,-10237568.251293477,1252699.728382887,-433415634.96936905,384228115000000.0,384228098402570.94,1597429.0404627007,-14742262.387231262
x,-0.0001299999999999999,-0.1299999999999999,1.0,0.0,0.0,30657.58217619736,800574.3186567505,-16265207.001967756,-364019.72501821665,41384.97238401855,-16587841.754601955,-424740181.354591,-9505799.957060527,1080703.1643443713,-433165278.1473072,384228115000000.0,384228098412158.25,1587841.7546019554,-14751849.673092008
x,-0.00011999999999999988,-0.11999999999999988,1.0,0.0,0.0,30678.28485886423,801114.936503753,-16276190.693282276,-336001.4046421005,35280.14514564962,-16576911.952778725,-425027003.09871686,-8774145.79020222,921285.2468195854,-432879863.64209944,384228115000000.0,384228098423088.06,1576911.952778725,-14762779.474915238
x,-0.00010999999999999985,-0.10999999999999985,1.0,0.0,0.0,30697.35135892415,801612.8280271911,-16286306.317159431,-307987.11802246224,29658.435341940367,-16564634.999839958,-425291156.6332878,-8042596.958520883,774483.1777612894,-432559270.4140475,384228115000000.0,384228098435365.0,1564634.9998399578,-14775056.427854005
x,-9.999999999999983e-05,-0.09999999999999983,1.0,0.0,0.0,30714.77668457081,802067.8628739306,-16295551.22522462,-279976.52858768613,24521.155859215654,-16551006.597953092,-425532572.8001856,-7311144.672980559,640331.2411214585,-432203386.23204476,384228115000000.0,384228098448993.4,1551006.5979530923,-14788684.82974087
x,-8.99999999999998e-05,-0.0899999999999998,1.0,0.0,0.0,30730.556271037938,802479.9218423124,-16303922.995666858,-251969.29987714687,19869.507286265616,-16536022.788257739,-425751188.357643,-6579780.147443637,518860.78837938147,-431812107.7167072,384228115000000.0,384228098463977.2,1536022.7882577386,-14803668.639436224
x,-7.999999999999978e-05,-0.07999999999999978,1.0,0.0,0.0,30744.685982509276,802848.8969320299,-16311419.434252216,-223965.09553108003,15704.577407172374,-16519679.95237612,-425946946.00670785,-5848494.59840633,410100.2252976325,-431385340.3798165,384228115000000.0,384228098480320.06,1519679.9523761198,-14820011.475317843
x,-6.999999999999997e-05,-0.06999999999999997,1.0,0.0,0.0,30757.162113850303,803174.6913893492,-16318038.575242497,-195963.57928047312,12027.340741590615,-16501974.81378138,-426119794.4152331,-5117279.244734689,314074.9999172243,-430922998.6600506,384228115000000.0,384228098498025.2,1501974.8137813807,-14837716.613912582
x,-5.999999999999994e-05,-0.05999999999999994,1.0,0.0,0.0,30767.98139216036,803457.2197476408,-16323778.682218764,-167964.41493699027,8838.658132662298,-16482904.439023092,-426269688.23938173,-4386125.307401511,230807.59179665172,-430425005.95498663,384228115000000.0,384228098517095.56,1482904.4390230924,-14856786.98867087
x,-4.9999999999999914e-05,-0.04999999999999991,1.0,0.0,0.0,30777.140978144278,803696.4078631976,-16328638.248808993,-139967.2663828794,6139.276382848092,-16462466.238809027,-426396588.14262855,-3655024.0092227757,160317.5025022055,-429891294.64934915,384228115000000.0,384228098537533.75,1462466.2388090268,-14877225.188884936
x,-3.999999999999967e-05,-0.039999999999999675,1.0,0.0,0.0,30784.6384673028,803892.1929463207,-16332615.999319702,-111971.79756084294,3929.82793787536,-16440657.968942668,-426500460.81225383,-2923966.574593138,102621.247354773,-429321806.13949215,384228115000000.0,384228098559342.0,1440657.9689426683,-14899033.458751295
x,-3.000000000000008e-05,-0.03000000000000008,1.0,0.0,0.0,30790.47189094107,804044.5235876545,-16335710.88927095,-83977.67246399685,2210.8306190067397,-16417477.731115943,-426581278.97331417,-2192944.2292237217,57732.348438455294,-428716490.8540995,384228115000000.0,384228098582522.25,1417477.7311159428,-14922213.69657802
x,-2.0000000000000052e-05,-0.020000000000000052,1.0,0.0,0.0,30794.63971699456,804153.3597797547,-16337922.105834557,-55984.555125777064,982.6874037528046,-16392923.97355658,-426639021.40008605,-1461948.1998785438,25661.32887422479,-428075308.2710904,384228115000000.0,384228098607076.0,1392923.97355658,-14946767.454137383
x,-1.0000000000000026e-05,-0.010000000000000026,1.0,0.0,0.0,30797.140850671894,804218.672933874,-16339249.068175148,-27992.109609828258,245.6862551976974,-16366995.491529778,-426673672.9249714,-730969.7141104736,6415.708363033792,-427398226.9307188,384228115000000.0,384228098633004.5,1366995.4915297776,-14972695.936164185
x,0.0,0.0,1.0,0.0,0.0,30797.974634914408,804240.4458919638,-16339691.427693969,0.0,3.7897679789431026e-09,-16339691.427693963,-426685224.44486445,0.0,9.896380282608015e-08,-426685224.4448643,384228115000000.0,384228098660308.56,1339691.427693963,-15000000.0
x,1.0000000000000026e-05,0.010000000000000026,1.0,0.0,0.0,30797.140850671894,804218.672933874,-16339249.068175148,27992.109609828258,245.6862551976974,-16311011.272310123,-426673672.9249714,730969.7141104736,6415.708363033792,-425936287.5024979,384228115000000.0,384228098688988.75,1311011.2723101228,-15028680.15538384
x,2.0000000000000052e-05,0.020000000000000052,1.0,0.0,0.0,30794.63971699456,804153.3597797547,-16337922.105834557,55984.555125777064,982.6874037528046,-16280954.863305027,-426639021.40008605,1461948.1998785438,25661.32887422479,-425151411.8713333,384228115000000.0,384228098719045.1,1280954.8633050267,-15058736.564388936
x,3.000000000000008e-05,0.03000000000000008,1.0,0.0,0.0,30790.47189094107,804044.5235876545,-16335710.88927095,83977.67246399685,2210.8306190067397,-16249522.386187946,-426581278.97331417,2192944.2292237217,57732.348438455294,-424330602.395652,384228115000000.0,384228098750477.6,1249522.3861879464,-15090169.041506017
x,4.0000000000000105e-05,0.040000000000000105,1.0,0.0,0.0,30784.6384673028,803892.1929463207,-16332615.999319702,111971.79756084294,3929.82793787536,-16216714.373820985,-426500460.81225383,2923966.574593138,102621.247354773,-423473872.9903059,384228115000000.0,384228098783285.6,1216714.3738209847,-15122977.053872978
x,5.000000000000013e-05,0.05000000000000013,1.0,0.0,0.0,30777.140978144278,803696.4078631976,-16328638.248808993,139967.2663828794,6139.276382848092,-16182531.70604327,-426396588.14262855,3655024.0092227757,160317.5025022055,-422581246.63090366,384228115000000.0,384228098817468.3,1182531.7060432695,-15157159.721650694
x,6.000000000000016e-05,0.06000000000000016,1.0,0.0,0.0,30767.98139216036,803457.2197476408,-16323778.682218764,167964.41493699027,8838.658132662298,-16146975.609149111,-426269688.23938173,4386125.307401511,230807.59179665172,-421652755.3401836,384228115000000.0,384228098853024.4,1146975.6091491114,-15192715.818544852
x,7.000000000000018e-05,0.07000000000000019,1.0,0.0,0.0,30757.162113850303,803174.6913893492,-16318038.575242497,195963.57928047312,12027.340741590615,-16110047.655220432,-426119794.4152331,5117279.244734689,314074.9999172243,-420688440.17058116,384228115000000.0,384228098889952.4,1110047.6552204322,-15229643.77247353
x,8.000000000000021e-05,0.08000000000000021,1.0,0.0,0.0,30744.685982509276,802848.8969320299,-16311419.434252216,223965.09553108003,15704.577407172374,-16071749.761313956,-425946946.00670785,5848494.59840633,410100.2252976325,-419688351.1830037,384228115000000.0,384228098928250.25,1071749.7613139562,-15267941.666380007
x,9.000000000000024e-05,0.09000000000000023,1.0,0.0,0.0,30730.556271037938,802479.9218423124,-16303922.995666858,251969.29987714687,19869.507286265616,-16032084.188503446,-425751188.357643,6579780.147443637,518860.78837938147,-418652547.42182,384228115000000.0,384228098967915.8,1032084.188503446,-15307607.239190517
x,0.00010000000000000026,0.10000000000000026,1.0,0.0,0.0,30714.776684570817,802067.8628739307,-16295551.22522462,279976.52858769154,24521.15585921674,-15991053.540777711,-425532572.8001856,7311144.6729807,640331.2411214868,-417581096.8860834,384228115000000.0,384228099008946.44,991053.5407777112,-15348637.886916252
x,0.00011000000000000029,0.11000000000000029,1.0,0.0,0.0,30697.351358924137,801612.8280271909,-16286306.317159431,307987.11802246224,29658.435341940367,-15948660.763795028,-425291156.6332878,8042596.958520883,774483.1777612894,-416474076.4970056,384228115000000.0,384228099051339.25,948660.7637950275,-15391030.663898936
x,0.00012000000000000031,0.12000000000000031,1.0,0.0,0.0,30678.28485886423,801114.936503753,-16276190.693282276,336001.4046421005,35280.14514564962,-15904909.143494526,-425027003.09871686,8774145.79020222,921285.2468195854,-415331572.06169504,384228115000000.0,384228099095090.9,904909.1434945259,-15434782.284199437
x,0.00013000000000000034,0.13000000000000034,1.0,0.0,0.0,30657.58217619736,800574.3186567505,-16265207.001967756,364019.72501821665,41384.97238401855,-15859802.304565523,-424740181.354591,9505799.957060527,1080703.1643443713,-414153678.2331862,384228115000000.0,384228099140197.7,859802.3045655228,-15479889.12312844
x,0.00013999999999999993,0.13999999999999993,1.0,0.0,0.0,30635.24872768216,799991.1159362765,-16253358.117046578,392042.415843503,47971.49242738158,-15813344.208775694,-424430766.44645846,10237568.251293477,1252699.728382887,-412940498.4667821,384228115000000.0,384228099186655.8,813344.2087756936,-15526347.21891827
x,0.00014999999999999996,0.14999999999999997,1.0,0.0,0.0,30611.290352765995,799365.4808302725,-16240647.136604527,420069.81394186016,55038.1695037647,-15765539.153158901,-424098839.2759344,10969459.46852504,1437234.834676596,-411692144.9727327,384228115000000.0,384228099234460.9,765539.1531589013,-15574152.274535062
x,0.00015999999999999999,0.15999999999999998,1.0,0.0,0.0,30585.713311146385,798697.5768008487,-16227077.381688755,448102.2562785459,62583.357346303485,-15716391.768063908,-423744486.56691784,11701482.408070512,1634265.4935674833,-410408738.6652799,384228115000000.0,384228099283608.25,716391.7680639084,-15623299.659630055
x,0.00017,0.17,1.0,0.0,0.0,30558.524280159036,797987.5782160766,-16212652.39492201,476140.0799702528,70605.29988669533,-15665907.015065065,-423367800.8294044,12433645.873199662,1843745.8481064653,-409090409.1080983,384228115000000.0,384228099334093.0,665907.0150650647,-15673784.412628898
x,0.00018000000000000004,0.18000000000000005,1.0,0.0,0.0,30529.73035199412,797235.6702772968,-16197375.939025706,504183.6222953375,79102.1319943152,-15614090.184736053,-422968880.3209186,13165958.671403866,2065627.1933542306,-407737294.4561605,384228115000000.0,384228099385909.8,614090.1847360525,-15725601.24295791
x,0.00019000000000000006,0.19000000000000006,1.0,0.0,0.0,30499.339030742165,796442.0489419765,-16181251.995252661,532233.220703911,88071.88026050059,-15560946.894288251,-422547829.00558734,13898429.614659593,2299857.996861601,-406349541.39406615,384228115000000.0,384228099439053.1,560946.8942882512,-15778744.533405712
x,0.0002000000000000001,0.2000000000000001,1.0,0.0,0.0,30467.35822927149,795606.9208421696,-16164284.761730466,560289.212828019,97512.46382759839,-15506483.085074851,-422104756.5108794,14631067.519694246,2546383.9203187805,-404927305.0708664,384228115000000.0,384228099493516.94,506483.0850748513,-15833208.342619112
x,0.00021000000000000012,0.21000000000000013,1.0,0.0,0.0,30433.796265938996,794730.5031986232,-16146478.65171638,588351.9364918272,107421.69526226497,-15450705.019962285,-421639778.08203506,15363881.20825214,2805147.84236021,-403470749.0314226,384228115000000.0,384228099549295.0,450705.0199622847,-15888986.407731678
x,0.00022000000000000014,0.22000000000000014,1.0,0.0,0.0,30398.661861136137,793813.0237305816,-16127838.291764798,616421.7297217987,117797.28147251531,-15393619.280570485,-421153014.5342123,16096879.507360265,3076089.882511853,-401980045.14434016,384228115000000.0,384228099606380.75,393619.2805704847,-15946072.147123478
x,0.00023000000000000017,0.23000000000000018,1.0,0.0,0.0,30361.96413367214,792854.7205613398,-16108368.519808447,644498.9307568793,128636.82466798149,-15335232.764383584,-420644592.2023801,16830071.249594267,3359147.4262668286,-400455373.526519,384228115000000.0,384228099664767.25,335232.76438358426,-16004458.663310379
x,0.0002400000000000002,0.24000000000000019,1.0,0.0,0.0,30323.712596996607,791855.8421196026,-16088074.383154256,672583.8780587328,139937.8233628363,-15275552.681732684,-420114642.8889842,17563465.27334572,3654255.1512751807,-398896922.4643632,384228115000000.0,384228099724447.3,275552.6817326844,-16064138.745961279
x,0.0002500000000000002,0.2500000000000002,1.0,0.0,0.0,30283.91715526369,790816.647036707,-16066961.136395244,700676.9103219263,151697.67342079087,-15214586.552652529,-419563303.8094187,18297070.42308809,3961345.0546323373,-397304888.3316983,384228115000000.0,384228099785413.44,214586.5526525285,-16125104.875041435
x,0.00026000000000000025,0.26000000000000023,1.0,0.0,0.0,30242.58809924002,789737.4040397636,-16045034.239239508,728778.36648419,163913.6691415352,-15152342.203613782,-418990717.5353341,19030895.549644668,4280346.481249788,-395679475.50443965,384228115000000.0,384228099847657.8,152342.2036137823,-16187349.22408018
x,0.0002700000000000003,0.2700000000000003,1.0,0.0,0.0,30199.736102058967,788618.3918407867,-16022299.354257658,756888.5857366727,176583.00438805157,-15088827.764132934,-418397031.935815,19764949.51045638,4611186.153293092,-394020896.27206546,384228115000000.0,384228099911172.25,88827.76413293369,-16250863.66356103
x,0.0002800000000000003,0.2800000000000003,1.0,0.0,0.0,30155.372214823485,787459.8990218687,-15998762.344549917,785007.9075341568,189702.77375407386,-15024051.663261682,-417782400.1164596,20499241.169848517,4953788.200668238,-392329370.7459427,384228115000000.0,384228099975948.3,24051.663261681795,-16315639.764432281
x,0.0002900000000000003,0.2900000000000003,1.0,0.0,0.0,30109.50786206025,786262.2239164729,-15974429.27133436,813136.6716053796,203269.97377108893,-14958022.625957895,-417146980.3564012,21233779.39930027,5308074.192540573,-390605126.76456046,384228115000000.0,384228100041977.4,-41977.37404210493,-16381668.801736068
x,0.00030000000000000035,0.3000000000000004,1.0,0.0,0.0,30062.154837027574,785025.6744869063,-15949306.391457556,841275.217963317,217281.50415411586,-14890749.669340126,-416490936.04330194,21968573.077713277,5673963.169866361,-388848399.7957224,384228115000000.0,384228100109250.3,-109250.33065987378,-16448941.758353837
x,0.00030999999999999995,0.30999999999999994,1.0,0.0,0.0,30013.325296879975,783750.5681980503,-15923400.15482914,869423.8869154776,231734.16908561203,-14822242.09882805,-415814435.6063609,22703631.09168043,6051371.67891996,-387059432.8357605,384228115000000.0,384228100177757.9,-177757.90117195062,-16517449.328865914
x,0.00031999999999999997,0.31999999999999995,1.0,0.0,0.0,29963.03175769195,782437.2318874149,-15896717.20178173,897583.0190742424,246624.678536706,-14752509.504170783,-415117652.4473724,23438962.33575588,6440213.805795736,-385238476.3058208,384228115000000.0,384228100247490.5,-247490.49582921714,-16587181.92352318
x,0.00033,0.33,1.0,0.0,0.0,29911.28708934412,781086.0016315975,-15869264.360357758,925752.955367192,261949.64962504208,-14681561.755365523,-414400764.8698761,24174575.71272472,6840401.211866022,-383385787.9452853,384228115000000.0,384228100318438.25,-318438.2446344774,-16658129.67232844
x,0.00034,0.34,1.0,0.0,0.0,29858.104510274377,779697.2226092183,-15841048.64352476,953934.0370474685,277705.6080084318,-14609408.998468857,-413663956.0064385,24910480.13387356,7251843.170174128,-381501632.70239073,384228115000000.0,384228100390591.0,-390591.00153114274,-16730282.429225106
x,0.00035000000000000005,0.35000000000000003,1.0,0.0,0.0,29803.49758209719,778271.2489604114,-15812077.246320672,982126.6057041594,293888.9893135515,-14536061.651302962,-412907413.7441069,25646684.519261707,7674446.602742522,-379586282.6221027,384228115000000.0,384228100463938.4,-463938.34869703837,-16803629.776391
x,0.0003600000000000001,0.3600000000000001,1.0,0.0,0.0,29747.480204094263,776808.4436429573,-15782357.542930868,1010331.0032726971,310496.14059878845,-14461530.399059381,-412131330.6480809,26383197.797992706,8108116.1187727405,-377640016.73131543,384228115000000.0,384228100538469.6,-538469.6009406187,-16878161.02863458
x,0.0003700000000000001,0.3700000000000001,1.0,0.0,0.0,29690.066607579356,775309.1782851287,-15751897.083698457,1038547.5720452624,327523.3218505262,-14385826.189802667,-411335903.8836412,27120028.90848603,8552754.05371852,-375663120.92143655,384228115000000.0,384228100614173.8,-614173.8101973329,-16953865.237891294
x,0.00038000000000000013,0.3800000000000001,1.0,0.0,0.0,29631.27135014087,773773.8330353454,-15720703.592069706,1066776.6546812297,344966.70751188777,-14308960.229876585,-410521335.13638353,27857186.798749827,9008260.509206511,-373655887.82842714,384228115000000.0,384228100691039.75,-691039.7701234147,-17030731.197817378
x,0.00039000000000000016,0.3900000000000002,1.0,0.0,0.0,29571.10930976515,772202.7964087132,-15688784.961476205,1095018.594217625,362822.388043172,-14230943.97921541,-409687830.5308022,28594680.426654022,9474533.393784605,-371618616.7103636,384228115000000.0,384228100769056.0,-769056.0207845904,-17108747.448478553
x,0.0004000000000000002,0.4000000000000002,1.0,0.0,0.0,29509.59567884402,770596.4651305402,-15656149.2521556,1123273.734079597,381086.3715130403,-14151789.146562966,-408835600.54726785,29332518.760203756,9951468.46447326,-369551613.32259095,384228115000000.0,384228100848210.9,-848210.8534370344,-17187902.281131
x,0.0004100000000000002,0.4100000000000002,1.0,0.0,0.0,29446.74595806987,768955.2439769165,-15622804.687912667,1151542.4180909302,399754.5852195572,-14071507.68460218,-407964859.93744844,30070710.777813904,10438959.369096423,-367455189.79053813,384228115000000.0,384228100928492.3,-928492.3153978195,-17268183.743091784
x,0.00042000000000000023,0.42000000000000026,1.0,0.0,0.0,29382.575950221784,767279.5456124491,-15588759.652822541,1179824.9904845352,418822.8773402226,-13990111.78499778,-407075827.6382189,30809265.468583032,10936897.6893695,-365329664.4802663,384228115000000.0,384228101009888.2,-1009888.2150022201,-17349579.642696183
x,0.00043000000000000026,0.43000000000000027,1.0,0.0,0.0,29317.10175384612,765569.79042524,-15554022.687878042,1208121.7959130413,438287.0186099886,-13907613.87335501,-406168726.6841118,31548191.83256999,11445172.984718133,-363175361.8668236,384228115000000.0,384228101092386.1,-1092386.1266449895,-17432077.554338954
x,0.0004400000000000003,0.4400000000000003,1.0,0.0,0.0,29250.339756835205,763826.4063592037,-15518602.487582847,1236433.1794593404,458142.7040264037,-13824026.604097102,-405243784.11835307,32287498.88106926,11963672.836805325,-360992612.4004784,384228115000000.0,384228101175973.4,-1175973.3959028982,-17515664.82359686
x,0.0004500000000000003,0.4500000000000003,1.0,0.0,0.0,29182.30662990764,762049.8287438166,-15482507.896492524,1264759.4866471577,478385.5545808441,-13739362.855264522,-404301230.9025367,33027195.63688699,12492282.89473983,-358781752.37090987,384228115000000.0,384228101260637.1,-1260637.1447354779,-17600328.57242944
x,0.00046000000000000034,0.46000000000000035,1.0,0.0,0.0,29113.019319993993,760240.5001213937,-15445747.905705314,1293101.0634517216,499011.1190149572,-13653635.723238634,-403341301.82498705,33767291.134619616,13030886.92094289,-356543123.7694245,384228115000000.0,384228101346364.25,-1346364.276761366,-17686055.70445533
x,0.00047000000000000037,0.47000000000000036,1.0,0.0,0.0,29042.495043531253,758398.8700719844,-15408331.649304604,1321458.2563103768,520014.87560126086,-13566858.517392965,-402364235.4078597,34507794.42093102,13579366.837645764,-354277074.1492829,384228115000000.0,384228101433141.5,-1433141.482607035,-17772832.910301
x,0.00047999999999999996,0.48,1.0,0.0,0.0,28970.751279670305,756525.3950359967,-15370268.400755126,1349831.41213326,541392.233946949,-13479044.754674917,-401370273.81303376,35248714.55483128,14137602.773993282,-351983956.4842092,384228115000000.0,384228101520955.25,-1520955.245325083,-17860646.673019044
x,0.00049,0.49,1.0,0.0,0.0,28897.805763399563,754620.538134631,-15331567.569254782,1378220.8783139833,563138.5368199237,-13390208.154120876,-400359662.7468456,35990060.6079557,14705473.113727763,-349664129.02516216,384228115000000.0,384228101609791.9,-1609791.8458791245,-17949483.273573086
x,0.0005,0.5,1.0,0.0,0.0,28823.676478589077,752684.7689882388,-15292238.69604421,1406627.0027403955,585249.0619959927,-13300362.631307822,-399332651.3637191,36731841.66484577,15282854.543425687,-347317955.1554476,384228115000000.0,384228101699637.4,-1699637.3686921783,-18039328.79638614
x,0.00051,0.51,1.0,0.0,0.0,28748.381650958618,750718.5635326946,-15252291.450676056,1435050.1338052833,607719.0241262768,-13209522.292744495,-398289492.1687434,37474066.82322864,15869622.101262059,-344945803.2442526,384228115000000.0,384228101790477.7,-1790477.707255505,-18130169.134949468
x,0.0005200000000000001,0.52,1.0,0.0,0.0,28671.93974097373,748722.4038338881,-15211735.627246004,1463490.6204172068,630543.5766237484,-13117701.430205049,-397230440.9192523,38216745.194300085,16465649.226274401,-342548046.4986778,384228115000000.0,384228101882298.56,-1882298.569794951,-18221989.997488916
x,0.0005300000000000001,0.5300000000000001,1.0,0.0,0.0,28594.369436673616,746696.7779004355,-15170581.140587678,1491948.8120112796,653717.8135679344,-13024914.515008463,-396155756.5254602,38959885.903005965,17070807.808101058,-340125062.8143531,384228115000000.0,384228101975085.5,-1975085.4849915374,-18314776.9126855
x,0.0005400000000000001,0.5400000000000001,1.0,0.0,0.0,28515.68964643479,744642.1794947135,-15128838.022433385,1520425.058559985,677236.771626676,-12931176.192246726,-395065700.95020586,39703498.08832472,17684968.23716491,-337677234.6247163,384228115000000.0,384228102068823.8,-2068823.8077532742,-18408515.235447235
x,0.0005500000000000001,0.5500000000000002,1.0,0.0,0.0,28435.91949167432,742559.1079423168,-15086516.417542921,1548919.7105841173,701095.4319939542,-12836501.274964847,-393960539.10786235,40447590.90355306,18307999.45527664,-335204948.7490326,384228115000000.0,384228102163498.75,-2163498.7250351533,-18503190.152729116
x,0.0005600000000000002,0.5600000000000002,1.0,0.0,0.0,28355.078299496752,740448.0679400427,-15043626.579802388,1577433.119163635,725288.7223427348,-12740904.738296023,-392840538.7624638,41192173.51658939,18939769.00663016,-332708596.2392444,384228115000000.0,384228102259095.25,-2259095.2617039774,-18598786.68939794
x,0.0005700000000000002,0.5700000000000002,1.0,0.0,0.0,28273.185595288556,738309.5693625085,-15000178.868295273,1605965.6359485819,749811.5187917274,-12644401.71355496,-391705970.4251078,41937255.11021898,19580143.089161463,-330188572.22572726,384228115000000.0,384228102355598.3,-2355598.2864450403,-18695289.714139003
x,0.0005800000000000002,0.5800000000000002,1.0,0.0,0.0,28190.261095264163,736144.1270675018,-14956183.743347727,1634517.613170097,774658.6478850993,-12547007.482292531,-390557107.25068414,42682844.88240149,20228986.60624569,-327645275.762037,384228115000000.0,384228102452992.5,-2452992.517707469,-18792683.94540143
x,0.0005900000000000002,0.5900000000000003,1.0,0.0,0.0,28106.324698967495,733952.2607001703,-14911651.762550347,1663089.4036513763,799824.8885839701,-12448737.470315006,-389394224.93398994,43428952.0465572,20886163.21870187,-325079109.66873103,384228115000000.0,384228102551262.5,-2551262.5296849944,-18890953.957378957
x,0.0006000000000000003,0.6000000000000003,1.0,0.0,0.0,28021.39648173304,731734.4944961546,-14866593.57675842,1691681.360818724,825304.974268735,-12349607.24167096,-388217601.6052825,44175585.83185565,21551535.397080433,-322490480.37634635,384228115000000.0,384228102650392.75,-2650392.7583290394,-18990084.186023004
x,0.0006100000000000003,0.6100000000000003,1.0,0.0,0.0,27935.496687110463,729491.3570837687,-14821019.926072828,1720293.8387126478,851093.5947510746,-12249632.492609106,-387027517.7253265,44922755.48350529,22224964.474203672,-319879797.7676175,384228115000000.0,384228102750367.5,-2750367.507390894,-19090058.935084857
x,0.0006200000000000003,0.6200000000000003,1.0,0.0,0.0,27848.64571925671,727223.381285332,-14774941.635803763,1748927.1919988866,877185.3982946735,-12148829.045510205,-385824255.97999334,45670470.2630415,22906310.697933618,-317247475.0190183,384228115000000.0,384228102851170.94,-2851170.9544897955,-19190862.38218376
x,0.0006300000000000004,0.6300000000000003,1.0,0.0,0.0,27760.86413529965,724931.1039177581,-14728369.612419259,1777581.7759796332,903574.9936434797,-12047212.842796143,-384608101.1744633,46418739.44861966,23595433.284136802,-314593928.4417068,384228115000000.0,384228102952787.2,-2952787.157203857,-19292478.58489782
x,0.0006400000000000004,0.6400000000000003,1.0,0.0,0.0,27672.172637677257,722615.0655925042,-14681314.839480814,1806257.9466046526,930256.9520565677,-11944799.940819595,-383379340.1270904,47167572.33530548,24292190.469821535,-311919577.3219634,384228115000000.0,384228103055200.06,-3055200.059180405,-19394891.486874368
x,0.00065,0.65,1.0,0.0,0.0,27582.592066456302,720275.8105149862,-14633788.373568095,1834956.0604825218,957225.8093484227,-11841606.503737152,-382138261.5629831,47916978.23536849,24996439.566416666,-309224843.7611979,384228115000000.0,384228103158393.5,-3158393.4962628484,-19498084.92395681
x,0.00066,0.66,1.0,0.0,0.0,27492.143391634392,717913.8862835581,-14585801.340194855,1863676.4748918759,984476.0679337046,-11737648.797369273,-380885156.00735426,48666966.478575744,25708037.01316738,-306510152.5156111,384228115000000.0,384228103262351.2,-3262351.2026307266,-19602042.63032469
x,0.00067,0.67,1.0,0.0,0.0,27400.847705429725,715529.843688172,-14537364.929718278,1892419.5477926787,1012002.1988753641,-11632943.183050236,-379620315.67870075,49417546.4124861,26426838.43061853,-303775930.8355961,384228115000000.0,384228103367056.8,-3367056.8169497643,-19706748.244643725
x,0.00068,0.68,1.0,0.0,0.0,27308.726214562026,713124.2365088065,-14488490.393243704,1921185.6378375643,1039798.6439350729,-11527506.111471066,-378344034.3818613,50168727.40274642,27152698.67415833,-301022608.30495656,384228115000000.0,384228103472493.9,-3472493.8885289337,-19812185.3162229
x,0.0006900000000000001,0.6900000000000001,1.0,0.0,0.0,27215.800232528985,710697.6213137774,-14439189.038526885,1949975.104383226,1067859.8176249582,-11421354.116518702,-377056607.40101105,50920518.833388954,27885471.88759623,-298250616.6800259,384228115000000.0,384228103578645.9,-3578645.8834812976,-19918337.31117526
x,0.0007000000000000001,0.7000000000000001,1.0,0.0,0.0,27122.09117188186,708250.5572580287,-14389472.225875929,1978788.307501782,1096180.1092595682,-11314503.809114581,-375758331.3926464,51672930.10712814,28625011.5567467,-295460389.7287716,384228115000000.0,384228103685496.2,-3685496.190885419,-20025187.61857938
x,0.0007100000000000001,0.7100000000000001,1.0,0.0,0.0,27027.620536504324,705783.6058815055,-14339351.364054797,2007625.6079922295,1124753.8850070299,-11206971.87105554,-374449504.2786121,52425970.64565973,29371170.562992,-292652363.0699604,384228115000000.0,384228103793028.1,-3793028.1289444603,-20132719.556638423
x,0.0007200000000000002,0.7200000000000002,1.0,0.0,0.0,26932.409913898315,703297.3309077122,-14288837.906190686,2036487.3673919823,1153575.4899384216,-11098775.048860282,-373130425.1392286,53179649.88996203,30123801.236798283,-289826974.0124683,384228115000000.0,384228103901224.94,-3901224.9511397183,-20240916.37883368
x,0.0007300000000000002,0.7300000000000002,1.0,0.0,0.0,26836.480967480817,700792.2980425545,-14237943.345687058,2065373.947988359,1182639.2500742713,-10989930.147624433,-371801394.1065674,53933977.30059595,30882755.4111567,-286984661.3948149,384228115000000.0,384228104010069.9,-4010069.852375567,-20349761.28006953
x,0.0007400000000000002,0.7400000000000002,1.0,0.0,0.0,26739.85542889532,698269.0747735654,-14186679.212144597,2094285.71283016,1211939.474427214,-10880454.024887223,-370462712.25793326,54688962.35800728,31647884.47492413,-284125865.42500186,384228115000000.0,384228104119546.0,-4119545.975112777,-20459237.40280674
x,0.0007500000000000002,0.7500000000000002,1.0,0.0,0.0,26642.555090341797,695728.230169615,-14135057.06729185,2123223.0257393117,1241470.4570397902,-10770363.584512748,-369114681.5095994,55444614.56283078,32419039.426037107,-281251027.52073145,384228115000000.0,384228104229636.44,-4229636.415487252,-20569327.843181215
x,0.0007600000000000003,0.7600000000000002,1.0,0.0,0.0,26544.601796928924,693170.3346812004,-14083088.500927804,2152186.2513225083,1271226.4790164062,-10659675.770588893,-367757604.51085395,56200943.4361942,33196070.92457322,-278360590.15008664,384228115000000.0,384228104340324.25,-4340324.229411107,-20680015.65710507
x,0.0007700000000000003,0.7700000000000002,1.0,0.0,0.0,26446.017439052248,690595.9599414138,-14030785.126878133,2181175.754982941,1301201.8105484152,-10548407.56134678,-366391784.5384044,56957958.520024486,33978829.34563292,-275454996.6727471,384228115000000.0,384228104451592.44,-4451592.4386532195,-20791283.866347183
x,0.0007800000000000003,0.7800000000000004,1.0,0.0,0.0,26346.823944802087,688005.6785676869,-13978158.578967256,2210191.9029320376,1331390.7129314363,-10436575.963103779,-365017525.39119357,57715669.377354495,34767164.83201862,-272534691.18182033,384228115000000.0,384228104563424.06,-4563424.036896221,-20903115.464590184
x,0.0007900000000000003,0.7900000000000004,1.0,0.0,0.0,26247.043272404608,685400.0639644015,-13925220.507007994,2239235.0622012764,1361787.4405738404,-10324198.00423288,-363635131.28567624,58474085.59263133,35560927.346683145,-269600118.3463618,384228115000000.0,384228104675802.0,-4675801.99576712,-21015493.423461083
x,0.0008000000000000004,0.8000000000000004,1.0,0.0,0.0,26146.69740269989,682779.6901264657,-13871982.572810855,2268305.600654031,1392386.2429955474,-10211290.729161277,-362244906.75160784,59233216.77202579,36359966.7249251,-266651723.25465697,384228115000000.0,384228104788709.25,-4788709.270838723,-21128400.698532686
x,0.0008100000000000004,0.8100000000000004,1.0,0.0,0.0,26045.808331660333,680145.1314439446,-13818456.446214715,2297403.8869974716,1423181.3668161153,-10097871.19240113,-360847156.52839196,59993072.543743014,37164132.72630478,-263689951.25834417,384228115000000.0,384228104902128.8,-4902128.80759887,-21241820.235292833
x,0.00082,0.82,1.0,0.0,0.0,25944.398062953085,677496.9625078392,-13764653.801140863,2326530.290794518,1454167.0577312391,-9983956.452615105,-359442185.46203786,60753662.55833476,37973275.08625721,-260715247.81744584,384228115000000.0,384228105016043.56,-5016043.547384895,-21355734.97507886
x,0.00083,0.83,1.0,0.0,0.0,25842.488600549812,674835.7579171028,-13710586.311672125,2355685.1824758113,1485337.562476723,-9869563.566719592,-358030298.4027732,61514996.48901194,38787243.567378245,-257728058.34638304,384228115000000.0,384228105130436.44,-5130436.433280408,-21470127.86097437
x,0.00084,0.8400000000000001,1.0,0.0,0.0,25740.101941387322,672162.0920869842,-13656265.648159046,2384868.933351811,1516687.1307790498,-9754709.584028184,-356611800.1033629,62277084.0319605,39605888.01036059,-254728828.06104183,384228115000000.0,384228105245290.44,-5245290.415971816,-21584981.84366578
x,0.0008500000000000001,0.8500000000000001,1.0,0.0,0.0,25637.260068082236,669476.5390587834,-13601703.473354664,2414081.9156248257,1548210.017291584,-9639411.540438253,-355186995.1181752,63039934.90665565,40429058.38455468,-251718001.82696486,384228115000000.0,384228105360588.44,-5360588.459561747,-21700279.88725571
x,0.0008600000000000001,0.8600000000000001,1.0,0.0,0.0,25533.98494170326,666779.6723111104,-13546911.4385799,2443324.502401233,1579900.4835156593,-9523686.452663006,-353756187.70304644,63803558.856180914,41256604.83813482,-248696024.00873065,384228115000000.0,384228105476313.56,-5476313.547336994,-21816004.97503096
x,0.0008700000000000001,0.8700000000000001,1.0,0.0,0.0,25430.298494603998,664072.0645727259,-13491901.179921033,2472597.0677036336,1611752.7997055505,-9407551.312511848,-352319681.71598434,64567965.64754554,42088377.74784457,-245663338.32059425,384228115000000.0,384228105592448.7,-5592448.687488152,-21932140.115182117
x,0.0008800000000000001,0.8800000000000001,1.0,0.0,0.0,25326.222623319733,661354.2876370515,-13436684.314461134,2501899.986483124,1643761.2467566144,-9291023.081221396,-350877780.5187582,65333165.072004996,42924227.76830253,-242620387.67845064,384228115000000.0,384228105708976.94,-5708976.918778604,-22048668.34647257
x,0.0008900000000000002,0.8900000000000001,1.0,0.0,0.0,25221.779181531125,658626.9121784285,-13381272.436547017,2531233.634631617,1675920.1180756786,-9174118.683839722,-349430786.8794154,66099166.945382655,43764005.88084458,-239567614.05318817,384228115000000.0,384228105825881.3,-5825881.316160278,-22165572.74385424
x,0.0009000000000000002,0.9000000000000002,1.0,0.0,0.0,25116.989973098047,655890.5075702065,-13325677.11409332,2560598.3889941955,1708223.7214329024,-9056855.003666224,-347979002.87576926,66865981.108392425,44607563.44188233,-236505458.32549453,384228115000000.0,384228105943145.0,-5943144.996333776,-22282836.42402774
x,0.0009100000000000002,0.9100000000000003,1.0,0.0,0.0,25011.87674516638,653145.6417047392,-13269909.884925425,2589994.627381531,1740666.3807943366,-8939248.876749558,-346522729.79989946,67633617.42696305,45454752.23075748,-233434360.14217892,384228115000000.0,384228106060751.1,-6060751.123250442,-22400442.550944403
x,0.0009200000000000002,0.9200000000000003,1.0,0.0,0.0,24906.46118135081,650392.8808153631,-13213982.253162583,2619422.7285823952,1773242.4381343548,-8821317.086445833,-345062268.06370336,68402085.79256481,46305424.49707066,-230354757.77406788,384228115000000.0,384228106178682.94,-6178682.913554167,-22518374.341248132
x,0.0009300000000000003,0.9300000000000003,1.0,0.0,0.0,24800.764894996493,647632.7893004376,-13157905.685642948,2648883.072376122,1805946.255227241,-8703076.358039584,-343597917.10554147,69171396.12253493,47159433.00746585,-227267087.9755407,384228115000000.0,384228106296923.6,-6296923.641960416,-22636615.06965438
x,0.0009400000000000003,0.9400000000000003,1.0,0.0,0.0,24694.80942252234,644865.9295495141,-13101691.60839189,2678376.0395452897,1838772.215417188,-8584543.353429416,-342129975.2980129,69941558.3604088,48016631.09185112,-224171785.84575307,384228115000000.0,384228106415456.6,-6415456.646570584,-22755148.07426455
x,0.0009500000000000003,0.9500000000000003,1.0,0.0,0.0,24588.616216848684,642092.861771711,-13045351.40313508,2707902.0118883075,1871714.7253659351,-8465734.66588084,-340658739.8569,70712582.47624862,48876872.68903544,-221069284.69161603,384228115000000.0,384228106534265.3,-6534265.33411916,-22873956.761813123
x,0.0009600000000000003,0.9600000000000003,1.0,0.0,0.0,24482.206640911914,639314.143826358,-12988896.403857708,2737461.3722321535,1904768.2167774164,-8346666.814848139,-339184506.75131804,71484478.46697608,49740012.39176511,-217960015.8925769,384228115000000.0,384228106653333.2,-6653333.185151861,-22993024.612845823
x,0.0009700000000000004,0.9700000000000004,1.0,0.0,0.0,24375.60196126875,636530.331055982,-12932337.893411288,2767054.5044451393,1937927.1480986557,-8227356.240867492,-337707570.61510706,72257256.35670556,50605905.49113997,-214844408.7672615,384228115000000.0,384228106772643.75,-6772643.759132508,-23112335.18682647
x,0.0009800000000000004,0.9800000000000004,1.0,0.0,0.0,24268.823341792715,633741.9761217007,-12875687.100169329,2796681.7934497907,1971186.0061963266,-8107819.30052321,-336228224.6595001,73030926.19708067,51474408.020394124,-211722890.44202527,384228115000000.0,384228106892180.7,-6892180.69947679,-23231872.127170753
x,0.00099,0.99,1.0,0.0,0.0,24161.89183746501,630949.6288410806,-12818955.194733147,2826343.62523564,2004539.3080082356,-7988072.261489271,-334746760.5871006,73805498.06760816,52345376.79802178,-208595885.72147068,384228115000000.0,384228107011927.75,-7011927.738510729,-23351619.16620469
x,0.001,1.0,1.0,0.0,0.0,24054.828388262395,628153.8360285289,-12762153.2866891,2856040.3868722846,2037981.602169192,-7868131.297647626,-333263468.507203,74580982.07599899,53218669.4702343,-205463816.96096975,384228115000000.0,384228107131868.7,-7131868.702352374,-23471560.130046338
x,0.00101,1.01,1.0,0.0,0.0,23947.653813144352,625355.141338278,-12705292.421418509,2885772.466522376,2071507.470610594,-7748012.484285538,-331778636.85248816,75357388.35850748,54094144.55273085,-202327103.94124982,384228115000000.0,384228107251987.5,-7251987.515714462,-23591678.943408426
x,0.00102,1.02,1.0,0.0,0.0,23840.388804141505,622554.0851100136,-12648383.576961301,2915540.2534546787,2105111.530133183,-7627731.793373438,-330292552.29712343,76134727.08027238,54971661.47176842,-199186163.74508262,384228115000000.0,384228107372268.2,-7372268.206626562,-23711959.634320527
x,0.00103,1.03,1.0,0.0,0.0,23733.053920547674,619751.2042172096,-12591437.660934655,2945344.1380572594,2138788.4339523697,-7507305.088925023,-328805499.676297,76913008.43566121,55851080.60451551,-196041410.63612017,384228115000000.0,384228107492694.94,-7492694.911074977,-23832386.33876894
x,0.0010400000000000001,1.04,1.0,0.0,0.0,23625.66958321759,616947.0319182217,-12534465.507507663,2975184.5118507124,2172532.873215629,-7386748.122441321,-327317761.90721637,77692242.64861569,56732263.31867658,-192893255.93992406,384228115000000.0,384228107613251.9,-7613251.877558679,-23952943.30525264
x,0.0010500000000000002,1.05,1.0,0.0,0.0,23518.256068972056,614142.0977101872,-12477477.874433031,3005061.767501402,2206339.5784913977,-7266076.528440235,-325829619.91159594,78472439.9729975,57615072.01137223,-189742107.92722628,384228115000000.0,384228107733923.5,-7733923.471559765,-24073614.899253726
x,0.0010600000000000002,1.0600000000000003,1.0,0.0,0.0,23410.833505112696,611336.9271857862,-12420485.440136923,3034976.2988348505,2240203.321228986,-7145305.820073083,-324341352.53966266,79253610.69293788,58499370.14726245,-186588371.69946226,384228115000000.0,384228107854694.2,-7854694.179926917,-24194385.60762088
x,0.0010700000000000002,1.0700000000000003,1.0,0.0,0.0,23303.421864047916,608532.0418929073,-12363498.800867759,3064928.500849168,2274118.915189068,-7024451.384829521,-322853236.4957018,80035765.12318838,59385022.29590163,-183432449.07661173,384228115000000.0,384228107975548.6,-7975548.615170479,-24315240.042864442
x,0.0010800000000000002,1.0800000000000003,1.0,0.0,0.0,23196.040958031917,605727.9591972652,-12306528.467905063,3094918.769728518,2308081.2178441845,-6903528.4803323615,-321365546.26516986,80818913.60947245,60271894.168310545,-180274738.48738688,384228115000000.0,384228108096471.5,-8096471.5196676385,-24436162.947361603
x,0.0010900000000000003,1.0900000000000003,1.0,0.0,0.0,23088.71043401836,602925.1921480119,-12249584.8648291,3124947.5028567007,2342085.1317489515,-6782552.230223447,-319878554.043396,81603066.52884014,61159852.65275709,-177115634.8617987,384228115000000.0,384228108217447.75,-8217447.769776553,-24557139.197470516
x,0.0011000000000000003,1.1000000000000003,1.0,0.0,0.0,22981.449768630293,600124.2493463843,-12192678.32485217,3155015.098830774,2376125.6058794553,-6661537.620141938,-318392529.66589254,82388234.29002385,62048765.84973253,-173955529.5261361,384228115000000.0,384228108338462.4,-8338462.379858062,-24678153.807552025
x,0.0011100000000000003,1.1100000000000003,1.0,0.0,0.0,22874.278263247747,597325.6348174256,-12135819.0882124,3185121.957474788,2410197.6369414907,-6540499.493796121,-316907740.5402984,83174427.33379689,62938503.106114045,-170794810.10038745,384228115000000.0,384228108459500.5,-8459500.506203879,-24799191.93389784
x,0.0011200000000000003,1.1200000000000003,1.0,0.0,0.0,22767.21503921458,594529.8478848184,-12079017.299630733,3215268.479853537,2444296.270647282,-6419452.549129916,-315424451.57997197,83961656.13333267,63828935.04850428,-167633860.3981351,384228115000000.0,384228108580547.44,-8580547.450870084,-24920238.878564045
x,0.0011300000000000004,1.1300000000000003,1.0,0.0,0.0,22660.27903316559,591737.3830488597,-12022283.005831758,3245455.068286413,2478416.6029602448,-6298411.3345850995,-313942925.1392518,84749931.19456644,64719933.61573638,-164473060.32894903,384228115000000.0,384228108701588.7,-8701588.6654149,-25041280.093108863
x,0.0011400000000000004,1.1400000000000003,1.0,0.0,0.0,22553.4889924755,588948.7298676192,-11965626.153129218,3275682.1263613896,2512553.781307633,-6177390.2454601955,-312463420.95040596,85539263.05656046,65611372.090540275,-161312785.8033052,384228115000000.0,384228108822609.75,-8822609.754539805,-25162301.182233766
x,0.0011500000000000004,1.1500000000000004,1.0,0.0,0.0,22446.863470830645,586164.3728413001,-11909056.585076561,3305950.0589489522,2546703.0057605472,-6056403.520367061,-310986196.06227946,86329662.29186773,66503125.130356774,-158153408.6400549,384228115000000.0,384228108943596.5,-8943596.47963294,-25283287.907326903
x,0.00116,1.16,1.0,0.0,0.0,22340.420823924713,583384.7912998406,-11852584.040183356,3336259.272216232,2580859.5301812305,-5935465.237785894,-309511504.7806626,87121139.50690114,67395068.7972974,-154995296.47646406,384228115000000.0,384228109064534.75,-9064534.762214106,-25404226.18990807
x,0.00117,1.17,1.0,0.0,0.0,22234.179205279233,580610.4592937721,-11796218.149697887,3366610.1736411634,2615018.6633372414,-5814589.312719484,-308039598.61038667,87913705.34230313,68287080.58723924,-151838812.68084437,384228115000000.0,384228109185410.7,-9185410.687280517,-25525102.11497448
x,0.00118,1.1800000000000002,1.0,0.0,0.0,22128.156562190066,577841.8454883691,-11739968.435456567,3397003.1720267185,2649175.7699823114,-5693789.493447537,-306570726.19916487,88707370.47331737,69179039.4580498,-148684316.2677977,384228115000000.0,384228109306210.5,-9306210.506552463,-25645901.93424643
x,0.00119,1.1900000000000002,1.0,0.0,0.0,22022.370631800397,575079.4130611005,-11683844.30780048,3427438.677515199,2683326.2719036927,-5573079.358381587,-305105133.28318596,89502145.61016203,70070825.85693689,-145532161.816087,384228115000000.0,384228109426920.6,-9426920.641618412,-25766612.069312375
x,0.0012000000000000001,1.2000000000000002,1.0,0.0,0.0,21916.8389373011,572323.6196024088,-11627855.063559549,3457917.101602693,2717465.6489357813,-5452472.313021076,-303643062.6344741,90298041.4984073,70962321.74691774,-142382699.3891491,384228115000000.0,384228109547527.7,-9547527.686978925,-25887219.114672888
x,0.0012100000000000001,1.2100000000000002,1.0,0.0,0.0,21811.578784259334,569574.9170198372,-11572009.88410465,3488438.8571535335,2751589.439939822,-5331981.587011294,-302184754.01002294,91095068.9193529,71853410.6324025,-139236274.45826754,384228115000000.0,384228109668018.44,-9668018.412988706,-26007709.84068267
x,0.0012200000000000002,1.2200000000000002,1.0,0.0,0.0,21706.60725707552,566833.7514455087,-11516317.83346789,3519004.3584148325,2785693.2437495524,-5211620.231303506,-300730444.1027094,91893238.6904076,72743977.5838882,-136093227.82841364,384228115000000.0,384228109788379.75,-9788379.768696494,-26128071.196390457
x,0.0012300000000000002,1.2300000000000002,1.0,0.0,0.0,21601.94121556964,564100.563146983,-11460787.8565315,3549614.0210311906,2819772.7200826975,-5091401.115417613,-299280366.49399996,92692561.66547346,73633909.261761,-132953895.56676549,384228115000000.0,384228109908598.9,-9908598.884582387,-26248290.31227635
x,0.0012400000000000002,1.2400000000000002,1.0,0.0,0.0,21497.597291696944,561375.7864414928,-11405428.77728537,3580268.2620594027,2853823.590418123,-4971336.924807841,-297834751.6084482,93493048.73532969,74523093.93920167,-129818608.93391678,384228115000000.0,384228110028663.06,-10028663.075192159,-26368354.502886124
x,0.0012500000000000002,1.2500000000000002,1.0,0.0,0.0,21393.59188639361,558659.8496135722,-11350249.297153506,3610967.4999832627,2887841.63883862,-4851440.158331622,-296393826.66999376,94294710.82801935,75411421.52419354,-126687694.31778081,384228115000000.0,384228110148559.8,-10148559.841668379,-26488251.26936234
x,0.0012600000000000003,1.2600000000000002,1.0,0.0,0.0,21289.941166552515,555953.1748360847,-11295257.993389597,3641712.1547284955,2921822.712839251,-4731723.125821851,-294957815.6600642,95097558.90923926,76298783.58063129,-123561473.17019369,384228115000000.0,384228110268276.9,-10268276.874178149,-26607968.30187211
x,0.0012700000000000003,1.2700000000000002,1.0,0.0,0.0,21186.661062129355,553256.1780946533,-11240463.317541612,3672502.647677739,2955762.7241011625,-4612197.945762714,-293526939.27748126,95901603.98273121,77185073.34852771,-120440261.94622241,384228115000000.0,384228110387802.06,-10387802.054237286,-26727493.481931247
x,0.0012800000000000003,1.2800000000000002,1.0,0.0,0.0,21083.767263379093,550569.2691154954,-11185873.593985686,3703339.401685647,2989657.6492309063,-4492876.543069134,-292101414.90017474,96706857.09067637,78070185.76331997,-117324372.04617845,384228115000000.0,384228110507123.44,-10507123.456930866,-26846814.88462483
x,0.0012900000000000003,1.2900000000000003,1.0,0.0,0.0,20981.275218222952,547892.8512966655,-11131497.018529128,3734222.8410940543,3023503.530465189,-4373770.6469698865,-290681456.5487031,97513329.31409125,78954017.47427304,-114214109.7603388,384228115000000.0,384228110626229.4,-10626229.353030114,-26965920.78072408
x,0.0013000000000000004,1.3000000000000003,1.0,0.0,0.0,20879.200129745746,545227.3216427023,-11077341.657082686,3765153.3917472153,3057296.476341137,-4254891.788994335,-289267274.851581,98321031.77322575,79836466.86198263,-111109776.2163726,384228115000000.0,384228110745108.2,-10745108.211005665,-27084799.63869963
x,0.0013100000000000004,1.3100000000000005,1.0,0.0,0.0,20777.556953823463,542573.0707026765,-11023415.444401864,3796131.4810072053,3091032.6623320663,-4136251.301062593,-287859077.01241124,99129975.6279652,80717434.05497722,-108011667.32946885,384228115000000.0,384228110863748.7,-10863748.698937407,-27203440.12663137
x,0.0013200000000000004,1.3200000000000005,1.0,0.0,0.0,20676.360396880882,539930.4825116347,-10969726.182897236,3827157.5377693484,3124708.331448801,-4017860.313679084,-286457066.77881813,99940172.07823332,81596820.94542065,-104920073.75516407,384228115000000.0,384228110982139.7,-10982139.686320916,-27321831.11401488
x,0.00133,1.33,1.0,0.0,0.0,20575.624913779044,537299.9345354337,-10916281.54151365,3858231.992477762,3158319.7948066792,-3899729.7542292103,-285061444.41317904,100751632.36439814,82474531.20391852,-101835280.84486245,384228115000000.0,384228111100270.25,-11100270.24577079,-27439961.673464753
x,0.00134,1.34,1.0,0.0,0.0,20475.364705832057,534681.7976189529,-10863089.054678073,3889355.277141004,3191863.4321582667,-3781870.345378804,-283672406.6651497,101564367.76768053,83350470.29342917,-98757568.60404003,384228115000000.0,384228111218129.6,-11218129.654621195,-27557821.082315158
x,0.00135,1.35,1.0,0.0,0.0,20375.593718952954,532076.4359376765,-10810156.12131586,3920527.8253478077,3225335.6923919213,-3664292.60357613,-282290146.74597514,102378389.6105652,84224545.48228294,-95687211.653127,384228115000000.0,384228111335707.4,-11335707.39642387,-27675398.824117832
x,0.00136,1.36,1.0,0.0,0.0,20276.325641928037,529484.2069526298,-10757490.003935244,3951750.0722829057,3258733.093996367,-3547006.837655971,-280914854.304583,103193709.25721385,85096665.85631372,-92624479.19105543,384228115000000.0,384228111452993.2,-11452993.16234403,-27792684.590037994
x,0.0013700000000000001,1.37,1.0,0.0,0.0,20177.573904819186,526905.461368659,-10705097.827779667,3983022.454742971,3292052.225491366,-3430023.147545329,-279546715.4054476,104010338.11388141,85966742.33010536,-89569634.9614608,384228115000000.0,384228111569976.9,-11569976.852454672,-27909668.280148633
x,0.0013800000000000002,1.3800000000000001,1.0,0.0,0.0,20079.35167749344,524340.5430960332,-10652986.580047678,4014345.4111526683,3325289.7458247333,-3313351.4230702748,-278185912.5082191,104828287.62933531,86834687.65735902,-86522937.22152473,384228115000000.0,384228111686648.56,-11686648.576929726,-28026340.00462369
x,0.0013900000000000002,1.3900000000000001,1.0,0.0,0.0,19981.671868279227,521789.78921535355,-10601163.10917999,4045719.381580733,3358442.3847357873,-3197001.3428634694,-276832624.449106,105647569.29527524,87700416.44038409,-83484638.71344666,384228115000000.0,384228111802998.7,-11802998.65713653,-28142690.084830493
x,0.0014000000000000002,1.4000000000000001,1.0,0.0,0.0,19884.54712274843,519253.52994574956,-10549634.124213321,4077144.807756279,3391506.9430855475,-3080982.373371494,-275487026.42400163,106468194.64675905,88563845.13872083,-80454986.63852178,384228115000000.0,384228111919017.6,-11919017.626628507,-28258709.05432247
x,0.0014100000000000002,1.4100000000000001,1.0,0.0,0.0,19787.989822623465,516732.0886163385,-10498406.194200525,4108622.133085077,3424480.2931537987,-2965303.7679616488,-274149289.9733421,107290175.26262785,89424892.07689771,-77434222.63381654,384228115000000.0,384228112034696.25,-12034696.23203835,-28374387.659732316
x,0.0014200000000000003,1.4200000000000002,1.0,0.0,0.0,19692.012084808455,514225.78164092655,-10447485.74769663,4140151.802666013,3457359.378903338,-2849974.566127281,-272819582.9686846,108113522.7659358,90283477.4513318,-74422582.75141704,384228115000000.0,384228112150025.44,-12150025.433872718,-28489716.86156668
x,0.0014300000000000003,1.4300000000000004,1.0,0.0,0.0,19596.625760543622,511734.91849592683,-10396879.07231018,4171734.2633076836,3490141.2162115984,-2735003.5927908947,-271498069.6009916,108938248.82438341,91139523.33637726,-71420297.44023085,384228115000000.0,384228112264996.44,-12264996.407209106,-28604687.83490307
x,0.0014400000000000003,1.4400000000000004,1.0,0.0,0.0,19501.842434681763,509259.8017014657,-10346592.314319361,4203369.963544951,3522822.8930699746,-2620399.4577044337,-270184910.3706067,109764365.1507499,91992953.68953043,-68427591.53032632,384228115000000.0,384228112379600.56,-12379600.542295566,-28719291.96998953
x,0.0014500000000000003,1.4500000000000004,1.0,0.0,0.0,19407.673425085868,506800.7268056526,-10296631.478352433,4235059.353655817,3555401.5697510927,-2506170.5549455257,-268880262.07890946,110591883.50333388,92843694.35579781,-65444684.2197778,384228115000000.0,384228112493829.44,-12493829.445054475,-28833520.87274844
x,0.0014600000000000004,1.4600000000000004,1.0,0.0,0.0,19314.12978214658,504357.9823719792,-10247002.427131725,4266802.885678216,3587874.4789443384,-2392325.0625091703,-267584277.82163012,111420815.68639174,93691673.0712351,-62471789.064003244,384228115000000.0,384228112607674.94,-12607674.93749083,-28947366.36518479
x,0.0014700000000000004,1.4700000000000004,1.0,0.0,0.0,19221.222288418492,501931.849969822,-10197710.88128064,4298601.013427027,3620238.9258599905,-2278870.9419936244,-266297106.98381013,112251173.55058199,94536819.4656666,-59509113.96756157,384228115000000.0,384228112721129.06,-12721129.058006376,-29060820.48570034
x,0.0014800000000000004,1.4800000000000004,1.0,0.0,0.0,19128.96145837388,499522.6041680112,-10148762.41919304,4330454.192511176,3652492.288302232,-2165815.938379634,-265018895.23639125,113082968.9934119,95379065.0645917,-56556861.17838767,384228115000000.0,384228112834184.06,-12834184.061620366,-29173875.48931433
x,0.0014900000000000004,1.4900000000000004,1.0,0.0,0.0,19037.35753827263,497130.5125314345,-10100162.476964219,4362362.880350822,3684632.0167114474,-2053167.579901952,-263749784.53441277,113916213.95968615,96218343.29028942,-53615227.28443728,384228115000000.0,384228112946832.44,-12946832.420098048,-29286523.84779201
x,0.0015,1.5,1.0,0.0,0.0,18946.420506147064,494755.83562064025,-10051916.348382846,4394327.536194695,3716655.634176112,-1940933.1780120376,-262489913.11680153,114750920.44195971,97054589.46212885,-50684403.21271294,384228115000000.0,384228113059066.8,-13059066.821987962,-29398758.249681927
x,0.00151,1.51,1.0,0.0,0.0,18856.16007190012,492398.8269944019,-10004029.184983056,4426348.621137515,3748560.7364146924,-1829119.8274308504,-261239415.50773188,115587100.48099263,97887740.79609664,-47764574.23064266,384228115000000.0,384228113170880.2,-13170880.17256915,-29510571.60026311
x,0.00152,1.52,1.0,0.0,0.0,18766.585677515624,490059.7332152083,-9956505.996156024,4458426.598137576,3780344.991727905,-1717734.4062905419,-259998422.51953936,116424766.16620931,98717736.40355009,-44855919.94977992,384228115000000.0,384228113282265.56,-13282265.593709458,-29621957.02140342
x,0.0015300000000000001,1.53,1.0,0.0,0.0,18677.706497378946,487738.7938576377,-9909351.649320066,4490561.932034353,3812006.140921747,-1606783.5763639666,-258767061.2571626,117263929.63615814,99544517.28920746,-41958614.33179702,384228115000000.0,384228113393216.44,-13393216.423636034,-29732907.851329997
x,0.0015400000000000001,1.54,1.0,0.0,0.0,18589.53143870666,485436.2415195772,-9862570.870148612,4522755.0895663705,3843541.99720173,-1496273.7833805128,-257545455.12409657,118104603.07897826,100368026.34838586,-39072825.6967325,384228115000000.0,384228113503726.2,-13503726.216619488,-29843417.64431345
x,0.0015500000000000002,1.5500000000000003,1.0,0.0,0.0,18502.06914208356,483152.3018362464,-9816168.242855102,4555006.539389067,3874950.446038697,-1386211.2574273376,-256333723.82983202,118946798.73286594,101188208.36349736,-36198716.733468734,384228115000000.0,384228113613788.75,-13613788.742572661,-29953480.170266625
x,0.0015600000000000002,1.5600000000000003,1.0,0.0,0.0,18415.327982105355,480887.19349698006,-9770148.210533973,4587316.7520928215,3906229.4450066965,-1276602.0134344555,-255131983.39876,119790528.88654536,102005009.99981536,-33336444.5123993,384228115000000.0,384228113723398.0,-13723397.986565545,-30063089.41425951
x,0.0015700000000000002,1.5700000000000003,1.0,0.0,0.0,18329.316068125478,478641.1282647301,-9724515.075556863,4619686.200221152,3937377.023593329,-1167451.851742383,-253940346.18051794,120635805.8797439,102818379.80052198,-30486160.500252075,384228115000000.0,384228113832548.1,-13832548.148257617,-30172239.57595158
x,0.0015800000000000002,1.5800000000000003,1.0,0.0,0.0,18244.041245104123,476414.3109982367,-9679273.00002309,4652115.358288932,3968391.2829830367,-1058766.3587511217,-252758920.86175328,121482642.1036677,103628268.18104915,-27648010.57703642,384228115000000.0,384228113941233.6,-13941233.641248878,-30280925.06894284
x,0.0015900000000000003,1.5900000000000003,1.0,0.0,0.0,18159.511094558038,474206.9396768307,-9634426.006263515,4684604.702800858,3999270.395813808,-950550.9076488507,-251587812.47928107,122331050.00148407,104434627.4227252,-24822135.05507185,384228115000000.0,384228114049449.06,-14049449.09235115,-30389140.520045113
x,0.0016000000000000003,1.6000000000000003,1.0,0.0,0.0,18075.732935608918,472019.20542781084,-9589977.977396801,4717154.712269947,4030012.6059077317,-842810.6592191237,-250427122.43460977,123181042.06880432,105237411.66573879,-22008668.70006667,384228115000000.0,384228114157189.3,-14157189.340780877,-30496880.76847484
x,0.0016100000000000003,1.6100000000000003,1.0,0.0,0.0,17992.713826128915,469851.29255635664,-9545932.657937145,4749765.867236203,4060616.2279759482,-735550.5627249965,-249276948.50981113,124032630.85417143,106036576.90143417,-19207740.754205607,384228115000000.0,384228114264449.44,-14264449.437275004,-30604140.864968967
x,0.0016200000000000003,1.6200000000000003,1.0,0.0,0.0,17910.460563981254,467703.3785779254,-9502293.654452473,4782438.650285413,4091079.6472984366,-628775.3568686219,-248137384.88470814,124885828.9595507,106832080.9639493,-16419474.961208094,384228115000000.0,384228114371224.6,-14371224.643131379,-30710916.070825342
x,0.0016300000000000004,1.6300000000000003,1.0,0.0,0.0,17828.97968835407,465575.63425308315,-9459064.436272092,4815173.546068084,4121401.319379149,-522489.57082485553,-247008522.15535396,125740649.0408244,107623883.52121021,-13643989.593319256,384228115000000.0,384228114477510.44,-14477510.429175144,-30817201.85686911
x,0.0016400000000000004,1.6400000000000003,1.0,0.0,0.0,17748.277481185523,463468.22362471937,-9416248.336242806,4847971.041318461,4151579.7695770254,-416697.52534732,-245890447.35377687,126597103.80828823,108411946.06529562,-10881397.480193032,384228115000000.0,384228114583302.5,-14583302.47465268,-30922993.902346645
x,0.0016500000000000004,1.6500000000000004,1.0,0.0,0.0,17668.359968678455,461381.30405759957,-9373848.55153248,4880831.624873769,4181613.592713388,-311403.3339453239,-244783243.9689641,127455206.02715397,109196231.90218458,-8131806.039625547,384228115000000.0,384228114688596.7,-14688596.666054675,-31028288.09374864
x,0.0016600000000000005,1.6600000000000004,1.0,0.0,0.0,17589.232922902283,459315.0262801967,-9331868.144479934,4913755.7876935,4211501.452656218,-206610.90413022166,-243686991.96905527,128314968.51805303,109976706.14090052,-5395317.310101845,384228115000000.0,384228114793389.1,-14793389.095869778,-31133080.523563743
x,0.00167,1.6700000000000002,1.0,0.0,0.0,17510.901863480463,457269.534428756,-9290310.043490207,4946744.022878889,4241242.081881862,-102323.9387294589,-242601767.82472107,129176404.15754505,110753335.68206601,-2672027.98511009,384228115000000.0,384228114897676.06,-14897676.06127054,-31237367.488964505
x,0.00168,1.6800000000000002,1.0,0.0,0.0,17433.3720593613,455244.9660935374,-9249177.043974048,4979796.825692526,4270834.281014744,1454.0627332237864,-241527644.53369635,130039525.87863001,111526089.20588288,37970.55081658085,384228115000000.0,384228115001454.06,-15001454.062733224,-31341145.49042719
x,0.00169,1.6900000000000002,1.0,0.0,0.0,17356.648530670183,453241.4523671836,-9208471.809330612,5012914.693578097,4300276.918345539,104719.80259302157,-240464691.64644185,130904346.67126383,112294937.15955025,2734592.1843721964,384228115000000.0,384228115104719.8,-15104719.80259302,-31444411.230286986
x,0.0017000000000000001,1.7000000000000002,1.0,0.0,0.0,17280.73605064109,451259.11789515795,-9168196.871972227,5046098.126180237,4329568.9293283895,207470.18353639994,-239412975.29290414,131770879.58287668,113059851.7441351,5417756.034107649,384228115000000.0,384228115207470.2,-15207470.1835364,-31547161.611230362
x,0.0017100000000000001,1.7100000000000002,1.0,0.0,0.0,17205.63914762545,449298.0809282031,-9128354.634390151,5079347.625364624,4358709.316057795,309702.3070322667,-238372558.2103465,132639137.71889777,113820806.90091196,8087386.409463229,384228115000000.0,384228115309702.3,-15309702.307032267,-31649393.73472623
x,0.0017200000000000002,1.7200000000000002,1.0,0.0,0.0,17131.36210717604,447358.45337675855,-9088947.370260194,5112663.695238091,4387697.146725563,411413.47170345986,-237343499.77222016,133509134.24328057,114577778.29718222,10743412.768242607,384228115000000.0,384228115411413.5,-15411413.47170346,-31751104.89939742
x,0.0017300000000000002,1.7300000000000002,1.0,0.0,0.0,17057.90897420408,445440.34086728987,-9049977.22558716,5146046.842168975,4416531.555058551,512601.17164036597,-236325856.01804987,134380882.3790341,115330743.31159143,13385769.672575636,384228115000000.0,384228115512601.2,-15512601.171640366,-31852292.59933433
x,0.0017400000000000002,1.7400000000000002,1.0,0.0,0.0,16985.28355520721,443543.8428004683,-9011446.219886849,5179497.574807562,4445211.739737633,613263.0946583445,-235319679.6842999,135254395.4087569,116079681.01895677,16014396.74341375,384228115000000.0,384228115613263.1,-15613263.094658345,-31952954.522352308
x,0.0017500000000000003,1.7500000000000002,1.0,0.0,0.0,16913.489420566304,441669.05241114926,-8973356.247404674,5213016.404106765,4473736.963798549,713397.120500644,-234325020.23619613,136129686.67517698,116824572.174621,18629238.61360195,384228115000000.0,384228115713397.1,-15713397.120500645,-32053088.548194606
x,0.0017600000000000003,1.7600000000000002,1.0,0.0,0.0,16842.529906908996,439816.05683009134,-8935709.078369562,5246603.843342823,4502106.554015136,813001.3189883981,-233341923.90047005,137006769.5816923,117565399.19834661,21230244.879568882,384228115000000.0,384228115813001.3,-15813001.318988398,-32152692.74668236
x,0.0017700000000000003,1.7700000000000002,1.0,0.0,0.0,16772.408119537715,437984.937147361,-8898506.360282177,5280260.408136255,4530319.900265526,912073.9481196059,-232370433.69899842,137885657.5929181,118302146.157765,23817370.051684707,384228115000000.0,384228115912073.94,-15912073.948119607,-32251765.37581357
x,0.0017800000000000003,1.7800000000000002,1.0,0.0,0.0,16703.126934920158,436175.7684773673,-8861749.619236205,5313986.616472931,4558376.45488194,1010613.4521186637,-231410589.48330653,138766364.23523682,119034798.75139748,26390573.503327705,384228115000000.0,384228116010613.44,-16010613.452118663,-32350304.879812628
x,0.0017900000000000004,1.7900000000000003,1.0,0.0,0.0,16634.689003240026,434388.6200254702,-8825440.261271635,5347782.988725321,4586275.731984554,1108618.4594382418,-230462427.96990716,139648903.09735343,119763344.29126011,28949819.41870644,384228115000000.0,384228116108618.44,-16108618.459438242,-32448309.887132205
x,0.0018000000000000004,1.8000000000000005,1.0,0.0,0.0,16567.096751005756,432623.5551561036,-8789579.5737588,5381650.047673872,4614017.30680009,1206087.7807151598,-229525982.77644238,140533287.83085322,120487771.68506993,31495076.739480693,384228115000000.0,384228116206087.75,-16206087.78071516,-32545779.208409123
x,0.0018100000000000004,1.8100000000000005,1.0,0.0,0.0,16500.352383715253,430880.63146236056,-8754168.726812158,5415588.318528541,4641600.814965664,1303020.406682048,-228601284.45860255,141419532.1507644,121208071.41806592,34026319.11022777,384228115000000.0,384228116303020.44,-16303020.406682048,-32642711.83437601
x,0.0018200000000000004,1.8200000000000005,1.0,0.0,0.0,16434.457888574376,429159.9008369821,-8719208.774732549,5449598.328950556,4669025.951818483,1399415.506036486,-227688360.54778823,142307649.83612618,121924235.53446059,36543524.822798446,384228115000000.0,384228116399415.5,-16399415.506036486,-32739106.93373045
x,0.0018300000000000005,1.8300000000000005,1.0,0.0,0.0,16369.415037267025,427461.4095446941,-8684700.657476854,5483680.609074242,4696292.471671961,1495272.423269349,-226787235.5894882,143197654.7305589,122636257.61853698,39046676.75960765,384228115000000.0,384228116495272.44,-16495272.423269348,-32834963.850963313
x,0.0018400000000000005,1.8400000000000005,1.0,0.0,0.0,16305.225388774625,425785.1982958332,-8650645.202153865,5517835.691529092,4723400.187078808,1590590.676454037,-225897931.18234175,144089560.74284014,123344132.77540526,41535762.33590369,384228115000000.0,384228116590590.7,-16590590.676454037,-32930282.104148
x,0.00185,1.85,1.0,0.0,0.0,16241.890292243006,424131.3023212111,-8617043.12454527,5552064.111461978,4750348.968081719,1685369.9549984296,-225020466.01785666,144983381.84748495,124047857.61143574,44010773.441064075,384228115000000.0,384228116685369.94,-16685369.95499843,-33025061.382692393
x,0.00186,1.86,1.0,0.0,0.0,16179.410889894281,422499.75144815346,-8583895.030650567,5586366.406559496,4777138.741452148,1779610.1173610755,-224154855.92075235,145879132.08532917,124747430.21438065,46471706.37895744,384228115000000.0,384228116779610.1,-16779610.117361076,-33119301.54505504
x,0.0018700000000000001,1.87,1.0,0.0,0.0,16117.788119981913,420890.570177667,-8551201.41825482,5620743.117070523,4803769.489917824,1873311.1887335242,-223301113.88989922,146776825.56411868,125442850.13320193,48918561.80742131,384228115000000.0,384228116873311.2,-16873311.188733526,-33213002.61642749
x,0.0018800000000000002,1.8800000000000001,1.0,0.0,0.0,16057.022719786455,419303.7777626685,-8518962.67851807,5655194.785828961,4830241.2513795225,1966473.3586904118,-222459250.13982373,147676476.4591031,126134118.35761844,51351344.676897764,384228115000000.0,384228116966473.4,-16966473.35869041,-33306164.786384374
x,0.0018900000000000002,1.8900000000000001,1.0,0.0,0.0,15997.115228650186,417739.38828722935,-8487179.097585307,5689721.958276606,4856554.11811767,2059096.9788089679,-221629272.14275017,148578099.01363316,126821237.2973877,53770064.16827066,384228115000000.0,384228117059097.0,-17059096.97880897,-33398788.406502932
x,0.0019000000000000002,1.9000000000000001,1.0,0.0,0.0,15938.065991048305,416197.4107467751,-8455850.858215908,5724325.182486216,4882708.235989355,2151182.5602596635,-220811184.6711509,149481707.53976288,127504210.76133716,56174733.629949175,384228115000000.0,384228117151182.56,-17151182.560259663,-33490873.987953626
x,0.0019100000000000002,1.9100000000000001,1.0,0.0,0.0,15879.87515969463,414677.84912918584,-8424978.041431323,5759005.009184764,4908703.803616267,2242730.7713697106,-220004989.84077308,150387316.41885707,128183043.93615839,58565370.51424248,384228115000000.0,384228117242730.75,-17242730.77136971,-33582422.19906367
x,0.0019200000000000007,1.9200000000000006,1.0,0.0,0.0,15822.54269867981,413180.70249674557,-8394560.628180046,5793761.991776857,4934541.071564193,2333742.4351610024,-219210687.1541167,151294940.10220262,128857743.36498101,60941996.31306691,384228115000000.0,384228117333742.44,-17333742.435161002,-33673433.862854965
x,0.0019300000000000003,1.9300000000000004,1.0,0.0,0.0,15766.068386639834,411705.965068883,-8364598.501018658,5828596.686368346,4960220.341514518,2424218.526864202,-218428273.54433247,152204593.1116252,129528316.92573771,63304636.49303035,384228115000000.0,384228117424218.5,-17424218.5268642,-33763909.954558164
x,0.0019399999999999999,1.94,1.0,0.0,0.0,15710.451819952883,410253.62630565185,-8335091.445807881,5863509.651790137,4985741.965428401,2514160.1714106575,-217657743.4195115,153116290.04011092,130194773.80933808,65653320.42993751,384228115000000.0,384228117514160.2,-17514160.171410657,-33853851.59910462
x,0.0019500000000000003,1.9500000000000004,1.0,0.0,0.0,15655.69241596237,408823.6709918962,-8306039.153422553,5898501.449622116,5011106.344704042,2603568.6409036,-216899088.70733857,154030045.55243114,130857124.49766189,67988081.34275433,384228115000000.0,384228117603568.6,-17603568.6409036,-33943260.06859756
x,0.00196,1.96,1.0,0.0,0.0,15601.789416224348,407416.0793220506,-8277441.221474523,5933572.644217363,5036313.929327671,2692445.3520705113,-216152298.90008292,154945874.38577494,131515380.74138853,70308956.22708052,384228115000000.0,384228117692445.4,-17692445.35207051,-34032136.77976447
x,0.0019700000000000004,1.9700000000000004,1.0,0.0,0.0,15548.74188977695,406030.8269855169,-8249297.156047241,5968723.802726481,5061365.217018784,2780791.8636980252,-215417361.0998943,155863791.35038415,132169555.5376762,72615985.7881661,384228115000000.0,384228117780791.9,-17780791.863698024,-34120483.29139199
x,0.00198,1.98,1.0,0.0,0.0,15496.548736430275,404667.88525257417,-8221606.3734411625,6003955.495122133,5086260.752370065,2868609.874051038,-214694260.06438127,156783811.3301943,132819663.10770243,74909214.37351553,384228115000000.0,384228117868609.9,-17868609.87405104,-34208301.301745
x,0.0019900000000000004,1.9900000000000004,1.0,0.0,0.0,15445.208690074349,403327.22106076084,-8194368.201928792,6039268.294223816,5111001.125982672,2955901.2182776956,-213982978.2524417,157705949.2834815,133465718.87408325,77188689.90512303,384228115000000.0,384228117955901.2,-17955901.218277697,-34295592.645971656
x,0.002,2.0,1.0,0.0,0.0,15394.720322003583,402008.79710168793,-8167581.883518462,6074662.775722751,5135586.973597238,3042667.8658015267,-213283495.87032086,158630220.24351236,134107739.43818082,79454463.81137232,384228115000000.0,384228118042667.9,-18042667.865801528,-34382359.29349549
y,-0.002,-2.0,0.0,1.0,0.0,15394.720322003583,402008.79710168793,-8167581.883518462,-6074662.775722751,5135586.973597238,-9106657.685643975,-213283495.87032086,-158630220.24351236,134107739.43818082,-237805976.67565238,384228115000000.0,384228105893342.3,-5893342.314356025,-22233033.74204999
y,-0.00199,-1.99,0.0,1.0,0.0,15445.208690074356,403327.221060761,-8194368.201928796,-6039268.294223816,5111001.12598267,-9122635.370169941,-213982978.25244182,-157705949.2834815,133465718.8740832,-238223208.6618401,384228115000000.0,384228105877364.6,-5877364.629830059,-22217056.05752402
y,-0.00198,-1.98,0.0,1.0,0.0,15496.548736430277,404667.88525257417,-8221606.3734411625,-6003955.495122133,5086260.752370065,-9139301.116193227,-214694260.06438127,-156783811.3301943,132819663.10770243,-238658408.28687307,384228115000000.0,384228105860698.9,-5860698.8838067725,-22200390.311500736
y,-0.00197,-1.97,0.0,1.0,0.0,15548.741889776957,406030.82698551705,-8249297.156047245,-5968723.802726479,5061365.217018784,-9156655.741754938,-215417361.09989437,-155863791.35038412,132169555.5376762,-239111596.91260222,384228115000000.0,384228105843344.25,-5843344.258245062,-22183035.685939025
y,-0.00196,-1.96,0.0,1.0,0.0,15601.789416224346,407416.07932205056,-8277441.221474524,-5933572.644217363,5036313.929327671,-9174699.936364213,-216152298.90008295,-154945874.38577494,131515380.74138853,-239582792.5444693,384228115000000.0,384228105825300.06,-5825300.063635787,-22164991.491329752
y,-0.0019500000000000001,-1.9500000000000002,0.0,1.0,0.0,15655.69241596237,408823.6709918962,-8306039.153422553,-5898501.449622116,5011106.3447040375,-9193434.25834063,-216899088.70733857,-154030045.55243114,130857124.49766177,-240072009.76210794,384228115000000.0,384228105806565.75,-5806565.741659369,-22146257.169353332
y,-0.00194,-1.9400000000000002,0.0,1.0,0.0,15710.451819952883,410253.62630565185,-8335091.44580788,-5863509.651790141,4985741.965428401,-9212859.13216962,-217657743.41951147,-153116290.040111,130194773.80933808,-240579259.65028435,384228115000000.0,384228105787140.9,-5787140.867830381,-22126832.295524344
y,-0.00193,-1.9300000000000002,0.0,1.0,0.0,15766.06838663984,411705.9650688831,-8364598.501018662,-5828596.686368346,4960220.341514516,-9232974.845872493,-218428273.5443326,-152204593.1116252,129528316.92573766,-241104549.73022017,384228115000000.0,384228105767025.1,-5767025.154127507,-22106716.58182147
y,-0.00192,-1.9200000000000002,0.0,1.0,0.0,15822.542698679812,413180.7024967456,-8394560.628180047,-5793761.991776857,4934541.071564188,-9253781.548392715,-219210687.15411675,-151294940.10220262,128857743.36498088,-241647883.89133847,384228115000000.0,384228105746218.44,-5746218.451607285,-22085909.87930125
y,-0.00191,-1.91,0.0,1.0,0.0,15879.875159694631,414677.84912918584,-8424978.041431323,-5759005.009184764,4908703.803616267,-9275279.24699982,-220004989.84077308,-150387316.41885707,128183043.93615839,-242209262.32347178,384228115000000.0,384228105724720.75,-5724720.753000179,-22064412.18069414
y,-0.0019,-1.9,0.0,1.0,0.0,15938.065991048306,416197.41074677516,-8455850.858215908,-5724325.182486216,4882708.235989353,-9297467.804712765,-220811184.6711509,-149481707.53976288,127504210.7613371,-242788681.44957653,384228115000000.0,384228105702532.2,-5702532.195287235,-22042223.622981198
y,-0.00189,-1.89,0.0,1.0,0.0,15997.11522865019,417739.3882872294,-8487179.097585307,-5689721.958276601,4856554.118117669,-9320346.937744241,-221629272.14275017,-148578099.013633,126821237.29738767,-243386133.85899556,384228115000000.0,384228105679653.06,-5679653.062255759,-22019344.48994972
y,-0.00188,-1.88,0.0,1.0,0.0,16057.022719786455,419303.7777626685,-8518962.67851807,-5655194.785828961,4830241.251379522,-9343916.212967511,-222459250.13982373,-147676476.4591031,126134118.3576184,-244001608.24130848,384228115000000.0,384228105656083.8,-5656083.787032489,-21995775.21472645
y,-0.0018700000000000001,-1.87,0.0,1.0,0.0,16117.788119981915,420890.570177667,-8551201.41825482,-5620743.117070523,4803769.489917824,-9368175.04540752,-223301113.88989922,-146776825.56411868,125442850.13320193,-244635089.32081604,384228115000000.0,384228105631824.94,-5631824.954592479,-21971516.382286444
y,-0.00186,-1.86,0.0,1.0,0.0,16179.410889894281,422499.75144815346,-8583895.030650567,-5586366.406559496,4777138.741452147,-9393122.695757916,-224154855.92075235,-145879132.08532917,124747430.21438062,-245286557.7917009,384228115000000.0,384228105606877.3,-5606877.304242084,-21946568.731936045
y,-0.00185,-1.85,0.0,1.0,0.0,16241.890292243006,424131.3023212111,-8617043.12454527,-5552064.111461978,4750348.968081719,-9418758.267925527,-225020466.01785666,-144983381.84748495,124047857.61143574,-245955990.2539058,384228115000000.0,384228105581241.75,-5581241.732074473,-21920933.159768436
y,-0.00184,-1.84,0.0,1.0,0.0,16305.225388774632,425785.1982958334,-8650645.202153869,-5517835.691529092,4723400.187078808,-9445080.706604151,-225897931.18234184,-144089560.74284014,123344132.77540526,-246643359.1497767,384228115000000.0,384228105554919.3,-5554919.293395849,-21894610.72108981
y,-0.00183,-1.83,0.0,1.0,0.0,16369.415037267026,427461.4095446942,-8684700.657476857,-5483680.609074242,4696292.471671959,-9472088.794879138,-226787235.5894883,-143197654.7305589,122636257.61853693,-247348632.70151022,384228115000000.0,384228105527911.2,-5527911.2051208615,-21867602.632814825
y,-0.00182,-1.82,0.0,1.0,0.0,16434.457888574383,429159.9008369823,-8719208.774732554,-5449598.328950556,4669025.951818483,-9499781.151864627,-227688360.54778838,-142307649.83612618,121924235.53446059,-248071774.84945396,384228115000000.0,384228105500218.9,-5500218.848135373,-21839910.275829338
y,-0.00181,-1.81,0.0,1.0,0.0,16500.352383715253,430880.63146236056,-8754168.72681216,-5415588.318528541,4641600.8149656635,-9528156.230375038,-228601284.4586026,-141419532.1507644,121208071.4180659,-248812745.19130114,384228115000000.0,384228105471843.75,-5471843.769624962,-21811535.197318926
y,-0.0018,-1.8,0.0,1.0,0.0,16567.09675100576,432623.55515610374,-8789579.5737588,-5381650.047673865,4614017.306800088,-9557212.314632578,-229525982.77644238,-140533287.83085304,120487771.68506987,-249571498.92222556,384228115000000.0,384228105442787.7,-5442787.685367422,-21782479.113061383
y,-0.00179,-1.79,0.0,1.0,0.0,16634.68900324003,434388.6200254703,-8825440.261271635,-5347782.988725321,4586275.731984551,-9586947.518012404,-230462427.96990716,-139648903.09735343,119763344.29126003,-250347986.77600053,384228115000000.0,384228105413052.5,-5413052.481987596,-21752743.90968156
y,-0.0017800000000000001,-1.78,0.0,1.0,0.0,16703.12693492016,436175.7684773674,-8861749.619236207,-5313986.616472931,4558376.454881938,-9617359.7808272,-231410589.4833066,-138766364.23523682,119034798.75139743,-251142154.967146,384228115000000.0,384228105382640.25,-5382640.2191728,-21722331.64686676
y,-0.00177,-1.77,0.0,1.0,0.0,16772.408119537715,437984.937147361,-8898506.360282177,-5280260.408136255,4530319.900265526,-9648446.868152905,-232370433.69899842,-137885657.5929181,118302146.157765,-251953945.1341515,384228115000000.0,384228105351553.1,-5351553.131847095,-21691244.559541058
y,-0.00176,-1.76,0.0,1.0,0.0,16842.529906908996,439816.05683009134,-8935709.078369562,-5246603.843342823,4502106.554015135,-9680206.367697248,-233341923.90047005,-137006769.5816923,117565399.1983466,-252783294.28381577,384228115000000.0,384228105319793.6,-5319793.632302752,-21659485.059996717
y,-0.00175,-1.75,0.0,1.0,0.0,16913.489420566308,441669.0524111493,-8973356.247404672,-5213016.404106765,4473736.96379855,-9712635.687712887,-234325020.2361961,-136129686.67517698,116824572.17462103,-253630134.73675203,384228115000000.0,384228105287364.3,-5287364.312287113,-21627055.739981078
y,-0.00174,-1.74,0.0,1.0,0.0,16985.28355520721,443543.8428004683,-9011446.219886849,-5179497.574807562,4445211.73973763,-9745732.05495678,-235319679.6842999,-135254395.4087569,116079681.01895669,-254494394.07410008,384228115000000.0,384228105254267.94,-5254267.945043219,-21593959.372737184
y,-0.00173,-1.73,0.0,1.0,0.0,17057.90897420408,445440.34086728987,-9049977.225587161,-5146046.842168975,4416531.55505855,-9779492.512697583,-236325856.01804993,-134380882.3790341,115330743.3115914,-255375995.08549252,384228115000000.0,384228105220507.5,-5220507.487302417,-21560198.914996378
y,-0.00172,-1.72,0.0,1.0,0.0,17131.36210717604,447358.45337675855,-9088947.370260196,-5112663.695238087,4387697.146725562,-9813913.918772722,-237343499.77222022,-133509134.24328047,114577778.29718219,-256274855.71831852,384228115000000.0,384228105186086.06,-5186086.081227278,-21525777.508921243
y,-0.0017100000000000001,-1.7100000000000002,0.0,1.0,0.0,17205.63914762545,449298.0809282031,-9128354.634390151,-5079347.625364624,4358709.316057794,-9848992.943696983,-238372558.2103465,-132639137.71889777,113820806.90091194,-257190889.02833238,384228115000000.0,384228105151007.06,-5151007.056303017,-21490698.48399698
y,-0.0017000000000000001,-1.7000000000000002,0.0,1.0,0.0,17280.73605064109,451259.11789515795,-9168196.871972227,-5046098.126180237,4329568.9293283895,-9884726.068824077,-239412975.29290414,-131770879.58287668,113059851.7441351,-258124003.1316458,384228115000000.0,384228105115273.94,-5115273.931175923,-21454965.358869888
y,-0.00169,-1.6900000000000002,0.0,1.0,0.0,17356.648530670183,453241.4523671836,-9208471.809330614,-5012914.693578097,4300276.918345539,-9921109.584563173,-240464691.64644188,-130904346.67126383,112294937.15955025,-259074101.1581555,384228115000000.0,384228105078890.44,-5078890.415436827,-21418581.84313079
y,-0.00168,-1.6800000000000002,0.0,1.0,0.0,17433.3720593613,455244.9660935374,-9249177.043974048,-4979796.825692526,4270834.281014744,-9958139.588651828,-241527644.53369635,-130039525.87863001,111526089.20588288,-260041081.20644346,384228115000000.0,384228105041860.44,-5041860.4113481715,-21381551.839042135
y,-0.00167,-1.6700000000000002,0.0,1.0,0.0,17510.901863480463,457269.534428756,-9290310.043490207,-4946744.022878889,4241242.081881863,-9995811.984487236,-242601767.82472107,-129176404.15754505,110753335.68206602,-261024836.30020013,384228115000000.0,384228105004188.0,-5004188.015512764,-21343879.443206728
y,-0.00166,-1.66,0.0,1.0,0.0,17589.232922902287,459315.0262801968,-9331868.144479938,-4913755.7876935,4211501.452656215,-10034122.479517221,-243686991.96905535,-128314968.51805303,109976706.14090045,-262025254.34620792,384228115000000.0,384228104965877.5,-4965877.520482779,-21305568.94817674
y,-0.00165,-1.65,0.0,1.0,0.0,17668.35996867846,461381.3040575997,-9373848.551532485,-4880831.624873769,4181613.592713387,-10073066.583692865,-244783243.9689642,-127455206.02715397,109196231.90218455,-263042218.09393358,384228115000000.0,384228104926933.44,-4926933.416307135,-21266624.8440011
y,-0.00164,-1.64,0.0,1.0,0.0,17748.277481185527,463468.2236247194,-9416248.336242808,-4847971.041318461,4151579.7695770245,-10112639.607984243,-245890447.35377693,-126597103.80828823,108411946.06529559,-264075605.0967695,384228115000000.0,384228104887360.4,-4887360.392015757,-21227051.81970972
y,-0.00163,-1.63,0.0,1.0,0.0,17828.97968835407,465575.63425308315,-9459064.43627209,-4815173.546068075,4121401.3193791457,-10152836.662961021,-247008522.1553539,-125740649.04082416,107623883.52121012,-265125287.67496797,384228115000000.0,384228104847163.3,-4847163.337038979,-21186854.764732942
y,-0.00162,-1.6199999999999999,0.0,1.0,0.0,17910.46056398126,467703.3785779256,-9502293.654452473,-4782438.650285413,4091079.6472984357,-10193652.657439452,-248137384.88470814,-124885828.9595507,106832080.96394926,-266191132.8803096,384228115000000.0,384228104806347.3,-4806347.342560548,-21146038.77025451
y,-0.0016099999999999999,-1.6099999999999999,0.0,1.0,0.0,17992.71382612892,469851.2925563567,-9545932.65793715,-4749765.867236203,4060616.2279759482,-10235082.297197402,-249276948.50981128,-124032630.85417143,106036576.90143417,-267273002.46254846,384228115000000.0,384228104764917.7,-4764917.7028025985,-21104609.13049656
y,-0.0016,-1.6,0.0,1.0,0.0,18075.732935608918,472019.20542781084,-9589977.977396805,-4717154.712269947,4030012.6059077294,-10277120.083759021,-250427122.43460986,-123181042.06880432,105237411.66573873,-268370752.83767542,384228115000000.0,384228104722879.94,-4722879.916240979,-21062571.343934942
y,-0.00159,-1.59,0.0,1.0,0.0,18159.51109455805,474206.939676831,-9634426.006263517,-4684604.702800858,3999270.395813806,-10319760.313250571,-251587812.47928113,-122331050.00148407,104434627.42272516,-269484235.05804014,384228115000000.0,384228104680239.7,-4680239.6867494285,-21019931.11444339
y,-0.00158,-1.58,0.0,1.0,0.0,18244.041245104134,476414.310998237,-9679273.000023093,-4652115.358288932,3968391.282983036,-10362997.075328987,-252758920.86175337,-121482642.1036677,103628268.18104912,-270613294.7843719,384228115000000.0,384228104637002.94,-4637002.924671013,-20976694.352364976
y,-0.00157,-1.57,0.0,1.0,0.0,18329.316068125478,478641.1282647301,-9724515.075556865,-4619686.200221152,3937377.023593329,-10406824.252184693,-253940346.180518,-120635805.8797439,102818379.80052198,-271757772.25974005,384228115000000.0,384228104593175.75,-4593175.747815307,-20932867.17550927
y,-0.00156,-1.56,0.0,1.0,0.0,18415.32798210536,480887.1934969801,-9770148.210533973,-4587316.7520928215,3906229.445006694,-10451235.5176201,-255131983.39876,-119790528.88654536,102005009.9998153,-272917502.28549004,384228115000000.0,384228104548764.5,-4548764.4823799,-20888455.91007386
y,-0.00155,-1.55,0.0,1.0,0.0,18502.069142083557,483152.30183624633,-9816168.2428551,-4555006.539389058,3874950.446038695,-10496224.336205464,-256333723.829832,-118946798.73286569,101188208.3634973,-274092314.1992004,384228115000000.0,384228104503775.7,-4503775.663794536,-20843467.0914885
y,-0.0015400000000000001,-1.54,0.0,1.0,0.0,18589.53143870666,485436.2415195772,-9862570.870148612,-4522755.0895663705,3843541.9972017296,-10541783.962513253,-257545455.12409657,-118104603.07897826,100368026.34838584,-275282031.854689,384228115000000.0,384228104458216.06,-4458216.037486747,-20797907.46518071
y,-0.0015300000000000001,-1.53,0.0,1.0,0.0,18677.706497378946,487738.7938576377,-9909351.649320066,-4490561.932034353,3812006.1409217473,-10587907.440432673,-258767061.2571626,-117263929.63615814,99544517.28920746,-276486473.60411334,384228115000000.0,384228104412092.56,-4412092.559567327,-20751783.987261288
y,-0.00152,-1.52,0.0,1.0,0.0,18766.585677515628,490059.7332152084,-9956505.996156024,-4458426.598137576,3780344.9917279063,-10634587.602565689,-259998422.51953936,-116424766.16620931,98717736.40355013,-277705452.2821984,384228115000000.0,384228104365412.4,-4365412.397434311,-20705103.825128272
y,-0.00151,-1.51,0.0,1.0,0.0,18856.16007190012,492398.8269944019,-10004029.18498306,-4426348.621137515,3748560.736414693,-10681817.06970588,-261239415.50773197,-115587100.48099263,97887740.79609664,-278938775.1926279,384228115000000.0,384228104318182.94,-4318182.930294121,-20657874.357988082
y,-0.0015,-1.5,0.0,1.0,0.0,18946.420506147064,494755.83562064025,-10051916.348382846,-4394327.536194695,3716655.6341761122,-10729588.250401426,-262489913.11680153,-114750920.44195971,97054589.46212886,-280186244.0966323,384228115000000.0,384228104270411.75,-4270411.749598574,-20610103.177292537
y,-0.00149,-1.49,0.0,1.0,0.0,19037.357538272634,497130.5125314346,-10100162.476964224,-4362362.880350822,3684632.016711445,-10777893.340603601,-263749784.53441292,-113916213.95968615,96218343.29028936,-281447655.2038097,384228115000000.0,384228104222106.7,-4222106.659396399,-20561798.087090362
y,-0.00148,-1.48,0.0,1.0,0.0,19128.961458373884,499522.6041680113,-10148762.419193046,-4330454.192511176,3652492.2883022306,-10826724.32340199,-265018895.2363914,-113082968.9934119,95379065.06459166,-282722799.16521156,384228115000000.0,384228104173275.7,-4173275.6765980106,-20512967.104291975
y,-0.00147,-1.47,0.0,1.0,0.0,19221.2222884185,501931.84996982216,-10197710.881280644,-4298601.013427027,3620238.925859989,-10876072.968847683,-266297106.98381025,-112251173.55058199,94536819.46566658,-284011461.0687257,384228115000000.0,384228104123927.0,-4123927.0311523173,-20463618.45884628
y,-0.00146,-1.46,0.0,1.0,0.0,19314.129782146585,504357.98237197933,-10247002.427131725,-4266802.885678213,3587874.478944337,-10925930.8338656,-267584277.82163012,-111420815.68639167,93691673.07123506,-285313420.43678665,384228115000000.0,384228104074069.2,-4074069.1661344003,-20413760.593828365
y,-0.00145,-1.45,0.0,1.0,0.0,19407.673425085868,506800.7268056526,-10296631.478352437,-4235059.353655817,3555401.5697510913,-10976289.262257164,-268880262.0789095,-110591883.50333388,92843694.35579777,-286628451.2264457,384228115000000.0,384228104023710.75,-4023710.7377428357,-20363402.165436797
y,-0.0014399999999999999,-1.44,0.0,1.0,0.0,19501.842434681766,509259.8017014658,-10346592.314319361,-4203369.963544951,3522822.8930699727,-11027139.38479434,-270184910.3706067,-109764365.1507499,91992953.68953039,-287956321.83182627,384228115000000.0,384228103972860.6,-3972860.6152056605,-20312552.042899624
y,-0.0014299999999999998,-1.43,0.0,1.0,0.0,19596.625760543622,511734.91849592683,-10396879.07231018,-4171734.263307678,3490141.2162115956,-11078472.119406264,-271498069.6009916,-108938248.82438326,91139523.33637719,-289296795.0889977,384228115000000.0,384228103921527.9,-3921527.8805937357,-20261219.3082877
y,-0.00142,-1.42,0.0,1.0,0.0,19692.012084808455,514225.78164092655,-10447485.747696633,-4140151.802666013,3457359.3789033378,-11130278.171459306,-272819582.9686846,-108113522.7659358,90283477.4513318,-290649628.2832886,384228115000000.0,384228103869721.8,-3869721.828540694,-20209413.256234657
y,-0.00141,-1.41,0.0,1.0,0.0,19787.989822623473,516732.0886163387,-10498406.194200525,-4108622.133085077,3424480.293153799,-11182548.034131804,-274149289.9733421,-107290175.26262785,89424892.07689771,-292014573.1590723,384228115000000.0,384228103817451.94,-3817451.9658681955,-20157143.39356216
y,-0.0014,-1.4,0.0,1.0,0.0,19884.547122748438,519253.52994574973,-10549634.124213321,-4077144.807756279,3391506.943085545,-11235271.988884054,-275487026.42400163,-106468194.64675905,88563845.13872077,-293391375.9320399,384228115000000.0,384228103764728.0,-3764728.011115946,-20104419.43880991
y,-0.00139,-1.39,0.0,1.0,0.0,19981.67186827923,521789.78921535367,-10601163.109179994,-4045719.381580733,3358442.3847357873,-11288440.10602494,-276832624.4491061,-105647569.29527524,87700416.44038409,-294779777.3039972,384228115000000.0,384228103711559.9,-3711559.8939750604,-20051251.321669023
y,-0.0013800000000000002,-1.3800000000000001,0.0,1.0,0.0,20079.35167749344,524340.5430960332,-10652986.580047678,-4014345.4111526683,3325289.7458247337,-11342042.245375615,-278185912.5082191,-104828287.62933531,86834687.65735903,-296179512.48019546,384228115000000.0,384228103657957.75,-3657957.7546243854,-19997649.18231835
y,-0.0013700000000000001,-1.37,0.0,1.0,0.0,20177.573904819183,526905.4613686589,-10705097.827779667,-3983022.454742971,3292052.225491366,-11396068.05703127,-279546715.4054476,-104010338.11388141,85966742.33010536,-297590311.1892236,384228115000000.0,384228103603931.94,-3603931.94296873,-19943623.370662693
y,-0.00136,-1.36,0.0,1.0,0.0,20276.325641928037,529484.2069526298,-10757490.003935244,-3951750.0722829057,3258733.0939963674,-11450506.982221784,-280914854.304583,-103193709.25721385,85096665.85631374,-299011897.7054832,384228115000000.0,384228103549493.0,-3549493.017778216,-19889184.44547218
y,-0.00135,-1.35,0.0,1.0,0.0,20375.593718952954,532076.4359376765,-10810156.12131586,-3920527.8253478077,3225335.6923919213,-11505348.254271746,-282290146.74597514,-102378389.6105652,84224545.48228294,-300443990.87425745,384228115000000.0,384228103494651.75,-3494651.7457282543,-19834343.173422217
y,-0.00134,-1.34,0.0,1.0,0.0,20475.364705832057,534681.7976189529,-10863089.054678073,-3889355.277141004,3191863.432158266,-11560580.899660815,-283672406.6651497,-101564367.76768053,83350470.29342915,-301886304.13940114,384228115000000.0,384228103439419.1,-3439419.1003391854,-19779110.52803315
y,-0.00133,-1.33,0.0,1.0,0.0,20575.624913779044,537299.9345354337,-10916281.541513652,-3858231.992477762,3158319.7948066792,-11616193.739184733,-285061444.4131791,-100751632.36439814,82474531.20391852,-303338545.5736587,384228115000000.0,384228103383806.25,-3383806.2608152665,-19723497.68850923
y,-0.00132,-1.32,0.0,1.0,0.0,20676.360396880882,539930.4825116347,-10969726.182897236,-3827157.5377693484,3124708.3314488,-11672175.389217785,-286457066.77881813,-99940172.07823332,81596820.94542062,-304800417.9116308,384228115000000.0,384228103327824.6,-3327824.6107822154,-19667516.038476177
y,-0.00131,-1.31,0.0,1.0,0.0,20777.556953823467,542573.0707026767,-11023415.444401866,-3796131.4810072053,3091032.662332064,-11728514.263077008,-287859077.0124113,-99129975.6279652,80717434.05497716,-306271618.5853994,384228115000000.0,384228103271485.75,-3271485.7369229924,-19611177.164616957
y,-0.0013,-1.3,0.0,1.0,0.0,20879.200129745754,545227.3216427026,-11077341.65708269,-3765153.3917472153,3057296.4763411344,-11785198.572488768,-289267274.85158104,-98321031.77322575,79836466.86198257,-307751839.7628242,384228115000000.0,384228103214801.44,-3214801.427511232,-19554492.855205193
y,-0.00129,-1.2899999999999998,0.0,1.0,0.0,20981.27521822296,547892.8512966657,-11131497.01852913,-3734222.841094052,3023503.530465186,-11842216.329157995,-290681456.54870313,-97513329.31409119,78954017.47427298,-309240768.3885213,384228115000000.0,384228103157783.7,-3157783.670842005,-19497475.09853597
y,-0.0012799999999999999,-1.2799999999999998,0.0,1.0,0.0,21083.767263379097,550569.2691154955,-11185873.593985686,-3703339.401685647,2989657.6492309044,-11899555.34644043,-292101414.90017474,-96706857.09067637,78070185.76331992,-310738086.22753125,384228115000000.0,384228103100444.6,-3100444.6535595693,-19440136.081253532
y,-0.0012699999999999999,-1.2699999999999998,0.0,1.0,0.0,21186.66106212936,553256.1780946534,-11240463.317541614,-3672502.647677739,2955762.72410116,-11957203.241118196,-293526939.2774813,-95901603.98273121,77185073.34852766,-312243469.91168493,384228115000000.0,384228103042796.75,-3042796.7588818036,-19382488.186575767
y,-0.0012599999999999998,-1.2599999999999998,0.0,1.0,0.0,21289.94116655252,555953.1748360847,-11295257.993389597,-3641712.154728489,2921822.7128392486,-12015147.435278839,-294957815.6600642,-95097558.9092391,76298783.58063123,-313756590.98867214,384228115000000.0,384228102984852.56,-2984852.5647211615,-19324543.992415123
y,-0.00125,-1.25,0.0,1.0,0.0,21393.59188639361,558659.8496135722,-11350249.297153508,-3610967.4999832627,2887841.63883862,-12073375.15829815,-296393826.66999376,-94294710.82801935,75411421.52419354,-315277115.97381955,384228115000000.0,384228102926624.8,-2926624.8417018503,-19266316.269395813
y,-0.00124,-1.24,0.0,1.0,0.0,21497.597291696948,561375.786441493,-11405428.77728537,-3580268.2620594027,2853823.5904181227,-12131873.448926648,-297834751.6084482,-93493048.73532969,74523093.93920165,-316804706.4045762,384228115000000.0,384228102868126.56,-2868126.551073352,-19207817.978767313
y,-0.00123,-1.23,0.0,1.0,0.0,21601.941215569645,564100.5631469832,-11460787.856531503,-3549614.0210311906,2819772.7200826975,-12190629.157479992,-299280366.494,-92692561.66547346,73633909.261761,-318339018.89771235,384228115000000.0,384228102809370.8,-2809370.842520008,-19149062.27021397
y,-0.00122,-1.22,0.0,1.0,0.0,21706.607257075528,566833.7514455088,-11516317.833467891,-3519004.3584148325,2785693.2437495524,-12249628.948133172,-300730444.1027095,-91893238.6904076,72743977.5838882,-319879705.20922893,384228115000000.0,384228102750371.06,-2750371.0518668275,-19090062.479560792
y,-0.0012100000000000001,-1.2100000000000002,0.0,1.0,0.0,21811.578784259334,569574.9170198372,-11572009.88410465,-3488438.8571535335,2751589.439939822,-12308859.30131836,-302184754.01002294,-91095068.9193529,71853410.6324025,-321426412.2969733,384228115000000.0,384228102691140.7,-2691140.6986816395,-19030832.1263756
y,-0.0012000000000000001,-1.2000000000000002,0.0,1.0,0.0,21916.8389373011,572323.6196024088,-11627855.06355955,-3457917.101602693,2717465.6489357813,-12368306.51622646,-303643062.63447416,-90298041.4984073,70962321.74691774,-322978782.3859637,384228115000000.0,384228102631693.5,-2631693.4837735407,-18971384.911467504
y,-0.00119,-1.1900000000000002,0.0,1.0,0.0,22022.370631800393,575079.4130611004,-11683844.307800477,-3427438.677515199,2683326.2719036923,-12427956.713411985,-305105133.2831859,-89502145.61016203,70070825.85693687,-324536453.0364111,384228115000000.0,384228102572043.3,-2572043.286588015,-18911734.714281976
y,-0.00118,-1.1800000000000002,0.0,1.0,0.0,22128.156562190066,577841.8454883691,-11739968.435456565,-3397003.1720267185,2649175.7699823105,-12487795.837500975,-306570726.1991648,-88707370.47331737,69179039.45804977,-326099057.2144325,384228115000000.0,384228102512204.2,-2512204.1624990255,-18851895.59019299
y,-0.00117,-1.17,0.0,1.0,0.0,22234.17920527923,580610.4592937721,-11796218.149697887,-3366610.1736411634,2615018.663337241,-12547809.66000181,-308039598.61038667,-87913705.34230313,68287080.58723922,-327666223.3654506,384228115000000.0,384228102452190.3,-2452190.3399981894,-18791881.767692152
y,-0.00116,-1.16,0.0,1.0,0.0,22340.42082392471,583384.7912998404,-11852584.040183356,-3336259.272216232,2580859.5301812305,-12607983.782218358,-309511504.7806626,-87121139.50690114,67395068.7972974,-329237575.4902663,384228115000000.0,384228102392016.2,-2392016.2177816425,-18731707.645475604
y,-0.00115,-1.15,0.0,1.0,0.0,22446.86347083065,586164.3728413002,-11909056.585076561,-3305950.0589489522,2546703.0057605454,-12668303.638264969,-310986196.06227946,-86329662.29186773,66503125.13035673,-330812733.22379047,384228115000000.0,384228102331696.4,-2331696.361735031,-18671387.789428994
y,-0.00114,-1.14,0.0,1.0,0.0,22553.488992475504,588948.7298676193,-11965626.15312922,-3275682.1263613896,2512553.7813076307,-12728754.49818298,-312463420.950406,-85539263.05656046,65611372.090540215,-332391311.9164263,384228115000000.0,384228102271245.5,-2271245.5018170197,-18610936.92951098
y,-0.00113,-1.13,0.0,1.0,0.0,22660.2790331656,591737.38304886,-12022283.005831763,-3245455.068286413,2478416.6029602448,-12789321.471157933,-313942925.139252,-84749931.19456644,64719933.61573638,-333972922.7180821,384228115000000.0,384228102210678.5,-2210678.5288420673,-18550369.956536032
y,-0.00112,-1.1199999999999999,0.0,1.0,0.0,22767.215039214585,594529.8478848186,-12079017.299630733,-3215268.479853527,2444296.2706472776,-12849989.508836983,-315424451.57997197,-83961656.13333242,63828935.048504174,-335557172.6648002,384228115000000.0,384228102150010.5,-2150010.491163017,-18489701.91885698
y,-0.0011099999999999999,-1.1099999999999999,0.0,1.0,0.0,22874.278263247757,597325.634817426,-12135819.088212404,-3185121.957474788,2410197.6369414907,-12910743.408745704,-316907740.5402985,-83174427.33379689,62938503.106114045,-337143664.7679814,384228115000000.0,384228102089256.56,-2089256.5912542958,-18428948.018948257
y,-0.0010999999999999998,-1.0999999999999999,0.0,1.0,0.0,22981.449768630293,600124.2493463843,-12192678.324852172,-3155015.098830774,2376125.605879454,-12971567.81780349,-318392529.6658926,-82388234.29002385,62048765.849732496,-338731998.1061839,384228115000000.0,384228102028432.2,-2028432.182196509,-18368123.609890472
y,-0.0010899999999999998,-1.0899999999999999,0.0,1.0,0.0,23088.710434018358,602925.1921480118,-12249584.8648291,-3124947.5028566886,2342085.131748948,-13032447.235936841,-319878554.043396,-81603066.52883983,61159852.65275699,-340321767.9194788,384228115000000.0,384228101967552.75,-1967552.764063159,-18307244.19175712
y,-0.00108,-1.08,0.0,1.0,0.0,23196.040958031917,605727.9591972652,-12306528.467905069,-3094918.769728518,2308081.2178441817,-13093366.0197894,-321365546.26517,-80818913.60947245,60271894.16831047,-341912565.70633185,384228115000000.0,384228101906634.0,-1906633.9802106004,-18246325.407904565
y,-0.00107,-1.07,0.0,1.0,0.0,23303.42186404792,608532.0418929075,-12363498.80086776,-3064928.500849168,2274118.9151890674,-13154308.386527859,-322853236.49570185,-80035765.12318838,59385022.29590162,-343503979.3229885,384228115000000.0,384228101845691.6,-1845691.6134721413,-18185383.041166104
y,-0.00106,-1.06,0.0,1.0,0.0,23410.8335051127,611336.9271857863,-12420485.440136923,-3034976.2988348505,2240203.321228986,-13215258.417742785,-324341352.53966266,-79253610.69293788,58499370.14726245,-345095593.08533806,384228115000000.0,384228101784741.56,-1784741.582257215,-18124433.009951178
y,-0.00105,-1.05,0.0,1.0,0.0,23518.256068972056,614142.0977101872,-12477477.874433033,-3005061.767501402,2206339.578491396,-13276200.063443037,-325829619.91159594,-78472439.9729975,57615072.011372186,-346686987.8732212,384228115000000.0,384228101723799.94,-1723799.9365569633,-18063491.36425093
y,-0.00104,-1.0399999999999998,0.0,1.0,0.0,23625.66958321759,616947.0319182217,-12534465.507507663,-2975184.5118507124,2172532.873215629,-13337117.14614275,-327317761.90721637,-77692242.64861569,56732263.31867658,-348277741.23715556,384228115000000.0,384228101662882.9,-1662882.853857251,-18002574.281551212
y,-0.00103,-1.03,0.0,1.0,0.0,23733.053920547674,619751.2042172096,-12591437.660934653,-2945344.1380572594,2138788.4339523697,-13397993.36503954,-328805499.67629695,-76913008.43566121,55851080.60451551,-349867427.5074426,384228115000000.0,384228101602006.6,-1602006.6349604595,-17941698.06265442
y,-0.0010199999999999999,-1.0199999999999998,0.0,1.0,0.0,23840.388804141505,622554.0851100136,-12648383.5769613,-2915540.2534546787,2105111.530133184,-13458812.300282795,-330292552.29712343,-76134727.08027238,54971661.47176844,-351455617.90562737,384228115000000.0,384228101541187.7,-1541187.699717205,-17880879.127411168
y,-0.00101,-1.01,0.0,1.0,0.0,23947.653813144352,625355.141338278,-12705292.421418507,-2885772.466522376,2071507.4706105944,-13519557.417330291,-331778636.85248816,-75357388.35850748,54094144.552730866,-353041880.6582648,384228115000000.0,384228101480442.56,-1480442.5826697089,-17820134.010363672
y,-0.001,-1.0,0.0,1.0,0.0,24054.828388262395,628153.8360285289,-12762153.2866891,-2856040.3868722846,2037981.602169192,-13580212.071392197,-333263468.507203,-74580982.07599899,53218669.4702343,-354625781.1129677,384228115000000.0,384228101419787.94,-1419787.9286078028,-17759479.356301766
y,-0.00099,-0.99,0.0,1.0,0.0,24161.89183746501,630949.6288410806,-12818955.194733145,-2826343.62523564,2004539.3080082356,-13640759.511960551,-334746760.58710057,-73805498.06760816,52345376.79802178,-356206881.856687,384228115000000.0,384228101359240.5,-1359240.4880394489,-17698931.915733412
y,-0.00098,-0.98,0.0,1.0,0.0,24268.82334179272,633741.9761217008,-12875687.100169329,-2796681.7934497907,1971186.0061963266,-13701182.887422796,-336228224.6595001,-73030926.19708067,51474408.020394124,-357784742.83618677,384228115000000.0,384228101298817.1,-1298817.1125772037,-17638508.540271167
y,-0.0009699999999999999,-0.97,0.0,1.0,0.0,24375.60196126876,636530.3310559823,-12932337.89341129,-2767054.5044451393,1937927.1480986536,-13761465.249757776,-337707570.6151071,-72257256.35670556,50605905.49113992,-359358921.4806728,384228115000000.0,384228101238534.75,-1238534.750242224,-17578226.17793619
y,-0.0009599999999999999,-0.96,0.0,1.0,0.0,24482.206640911914,639314.143826358,-12988896.403857708,-2737461.3722321535,1904768.2167774145,-13821589.559312442,-339184506.75131804,-71484478.46697608,49740012.39176506,-360928972.82652897,384228115000000.0,384228101178410.44,-1178410.4406875577,-17518101.868381523
y,-0.0009499999999999999,-0.9499999999999998,0.0,1.0,0.0,24588.616216848695,642092.8617717113,-13045351.403135082,-2707902.0118883,1871714.7253659351,-13881538.689657448,-340658739.85690004,-70712582.47624843,48876872.68903544,-362494449.64411306,384228115000000.0,384228101118461.3,-1118461.3103425521,-17458152.738036513
y,-0.0009399999999999999,-0.9399999999999998,0.0,1.0,0.0,24694.80942252235,644865.9295495143,-13101691.608391896,-2678376.0395452897,1838772.215417185,-13941295.43252,-342129975.29801303,-69941558.3604088,48016631.09185105,-364054902.56657076,384228115000000.0,384228101058704.56,-1058704.5674799997,-17398395.99517396
y,-0.00093,-0.93,0.0,1.0,0.0,24800.764894996493,647632.7893004376,-13157905.685642948,-2648883.072376122,1805946.255227241,-14000842.502791828,-343597917.10554147,-69171396.12253493,47159433.00746585,-365609880.2206105,384228115000000.0,384228100999157.5,-999157.4972081725,-17338848.924902134
y,-0.00092,-0.92,0.0,1.0,0.0,24906.461181350813,650392.8808153631,-13213982.253162583,-2619422.7285823952,1773242.438134353,-14060162.543610623,-345062268.06370336,-68402085.79256481,46305424.49707061,-367158929.3591975,384228115000000.0,384228100939837.44,-939837.4563893769,-17279528.884083338
y,-0.00091,-0.91,0.0,1.0,0.0,25011.87674516638,653145.6417047392,-13269909.884925425,-2589994.627381531,1740666.380794336,-14119238.131512618,-346522729.79989946,-67633617.42696305,45454752.23075747,-368701594.99610496,384228115000000.0,384228100880761.9,-880761.8684873823,-17220453.296181343
y,-0.0009,-0.9,0.0,1.0,0.0,25116.989973098058,655890.5075702068,-13325677.11409332,-2560598.3889941955,1708223.7214329015,-14178051.781654615,-347979002.87576926,-66865981.108392425,44607563.441882305,-370237420.54227936,384228115000000.0,384228100821948.2,-821948.218345385,-17161639.646039348
y,-0.00089,-0.8899999999999999,0.0,1.0,0.0,25221.77918153113,658626.9121784286,-13381272.436547017,-2531233.634631617,1675920.1180756772,-14236585.953102956,-349430786.8794154,-66099166.945382655,43764005.88084454,-371765947.94395345,384228115000000.0,384228100763414.06,-763414.0468970444,-17103105.47459101
y,-0.0008799999999999999,-0.8799999999999999,0.0,1.0,0.0,25326.222623319733,661354.2876370515,-13436684.314461133,-2501899.986483124,1643761.2467566144,-14294823.054187642,-350877780.5187581,-65333165.072004996,42924227.76830253,-373286717.8224606,384228115000000.0,384228100705176.94,-705176.9458123576,-17044868.373506323
y,-0.0008699999999999999,-0.8699999999999999,0.0,1.0,0.0,25430.298494604,664072.064572726,-13491901.179921033,-2472597.0677036303,1611752.7997055475,-14352745.447919117,-352319681.71598434,-64567965.64754546,42088377.74784449,-374799269.61568534,384228115000000.0,384228100647254.56,-647254.5520808827,-16986945.979774848
y,-0.0008599999999999999,-0.8599999999999999,0.0,1.0,0.0,25533.98494170326,666779.6723111104,-13546911.4385799,-2443324.502401233,1579900.4835156593,-14410335.457465475,-353756187.70304644,-63803558.856180914,41256604.83813482,-376303141.7210925,384228115000000.0,384228100589664.56,-589664.5425345246,-16929355.970228486
y,-0.0008499999999999998,-0.8499999999999999,0.0,1.0,0.0,25637.26006808224,669476.5390587834,-13601703.473354664,-2414081.9156248257,1548210.0172915845,-14467575.371687908,-355186995.1181752,-63039934.90665565,40429058.384554684,-377797871.64027625,384228115000000.0,384228100532424.6,-532424.6283120923,-16872116.056006055
y,-0.00084,-0.8400000000000001,0.0,1.0,0.0,25740.101941387322,672162.0920869842,-13656265.648159046,-2384868.933351811,1516687.1307790498,-14524447.450731806,-356611800.1033629,-62277084.0319605,39605888.01036059,-379282996.1249628,384228115000000.0,384228100475552.56,-475552.54926819354,-16815243.976962157
y,-0.00083,-0.83,0.0,1.0,0.0,25842.488600549816,674835.7579171029,-13710586.311672125,-2355685.1824758113,1485337.562476723,-14580933.931671215,-358030298.4027732,-61514996.48901194,38787243.567378245,-380758051.3244069,384228115000000.0,384228100419066.06,-419066.0683287848,-16758757.496022748
y,-0.00082,-0.82,0.0,1.0,0.0,25944.398062953085,677496.9625078392,-13764653.801140863,-2326530.290794518,1454167.0577312391,-14637017.03420414,-359442185.46203786,-60753662.55833476,37973275.08625721,-382222572.93411535,384228115000000.0,384228100362982.94,-362982.9657958597,-16702674.393489823
y,-0.00081,-0.8099999999999999,0.0,1.0,0.0,26045.808331660337,680145.1314439448,-13818456.446214717,-2297403.8869974716,1423181.3668161132,-14692678.966396078,-360847156.52839196,-59993072.543743014,37164132.726304725,-383676096.3458304,384228115000000.0,384228100307321.06,-307321.03360392153,-16647012.461297885
y,-0.0007999999999999999,-0.7999999999999999,0.0,1.0,0.0,26146.697402699894,682779.6901264659,-13871982.572810857,-2268305.600654031,1392386.2429955457,-14747901.930469342,-362244906.7516079,-59233216.77202579,36359966.72492506,-385118156.7987086,384228115000000.0,384228100252098.06,-252098.06953065842,-16591789.497224621
y,-0.0007899999999999999,-0.7899999999999999,0.0,1.0,0.0,26247.04327240462,685400.0639644018,-13925220.507007994,-2239235.0622012764,1361787.4405738388,-14802668.128635434,-363635131.28567624,-58474085.59263133,35560927.3466831,-386548289.53162456,384228115000000.0,384228100197331.9,-197331.87136456557,-16537023.299058529
y,-0.0007799999999999999,-0.7799999999999999,0.0,1.0,0.0,26346.82394480209,688005.678567687,-13978158.578967256,-2210191.902932036,1331390.7129314342,-14856959.768967861,-365017525.39119357,-57715669.37735446,34767164.83201857,-387966029.9365295,384228115000000.0,384228100143040.25,-143040.2310321387,-16482731.658726102
y,-0.0007699999999999999,-0.7699999999999998,0.0,1.0,0.0,26446.01743905225,690595.959941414,-14030785.126878133,-2181175.754982941,1301201.810548414,-14910759.071312662,-366391784.5384044,-56957958.520024486,33978829.34563289,-389370913.71279603,384228115000000.0,384228100089240.94,-89240.92868733779,-16428932.3563813
y,-0.00076,-0.76,0.0,1.0,0.0,26544.601796928924,693170.3346812004,-14083088.500927806,-2152186.2513225083,1271226.4790164055,-14964048.273233911,-367757604.510854,-56200943.4361942,33196070.9245732,-390762477.02247506,384228115000000.0,384228100035951.75,-35951.72676608898,-16375643.154460052
y,-0.00075,-0.75,0.0,1.0,0.0,26642.555090341804,695728.2301696152,-14135057.067291852,-2123223.0257393117,1241470.4570397902,-15016809.635991378,-369114681.50959945,-55444614.56283078,32419039.426037107,-392140256.6463932,384228115000000.0,384228099983190.4,16809.635991377756,-16322881.791702585
y,-0.00074,-0.74,0.0,1.0,0.0,26739.85542889532,698269.0747735654,-14186679.212144597,-2094285.71283016,1211939.474427214,-15069025.450547546,-370462712.25793326,-54688962.35800728,31647884.47492413,-393503790.14101654,384228115000000.0,384228099930974.56,69025.45054754615,-16270665.977146417
y,-0.00073,-0.73,0.0,1.0,0.0,26836.480967480817,700792.2980425545,-14237943.345687062,-2065373.947988359,1182639.2500742713,-15120678.043601148,-371801394.1065675,-53933977.30059595,30882755.4111567,-394852615.9960067,384228115000000.0,384228099879321.94,120678.04360114783,-16219013.384092815
y,-0.0007199999999999999,-0.72,0.0,1.0,0.0,26932.409913898315,703297.3309077122,-14288837.906190686,-2036487.3673919823,1153575.489938422,-15171749.783644246,-373130425.1392286,-53179649.88996203,30123801.236798298,-396186273.7923923,384228115000000.0,384228099828250.2,171749.78364424594,-16167941.644049717
y,-0.0007099999999999999,-0.71,0.0,1.0,0.0,27027.620536504324,705783.6058815055,-14339351.364054797,-2007625.6079922295,1124753.8850070296,-15222223.087040003,-374449504.2786121,-52425970.64565973,29371170.56299199,-397504304.36127996,384228115000000.0,384228099777776.94,222223.0870400034,-16117468.34065396
y,-0.0006999999999999999,-0.6999999999999998,0.0,1.0,0.0,27122.09117188186,708250.5572580287,-14389472.225875929,-1978788.3075017787,1096180.109259567,-15272080.42411814,-375758331.3926464,-51672930.107128054,28625011.55674667,-398806249.9430278,384228115000000.0,384228099727919.56,272080.4241181407,-16067611.003575822
y,-0.0006899999999999999,-0.6899999999999998,0.0,1.0,0.0,27215.800232528985,710697.6213137774,-14439189.038526885,-1949975.104383226,1067859.8176249582,-15321304.325285155,-377056607.40101105,-50920518.833388954,27885471.88759623,-400091654.34680384,384228115000000.0,384228099678695.7,321304.3252851553,-16018387.102408808
y,-0.0006799999999999998,-0.6799999999999998,0.0,1.0,0.0,27308.726214562026,713124.2365088065,-14488490.393243704,-1921185.6378375643,1039798.6439350729,-15369877.387146194,-378344034.3818613,-50168727.40274642,27152698.67415833,-401360063.1104494,384228115000000.0,384228099630122.6,369877.38714619353,-15969814.04054777
y,-0.00067,-0.67,0.0,1.0,0.0,27400.847705429725,715529.843688172,-14537364.929718276,-1892419.5477926787,1012002.1988753641,-15417782.278635593,-379620315.6787007,-49417546.4124861,26426838.43061853,-402611023.6605683,384228115000000.0,384228099582217.75,417782.27863559313,-15921909.14905837
y,-0.00066,-0.66,0.0,1.0,0.0,27492.14339163439,717913.886283558,-14585801.340194855,-1863676.4748918759,984476.0679337056,-15465001.747153023,-380885156.00735426,-48666966.478575744,25708037.01316741,-403844085.4727625,384228115000000.0,384228099534998.25,465001.74715302326,-15874689.68054094
y,-0.00065,-0.65,0.0,1.0,0.0,27582.592066456302,720275.8105149862,-14633788.373568095,-1834956.0604825218,957225.8093484227,-15511518.624702198,-382138261.5629831,-47916978.23536849,24996439.566416666,-405058800.231935,384228115000000.0,384228099488481.4,511518.62470219843,-15828172.802991765
y,-0.0006399999999999999,-0.6399999999999999,0.0,1.0,0.0,27672.17263767727,722615.0655925046,-14681314.83948082,-1806257.9466046526,930256.9520565654,-15557315.83402891,-383379340.1270906,-47167572.33530548,24292190.469821475,-406254721.9925747,384228115000000.0,384228099442684.2,557315.8340289108,-15782375.593665052
y,-0.0006299999999999999,-0.6299999999999999,0.0,1.0,0.0,27760.86413529965,724931.1039177581,-14728369.612419259,-1777581.7759796332,903574.9936434799,-15602376.39475541,-384608101.1744633,-46418739.44861966,23595433.28413681,-407431407.3389461,384228115000000.0,384228099397623.6,602376.39475541,-15737315.032938553
y,-0.0006199999999999999,-0.6199999999999999,0.0,1.0,0.0,27848.64571925671,727223.381285332,-14774941.635803763,-1748927.1919988866,877185.3982946731,-15646683.429507975,-385824255.97999334,-45670470.2630415,22906310.697933607,-408588415.5451012,384228115000000.0,384228099353316.56,646683.4295079745,-15693007.998185989
y,-0.0006099999999999999,-0.6099999999999999,0.0,1.0,0.0,27935.496687110463,729491.3570837687,-14821019.926072828,-1720293.8387126413,851093.5947510727,-15690220.170034397,-387027517.7253265,-44922755.483505115,22224964.474203624,-409725308.734628,384228115000000.0,384228099309779.8,690220.1700343974,-15649471.257659566
y,-0.0005999999999999998,-0.5999999999999999,0.0,1.0,0.0,28021.39648173305,731734.4944961548,-14866593.576758422,-1691681.360818724,825304.9742687339,-15732969.963308414,-388217601.60528255,-44175585.83185565,21551535.397080403,-410841652.04005784,384228115000000.0,384228099267030.06,732969.9633084144,-15606721.464385549
y,-0.00059,-0.5900000000000001,0.0,1.0,0.0,28106.324698967495,733952.2607001703,-14911651.762550347,-1663089.4036513763,799824.8885839701,-15774916.277617754,-389394224.93398994,-43428952.0465572,20886163.21870187,-411937013.76184535,384228115000000.0,384228099225083.75,774916.2776177544,-15564775.150076209
y,-0.00058,-0.58,0.0,1.0,0.0,28190.261095264163,736144.1270675018,-14956183.743347729,-1634517.613170097,774658.6478850992,-15816042.708632728,-390557107.2506842,-42682844.88240149,20228986.606245685,-413010965.52684003,384228115000000.0,384228099183957.3,816042.7086327281,-15523648.719061235
y,-0.00057,-0.57,0.0,1.0,0.0,28273.18559528856,738309.5693625086,-15000178.868295273,-1605965.6359485819,749811.5187917269,-15856332.98545213,-391705970.4251078,-41937255.11021898,19580143.089161452,-414063082.4461654,384228115000000.0,384228099143667.0,856332.9854521304,-15483358.442241833
y,-0.00056,-0.5599999999999999,0.0,1.0,0.0,28355.078299496752,740448.0679400427,-15043626.579802388,-1577433.119163635,725288.7223427336,-15895770.976623291,-392840538.7624638,-41192173.51658939,18939769.00663013,-415092943.2724231,384228115000000.0,384228099104229.0,895770.9766232911,-15443920.451070672
y,-0.0005499999999999999,-0.5499999999999999,0.0,1.0,0.0,28435.91949167432,742559.1079423168,-15086516.417542921,-1548919.7105841173,701095.4319939547,-15934340.696133079,-393960539.10786235,-40447590.90355306,18307999.45527665,-416100130.5561387,384228115000000.0,384228099065659.3,934340.696133079,-15405350.731560884
y,-0.0005399999999999999,-0.5399999999999999,0.0,1.0,0.0,28515.68964643479,744642.1794947135,-15128838.022433385,-1520425.058559985,677236.771626676,-15972026.309366694,-395065700.95020586,-39703498.08832472,17684968.23716491,-417084230.8013657,384228115000000.0,384228099027973.7,972026.3093666937,-15367665.11832727
y,-0.0005299999999999999,-0.5299999999999999,0.0,1.0,0.0,28594.369436673613,746696.7779004354,-15170581.140587678,-1491948.812011269,653717.813567935,-16008812.139031012,-396155756.5254602,-38959885.90300569,17070807.808101073,-418044834.6203648,384228115000000.0,384228098991187.9,1008812.1390310116,-15330879.288662951
y,-0.0005199999999999998,-0.5199999999999998,0.0,1.0,0.0,28671.93974097373,748722.4038338881,-15211735.627246004,-1463490.6204172068,630543.5766237495,-16044682.671039464,-397230440.9192523,-38216745.194300085,16465649.226274429,-418981536.887278,384228115000000.0,384228098955317.3,1044682.671039464,-15295008.7566545
y,-0.0005099999999999998,-0.5099999999999998,0.0,1.0,0.0,28748.38165095862,750718.5635326947,-15252291.450676056,-1435050.1338052833,607719.024126274,-16079622.560355065,-398289492.1687434,-37474066.82322864,15869622.101261986,-419893936.89071,384228115000000.0,384228098920377.44,1079622.5603550654,-15260068.867338898
y,-0.0005,-0.5,0.0,1.0,0.0,28823.67647858908,752684.7689882389,-15292238.69604421,-1406627.0027403955,585249.0619959927,-16113616.636788614,-399332651.3637191,-36731841.66484577,15282854.543425687,-420781638.4851392,384228115000000.0,384228098886383.4,1113616.636788614,-15226074.790905349
y,-0.00049,-0.49,0.0,1.0,0.0,28897.805763399563,754620.538134631,-15331567.569254782,-1378220.8783139833,563138.5368199231,-16146649.910748841,-400359662.7468456,-35990060.6079557,14705473.113727748,-421644250.2410735,384228115000000.0,384228098853350.06,1146649.9107488412,-15193041.516945122
y,-0.00047999999999999996,-0.48,0.0,1.0,0.0,28970.7512796703,756525.3950359966,-15370268.400755126,-1349831.41213326,541392.2339469484,-16178707.578941436,-401370273.81303376,-35248714.55483128,14137602.773993267,-422481385.5938717,384228115000000.0,384228098821292.44,1178707.5789414365,-15160983.848752527
y,-0.00046999999999999993,-0.4699999999999999,0.0,1.0,0.0,29042.495043531257,758398.8700719845,-15408331.649304608,-1321458.2563103768,520014.87560126034,-16209775.030013725,-402364235.4078598,-34507794.42093102,13579366.83764575,-423292662.9911451,384228115000000.0,384228098790225.0,1209775.0300137252,-15129916.397680238
y,-0.0004599999999999999,-0.4599999999999999,0.0,1.0,0.0,29113.01931999399,760240.5001213936,-15445747.905705314,-1293101.0634517216,499011.1190149572,-16239837.850142078,-403341301.82498705,-33767291.134619616,13030886.92094289,-424077706.0386638,384228115000000.0,384228098760162.1,1239837.8501420785,-15099853.577551885
y,-0.0004499999999999999,-0.4499999999999999,0.0,1.0,0.0,29182.306629907653,762049.8287438169,-15482507.896492522,-1264759.4866471577,478385.55458084523,-16268881.828558838,-404301230.90253663,-33027195.63688699,12492282.89473986,-424836143.64468384,384228115000000.0,384228098731118.2,1268881.828558838,-15070809.599135125
y,-0.00043999999999999985,-0.43999999999999984,0.0,1.0,0.0,29250.3397568352,763826.4063592036,-15518602.487582844,-1236433.1794593295,458142.7040264021,-16296892.963015774,-405243784.11835295,-32287498.881068975,11963672.836805284,-425567610.1626167,384228115000000.0,384228098703107.06,1296892.9630157743,-15042798.464678189
y,-0.0004299999999999998,-0.4299999999999998,0.0,1.0,0.0,29317.10175384612,765569.79042524,-15554022.68787804,-1208121.7959130413,438287.01860998804,-16323857.465181092,-406168726.6841118,-31548191.83256999,11445172.984718118,-426271745.5319636,384228115000000.0,384228098676142.56,1323857.4651810918,-15015833.962512871
y,-0.00042,-0.42000000000000004,0.0,1.0,0.0,29382.575950221788,767279.5456124492,-15588759.652822541,-1179824.9904845352,418822.87734022207,-16349761.765966853,-407075827.6382189,-30809265.468583032,10936897.689369487,-426948195.4174324,384228115000000.0,384228098650238.25,1349761.7659668531,-14989929.66172711
y,-0.00041,-0.41,0.0,1.0,0.0,29446.74595806987,768955.2439769165,-15622804.687912667,-1151542.4180909302,399754.5852195567,-16374592.520784039,-407964859.93744844,-30070710.777813904,10438959.36909641,-427596611.3461659,384228115000000.0,384228098625407.5,1374592.520784039,-14965098.906909924
y,-0.00039999999999999996,-0.39999999999999997,0.0,1.0,0.0,29509.59567884402,770596.4651305402,-15656149.252155606,-1123273.734079597,381086.3715130403,-16398336.614722162,-408835600.54726803,-29332518.760203756,9951468.46447326,-428216650.8429985,384228115000000.0,384228098601663.4,1398336.6147221625,-14941354.8129718
y,-0.00038999999999999994,-0.38999999999999996,0.0,1.0,0.0,29571.10930976515,772202.7964087132,-15688784.961476205,-1095018.594217625,362822.388043172,-16420981.167650662,-409687830.5308022,-28594680.426654022,9474533.393784605,-428807977.56367177,384228115000000.0,384228098579018.8,1420981.1676506624,-14918710.2600433
y,-0.0003799999999999999,-0.3799999999999999,0.0,1.0,0.0,29631.271350140873,773773.8330353455,-15720703.592069704,-1066776.6546812297,344966.70751188777,-16442513.539239047,-410521335.1363835,-27857186.798749827,9008260.509206511,-429370261.42592686,384228115000000.0,384228098557486.44,1442513.539239047,-14897177.888454916
y,-0.0003699999999999999,-0.3699999999999999,0.0,1.0,0.0,29690.066607579356,775309.1782851287,-15751897.083698455,-1038547.5720452624,327523.3218505257,-16462921.333893193,-411335903.8836411,-27120028.90848603,8552754.053718507,-429903178.7384087,384228115000000.0,384228098537078.7,1462921.333893193,-14876770.09380077
y,-0.00035999999999999986,-0.3599999999999999,0.0,1.0,0.0,29747.480204094263,776808.4436429573,-15782357.542930868,-1010331.003272696,310496.14059878956,-16482192.405604774,-412131330.6480809,-26383197.79799268,8108116.118772769,-430406412.32730085,384228115000000.0,384228098517807.6,1482192.4056047741,-14857499.022089189
y,-0.00034999999999999983,-0.3499999999999998,0.0,1.0,0.0,29803.497582097196,778271.2489604116,-15812077.246320672,-982126.6057041594,293888.989313551,-16500314.862711282,-412907413.7441069,-25646684.519261707,7674446.602742509,-430879651.6606261,384228115000000.0,384228098499685.1,1500314.8627112824,-14839376.56498268
y,-0.0003399999999999998,-0.3399999999999998,0.0,1.0,0.0,29858.104510274377,779697.2226092183,-15841048.643524757,-953934.0370474685,277705.6080084324,-16517277.072563795,-413663956.0064384,-24910480.13387356,7251843.170174143,-431322592.97013783,384228115000000.0,384228098482722.94,1517277.0725637954,-14822414.355130168
y,-0.00033,-0.33,0.0,1.0,0.0,29911.287089344125,781086.0016315976,-15869264.360357758,-925752.955367192,261949.64962504208,-16533067.666099908,-414400764.8698761,-24174575.71272472,6840401.211866022,-431734939.37073475,384228115000000.0,384228098466932.3,1533067.6660999078,-14806623.761594055
y,-0.00031999999999999997,-0.31999999999999995,0.0,1.0,0.0,29963.031757691955,782437.2318874149,-15896717.20178173,-897583.0190742424,246624.678536706,-16547675.542319266,-415117652.4473724,-23438962.33575588,6440213.805795736,-432116400.97733253,384228115000000.0,384228098452324.44,1547675.5423192661,-14792015.885374697
y,-0.00030999999999999995,-0.30999999999999994,0.0,1.0,0.0,30013.325296879975,783750.5681980503,-15923400.15482914,-869423.8869154776,231734.16908561258,-16561089.872659003,-415814435.6063609,-22703631.09168043,6051371.678919975,-432466695.0191213,384228115000000.0,384228098438910.1,1561089.8726590034,-14778601.55503496
y,-0.0002999999999999999,-0.29999999999999993,0.0,1.0,0.0,30062.154837027578,785025.6744869063,-15949306.391457558,-841275.217963317,217281.50415411478,-16573300.105266763,-416490936.043302,-21968573.077713277,5673963.169866333,-432785545.95114905,384228115000000.0,384228098426699.9,1573300.105266763,-14766391.3224272
y,-0.0002899999999999999,-0.28999999999999987,0.0,1.0,0.0,30109.50786206025,786262.2239164729,-15974429.271334363,-813136.6716053796,203269.97377108785,-16584295.969168656,-417146980.3564013,-21233779.39930027,5308074.192540545,-433072685.5631611,384228115000000.0,384228098415704.0,1584295.9691686556,-14755395.458525307
y,-0.00027999999999999987,-0.27999999999999986,0.0,1.0,0.0,30155.372214823485,787459.8990218687,-15998762.344549917,-785007.9075341568,189702.77375407386,-16594067.478329998,-417782400.1164596,-20499241.169848517,4953788.200668238,-433327853.08563983,384228115000000.0,384228098405932.5,1594067.4783299975,-14745623.949363966
y,-0.00026999999999999984,-0.26999999999999985,0.0,1.0,0.0,30199.736102058967,788618.3918407867,-16022299.354257654,-756888.5857366652,176583.00438804997,-16602604.935606271,-418397031.93581486,-19764949.510456182,4611186.153293051,-433550795.29297805,384228115000000.0,384228098397395.06,1602604.935606271,-14737086.492087692
y,-0.0002599999999999998,-0.2599999999999998,0.0,1.0,0.0,30242.58809924002,789737.4040397636,-16045034.239239514,-728778.36648419,163913.66914153466,-16609898.936582169,-418990717.5353343,-19030895.549644668,4280346.481249773,-433741266.6037292,384228115000000.0,384228098390101.06,1609898.9365821686,-14729792.491111794
y,-0.00025,-0.25,0.0,1.0,0.0,30283.91715526369,790816.647036707,-16066961.136395244,-700676.9103219263,151697.67342079035,-16615940.373296382,-419563303.8094187,-18297070.42308809,3961345.054632324,-433899029.1778745,384228115000000.0,384228098384059.6,1615940.373296382,-14723751.054397581
y,-0.00023999999999999998,-0.24,0.0,1.0,0.0,30323.71259699661,791855.8421196027,-16088074.383154254,-672583.8780587328,139937.82336283685,-16620720.43785015,-420114642.88898414,-17563465.27334572,3654255.151275195,-434023853.01105464,384228115000000.0,384228098379279.56,1620720.4378501493,-14718970.989843814
y,-0.00022999999999999995,-0.22999999999999995,0.0,1.0,0.0,30361.96413367214,792854.7205613398,-16108368.519808447,-644498.9307568793,128636.82466798203,-16624230.625897344,-420644592.2023801,-16830071.249594267,3359147.4262668425,-434115516.02570754,384228115000000.0,384228098375769.4,1624230.6258973442,-14715460.801796619
y,-0.00021999999999999993,-0.21999999999999992,0.0,1.0,0.0,30398.661861136137,793813.0237305816,-16127838.291764798,-616421.7297217987,117797.28147251531,-16626462.740014086,-421153014.5342123,-16096879.507360265,3076089.882511853,-434173804.1590608,384228115000000.0,384228098373537.25,1626462.7400140855,-14713228.687679878
y,-0.0002099999999999999,-0.2099999999999999,0.0,1.0,0.0,30433.796265938996,794730.5031986232,-16146478.65171638,-588351.9364918272,107421.69526226551,-16627408.89294594,-421639778.08203506,-15363881.20825214,2805147.842360224,-434198511.44792694,384228115000000.0,384228098372591.1,1627408.8929459397,-14712282.534748023
y,-0.00019999999999999987,-0.19999999999999987,0.0,1.0,0.0,30467.35822927149,795606.9208421696,-16164284.761730468,-560289.212828019,97512.46382759893,-16627061.510730889,-422104756.51087946,-14631067.519694246,2546383.920318795,-434189440.1102549,384228115000000.0,384228098372938.5,1627061.5107308887,-14712629.916963074
y,-0.00018999999999999985,-0.18999999999999984,0.0,1.0,0.0,30499.339030742165,796442.0489419765,-16181251.995252661,-532233.2207039035,88071.88026050113,-16625413.335696068,-422547829.00558734,-13898429.614659395,2299857.9968616148,-434146400.6233852,384228115000000.0,384228098374586.7,1625413.3356960677,-14714278.091997895
y,-0.00017999999999999982,-0.17999999999999983,0.0,1.0,0.0,30529.73035199412,797235.6702772968,-16197375.939025706,-504183.6222953375,79102.13199431574,-16622457.429326724,-422968880.3209186,-13165958.671403866,2065627.1933542448,-434069211.79896814,384228115000000.0,384228098377542.56,1622457.4293267243,-14717233.998367239
y,-0.0001699999999999998,-0.1699999999999998,0.0,1.0,0.0,30558.524280159036,797987.5782160766,-16212652.39492201,-476140.0799702528,70605.29988669479,-16618187.175005572,-423367800.8294044,-12433645.873199662,1843745.8481064513,-433957700.85449773,384228115000000.0,384228098381812.8,1618187.175005572,-14721504.252688391
y,-0.00015999999999999999,-0.15999999999999998,0.0,1.0,0.0,30585.713311146385,798697.5768008487,-16227077.381688757,-448102.2562785459,62583.357346303485,-16612596.280620998,-423744486.5669179,-11701482.408070512,1634265.4935674833,-433811703.4814209,384228115000000.0,384228098387403.75,1612596.2806209978,-14727095.147072965
y,-0.00014999999999999996,-0.14999999999999997,0.0,1.0,0.0,30611.290352765995,799365.4808302725,-16240647.136604527,-420069.81394186016,55038.1695037647,-16605678.781042622,-424098839.2759344,-10969459.46852504,1437234.834676596,-433631063.9097828,384228115000000.0,384228098394321.25,1605678.7810426224,-14734012.64665134
y,-0.00013999999999999993,-0.13999999999999993,0.0,1.0,0.0,30635.24872768216,799991.1159362765,-16253358.117046578,-392042.415843503,47971.49242738158,-16597429.0404627,-424430766.44645846,-10237568.251293477,1252699.728382887,-433415634.96936905,384228115000000.0,384228098402570.94,1597429.0404627007,-14742262.387231262
y,-0.0001299999999999999,-0.1299999999999999,0.0,1.0,0.0,30657.582176197357,800574.3186567504,-16265207.001967756,-364019.72501821665,41384.97238401855,-16587841.754601954,-424740181.354591,-9505799.957060527,1080703.1643443713,-433165278.14730716,384228115000000.0,384228098412158.25,1587841.7546019536,-14751849.67309201
y,-0.00011999999999999988,-0.11999999999999988,0.0,1.0,0.0,30678.28485886423,801114.936503753,-16276190.693282276,-336001.4046421005,35280.14514565016,-16576911.952778725,-425027003.09871686,-8774145.79020222,921285.2468195995,-432879863.64209944,384228115000000.0,384228098423088.06,1576911.952778725,-14762779.474915238
y,-0.00010999999999999985,-0.10999999999999985,0.0,1.0,0.0,30697.35135892415,801612.8280271911,-16286306.317159431,-307987.11802246224,29658.435341940367,-16564634.999839958,-425291156.6332878,-8042596.958520883,774483.1777612894,-432559270.4140475,384228115000000.0,384228098435365.0,1564634.9998399578,-14775056.427854005
y,-9.999999999999983e-05,-0.09999999999999983,0.0,1.0,0.0,30714.77668457081,802067.8628739306,-16295551.22522462,-279976.52858768613,24521.155859216196,-16551006.59795309,-425532572.8001856,-7311144.672980559,640331.2411214726,-432203386.2320447,384228115000000.0,384228098448993.4,1551006.5979530904,-14788684.829740873
y,-8.99999999999998e-05,-0.0899999999999998,0.0,1.0,0.0,30730.556271037938,802479.9218423124,-16303922.995666858,-251969.29987714687,19869.507286266155,-16536022.78825774,-425751188.357643,-6579780.147443637,518860.7883793955,-431812107.7167073,384228115000000.0,384228098463977.2,1536022.7882577404,-14803668.639436223
y,-7.999999999999978e-05,-0.07999999999999978,0.0,1.0,0.0,30744.685982509276,802848.8969320299,-16311419.434252216,-223965.09553108003,15704.577407172374,-16519679.95237612,-425946946.00670785,-5848494.59840633,410100.2252976325,-431385340.3798165,384228115000000.0,384228098480320.06,1519679.9523761198,-14820011.475317843
y,-6.999999999999997e-05,-0.06999999999999997,0.0,1.0,0.0,30757.162113850303,803174.6913893492,-16318038.575242497,-195963.57928047312,12027.340741591157,-16501974.81378138,-426119794.4152331,-5117279.244734689,314074.9999172384,-430922998.6600506,384228115000000.0,384228098498025.2,1501974.8137813807,-14837716.613912582
y,-5.999999999999994e-05,-0.05999999999999994,0.0,1.0,0.0,30767.98139216036,803457.2197476408,-16323778.682218766,-167964.41493699027,8838.658132662298,-16482904.439023092,-426269688.2393818,-4386125.307401511,230807.59179665172,-430425005.95498663,384228115000000.0,384228098517095.56,1482904.4390230924,-14856786.98867087
y,-4.9999999999999914e-05,-0.04999999999999991,0.0,1.0,0.0,30777.140978144278,803696.4078631976,-16328638.248808993,-139967.2663828794,6139.276382848092,-16462466.238809027,-426396588.14262855,-3655024.0092227757,160317.5025022055,-429891294.64934915,384228115000000.0,384228098537533.75,1462466.2388090268,-14877225.188884936
y,-3.999999999999967e-05,-0.039999999999999675,0.0,1.0,0.0,30784.6384673028,803892.1929463207,-16332615.999319702,-111971.79756084294,3929.82793787536,-16440657.968942668,-426500460.81225383,-2923966.574593138,102621.247354773,-429321806.13949215,384228115000000.0,384228098559342.0,1440657.9689426683,-14899033.458751295
y,-3.000000000000008e-05,-0.03000000000000008,0.0,1.0,0.0,30790.47189094107,804044.5235876545,-16335710.88927095,-83977.67246399685,2210.8306190067397,-16417477.731115943,-426581278.97331417,-2192944.2292237217,57732.348438455294,-428716490.8540995,384228115000000.0,384228098582522.25,1417477.7311159428,-14922213.69657802
y,-2.0000000000000052e-05,-0.020000000000000052,0.0,1.0,0.0,30794.63971699456,804153.3597797547,-16337922.105834557,-55984.555125777064,982.6874037528046,-16392923.973556578,-426639021.40008605,-1461948.1998785438,25661.32887422479,-428075308.2710903,384228115000000.0,384228098607076.0,1392923.9735565782,-14946767.454137385
y,-1.0000000000000026e-05,-0.010000000000000026,0.0,1.0,0.0,30797.140850671894,804218.672933874,-16339249.068175148,-27992.109609828258,245.686255197156,-16366995.491529778,-426673672.9249714,-730969.7141104736,6415.708363019654,-427398226.9307188,384228115000000.0,384228098633004.5,1366995.4915297776,-14972695.936164185
y,0.0,0.0,0.0,1.0,0.0,30797.974634914408,804240.4458919638,-16339691.427693969,0.0,4.331163404506403e-09,-16339691.427693963,-426685224.44486445,0.0,1.131014889440916e-07,-426685224.4448643,384228115000000.0,384228098660308.56,1339691.427693963,-15000000.0
y,1.0000000000000026e-05,0.010000000000000026,0.0,1.0,0.0,30797.140850671894,804218.672933874,-16339249.068175148,27992.109609828258,245.686255197156,-16311011.272310123,-426673672.9249714,730969.7141104736,6415.708363019654,-425936287.5024979,384228115000000.0,384228098688988.75,1311011.2723101228,-15028680.15538384
y,2.0000000000000052e-05,0.020000000000000052,0.0,1.0,0.0,30794.639716994556,804153.3597797545,-16337922.105834557,55984.555125777064,982.6874037528046,-16280954.863305027,-426639021.40008605,1461948.1998785438,25661.32887422479,-425151411.8713333,384228115000000.0,384228098719045.1,1280954.8633050267,-15058736.564388936
y,3.000000000000008e-05,0.03000000000000008,0.0,1.0,0.0,30790.47189094107,804044.5235876545,-16335710.88927095,83977.67246399685,2210.8306190067397,-16249522.386187946,-426581278.97331417,2192944.2292237217,57732.348438455294,-424330602.395652,384228115000000.0,384228098750477.6,1249522.3861879464,-15090169.041506017
y,4.0000000000000105e-05,0.040000000000000105,0.0,1.0,0.0,30784.6384673028,803892.1929463207,-16332615.999319702,111971.79756084294,3929.82793787536,-16216714.373820985,-426500460.81225383,2923966.574593138,102621.247354773,-423473872.9903059,384228115000000.0,384228098783285.6,1216714.3738209847,-15122977.053872978
y,5.000000000000013e-05,0.05000000000000013,0.0,1.0,0.0,30777.140978144278,803696.4078631976,-16328638.248808993,139967.2663828794,6139.276382848092,-16182531.70604327,-426396588.14262855,3655024.0092227757,160317.5025022055,-422581246.63090366,384228115000000.0,384228098817468.3,1182531.7060432695,-15157159.721650694
y,6.000000000000016e-05,0.06000000000000016,0.0,1.0,0.0,30767.981392160356,803457.2197476407,-16323778.682218764,167964.41493699027,8838.658132662298,-16146975.609149111,-426269688.23938173,4386125.307401511,230807.59179665172,-421652755.3401836,384228115000000.0,384228098853024.4,1146975.6091491114,-15192715.818544852
y,7.000000000000018e-05,0.07000000000000019,0.0,1.0,0.0,30757.162113850303,803174.6913893492,-16318038.575242497,195963.57928047312,12027.340741591157,-16110047.655220432,-426119794.4152331,5117279.244734689,314074.9999172384,-420688440.17058116,384228115000000.0,384228098889952.4,1110047.6552204322,-15229643.77247353
y,8.000000000000021e-05,0.08000000000000021,0.0,1.0,0.0,30744.685982509272,802848.8969320299,-16311419.434252216,223965.09553108003,15704.577407172374,-16071749.761313956,-425946946.00670785,5848494.59840633,410100.2252976325,-419688351.1830037,384228115000000.0,384228098928250.25,1071749.7613139562,-15267941.666380007
y,9.000000000000024e-05,0.09000000000000023,0.0,1.0,0.0,30730.556271037938,802479.9218423124,-16303922.995666858,251969.29987714687,19869.507286266155,-16032084.188503446,-425751188.357643,6579780.147443637,518860.7883793955,-418652547.42182,384228115000000.0,384228098967915.8,1032084.188503446,-15307607.239190517
y,0.00010000000000000026,0.10000000000000026,0.0,1.0,0.0,30714.776684570817,802067.8628739307,-16295551.22522462,279976.52858769154,24521.155859217277,-15991053.540777711,-425532572.8001856,7311144.6729807,640331.2411215008,-417581096.8860834,384228115000000.0,384228099008946.44,991053.5407777112,-15348637.886916252
y,0.00011000000000000029,0.11000000000000029,0.0,1.0,0.0,30697.35135892414,801612.828027191,-16286306.317159431,307987.11802246224,29658.435341940367,-15948660.763795026,-425291156.6332878,8042596.958520883,774483.1777612894,-416474076.4970055,384228115000000.0,384228099051339.25,948660.7637950256,-15391030.663898937
y,0.00012000000000000031,0.12000000000000031,0.0,1.0,0.0,30678.28485886423,801114.936503753,-16276190.693282276,336001.4046421005,35280.14514565016,-15904909.143494526,-425027003.09871686,8774145.79020222,921285.2468195995,-415331572.06169504,384228115000000.0,384228099095090.9,904909.1434945259,-15434782.284199437
y,0.00013000000000000034,0.13000000000000034,0.0,1.0,0.0,30657.582176197357,800574.3186567504,-16265207.001967756,364019.72501821665,41384.97238401855,-15859802.304565523,-424740181.354591,9505799.957060527,1080703.1643443713,-414153678.2331862,384228115000000.0,384228099140197.7,859802.3045655228,-15479889.12312844
y,0.00013999999999999993,0.13999999999999993,0.0,1.0,0.0,30635.24872768216,799991.1159362765,-16253358.117046578,392042.415843503,47971.49242738158,-15813344.208775694,-424430766.44645846,10237568.251293477,1252699.728382887,-412940498.4667821,384228115000000.0,384228099186655.8,813344.2087756936,-15526347.21891827
y,0.00014999999999999996,0.14999999999999997,0.0,1.0,0.0,30611.290352765995,799365.4808302725,-16240647.136604527,420069.81394186016,55038.1695037647,-15765539.153158901,-424098839.2759344,10969459.46852504,1437234.834676596,-411692144.9727327,384228115000000.0,384228099234460.9,765539.1531589013,-15574152.274535062
y,0.00015999999999999999,0.15999999999999998,0.0,1.0,0.0,30585.713311146385,798697.5768008487,-16227077.381688757,448102.2562785459,62583.357346303485,-15716391.768063908,-423744486.5669179,11701482.408070512,1634265.4935674833,-410408738.6652799,384228115000000.0,384228099283608.25,716391.7680639084,-15623299.659630055
y,0.00017,0.17,0.0,1.0,0.0,30558.524280159036,797987.5782160766,-16212652.394922014,476140.0799702528,70605.29988669479,-15665907.015065067,-423367800.82940453,12433645.873199662,1843745.8481064513,-409090409.1080984,384228115000000.0,384228099334093.0,665907.0150650665,-15673784.412628897
y,0.00018000000000000004,0.18000000000000005,0.0,1.0,0.0,30529.73035199412,797235.6702772968,-16197375.939025706,504183.6222953375,79102.13199431574,-15614090.184736053,-422968880.3209186,13165958.671403866,2065627.1933542448,-407737294.4561605,384228115000000.0,384228099385909.8,614090.1847360525,-15725601.24295791
y,0.00019000000000000006,0.19000000000000006,0.0,1.0,0.0,30499.339030742165,796442.0489419765,-16181251.995252661,532233.220703911,88071.88026050113,-15560946.894288251,-422547829.00558734,13898429.614659593,2299857.9968616148,-406349541.39406615,384228115000000.0,384228099439053.1,560946.8942882512,-15778744.533405712
y,0.0002000000000000001,0.2000000000000001,0.0,1.0,0.0,30467.358229271485,795606.9208421696,-16164284.761730468,560289.212828019,97512.46382759893,-15506483.085074853,-422104756.51087946,14631067.519694246,2546383.920318795,-404927305.07086647,384228115000000.0,384228099493516.94,506483.08507485315,-15833208.34261911
y,0.00021000000000000012,0.21000000000000013,0.0,1.0,0.0,30433.796265938996,794730.5031986232,-16146478.65171638,588351.9364918272,107421.69526226551,-15450705.019962285,-421639778.08203506,15363881.20825214,2805147.842360224,-403470749.0314226,384228115000000.0,384228099549295.0,450705.0199622847,-15888986.407731678
y,0.00022000000000000014,0.22000000000000014,0.0,1.0,0.0,30398.661861136137,793813.0237305816,-16127838.2917648,616421.7297217987,117797.28147251531,-15393619.280570485,-421153014.5342123,16096879.507360265,3076089.882511853,-401980045.14434016,384228115000000.0,384228099606380.75,393619.2805704847,-15946072.147123478
y,0.00023000000000000017,0.23000000000000018,0.0,1.0,0.0,30361.96413367214,792854.7205613398,-16108368.519808447,644498.9307568793,128636.82466798203,-15335232.764383584,-420644592.2023801,16830071.249594267,3359147.4262668425,-400455373.526519,384228115000000.0,384228099664767.25,335232.76438358426,-16004458.663310379
y,0.0002400000000000002,0.24000000000000019,0.0,1.0,0.0,30323.712596996607,791855.8421196026,-16088074.383154254,672583.8780587328,139937.82336283685,-15275552.681732684,-420114642.88898414,17563465.27334572,3654255.151275195,-398896922.4643632,384228115000000.0,384228099724447.3,275552.6817326844,-16064138.745961279
y,0.0002500000000000002,0.2500000000000002,0.0,1.0,0.0,30283.91715526369,790816.647036707,-16066961.136395244,700676.9103219263,151697.67342079035,-15214586.552652525,-419563303.8094187,18297070.42308809,3961345.054632324,-397304888.3316982,384228115000000.0,384228099785413.44,214586.55265252478,-16125104.875041438
y,0.00026000000000000025,0.26000000000000023,0.0,1.0,0.0,30242.58809924002,789737.4040397636,-16045034.239239508,728778.36648419,163913.66914153573,-15152342.203613782,-418990717.5353341,19030895.549644668,4280346.481249802,-395679475.50443965,384228115000000.0,384228099847657.8,152342.2036137823,-16187349.22408018
y,0.0002700000000000003,0.2700000000000003,0.0,1.0,0.0,30199.736102058967,788618.3918407867,-16022299.354257658,756888.5857366727,176583.00438805157,-15088827.76413293,-418397031.935815,19764949.51045638,4611186.153293092,-394020896.2720654,384228115000000.0,384228099911172.25,88827.76413292997,-16250863.663561033
y,0.0002800000000000003,0.2800000000000003,0.0,1.0,0.0,30155.372214823485,787459.8990218687,-15998762.344549917,785007.9075341568,189702.77375407386,-15024051.663261682,-417782400.1164596,20499241.169848517,4953788.200668238,-392329370.7459427,384228115000000.0,384228099975948.3,24051.663261681795,-16315639.764432281
y,0.0002900000000000003,0.2900000000000003,0.0,1.0,0.0,30109.50786206025,786262.2239164729,-15974429.27133436,813136.6716053796,203269.97377108893,-14958022.625957895,-417146980.3564012,21233779.39930027,5308074.192540573,-390605126.76456046,384228115000000.0,384228100041977.4,-41977.37404210493,-16381668.801736068
y,0.00030000000000000035,0.3000000000000004,0.0,1.0,0.0,30062.154837027574,785025.6744869063,-15949306.391457556,841275.217963317,217281.50415411586,-14890749.669340126,-416490936.04330194,21968573.077713277,5673963.169866361,-388848399.7957224,384228115000000.0,384228100109250.3,-109250.33065987378,-16448941.758353837
y,0.00030999999999999995,0.30999999999999994,0.0,1.0,0.0,30013.325296879975,783750.5681980503,-15923400.15482914,869423.8869154776,231734.16908561258,-14822242.09882805,-415814435.6063609,22703631.09168043,6051371.678919975,-387059432.8357605,384228115000000.0,384228100177757.9,-177757.90117195062,-16517449.328865914
y,0.00031999999999999997,0.31999999999999995,0.0,1.0,0.0,29963.031757691955,782437.2318874149,-15896717.20178173,897583.0190742424,246624.678536706,-14752509.504170781,-415117652.4473724,23438962.33575588,6440213.805795736,-385238476.30582076,384228115000000.0,384228100247490.5,-247490.495829219,-16587181.923523182
y,0.00033,0.33,0.0,1.0,0.0,29911.28708934412,781086.0016315975,-15869264.360357758,925752.955367192,261949.64962504208,-14681561.755365523,-414400764.8698761,24174575.71272472,6840401.211866022,-383385787.9452853,384228115000000.0,384228100318438.25,-318438.2446344774,-16658129.67232844
y,0.00034,0.34,0.0,1.0,0.0,29858.104510274374,779697.2226092183,-15841048.643524757,953934.0370474685,277705.6080084324,-14609408.998468857,-413663956.0064384,24910480.13387356,7251843.170174143,-381501632.70239073,384228115000000.0,384228100390591.0,-390591.00153114274,-16730282.429225106
y,0.00035000000000000005,0.35000000000000003,0.0,1.0,0.0,29803.49758209719,778271.2489604114,-15812077.246320672,982126.6057041594,293888.9893135521,-14536061.651302962,-412907413.7441069,25646684.519261707,7674446.602742538,-379586282.6221027,384228115000000.0,384228100463938.4,-463938.34869703837,-16803629.776391
y,0.0003600000000000001,0.3600000000000001,0.0,1.0,0.0,29747.480204094263,776808.4436429573,-15782357.542930868,1010331.0032726971,310496.14059878903,-14461530.399059381,-412131330.6480809,26383197.797992706,8108116.118772755,-377640016.73131543,384228115000000.0,384228100538469.6,-538469.6009406187,-16878161.02863458
y,0.0003700000000000001,0.3700000000000001,0.0,1.0,0.0,29690.066607579356,775309.1782851287,-15751897.083698457,1038547.5720452624,327523.3218505257,-14385826.189802667,-411335903.8836412,27120028.90848603,8552754.053718507,-375663120.92143655,384228115000000.0,384228100614173.8,-614173.8101973329,-16953865.237891294
y,0.00038000000000000013,0.3800000000000001,0.0,1.0,0.0,29631.271350140873,773773.8330353455,-15720703.592069704,1066776.6546812297,344966.70751188777,-14308960.229876585,-410521335.1363835,27857186.798749827,9008260.509206511,-373655887.82842714,384228115000000.0,384228100691039.75,-691039.7701234147,-17030731.197817378
y,0.00039000000000000016,0.3900000000000002,0.0,1.0,0.0,29571.10930976515,772202.7964087132,-15688784.961476205,1095018.594217625,362822.388043172,-14230943.97921541,-409687830.5308022,28594680.426654022,9474533.393784605,-371618616.7103636,384228115000000.0,384228100769056.0,-769056.0207845904,-17108747.448478553
y,0.0004000000000000002,0.4000000000000002,0.0,1.0,0.0,29509.595678844016,770596.4651305401,-15656149.252155604,1123273.734079597,381086.3715130403,-14151789.146562966,-408835600.547268,29332518.760203756,9951468.46447326,-369551613.32259095,384228115000000.0,384228100848210.9,-848210.8534370344,-17187902.281131
y,0.0004100000000000002,0.4100000000000002,0.0,1.0,0.0,29446.74595806987,768955.2439769165,-15622804.687912667,1151542.4180909302,399754.5852195578,-14071507.68460218,-407964859.93744844,30070710.777813904,10438959.369096437,-367455189.79053813,384228115000000.0,384228100928492.3,-928492.3153978195,-17268183.743091784
y,0.00042000000000000023,0.42000000000000026,0.0,1.0,0.0,29382.575950221784,767279.5456124491,-15588759.652822541,1179824.9904845352,418822.87734022207,-13990111.784997784,-407075827.6382189,30809265.468583032,10936897.689369487,-365329664.4802664,384228115000000.0,384228101009888.2,-1009888.2150022164,-17349579.64269618
y,0.00043000000000000026,0.43000000000000027,0.0,1.0,0.0,29317.10175384612,765569.79042524,-15554022.687878042,1208121.7959130413,438287.01860998804,-13907613.873355012,-406168726.6841118,31548191.83256999,11445172.984718118,-363175361.8668237,384228115000000.0,384228101092386.1,-1092386.1266449876,-17432077.55433895
y,0.0004400000000000003,0.4400000000000003,0.0,1.0,0.0,29250.339756835205,763826.4063592037,-15518602.487582847,1236433.1794593404,458142.7040264037,-13824026.604097102,-405243784.11835307,32287498.88106926,11963672.836805325,-360992612.4004784,384228115000000.0,384228101175973.4,-1175973.3959028982,-17515664.82359686
y,0.0004500000000000003,0.4500000000000003,0.0,1.0,0.0,29182.306629907645,762049.8287438167,-15482507.896492524,1264759.4866471577,478385.55458084523,-13739362.855264518,-404301230.9025367,33027195.63688699,12492282.89473986,-358781752.37090975,384228115000000.0,384228101260637.1,-1260637.1447354816,-17600328.572429445
y,0.00046000000000000034,0.46000000000000035,0.0,1.0,0.0,29113.01931999399,760240.5001213936,-15445747.905705312,1293101.0634517216,499011.1190149572,-13653635.723238636,-403341301.824987,33767291.134619616,13030886.92094289,-356543123.76942456,384228115000000.0,384228101346364.25,-1346364.2767613642,-17686055.704455327
y,0.00047000000000000037,0.47000000000000036,0.0,1.0,0.0,29042.495043531253,758398.8700719844,-15408331.649304604,1321458.2563103768,520014.87560126145,-13566858.517392969,-402364235.4078597,34507794.42093102,13579366.837645778,-354277074.149283,384228115000000.0,384228101433141.5,-1433141.4826070312,-17772832.910300992
y,0.00047999999999999996,0.48,0.0,1.0,0.0,28970.751279670305,756525.3950359967,-15370268.400755126,1349831.41213326,541392.2339469484,-13479044.754674917,-401370273.81303376,35248714.55483128,14137602.773993267,-351983956.4842092,384228115000000.0,384228101520955.25,-1520955.245325083,-17860646.673019044
y,0.00049,0.49,0.0,1.0,0.0,28897.805763399563,754620.538134631,-15331567.569254782,1378220.8783139833,563138.5368199231,-13390208.154120876,-400359662.7468456,35990060.6079557,14705473.113727748,-349664129.02516216,384228115000000.0,384228101609791.9,-1609791.8458791245,-17949483.273573086
y,0.0005,0.5,0.0,1.0,0.0,28823.67647858908,752684.7689882389,-15292238.69604421,1406627.0027403955,585249.0619959927,-13300362.631307822,-399332651.3637191,36731841.66484577,15282854.543425687,-347317955.1554476,384228115000000.0,384228101699637.4,-1699637.3686921783,-18039328.79638614
y,0.00051,0.51,0.0,1.0,0.0,28748.381650958618,750718.5635326946,-15252291.450676054,1435050.1338052833,607719.0241262763,-13209522.292744495,-398289492.1687433,37474066.82322864,15869622.101262044,-344945803.2442526,384228115000000.0,384228101790477.7,-1790477.707255505,-18130169.134949468
y,0.0005200000000000001,0.52,0.0,1.0,0.0,28671.93974097373,748722.4038338881,-15211735.627246004,1463490.6204172068,630543.5766237495,-13117701.430205049,-397230440.9192523,38216745.194300085,16465649.226274429,-342548046.4986778,384228115000000.0,384228101882298.56,-1882298.569794951,-18221989.997488916
y,0.0005300000000000001,0.5300000000000001,0.0,1.0,0.0,28594.369436673616,746696.7779004355,-15170581.14058768,1491948.8120112796,653717.813567935,-13024914.515008463,-396155756.52546024,38959885.903005965,17070807.808101073,-340125062.8143531,384228115000000.0,384228101975085.5,-1975085.4849915374,-18314776.9126855
y,0.0005400000000000001,0.5400000000000001,0.0,1.0,0.0,28515.68964643479,744642.1794947135,-15128838.022433385,1520425.058559985,677236.771626676,-12931176.192246726,-395065700.95020586,39703498.08832472,17684968.23716491,-337677234.6247163,384228115000000.0,384228102068823.8,-2068823.8077532742,-18408515.235447235
y,0.0005500000000000001,0.5500000000000002,0.0,1.0,0.0,28435.91949167432,742559.1079423168,-15086516.417542921,1548919.7105841173,701095.4319939547,-12836501.274964847,-393960539.10786235,40447590.90355306,18307999.45527665,-335204948.7490326,384228115000000.0,384228102163498.75,-2163498.7250351533,-18503190.152729116
y,0.0005600000000000002,0.5600000000000002,0.0,1.0,0.0,28355.078299496752,740448.0679400427,-15043626.579802388,1577433.119163635,725288.7223427336,-12740904.738296023,-392840538.7624638,41192173.51658939,18939769.00663013,-332708596.2392444,384228115000000.0,384228102259095.25,-2259095.2617039774,-18598786.68939794
y,0.0005700000000000002,0.5700000000000002,0.0,1.0,0.0,28273.185595288556,738309.5693625085,-15000178.868295271,1605965.6359485819,749811.5187917274,-12644401.713554958,-391705970.4251077,41937255.11021898,19580143.089161463,-330188572.2257272,384228115000000.0,384228102355598.3,-2355598.286445042,-18695289.714139007
y,0.0005800000000000002,0.5800000000000002,0.0,1.0,0.0,28190.261095264163,736144.1270675018,-14956183.743347727,1634517.613170097,774658.6478850993,-12547007.482292531,-390557107.25068414,42682844.88240149,20228986.60624569,-327645275.762037,384228115000000.0,384228102452992.5,-2452992.517707469,-18792683.94540143
y,0.0005900000000000002,0.5900000000000003,0.0,1.0,0.0,28106.324698967495,733952.2607001703,-14911651.762550348,1663089.4036513763,799824.8885839701,-12448737.470315006,-389394224.93399,43428952.0465572,20886163.21870187,-325079109.66873103,384228115000000.0,384228102551262.5,-2551262.5296849944,-18890953.957378957
y,0.0006000000000000003,0.6000000000000003,0.0,1.0,0.0,28021.396481733045,731734.4944961547,-14866593.57675842,1691681.360818724,825304.974268735,-12349607.24167096,-388217601.6052825,44175585.83185565,21551535.397080433,-322490480.37634635,384228115000000.0,384228102650392.75,-2650392.7583290394,-18990084.186023004
y,0.0006100000000000003,0.6100000000000003,0.0,1.0,0.0,27935.496687110463,729491.3570837687,-14821019.926072828,1720293.8387126478,851093.5947510746,-12249632.492609104,-387027517.7253265,44922755.48350529,22224964.474203672,-319879797.76761746,384228115000000.0,384228102750367.5,-2750367.507390896,-19090058.935084857
y,0.0006200000000000003,0.6200000000000003,0.0,1.0,0.0,27848.64571925671,727223.381285332,-14774941.635803763,1748927.1919988866,877185.3982946735,-12148829.045510203,-385824255.97999334,45670470.2630415,22906310.697933618,-317247475.01901823,384228115000000.0,384228102851170.94,-2851170.9544897974,-19190862.38218376
y,0.0006300000000000004,0.6300000000000003,0.0,1.0,0.0,27760.86413529965,724931.1039177581,-14728369.612419259,1777581.7759796332,903574.9936434808,-12047212.842796143,-384608101.1744633,46418739.44861966,23595433.28413683,-314593928.4417068,384228115000000.0,384228102952787.2,-2952787.157203857,-19292478.58489782
y,0.0006400000000000004,0.6400000000000003,0.0,1.0,0.0,27672.172637677257,722615.0655925042,-14681314.839480814,1806257.9466046526,930256.9520565677,-11944799.940819595,-383379340.1270904,47167572.33530548,24292190.469821535,-311919577.3219634,384228115000000.0,384228103055200.06,-3055200.059180405,-19394891.486874368
y,0.00065,0.65,0.0,1.0,0.0,27582.592066456302,720275.8105149862,-14633788.373568095,1834956.0604825218,957225.8093484227,-11841606.503737152,-382138261.5629831,47916978.23536849,24996439.566416666,-309224843.7611979,384228115000000.0,384228103158393.5,-3158393.4962628484,-19498084.92395681
y,0.00066,0.66,0.0,1.0,0.0,27492.14339163439,717913.886283558,-14585801.340194853,1863676.4748918759,984476.0679337056,-11737648.797369273,-380885156.0073542,48666966.478575744,25708037.01316741,-306510152.5156111,384228115000000.0,384228103262351.2,-3262351.2026307266,-19602042.63032469
y,0.00067,0.67,0.0,1.0,0.0,27400.847705429722,715529.843688172,-14537364.929718278,1892419.5477926787,1012002.1988753641,-11632943.183050236,-379620315.67870075,49417546.4124861,26426838.43061853,-303775930.8355961,384228115000000.0,384228103367056.8,-3367056.8169497643,-19706748.244643725
y,0.00068,0.68,0.0,1.0,0.0,27308.726214562026,713124.2365088065,-14488490.393243704,1921185.6378375643,1039798.6439350729,-11527506.111471063,-378344034.3818613,50168727.40274642,27152698.67415833,-301022608.3049565,384228115000000.0,384228103472493.9,-3472493.8885289375,-19812185.3162229
y,0.0006900000000000001,0.6900000000000001,0.0,1.0,0.0,27215.800232528985,710697.6213137774,-14439189.038526889,1949975.104383226,1067859.8176249582,-11421354.116518702,-377056607.4010111,50920518.833388954,27885471.88759623,-298250616.6800259,384228115000000.0,384228103578645.9,-3578645.8834812976,-19918337.31117526
y,0.0007000000000000001,0.7000000000000001,0.0,1.0,0.0,27122.09117188186,708250.5572580287,-14389472.225875929,1978788.307501782,1096180.1092595682,-11314503.809114581,-375758331.3926464,51672930.10712814,28625011.5567467,-295460389.7287716,384228115000000.0,384228103685496.2,-3685496.190885419,-20025187.61857938
y,0.0007100000000000001,0.7100000000000001,0.0,1.0,0.0,27027.62053650432,705783.6058815054,-14339351.364054797,2007625.6079922295,1124753.8850070299,-11206971.87105554,-374449504.2786121,52425970.64565973,29371170.562992,-292652363.0699604,384228115000000.0,384228103793028.1,-3793028.1289444603,-20132719.556638423
y,0.0007200000000000002,0.7200000000000002,0.0,1.0,0.0,26932.409913898315,703297.3309077122,-14288837.906190686,2036487.3673919823,1153575.489938422,-11098775.048860284,-373130425.1392286,53179649.88996203,30123801.236798298,-289826974.01246834,384228115000000.0,384228103901224.94,-3901224.9511397164,-20240916.37883368
y,0.0007300000000000002,0.7300000000000002,0.0,1.0,0.0,26836.480967480817,700792.2980425545,-14237943.345687062,2065373.947988359,1182639.2500742713,-10989930.147624433,-371801394.1065675,53933977.30059595,30882755.4111567,-286984661.3948149,384228115000000.0,384228104010069.9,-4010069.852375567,-20349761.28006953
y,0.0007400000000000002,0.7400000000000002,0.0,1.0,0.0,26739.855428895324,698269.0747735655,-14186679.212144597,2094285.71283016,1211939.474427214,-10880454.024887223,-370462712.25793326,54688962.35800728,31647884.47492413,-284125865.42500186,384228115000000.0,384228104119546.0,-4119545.975112777,-20459237.40280674
y,0.0007500000000000002,0.7500000000000002,0.0,1.0,0.0,26642.555090341797,695728.230169615,-14135057.06729185,2123223.0257393117,1241470.4570397907,-10770363.584512748,-369114681.5095994,55444614.56283078,32419039.426037118,-281251027.52073145,384228115000000.0,384228104229636.44,-4229636.415487252,-20569327.843181215
y,0.0007600000000000003,0.7600000000000002,0.0,1.0,0.0,26544.601796928924,693170.3346812004,-14083088.500927806,2152186.2513225083,1271226.4790164055,-10659675.770588895,-367757604.510854,56200943.4361942,33196070.9245732,-278360590.1500867,384228115000000.0,384228104340324.25,-4340324.229411105,-20680015.657105066
y,0.0007700000000000003,0.7700000000000002,0.0,1.0,0.0,26446.01743905225,690595.959941414,-14030785.126878133,2181175.754982941,1301201.8105484152,-10548407.56134678,-366391784.5384044,56957958.520024486,33978829.34563292,-275454996.6727471,384228115000000.0,384228104451592.44,-4451592.4386532195,-20791283.866347183
y,0.0007800000000000003,0.7800000000000004,0.0,1.0,0.0,26346.82394480209,688005.678567687,-13978158.578967255,2210191.9029320376,1331390.7129314358,-10436575.963103779,-365017525.3911935,57715669.377354495,34767164.832018614,-272534691.18182033,384228115000000.0,384228104563424.06,-4563424.036896221,-20903115.464590184
y,0.0007900000000000003,0.7900000000000004,0.0,1.0,0.0,26247.043272404608,685400.0639644015,-13925220.507007994,2239235.0622012764,1361787.44057384,-10324198.00423288,-363635131.28567624,58474085.59263133,35560927.34668313,-269600118.3463618,384228115000000.0,384228104675802.0,-4675801.99576712,-21015493.423461083
y,0.0008000000000000004,0.8000000000000004,0.0,1.0,0.0,26146.69740269989,682779.6901264657,-13871982.572810857,2268305.600654031,1392386.2429955462,-10211290.729161277,-362244906.7516079,59233216.77202579,36359966.72492507,-266651723.25465697,384228115000000.0,384228104788709.25,-4788709.270838723,-21128400.698532686
y,0.0008100000000000004,0.8100000000000004,0.0,1.0,0.0,26045.808331660333,680145.1314439446,-13818456.446214717,2297403.8869974716,1423181.3668161153,-10097871.19240113,-360847156.52839196,59993072.543743014,37164132.72630478,-263689951.25834417,384228115000000.0,384228104902128.8,-4902128.80759887,-21241820.235292833
y,0.00082,0.82,0.0,1.0,0.0,25944.398062953085,677496.9625078392,-13764653.801140863,2326530.290794518,1454167.0577312391,-9983956.452615105,-359442185.46203786,60753662.55833476,37973275.08625721,-260715247.81744584,384228115000000.0,384228105016043.56,-5016043.547384895,-21355734.97507886
y,0.00083,0.83,0.0,1.0,0.0,25842.488600549812,674835.7579171028,-13710586.311672127,2355685.1824758113,1485337.562476723,-9869563.56671959,-358030298.40277326,61514996.48901194,38787243.567378245,-257728058.34638298,384228115000000.0,384228105130436.44,-5130436.43328041,-21470127.86097437
y,0.00084,0.8400000000000001,0.0,1.0,0.0,25740.101941387322,672162.0920869842,-13656265.648159046,2384868.933351811,1516687.1307790498,-9754709.584028184,-356611800.1033629,62277084.0319605,39605888.01036059,-254728828.06104183,384228115000000.0,384228105245290.44,-5245290.415971816,-21584981.84366578
y,0.0008500000000000001,0.8500000000000001,0.0,1.0,0.0,25637.26006808224,669476.5390587834,-13601703.473354664,2414081.9156248257,1548210.0172915852,-9639411.540438253,-355186995.1181752,63039934.90665565,40429058.38455471,-251718001.82696486,384228115000000.0,384228105360588.44,-5360588.459561747,-21700279.88725571
y,0.0008600000000000001,0.8600000000000001,0.0,1.0,0.0,25533.98494170326,666779.6723111104,-13546911.4385799,2443324.502401233,1579900.4835156593,-9523686.452663006,-353756187.70304644,63803558.856180914,41256604.83813482,-248696024.00873065,384228115000000.0,384228105476313.56,-5476313.547336994,-21816004.97503096
y,0.0008700000000000001,0.8700000000000001,0.0,1.0,0.0,25430.298494603998,664072.0645727259,-13491901.179921033,2472597.0677036336,1611752.7997055505,-9407551.312511848,-352319681.71598434,64567965.64754554,42088377.74784457,-245663338.32059425,384228115000000.0,384228105592448.7,-5592448.687488152,-21932140.115182117
y,0.0008800000000000001,0.8800000000000001,0.0,1.0,0.0,25326.222623319733,661354.2876370515,-13436684.314461134,2501899.986483124,1643761.2467566144,-9291023.081221394,-350877780.5187582,65333165.072004996,42924227.76830253,-242620387.67845058,384228115000000.0,384228105708976.94,-5708976.918778606,-22048668.34647257
y,0.0008900000000000002,0.8900000000000001,0.0,1.0,0.0,25221.77918153113,658626.9121784286,-13381272.436547017,2531233.634631617,1675920.1180756786,-9174118.683839722,-349430786.8794154,66099166.945382655,43764005.88084458,-239567614.05318817,384228115000000.0,384228105825881.3,-5825881.316160278,-22165572.74385424
y,0.0009000000000000002,0.9000000000000002,0.0,1.0,0.0,25116.989973098047,655890.5075702065,-13325677.11409332,2560598.3889941955,1708223.7214329024,-9056855.003666224,-347979002.87576926,66865981.108392425,44607563.44188233,-236505458.32549453,384228115000000.0,384228105943145.0,-5943144.996333776,-22282836.42402774
y,0.0009100000000000002,0.9100000000000003,0.0,1.0,0.0,25011.87674516638,653145.6417047392,-13269909.884925425,2589994.627381531,1740666.380794336,-8939248.876749558,-346522729.79989946,67633617.42696305,45454752.23075747,-233434360.14217892,384228115000000.0,384228106060751.1,-6060751.123250442,-22400442.550944403
y,0.0009200000000000002,0.9200000000000003,0.0,1.0,0.0,24906.46118135081,650392.8808153631,-13213982.253162581,2619422.7285823952,1773242.4381343543,-8821317.08644583,-345062268.0637033,68402085.79256481,46305424.49707065,-230354757.77406785,384228115000000.0,384228106178682.94,-6178682.913554169,-22518374.341248132
y,0.0009300000000000003,0.9300000000000003,0.0,1.0,0.0,24800.764894996493,647632.7893004376,-13157905.685642948,2648883.072376122,1805946.255227241,-8703076.358039584,-343597917.10554147,69171396.12253493,47159433.00746585,-227267087.9755407,384228115000000.0,384228106296923.6,-6296923.641960416,-22636615.06965438
y,0.0009400000000000003,0.9400000000000003,0.0,1.0,0.0,24694.80942252234,644865.9295495141,-13101691.608391892,2678376.0395452897,1838772.2154171872,-8584543.353429416,-342129975.298013,69941558.3604088,48016631.0918511,-224171785.84575307,384228115000000.0,384228106415456.6,-6415456.646570584,-22755148.07426455
y,0.0009500000000000003,0.9500000000000003,0.0,1.0,0.0,24588.616216848684,642092.861771711,-13045351.403135082,2707902.0118883075,1871714.7253659351,-8465734.66588084,-340658739.85690004,70712582.47624862,48876872.68903544,-221069284.69161603,384228115000000.0,384228106534265.3,-6534265.33411916,-22873956.761813123
y,0.0009600000000000003,0.9600000000000003,0.0,1.0,0.0,24482.206640911914,639314.143826358,-12988896.403857706,2737461.3722321535,1904768.2167774155,-8346666.814848139,-339184506.751318,71484478.46697608,49740012.39176508,-217960015.8925769,384228115000000.0,384228106653333.2,-6653333.185151861,-22993024.612845823
y,0.0009700000000000004,0.9700000000000004,0.0,1.0,0.0,24375.60196126875,636530.331055982,-12932337.893411284,2767054.5044451393,1937927.1480986557,-8227356.240867492,-337707570.615107,72257256.35670556,50605905.49113997,-214844408.7672615,384228115000000.0,384228106772643.75,-6772643.759132508,-23112335.18682647
y,0.0009800000000000004,0.9800000000000004,0.0,1.0,0.0,24268.823341792715,633741.9761217007,-12875687.100169329,2796681.7934497907,1971186.0061963266,-8107819.300523211,-336228224.6595001,73030926.19708067,51474408.020394124,-211722890.4420253,384228115000000.0,384228106892180.7,-6892180.699476789,-23231872.127170753
y,0.00099,0.99,0.0,1.0,0.0,24161.89183746501,630949.6288410806,-12818955.194733145,2826343.62523564,2004539.3080082356,-7988072.261489271,-334746760.58710057,73805498.06760816,52345376.79802178,-208595885.72147068,384228115000000.0,384228107011927.75,-7011927.738510729,-23351619.16620469
y,0.001,1.0,0.0,1.0,0.0,24054.828388262395,628153.8360285289,-12762153.2866891,2856040.3868722846,2037981.602169192,-7868131.297647629,-333263468.507203,74580982.07599899,53218669.4702343,-205463816.9609698,384228115000000.0,384228107131868.7,-7131868.702352371,-23471560.130046334
y,0.00101,1.01,0.0,1.0,0.0,23947.653813144352,625355.141338278,-12705292.421418507,2885772.466522376,2071507.4706105944,-7748012.484285536,-331778636.85248816,75357388.35850748,54094144.552730866,-202327103.9412498,384228115000000.0,384228107251987.5,-7251987.515714464,-23591678.943408426
y,0.00102,1.02,0.0,1.0,0.0,23840.388804141505,622554.0851100136,-12648383.576961301,2915540.2534546787,2105111.530133184,-7627731.793373438,-330292552.29712343,76134727.08027238,54971661.47176844,-199186163.74508262,384228115000000.0,384228107372268.2,-7372268.206626562,-23711959.634320527
y,0.00103,1.03,0.0,1.0,0.0,23733.053920547674,619751.2042172096,-12591437.660934653,2945344.1380572594,2138788.4339523697,-7507305.088925023,-328805499.67629695,76913008.43566121,55851080.60451551,-196041410.63612017,384228115000000.0,384228107492694.94,-7492694.911074977,-23832386.33876894
y,0.0010400000000000001,1.04,0.0,1.0,0.0,23625.66958321759,616947.0319182217,-12534465.507507663,2975184.5118507124,2172532.873215629,-7386748.122441321,-327317761.90721637,77692242.64861569,56732263.31867658,-192893255.93992406,384228115000000.0,384228107613251.9,-7613251.877558679,-23952943.30525264
y,0.0010500000000000002,1.05,0.0,1.0,0.0,23518.256068972056,614142.0977101872,-12477477.874433033,3005061.767501402,2206339.5784913967,-7266076.528440235,-325829619.91159594,78472439.9729975,57615072.01137221,-189742107.92722628,384228115000000.0,384228107733923.5,-7733923.471559765,-24073614.899253726
y,0.0010600000000000002,1.0600000000000003,0.0,1.0,0.0,23410.8335051127,611336.9271857863,-12420485.440136923,3034976.2988348505,2240203.321228986,-7145305.820073083,-324341352.53966266,79253610.69293788,58499370.14726245,-186588371.69946226,384228115000000.0,384228107854694.2,-7854694.179926917,-24194385.60762088
y,0.0010700000000000002,1.0700000000000003,0.0,1.0,0.0,23303.421864047916,608532.0418929073,-12363498.800867759,3064928.500849168,2274118.915189068,-7024451.384829522,-322853236.4957018,80035765.12318838,59385022.29590163,-183432449.07661176,384228115000000.0,384228107975548.6,-7975548.615170478,-24315240.042864442
y,0.0010800000000000002,1.0800000000000003,0.0,1.0,0.0,23196.040958031917,605727.9591972652,-12306528.467905063,3094918.769728518,2308081.2178441836,-6903528.480332362,-321365546.26516986,80818913.60947245,60271894.168310516,-180274738.4873869,384228115000000.0,384228108096471.5,-8096471.519667638,-24436162.9473616
y,0.0010900000000000003,1.0900000000000003,0.0,1.0,0.0,23088.710434018365,602925.1921480119,-12249584.864829099,3124947.5028567007,2342085.1317489515,-6782552.230223448,-319878554.04339594,81603066.52884014,61159852.65275709,-177115634.86179873,384228115000000.0,384228108217447.75,-8217447.769776552,-24557139.197470516
y,0.0011000000000000003,1.1000000000000003,0.0,1.0,0.0,22981.44976863029,600124.2493463843,-12192678.32485217,3155015.098830774,2376125.6058794553,-6661537.62014194,-318392529.66589254,82388234.29002385,62048765.84973253,-173955529.52613613,384228115000000.0,384228108338462.4,-8338462.37985806,-24678153.807552025
y,0.0011100000000000003,1.1100000000000003,0.0,1.0,0.0,22874.278263247747,597325.6348174256,-12135819.0882124,3185121.957474788,2410197.6369414916,-6540499.493796121,-316907740.5402984,83174427.33379689,62938503.10611407,-170794810.10038745,384228115000000.0,384228108459500.5,-8459500.506203879,-24799191.93389784
y,0.0011200000000000003,1.1200000000000003,0.0,1.0,0.0,22767.21503921458,594529.8478848184,-12079017.299630733,3215268.479853537,2444296.2706472804,-6419452.549129916,-315424451.57997197,83961656.13333267,63828935.04850425,-167633860.3981351,384228115000000.0,384228108580547.44,-8580547.450870084,-24920238.878564045
y,0.0011300000000000004,1.1300000000000003,0.0,1.0,0.0,22660.27903316559,591737.3830488597,-12022283.005831758,3245455.068286413,2478416.602960246,-6298411.3345850995,-313942925.1392518,84749931.19456644,64719933.61573642,-164473060.32894903,384228115000000.0,384228108701588.7,-8701588.6654149,-25041280.093108863
y,0.0011400000000000004,1.1400000000000003,0.0,1.0,0.0,22553.4889924755,588948.7298676192,-11965626.153129218,3275682.1263613896,2512553.781307632,-6177390.245460194,-312463420.95040596,85539263.05656046,65611372.09054025,-161312785.80330518,384228115000000.0,384228108822609.75,-8822609.754539806,-25162301.18223377
y,0.0011500000000000004,1.1500000000000004,0.0,1.0,0.0,22446.863470830645,586164.3728413001,-11909056.585076561,3305950.0589489522,2546703.0057605463,-6056403.520367061,-310986196.06227946,86329662.29186773,66503125.13035675,-158153408.6400549,384228115000000.0,384228108943596.5,-8943596.47963294,-25283287.907326903
y,0.00116,1.16,0.0,1.0,0.0,22340.42082392471,583384.7912998404,-11852584.040183354,3336259.272216232,2580859.5301812305,-5935465.2377858935,-309511504.78066254,87121139.50690114,67395068.7972974,-154995296.47646403,384228115000000.0,384228109064534.75,-9064534.762214106,-25404226.18990807
y,0.00117,1.17,0.0,1.0,0.0,22234.17920527923,580610.4592937721,-11796218.149697887,3366610.1736411634,2615018.663337241,-5814589.312719482,-308039598.61038667,87913705.34230313,68287080.58723922,-151838812.6808443,384228115000000.0,384228109185410.7,-9185410.687280517,-25525102.11497448
y,0.00118,1.1800000000000002,0.0,1.0,0.0,22128.156562190066,577841.8454883691,-11739968.435456565,3397003.1720267185,2649175.7699823105,-5693789.4934475375,-306570726.1991648,88707370.47331737,69179039.45804977,-148684316.26779774,384228115000000.0,384228109306210.5,-9306210.506552462,-25645901.934246425
y,0.00119,1.1900000000000002,0.0,1.0,0.0,22022.370631800393,575079.4130611004,-11683844.307800477,3427438.677515199,2683326.2719036923,-5573079.358381588,-305105133.2831859,89502145.61016203,70070825.85693687,-145532161.81608704,384228115000000.0,384228109426920.6,-9426920.641618412,-25766612.069312375
y,0.0012000000000000001,1.2000000000000002,0.0,1.0,0.0,21916.8389373011,572323.6196024088,-11627855.063559549,3457917.101602693,2717465.6489357813,-5452472.313021076,-303643062.6344741,90298041.4984073,70962321.74691774,-142382699.3891491,384228115000000.0,384228109547527.7,-9547527.686978925,-25887219.114672888
y,0.0012100000000000001,1.2100000000000002,0.0,1.0,0.0,21811.578784259334,569574.9170198372,-11572009.884104652,3488438.8571535335,2751589.439939822,-5331981.587011294,-302184754.010023,91095068.9193529,71853410.6324025,-139236274.45826754,384228115000000.0,384228109668018.44,-9668018.412988706,-26007709.84068267
y,0.0012200000000000002,1.2200000000000002,0.0,1.0,0.0,21706.60725707552,566833.7514455087,-11516317.83346789,3519004.3584148325,2785693.2437495524,-5211620.2313035065,-300730444.1027094,91893238.6904076,72743977.5838882,-136093227.82841367,384228115000000.0,384228109788379.75,-9788379.768696494,-26128071.196390457
y,0.0012300000000000002,1.2300000000000002,0.0,1.0,0.0,21601.94121556964,564100.563146983,-11460787.856531503,3549614.0210311906,2819772.7200826984,-5091401.115417613,-299280366.494,92692561.66547346,73633909.26176102,-132953895.56676549,384228115000000.0,384228109908598.9,-9908598.884582387,-26248290.31227635
y,0.0012400000000000002,1.2400000000000002,0.0,1.0,0.0,21497.597291696944,561375.7864414928,-11405428.777285367,3580268.2620594027,2853823.5904181227,-4971336.924807841,-297834751.60844815,93493048.73532969,74523093.93920165,-129818608.93391678,384228115000000.0,384228110028663.06,-10028663.075192159,-26368354.502886124
y,0.0012500000000000002,1.2500000000000002,0.0,1.0,0.0,21393.59188639361,558659.8496135722,-11350249.297153506,3610967.4999832627,2887841.63883862,-4851440.158331621,-296393826.66999376,94294710.82801935,75411421.52419354,-126687694.31778078,384228115000000.0,384228110148559.8,-10148559.841668379,-26488251.26936234
y,0.0012600000000000003,1.2600000000000002,0.0,1.0,0.0,21289.94116655252,555953.1748360847,-11295257.993389597,3641712.1547284955,2921822.712839251,-4731723.125821851,-294957815.6600642,95097558.90923926,76298783.58063129,-123561473.17019369,384228115000000.0,384228110268276.9,-10268276.874178149,-26607968.30187211
y,0.0012700000000000003,1.2700000000000002,0.0,1.0,0.0,21186.66106212936,553256.1780946534,-11240463.317541612,3672502.647677739,2955762.724101161,-4612197.945762714,-293526939.27748126,95901603.98273121,77185073.34852767,-120440261.94622241,384228115000000.0,384228110387802.06,-10387802.054237286,-26727493.481931247
y,0.0012800000000000003,1.2800000000000002,0.0,1.0,0.0,21083.767263379093,550569.2691154954,-11185873.593985686,3703339.401685647,2989657.6492309063,-4492876.543069134,-292101414.90017474,96706857.09067637,78070185.76331997,-117324372.04617845,384228115000000.0,384228110507123.44,-10507123.456930866,-26846814.88462483
y,0.0012900000000000003,1.2900000000000003,0.0,1.0,0.0,20981.275218222952,547892.8512966655,-11131497.018529128,3734222.8410940543,3023503.5304651884,-4373770.6469698865,-290681456.5487031,97513329.31409125,78954017.47427304,-114214109.7603388,384228115000000.0,384228110626229.4,-10626229.353030114,-26965920.78072408
y,0.0013000000000000004,1.3000000000000003,0.0,1.0,0.0,20879.20012974575,545227.3216427024,-11077341.657082686,3765153.3917472153,3057296.4763411367,-4254891.788994335,-289267274.851581,98321031.77322575,79836466.86198263,-111109776.2163726,384228115000000.0,384228110745108.2,-10745108.211005665,-27084799.63869963
y,0.0013100000000000004,1.3100000000000005,0.0,1.0,0.0,20777.556953823463,542573.0707026765,-11023415.444401864,3796131.4810072053,3091032.6623320663,-4136251.301062593,-287859077.01241124,99129975.6279652,80717434.05497722,-108011667.32946885,384228115000000.0,384228110863748.7,-10863748.698937407,-27203440.12663137
y,0.0013200000000000004,1.3200000000000005,0.0,1.0,0.0,20676.360396880882,539930.4825116347,-10969726.182897234,3827157.5377693484,3124708.331448801,-4017860.313679084,-286457066.7788181,99940172.07823332,81596820.94542065,-104920073.75516407,384228115000000.0,384228110982139.7,-10982139.686320916,-27321831.11401488
y,0.00133,1.33,0.0,1.0,0.0,20575.624913779044,537299.9345354337,-10916281.54151365,3858231.992477762,3158319.7948066792,-3899729.754229211,-285061444.41317904,100751632.36439814,82474531.20391852,-101835280.84486245,384228115000000.0,384228111100270.25,-11100270.24577079,-27439961.673464753
y,0.00134,1.34,0.0,1.0,0.0,20475.364705832057,534681.7976189529,-10863089.054678073,3889355.277141004,3191863.432158266,-3781870.345378804,-283672406.6651497,101564367.76768053,83350470.29342915,-98757568.60404003,384228115000000.0,384228111218129.6,-11218129.654621195,-27557821.082315158
y,0.00135,1.35,0.0,1.0,0.0,20375.593718952954,532076.4359376765,-10810156.12131586,3920527.8253478077,3225335.6923919213,-3664292.60357613,-282290146.74597514,102378389.6105652,84224545.48228294,-95687211.653127,384228115000000.0,384228111335707.4,-11335707.39642387,-27675398.824117832
y,0.00136,1.36,0.0,1.0,0.0,20276.325641928037,529484.2069526298,-10757490.003935244,3951750.0722829057,3258733.0939963674,-3547006.837655971,-280914854.304583,103193709.25721385,85096665.85631374,-92624479.19105543,384228115000000.0,384228111452993.2,-11452993.16234403,-27792684.590037994
y,0.0013700000000000001,1.37,0.0,1.0,0.0,20177.573904819186,526905.461368659,-10705097.827779667,3983022.454742971,3292052.225491366,-3430023.147545329,-279546715.4054476,104010338.11388141,85966742.33010536,-89569634.9614608,384228115000000.0,384228111569976.9,-11569976.852454672,-27909668.280148633
y,0.0013800000000000002,1.3800000000000001,0.0,1.0,0.0,20079.35167749344,524340.5430960332,-10652986.580047678,4014345.4111526683,3325289.7458247337,-3313351.423070275,-278185912.5082191,104828287.62933531,86834687.65735903,-86522937.22152475,384228115000000.0,384228111686648.56,-11686648.576929726,-28026340.00462369
y,0.0013900000000000002,1.3900000000000001,0.0,1.0,0.0,19981.67186827923,521789.78921535367,-10601163.109179992,4045719.381580733,3358442.384735788,-3197001.3428634694,-276832624.44910604,105647569.29527524,87700416.44038412,-83484638.71344666,384228115000000.0,384228111802998.7,-11802998.65713653,-28142690.084830493
y,0.0014000000000000002,1.4000000000000001,0.0,1.0,0.0,19884.54712274843,519253.52994574956,-10549634.12421332,4077144.807756279,3391506.943085546,-3080982.373371495,-275487026.42400163,106468194.64675905,88563845.1387208,-80454986.6385218,384228115000000.0,384228111919017.6,-11919017.626628505,-28258709.054322466
y,0.0014100000000000002,1.4100000000000001,0.0,1.0,0.0,19787.989822623473,516732.0886163387,-10498406.194200525,4108622.133085077,3424480.2931537996,-2965303.7679616488,-274149289.9733421,107290175.26262785,89424892.07689773,-77434222.63381654,384228115000000.0,384228112034696.25,-12034696.23203835,-28374387.659732316
y,0.0014200000000000003,1.4200000000000002,0.0,1.0,0.0,19692.012084808455,514225.78164092655,-10447485.747696633,4140151.802666013,3457359.3789033378,-2849974.5661272802,-272819582.9686846,108113522.7659358,90283477.4513318,-74422582.75141703,384228115000000.0,384228112150025.44,-12150025.43387272,-28489716.86156668
y,0.0014300000000000003,1.4300000000000004,0.0,1.0,0.0,19596.62576054362,511734.9184959268,-10396879.072310178,4171734.2633076836,3490141.2162115993,-2735003.5927908947,-271498069.60099155,108938248.82438341,91139523.3363773,-71420297.44023085,384228115000000.0,384228112264996.44,-12264996.407209106,-28604687.83490307
y,0.0014400000000000003,1.4400000000000004,0.0,1.0,0.0,19501.842434681763,509259.8017014657,-10346592.314319357,4203369.963544951,3522822.8930699737,-2620399.4577044337,-270184910.3706066,109764365.1507499,91992953.68953042,-68427591.53032632,384228115000000.0,384228112379600.56,-12379600.542295566,-28719291.96998953
y,0.0014500000000000003,1.4500000000000004,0.0,1.0,0.0,19407.673425085868,506800.7268056526,-10296631.478352433,4235059.353655817,3555401.5697510927,-2506170.5549455266,-268880262.07890946,110591883.50333388,92843694.35579781,-65444684.21977782,384228115000000.0,384228112493829.44,-12493829.445054473,-28833520.872748435
y,0.0014600000000000004,1.4600000000000004,0.0,1.0,0.0,19314.129782146585,504357.98237197933,-10247002.427131725,4266802.885678216,3587874.4789443384,-2392325.0625091703,-267584277.82163012,111420815.68639174,93691673.0712351,-62471789.064003244,384228115000000.0,384228112607674.94,-12607674.93749083,-28947366.36518479
y,0.0014700000000000004,1.4700000000000004,0.0,1.0,0.0,19221.222288418492,501931.849969822,-10197710.88128064,4298601.013427027,3620238.9258599905,-2278870.9419936244,-266297106.98381013,112251173.55058199,94536819.4656666,-59509113.96756157,384228115000000.0,384228112721129.06,-12721129.058006376,-29060820.48570034
y,0.0014800000000000004,1.4800000000000004,0.0,1.0,0.0,19128.96145837388,499522.6041680112,-10148762.41919304,4330454.192511176,3652492.288302233,-2165815.938379634,-265018895.23639125,113082968.9934119,95379065.06459174,-56556861.17838767,384228115000000.0,384228112834184.06,-12834184.061620366,-29173875.48931433
y,0.0014900000000000004,1.4900000000000004,0.0,1.0,0.0,19037.357538272627,497130.51253143436,-10100162.476964222,4362362.880350822,3684632.0167114474,-2053167.579901952,-263749784.53441286,113916213.95968615,96218343.29028942,-53615227.28443728,384228115000000.0,384228112946832.44,-12946832.420098048,-29286523.84779201
y,0.0015,1.5,0.0,1.0,0.0,18946.420506147064,494755.83562064025,-10051916.348382846,4394327.536194695,3716655.6341761122,-1940933.1780120386,-262489913.11680153,114750920.44195971,97054589.46212886,-50684403.212712966,384228115000000.0,384228113059066.8,-13059066.82198796,-29398758.249681924
y,0.00151,1.51,0.0,1.0,0.0,18856.16007190012,492398.8269944019,-10004029.18498306,4426348.621137515,3748560.736414693,-1829119.8274308504,-261239415.50773197,115587100.48099263,97887740.79609664,-47764574.23064266,384228115000000.0,384228113170880.2,-13170880.17256915,-29510571.60026311
y,0.00152,1.52,0.0,1.0,0.0,18766.585677515628,490059.7332152084,-9956505.996156024,4458426.598137576,3780344.9917279053,-1717734.4062905419,-259998422.51953936,116424766.16620931,98717736.4035501,-44855919.94977992,384228115000000.0,384228113282265.56,-13282265.593709458,-29621957.02140342
y,0.0015300000000000001,1.53,0.0,1.0,0.0,18677.706497378946,487738.7938576377,-9909351.649320066,4490561.932034353,3812006.140921747,-1606783.5763639666,-258767061.2571626,117263929.63615814,99544517.28920746,-41958614.33179702,384228115000000.0,384228113393216.44,-13393216.423636034,-29732907.851329997
y,0.0015400000000000001,1.54,0.0,1.0,0.0,18589.53143870666,485436.2415195772,-9862570.870148612,4522755.0895663705,3843541.9972017296,-1496273.783380513,-257545455.12409657,118104603.07897826,100368026.34838584,-39072825.6967325,384228115000000.0,384228113503726.2,-13503726.216619488,-29843417.64431345
y,0.0015500000000000002,1.5500000000000003,0.0,1.0,0.0,18502.069142083557,483152.30183624633,-9816168.242855102,4555006.539389067,3874950.446038697,-1386211.2574273376,-256333723.82983202,118946798.73286594,101188208.36349736,-36198716.733468734,384228115000000.0,384228113613788.75,-13613788.742572661,-29953480.170266625
y,0.0015600000000000002,1.5600000000000003,0.0,1.0,0.0,18415.327982105355,480887.19349698006,-9770148.210533973,4587316.7520928215,3906229.445006695,-1276602.0134344557,-255131983.39876,119790528.88654536,102005009.99981532,-33336444.512399305,384228115000000.0,384228113723398.0,-13723397.986565545,-30063089.41425951
y,0.0015700000000000002,1.5700000000000003,0.0,1.0,0.0,18329.316068125478,478641.1282647301,-9724515.075556863,4619686.200221152,3937377.023593329,-1167451.8517423829,-253940346.18051794,120635805.8797439,102818379.80052198,-30486160.50025207,384228115000000.0,384228113832548.1,-13832548.148257617,-30172239.57595158
y,0.0015800000000000002,1.5800000000000003,0.0,1.0,0.0,18244.041245104127,476414.3109982368,-9679273.00002309,4652115.358288932,3968391.2829830367,-1058766.3587511217,-252758920.86175328,121482642.1036677,103628268.18104915,-27648010.57703642,384228115000000.0,384228113941233.6,-13941233.641248878,-30280925.06894284
y,0.0015900000000000003,1.5900000000000003,0.0,1.0,0.0,18159.511094558038,474206.9396768307,-9634426.006263515,4684604.702800858,3999270.395813807,-950550.9076488515,-251587812.47928107,122331050.00148407,104434627.42272517,-24822135.05507187,384228115000000.0,384228114049449.06,-14049449.092351148,-30389140.520045113
y,0.0016000000000000003,1.6000000000000003,0.0,1.0,0.0,18075.732935608918,472019.20542781084,-9589977.977396801,4717154.712269947,4030012.6059077317,-842810.6592191237,-250427122.43460977,123181042.06880432,105237411.66573879,-22008668.70006667,384228115000000.0,384228114157189.3,-14157189.340780877,-30496880.76847484
y,0.0016100000000000003,1.6100000000000003,0.0,1.0,0.0,17992.713826128915,469851.29255635664,-9545932.657937145,4749765.867236203,4060616.227975949,-735550.5627249967,-249276948.50981113,124032630.85417143,106036576.9014342,-19207740.754205614,384228115000000.0,384228114264449.44,-14264449.437275004,-30604140.864968967
y,0.0016200000000000003,1.6200000000000003,0.0,1.0,0.0,17910.460563981258,467703.3785779255,-9502293.654452473,4782438.650285413,4091079.6472984357,-628775.3568686215,-248137384.88470814,124885828.9595507,106832080.96394926,-16419474.961208085,384228115000000.0,384228114371224.6,-14371224.643131379,-30710916.070825342
y,0.0016300000000000004,1.6300000000000003,0.0,1.0,0.0,17828.97968835407,465575.63425308315,-9459064.436272092,4815173.546068084,4121401.319379149,-522489.57082485553,-247008522.15535396,125740649.0408244,107623883.52121021,-13643989.593319256,384228115000000.0,384228114477510.44,-14477510.429175144,-30817201.85686911
y,0.0016400000000000004,1.6400000000000003,0.0,1.0,0.0,17748.277481185523,463468.22362471937,-9416248.336242806,4847971.041318461,4151579.7695770254,-416697.52534732025,-245890447.35377687,126597103.80828823,108411946.06529562,-10881397.480193038,384228115000000.0,384228114583302.5,-14583302.47465268,-30922993.902346645
y,0.0016500000000000004,1.6500000000000004,0.0,1.0,0.0,17668.359968678455,461381.30405759957,-9373848.55153248,4880831.624873769,4181613.592713389,-311403.3339453239,-244783243.9689641,127455206.02715397,109196231.90218459,-8131806.039625547,384228115000000.0,384228114688596.7,-14688596.666054675,-31028288.09374864
y,0.0016600000000000005,1.6600000000000004,0.0,1.0,0.0,17589.232922902283,459315.0262801967,-9331868.144479936,4913755.7876935,4211501.452656216,-206610.90413022193,-243686991.96905532,128314968.51805303,109976706.14090048,-5395317.310101852,384228115000000.0,384228114793389.1,-14793389.095869778,-31133080.523563743
y,0.00167,1.6700000000000002,0.0,1.0,0.0,17510.901863480463,457269.534428756,-9290310.043490207,4946744.022878889,4241242.081881863,-102323.9387294589,-242601767.82472107,129176404.15754505,110753335.68206602,-2672027.98511009,384228115000000.0,384228114897676.06,-14897676.06127054,-31237367.488964505
y,0.00168,1.6800000000000002,0.0,1.0,0.0,17433.3720593613,455244.9660935374,-9249177.043974048,4979796.825692526,4270834.281014744,1454.0627332237864,-241527644.53369635,130039525.87863001,111526089.20588288,37970.55081658085,384228115000000.0,384228115001454.06,-15001454.062733224,-31341145.49042719
y,0.00169,1.6900000000000002,0.0,1.0,0.0,17356.648530670183,453241.4523671836,-9208471.809330614,5012914.693578097,4300276.918345539,104719.80259302157,-240464691.64644188,130904346.67126383,112294937.15955025,2734592.1843721964,384228115000000.0,384228115104719.8,-15104719.80259302,-31444411.230286986
y,0.0017000000000000001,1.7000000000000002,0.0,1.0,0.0,17280.73605064109,451259.11789515795,-9168196.871972227,5046098.126180237,4329568.9293283895,207470.18353639994,-239412975.29290414,131770879.58287668,113059851.7441351,5417756.034107649,384228115000000.0,384228115207470.2,-15207470.1835364,-31547161.611230362
y,0.0017100000000000001,1.7100000000000002,0.0,1.0,0.0,17205.63914762545,449298.0809282031,-9128354.634390151,5079347.625364624,4358709.316057794,309702.3070322656,-238372558.2103465,132639137.71889777,113820806.90091194,8087386.4094632,384228115000000.0,384228115309702.3,-15309702.307032265,-31649393.734726228
y,0.0017200000000000002,1.7200000000000002,0.0,1.0,0.0,17131.362107176035,447358.4533767585,-9088947.370260194,5112663.695238091,4387697.146725562,411413.47170345986,-237343499.77222016,133509134.24328057,114577778.29718219,10743412.768242607,384228115000000.0,384228115411413.5,-15411413.47170346,-31751104.89939742
y,0.0017300000000000002,1.7300000000000002,0.0,1.0,0.0,17057.90897420408,445440.34086728987,-9049977.22558716,5146046.842168975,4416531.55505855,512601.17164036597,-236325856.01804987,134380882.3790341,115330743.3115914,13385769.672575636,384228115000000.0,384228115512601.2,-15512601.171640366,-31852292.59933433
y,0.0017400000000000002,1.7400000000000002,0.0,1.0,0.0,16985.28355520721,443543.8428004683,-9011446.219886849,5179497.574807562,4445211.739737632,613263.0946583445,-235319679.6842999,135254395.4087569,116079681.01895674,16014396.74341375,384228115000000.0,384228115613263.1,-15613263.094658345,-31952954.522352308
y,0.0017500000000000003,1.7500000000000002,0.0,1.0,0.0,16913.489420566304,441669.05241114926,-8973356.247404672,5213016.404106765,4473736.96379855,713397.120500644,-234325020.2361961,136129686.67517698,116824572.17462103,18629238.61360195,384228115000000.0,384228115713397.1,-15713397.120500645,-32053088.548194606
y,0.0017600000000000003,1.7600000000000002,0.0,1.0,0.0,16842.529906908996,439816.05683009134,-8935709.078369562,5246603.843342823,4502106.554015135,813001.3189883981,-233341923.90047005,137006769.5816923,117565399.1983466,21230244.879568882,384228115000000.0,384228115813001.3,-15813001.318988398,-32152692.74668236
y,0.0017700000000000003,1.7700000000000002,0.0,1.0,0.0,16772.40811953771,437984.93714736094,-8898506.360282175,5280260.408136255,4530319.900265527,912073.948119607,-232370433.6989984,137885657.5929181,118302146.15776503,23817370.051684737,384228115000000.0,384228115912073.94,-15912073.948119607,-32251765.37581357
y,0.0017800000000000003,1.7800000000000002,0.0,1.0,0.0,16703.126934920158,436175.7684773673,-8861749.619236205,5313986.616472931,4558376.454881939,1010613.4521186637,-231410589.48330653,138766364.23523682,119034798.75139745,26390573.503327705,384228115000000.0,384228116010613.44,-16010613.452118663,-32350304.879812628
y,0.0017900000000000004,1.7900000000000003,0.0,1.0,0.0,16634.68900324003,434388.6200254703,-8825440.261271633,5347782.988725321,4586275.731984554,1108618.4594382418,-230462427.9699071,139648903.09735343,119763344.29126011,28949819.41870644,384228115000000.0,384228116108618.44,-16108618.459438242,-32448309.887132205
y,0.0018000000000000004,1.8000000000000005,0.0,1.0,0.0,16567.096751005756,432623.5551561036,-8789579.5737588,5381650.047673872,4614017.306800089,1206087.7807151598,-229525982.77644238,140533287.83085322,120487771.6850699,31495076.739480693,384228115000000.0,384228116206087.75,-16206087.78071516,-32545779.208409123
y,0.0018100000000000004,1.8100000000000005,0.0,1.0,0.0,16500.352383715253,430880.63146236056,-8754168.726812158,5415588.318528541,4641600.814965664,1303020.406682048,-228601284.45860255,141419532.1507644,121208071.41806592,34026319.11022777,384228115000000.0,384228116303020.44,-16303020.406682048,-32642711.83437601
y,0.0018200000000000004,1.8200000000000005,0.0,1.0,0.0,16434.45788857438,429159.9008369822,-8719208.77473255,5449598.328950556,4669025.951818483,1399415.506036486,-227688360.5477883,142307649.83612618,121924235.53446059,36543524.822798446,384228115000000.0,384228116399415.5,-16399415.506036486,-32739106.93373045
y,0.0018300000000000005,1.8300000000000005,0.0,1.0,0.0,16369.415037267025,427461.4095446941,-8684700.657476854,5483680.609074242,4696292.471671961,1495272.423269349,-226787235.5894882,143197654.7305589,122636257.61853698,39046676.75960765,384228115000000.0,384228116495272.44,-16495272.423269348,-32834963.850963313
y,0.0018400000000000005,1.8400000000000005,0.0,1.0,0.0,16305.225388774626,425785.19829583325,-8650645.202153865,5517835.691529092,4723400.187078809,1590590.676454037,-225897931.18234175,144089560.74284014,123344132.77540529,41535762.33590369,384228115000000.0,384228116590590.7,-16590590.676454037,-32930282.104148
y,0.00185,1.85,0.0,1.0,0.0,16241.890292243006,424131.3023212111,-8617043.12454527,5552064.111461978,4750348.968081719,1685369.9549984285,-225020466.01785666,144983381.84748495,124047857.61143574,44010773.441064045,384228115000000.0,384228116685369.94,-16685369.954998428,-33025061.382692393
y,0.00186,1.86,0.0,1.0,0.0,16179.410889894283,422499.75144815346,-8583895.030650567,5586366.406559496,4777138.741452147,1779610.1173610755,-224154855.92075235,145879132.08532917,124747430.21438062,46471706.37895744,384228115000000.0,384228116779610.1,-16779610.117361076,-33119301.54505504
y,0.0018700000000000001,1.87,0.0,1.0,0.0,16117.788119981913,420890.570177667,-8551201.41825482,5620743.117070523,4803769.489917824,1873311.1887335242,-223301113.88989922,146776825.56411868,125442850.13320193,48918561.80742131,384228115000000.0,384228116873311.2,-16873311.188733526,-33213002.61642749
y,0.0018800000000000002,1.8800000000000001,0.0,1.0,0.0,16057.022719786457,419303.77776266856,-8518962.67851807,5655194.785828961,4830241.2513795225,1966473.3586904118,-222459250.13982373,147676476.4591031,126134118.35761844,51351344.676897764,384228115000000.0,384228116966473.4,-16966473.35869041,-33306164.786384374
y,0.0018900000000000002,1.8900000000000001,0.0,1.0,0.0,15997.11522865019,417739.3882872294,-8487179.097585307,5689721.958276606,4856554.11811767,2059096.9788089679,-221629272.14275017,148578099.01363316,126821237.2973877,53770064.16827066,384228115000000.0,384228117059097.0,-17059096.97880897,-33398788.406502932
y,0.0019000000000000002,1.9000000000000001,0.0,1.0,0.0,15938.065991048305,416197.4107467751,-8455850.858215908,5724325.182486216,4882708.235989355,2151182.5602596635,-220811184.6711509,149481707.53976288,127504210.76133716,56174733.629949175,384228115000000.0,384228117151182.56,-17151182.560259663,-33490873.987953626
y,0.0019100000000000002,1.9100000000000001,0.0,1.0,0.0,15879.875159694631,414677.84912918584,-8424978.041431323,5759005.009184764,4908703.803616267,2242730.7713697115,-220004989.84077308,150387316.41885707,128183043.93615839,58565370.5142425,384228115000000.0,384228117242730.75,-17242730.77136971,-33582422.19906367
y,0.0019200000000000007,1.9200000000000006,0.0,1.0,0.0,15822.54269867981,413180.70249674557,-8394560.628180046,5793761.991776857,4934541.071564192,2333742.4351610024,-219210687.1541167,151294940.10220262,128857743.36498098,60941996.31306691,384228115000000.0,384228117333742.44,-17333742.435161002,-33673433.862854965
y,0.0019300000000000003,1.9300000000000004,0.0,1.0,0.0,15766.068386639836,411705.965068883,-8364598.501018659,5828596.686368346,4960220.341514516,2424218.5268642018,-218428273.5443325,152204593.1116252,129528316.92573766,63304636.49303033,384228115000000.0,384228117424218.5,-17424218.5268642,-33763909.954558164
y,0.0019399999999999999,1.94,0.0,1.0,0.0,15710.451819952887,410253.62630565197,-8335091.445807882,5863509.651790137,4985741.965428401,2514160.1714106575,-217657743.4195115,153116290.04011092,130194773.80933808,65653320.42993751,384228115000000.0,384228117514160.2,-17514160.171410657,-33853851.59910462
y,0.0019500000000000003,1.9500000000000004,0.0,1.0,0.0,15655.69241596237,408823.6709918962,-8306039.153422553,5898501.449622116,5011106.344704039,2603568.6409036,-216899088.70733857,154030045.55243114,130857124.49766181,67988081.34275433,384228115000000.0,384228117603568.6,-17603568.6409036,-33943260.06859756
y,0.00196,1.96,0.0,1.0,0.0,15601.789416224346,407416.07932205056,-8277441.221474524,5933572.644217363,5036313.929327671,2692445.3520705104,-216152298.90008295,154945874.38577494,131515380.74138853,70308956.22708051,384228115000000.0,384228117692445.4,-17692445.35207051,-34032136.77976447
y,0.0019700000000000004,1.9700000000000004,0.0,1.0,0.0,15548.74188977695,406030.8269855169,-8249297.156047241,5968723.802726481,5061365.217018784,2780791.863698025,-215417361.0998943,155863791.35038415,132169555.5376762,72615985.78816609,384228115000000.0,384228117780791.9,-17780791.863698024,-34120483.29139199
y,0.00198,1.98,0.0,1.0,0.0,15496.548736430275,404667.88525257417,-8221606.3734411625,6003955.495122133,5086260.752370065,2868609.874051039,-214694260.06438127,156783811.3301943,132819663.10770243,74909214.37351555,384228115000000.0,384228117868609.9,-17868609.87405104,-34208301.301745005
y,0.0019900000000000004,1.9900000000000004,0.0,1.0,0.0,15445.208690074349,403327.22106076084,-8194368.201928794,6039268.294223816,5111001.125982672,2955901.218277695,-213982978.25244176,157705949.2834815,133465718.87408325,77188689.90512301,384228115000000.0,384228117955901.2,-17955901.218277697,-34295592.645971656
y,0.002,2.0,0.0,1.0,0.0,15394.720322003584,402008.797101688,-8167581.883518462,6074662.775722751,5135586.973597238,3042667.8658015267,-213283495.87032086,158630220.24351236,134107739.43818082,79454463.81137232,384228115000000.0,384228118042667.9,-18042667.865801528,-34382359.29349549
z,-0.002,-2.0,0.0,0.0,1.0,15394.720322003584,402008.797101688,-8167581.883518462,6074662.775722751,5135586.973597238,3042667.8658015267,-213283495.87032086,158630220.24351236,134107739.43818082,79454463.81137232,384228115000000.0,384228118042667.9,-18042667.865801528,-34382359.29349549
z,-0.00199,-1.99,0.0,0.0,1.0,15445.208690074352,403327.2210607609,-8194368.201928796,6039268.294223816,5111001.12598267,2955901.218277693,-213982978.25244182,157705949.2834815,133465718.8740832,77188689.90512295,384228115000000.0,384228117955901.2,-17955901.218277693,-34295592.645971656
z,-0.00198,-1.98,0.0,0.0,1.0,15496.548736430277,404667.88525257417,-8221606.3734411625,6003955.495122133,5086260.752370066,2868609.874051038,-214694260.06438127,156783811.3301943,132819663.10770245,74909214.37351553,384228115000000.0,384228117868609.9,-17868609.87405104,-34208301.301745
z,-0.00197,-1.97,0.0,0.0,1.0,15548.741889776957,406030.82698551705,-8249297.156047243,5968723.802726479,5061365.217018783,2780791.8636980206,-215417361.09989434,155863791.35038412,132169555.53767619,72615985.78816599,384228115000000.0,384228117780791.9,-17780791.86369802,-34120483.29139198
z,-0.00196,-1.96,0.0,0.0,1.0,15601.789416224345,407416.0793220505,-8277441.2214745255,5933572.644217363,5036313.929327671,2692445.3520705104,-216152298.900083,154945874.38577494,131515380.74138853,70308956.22708051,384228115000000.0,384228117692445.4,-17692445.35207051,-34032136.77976447
z,-0.0019500000000000001,-1.9500000000000002,0.0,0.0,1.0,15655.692415962372,408823.67099189624,-8306039.153422554,5898501.449622116,5011106.344704039,2603568.6409036,-216899088.7073386,154030045.55243114,130857124.49766181,67988081.34275433,384228115000000.0,384228117603568.6,-17603568.6409036,-33943260.06859756
z,-0.00194,-1.9400000000000002,0.0,0.0,1.0,15710.451819952883,410253.62630565185,-8335091.445807881,5863509.651790141,4985741.965428402,2514160.1714106626,-217657743.4195115,153116290.040111,130194773.80933811,65653320.429937646,384228115000000.0,384228117514160.2,-17514160.17141066,-33853851.59910463
z,-0.00193,-1.9300000000000002,0.0,0.0,1.0,15766.06838663984,411705.9650688831,-8364598.50101866,5828596.686368346,4960220.341514516,2424218.5268642,-218428273.54433253,152204593.1116252,129528316.92573766,63304636.49303029,384228115000000.0,384228117424218.5,-17424218.5268642,-33763909.954558164
z,-0.00192,-1.9200000000000002,0.0,0.0,1.0,15822.542698679816,413180.70249674574,-8394560.628180047,5793761.991776857,4934541.071564189,2333742.435160998,-219210687.15411675,151294940.10220262,128857743.3649809,60941996.31306679,384228115000000.0,384228117333742.44,-17333742.435161,-33673433.86285496
z,-0.00191,-1.91,0.0,0.0,1.0,15879.875159694631,414677.84912918584,-8424978.04143132,5759005.009184764,4908703.803616267,2242730.771369709,-220004989.84077302,150387316.41885707,128183043.93615839,58565370.51424244,384228115000000.0,384228117242730.75,-17242730.77136971,-33582422.19906367
z,-0.0019,-1.9,0.0,0.0,1.0,15938.065991048306,416197.41074677516,-8455850.858215906,5724325.182486216,4882708.235989353,2151182.560259661,-220811184.67115083,149481707.53976288,127504210.7613371,56174733.629949115,384228115000000.0,384228117151182.56,-17151182.560259663,-33490873.987953626
z,-0.00189,-1.89,0.0,0.0,1.0,15997.11522865019,417739.3882872294,-8487179.097585307,5689721.958276601,4856554.118117668,2059096.9788089616,-221629272.14275017,148578099.013633,126821237.29738766,53770064.16827049,384228115000000.0,384228117059097.0,-17059096.97880896,-33398788.406502925
z,-0.00188,-1.88,0.0,0.0,1.0,16057.022719786459,419303.77776266856,-8518962.67851807,5655194.785828961,4830241.251379522,1966473.3586904118,-222459250.13982373,147676476.4591031,126134118.3576184,51351344.676897764,384228115000000.0,384228116966473.4,-16966473.35869041,-33306164.786384374
z,-0.0018700000000000001,-1.87,0.0,0.0,1.0,16117.788119981915,420890.570177667,-8551201.41825482,5620743.117070523,4803769.489917824,1873311.1887335242,-223301113.88989922,146776825.56411868,125442850.13320193,48918561.80742131,384228115000000.0,384228116873311.2,-16873311.188733526,-33213002.61642749
z,-0.00186,-1.86,0.0,0.0,1.0,16179.410889894283,422499.75144815346,-8583895.030650565,5586366.406559496,4777138.741452147,1779610.1173610755,-224154855.9207523,145879132.08532917,124747430.21438062,46471706.37895744,384228115000000.0,384228116779610.1,-16779610.117361076,-33119301.54505504
z,-0.00185,-1.85,0.0,0.0,1.0,16241.890292243002,424131.30232121097,-8617043.12454527,5552064.111461978,4750348.968081719,1685369.9549984287,-225020466.01785666,144983381.84748495,124047857.61143574,44010773.441064045,384228115000000.0,384228116685369.94,-16685369.954998428,-33025061.382692393
z,-0.00184,-1.84,0.0,0.0,1.0,16305.22538877463,425785.19829583337,-8650645.202153869,5517835.691529092,4723400.187078809,1590590.6764540349,-225897931.18234184,144089560.74284014,123344132.77540529,41535762.33590363,384228115000000.0,384228116590590.7,-16590590.676454036,-32930282.104147997
z,-0.00183,-1.83,0.0,0.0,1.0,16369.415037267028,427461.40954469424,-8684700.657476857,5483680.609074242,4696292.471671958,1495272.4232693457,-226787235.5894883,143197654.7305589,122636257.6185369,39046676.75960757,384228115000000.0,384228116495272.44,-16495272.423269346,-32834963.85096331
z,-0.00182,-1.82,0.0,0.0,1.0,16434.457888574383,429159.9008369823,-8719208.774732552,5449598.328950556,4669025.951818482,1399415.506036484,-227688360.54778832,142307649.83612618,121924235.53446057,36543524.82279839,384228115000000.0,384228116399415.5,-16399415.506036485,-32739106.933730446
z,-0.00181,-1.81,0.0,0.0,1.0,16500.352383715257,430880.6314623606,-8754168.72681216,5415588.318528541,4641600.8149656635,1303020.4066820452,-228601284.4586026,141419532.1507644,121208071.4180659,34026319.1102277,384228115000000.0,384228116303020.44,-16303020.406682044,-32642711.834376007
z,-0.0018,-1.8,0.0,0.0,1.0,16567.09675100576,432623.55515610374,-8789579.5737588,5381650.047673865,4614017.306800088,1206087.7807151533,-229525982.77644238,140533287.83085304,120487771.68506987,31495076.739480525,384228115000000.0,384228116206087.75,-16206087.780715153,-32545779.208409116
z,-0.00179,-1.79,0.0,0.0,1.0,16634.689003240033,434388.62002547045,-8825440.261271635,5347782.988725321,4586275.731984552,1108618.4594382388,-230462427.96990716,139648903.09735343,119763344.29126006,28949819.41870636,384228115000000.0,384228116108618.44,-16108618.459438238,-32448309.8871322
z,-0.0017800000000000001,-1.78,0.0,0.0,1.0,16703.12693492016,436175.7684773674,-8861749.619236207,5313986.616472931,4558376.454881938,1010613.4521186625,-231410589.4833066,138766364.23523682,119034798.75139743,26390573.503327675,384228115000000.0,384228116010613.44,-16010613.452118663,-32350304.879812624
z,-0.00177,-1.77,0.0,0.0,1.0,16772.40811953771,437984.93714736094,-8898506.360282177,5280260.408136255,4530319.900265527,912073.9481196054,-232370433.69899842,137885657.5929181,118302146.15776503,23817370.051684696,384228115000000.0,384228115912073.94,-15912073.948119605,-32251765.37581357
z,-0.00176,-1.76,0.0,0.0,1.0,16842.529906908996,439816.05683009134,-8935709.078369562,5246603.843342823,4502106.554015135,813001.3189883976,-233341923.90047005,137006769.5816923,117565399.1983466,21230244.87956887,384228115000000.0,384228115813001.3,-15813001.318988398,-32152692.74668236
z,-0.00175,-1.75,0.0,0.0,1.0,16913.489420566308,441669.0524111493,-8973356.247404672,5213016.404106765,4473736.96379855,713397.120500644,-234325020.2361961,136129686.67517698,116824572.17462103,18629238.61360195,384228115000000.0,384228115713397.1,-15713397.120500645,-32053088.548194606
z,-0.00174,-1.74,0.0,0.0,1.0,16985.283555207214,443543.8428004684,-9011446.21988685,5179497.574807562,4445211.739737631,613263.0946583423,-235319679.68429992,135254395.4087569,116079681.0189567,16014396.743413692,384228115000000.0,384228115613263.1,-15613263.094658343,-31952954.522352304
z,-0.00173,-1.73,0.0,0.0,1.0,17057.908974204085,445440.34086729,-9049977.225587161,5146046.842168975,4416531.55505855,512601.17164036434,-236325856.01804993,134380882.3790341,115330743.3115914,13385769.672575593,384228115000000.0,384228115512601.2,-15512601.171640364,-31852292.599334326
z,-0.00172,-1.72,0.0,0.0,1.0,17131.36210717604,447358.45337675855,-9088947.370260198,5112663.695238087,4387697.1467255615,411413.47170345444,-237343499.77222025,133509134.24328047,114577778.29718216,10743412.768242465,384228115000000.0,384228115411413.5,-15411413.471703455,-31751104.899397418
z,-0.0017100000000000001,-1.7100000000000002,0.0,0.0,1.0,17205.63914762545,449298.0809282031,-9128354.634390151,5079347.625364624,4358709.316057794,309702.3070322661,-238372558.2103465,132639137.71889777,113820806.90091194,8087386.409463214,384228115000000.0,384228115309702.3,-15309702.307032267,-31649393.734726228
z,-0.0017000000000000001,-1.7000000000000002,0.0,0.0,1.0,17280.73605064109,451259.11789515795,-9168196.871972227,5046098.126180237,4329568.9293283895,207470.1835364001,-239412975.29290414,131770879.58287668,113059851.7441351,5417756.0341076525,384228115000000.0,384228115207470.2,-15207470.1835364,-31547161.611230362
z,-0.00169,-1.6900000000000002,0.0,0.0,1.0,17356.648530670183,453241.4523671836,-9208471.809330614,5012914.693578097,4300276.918345539,104719.80259302157,-240464691.64644188,130904346.67126383,112294937.15955025,2734592.1843721964,384228115000000.0,384228115104719.8,-15104719.80259302,-31444411.230286986
z,-0.00168,-1.6800000000000002,0.0,0.0,1.0,17433.3720593613,455244.9660935374,-9249177.043974046,4979796.825692526,4270834.281014745,1454.0627332237864,-241527644.5336963,130039525.87863001,111526089.2058829,37970.55081658085,384228115000000.0,384228115001454.06,-15001454.062733224,-31341145.49042719
z,-0.00167,-1.6700000000000002,0.0,0.0,1.0,17510.901863480467,457269.5344287561,-9290310.043490209,4946744.022878889,4241242.081881863,-102323.9387294589,-242601767.8247211,129176404.15754505,110753335.68206602,-2672027.98511009,384228115000000.0,384228114897676.06,-14897676.06127054,-31237367.488964505
z,-0.00166,-1.66,0.0,0.0,1.0,17589.232922902287,459315.0262801968,-9331868.144479938,4913755.7876935,4211501.452656215,-206610.90413022463,-243686991.96905535,128314968.51805303,109976706.14090045,-5395317.310101923,384228115000000.0,384228114793389.1,-14793389.095869776,-31133080.52356374
z,-0.00165,-1.65,0.0,0.0,1.0,17668.35996867846,461381.3040575997,-9373848.551532483,4880831.624873769,4181613.592713388,-311403.3339453271,-244783243.96896413,127455206.02715397,109196231.90218458,-8131806.039625631,384228115000000.0,384228114688596.7,-14688596.666054673,-31028288.093748637
z,-0.00164,-1.64,0.0,0.0,1.0,17748.277481185527,463468.2236247194,-9416248.336242808,4847971.041318461,4151579.7695770245,-416697.525347323,-245890447.35377693,126597103.80828823,108411946.06529559,-10881397.480193108,384228115000000.0,384228114583302.5,-14583302.474652678,-30922993.90234664
z,-0.00163,-1.63,0.0,0.0,1.0,17828.97968835407,465575.63425308315,-9459064.436272092,4815173.546068075,4121401.3193791457,-522489.5708248718,-247008522.15535396,125740649.04082416,107623883.52121012,-13643989.59331968,384228115000000.0,384228114477510.44,-14477510.429175127,-30817201.85686909
z,-0.00162,-1.6199999999999999,0.0,0.0,1.0,17910.46056398126,467703.3785779256,-9502293.654452475,4782438.650285413,4091079.6472984357,-628775.3568686254,-248137384.8847082,124885828.9595507,106832080.96394926,-16419474.961208185,384228115000000.0,384228114371224.6,-14371224.643131375,-30710916.07082534
z,-0.0016099999999999999,-1.6099999999999999,0.0,0.0,1.0,17992.71382612892,469851.2925563567,-9545932.657937149,4749765.867236203,4060616.2279759487,-735550.5627249983,-249276948.50981125,124032630.85417143,106036576.90143418,-19207740.754205655,384228115000000.0,384228114264449.44,-14264449.437275002,-30604140.864968963
z,-0.0016,-1.6,0.0,0.0,1.0,18075.73293560892,472019.20542781096,-9589977.977396803,4717154.712269947,4030012.6059077303,-842810.6592191269,-250427122.4346098,123181042.06880432,105237411.66573876,-22008668.700066756,384228115000000.0,384228114157189.3,-14157189.340780873,-30496880.768474836
z,-0.00159,-1.59,0.0,0.0,1.0,18159.511094558045,474206.93967683095,-9634426.006263519,4684604.702800858,3999270.395813806,-950550.9076488542,-251587812.4792812,122331050.00148407,104434627.42272516,-24822135.055071943,384228115000000.0,384228114049449.06,-14049449.092351146,-30389140.52004511
z,-0.00158,-1.58,0.0,0.0,1.0,18244.04124510413,476414.3109982369,-9679273.000023093,4652115.358288932,3968391.282983036,-1058766.3587511238,-252758920.86175337,121482642.1036677,103628268.18104912,-27648010.577036478,384228115000000.0,384228113941233.6,-13941233.641248876,-30280925.068942837
z,-0.00157,-1.57,0.0,0.0,1.0,18329.316068125478,478641.1282647301,-9724515.075556865,4619686.200221152,3937377.023593328,-1167451.8517423854,-253940346.180518,120635805.8797439,102818379.80052195,-30486160.50025214,384228115000000.0,384228113832548.1,-13832548.148257615,-30172239.575951576
z,-0.00156,-1.56,0.0,0.0,1.0,18415.32798210536,480887.1934969801,-9770148.210533975,4587316.7520928215,3906229.445006694,-1276602.0134344574,-255131983.39876005,119790528.88654536,102005009.9998153,-33336444.51239935,384228115000000.0,384228113723398.0,-13723397.986565543,-30063089.414259505
z,-0.00155,-1.55,0.0,0.0,1.0,18502.069142083557,483152.30183624633,-9816168.242855102,4555006.539389058,3874950.446038695,-1386211.2574273483,-256333723.82983202,118946798.73286569,101188208.3634973,-36198716.73346901,384228115000000.0,384228113613788.75,-13613788.742572652,-29953480.170266613
z,-0.0015400000000000001,-1.54,0.0,0.0,1.0,18589.53143870666,485436.2415195772,-9862570.87014861,4522755.0895663705,3843541.9972017286,-1496273.7833805126,-257545455.1240965,118104603.07897826,100368026.34838581,-39072825.69673249,384228115000000.0,384228113503726.2,-13503726.216619488,-29843417.64431345
z,-0.0015300000000000001,-1.53,0.0,0.0,1.0,18677.706497378946,487738.7938576377,-9909351.649320066,4490561.932034353,3812006.140921747,-1606783.5763639666,-258767061.2571626,117263929.63615814,99544517.28920746,-41958614.33179702,384228115000000.0,384228113393216.44,-13393216.423636034,-29732907.851329997
z,-0.00152,-1.52,0.0,0.0,1.0,18766.585677515628,490059.7332152084,-9956505.996156024,4458426.598137576,3780344.9917279063,-1717734.4062905419,-259998422.51953936,116424766.16620931,98717736.40355013,-44855919.94977992,384228115000000.0,384228113282265.56,-13282265.593709458,-29621957.02140342
z,-0.00151,-1.51,0.0,0.0,1.0,18856.160071900125,492398.826994402,-10004029.184983056,4426348.621137515,3748560.736414693,-1829119.8274308504,-261239415.50773188,115587100.48099263,97887740.79609664,-47764574.23064266,384228115000000.0,384228113170880.2,-13170880.17256915,-29510571.60026311
z,-0.0015,-1.5,0.0,0.0,1.0,18946.420506147064,494755.83562064025,-10051916.348382846,4394327.536194695,3716655.634176112,-1940933.1780120379,-262489913.11680153,114750920.44195971,97054589.46212885,-50684403.21271294,384228115000000.0,384228113059066.8,-13059066.821987962,-29398758.249681924
z,-0.00149,-1.49,0.0,0.0,1.0,19037.357538272634,497130.5125314346,-10100162.476964224,4362362.880350822,3684632.0167114455,-2053167.5799019553,-263749784.53441292,113916213.95968615,96218343.29028936,-53615227.28443736,384228115000000.0,384228112946832.44,-12946832.420098044,-29286523.847792007
z,-0.00148,-1.48,0.0,0.0,1.0,19128.961458373884,499522.6041680113,-10148762.419193046,4330454.192511176,3652492.288302231,-2165815.9383796384,-265018895.2363914,113082968.9934119,95379065.06459168,-56556861.17838778,384228115000000.0,384228112834184.06,-12834184.061620362,-29173875.489314325
z,-0.00147,-1.47,0.0,0.0,1.0,19221.2222884185,501931.84996982216,-10197710.881280644,4298601.013427027,3620238.9258599887,-2278870.9419936296,-266297106.98381025,112251173.55058199,94536819.46566656,-59509113.96756171,384228115000000.0,384228112721129.06,-12721129.05800637,-29060820.48570033
z,-0.00146,-1.46,0.0,0.0,1.0,19314.129782146585,504357.98237197933,-10247002.427131725,4266802.885678213,3587874.478944337,-2392325.0625091745,-267584277.82163012,111420815.68639167,93691673.07123506,-62471789.064003356,384228115000000.0,384228112607674.94,-12607674.937490825,-28947366.365184788
z,-0.00145,-1.45,0.0,0.0,1.0,19407.67342508587,506800.72680565267,-10296631.478352437,4235059.353655817,3555401.5697510913,-2506170.5549455304,-268880262.0789095,110591883.50333388,92843694.35579777,-65444684.21977792,384228115000000.0,384228112493829.44,-12493829.44505447,-28833520.872748435
z,-0.0014399999999999999,-1.44,0.0,0.0,1.0,19501.842434681766,509259.8017014658,-10346592.314319361,4203369.963544951,3522822.8930699727,-2620399.4577044356,-270184910.3706067,109764365.1507499,91992953.68953039,-68427591.53032637,384228115000000.0,384228112379600.56,-12379600.542295564,-28719291.969989527
z,-0.0014299999999999998,-1.43,0.0,0.0,1.0,19596.625760543622,511734.91849592683,-10396879.07231018,4171734.263307678,3490141.216211596,-2735003.592790907,-271498069.6009916,108938248.82438326,91139523.3363772,-71420297.44023116,384228115000000.0,384228112264996.44,-12264996.407209093,-28604687.834903058
z,-0.00142,-1.42,0.0,0.0,1.0,19692.012084808455,514225.78164092655,-10447485.747696633,4140151.802666013,3457359.3789033378,-2849974.566127281,-272819582.9686846,108113522.7659358,90283477.4513318,-74422582.75141704,384228115000000.0,384228112150025.44,-12150025.433872718,-28489716.86156668
z,-0.00141,-1.41,0.0,0.0,1.0,19787.98982262347,516732.0886163386,-10498406.194200525,4108622.133085077,3424480.2931537996,-2965303.7679616497,-274149289.9733421,107290175.26262785,89424892.07689773,-77434222.63381656,384228115000000.0,384228112034696.25,-12034696.23203835,-28374387.659732312
z,-0.0014,-1.4,0.0,0.0,1.0,19884.547122748438,519253.52994574973,-10549634.124213321,4077144.807756279,3391506.943085545,-3080982.3733714963,-275487026.42400163,106468194.64675905,88563845.13872077,-80454986.63852184,384228115000000.0,384228111919017.6,-11919017.626628503,-28258709.054322466
z,-0.00139,-1.39,0.0,0.0,1.0,19981.67186827923,521789.78921535367,-10601163.109179994,4045719.381580733,3358442.3847357873,-3197001.3428634736,-276832624.4491061,105647569.29527524,87700416.44038409,-83484638.71344677,384228115000000.0,384228111802998.7,-11802998.657136526,-28142690.08483049
z,-0.0013800000000000002,-1.3800000000000001,0.0,0.0,1.0,20079.35167749344,524340.5430960332,-10652986.580047678,4014345.4111526683,3325289.7458247337,-3313351.4230702748,-278185912.5082191,104828287.62933531,86834687.65735903,-86522937.22152473,384228115000000.0,384228111686648.56,-11686648.576929726,-28026340.00462369
z,-0.0013700000000000001,-1.37,0.0,0.0,1.0,20177.573904819186,526905.461368659,-10705097.827779666,3983022.454742971,3292052.225491366,-3430023.147545329,-279546715.4054476,104010338.11388141,85966742.33010536,-89569634.9614608,384228115000000.0,384228111569976.9,-11569976.852454672,-27909668.280148633
z,-0.00136,-1.36,0.0,0.0,1.0,20276.32564192804,529484.2069526298,-10757490.003935244,3951750.0722829057,3258733.0939963674,-3547006.837655971,-280914854.304583,103193709.25721385,85096665.85631374,-92624479.19105543,384228115000000.0,384228111452993.2,-11452993.16234403,-27792684.590037994
z,-0.00135,-1.35,0.0,0.0,1.0,20375.593718952954,532076.4359376765,-10810156.12131586,3920527.8253478077,3225335.6923919218,-3664292.60357613,-282290146.74597514,102378389.6105652,84224545.48228294,-95687211.653127,384228115000000.0,384228111335707.4,-11335707.39642387,-27675398.824117832
z,-0.00134,-1.34,0.0,0.0,1.0,20475.36470583206,534681.797618953,-10863089.054678073,3889355.277141004,3191863.432158266,-3781870.345378804,-283672406.6651497,101564367.76768053,83350470.29342915,-98757568.60404003,384228115000000.0,384228111218129.6,-11218129.654621195,-27557821.082315158
z,-0.00133,-1.33,0.0,0.0,1.0,20575.624913779044,537299.9345354337,-10916281.541513652,3858231.992477762,3158319.7948066792,-3899729.7542292103,-285061444.4131791,100751632.36439814,82474531.20391852,-101835280.84486245,384228115000000.0,384228111100270.25,-11100270.24577079,-27439961.673464753
z,-0.00132,-1.32,0.0,0.0,1.0,20676.360396880886,539930.4825116348,-10969726.182897238,3827157.5377693484,3124708.3314487995,-4017860.313679089,-286457066.7788182,99940172.07823332,81596820.94542061,-104920073.7551642,384228115000000.0,384228110982139.7,-10982139.686320912,-27321831.114014875
z,-0.00131,-1.31,0.0,0.0,1.0,20777.556953823463,542573.0707026765,-11023415.444401866,3796131.4810072053,3091032.662332064,-4136251.301062596,-287859077.0124113,99129975.6279652,80717434.05497716,-108011667.32946894,384228115000000.0,384228110863748.7,-10863748.698937405,-27203440.126631368
z,-0.0013,-1.3,0.0,0.0,1.0,20879.200129745754,545227.3216427026,-11077341.65708269,3765153.3917472153,3057296.4763411353,-4254891.788994339,-289267274.85158104,98321031.77322575,79836466.86198258,-111109776.21637271,384228115000000.0,384228110745108.2,-10745108.211005662,-27084799.638699625
z,-0.00129,-1.2899999999999998,0.0,0.0,1.0,20981.27521822296,547892.8512966657,-11131497.018529128,3734222.841094052,3023503.530465186,-4373770.646969891,-290681456.5487031,97513329.31409119,78954017.47427298,-114214109.76033892,384228115000000.0,384228110626229.4,-10626229.353030108,-26965920.78072407
z,-0.0012799999999999999,-1.2799999999999998,0.0,0.0,1.0,21083.767263379097,550569.2691154955,-11185873.593985688,3703339.401685647,2989657.649230905,-4492876.543069135,-292101414.9001748,96706857.09067637,78070185.76331994,-117324372.04617849,384228115000000.0,384228110507123.44,-10507123.456930865,-26846814.884624828
z,-0.0012699999999999999,-1.2699999999999998,0.0,0.0,1.0,21186.66106212936,553256.1780946534,-11240463.317541616,3672502.647677739,2955762.72410116,-4612197.945762717,-293526939.2774813,95901603.98273121,77185073.34852766,-120440261.94622248,384228115000000.0,384228110387802.06,-10387802.054237284,-26727493.481931247
z,-0.0012599999999999998,-1.2599999999999998,0.0,0.0,1.0,21289.94116655252,555953.1748360847,-11295257.993389599,3641712.154728489,2921822.7128392486,-4731723.125821861,-294957815.6600643,95097558.9092391,76298783.58063123,-123561473.17019396,384228115000000.0,384228110268276.9,-10268276.874178138,-26607968.3018721
z,-0.00125,-1.25,0.0,0.0,1.0,21393.59188639361,558659.8496135722,-11350249.297153506,3610967.4999832627,2887841.6388386195,-4851440.158331624,-296393826.66999376,94294710.82801935,75411421.52419353,-126687694.31778085,384228115000000.0,384228110148559.8,-10148559.841668375,-26488251.269362338
z,-0.00124,-1.24,0.0,0.0,1.0,21497.597291696944,561375.7864414928,-11405428.777285367,3580268.2620594027,2853823.5904181227,-4971336.924807841,-297834751.60844815,93493048.73532969,74523093.93920165,-129818608.93391678,384228115000000.0,384228110028663.06,-10028663.075192159,-26368354.502886124
z,-0.00123,-1.23,0.0,0.0,1.0,21601.941215569645,564100.5631469832,-11460787.8565315,3549614.0210311906,2819772.720082698,-5091401.115417613,-299280366.49399996,92692561.66547346,73633909.26176101,-132953895.56676549,384228115000000.0,384228109908598.9,-9908598.884582387,-26248290.31227635
z,-0.00122,-1.22,0.0,0.0,1.0,21706.607257075524,566833.7514455088,-11516317.833467891,3519004.3584148325,2785693.243749551,-5211620.231303508,-300730444.1027095,91893238.6904076,72743977.58388816,-136093227.8284137,384228115000000.0,384228109788379.75,-9788379.76869649,-26128071.196390454
z,-0.0012100000000000001,-1.2100000000000002,0.0,0.0,1.0,21811.578784259338,569574.9170198373,-11572009.88410465,3488438.8571535335,2751589.439939822,-5331981.587011294,-302184754.01002294,91095068.9193529,71853410.6324025,-139236274.45826754,384228115000000.0,384228109668018.44,-9668018.412988706,-26007709.84068267
z,-0.0012000000000000001,-1.2000000000000002,0.0,0.0,1.0,21916.838937301098,572323.6196024088,-11627855.063559549,3457917.101602693,2717465.6489357813,-5452472.313021076,-303643062.6344741,90298041.4984073,70962321.74691774,-142382699.3891491,384228115000000.0,384228109547527.7,-9547527.686978925,-25887219.114672888
z,-0.00119,-1.1900000000000002,0.0,0.0,1.0,22022.37063180039,575079.4130611003,-11683844.307800477,3427438.677515199,2683326.271903692,-5573079.358381587,-305105133.2831859,89502145.61016203,70070825.85693686,-145532161.816087,384228115000000.0,384228109426920.6,-9426920.641618412,-25766612.069312375
z,-0.00118,-1.1800000000000002,0.0,0.0,1.0,22128.15656219007,577841.8454883692,-11739968.435456563,3397003.1720267185,2649175.7699823105,-5693789.493447537,-306570726.19916475,88707370.47331737,69179039.45804977,-148684316.2677977,384228115000000.0,384228109306210.5,-9306210.506552463,-25645901.93424643
z,-0.00117,-1.17,0.0,0.0,1.0,22234.179205279237,580610.4592937722,-11796218.149697889,3366610.1736411634,2615018.663337241,-5814589.312719484,-308039598.6103867,87913705.34230313,68287080.58723922,-151838812.68084437,384228115000000.0,384228109185410.7,-9185410.687280517,-25525102.11497448
z,-0.00116,-1.16,0.0,0.0,1.0,22340.42082392471,583384.7912998404,-11852584.040183356,3336259.272216232,2580859.5301812305,-5935465.237785894,-309511504.7806626,87121139.50690114,67395068.7972974,-154995296.47646406,384228115000000.0,384228109064534.75,-9064534.762214106,-25404226.18990807
z,-0.00115,-1.15,0.0,0.0,1.0,22446.86347083065,586164.3728413002,-11909056.585076561,3305950.0589489522,2546703.0057605444,-6056403.520367065,-310986196.06227946,86329662.29186773,66503125.13035671,-158153408.64005503,384228115000000.0,384228108943596.5,-8943596.479632935,-25283287.9073269
z,-0.00114,-1.14,0.0,0.0,1.0,22553.488992475504,588948.7298676193,-11965626.15312922,3275682.1263613896,2512553.7813076307,-6177390.245460199,-312463420.950406,85539263.05656046,65611372.090540215,-161312785.80330533,384228115000000.0,384228108822609.75,-8822609.7545398,-25162301.182233766
z,-0.00113,-1.13,0.0,0.0,1.0,22660.2790331656,591737.38304886,-12022283.005831763,3245455.068286413,2478416.6029602443,-6298411.334585107,-313942925.139252,84749931.19456644,64719933.61573637,-164473060.3289492,384228115000000.0,384228108701588.7,-8701588.665414892,-25041280.093108855
z,-0.00112,-1.1199999999999999,0.0,0.0,1.0,22767.215039214585,594529.8478848186,-12079017.299630733,3215268.479853527,2444296.2706472776,-6419452.549129929,-315424451.57997197,83961656.13333242,63828935.048504174,-167633860.39813542,384228115000000.0,384228108580547.44,-8580547.45087007,-24920238.878564034
z,-0.0011099999999999999,-1.1099999999999999,0.0,0.0,1.0,22874.278263247754,597325.6348174259,-12135819.088212404,3185121.957474788,2410197.6369414907,-6540499.493796126,-316907740.5402985,83174427.33379689,62938503.106114045,-170794810.10038757,384228115000000.0,384228108459500.5,-8459500.506203875,-24799191.933897838
z,-0.0010999999999999998,-1.0999999999999999,0.0,0.0,1.0,22981.449768630293,600124.2493463843,-12192678.32485217,3155015.098830774,2376125.605879454,-6661537.620141943,-318392529.66589254,82388234.29002385,62048765.849732496,-173955529.52613622,384228115000000.0,384228108338462.4,-8338462.379858057,-24678153.80755202
z,-0.0010899999999999998,-1.0899999999999999,0.0,0.0,1.0,23088.71043401836,602925.1921480119,-12249584.8648291,3124947.5028566886,2342085.131748948,-6782552.230223462,-319878554.043396,81603066.52883983,61159852.65275699,-177115634.8617991,384228115000000.0,384228108217447.75,-8217447.769776538,-24557139.1974705
z,-0.00108,-1.08,0.0,0.0,1.0,23196.040958031925,605727.9591972654,-12306528.467905067,3094918.769728518,2308081.2178441817,-6903528.480332368,-321365546.26517,80818913.60947245,60271894.16831047,-180274738.48738706,384228115000000.0,384228108096471.5,-8096471.519667632,-24436162.947361596
z,-0.00107,-1.07,0.0,0.0,1.0,23303.42186404792,608532.0418929075,-12363498.800867759,3064928.500849168,2274118.915189067,-7024451.384829523,-322853236.4957018,80035765.12318838,59385022.295901604,-183432449.07661176,384228115000000.0,384228107975548.6,-7975548.615170477,-24315240.042864442
z,-0.00106,-1.06,0.0,0.0,1.0,23410.8335051127,611336.9271857863,-12420485.440136923,3034976.2988348505,2240203.321228986,-7145305.820073083,-324341352.53966266,79253610.69293788,58499370.14726245,-186588371.69946226,384228115000000.0,384228107854694.2,-7854694.179926917,-24194385.60762088
z,-0.00105,-1.05,0.0,0.0,1.0,23518.256068972056,614142.0977101872,-12477477.874433033,3005061.767501402,2206339.5784913963,-7266076.528440235,-325829619.91159594,78472439.9729975,57615072.0113722,-189742107.92722628,384228115000000.0,384228107733923.5,-7733923.471559765,-24073614.899253726
z,-0.00104,-1.0399999999999998,0.0,0.0,1.0,23625.66958321759,616947.0319182217,-12534465.50750766,2975184.5118507124,2172532.873215629,-7386748.122441321,-327317761.90721625,77692242.64861569,56732263.31867658,-192893255.93992406,384228115000000.0,384228107613251.9,-7613251.877558679,-23952943.30525264
z,-0.00103,-1.03,0.0,0.0,1.0,23733.05392054767,619751.2042172095,-12591437.660934655,2945344.1380572594,2138788.4339523697,-7507305.088925024,-328805499.676297,76913008.43566121,55851080.60451551,-196041410.6361202,384228115000000.0,384228107492694.94,-7492694.911074976,-23832386.33876894
z,-0.0010199999999999999,-1.0199999999999998,0.0,0.0,1.0,23840.388804141505,622554.0851100136,-12648383.5769613,2915540.2534546787,2105111.530133184,-7627731.793373438,-330292552.29712343,76134727.08027238,54971661.47176844,-199186163.74508262,384228115000000.0,384228107372268.2,-7372268.206626562,-23711959.634320527
z,-0.00101,-1.01,0.0,0.0,1.0,23947.653813144352,625355.141338278,-12705292.421418509,2885772.466522376,2071507.4706105946,-7748012.484285537,-331778636.85248816,75357388.35850748,54094144.552730866,-202327103.94124982,384228115000000.0,384228107251987.5,-7251987.515714463,-23591678.943408426
z,-0.001,-1.0,0.0,0.0,1.0,24054.828388262402,628153.8360285291,-12762153.286689105,2856040.3868722846,2037981.6021691924,-7868131.297647626,-333263468.50720304,74580982.07599899,53218669.47023431,-205463816.96096975,384228115000000.0,384228107131868.7,-7131868.702352374,-23471560.130046338
z,-0.00099,-0.99,0.0,0.0,1.0,24161.89183746501,630949.6288410806,-12818955.194733147,2826343.62523564,2004539.3080082356,-7988072.261489271,-334746760.5871006,73805498.06760816,52345376.79802178,-208595885.72147068,384228115000000.0,384228107011927.75,-7011927.738510729,-23351619.16620469
z,-0.00098,-0.98,0.0,0.0,1.0,24268.82334179272,633741.9761217008,-12875687.100169329,2796681.7934497907,1971186.0061963259,-8107819.300523215,-336228224.6595001,73030926.19708067,51474408.02039411,-211722890.4420254,384228115000000.0,384228106892180.7,-6892180.699476785,-23231872.12717075
z,-0.0009699999999999999,-0.97,0.0,0.0,1.0,24375.60196126876,636530.3310559823,-12932337.89341129,2767054.5044451393,1937927.148098654,-8227356.2408674965,-337707570.6151071,72257256.35670556,50605905.49113993,-214844408.76726162,384228115000000.0,384228106772643.75,-6772643.7591325035,-23112335.186826468
z,-0.0009599999999999999,-0.96,0.0,0.0,1.0,24482.206640911914,639314.143826358,-12988896.403857712,2737461.3722321535,1904768.2167774145,-8346666.814848141,-339184506.75131816,71484478.46697608,49740012.39176506,-217960015.89257693,384228115000000.0,384228106653333.2,-6653333.185151859,-22993024.612845823
z,-0.0009499999999999999,-0.9499999999999998,0.0,0.0,1.0,24588.616216848695,642092.8617717113,-13045351.403135084,2707902.0118883,1871714.7253659351,-8465734.665880848,-340658739.8569001,70712582.47624843,48876872.68903544,-221069284.6916162,384228115000000.0,384228106534265.3,-6534265.334119152,-22873956.761813115
z,-0.0009399999999999999,-0.9399999999999998,0.0,0.0,1.0,24694.809422522347,644865.9295495142,-13101691.608391896,2678376.0395452897,1838772.215417185,-8584543.353429422,-342129975.29801303,69941558.3604088,48016631.09185105,-224171785.84575322,384228115000000.0,384228106415456.6,-6415456.646570578,-22755148.07426454
z,-0.00093,-0.93,0.0,0.0,1.0,24800.76489499649,647632.7893004374,-13157905.685642948,2648883.072376122,1805946.2552272414,-8703076.358039584,-343597917.10554147,69171396.12253493,47159433.00746586,-227267087.9755407,384228115000000.0,384228106296923.6,-6296923.641960416,-22636615.06965438
z,-0.00092,-0.92,0.0,0.0,1.0,24906.461181350813,650392.8808153631,-13213982.253162583,2619422.7285823952,1773242.4381343534,-8821317.086445834,-345062268.06370336,68402085.79256481,46305424.497070625,-230354757.77406794,384228115000000.0,384228106178682.94,-6178682.9135541655,-22518374.34124813
z,-0.00091,-0.91,0.0,0.0,1.0,25011.876745166388,653145.6417047393,-13269909.884925423,2589994.627381531,1740666.3807943359,-8939248.876749558,-346522729.7998994,67633617.42696305,45454752.23075747,-233434360.14217892,384228115000000.0,384228106060751.1,-6060751.123250442,-22400442.550944403
z,-0.0009,-0.9,0.0,0.0,1.0,25116.989973098054,655890.5075702067,-13325677.114093322,2560598.3889941955,1708223.721432902,-9056855.003666224,-347979002.8757693,66865981.108392425,44607563.44188231,-236505458.32549453,384228115000000.0,384228105943145.0,-5943144.996333776,-22282836.42402774
z,-0.00089,-0.8899999999999999,0.0,0.0,1.0,25221.779181531132,658626.9121784287,-13381272.436547017,2531233.634631617,1675920.1180756777,-9174118.683839722,-349430786.8794154,66099166.945382655,43764005.880844556,-239567614.05318817,384228115000000.0,384228105825881.3,-5825881.316160278,-22165572.74385424
z,-0.0008799999999999999,-0.8799999999999999,0.0,0.0,1.0,25326.222623319733,661354.2876370515,-13436684.314461134,2501899.986483124,1643761.246756614,-9291023.081221396,-350877780.5187582,65333165.072004996,42924227.768302515,-242620387.67845064,384228115000000.0,384228105708976.94,-5708976.918778604,-22048668.34647257
z,-0.0008699999999999999,-0.8699999999999999,0.0,0.0,1.0,25430.298494604,664072.064572726,-13491901.179921033,2472597.0677036303,1611752.7997055475,-9407551.312511856,-352319681.71598434,64567965.64754546,42088377.74784449,-245663338.32059443,384228115000000.0,384228105592448.7,-5592448.687488144,-21932140.11518211
z,-0.0008599999999999999,-0.8599999999999999,0.0,0.0,1.0,25533.984941703267,666779.6723111105,-13546911.4385799,2443324.502401233,1579900.483515659,-9523686.452663008,-353756187.70304644,63803558.856180914,41256604.83813481,-248696024.0087307,384228115000000.0,384228105476313.56,-5476313.547336992,-21816004.975030955
z,-0.0008499999999999998,-0.8499999999999999,0.0,0.0,1.0,25637.26006808224,669476.5390587834,-13601703.473354664,2414081.9156248257,1548210.0172915845,-9639411.540438255,-355186995.1181752,63039934.90665565,40429058.384554684,-251718001.8269649,384228115000000.0,384228105360588.44,-5360588.459561745,-21700279.887255706
z,-0.00084,-0.8400000000000001,0.0,0.0,1.0,25740.101941387322,672162.0920869842,-13656265.648159046,2384868.933351811,1516687.1307790505,-9754709.584028184,-356611800.1033629,62277084.0319605,39605888.01036061,-254728828.06104183,384228115000000.0,384228105245290.44,-5245290.415971816,-21584981.84366578
z,-0.00083,-0.83,0.0,0.0,1.0,25842.48860054982,674835.757917103,-13710586.311672127,2355685.1824758113,1485337.5624767232,-9869563.566719592,-358030298.40277326,61514996.48901194,38787243.56737825,-257728058.34638304,384228115000000.0,384228105130436.44,-5130436.433280408,-21470127.86097437
z,-0.00082,-0.82,0.0,0.0,1.0,25944.39806295309,677496.9625078393,-13764653.801140862,2326530.290794518,1454167.057731239,-9983956.452615105,-359442185.4620378,60753662.55833476,37973275.086257204,-260715247.81744584,384228115000000.0,384228105016043.56,-5016043.547384895,-21355734.97507886
z,-0.00081,-0.8099999999999999,0.0,0.0,1.0,26045.808331660337,680145.1314439448,-13818456.446214722,2297403.8869974716,1423181.3668161137,-10097871.192401135,-360847156.52839214,59993072.543743014,37164132.72630474,-263689951.25834432,384228115000000.0,384228104902128.8,-4902128.807598865,-21241820.23529283
z,-0.0007999999999999999,-0.7999999999999999,0.0,0.0,1.0,26146.697402699894,682779.6901264659,-13871982.572810857,2268305.600654031,1392386.2429955457,-10211290.72916128,-362244906.7516079,59233216.77202579,36359966.72492506,-266651723.25465703,384228115000000.0,384228104788709.25,-4788709.270838721,-21128400.698532686
z,-0.0007899999999999999,-0.7899999999999999,0.0,0.0,1.0,26247.043272404615,685400.0639644017,-13925220.507007997,2239235.0622012764,1361787.440573839,-10324198.004232882,-363635131.2856763,58474085.59263133,35560927.34668311,-269600118.3463619,384228115000000.0,384228104675802.0,-4675801.995767118,-21015493.42346108
z,-0.0007799999999999999,-0.7799999999999999,0.0,0.0,1.0,26346.823944802094,688005.6785676872,-13978158.578967256,2210191.902932036,1331390.7129314342,-10436575.96310379,-365017525.39119357,57715669.37735446,34767164.83201857,-272534691.18182063,384228115000000.0,384228104563424.06,-4563424.03689621,-20903115.464590173
z,-0.0007699999999999999,-0.7699999999999998,0.0,0.0,1.0,26446.01743905225,690595.959941414,-14030785.126878135,2181175.754982941,1301201.810548414,-10548407.561346782,-366391784.53840446,56957958.520024486,33978829.34563289,-275454996.67274714,384228115000000.0,384228104451592.44,-4451592.438653218,-20791283.86634718
z,-0.00076,-0.76,0.0,0.0,1.0,26544.601796928924,693170.3346812004,-14083088.500927806,2152186.2513225083,1271226.4790164053,-10659675.770588893,-367757604.510854,56200943.4361942,33196070.924573194,-278360590.15008664,384228115000000.0,384228104340324.25,-4340324.229411107,-20680015.65710507
z,-0.00075,-0.75,0.0,0.0,1.0,26642.5550903418,695728.2301696151,-14135057.067291852,2123223.0257393117,1241470.4570397898,-10770363.584512752,-369114681.50959945,55444614.56283078,32419039.426037095,-281251027.52073157,384228115000000.0,384228104229636.44,-4229636.415487248,-20569327.84318121
z,-0.00074,-0.74,0.0,0.0,1.0,26739.855428895324,698269.0747735655,-14186679.2121446,2094285.71283016,1211939.4744272137,-10880454.024887225,-370462712.2579334,54688962.35800728,31647884.47492412,-284125865.4250019,384228115000000.0,384228104119546.0,-4119545.9751127753,-20459237.402806737
z,-0.00073,-0.73,0.0,0.0,1.0,26836.480967480813,700792.2980425544,-14237943.345687062,2065373.947988359,1182639.2500742718,-10989930.147624433,-371801394.1065675,53933977.30059595,30882755.41115671,-286984661.3948149,384228115000000.0,384228104010069.9,-4010069.852375567,-20349761.28006953
z,-0.0007199999999999999,-0.72,0.0,0.0,1.0,26932.409913898315,703297.3309077122,-14288837.906190686,2036487.3673919823,1153575.489938422,-11098775.048860282,-373130425.1392286,53179649.88996203,30123801.236798298,-289826974.0124683,384228115000000.0,384228103901224.94,-3901224.9511397183,-20240916.37883368
z,-0.0007099999999999999,-0.71,0.0,0.0,1.0,27027.620536504324,705783.6058815055,-14339351.3640548,2007625.6079922295,1124753.8850070296,-11206971.871055542,-374449504.27861214,52425970.64565973,29371170.56299199,-292652363.0699605,384228115000000.0,384228103793028.1,-3793028.1289444584,-20132719.55663842
z,-0.0006999999999999999,-0.6999999999999998,0.0,0.0,1.0,27122.09117188186,708250.5572580287,-14389472.225875929,1978788.3075017787,1096180.1092595665,-11314503.809114583,-375758331.3926464,51672930.107128054,28625011.556746658,-295460389.7287716,384228115000000.0,384228103685496.2,-3685496.190885417,-20025187.61857938
z,-0.0006899999999999999,-0.6899999999999998,0.0,0.0,1.0,27215.800232528985,710697.6213137774,-14439189.038526885,1949975.104383226,1067859.8176249582,-11421354.116518702,-377056607.40101105,50920518.833388954,27885471.88759623,-298250616.6800259,384228115000000.0,384228103578645.9,-3578645.8834812976,-19918337.31117526
z,-0.0006799999999999998,-0.6799999999999998,0.0,0.0,1.0,27308.726214562026,713124.2365088065,-14488490.393243702,1921185.6378375643,1039798.6439350727,-11527506.111471066,-378344034.38186127,50168727.40274642,27152698.674158324,-301022608.30495656,384228115000000.0,384228103472493.9,-3472493.8885289337,-19812185.3162229
z,-0.00067,-0.67,0.0,0.0,1.0,27400.84770542972,715529.8436881719,-14537364.929718278,1892419.5477926787,1012002.1988753644,-11632943.183050236,-379620315.67870075,49417546.4124861,26426838.430618532,-303775930.8355961,384228115000000.0,384228103367056.8,-3367056.8169497643,-19706748.244643725
z,-0.00066,-0.66,0.0,0.0,1.0,27492.14339163439,717913.886283558,-14585801.340194855,1863676.4748918759,984476.0679337056,-11737648.797369273,-380885156.00735426,48666966.478575744,25708037.01316741,-306510152.5156111,384228115000000.0,384228103262351.2,-3262351.2026307266,-19602042.63032469
z,-0.00065,-0.65,0.0,0.0,1.0,27582.592066456302,720275.8105149862,-14633788.373568095,1834956.0604825218,957225.809348423,-11841606.503737152,-382138261.5629831,47916978.23536849,24996439.566416673,-309224843.7611979,384228115000000.0,384228103158393.5,-3158393.4962628484,-19498084.92395681
z,-0.0006399999999999999,-0.6399999999999999,0.0,0.0,1.0,27672.17263767727,722615.0655925046,-14681314.83948082,1806257.9466046526,930256.9520565654,-11944799.940819602,-383379340.1270906,47167572.33530548,24292190.469821475,-311919577.32196367,384228115000000.0,384228103055200.06,-3055200.0591803975,-19394891.48687436
z,-0.0006299999999999999,-0.6299999999999999,0.0,0.0,1.0,27760.86413529965,724931.1039177581,-14728369.612419259,1777581.7759796332,903574.99364348,-12047212.842796147,-384608101.1744633,46418739.44861966,23595433.284136813,-314593928.44170684,384228115000000.0,384228102952787.2,-2952787.157203853,-19292478.584897816
z,-0.0006199999999999999,-0.6199999999999999,0.0,0.0,1.0,27848.64571925671,727223.381285332,-14774941.635803763,1748927.1919988866,877185.398294673,-12148829.045510205,-385824255.97999334,45670470.2630415,22906310.697933603,-317247475.0190183,384228115000000.0,384228102851170.94,-2851170.9544897955,-19190862.38218376
z,-0.0006099999999999999,-0.6099999999999999,0.0,0.0,1.0,27935.496687110463,729491.3570837687,-14821019.92607283,1720293.8387126413,851093.5947510727,-12249632.492609115,-387027517.72532654,44922755.483505115,22224964.474203624,-319879797.76761776,384228115000000.0,384228102750367.5,-2750367.5073908847,-19090058.93508485
z,-0.0005999999999999998,-0.5999999999999999,0.0,0.0,1.0,28021.39648173305,731734.4944961548,-14866593.576758422,1691681.360818724,825304.9742687336,-12349607.241670964,-388217601.60528255,44175585.83185565,21551535.397080395,-322490480.37634647,384228115000000.0,384228102650392.75,-2650392.7583290357,-18990084.186022997
z,-0.00059,-0.5900000000000001,0.0,0.0,1.0,28106.324698967495,733952.2607001703,-14911651.762550347,1663089.4036513763,799824.8885839697,-12448737.470315006,-389394224.93398994,43428952.0465572,20886163.218701854,-325079109.66873103,384228115000000.0,384228102551262.5,-2551262.5296849944,-18890953.957378957
z,-0.00058,-0.58,0.0,0.0,1.0,28190.26109526417,736144.127067502,-14956183.743347729,1634517.613170097,774658.6478850989,-12547007.482292533,-390557107.2506842,42682844.88240149,20228986.60624568,-327645275.76203704,384228115000000.0,384228102452992.5,-2452992.517707467,-18792683.94540143
z,-0.00057,-0.57,0.0,0.0,1.0,28273.18559528856,738309.5693625086,-15000178.868295273,1605965.6359485819,749811.5187917266,-12644401.713554965,-391705970.4251078,41937255.11021898,19580143.089161444,-330188572.2257274,384228115000000.0,384228102355598.3,-2355598.2864450347,-18695289.714139
z,-0.00056,-0.5599999999999999,0.0,0.0,1.0,28355.078299496752,740448.0679400427,-15043626.579802388,1577433.119163635,725288.7223427339,-12740904.738296023,-392840538.7624638,41192173.51658939,18939769.006630138,-332708596.2392444,384228115000000.0,384228102259095.25,-2259095.2617039774,-18598786.68939794
z,-0.0005499999999999999,-0.5499999999999999,0.0,0.0,1.0,28435.91949167432,742559.1079423168,-15086516.41754292,1548919.7105841173,701095.4319939547,-12836501.274964847,-393960539.10786235,40447590.90355306,18307999.45527665,-335204948.7490326,384228115000000.0,384228102163498.75,-2163498.7250351533,-18503190.152729116
z,-0.0005399999999999999,-0.5399999999999999,0.0,0.0,1.0,28515.68964643479,744642.1794947135,-15128838.022433385,1520425.058559985,677236.771626676,-12931176.192246726,-395065700.95020586,39703498.08832472,17684968.23716491,-337677234.6247163,384228115000000.0,384228102068823.8,-2068823.8077532742,-18408515.235447235
z,-0.0005299999999999999,-0.5299999999999999,0.0,0.0,1.0,28594.369436673613,746696.7779004354,-15170581.140587674,1491948.812011269,653717.813567935,-13024914.515008474,-396155756.52546006,38959885.90300569,17070807.808101073,-340125062.8143534,384228115000000.0,384228101975085.5,-1975085.4849915262,-18314776.91268549
z,-0.0005199999999999998,-0.5199999999999998,0.0,0.0,1.0,28671.939740973725,748722.403833888,-15211735.627246005,1463490.6204172068,630543.5766237493,-13117701.430205049,-397230440.91925234,38216745.194300085,16465649.226274425,-342548046.4986778,384228115000000.0,384228101882298.56,-1882298.569794951,-18221989.997488916
z,-0.0005099999999999998,-0.5099999999999998,0.0,0.0,1.0,28748.38165095862,750718.5635326947,-15252291.450676056,1435050.1338052833,607719.024126274,-13209522.292744499,-398289492.1687434,37474066.82322864,15869622.101261986,-344945803.24425274,384228115000000.0,384228101790477.7,-1790477.7072555013,-18130169.134949464
z,-0.0005,-0.5,0.0,0.0,1.0,28823.67647858908,752684.7689882389,-15292238.69604421,1406627.0027403955,585249.0619959927,-13300362.631307822,-399332651.3637191,36731841.66484577,15282854.543425687,-347317955.1554476,384228115000000.0,384228101699637.4,-1699637.3686921783,-18039328.79638614
z,-0.00049,-0.49,0.0,0.0,1.0,28897.805763399563,754620.538134631,-15331567.56925478,1378220.8783139833,563138.5368199231,-13390208.154120876,-400359662.74684554,35990060.6079557,14705473.113727748,-349664129.02516216,384228115000000.0,384228101609791.9,-1609791.8458791245,-17949483.273573086
z,-0.00047999999999999996,-0.48,0.0,0.0,1.0,28970.7512796703,756525.3950359966,-15370268.400755126,1349831.41213326,541392.2339469484,-13479044.754674917,-401370273.81303376,35248714.55483128,14137602.773993267,-351983956.4842092,384228115000000.0,384228101520955.25,-1520955.245325083,-17860646.673019044
z,-0.00046999999999999993,-0.4699999999999999,0.0,0.0,1.0,29042.49504353126,758398.8700719846,-15408331.649304608,1321458.2563103768,520014.87560126034,-13566858.51739297,-402364235.4078598,34507794.42093102,13579366.83764575,-354277074.14928305,384228115000000.0,384228101433141.5,-1433141.4826070294,-17772832.910300992
z,-0.0004599999999999999,-0.4599999999999999,0.0,0.0,1.0,29113.01931999399,760240.5001213936,-15445747.90570531,1293101.0634517216,499011.1190149572,-13653635.723238634,-403341301.82498693,33767291.134619616,13030886.92094289,-356543123.7694245,384228115000000.0,384228101346364.25,-1346364.276761366,-17686055.70445533
z,-0.0004499999999999999,-0.4499999999999999,0.0,0.0,1.0,29182.306629907653,762049.8287438169,-15482507.896492522,1264759.4866471577,478385.55458084523,-13739362.855264522,-404301230.90253663,33027195.63688699,12492282.89473986,-358781752.37090987,384228115000000.0,384228101260637.1,-1260637.1447354779,-17600328.57242944
z,-0.00043999999999999985,-0.43999999999999984,0.0,0.0,1.0,29250.3397568352,763826.4063592036,-15518602.487582846,1236433.1794593295,458142.7040264021,-13824026.604097115,-405243784.118353,32287498.881068975,11963672.836805284,-360992612.4004788,384228115000000.0,384228101175973.4,-1175973.3959028851,-17515664.82359685
z,-0.0004299999999999998,-0.4299999999999998,0.0,0.0,1.0,29317.101753846116,765569.7904252398,-15554022.68787804,1208121.7959130413,438287.01860998804,-13907613.87335501,-406168726.6841118,31548191.83256999,11445172.984718118,-363175361.8668236,384228115000000.0,384228101092386.1,-1092386.1266449895,-17432077.554338954
z,-0.00042,-0.42000000000000004,0.0,0.0,1.0,29382.575950221784,767279.5456124491,-15588759.652822541,1179824.9904845352,418822.87734022207,-13990111.784997784,-407075827.6382189,30809265.468583032,10936897.689369487,-365329664.4802664,384228115000000.0,384228101009888.2,-1009888.2150022164,-17349579.64269618
z,-0.00041,-0.41,0.0,0.0,1.0,29446.74595806987,768955.2439769165,-15622804.687912665,1151542.4180909302,399754.5852195567,-14071507.684602177,-407964859.9374484,30070710.777813904,10438959.36909641,-367455189.790538,384228115000000.0,384228100928492.3,-928492.3153978232,-17268183.743091784
z,-0.00039999999999999996,-0.39999999999999997,0.0,0.0,1.0,29509.595678844023,770596.4651305403,-15656149.252155606,1123273.734079597,381086.3715130403,-14151789.146562967,-408835600.54726803,29332518.760203756,9951468.46447326,-369551613.322591,384228115000000.0,384228100848210.9,-848210.8534370326,-17187902.281130996
z,-0.00038999999999999994,-0.38999999999999996,0.0,0.0,1.0,29571.10930976515,772202.7964087132,-15688784.961476205,1095018.594217625,362822.388043172,-14230943.97921541,-409687830.5308022,28594680.426654022,9474533.393784605,-371618616.7103636,384228115000000.0,384228100769056.0,-769056.0207845904,-17108747.448478553
z,-0.0003799999999999999,-0.3799999999999999,0.0,0.0,1.0,29631.271350140873,773773.8330353455,-15720703.592069704,1066776.6546812297,344966.70751188777,-14308960.229876585,-410521335.1363835,27857186.798749827,9008260.509206511,-373655887.82842714,384228115000000.0,384228100691039.75,-691039.7701234147,-17030731.197817378
z,-0.0003699999999999999,-0.3699999999999999,0.0,0.0,1.0,29690.066607579356,775309.1782851287,-15751897.083698455,1038547.5720452624,327523.3218505257,-14385826.189802667,-411335903.8836411,27120028.90848603,8552754.053718507,-375663120.92143655,384228115000000.0,384228100614173.8,-614173.8101973329,-16953865.237891294
z,-0.00035999999999999986,-0.3599999999999999,0.0,0.0,1.0,29747.480204094263,776808.4436429573,-15782357.542930868,1010331.003272696,310496.14059878956,-14461530.399059381,-412131330.6480809,26383197.79799268,8108116.118772769,-377640016.73131543,384228115000000.0,384228100538469.6,-538469.6009406187,-16878161.02863458
z,-0.00034999999999999983,-0.3499999999999998,0.0,0.0,1.0,29803.497582097196,778271.2489604116,-15812077.246320672,982126.6057041594,293888.989313551,-14536061.651302963,-412907413.7441069,25646684.519261707,7674446.602742509,-379586282.6221027,384228115000000.0,384228100463938.4,-463938.3486970365,-16803629.776391
z,-0.0003399999999999998,-0.3399999999999998,0.0,0.0,1.0,29858.104510274377,779697.2226092183,-15841048.643524757,953934.0370474685,277705.6080084324,-14609408.998468857,-413663956.0064384,24910480.13387356,7251843.170174143,-381501632.70239073,384228115000000.0,384228100390591.0,-390591.00153114274,-16730282.429225106
z,-0.00033,-0.33,0.0,0.0,1.0,29911.287089344125,781086.0016315976,-15869264.360357758,925752.955367192,261949.64962504208,-14681561.755365523,-414400764.8698761,24174575.71272472,6840401.211866022,-383385787.9452853,384228115000000.0,384228100318438.25,-318438.2446344774,-16658129.67232844
z,-0.00031999999999999997,-0.31999999999999995,0.0,0.0,1.0,29963.031757691955,782437.2318874149,-15896717.201781731,897583.0190742424,246624.678536706,-14752509.504170783,-415117652.44737244,23438962.33575588,6440213.805795736,-385238476.3058208,384228115000000.0,384228100247490.5,-247490.49582921714,-16587181.92352318
z,-0.00030999999999999995,-0.30999999999999994,0.0,0.0,1.0,30013.32529687997,783750.5681980503,-15923400.154829143,869423.8869154776,231734.16908561258,-14822242.09882805,-415814435.606361,22703631.09168043,6051371.678919975,-387059432.8357605,384228115000000.0,384228100177757.9,-177757.90117195062,-16517449.328865914
z,-0.0002999999999999999,-0.29999999999999993,0.0,0.0,1.0,30062.154837027578,785025.6744869063,-15949306.391457558,841275.217963317,217281.50415411478,-14890749.669340128,-416490936.043302,21968573.077713277,5673963.169866333,-388848399.7957224,384228115000000.0,384228100109250.3,-109250.33065987192,-16448941.758353835
z,-0.0002899999999999999,-0.28999999999999987,0.0,0.0,1.0,30109.50786206025,786262.2239164729,-15974429.271334361,813136.6716053796,203269.97377108785,-14958022.625957897,-417146980.35640126,21233779.39930027,5308074.192540545,-390605126.7645605,384228115000000.0,384228100041977.4,-41977.37404210307,-16381668.801736066
z,-0.00027999999999999987,-0.27999999999999986,0.0,0.0,1.0,30155.37221482349,787459.8990218688,-15998762.344549917,785007.9075341568,189702.77375407386,-15024051.663261686,-417782400.1164596,20499241.169848517,4953788.200668238,-392329370.74594283,384228115000000.0,384228099975948.3,24051.66326168552,-16315639.764432278
z,-0.00026999999999999984,-0.26999999999999985,0.0,0.0,1.0,30199.736102058967,788618.3918407867,-16022299.354257654,756888.5857366652,176583.00438804997,-15088827.76413294,-418397031.93581486,19764949.510456182,4611186.153293051,-394020896.27206564,384228115000000.0,384228099911172.25,88827.76413293928,-16250863.663561024
z,-0.0002599999999999998,-0.2599999999999998,0.0,0.0,1.0,30242.58809924002,789737.4040397636,-16045034.239239514,728778.36648419,163913.66914153466,-15152342.203613788,-418990717.5353343,19030895.549644668,4280346.481249773,-395679475.50443983,384228115000000.0,384228099847657.8,152342.2036137879,-16187349.224080175
z,-0.00025,-0.25,0.0,0.0,1.0,30283.91715526369,790816.647036707,-16066961.136395246,700676.9103219263,151697.67342079035,-15214586.552652529,-419563303.80941874,18297070.42308809,3961345.054632324,-397304888.3316983,384228115000000.0,384228099785413.44,214586.5526525285,-16125104.875041435
z,-0.00023999999999999998,-0.24,0.0,0.0,1.0,30323.71259699661,791855.8421196027,-16088074.383154254,672583.8780587328,139937.82336283685,-15275552.681732684,-420114642.88898414,17563465.27334572,3654255.151275195,-398896922.4643632,384228115000000.0,384228099724447.3,275552.6817326844,-16064138.745961279
z,-0.00022999999999999995,-0.22999999999999995,0.0,0.0,1.0,30361.96413367214,792854.7205613398,-16108368.519808447,644498.9307568793,128636.82466798203,-15335232.764383584,-420644592.2023801,16830071.249594267,3359147.4262668425,-400455373.526519,384228115000000.0,384228099664767.25,335232.76438358426,-16004458.663310379
z,-0.00021999999999999993,-0.21999999999999992,0.0,0.0,1.0,30398.661861136137,793813.0237305816,-16127838.291764798,616421.7297217987,117797.28147251531,-15393619.280570488,-421153014.5342123,16096879.507360265,3076089.882511853,-401980045.1443403,384228115000000.0,384228099606380.75,393619.2805704884,-15946072.147123475
z,-0.0002099999999999999,-0.2099999999999999,0.0,0.0,1.0,30433.796265938996,794730.5031986232,-16146478.65171638,588351.9364918272,107421.69526226551,-15450705.019962285,-421639778.08203506,15363881.20825214,2805147.842360224,-403470749.0314226,384228115000000.0,384228099549295.0,450705.0199622847,-15888986.407731678
z,-0.00019999999999999987,-0.19999999999999987,0.0,0.0,1.0,30467.358229271485,795606.9208421696,-16164284.761730468,560289.212828019,97512.46382759893,-15506483.085074851,-422104756.51087946,14631067.519694246,2546383.920318795,-404927305.0708664,384228115000000.0,384228099493516.94,506483.0850748513,-15833208.342619112
z,-0.00018999999999999985,-0.18999999999999984,0.0,0.0,1.0,30499.33903074216,796442.0489419765,-16181251.995252661,532233.2207039035,88071.88026050113,-15560946.894288259,-422547829.00558734,13898429.614659395,2299857.9968616148,-406349541.3940664,384228115000000.0,384228099439053.1,560946.8942882586,-15778744.533405704
z,-0.00017999999999999982,-0.17999999999999983,0.0,0.0,1.0,30529.73035199412,797235.6702772968,-16197375.939025704,504183.6222953375,79102.13199431574,-15614090.184736053,-422968880.32091856,13165958.671403866,2065627.1933542448,-407737294.4561605,384228115000000.0,384228099385909.8,614090.1847360525,-15725601.24295791
z,-0.0001699999999999998,-0.1699999999999998,0.0,0.0,1.0,30558.524280159036,797987.5782160766,-16212652.394922014,476140.0799702528,70605.29988669479,-15665907.015065067,-423367800.82940453,12433645.873199662,1843745.8481064513,-409090409.1080984,384228115000000.0,384228099334093.0,665907.0150650665,-15673784.412628897
z,-0.00015999999999999999,-0.15999999999999998,0.0,0.0,1.0,30585.71331114638,798697.5768008486,-16227077.381688757,448102.2562785459,62583.357346303485,-15716391.768063908,-423744486.5669179,11701482.408070512,1634265.4935674833,-410408738.6652799,384228115000000.0,384228099283608.25,716391.7680639084,-15623299.659630055
z,-0.00014999999999999996,-0.14999999999999997,0.0,0.0,1.0,30611.290352766,799365.4808302727,-16240647.136604525,420069.81394186016,55038.1695037647,-15765539.153158901,-424098839.27593434,10969459.46852504,1437234.834676596,-411692144.9727327,384228115000000.0,384228099234460.9,765539.1531589013,-15574152.274535062
z,-0.00013999999999999993,-0.13999999999999993,0.0,0.0,1.0,30635.248727682163,799991.1159362766,-16253358.117046576,392042.415843503,47971.49242738158,-15813344.208775694,-424430766.4464584,10237568.251293477,1252699.728382887,-412940498.4667821,384228115000000.0,384228099186655.8,813344.2087756936,-15526347.21891827
z,-0.0001299999999999999,-0.1299999999999999,0.0,0.0,1.0,30657.582176197357,800574.3186567504,-16265207.001967756,364019.72501821665,41384.97238401855,-15859802.304565523,-424740181.354591,9505799.957060527,1080703.1643443713,-414153678.2331862,384228115000000.0,384228099140197.7,859802.3045655228,-15479889.12312844
z,-0.00011999999999999988,-0.11999999999999988,0.0,0.0,1.0,30678.284858864234,801114.9365037531,-16276190.693282275,336001.4046421005,35280.14514565016,-15904909.143494526,-425027003.0987168,8774145.79020222,921285.2468195995,-415331572.06169504,384228115000000.0,384228099095090.9,904909.1434945259,-15434782.284199437
z,-0.00010999999999999985,-0.10999999999999985,0.0,0.0,1.0,30697.351358924145,801612.828027191,-16286306.317159435,307987.11802246224,29658.435341940367,-15948660.763795031,-425291156.63328785,8042596.958520883,774483.1777612894,-416474076.4970057,384228115000000.0,384228099051339.25,948660.7637950312,-15391030.663898932
z,-9.999999999999983e-05,-0.09999999999999983,0.0,0.0,1.0,30714.776684570814,802067.8628739307,-16295551.22522462,279976.52858768613,24521.155859216196,-15991053.540777719,-425532572.8001856,7311144.672980559,640331.2411214726,-417581096.8860836,384228115000000.0,384228099008946.44,991053.5407777186,-15348637.886916244
z,-8.99999999999998e-05,-0.0899999999999998,0.0,0.0,1.0,30730.556271037938,802479.9218423124,-16303922.995666858,251969.29987714687,19869.507286266155,-16032084.188503446,-425751188.357643,6579780.147443637,518860.7883793955,-418652547.42182,384228115000000.0,384228098967915.8,1032084.188503446,-15307607.239190517
z,-7.999999999999978e-05,-0.07999999999999978,0.0,0.0,1.0,30744.685982509272,802848.8969320299,-16311419.434252212,223965.09553108003,15704.577407172374,-16071749.761313958,-425946946.0067078,5848494.59840633,410100.2252976325,-419688351.1830038,384228115000000.0,384228098928250.25,1071749.761313958,-15267941.666380005
z,-6.999999999999997e-05,-0.06999999999999997,0.0,0.0,1.0,30757.162113850303,803174.6913893492,-16318038.575242497,195963.57928047312,12027.340741591157,-16110047.655220434,-426119794.4152331,5117279.244734689,314074.9999172384,-420688440.1705812,384228115000000.0,384228098889952.4,1110047.655220434,-15229643.772473529
z,-5.999999999999994e-05,-0.05999999999999994,0.0,0.0,1.0,30767.981392160356,803457.2197476407,-16323778.682218766,167964.41493699027,8838.658132662298,-16146975.609149111,-426269688.2393818,4386125.307401511,230807.59179665172,-421652755.3401836,384228115000000.0,384228098853024.4,1146975.6091491114,-15192715.818544852
z,-4.9999999999999914e-05,-0.04999999999999991,0.0,0.0,1.0,30777.14097814427,803696.4078631974,-16328638.248808995,139967.2663828794,6139.276382848092,-16182531.706043266,-426396588.1426286,3655024.0092227757,160317.5025022055,-422581246.63090354,384228115000000.0,384228098817468.3,1182531.7060432658,-15157159.721650697
z,-3.999999999999967e-05,-0.039999999999999675,0.0,0.0,1.0,30784.638467302797,803892.1929463206,-16332615.9993197,111971.79756084294,3929.82793787536,-16216714.373820985,-426500460.8122538,2923966.574593138,102621.247354773,-423473872.9903059,384228115000000.0,384228098783285.6,1216714.3738209847,-15122977.053872978
z,-3.000000000000008e-05,-0.03000000000000008,0.0,0.0,1.0,30790.47189094107,804044.5235876545,-16335710.889270948,83977.67246399685,2210.8306190067397,-16249522.386187946,-426581278.97331417,2192944.2292237217,57732.348438455294,-424330602.395652,384228115000000.0,384228098750477.6,1249522.3861879464,-15090169.041506017
z,-2.0000000000000052e-05,-0.020000000000000052,0.0,0.0,1.0,30794.639716994556,804153.3597797545,-16337922.105834557,55984.555125777064,982.6874037528046,-16280954.863305027,-426639021.40008605,1461948.1998785438,25661.32887422479,-425151411.8713333,384228115000000.0,384228098719045.1,1280954.8633050267,-15058736.564388936
z,-1.0000000000000026e-05,-0.010000000000000026,0.0,0.0,1.0,30797.140850671894,804218.672933874,-16339249.068175148,27992.109609828258,245.686255197156,-16311011.272310123,-426673672.9249714,730969.7141104736,6415.708363019654,-425936287.5024979,384228115000000.0,384228098688988.75,1311011.2723101228,-15028680.15538384
z,0.0,0.0,0.0,0.0,1.0,30797.974634914408,804240.4458919638,-16339691.427693969,0.0,4.331163404506403e-09,-16339691.427693963,-426685224.44486445,0.0,1.131014889440916e-07,-426685224.4448643,384228115000000.0,384228098660308.56,1339691.427693963,-15000000.0
z,1.0000000000000026e-05,0.010000000000000026,0.0,0.0,1.0,30797.140850671894,804218.672933874,-16339249.068175148,-27992.109609828258,245.686255197156,-16366995.49152978,-426673672.9249714,-730969.7141104736,6415.708363019654,-427398226.93071884,384228115000000.0,384228098633004.5,1366995.4915297795,-14972695.936164184
z,2.0000000000000052e-05,0.020000000000000052,0.0,0.0,1.0,30794.639716994556,804153.3597797545,-16337922.105834557,-55984.555125777064,982.6874037528046,-16392923.97355658,-426639021.40008605,-1461948.1998785438,25661.32887422479,-428075308.2710904,384228115000000.0,384228098607076.0,1392923.97355658,-14946767.454137383
z,3.000000000000008e-05,0.03000000000000008,0.0,0.0,1.0,30790.47189094107,804044.5235876545,-16335710.889270948,-83977.67246399685,2210.8306190067397,-16417477.731115943,-426581278.97331417,-2192944.2292237217,57732.348438455294,-428716490.8540995,384228115000000.0,384228098582522.25,1417477.7311159428,-14922213.69657802
z,4.0000000000000105e-05,0.040000000000000105,0.0,0.0,1.0,30784.638467302797,803892.1929463206,-16332615.9993197,-111971.79756084294,3929.82793787536,-16440657.968942668,-426500460.8122538,-2923966.574593138,102621.247354773,-429321806.13949215,384228115000000.0,384228098559342.0,1440657.9689426683,-14899033.458751295
z,5.000000000000013e-05,0.05000000000000013,0.0,0.0,1.0,30777.140978144278,803696.4078631976,-16328638.248808995,-139967.2663828794,6139.276382848092,-16462466.238809025,-426396588.1426286,-3655024.0092227757,160317.5025022055,-429891294.64934915,384228115000000.0,384228098537533.75,1462466.238809025,-14877225.188884938
z,6.000000000000016e-05,0.06000000000000016,0.0,0.0,1.0,30767.981392160356,803457.2197476407,-16323778.682218764,-167964.41493699027,8838.658132662298,-16482904.439023092,-426269688.23938173,-4386125.307401511,230807.59179665172,-430425005.95498663,384228115000000.0,384228098517095.56,1482904.4390230924,-14856786.98867087
z,7.000000000000018e-05,0.07000000000000019,0.0,0.0,1.0,30757.162113850303,803174.6913893492,-16318038.575242497,-195963.57928047312,12027.340741591157,-16501974.81378138,-426119794.4152331,-5117279.244734689,314074.9999172384,-430922998.6600506,384228115000000.0,384228098498025.2,1501974.8137813807,-14837716.613912582
z,8.000000000000021e-05,0.08000000000000021,0.0,0.0,1.0,30744.685982509272,802848.8969320299,-16311419.434252212,-223965.09553108003,15704.577407172374,-16519679.95237612,-425946946.0067078,-5848494.59840633,410100.2252976325,-431385340.3798165,384228115000000.0,384228098480320.06,1519679.9523761198,-14820011.475317843
z,9.000000000000024e-05,0.09000000000000023,0.0,0.0,1.0,30730.556271037938,802479.9218423124,-16303922.995666858,-251969.29987714687,19869.507286266155,-16536022.78825774,-425751188.357643,-6579780.147443637,518860.7883793955,-431812107.7167073,384228115000000.0,384228098463977.2,1536022.7882577404,-14803668.639436223
z,0.00010000000000000026,0.10000000000000026,0.0,0.0,1.0,30714.776684570817,802067.8628739307,-16295551.22522462,-279976.52858769154,24521.155859217277,-16551006.597953094,-425532572.8001856,-7311144.6729807,640331.2411215008,-432203386.2320448,384228115000000.0,384228098448993.4,1551006.5979530942,-14788684.829740869
z,0.00011000000000000029,0.11000000000000029,0.0,0.0,1.0,30697.35135892414,801612.828027191,-16286306.317159431,-307987.11802246224,29658.435341940367,-16564634.999839952,-425291156.6332878,-8042596.958520883,774483.1777612894,-432559270.41404736,384228115000000.0,384228098435365.0,1564634.9998399522,-14775056.42785401
z,0.00012000000000000031,0.12000000000000031,0.0,0.0,1.0,30678.284858864234,801114.9365037531,-16276190.693282276,-336001.4046421005,35280.14514565016,-16576911.952778727,-425027003.09871686,-8774145.79020222,921285.2468195995,-432879863.6420995,384228115000000.0,384228098423088.06,1576911.9527787268,-14762779.474915236
z,0.00013000000000000034,0.13000000000000034,0.0,0.0,1.0,30657.582176197357,800574.3186567504,-16265207.001967756,-364019.72501821665,41384.97238401855,-16587841.754601955,-424740181.354591,-9505799.957060527,1080703.1643443713,-433165278.1473072,384228115000000.0,384228098412158.25,1587841.7546019554,-14751849.673092008
z,0.00013999999999999993,0.13999999999999993,0.0,0.0,1.0,30635.248727682163,799991.1159362766,-16253358.117046578,-392042.415843503,47971.49242738158,-16597429.040462699,-424430766.44645846,-10237568.251293477,1252699.728382887,-433415634.96936905,384228115000000.0,384228098402570.94,1597429.0404626988,-14742262.387231264
z,0.00014999999999999996,0.14999999999999997,0.0,0.0,1.0,30611.290352765995,799365.4808302725,-16240647.136604527,-420069.81394186016,55038.1695037647,-16605678.781042622,-424098839.2759344,-10969459.46852504,1437234.834676596,-433631063.9097828,384228115000000.0,384228098394321.25,1605678.7810426224,-14734012.64665134
z,0.00015999999999999999,0.15999999999999998,0.0,0.0,1.0,30585.71331114638,798697.5768008486,-16227077.381688757,-448102.2562785459,62583.357346303485,-16612596.280620998,-423744486.5669179,-11701482.408070512,1634265.4935674833,-433811703.4814209,384228115000000.0,384228098387403.75,1612596.2806209978,-14727095.147072965
z,0.00017,0.17,0.0,0.0,1.0,30558.524280159036,797987.5782160766,-16212652.394922014,-476140.0799702528,70605.29988669479,-16618187.175005572,-423367800.82940453,-12433645.873199662,1843745.8481064513,-433957700.85449773,384228115000000.0,384228098381812.8,1618187.175005572,-14721504.252688391
z,0.00018000000000000004,0.18000000000000005,0.0,0.0,1.0,30529.73035199412,797235.6702772968,-16197375.939025702,-504183.6222953375,79102.13199431574,-16622457.429326726,-422968880.3209185,-13165958.671403866,2065627.1933542448,-434069211.7989682,384228115000000.0,384228098377542.56,1622457.4293267261,-14717233.998367237
z,0.00019000000000000006,0.19000000000000006,0.0,0.0,1.0,30499.33903074216,796442.0489419765,-16181251.995252663,-532233.220703911,88071.88026050113,-16625413.335696073,-422547829.0055874,-13898429.614659593,2299857.9968616148,-434146400.62338537,384228115000000.0,384228098374586.7,1625413.3356960732,-14714278.09199789
z,0.0002000000000000001,0.2000000000000001,0.0,0.0,1.0,30467.358229271485,795606.9208421696,-16164284.761730468,-560289.212828019,97512.46382759893,-16627061.510730889,-422104756.51087946,-14631067.519694246,2546383.920318795,-434189440.1102549,384228115000000.0,384228098372938.5,1627061.5107308887,-14712629.916963074
z,0.00021000000000000012,0.21000000000000013,0.0,0.0,1.0,30433.796265938996,794730.5031986232,-16146478.65171638,-588351.9364918272,107421.69526226551,-16627408.89294594,-421639778.08203506,-15363881.20825214,2805147.842360224,-434198511.44792694,384228115000000.0,384228098372591.1,1627408.8929459397,-14712282.534748023
z,0.00022000000000000014,0.22000000000000014,0.0,0.0,1.0,30398.661861136137,793813.0237305816,-16127838.2917648,-616421.7297217987,117797.28147251531,-16626462.740014086,-421153014.5342123,-16096879.507360265,3076089.882511853,-434173804.1590608,384228115000000.0,384228098373537.25,1626462.7400140855,-14713228.687679878
z,0.00023000000000000017,0.23000000000000018,0.0,0.0,1.0,30361.96413367214,792854.7205613398,-16108368.519808447,-644498.9307568793,128636.82466798203,-16624230.625897344,-420644592.2023801,-16830071.249594267,3359147.4262668425,-434115516.02570754,384228115000000.0,384228098375769.4,1624230.6258973442,-14715460.801796619
z,0.0002400000000000002,0.24000000000000019,0.0,0.0,1.0,30323.71259699661,791855.8421196027,-16088074.383154254,-672583.8780587328,139937.82336283685,-16620720.43785015,-420114642.88898414,-17563465.27334572,3654255.151275195,-434023853.01105464,384228115000000.0,384228098379279.56,1620720.4378501493,-14718970.989843814
z,0.0002500000000000002,0.2500000000000002,0.0,0.0,1.0,30283.91715526369,790816.647036707,-16066961.136395248,-700676.9103219263,151697.67342079035,-16615940.373296382,-419563303.8094188,-18297070.42308809,3961345.054632324,-433899029.1778745,384228115000000.0,384228098384059.6,1615940.373296382,-14723751.054397581
z,0.00026000000000000025,0.26000000000000023,0.0,0.0,1.0,30242.58809924002,789737.4040397636,-16045034.239239508,-728778.36648419,163913.66914153573,-16609898.936582163,-418990717.5353341,-19030895.549644668,4280346.481249802,-433741266.603729,384228115000000.0,384228098390101.06,1609898.936582163,-14729792.4911118
z,0.0002700000000000003,0.2700000000000003,0.0,0.0,1.0,30199.73610205897,788618.3918407868,-16022299.354257658,-756888.5857366727,176583.00438805157,-16602604.935606278,-418397031.935815,-19764949.51045638,4611186.153293092,-433550795.2929782,384228115000000.0,384228098397395.06,1602604.9356062785,-14737086.492087685
z,0.0002800000000000003,0.2800000000000003,0.0,0.0,1.0,30155.372214823485,787459.8990218687,-15998762.344549917,-785007.9075341568,189702.77375407386,-16594067.478329998,-417782400.1164596,-20499241.169848517,4953788.200668238,-433327853.08563983,384228115000000.0,384228098405932.5,1594067.4783299975,-14745623.949363966
z,0.0002900000000000003,0.2900000000000003,0.0,0.0,1.0,30109.507862060247,786262.2239164729,-15974429.27133436,-813136.6716053796,203269.97377108893,-16584295.969168652,-417146980.3564012,-21233779.39930027,5308074.192540573,-433072685.56316096,384228115000000.0,384228098415704.0,1584295.9691686518,-14755395.458525311
z,0.00030000000000000035,0.3000000000000004,0.0,0.0,1.0,30062.15483702757,785025.6744869062,-15949306.391457558,-841275.217963317,217281.50415411586,-16573300.10526676,-416490936.043302,-21968573.077713277,5673963.169866361,-432785545.9511489,384228115000000.0,384228098426699.9,1573300.1052667592,-14766391.322427204
z,0.00030999999999999995,0.30999999999999994,0.0,0.0,1.0,30013.32529687997,783750.5681980503,-15923400.154829143,-869423.8869154776,231734.16908561258,-16561089.872659003,-415814435.606361,-22703631.09168043,6051371.678919975,-432466695.0191213,384228115000000.0,384228098438910.1,1561089.8726590034,-14778601.55503496
z,0.00031999999999999997,0.31999999999999995,0.0,0.0,1.0,29963.031757691955,782437.2318874149,-15896717.201781731,-897583.0190742424,246624.678536706,-16547675.542319268,-415117652.44737244,-23438962.33575588,6440213.805795736,-432116400.9773326,384228115000000.0,384228098452324.44,1547675.542319268,-14792015.885374695
z,0.00033,0.33,0.0,0.0,1.0,29911.287089344125,781086.0016315976,-15869264.360357758,-925752.955367192,261949.64962504208,-16533067.666099908,-414400764.8698761,-24174575.71272472,6840401.211866022,-431734939.37073475,384228115000000.0,384228098466932.3,1533067.6660999078,-14806623.761594055
z,0.00034,0.34,0.0,0.0,1.0,29858.104510274374,779697.2226092183,-15841048.643524757,-953934.0370474685,277705.6080084324,-16517277.072563794,-413663956.0064384,-24910480.13387356,7251843.170174143,-431322592.97013783,384228115000000.0,384228098482722.94,1517277.0725637935,-14822414.35513017
z,0.00035000000000000005,0.35000000000000003,0.0,0.0,1.0,29803.497582097192,778271.2489604115,-15812077.24632067,-982126.6057041594,293888.9893135521,-16500314.862711279,-412907413.7441068,-25646684.519261707,7674446.602742538,-430879651.66062605,384228115000000.0,384228098499685.1,1500314.8627112787,-14839376.564982684
z,0.0003600000000000001,0.3600000000000001,0.0,0.0,1.0,29747.48020409426,776808.4436429571,-15782357.542930868,-1010331.0032726971,310496.14059878903,-16482192.405604774,-412131330.6480809,-26383197.797992706,8108116.118772755,-430406412.32730085,384228115000000.0,384228098517807.6,1482192.4056047741,-14857499.022089189
z,0.0003700000000000001,0.3700000000000001,0.0,0.0,1.0,29690.066607579356,775309.1782851287,-15751897.083698455,-1038547.5720452624,327523.3218505257,-16462921.333893193,-411335903.8836411,-27120028.90848603,8552754.053718507,-429903178.7384087,384228115000000.0,384228098537078.7,1462921.333893193,-14876770.09380077
z,0.00038000000000000013,0.3800000000000001,0.0,0.0,1.0,29631.271350140873,773773.8330353455,-15720703.592069704,-1066776.6546812297,344966.70751188777,-16442513.539239043,-410521335.1363835,-27857186.798749827,9008260.509206511,-429370261.42592674,384228115000000.0,384228098557486.44,1442513.5392390434,-14897177.88845492
z,0.00039000000000000016,0.3900000000000002,0.0,0.0,1.0,29571.10930976515,772202.7964087132,-15688784.961476205,-1095018.594217625,362822.388043172,-16420981.16765066,-409687830.5308022,-28594680.426654022,9474533.393784605,-428807977.5636717,384228115000000.0,384228098579018.8,1420981.1676506605,-14918710.260043303
z,0.0004000000000000002,0.4000000000000002,0.0,0.0,1.0,29509.595678844016,770596.4651305401,-15656149.252155604,-1123273.734079597,381086.3715130403,-16398336.614722162,-408835600.547268,-29332518.760203756,9951468.46447326,-428216650.8429985,384228115000000.0,384228098601663.4,1398336.6147221625,-14941354.8129718
z,0.0004100000000000002,0.4100000000000002,0.0,0.0,1.0,29446.745958069867,768955.2439769164,-15622804.687912665,-1151542.4180909302,399754.5852195578,-16374592.520784039,-407964859.9374484,-30070710.777813904,10438959.369096437,-427596611.3461659,384228115000000.0,384228098625407.5,1374592.520784039,-14965098.906909924
z,0.00042000000000000023,0.42000000000000026,0.0,0.0,1.0,29382.575950221784,767279.5456124491,-15588759.652822541,-1179824.9904845352,418822.87734022207,-16349761.765966851,-407075827.6382189,-30809265.468583032,10936897.689369487,-426948195.41743237,384228115000000.0,384228098650238.25,1349761.7659668513,-14989929.661727112
z,0.00043000000000000026,0.43000000000000027,0.0,0.0,1.0,29317.101753846116,765569.7904252398,-15554022.687878037,-1208121.7959130413,438287.01860998804,-16323857.465181092,-406168726.68411165,-31548191.83256999,11445172.984718118,-426271745.5319636,384228115000000.0,384228098676142.56,1323857.4651810918,-15015833.962512871
z,0.0004400000000000003,0.4400000000000003,0.0,0.0,1.0,29250.339756835205,763826.4063592037,-15518602.487582847,-1236433.1794593404,458142.7040264037,-16296892.963015785,-405243784.11835307,-32287498.88106926,11963672.836805325,-425567610.162617,384228115000000.0,384228098703107.06,1296892.9630157854,-15042798.464678178
z,0.0004500000000000003,0.4500000000000003,0.0,0.0,1.0,29182.30662990765,762049.8287438168,-15482507.896492524,-1264759.4866471577,478385.55458084523,-16268881.828558838,-404301230.9025367,-33027195.63688699,12492282.89473986,-424836143.64468384,384228115000000.0,384228098731118.2,1268881.828558838,-15070809.599135125
z,0.00046000000000000034,0.46000000000000035,0.0,0.0,1.0,29113.01931999399,760240.5001213936,-15445747.905705312,-1293101.0634517216,499011.1190149572,-16239837.850142077,-403341301.824987,-33767291.134619616,13030886.92094289,-424077706.03866374,384228115000000.0,384228098760162.1,1239837.8501420766,-15099853.577551886
z,0.00047000000000000037,0.47000000000000036,0.0,0.0,1.0,29042.495043531257,758398.8700719845,-15408331.649304606,-1321458.2563103768,520014.87560126145,-16209775.030013721,-402364235.40785974,-34507794.42093102,13579366.837645778,-423292662.991145,384228115000000.0,384228098790225.0,1209775.0300137214,-15129916.397680242
z,0.00047999999999999996,0.48,0.0,0.0,1.0,28970.7512796703,756525.3950359966,-15370268.400755126,-1349831.41213326,541392.2339469484,-16178707.578941438,-401370273.81303376,-35248714.55483128,14137602.773993267,-422481385.5938718,384228115000000.0,384228098821292.44,1178707.5789414383,-15160983.848752525
z,0.00049,0.49,0.0,0.0,1.0,28897.805763399563,754620.538134631,-15331567.56925478,-1378220.8783139833,563138.5368199231,-16146649.910748841,-400359662.74684554,-35990060.6079557,14705473.113727748,-421644250.2410735,384228115000000.0,384228098853350.06,1146649.9107488412,-15193041.516945122
z,0.0005,0.5,0.0,0.0,1.0,28823.67647858908,752684.7689882389,-15292238.69604421,-1406627.0027403955,585249.0619959927,-16113616.636788614,-399332651.3637191,-36731841.66484577,15282854.543425687,-420781638.4851392,384228115000000.0,384228098886383.4,1113616.636788614,-15226074.790905349
z,0.00051,0.51,0.0,0.0,1.0,28748.381650958618,750718.5635326946,-15252291.450676054,-1435050.1338052833,607719.0241262763,-16079622.560355062,-398289492.1687433,-37474066.82322864,15869622.101262044,-419893936.89070994,384228115000000.0,384228098920377.44,1079622.5603550617,-15260068.867338901
z,0.0005200000000000001,0.52,0.0,0.0,1.0,28671.93974097373,748722.4038338881,-15211735.627246004,-1463490.6204172068,630543.5766237493,-16044682.671039462,-397230440.9192523,-38216745.194300085,16465649.226274425,-418981536.88727796,384228115000000.0,384228098955317.3,1044682.6710394621,-15295008.756654501
z,0.0005300000000000001,0.5300000000000001,0.0,0.0,1.0,28594.369436673616,746696.7779004355,-15170581.140587674,-1491948.8120112796,653717.813567935,-16008812.139031023,-396155756.52546006,-38959885.903005965,17070807.808101073,-418044834.6203651,384228115000000.0,384228098991187.9,1008812.1390310228,-15330879.28866294
z,0.0005400000000000001,0.5400000000000001,0.0,0.0,1.0,28515.68964643479,744642.1794947135,-15128838.022433385,-1520425.058559985,677236.771626676,-15972026.309366692,-395065700.95020586,-39703498.08832472,17684968.23716491,-417084230.8013656,384228115000000.0,384228099027973.7,972026.3093666919,-15367665.118327271
z,0.0005500000000000001,0.5500000000000002,0.0,0.0,1.0,28435.91949167432,742559.1079423168,-15086516.41754292,-1548919.7105841173,701095.4319939547,-15934340.69613308,-393960539.10786235,-40447590.90355306,18307999.45527665,-416100130.5561387,384228115000000.0,384228099065659.3,934340.6961330809,-15405350.731560882
z,0.0005600000000000002,0.5600000000000002,0.0,0.0,1.0,28355.078299496752,740448.0679400427,-15043626.57980239,-1577433.119163635,725288.7223427339,-15895770.976623291,-392840538.76246387,-41192173.51658939,18939769.006630138,-415092943.2724231,384228115000000.0,384228099104229.0,895770.9766232911,-15443920.451070672
z,0.0005700000000000002,0.5700000000000002,0.0,0.0,1.0,28273.185595288553,738309.5693625084,-15000178.868295271,-1605965.6359485819,749811.5187917277,-15856332.985452127,-391705970.4251077,-41937255.11021898,19580143.089161474,-414063082.44616526,384228115000000.0,384228099143667.0,856332.9854521267,-15483358.442241836
z,0.0005800000000000002,0.5800000000000002,0.0,0.0,1.0,28190.261095264166,736144.1270675019,-14956183.743347729,-1634517.613170097,774658.6478850994,-15816042.708632722,-390557107.2506842,-42682844.88240149,20228986.606245693,-413010965.52683985,384228115000000.0,384228099183957.3,816042.7086327225,-15523648.71906124
z,0.0005900000000000002,0.5900000000000003,0.0,0.0,1.0,28106.324698967495,733952.2607001703,-14911651.762550348,-1663089.4036513763,799824.8885839697,-15774916.277617754,-389394224.93399,-43428952.0465572,20886163.218701854,-411937013.76184535,384228115000000.0,384228099225083.75,774916.2776177544,-15564775.150076209
z,0.0006000000000000003,0.6000000000000003,0.0,0.0,1.0,28021.396481733045,731734.4944961547,-14866593.57675842,-1691681.360818724,825304.9742687353,-15732969.963308409,-388217601.6052825,-44175585.83185565,21551535.39708044,-410841652.0400577,384228115000000.0,384228099267030.06,732969.9633084089,-15606721.464385554
z,0.0006100000000000003,0.6100000000000003,0.0,0.0,1.0,27935.496687110463,729491.3570837687,-14821019.926072828,-1720293.8387126478,851093.5947510743,-15690220.170034401,-387027517.7253265,-44922755.48350529,22224964.474203665,-409725308.7346281,384228115000000.0,384228099309779.8,690220.1700344011,-15649471.257659562
z,0.0006200000000000003,0.6200000000000003,0.0,0.0,1.0,27848.645719256707,727223.3812853319,-14774941.635803763,-1748927.1919988866,877185.3982946735,-15646683.429507975,-385824255.97999334,-45670470.2630415,22906310.697933618,-408588415.5451012,384228115000000.0,384228099353316.56,646683.4295079745,-15693007.998185989
z,0.0006300000000000004,0.6300000000000003,0.0,0.0,1.0,27760.864135299646,724931.103917758,-14728369.612419257,-1777581.7759796332,903574.9936434805,-15602376.39475541,-384608101.1744632,-46418739.44861966,23595433.284136824,-407431407.3389461,384228115000000.0,384228099397623.6,602376.39475541,-15737315.032938553
z,0.0006400000000000004,0.6400000000000003,0.0,0.0,1.0,27672.172637677264,722615.0655925045,-14681314.839480814,-1806257.9466046526,930256.9520565677,-15557315.834028898,-383379340.1270904,-47167572.33530548,24292190.469821535,-406254721.99257433,384228115000000.0,384228099442684.2,557315.8340288978,-15782375.593665065
z,0.00065,0.65,0.0,0.0,1.0,27582.592066456302,720275.8105149862,-14633788.373568095,-1834956.0604825218,957225.809348423,-15511518.624702197,-382138261.5629831,-47916978.23536849,24996439.566416673,-405058800.23193496,384228115000000.0,384228099488481.4,511518.62470219657,-15828172.802991766
z,0.00066,0.66,0.0,0.0,1.0,27492.14339163439,717913.886283558,-14585801.340194855,-1863676.4748918759,984476.0679337056,-15465001.747153025,-380885156.00735426,-48666966.478575744,25708037.01316741,-403844085.4727626,384228115000000.0,384228099534998.25,465001.7471530251,-15874689.680540938
z,0.00067,0.67,0.0,0.0,1.0,27400.84770542972,715529.8436881719,-14537364.929718278,-1892419.5477926787,1012002.1988753644,-15417782.278635593,-379620315.67870075,-49417546.4124861,26426838.430618532,-402611023.6605683,384228115000000.0,384228099582217.75,417782.27863559313,-15921909.14905837
z,0.00068,0.68,0.0,0.0,1.0,27308.726214562026,713124.2365088065,-14488490.393243702,-1921185.6378375643,1039798.6439350727,-15369877.387146194,-378344034.38186127,-50168727.40274642,27152698.674158324,-401360063.1104494,384228115000000.0,384228099630122.6,369877.38714619353,-15969814.04054777
z,0.0006900000000000001,0.6900000000000001,0.0,0.0,1.0,27215.800232528985,710697.6213137774,-14439189.038526889,-1949975.104383226,1067859.8176249582,-15321304.325285155,-377056607.4010111,-50920518.833388954,27885471.88759623,-400091654.34680384,384228115000000.0,384228099678695.7,321304.3252851553,-16018387.102408808
z,0.0007000000000000001,0.7000000000000001,0.0,0.0,1.0,27122.091171881864,708250.5572580288,-14389472.225875929,-1978788.307501782,1096180.109259568,-15272080.424118143,-375758331.3926464,-51672930.10712814,28625011.556746695,-398806249.9430278,384228115000000.0,384228099727919.56,272080.4241181426,-16067611.00357582
z,0.0007100000000000001,0.7100000000000001,0.0,0.0,1.0,27027.62053650432,705783.6058815054,-14339351.364054797,-2007625.6079922295,1124753.88500703,-15222223.08704,-374449504.2786121,-52425970.64565973,29371170.562992003,-397504304.3612799,384228115000000.0,384228099777776.94,222223.08703999966,-16117468.340653963
z,0.0007200000000000002,0.7200000000000002,0.0,0.0,1.0,26932.409913898315,703297.3309077122,-14288837.906190686,-2036487.3673919823,1153575.489938422,-15171749.783644246,-373130425.1392286,-53179649.88996203,30123801.236798298,-396186273.7923923,384228115000000.0,384228099828250.2,171749.78364424594,-16167941.644049717
z,0.0007300000000000002,0.7300000000000002,0.0,0.0,1.0,26836.480967480813,700792.2980425544,-14237943.345687062,-2065373.947988359,1182639.2500742718,-15120678.043601148,-371801394.1065675,-53933977.30059595,30882755.41115671,-394852615.9960067,384228115000000.0,384228099879321.94,120678.04360114783,-16219013.384092815
z,0.0007400000000000002,0.7400000000000002,0.0,0.0,1.0,26739.855428895324,698269.0747735655,-14186679.212144598,-2094285.71283016,1211939.4744272141,-15069025.450547542,-370462712.2579333,-54688962.35800728,31647884.474924132,-393503790.1410164,384228115000000.0,384228099930974.56,69025.45054754242,-16270665.97714642
z,0.0007500000000000002,0.7500000000000002,0.0,0.0,1.0,26642.555090341797,695728.230169615,-14135057.06729185,-2123223.0257393117,1241470.457039791,-15016809.635991374,-369114681.5095994,-55444614.56283078,32419039.426037125,-392140256.6463931,384228115000000.0,384228099983190.4,16809.63599137403,-16322881.791702589
z,0.0007600000000000003,0.7600000000000002,0.0,0.0,1.0,26544.60179692892,693170.3346812003,-14083088.500927806,-2152186.2513225083,1271226.4790164053,-14964048.27323391,-367757604.510854,-56200943.4361942,33196070.924573194,-390762477.022475,384228115000000.0,384228100035951.75,-35951.72676609084,-16375643.154460054
z,0.0007700000000000003,0.7700000000000002,0.0,0.0,1.0,26446.017439052248,690595.9599414138,-14030785.126878135,-2181175.754982941,1301201.8105484147,-14910759.071312662,-366391784.53840446,-56957958.520024486,33978829.34563291,-389370913.71279603,384228115000000.0,384228100089240.94,-89240.92868733779,-16428932.3563813
z,0.0007800000000000003,0.7800000000000004,0.0,0.0,1.0,26346.823944802083,688005.6785676869,-13978158.578967255,-2210191.9029320376,1331390.7129314356,-14856959.768967854,-365017525.3911935,-57715669.377354495,34767164.83201861,-387966029.93652934,384228115000000.0,384228100143040.25,-143040.23103214614,-16482731.65872611
z,0.0007900000000000003,0.7900000000000004,0.0,0.0,1.0,26247.043272404608,685400.0639644015,-13925220.507007994,-2239235.0622012764,1361787.4405738397,-14802668.128635433,-363635131.28567624,-58474085.59263133,35560927.34668312,-386548289.5316245,384228115000000.0,384228100197331.9,-197331.87136456743,-16537023.29905853
z,0.0008000000000000004,0.8000000000000004,0.0,0.0,1.0,26146.69740269989,682779.6901264657,-13871982.572810857,-2268305.600654031,1392386.2429955462,-14747901.93046934,-362244906.7516079,-59233216.77202579,36359966.72492507,-385118156.79870856,384228115000000.0,384228100252098.06,-252098.0695306603,-16591789.497224623
z,0.0008100000000000004,0.8100000000000004,0.0,0.0,1.0,26045.808331660333,680145.1314439446,-13818456.446214717,-2297403.8869974716,1423181.3668161149,-14692678.966396073,-360847156.52839196,-59993072.543743014,37164132.72630477,-383676096.3458302,384228115000000.0,384228100307321.06,-307321.0336039271,-16647012.46129789
z,0.00082,0.82,0.0,0.0,1.0,25944.398062953085,677496.9625078392,-13764653.801140862,-2326530.290794518,1454167.057731239,-14637017.034204142,-359442185.4620378,-60753662.55833476,37973275.086257204,-382222572.9341154,384228115000000.0,384228100362982.94,-362982.96579585783,-16702674.39348982
z,0.00083,0.83,0.0,0.0,1.0,25842.48860054982,674835.757917103,-13710586.311672127,-2355685.1824758113,1485337.5624767232,-14580933.931671215,-358030298.40277326,-61514996.48901194,38787243.56737825,-380758051.3244069,384228115000000.0,384228100419066.06,-419066.0683287848,-16758757.496022748
z,0.00084,0.8400000000000001,0.0,0.0,1.0,25740.101941387322,672162.0920869842,-13656265.648159046,-2384868.933351811,1516687.1307790505,-14524447.450731805,-356611800.1033629,-62277084.0319605,39605888.01036061,-379282996.1249628,384228115000000.0,384228100475552.56,-475552.5492681954,-16815243.976962157
z,0.0008500000000000001,0.8500000000000001,0.0,0.0,1.0,25637.26006808224,669476.5390587834,-13601703.473354664,-2414081.9156248257,1548210.0172915852,-14467575.371687906,-355186995.1181752,-63039934.90665565,40429058.38455471,-377797871.6402762,384228115000000.0,384228100532424.6,-532424.6283120941,-16872116.05600606
z,0.0008600000000000001,0.8600000000000001,0.0,0.0,1.0,25533.984941703264,666779.6723111105,-13546911.438579898,-2443324.502401233,1579900.483515659,-14410335.457465475,-353756187.7030464,-63803558.856180914,41256604.83813481,-376303141.7210925,384228115000000.0,384228100589664.56,-589664.5425345246,-16929355.970228486
z,0.0008700000000000001,0.8700000000000001,0.0,0.0,1.0,25430.298494604,664072.064572726,-13491901.179921033,-2472597.0677036336,1611752.7997055503,-14352745.447919114,-352319681.71598434,-64567965.64754554,42088377.74784456,-374799269.6156853,384228115000000.0,384228100647254.56,-647254.5520808864,-16986945.979774848
z,0.0008800000000000001,0.8800000000000001,0.0,0.0,1.0,25326.22262331973,661354.2876370515,-13436684.314461134,-2501899.986483124,1643761.246756614,-14294823.054187644,-350877780.5187582,-65333165.072004996,42924227.768302515,-373286717.82246065,384228115000000.0,384228100705176.94,-705176.9458123557,-17044868.37350632
z,0.0008900000000000002,0.8900000000000001,0.0,0.0,1.0,25221.77918153113,658626.9121784286,-13381272.436547015,-2531233.634631617,1675920.1180756781,-14236585.953102956,-349430786.87941533,-66099166.945382655,43764005.88084457,-371765947.94395345,384228115000000.0,384228100763414.06,-763414.0468970444,-17103105.47459101
z,0.0009000000000000002,0.9000000000000002,0.0,0.0,1.0,25116.98997309805,655890.5075702067,-13325677.11409332,-2560598.3889941955,1708223.7214329024,-14178051.781654617,-347979002.87576926,-66865981.108392425,44607563.44188233,-370237420.5422794,384228115000000.0,384228100821948.2,-821948.2183453832,-17161639.646039344
z,0.0009100000000000002,0.9100000000000003,0.0,0.0,1.0,25011.87674516638,653145.6417047392,-13269909.884925425,-2589994.627381531,1740666.3807943359,-14119238.13151262,-346522729.79989946,-67633617.42696305,45454752.23075747,-368701594.996105,384228115000000.0,384228100880761.9,-880761.8684873804,-17220453.296181343
z,0.0009200000000000002,0.9200000000000003,0.0,0.0,1.0,24906.46118135081,650392.8808153631,-13213982.253162581,-2619422.7285823952,1773242.4381343538,-14060162.543610621,-345062268.0637033,-68402085.79256481,46305424.49707064,-367158929.35919744,384228115000000.0,384228100939837.44,-939837.4563893788,-17279528.88408334
z,0.0009300000000000003,0.9300000000000003,0.0,0.0,1.0,24800.76489499649,647632.7893004374,-13157905.685642948,-2648883.072376122,1805946.2552272414,-14000842.50279183,-343597917.10554147,-69171396.12253493,47159433.00746586,-365609880.22061056,384228115000000.0,384228100999157.5,-999157.4972081706,-17338848.924902134
z,0.0009400000000000003,0.9400000000000003,0.0,0.0,1.0,24694.809422522343,644865.9295495141,-13101691.608391892,-2678376.0395452897,1838772.2154171872,-13941295.432519995,-342129975.298013,-69941558.3604088,48016631.0918511,-364054902.56657064,384228115000000.0,384228101058704.56,-1058704.5674800053,-17398395.99517397
z,0.0009500000000000003,0.9500000000000003,0.0,0.0,1.0,24588.61621684869,642092.8617717111,-13045351.403135084,-2707902.0118883075,1871714.7253659351,-13881538.689657453,-340658739.8569001,-70712582.47624862,48876872.68903544,-362494449.64411324,384228115000000.0,384228101118461.3,-1118461.3103425466,-17458152.73803651
z,0.0009600000000000003,0.9600000000000003,0.0,0.0,1.0,24482.20664091191,639314.1438263579,-12988896.403857706,-2737461.3722321535,1904768.2167774157,-13821589.559312442,-339184506.751318,-71484478.46697608,49740012.39176509,-360928972.82652897,384228115000000.0,384228101178410.44,-1178410.4406875577,-17518101.868381523
z,0.0009700000000000004,0.9700000000000004,0.0,0.0,1.0,24375.601961268752,636530.3310559822,-12932337.893411288,-2767054.5044451393,1937927.148098655,-13761465.24975777,-337707570.61510706,-72257256.35670556,50605905.491139956,-359358921.48067266,384228115000000.0,384228101238534.75,-1238534.7502422296,-17578226.177936193
z,0.0009800000000000004,0.9800000000000004,0.0,0.0,1.0,24268.823341792715,633741.9761217007,-12875687.100169329,-2796681.7934497907,1971186.006196327,-13701182.887422793,-336228224.6595001,-73030926.19708067,51474408.02039414,-357784742.83618665,384228115000000.0,384228101298817.1,-1298817.1125772074,-17638508.54027117
z,0.00099,0.99,0.0,0.0,1.0,24161.891837465006,630949.6288410805,-12818955.194733147,-2826343.62523564,2004539.3080082356,-13640759.511960551,-334746760.5871006,-73805498.06760816,52345376.79802178,-356206881.856687,384228115000000.0,384228101359240.5,-1359240.4880394489,-17698931.915733412
z,0.001,1.0,0.0,0.0,1.0,24054.828388262402,628153.8360285291,-12762153.2866891,-2856040.3868722846,2037981.6021691924,-13580212.071392195,-333263468.507203,-74580982.07599899,53218669.47023431,-354625781.1129677,384228115000000.0,384228101419787.94,-1419787.9286078047,-17759479.35630177
z,0.00101,1.01,0.0,0.0,1.0,23947.653813144352,625355.141338278,-12705292.421418509,-2885772.466522376,2071507.4706105946,-13519557.417330291,-331778636.85248816,-75357388.35850748,54094144.552730866,-353041880.6582648,384228115000000.0,384228101480442.56,-1480442.5826697089,-17820134.010363672
z,0.00102,1.02,0.0,0.0,1.0,23840.388804141505,622554.0851100136,-12648383.5769613,-2915540.2534546787,2105111.530133184,-13458812.300282795,-330292552.29712343,-76134727.08027238,54971661.47176844,-351455617.90562737,384228115000000.0,384228101541187.7,-1541187.699717205,-17880879.127411168
z,0.00103,1.03,0.0,0.0,1.0,23733.053920547674,619751.2042172096,-12591437.660934653,-2945344.1380572594,2138788.4339523697,-13397993.36503954,-328805499.67629695,-76913008.43566121,55851080.60451551,-349867427.5074426,384228115000000.0,384228101602006.6,-1602006.6349604595,-17941698.06265442
z,0.0010400000000000001,1.04,0.0,0.0,1.0,23625.66958321759,616947.0319182217,-12534465.50750766,-2975184.5118507124,2172532.873215629,-13337117.146142744,-327317761.90721625,-77692242.64861569,56732263.31867658,-348277741.2371554,384228115000000.0,384228101662882.9,-1662882.8538572565,-18002574.28155122
z,0.0010500000000000002,1.05,0.0,0.0,1.0,23518.256068972056,614142.0977101872,-12477477.874433033,-3005061.767501402,2206339.5784913967,-13276200.063443037,-325829619.91159594,-78472439.9729975,57615072.01137221,-346686987.8732212,384228115000000.0,384228101723799.94,-1723799.9365569633,-18063491.36425093
z,0.0010600000000000002,1.0600000000000003,0.0,0.0,1.0,23410.8335051127,611336.9271857863,-12420485.440136923,-3034976.2988348505,2240203.321228986,-13215258.417742785,-324341352.53966266,-79253610.69293788,58499370.14726245,-345095593.08533806,384228115000000.0,384228101784741.56,-1784741.582257215,-18124433.009951178
z,0.0010700000000000002,1.0700000000000003,0.0,0.0,1.0,23303.421864047916,608532.0418929073,-12363498.800867759,-3064928.500849168,2274118.915189068,-13154308.386527857,-322853236.4957018,-80035765.12318838,59385022.29590163,-343503979.32298845,384228115000000.0,384228101845691.6,-1845691.6134721432,-18185383.041166104
z,0.0010800000000000002,1.0800000000000003,0.0,0.0,1.0,23196.040958031917,605727.9591972652,-12306528.467905063,-3094918.769728518,2308081.2178441836,-13093366.019789396,-321365546.26516986,-80818913.60947245,60271894.168310516,-341912565.70633173,384228115000000.0,384228101906634.0,-1906633.9802106041,-18246325.407904565
z,0.0010900000000000003,1.0900000000000003,0.0,0.0,1.0,23088.710434018365,602925.1921480119,-12249584.8648291,-3124947.5028567007,2342085.131748952,-13032447.235936848,-319878554.043396,-81603066.52884014,61159852.6527571,-340321767.919479,384228115000000.0,384228101967552.75,-1967552.7640631516,-18307244.191757113
z,0.0011000000000000003,1.1000000000000003,0.0,0.0,1.0,22981.44976863029,600124.2493463843,-12192678.32485217,-3155015.098830774,2376125.6058794553,-12971567.817803487,-318392529.66589254,-82388234.29002385,62048765.84973253,-338731998.1061838,384228115000000.0,384228102028432.2,-2028432.1821965128,-18368123.609890476
z,0.0011100000000000003,1.1100000000000003,0.0,0.0,1.0,22874.27826324775,597325.6348174257,-12135819.088212403,-3185121.957474788,2410197.6369414916,-12910743.4087457,-316907740.54029846,-83174427.33379689,62938503.10611407,-337143664.7679813,384228115000000.0,384228102089256.56,-2089256.5912542995,-18428948.018948264
z,0.0011200000000000003,1.1200000000000003,0.0,0.0,1.0,22767.21503921458,594529.8478848184,-12079017.299630733,-3215268.479853537,2444296.2706472804,-12849989.508836988,-315424451.57997197,-83961656.13333267,63828935.04850425,-335557172.6648004,384228115000000.0,384228102150010.5,-2150010.4911630116,-18489701.918856975
z,0.0011300000000000004,1.1300000000000003,0.0,0.0,1.0,22660.279033165592,591737.3830488598,-12022283.00583176,-3245455.068286413,2478416.6029602466,-12789321.471157925,-313942925.1392519,-84749931.19456644,64719933.61573643,-333972922.7180819,384228115000000.0,384228102210678.5,-2210678.528842075,-18550369.95653604
z,0.0011400000000000004,1.1400000000000003,0.0,0.0,1.0,22553.4889924755,588948.7298676192,-11965626.153129218,-3275682.1263613896,2512553.7813076316,-12728754.498182975,-312463420.95040596,-85539263.05656046,65611372.09054024,-332391311.9164261,384228115000000.0,384228102271245.5,-2271245.5018170252,-18610936.92951099
z,0.0011500000000000004,1.1500000000000004,0.0,0.0,1.0,22446.863470830645,586164.3728413001,-11909056.585076561,-3305950.0589489522,2546703.0057605463,-12668303.638264963,-310986196.06227946,-86329662.29186773,66503125.13035675,-330812733.22379035,384228115000000.0,384228102331696.4,-2331696.3617350366,-18671387.789429
z,0.00116,1.16,0.0,0.0,1.0,22340.42082392471,583384.7912998404,-11852584.040183356,-3336259.272216232,2580859.5301812305,-12607983.78221836,-309511504.7806626,-87121139.50690114,67395068.7972974,-329237575.4902664,384228115000000.0,384228102392016.2,-2392016.2177816406,-18731707.645475604
z,0.00117,1.17,0.0,0.0,1.0,22234.179205279237,580610.4592937722,-11796218.149697889,-3366610.1736411634,2615018.663337241,-12547809.66000181,-308039598.6103867,-87913705.34230313,68287080.58723922,-327666223.3654506,384228115000000.0,384228102452190.3,-2452190.3399981894,-18791881.767692152
z,0.00118,1.1800000000000002,0.0,0.0,1.0,22128.15656219007,577841.8454883692,-11739968.435456565,-3397003.1720267185,2649175.7699823105,-12487795.837500973,-306570726.1991648,-88707370.47331737,69179039.45804977,-326099057.2144324,384228115000000.0,384228102512204.2,-2512204.1624990273,-18851895.59019299
z,0.00119,1.1900000000000002,0.0,0.0,1.0,22022.370631800393,575079.4130611004,-11683844.307800477,-3427438.677515199,2683326.271903692,-12427956.713411985,-305105133.2831859,-89502145.61016203,70070825.85693686,-324536453.0364111,384228115000000.0,384228102572043.3,-2572043.286588015,-18911734.714281976
z,0.0012000000000000001,1.2000000000000002,0.0,0.0,1.0,21916.8389373011,572323.6196024088,-11627855.063559549,-3457917.101602693,2717465.6489357813,-12368306.516226465,-303643062.6344741,-90298041.4984073,70962321.74691774,-322978782.3859638,384228115000000.0,384228102631693.5,-2631693.483773535,-18971384.9114675
z,0.0012100000000000001,1.2100000000000002,0.0,0.0,1.0,21811.578784259334,569574.9170198372,-11572009.88410465,-3488438.8571535335,2751589.439939822,-12308859.30131836,-302184754.01002294,-91095068.9193529,71853410.6324025,-321426412.2969733,384228115000000.0,384228102691140.7,-2691140.6986816395,-19030832.1263756
z,0.0012200000000000002,1.2200000000000002,0.0,0.0,1.0,21706.607257075524,566833.7514455088,-11516317.83346789,-3519004.3584148325,2785693.2437495524,-12249628.948133169,-300730444.1027094,-91893238.6904076,72743977.5838882,-319879705.2092288,384228115000000.0,384228102750371.06,-2750371.0518668313,-19090062.479560792
z,0.0012300000000000002,1.2300000000000002,0.0,0.0,1.0,21601.94121556964,564100.563146983,-11460787.8565315,-3549614.0210311906,2819772.7200826984,-12190629.157479992,-299280366.49399996,-92692561.66547346,73633909.26176102,-318339018.89771235,384228115000000.0,384228102809370.8,-2809370.842520008,-19149062.27021397
z,0.0012400000000000002,1.2400000000000002,0.0,0.0,1.0,21497.597291696944,561375.7864414928,-11405428.777285367,-3580268.2620594027,2853823.5904181227,-12131873.448926648,-297834751.60844815,-93493048.73532969,74523093.93920165,-316804706.4045762,384228115000000.0,384228102868126.56,-2868126.551073352,-19207817.978767313
z,0.0012500000000000002,1.2500000000000002,0.0,0.0,1.0,21393.591886393606,558659.8496135721,-11350249.297153506,-3610967.4999832627,2887841.63883862,-12073375.158298148,-296393826.66999376,-94294710.82801935,75411421.52419354,-315277115.9738195,384228115000000.0,384228102926624.8,-2926624.841701852,-19266316.269395813
z,0.0012600000000000003,1.2600000000000002,0.0,0.0,1.0,21289.94116655252,555953.1748360847,-11295257.993389597,-3641712.1547284955,2921822.7128392505,-12015147.435278842,-294957815.6600642,-95097558.90923926,76298783.58063129,-313756590.9886722,384228115000000.0,384228102984852.56,-2984852.564721158,-19324543.992415123
z,0.0012700000000000003,1.2700000000000002,0.0,0.0,1.0,21186.661062129355,553256.1780946533,-11240463.317541614,-3672502.647677739,2955762.724101161,-11957203.241118193,-293526939.2774813,-95901603.98273121,77185073.34852767,-312243469.9116849,384228115000000.0,384228103042796.75,-3042796.7588818073,-19382488.18657577
z,0.0012800000000000003,1.2800000000000002,0.0,0.0,1.0,21083.767263379093,550569.2691154954,-11185873.593985686,-3703339.401685647,2989657.649230906,-11899555.346440429,-292101414.90017474,-96706857.09067637,78070185.76331995,-310738086.2275312,384228115000000.0,384228103100444.6,-3100444.653559571,-19440136.081253536
z,0.0012900000000000003,1.2900000000000003,0.0,0.0,1.0,20981.275218222952,547892.8512966655,-11131497.018529128,-3734222.8410940543,3023503.5304651884,-11842216.329157995,-290681456.5487031,-97513329.31409125,78954017.47427304,-309240768.3885213,384228115000000.0,384228103157783.7,-3157783.670842005,-19497475.09853597
z,0.0013000000000000004,1.3000000000000003,0.0,0.0,1.0,20879.200129745746,545227.3216427023,-11077341.657082686,-3765153.3917472153,3057296.4763411367,-11785198.572488766,-289267274.851581,-98321031.77322575,79836466.86198263,-307751839.7628241,384228115000000.0,384228103214801.44,-3214801.427511234,-19554492.855205197
z,0.0013100000000000004,1.3100000000000005,0.0,0.0,1.0,20777.556953823463,542573.0707026765,-11023415.444401864,-3796131.4810072053,3091032.6623320654,-11728514.263077004,-287859077.01241124,-99129975.6279652,80717434.0549772,-306271618.58539927,384228115000000.0,384228103271485.75,-3271485.736922996,-19611177.164616957
z,0.0013200000000000004,1.3200000000000005,0.0,0.0,1.0,20676.360396880882,539930.4825116347,-10969726.182897234,-3827157.5377693484,3124708.331448801,-11672175.389217783,-286457066.7788181,-99940172.07823332,81596820.94542065,-304800417.91163075,384228115000000.0,384228103327824.6,-3327824.6107822172,-19667516.03847618
z,0.00133,1.33,0.0,0.0,1.0,20575.624913779044,537299.9345354337,-10916281.541513652,-3858231.992477762,3158319.7948066792,-11616193.739184733,-285061444.4131791,-100751632.36439814,82474531.20391852,-303338545.5736587,384228115000000.0,384228103383806.25,-3383806.2608152665,-19723497.68850923
z,0.00134,1.34,0.0,0.0,1.0,20475.364705832057,534681.7976189529,-10863089.054678073,-3889355.277141004,3191863.432158266,-11560580.89966081,-283672406.6651497,-101564367.76768053,83350470.29342915,-301886304.1394011,384228115000000.0,384228103439419.1,-3439419.100339189,-19779110.528033152
z,0.00135,1.35,0.0,0.0,1.0,20375.59371895295,532076.4359376763,-10810156.12131586,-3920527.8253478077,3225335.6923919218,-11505348.254271746,-282290146.74597514,-102378389.6105652,84224545.48228294,-300443990.87425745,384228115000000.0,384228103494651.75,-3494651.7457282543,-19834343.173422217
z,0.00136,1.36,0.0,0.0,1.0,20276.32564192804,529484.2069526298,-10757490.003935244,-3951750.0722829057,3258733.0939963674,-11450506.982221782,-280914854.304583,-103193709.25721385,85096665.85631374,-299011897.70548314,384228115000000.0,384228103549493.0,-3549493.017778218,-19889184.44547218
z,0.0013700000000000001,1.37,0.0,0.0,1.0,20177.573904819186,526905.461368659,-10705097.827779667,-3983022.454742971,3292052.225491366,-11396068.05703127,-279546715.4054476,-104010338.11388141,85966742.33010536,-297590311.1892236,384228115000000.0,384228103603931.94,-3603931.94296873,-19943623.370662693
z,0.0013800000000000002,1.3800000000000001,0.0,0.0,1.0,20079.35167749344,524340.5430960332,-10652986.580047678,-4014345.4111526683,3325289.7458247337,-11342042.245375615,-278185912.5082191,-104828287.62933531,86834687.65735903,-296179512.48019546,384228115000000.0,384228103657957.75,-3657957.7546243854,-19997649.18231835
z,0.0013900000000000002,1.3900000000000001,0.0,0.0,1.0,19981.671868279227,521789.78921535355,-10601163.109179992,-4045719.381580733,3358442.384735788,-11288440.106024934,-276832624.44910604,-105647569.29527524,87700416.44038412,-294779777.3039971,384228115000000.0,384228103711559.9,-3711559.893975066,-20051251.321669027
z,0.0014000000000000002,1.4000000000000001,0.0,0.0,1.0,19884.547122748434,519253.5299457496,-10549634.12421332,-4077144.807756279,3391506.943085546,-11235271.988884054,-275487026.42400163,-106468194.64675905,88563845.1387208,-293391375.9320399,384228115000000.0,384228103764728.0,-3764728.011115946,-20104419.43880991
z,0.0014100000000000002,1.4100000000000001,0.0,0.0,1.0,19787.98982262347,516732.0886163386,-10498406.194200525,-4108622.133085077,3424480.2931537996,-11182548.034131803,-274149289.9733421,-107290175.26262785,89424892.07689773,-292014573.1590722,384228115000000.0,384228103817451.94,-3817451.9658681974,-20157143.39356216
z,0.0014200000000000003,1.4200000000000002,0.0,0.0,1.0,19692.012084808455,514225.78164092655,-10447485.747696633,-4140151.802666013,3457359.3789033378,-11130278.171459306,-272819582.9686846,-108113522.7659358,90283477.4513318,-290649628.2832886,384228115000000.0,384228103869721.8,-3869721.828540694,-20209413.256234657
z,0.0014300000000000003,1.4300000000000004,0.0,0.0,1.0,19596.62576054362,511734.9184959268,-10396879.072310178,-4171734.2633076836,3490141.2162115993,-11078472.119406262,-271498069.60099155,-108938248.82438341,91139523.3363773,-289296795.08899766,384228115000000.0,384228103921527.9,-3921527.8805937376,-20261219.308287703
z,0.0014400000000000003,1.4400000000000004,0.0,0.0,1.0,19501.842434681763,509259.8017014657,-10346592.314319357,-4203369.963544951,3522822.8930699737,-11027139.384794336,-270184910.3706066,-109764365.1507499,91992953.68953042,-287956321.83182615,384228115000000.0,384228103972860.6,-3972860.615205664,-20312552.042899627
z,0.0014500000000000003,1.4500000000000004,0.0,0.0,1.0,19407.673425085864,506800.7268056525,-10296631.478352433,-4235059.353655817,3555401.5697510927,-10976289.262257159,-268880262.07890946,-110591883.50333388,92843694.35579781,-286628451.22644556,384228115000000.0,384228104023710.75,-4023710.7377428412,-20363402.165436804
z,0.0014600000000000004,1.4600000000000004,0.0,0.0,1.0,19314.129782146585,504357.98237197933,-10247002.427131724,-4266802.885678216,3587874.478944339,-10925930.833865605,-267584277.82163006,-111420815.68639174,93691673.07123512,-285313420.43678683,384228115000000.0,384228104074069.2,-4074069.1661343947,-20413760.593828358
z,0.0014700000000000004,1.4700000000000004,0.0,0.0,1.0,19221.222288418496,501931.84996982204,-10197710.88128064,-4298601.013427027,3620238.9258599905,-10876072.968847679,-266297106.98381013,-112251173.55058199,94536819.4656666,-284011461.0687256,384228115000000.0,384228104123927.0,-4123927.031152321,-20463618.458846286
z,0.0014800000000000004,1.4800000000000004,0.0,0.0,1.0,19128.96145837388,499522.6041680112,-10148762.419193044,-4330454.192511176,3652492.288302233,-10826724.323401986,-265018895.23639134,-113082968.9934119,95379065.06459174,-282722799.16521144,384228115000000.0,384228104173275.7,-4173275.6765980143,-20512967.104291975
z,0.0014900000000000004,1.4900000000000004,0.0,0.0,1.0,19037.35753827263,497130.5125314345,-10100162.476964222,-4362362.880350822,3684632.016711447,-10777893.340603596,-263749784.53441286,-113916213.95968615,96218343.2902894,-281447655.20380956,384228115000000.0,384228104222106.7,-4222106.659396404,-20561798.087090366
z,0.0015,1.5,0.0,0.0,1.0,18946.420506147064,494755.83562064025,-10051916.348382846,-4394327.536194695,3716655.634176112,-10729588.250401426,-262489913.11680153,-114750920.44195971,97054589.46212885,-280186244.0966323,384228115000000.0,384228104270411.75,-4270411.749598574,-20610103.177292537
z,0.00151,1.51,0.0,0.0,1.0,18856.16007190012,492398.8269944019,-10004029.18498306,-4426348.621137515,3748560.736414693,-10681817.06970588,-261239415.50773197,-115587100.48099263,97887740.79609664,-278938775.1926279,384228115000000.0,384228104318182.94,-4318182.930294121,-20657874.357988082
z,0.00152,1.52,0.0,0.0,1.0,18766.585677515628,490059.7332152084,-9956505.996156024,-4458426.598137576,3780344.9917279063,-10634587.602565693,-259998422.51953936,-116424766.16620931,98717736.40355013,-277705452.2821985,384228115000000.0,384228104365412.4,-4365412.397434307,-20705103.825128272
z,0.0015300000000000001,1.53,0.0,0.0,1.0,18677.706497378946,487738.7938576377,-9909351.649320066,-4490561.932034353,3812006.140921747,-10587907.440432673,-258767061.2571626,-117263929.63615814,99544517.28920746,-276486473.60411334,384228115000000.0,384228104412092.56,-4412092.559567327,-20751783.987261288
z,0.0015400000000000001,1.54,0.0,0.0,1.0,18589.53143870666,485436.2415195772,-9862570.870148612,-4522755.0895663705,3843541.9972017286,-10541783.962513251,-257545455.12409657,-118104603.07897826,100368026.34838581,-275282031.85468894,384228115000000.0,384228104458216.06,-4458216.037486749,-20797907.46518071
z,0.0015500000000000002,1.5500000000000003,0.0,0.0,1.0,18502.069142083557,483152.30183624633,-9816168.242855102,-4555006.539389067,3874950.4460386974,-10496224.336205471,-256333723.82983202,-118946798.73286594,101188208.36349738,-274092314.1992006,384228115000000.0,384228104503775.7,-4503775.663794529,-20843467.09148849
z,0.0015600000000000002,1.5600000000000003,0.0,0.0,1.0,18415.32798210535,480887.19349697995,-9770148.210533973,-4587316.7520928215,3906229.445006695,-10451235.5176201,-255131983.39876,-119790528.88654536,102005009.99981532,-272917502.28549004,384228115000000.0,384228104548764.5,-4548764.4823799,-20888455.91007386
z,0.0015700000000000002,1.5700000000000003,0.0,0.0,1.0,18329.316068125474,478641.12826473,-9724515.075556865,-4619686.200221152,3937377.023593329,-10406824.25218469,-253940346.180518,-120635805.8797439,102818379.80052198,-271757772.25974,384228115000000.0,384228104593175.75,-4593175.747815309,-20932867.175509274
z,0.0015800000000000002,1.5800000000000003,0.0,0.0,1.0,18244.041245104127,476414.3109982368,-9679273.00002309,-4652115.358288932,3968391.2829830367,-10362997.075328985,-252758920.86175328,-121482642.1036677,103628268.18104915,-270613294.78437185,384228115000000.0,384228104637002.94,-4637002.924671015,-20976694.35236498
z,0.0015900000000000003,1.5900000000000003,0.0,0.0,1.0,18159.51109455804,474206.93967683084,-9634426.006263515,-4684604.702800858,3999270.395813807,-10319760.313250568,-251587812.47928107,-122331050.00148407,104434627.42272517,-269484235.05804,384228115000000.0,384228104680239.7,-4680239.686749432,-21019931.114443395
z,0.0016000000000000003,1.6000000000000003,0.0,0.0,1.0,18075.732935608918,472019.20542781084,-9589977.977396801,-4717154.712269947,4030012.6059077308,-10277120.083759017,-250427122.43460977,-123181042.06880432,105237411.66573878,-268370752.83767533,384228115000000.0,384228104722879.94,-4722879.916240983,-21062571.343934946
z,0.0016100000000000003,1.6100000000000003,0.0,0.0,1.0,17992.713826128915,469851.29255635664,-9545932.657937149,-4749765.867236203,4060616.227975949,-10235082.297197402,-249276948.50981125,-124032630.85417143,106036576.9014342,-267273002.46254846,384228115000000.0,384228104764917.7,-4764917.7028025985,-21104609.13049656
z,0.0016200000000000003,1.6200000000000003,0.0,0.0,1.0,17910.460563981258,467703.3785779255,-9502293.654452473,-4782438.650285413,4091079.647298436,-10193652.657439446,-248137384.88470814,-124885828.9595507,106832080.96394928,-266191132.88030946,384228115000000.0,384228104806347.3,-4806347.342560554,-21146038.770254515
z,0.0016300000000000004,1.6300000000000003,0.0,0.0,1.0,17828.97968835407,465575.63425308315,-9459064.436272088,-4815173.546068084,4121401.319379148,-10152836.662961025,-247008522.15535384,-125740649.0408244,107623883.52121018,-265125287.67496806,384228115000000.0,384228104847163.3,-4847163.337038975,-21186854.76473294
z,0.0016400000000000004,1.6400000000000003,0.0,0.0,1.0,17748.277481185523,463468.22362471937,-9416248.336242806,-4847971.041318461,4151579.7695770254,-10112639.607984243,-245890447.35377687,-126597103.80828823,108411946.06529562,-264075605.0967695,384228115000000.0,384228104887360.4,-4887360.392015757,-21227051.81970972
z,0.0016500000000000004,1.6500000000000004,0.0,0.0,1.0,17668.35996867845,461381.30405759945,-9373848.55153248,-4880831.624873769,4181613.592713389,-10073066.58369286,-244783243.9689641,-127455206.02715397,109196231.90218459,-263042218.09393343,384228115000000.0,384228104926933.44,-4926933.41630714,-21266624.844001103
z,0.0016600000000000005,1.6600000000000004,0.0,0.0,1.0,17589.232922902283,459315.0262801967,-9331868.144479936,-4913755.7876935,4211501.452656217,-10034122.47951722,-243686991.96905532,-128314968.51805303,109976706.1409005,-262025254.34620786,384228115000000.0,384228104965877.5,-4965877.52048278,-21305568.94817674
z,0.00167,1.6700000000000002,0.0,0.0,1.0,17510.901863480467,457269.5344287561,-9290310.04349021,-4946744.022878889,4241242.081881863,-9995811.984487236,-242601767.82472116,-129176404.15754505,110753335.68206602,-261024836.30020013,384228115000000.0,384228105004188.0,-5004188.015512764,-21343879.443206728
z,0.00168,1.6800000000000002,0.0,0.0,1.0,17433.3720593613,455244.9660935374,-9249177.043974048,-4979796.825692526,4270834.281014745,-9958139.588651828,-241527644.53369635,-130039525.87863001,111526089.2058829,-260041081.20644346,384228115000000.0,384228105041860.44,-5041860.4113481715,-21381551.839042135
z,0.00169,1.6900000000000002,0.0,0.0,1.0,17356.648530670183,453241.4523671836,-9208471.809330614,-5012914.693578097,4300276.918345539,-9921109.584563173,-240464691.64644188,-130904346.67126383,112294937.15955025,-259074101.1581555,384228115000000.0,384228105078890.44,-5078890.415436827,-21418581.84313079
z,0.0017000000000000001,1.7000000000000002,0.0,0.0,1.0,17280.73605064109,451259.11789515795,-9168196.871972227,-5046098.126180237,4329568.9293283895,-9884726.068824077,-239412975.29290414,-131770879.58287668,113059851.7441351,-258124003.1316458,384228115000000.0,384228105115273.94,-5115273.931175923,-21454965.358869888
z,0.0017100000000000001,1.7100000000000002,0.0,0.0,1.0,17205.63914762545,449298.0809282031,-9128354.63439015,-5079347.625364624,4358709.316057794,-9848992.943696983,-238372558.21034643,-132639137.71889777,113820806.90091194,-257190889.02833238,384228115000000.0,384228105151007.06,-5151007.056303017,-21490698.48399698
z,0.0017200000000000002,1.7200000000000002,0.0,0.0,1.0,17131.362107176035,447358.4533767585,-9088947.370260194,-5112663.695238091,4387697.146725562,-9813913.918772724,-237343499.77222016,-133509134.24328057,114577778.29718219,-256274855.71831858,384228115000000.0,384228105186086.06,-5186086.0812272765,-21525777.50892124
z,0.0017300000000000002,1.7300000000000002,0.0,0.0,1.0,17057.908974204085,445440.34086729,-9049977.22558716,-5146046.842168975,4416531.55505855,-9779492.512697583,-236325856.01804987,-134380882.3790341,115330743.3115914,-255375995.08549252,384228115000000.0,384228105220507.5,-5220507.487302417,-21560198.914996378
z,0.0017400000000000002,1.7400000000000002,0.0,0.0,1.0,16985.28355520721,443543.8428004683,-9011446.219886849,-5179497.574807562,4445211.739737632,-9745732.054956779,-235319679.6842999,-135254395.4087569,116079681.01895674,-254494394.07410002,384228115000000.0,384228105254267.94,-5254267.945043221,-21593959.372737184
z,0.0017500000000000003,1.7500000000000002,0.0,0.0,1.0,16913.489420566304,441669.05241114926,-8973356.247404672,-5213016.404106765,4473736.96379855,-9712635.687712887,-234325020.2361961,-136129686.67517698,116824572.17462103,-253630134.73675203,384228115000000.0,384228105287364.3,-5287364.312287113,-21627055.739981078
z,0.0017600000000000003,1.7600000000000002,0.0,0.0,1.0,16842.529906908996,439816.05683009134,-8935709.07836956,-5246603.843342823,4502106.554015135,-9680206.367697248,-233341923.90047002,-137006769.5816923,117565399.1983466,-252783294.28381577,384228115000000.0,384228105319793.6,-5319793.632302752,-21659485.059996717
z,0.0017700000000000003,1.7700000000000002,0.0,0.0,1.0,16772.40811953771,437984.93714736094,-8898506.360282175,-5280260.408136255,4530319.900265527,-9648446.868152903,-232370433.6989984,-137885657.5929181,118302146.15776503,-251953945.13415146,384228115000000.0,384228105351553.1,-5351553.131847097,-21691244.55954106
z,0.0017800000000000003,1.7800000000000002,0.0,0.0,1.0,16703.126934920158,436175.7684773673,-8861749.619236205,-5313986.616472931,4558376.454881939,-9617359.780827196,-231410589.48330653,-138766364.23523682,119034798.75139745,-251142154.96714592,384228115000000.0,384228105382640.25,-5382640.219172804,-21722331.64686677
z,0.0017900000000000004,1.7900000000000003,0.0,0.0,1.0,16634.689003240026,434388.6200254702,-8825440.261271633,-5347782.988725321,4586275.731984553,-9586947.518012399,-230462427.9699071,-139648903.09735343,119763344.2912601,-250347986.77600038,384228115000000.0,384228105413052.5,-5413052.481987601,-21752743.909681566
z,0.0018000000000000004,1.8000000000000005,0.0,0.0,1.0,16567.096751005756,432623.5551561036,-8789579.573758798,-5381650.047673872,4614017.30680009,-9557212.314632583,-229525982.77644235,-140533287.83085322,120487771.68506993,-249571498.9222257,384228115000000.0,384228105442787.7,-5442787.685367417,-21782479.11306138
z,0.0018100000000000004,1.8100000000000005,0.0,0.0,1.0,16500.352383715253,430880.63146236056,-8754168.726812158,-5415588.318528541,4641600.814965664,-9528156.230375035,-228601284.45860255,-141419532.1507644,121208071.41806592,-248812745.19130102,384228115000000.0,384228105471843.75,-5471843.769624965,-21811535.197318926
z,0.0018200000000000004,1.8200000000000005,0.0,0.0,1.0,16434.45788857438,429159.9008369822,-8719208.77473255,-5449598.328950556,4669025.951818483,-9499781.151864626,-227688360.5477883,-142307649.83612618,121924235.53446059,-248071774.84945393,384228115000000.0,384228105500218.9,-5500218.8481353745,-21839910.275829338
z,0.0018300000000000005,1.8300000000000005,0.0,0.0,1.0,16369.415037267025,427461.4095446941,-8684700.657476855,-5483680.609074242,4696292.47167196,-9472088.794879137,-226787235.58948827,-143197654.7305589,122636257.61853696,-247348632.70151016,384228115000000.0,384228105527911.2,-5527911.205120863,-21867602.632814825
z,0.0018400000000000005,1.8400000000000005,0.0,0.0,1.0,16305.225388774626,425785.19829583325,-8650645.202153867,-5517835.691529092,4723400.187078809,-9445080.706604151,-225897931.1823418,-144089560.74284014,123344132.77540529,-246643359.1497767,384228115000000.0,384228105554919.3,-5554919.293395849,-21894610.72108981
z,0.00185,1.85,0.0,0.0,1.0,16241.890292243006,424131.3023212111,-8617043.12454527,-5552064.111461978,4750348.96808172,-9418758.267925529,-225020466.01785666,-144983381.84748495,124047857.61143576,-245955990.25390586,384228115000000.0,384228105581241.75,-5581241.732074471,-21920933.159768432
z,0.00186,1.86,0.0,0.0,1.0,16179.410889894283,422499.75144815346,-8583895.030650567,-5586366.406559496,4777138.741452147,-9393122.695757918,-224154855.92075235,-145879132.08532917,124747430.21438062,-245286557.79170096,384228115000000.0,384228105606877.3,-5606877.304242082,-21946568.731936045
z,0.0018700000000000001,1.87,0.0,0.0,1.0,16117.788119981913,420890.570177667,-8551201.418254822,-5620743.117070523,4803769.489917824,-9368175.045407524,-223301113.88989928,-146776825.56411868,125442850.13320193,-244635089.32081613,384228115000000.0,384228105631824.94,-5631824.954592476,-21971516.382286437
z,0.0018800000000000002,1.8800000000000001,0.0,0.0,1.0,16057.022719786459,419303.77776266856,-8518962.67851807,-5655194.785828961,4830241.251379522,-9343916.21296751,-222459250.13982373,-147676476.4591031,126134118.3576184,-244001608.24130842,384228115000000.0,384228105656083.8,-5656083.787032491,-21995775.214726456
z,0.0018900000000000002,1.8900000000000001,0.0,0.0,1.0,15997.11522865019,417739.3882872294,-8487179.09758531,-5689721.958276606,4856554.11811767,-9320346.937744245,-221629272.14275023,-148578099.01363316,126821237.2973877,-243386133.85899565,384228115000000.0,384228105679653.06,-5679653.062255755,-22019344.489949718
z,0.0019000000000000002,1.9000000000000001,0.0,0.0,1.0,15938.065991048305,416197.4107467751,-8455850.858215906,-5724325.182486216,4882708.235989354,-9297467.804712765,-220811184.67115083,-149481707.53976288,127504210.76133713,-242788681.44957653,384228115000000.0,384228105702532.2,-5702532.195287235,-22042223.622981198
z,0.0019100000000000002,1.9100000000000001,0.0,0.0,1.0,15879.875159694631,414677.84912918584,-8424978.04143132,-5759005.009184764,4908703.803616268,-9275279.246999819,-220004989.84077302,-150387316.41885707,128183043.9361584,-242209262.32347172,384228115000000.0,384228105724720.75,-5724720.753000181,-22064412.180694144
z,0.0019200000000000007,1.9200000000000006,0.0,0.0,1.0,15822.542698679808,413180.7024967455,-8394560.628180046,-5793761.991776857,4934541.071564191,-9253781.548392711,-219210687.1541167,-151294940.10220262,128857743.36498095,-241647883.89133838,384228115000000.0,384228105746218.44,-5746218.451607289,-22085909.87930125
z,0.0019300000000000003,1.9300000000000004,0.0,0.0,1.0,15766.068386639836,411705.965068883,-8364598.501018659,-5828596.686368346,4960220.341514516,-9232974.845872492,-218428273.5443325,-152204593.1116252,129528316.92573766,-241104549.7302201,384228115000000.0,384228105767025.1,-5767025.154127508,-22106716.58182147
z,0.0019399999999999999,1.94,0.0,0.0,1.0,15710.451819952887,410253.62630565197,-8335091.445807883,-5863509.651790137,4985741.965428402,-9212859.132169617,-217657743.41951153,-153116290.04011092,130194773.80933811,-240579259.65028432,384228115000000.0,384228105787140.9,-5787140.867830383,-22126832.295524344
z,0.0019500000000000003,1.9500000000000004,0.0,0.0,1.0,15655.69241596237,408823.6709918962,-8306039.153422554,-5898501.449622116,5011106.344704039,-9193434.25834063,-216899088.7073386,-154030045.55243114,130857124.49766181,-240072009.76210794,384228115000000.0,384228105806565.75,-5806565.741659369,-22146257.169353332
z,0.00196,1.96,0.0,0.0,1.0,15601.789416224346,407416.07932205056,-8277441.2214745255,-5933572.644217363,5036313.929327671,-9174699.936364215,-216152298.900083,-154945874.38577494,131515380.74138853,-239582792.54446936,384228115000000.0,384228105825300.06,-5825300.063635785,-22164991.49132975
z,0.0019700000000000004,1.9700000000000004,0.0,0.0,1.0,15548.741889776951,406030.82698551693,-8249297.156047242,-5968723.802726481,5061365.217018783,-9156655.741754936,-215417361.09989432,-155863791.35038415,132169555.53767619,-239111596.9126022,384228115000000.0,384228105843344.25,-5843344.258245064,-22183035.68593903
z,0.00198,1.98,0.0,0.0,1.0,15496.548736430277,404667.88525257417,-8221606.373441162,-6003955.495122133,5086260.752370066,-9139301.11619323,-214694260.06438124,-156783811.3301943,132819663.10770245,-238658408.28687313,384228115000000.0,384228105860698.9,-5860698.883806771,-22200390.311500736
z,0.0019900000000000004,1.9900000000000004,0.0,0.0,1.0,15445.20869007435,403327.2210607609,-8194368.201928794,-6039268.294223816,5111001.125982672,-9122635.37016994,-213982978.25244176,-157705949.2834815,133465718.87408325,-238223208.66184005,384228115000000.0,384228105877364.6,-5877364.6298300605,-22217056.057524025
z,0.002,2.0,0.0,0.0,1.0,15394.720322003584,402008.797101688,-8167581.883518462,-6074662.775722751,5135586.973597238,-9106657.685643977,-213283495.87032086,-158630220.24351236,134107739.43818082,-237805976.6756524,384228115000000.0,384228105893342.3,-5893342.314356023,-22233033.742049985
