signed_speed_along_scan_m_per_s,horizontal_x_incident_trapping_projected_speed_m_per_s,horizontal_x_incident_trapping_doppler_shift_hz,horizontal_x_incident_trapping_atom_frame_wavelength_nm,horizontal_x_retro_trapping_projected_speed_m_per_s,horizontal_x_retro_trapping_doppler_shift_hz,horizontal_x_retro_trapping_atom_frame_wavelength_nm,horizontal_y_incident_trapping_projected_speed_m_per_s,horizontal_y_incident_trapping_doppler_shift_hz,horizontal_y_incident_trapping_atom_frame_wavelength_nm,horizontal_y_retro_trapping_projected_speed_m_per_s,horizontal_y_retro_trapping_doppler_shift_hz,horizontal_y_retro_trapping_atom_frame_wavelength_nm,vertical_z_incident_trapping_projected_speed_m_per_s,vertical_z_incident_trapping_doppler_shift_hz,vertical_z_incident_trapping_atom_frame_wavelength_nm,vertical_z_retro_trapping_projected_speed_m_per_s,vertical_z_retro_trapping_doppler_shift_hz,vertical_z_retro_trapping_atom_frame_wavelength_nm
-25.0,-10.91089451179962,7134712.964710893,1529.2688253425265,10.91089451179962,-7134712.964710893,1529.2689366574778,21.82178902359924,-14269425.929421786,1529.2689923149594,-21.82178902359924,14269425.929421786,1529.2687696850567,-5.45544725589981,3567356.4823554466,1529.2688531712624,5.45544725589981,-3567356.4823554466,1529.2689088287382
-24.875,-10.85634003924062,7099039.399887338,1529.2688256208135,10.85634003924062,-7099039.399887338,1529.26893637919,21.71268007848124,-14198078.799774677,1529.2689917583846,-21.71268007848124,14198078.799774677,1529.2687702416315,-5.42817001962031,3549519.699943669,1529.2688533104065,5.42817001962031,-3549519.699943669,1529.2689086895946
-24.75,-10.801785566681623,7063365.835063783,1529.268825899101,10.801785566681623,-7063365.835063783,1529.268936100903,21.603571133363246,-14126731.670127567,1529.2689912018097,-21.603571133363246,14126731.670127567,1529.268770798206,-5.400892783340812,3531682.9175318917,1529.26885344955,5.400892783340812,-3531682.9175318917,1529.268908550451
-24.625,-10.747231094122625,7027692.27024023,1529.2688261773885,10.747231094122625,-7027692.27024023,1529.2689358226155,21.49446218824525,-14055384.54048046,1529.268990645235,-21.49446218824525,14055384.54048046,1529.2687713547807,-5.373615547061313,3513846.135120115,1529.2688535886937,5.373615547061313,-3513846.135120115,1529.2689084113072
-24.5,-10.692676621563628,6992018.705416676,1529.2688264556757,10.692676621563628,-6992018.705416676,1529.268935544328,21.385353243127255,-13984037.410833351,1529.26899008866,-21.385353243127255,13984037.410833351,1529.2687719113553,-5.346338310781814,3496009.352708338,1529.2688537278375,5.346338310781814,-3496009.352708338,1529.2689082721636
-24.375,-10.638122149004628,6956345.14059312,1529.2688267339631,10.638122149004628,-6956345.14059312,1529.2689352660407,21.276244298009257,-13912690.28118624,1529.2689895320852,-21.276244298009257,13912690.28118624,1529.2687724679301,-5.319061074502314,3478172.57029656,1529.268853866981,5.319061074502314,-3478172.57029656,1529.2689081330197
-24.25,-10.58356767644563,6920671.575769566,1529.2688270122505,10.58356767644563,-6920671.575769566,1529.2689349877533,21.16713535289126,-13841343.151539132,1529.2689889755104,-21.16713535289126,13841343.151539132,1529.2687730245048,-5.291783838222815,3460335.787884783,1529.2688540061247,5.291783838222815,-3460335.787884783,1529.2689079938762
-24.125,-10.529013203886633,6884998.010946011,1529.2688272905377,10.529013203886633,-6884998.010946011,1529.2689347094658,21.058026407773266,-13769996.021892022,1529.2689884189356,-21.058026407773266,13769996.021892022,1529.2687735810794,-5.264506601943316,3442499.0054730056,1529.2688541452685,5.264506601943316,-3442499.0054730056,1529.2689078547326
-24.0,-10.474458731327635,6849324.446122457,1529.2688275688251,10.474458731327635,-6849324.446122457,1529.2689344311784,20.94891746265527,-13698648.892244915,1529.2689878623607,-20.94891746265527,13698648.892244915,1529.2687741376542,-5.237229365663818,3424662.2230612286,1529.268854284412,5.237229365663818,-3424662.2230612286,1529.2689077155887
-23.875,-10.419904258768637,6813650.881298903,1529.2688278471123,10.419904258768637,-6813650.881298903,1529.268934152891,20.839808517537275,-13627301.762597807,1529.268987305786,-20.839808517537275,13627301.762597807,1529.2687746942288,-5.209952129384319,3406825.4406494517,1529.2688544235557,5.209952129384319,-3406825.4406494517,1529.2689075764451
-23.75,-10.365349786209638,6777977.316475348,1529.2688281254,10.365349786209638,-6777977.316475348,1529.2689338746038,20.730699572419276,-13555954.632950695,1529.268986749211,-20.730699572419276,13555954.632950695,1529.2687752508034,-5.182674893104819,3388988.658237674,1529.2688545626997,5.182674893104819,-3388988.658237674,1529.2689074373013
-23.625,-10.31079531365064,6742303.751651794,1529.2688284036874,10.31079531365064,-6742303.751651794,1529.2689335963164,20.62159062730128,-13484607.503303587,1529.2689861926362,-20.62159062730128,13484607.503303587,1529.268775807378,-5.15539765682532,3371151.875825897,1529.268854701843,5.15539765682532,-3371151.875825897,1529.2689072981577
-23.5,-10.256240841091643,6706630.18682824,1529.2688286819746,10.256240841091643,-6706630.18682824,1529.2689333180288,20.512481682183285,-13413260.37365648,1529.2689856360614,-20.512481682183285,13413260.37365648,1529.268776363953,-5.128120420545821,3353315.09341412,1529.2688548409867,5.128120420545821,-3353315.09341412,1529.2689071590141
-23.375,-10.201686368532645,6670956.622004685,1529.268828960262,10.201686368532645,-6670956.622004685,1529.2689330397416,20.40337273706529,-13341913.24400937,1529.2689850794866,-20.40337273706529,13341913.24400937,1529.2687769205274,-5.100843184266322,3335478.3110023425,1529.2688549801303,5.100843184266322,-3335478.3110023425,1529.2689070198703
-23.25,-10.147131895973645,6635283.05718113,1529.2688292385494,10.147131895973645,-6635283.05718113,1529.2689327614542,20.29426379194729,-13270566.11436226,1529.2689845229118,-20.29426379194729,13270566.11436226,1529.268777477102,-5.073565947986823,3317641.528590565,1529.2688551192743,5.073565947986823,-3317641.528590565,1529.2689068807265
-23.125,-10.092577423414648,6599609.492357575,1529.2688295168366,10.092577423414648,-6599609.492357575,1529.2689324831667,20.185154846829295,-13199218.98471515,1529.268983966337,-20.185154846829295,13199218.98471515,1529.2687780336767,-5.046288711707324,3299804.7461787877,1529.268855258418,5.046288711707324,-3299804.7461787877,1529.268906741583
-23.0,-10.03802295085565,6563935.927534021,1529.268829795124,10.03802295085565,-6563935.927534021,1529.2689322048793,20.0760459017113,-13127871.855068043,1529.268983409762,-20.0760459017113,13127871.855068043,1529.2687785902517,-5.019011475427825,3281967.9637670107,1529.2688553975615,5.019011475427825,-3281967.9637670107,1529.268906602439
-22.875,-9.983468478296652,6528262.362710468,1529.2688300734117,9.983468478296652,-6528262.362710468,1529.268931926592,19.966936956593305,-13056524.725420935,1529.2689828531873,-19.966936956593305,13056524.725420935,1529.2687791468263,-4.991734239148326,3264131.181355234,1529.2688555367054,4.991734239148326,-3264131.181355234,1529.2689064632955
-22.75,-9.928914005737655,6492588.797886913,1529.2688303516986,9.928914005737655,-6492588.797886913,1529.2689316483045,19.85782801147531,-12985177.595773825,1529.2689822966124,-19.85782801147531,12985177.595773825,1529.268779703401,-4.964457002868827,3246294.3989434564,1529.268855675849,4.964457002868827,-3246294.3989434564,1529.2689063241519
-22.625,-9.874359533178655,6456915.233063358,1529.2688306299863,9.874359533178655,-6456915.233063358,1529.268931370017,19.74871906635731,-12913830.466126716,1529.2689817400376,-19.74871906635731,12913830.466126716,1529.2687802599758,-4.937179766589328,3228457.616531679,1529.2688558149925,4.937179766589328,-3228457.616531679,1529.268906185008
-22.5,-9.819805060619657,6421241.668239803,1529.2688309082735,9.819805060619657,-6421241.668239803,1529.2689310917297,19.639610121239315,-12842483.336479606,1529.2689811834628,-19.639610121239315,12842483.336479606,1529.2687808165504,-4.909902530309829,3210620.8341199015,1529.2688559541364,4.909902530309829,-3210620.8341199015,1529.2689060458645
-22.375,-9.76525058806066,6385568.103416249,1529.2688311865609,9.76525058806066,-6385568.103416249,1529.2689308134422,19.53050117612132,-12771136.206832498,1529.268980626888,-19.53050117612132,12771136.206832498,1529.268781373125,-4.88262529403033,3192784.0517081246,1529.26885609328,4.88262529403033,-3192784.0517081246,1529.2689059067206
-22.25,-9.710696115501662,6349894.538592695,1529.2688314648483,9.710696115501662,-6349894.538592695,1529.268930535155,19.421392231003324,-12699789.07718539,1529.268980070313,-19.421392231003324,12699789.07718539,1529.2687819296996,-4.855348057750831,3174947.2692963476,1529.2688562324236,4.855348057750831,-3174947.2692963476,1529.268905767577
-22.125,-9.656141642942663,6314220.9737691395,1529.2688317431355,9.656141642942663,-6314220.9737691395,1529.2689302568674,19.312283285885325,-12628441.947538279,1529.2689795137383,-19.312283285885325,12628441.947538279,1529.2687824862744,-4.828070821471331,3157110.4868845697,1529.2688563715674,4.828070821471331,-3157110.4868845697,1529.2689056284335
-22.0,-9.601587170383665,6278547.408945586,1529.268832021423,9.601587170383665,-6278547.408945586,1529.2689299785802,19.20317434076733,-12557094.817891171,1529.2689789571634,-19.20317434076733,12557094.817891171,1529.268783042849,-4.800793585191832,3139273.704472793,1529.268856510711,4.800793585191832,-3139273.704472793,1529.2689054892896
-21.875,-9.547032697824667,6242873.844122031,1529.2688322997105,9.547032697824667,-6242873.844122031,1529.2689297002928,19.094065395649334,-12485747.688244062,1529.2689784005886,-19.094065395649334,12485747.688244062,1529.2687835994236,-4.773516348912334,3121436.9220610154,1529.2688566498546,4.773516348912334,-3121436.9220610154,1529.2689053501458
-21.75,-9.49247822526567,6207200.279298477,1529.2688325779975,9.49247822526567,-6207200.279298477,1529.2689294220054,18.98495645053134,-12414400.558596954,1529.2689778440138,-18.98495645053134,12414400.558596954,1529.2687841559982,-4.746239112632835,3103600.1396492384,1529.2688567889986,4.746239112632835,-3103600.1396492384,1529.2689052110022
-21.625,-9.437923752706672,6171526.714474923,1529.2688328562851,9.437923752706672,-6171526.714474923,1529.268929143718,18.875847505413343,-12343053.428949846,1529.268977287439,-18.875847505413343,12343053.428949846,1529.2687847125733,-4.718961876353336,3085763.3572374615,1529.2688569281422,4.718961876353336,-3085763.3572374615,1529.2689050718586
-21.5,-9.383369280147672,6135853.149651367,1529.2688331345726,9.383369280147672,-6135853.149651367,1529.2689288654306,18.766738560295344,-12271706.299302734,1529.268976730864,-18.766738560295344,12271706.299302734,1529.2687852691479,-4.691684640073836,3067926.5748256836,1529.2688570672858,4.691684640073836,-3067926.5748256836,1529.2689049327148
-21.375,-9.328814807588675,6100179.584827813,1529.2688334128597,9.328814807588675,-6100179.584827813,1529.2689285871431,18.65762961517735,-12200359.169655627,1529.2689761742893,-18.65762961517735,12200359.169655627,1529.2687858257223,-4.664407403794337,3050089.7924139067,1529.2688572064296,4.664407403794337,-3050089.7924139067,1529.2689047935712
-21.25,-9.274260335029677,6064506.020004259,1529.2688336911472,9.274260335029677,-6064506.020004259,1529.2689283088557,18.548520670059354,-12129012.040008519,1529.2689756177144,-18.548520670059354,12129012.040008519,1529.2687863822973,-4.637130167514838,3032253.0100021297,1529.2688573455732,4.637130167514838,-3032253.0100021297,1529.2689046544274
-21.125,-9.21970586247068,6028832.455180705,1529.2688339694344,9.21970586247068,-6028832.455180705,1529.2689280305683,18.43941172494136,-12057664.91036141,1529.2689750611396,-18.43941172494136,12057664.91036141,1529.268786938872,-4.60985293123534,3014416.2275903523,1529.2688574847168,4.60985293123534,-3014416.2275903523,1529.2689045152838
-21.0,-9.16515138991168,5993158.89035715,1529.2688342477218,9.16515138991168,-5993158.89035715,1529.268927752281,18.33030277982336,-11986317.7807143,1529.2689745045648,-18.33030277982336,11986317.7807143,1529.2687874954465,-4.58257569495584,2996579.445178575,1529.2688576238606,4.58257569495584,-2996579.445178575,1529.2689043761402
-20.875,-9.110596917352682,5957485.325533595,1529.2688345260092,9.110596917352682,-5957485.325533595,1529.2689274739937,18.221193834705364,-11914970.65106719,1529.26897394799,-18.221193834705364,11914970.65106719,1529.2687880520211,-4.555298458676341,2978742.6627667975,1529.2688577630042,4.555298458676341,-2978742.6627667975,1529.2689042369964
-20.75,-9.056042444793684,5921811.760710041,1529.2688348042964,9.056042444793684,-5921811.760710041,1529.268927195706,18.11208488958737,-11843623.521420082,1529.2689733914153,-18.11208488958737,11843623.521420082,1529.268788608596,-4.528021222396842,2960905.8803550205,1529.2688579021478,4.528021222396842,-2960905.8803550205,1529.2689040978528
-20.625,-9.001487972234687,5886138.195886487,1529.268835082584,9.001487972234687,-5886138.195886487,1529.2689269174189,18.002975944469373,-11772276.391772974,1529.2689728348403,-18.002975944469373,11772276.391772974,1529.2687891651706,-4.500743986117343,2943069.0979432436,1529.2688580412914,4.500743986117343,-2943069.0979432436,1529.268903958709
-20.5,-8.946933499675689,5850464.631062932,1529.2688353608714,8.946933499675689,-5850464.631062932,1529.2689266391315,17.893866999351378,-11700929.262125865,1529.2689722782657,-17.893866999351378,11700929.262125865,1529.2687897217452,-4.473466749837844,2925232.315531466,1529.2688581804352,4.473466749837844,-2925232.315531466,1529.2689038195654
-20.375,-8.89237902711669,5814791.0662393775,1529.2688356391586,8.89237902711669,-5814791.0662393775,1529.268926360844,17.78475805423338,-11629582.132478755,1529.2689717216906,-17.78475805423338,11629582.132478755,1529.2687902783198,-4.446189513558345,2907395.5331196887,1529.2688583195788,4.446189513558345,-2907395.5331196887,1529.2689036804218
-20.25,-8.837824554557692,5779117.501415823,1529.268835917446,8.837824554557692,-5779117.501415823,1529.2689260825566,17.675649109115383,-11558235.002831645,1529.268971165116,-17.675649109115383,11558235.002831645,1529.2687908348948,-4.418912277278846,2889558.7507079113,1529.2688584587224,4.418912277278846,-2889558.7507079113,1529.268903541278
-20.125,-8.783270081998694,5743443.936592269,1529.2688361957335,8.783270081998694,-5743443.936592269,1529.2689258042692,17.566540163997388,-11486887.873184538,1529.2689706085412,-17.566540163997388,11486887.873184538,1529.2687913914694,-4.391635040999347,2871721.9682961344,1529.2688585978665,4.391635040999347,-2871721.9682961344,1529.2689034021341
-20.0,-8.728715609439696,5707770.371768715,1529.2688364740206,8.728715609439696,-5707770.371768715,1529.2689255259818,17.457431218879393,-11415540.74353743,1529.268970051966,-17.457431218879393,11415540.74353743,1529.268791948044,-4.364357804719848,2853885.1858843574,1529.26885873701,4.364357804719848,-2853885.1858843574,1529.2689032629905
-19.875,-8.674161136880697,5672096.806945159,1529.268836752308,8.674161136880697,-5672096.806945159,1529.2689252476944,17.348322273761394,-11344193.613890318,1529.2689694953915,-17.348322273761394,11344193.613890318,1529.268792504619,-4.337080568440348,2836048.4034725795,1529.2688588761537,4.337080568440348,-2836048.4034725795,1529.268903123847
-19.75,-8.619606664321699,5636423.242121605,1529.2688370305953,8.619606664321699,-5636423.242121605,1529.268924969407,17.239213328643398,-11272846.48424321,1529.2689689388164,-17.239213328643398,11272846.48424321,1529.2687930611935,-4.3098033321608495,2818211.6210608026,1529.2688590152975,4.3098033321608495,-2818211.6210608026,1529.2689029847033
-19.625,-8.565052191762701,5600749.677298051,1529.268837308883,8.565052191762701,-5600749.677298051,1529.2689246911195,17.130104383525403,-11201499.354596103,1529.2689683822418,-17.130104383525403,11201499.354596103,1529.268793617768,-4.282526095881351,2800374.8386490257,1529.268859154441,4.282526095881351,-2800374.8386490257,1529.2689028455595
-19.5,-8.510497719203704,5565076.1124744965,1529.2688375871703,8.510497719203704,-5565076.1124744965,1529.2689244128323,17.020995438407407,-11130152.224948993,1529.268967825667,-17.020995438407407,11130152.224948993,1529.2687941743427,-4.255248859601852,2782538.0562372482,1529.2688592935847,4.255248859601852,-2782538.0562372482,1529.2689027064157
-19.375,-8.455943246644706,5529402.547650943,1529.2688378654575,8.455943246644706,-5529402.547650943,1529.2689241345447,16.911886493289412,-11058805.095301885,1529.2689672690922,-16.911886493289412,11058805.095301885,1529.2687947309175,-4.227971623322353,2764701.2738254713,1529.2688594327285,4.227971623322353,-2764701.2738254713,1529.268902567272
-19.25,-8.401388774085707,5493728.982827387,1529.268838143745,8.401388774085707,-5493728.982827387,1529.2689238562575,16.802777548171413,-10987457.965654774,1529.2689667125173,-16.802777548171413,10987457.965654774,1529.2687952874921,-4.200694387042853,2746864.4914136934,1529.268859571872,4.200694387042853,-2746864.4914136934,1529.2689024281283
-19.125,-8.346834301526709,5458055.418003833,1529.2688384220323,8.346834301526709,-5458055.418003833,1529.26892357797,16.693668603053418,-10916110.836007666,1529.2689661559425,-16.693668603053418,10916110.836007666,1529.2687958440667,-4.173417150763354,2729027.7090019165,1529.2688597110157,4.173417150763354,-2729027.7090019165,1529.2689022889847
-19.0,-8.292279828967711,5422381.853180279,1529.2688387003195,8.292279828967711,-5422381.853180279,1529.2689232996827,16.584559657935422,-10844763.706360558,1529.2689655993677,-16.584559657935422,10844763.706360558,1529.2687964006413,-4.1461399144838555,2711190.9265901395,1529.2688598501595,4.1461399144838555,-2711190.9265901395,1529.268902149841
-18.875,-8.237725356408713,5386708.288356724,1529.268838978607,8.237725356408713,-5386708.288356724,1529.2689230213953,16.475450712817427,-10773416.576713448,1529.2689650427928,-16.475450712817427,10773416.576713448,1529.2687969572164,-4.118862678204357,2693354.144178362,1529.268859989303,4.118862678204357,-2693354.144178362,1529.2689020106973
-18.75,-8.183170883849714,5351034.723533169,1529.2688392568946,8.183170883849714,-5351034.723533169,1529.2689227431079,16.366341767699428,-10702069.447066339,1529.268964486218,-16.366341767699428,10702069.447066339,1529.268797513791,-4.091585441924857,2675517.3617665847,1529.2688601284467,4.091585441924857,-2675517.3617665847,1529.2689018715535
-18.625,-8.128616411290716,5315361.158709615,1529.2688395351818,8.128616411290716,-5315361.158709615,1529.2689224648204,16.257232822581432,-10630722.31741923,1529.2689639296432,-16.257232822581432,10630722.31741923,1529.2687980703656,-4.064308205645358,2657680.5793548073,1529.2688602675908,4.064308205645358,-2657680.5793548073,1529.2689017324099
-18.5,-8.074061938731719,5279687.593886061,1529.2688398134692,8.074061938731719,-5279687.593886061,1529.268922186533,16.148123877463437,-10559375.187772121,1529.2689633730683,-16.148123877463437,10559375.187772121,1529.2687986269405,-4.037030969365859,2639843.7969430303,1529.2688604067343,4.037030969365859,-2639843.7969430303,1529.2689015932663
-18.375,-8.01950746617272,5244014.029062507,1529.2688400917564,8.01950746617272,-5244014.029062507,1529.2689219082456,16.03901493234544,-10488028.058125013,1529.2689628164935,-16.03901493234544,10488028.058125013,1529.268799183515,-4.00975373308636,2622007.0145312534,1529.268860545878,4.00975373308636,-2622007.0145312534,1529.2689014541227
-18.25,-7.964952993613722,5208340.464238952,1529.2688403700438,7.964952993613722,-5208340.464238952,1529.2689216299584,15.929905987227444,-10416680.928477904,1529.268962259919,-15.929905987227444,10416680.928477904,1529.2687997400897,-3.982476496806861,2604170.232119476,1529.2688606850218,3.982476496806861,-2604170.232119476,1529.2689013149788
-18.125,-7.9103985210547245,5172666.899415397,1529.2688406483312,7.9103985210547245,-5172666.899415397,1529.268921351671,15.820797042109449,-10345333.798830794,1529.2689617033438,-15.820797042109449,10345333.798830794,1529.2688002966643,-3.9551992605273623,2586333.4497076985,1529.2688608241654,3.9551992605273623,-2586333.4497076985,1529.268901175835
-18.0,-7.855844048495726,5136993.334591843,1529.2688409266184,7.855844048495726,-5136993.334591843,1529.2689210733834,15.711688096991452,-10273986.669183686,1529.2689611467692,-15.711688096991452,10273986.669183686,1529.2688008532393,-3.927922024247863,2568496.6672959216,1529.268860963309,3.927922024247863,-2568496.6672959216,1529.2689010366914
-17.875,-7.801289575936728,5101319.769768288,1529.2688412049058,7.801289575936728,-5101319.769768288,1529.2689207950962,15.602579151873456,-10202639.539536577,1529.2689605901944,-15.602579151873456,10202639.539536577,1529.268801409814,-3.900644787968364,2550659.884884144,1529.2688611024525,3.900644787968364,-2550659.884884144,1529.2689008975478
-17.75,-7.74673510337773,5065646.2049447335,1529.2688414831935,7.74673510337773,-5065646.2049447335,1529.2689205168087,15.49347020675546,-10131292.409889467,1529.2689600336196,-15.49347020675546,10131292.409889467,1529.2688019663885,-3.873367551688865,2532823.1024723668,1529.2688612415964,3.873367551688865,-2532823.1024723668,1529.268900758404
-17.625,-7.692180630818732,5029972.64012118,1529.2688417614806,7.692180630818732,-5029972.64012118,1529.2689202385213,15.384361261637464,-10059945.28024236,1529.2689594770447,-15.384361261637464,10059945.28024236,1529.2688025229631,-3.846090315409366,2514986.32006059,1529.26886138074,3.846090315409366,-2514986.32006059,1529.2689006192604
-17.5,-7.637626158259733,4994299.075297625,1529.268842039768,7.637626158259733,-4994299.075297625,1529.268919960234,15.275252316519467,-9988598.15059525,1529.26895892047,-15.275252316519467,9988598.15059525,1529.268803079538,-3.8188130791298667,2497149.5376488124,1529.2688615198836,3.8188130791298667,-2497149.5376488124,1529.2689004801166
-17.375,-7.583071685700736,4958625.510474071,1529.2688423180555,7.583071685700736,-4958625.510474071,1529.2689196819465,15.166143371401471,-9917251.020948142,1529.268958363895,-15.166143371401471,9917251.020948142,1529.2688036361126,-3.791535842850368,2479312.7552370355,1529.2688616590274,3.791535842850368,-2479312.7552370355,1529.268900340973
-17.25,-7.528517213141737,4922951.945650516,1529.2688425963427,7.528517213141737,-4922951.945650516,1529.2689194036593,15.057034426283474,-9845903.891301032,1529.2689578073202,-15.057034426283474,9845903.891301032,1529.2688041926872,-3.7642586065708685,2461475.972825258,1529.268861798171,3.7642586065708685,-2461475.972825258,1529.2689002018294
-17.125,-7.473962740582739,4887278.380826961,1529.26884287463,7.473962740582739,-4887278.380826961,1529.2689191253717,14.947925481165479,-9774556.761653922,1529.2689572507454,-14.947925481165479,9774556.761653922,1529.2688047492622,-3.7369813702913697,2443639.1904134806,1529.2688619373146,3.7369813702913697,-2443639.1904134806,1529.2689000626856
-17.0,-7.419408268023742,4851604.816003407,1529.2688431529173,7.419408268023742,-4851604.816003407,1529.2689188470843,14.838816536047483,-9703209.632006815,1529.2689566941706,-14.838816536047483,9703209.632006815,1529.2688053058368,-3.709704134011871,2425802.4080017037,1529.2688620764586,3.709704134011871,-2425802.4080017037,1529.268899923542
-16.875,-7.364853795464743,4815931.2511798525,1529.2688434312047,7.364853795464743,-4815931.2511798525,1529.268918568797,14.729707590929486,-9631862.502359705,1529.268956137596,-14.729707590929486,9631862.502359705,1529.2688058624115,-3.6824268977323715,2407965.6255899263,1529.2688622156022,3.6824268977323715,-2407965.6255899263,1529.2688997843982
-16.75,-7.310299322905745,4780257.686356299,1529.2688437094923,7.310299322905745,-4780257.686356299,1529.2689182905096,14.62059864581149,-9560515.372712597,1529.268955581021,-14.62059864581149,9560515.372712597,1529.268806418986,-3.6551496614528727,2390128.8431781493,1529.2688623547458,3.6551496614528727,-2390128.8431781493,1529.2688996452546
-16.625,-7.255744850346747,4744584.121532744,1529.2688439877795,7.255744850346747,-4744584.121532744,1529.2689180122222,14.511489700693494,-9489168.243065488,1529.2689550244463,-14.511489700693494,9489168.243065488,1529.268806975561,-3.6278724251733734,2372292.060766372,1529.2688624938896,3.6278724251733734,-2372292.060766372,1529.268899506111
-16.5,-7.201190377787749,4708910.556709189,1529.268844266067,7.201190377787749,-4708910.556709189,1529.2689177339348,14.402380755575498,-9417821.113418378,1529.2689544678715,-14.402380755575498,9417821.113418378,1529.2688075321357,-3.6005951888938745,2354455.2783545945,1529.2688626330332,3.6005951888938745,-2354455.2783545945,1529.2688993669672
-16.375,-7.1466359052287505,4673236.991885634,1529.2688445443544,7.1466359052287505,-4673236.991885634,1529.2689174556474,14.293271810457501,-9346473.983771268,1529.2689539112966,-14.293271810457501,9346473.983771268,1529.2688080887103,-3.5733179526143752,2336618.495942817,1529.2688627721768,3.5733179526143752,-2336618.495942817,1529.2688992278233
-16.25,-7.092081432669753,4637563.42706208,1529.2688448226415,7.092081432669753,-4637563.42706208,1529.2689171773602,14.184162865339506,-9275126.85412416,1529.2689533547218,-14.184162865339506,9275126.85412416,1529.268808645285,-3.5460407163348764,2318781.71353104,1529.2688629113206,3.5460407163348764,-2318781.71353104,1529.2688990886797
-16.125,-7.037526960110754,4601889.862238525,1529.268845100929,7.037526960110754,-4601889.862238525,1529.2689168990726,14.075053920221508,-9203779.72447705,1529.268952798147,-14.075053920221508,9203779.72447705,1529.2688092018598,-3.518763480055377,2300944.9311192627,1529.2688630504642,3.518763480055377,-2300944.9311192627,1529.2688989495362
-16.0,-6.9829724875517565,4566216.2974149715,1529.2688453792166,6.9829724875517565,-4566216.2974149715,1529.2689166207851,13.965944975103513,-9132432.594829943,1529.2689522415722,-13.965944975103513,9132432.594829943,1529.2688097584344,-3.4914862437758782,2283108.1487074858,1529.2688631896078,3.4914862437758782,-2283108.1487074858,1529.2688988103923
-15.875,-6.928418014992759,4530542.732591418,1529.2688456575036,6.928418014992759,-4530542.732591418,1529.268916342498,13.856836029985518,-9061085.465182835,1529.2689516849973,-13.856836029985518,9061085.465182835,1529.268810315009,-3.4642090074963794,2265271.366295709,1529.2688633287519,3.4642090074963794,-2265271.366295709,1529.2688986712487
-15.75,-6.87386354243376,4494869.167767863,1529.2688459357912,6.87386354243376,-4494869.167767863,1529.2689160642103,13.74772708486752,-8989738.335535726,1529.2689511284225,-13.74772708486752,8989738.335535726,1529.268810871584,-3.43693177121688,2247434.5838839314,1529.2688634678955,3.43693177121688,-2247434.5838839314,1529.268898532105
-15.625,-6.8193090698747625,4459195.602944308,1529.2688462140784,6.8193090698747625,-4459195.602944308,1529.2689157859231,13.638618139749525,-8918391.205888616,1529.2689505718477,-13.638618139749525,8918391.205888616,1529.2688114281586,-3.4096545349373812,2229597.801472154,1529.2688636070388,3.4096545349373812,-2229597.801472154,1529.2688983929613
-15.5,-6.764754597315764,4423522.038120753,1529.2688464923658,6.764754597315764,-4423522.038120753,1529.2689155076357,13.529509194631528,-8847044.076241506,1529.268950015273,-13.529509194631528,8847044.076241506,1529.2688119847332,-3.382377298657882,2211761.0190603766,1529.268863746183,3.382377298657882,-2211761.0190603766,1529.2688982538177
-15.375,-6.710200124756766,4387848.473297199,1529.2688467706532,6.710200124756766,-4387848.473297199,1529.2689152293483,13.420400249513532,-8775696.946594398,1529.268949458698,-13.420400249513532,8775696.946594398,1529.2688125413079,-3.355100062378383,2193924.2366485996,1529.2688638853265,3.355100062378383,-2193924.2366485996,1529.268898114674
-15.25,-6.655645652197768,4352174.908473644,1529.2688470489404,6.655645652197768,-4352174.908473644,1529.2689149510609,13.311291304395535,-8704349.816947289,1529.2689489021234,-13.311291304395535,8704349.816947289,1529.2688130978827,-3.327822826098884,2176087.454236822,1529.26886402447,3.327822826098884,-2176087.454236822,1529.2688979755303
-15.125,-6.60109117963877,4316501.3436500905,1529.2688473272278,6.60109117963877,-4316501.3436500905,1529.2689146727735,13.20218235927754,-8633002.687300181,1529.2689483455486,-13.20218235927754,8633002.687300181,1529.2688136544573,-3.300545589819385,2158250.6718250453,1529.2688641636137,3.300545589819385,-2158250.6718250453,1529.2688978363865
-15.0,-6.546536707079771,4280827.778826536,1529.2688476055155,6.546536707079771,-4280827.778826536,1529.268914394486,13.093073414159543,-8561655.557653071,1529.2689477889737,-13.093073414159543,8561655.557653071,1529.268814211032,-3.2732683535398857,2140413.889413268,1529.2688643027575,3.2732683535398857,-2140413.889413268,1529.268897697243
-14.875,-6.491982234520774,4245154.214002981,1529.2688478838027,6.491982234520774,-4245154.214002981,1529.2689141161989,12.983964469041547,-8490308.428005962,1529.268947232399,-12.983964469041547,8490308.428005962,1529.2688147676065,-3.245991117260387,2122577.1070014904,1529.268864441901,3.245991117260387,-2122577.1070014904,1529.2688975580993
-14.75,-6.437427761961776,4209480.649179427,1529.26884816209,6.437427761961776,-4209480.649179427,1529.2689138379112,12.874855523923552,-8418961.298358854,1529.268946675824,-12.874855523923552,8418961.298358854,1529.2688153241816,-3.218713880980888,2104740.3245897135,1529.2688645810447,3.218713880980888,-2104740.3245897135,1529.2688974189555
-14.625,-6.382873289402777,4173807.084355872,1529.2688484403775,6.382873289402777,-4173807.084355872,1529.268913559624,12.765746578805555,-8347614.168711744,1529.2689461192492,-12.765746578805555,8347614.168711744,1529.2688158807562,-3.1914366447013887,2086903.542177936,1529.2688647201885,3.1914366447013887,-2086903.542177936,1529.2688972798117
-14.5,-6.32831881684378,4138133.519532318,1529.2688487186647,6.32831881684378,-4138133.519532318,1529.2689132813366,12.65663763368756,-8276267.039064636,1529.2689455626744,-12.65663763368756,8276267.039064636,1529.2688164373308,-3.16415940842189,2069066.759766159,1529.268864859332,3.16415940842189,-2069066.759766159,1529.268897140668
-14.375,-6.273764344284781,4102459.9547087634,1529.268848996952,6.273764344284781,-4102459.9547087634,1529.2689130030492,12.547528688569562,-8204919.909417527,1529.2689450060998,-12.547528688569562,8204919.909417527,1529.2688169939058,-3.1368821721423905,2051229.9773543817,1529.2688649984757,3.1368821721423905,-2051229.9773543817,1529.2688970015245
-14.25,-6.219209871725783,4066786.389885209,1529.2688492752393,6.219209871725783,-4066786.389885209,1529.2689127247618,12.438419743451567,-8133572.779770418,1529.2689444495247,-12.438419743451567,8133572.779770418,1529.2688175504804,-3.1096049358628917,2033393.1949426045,1529.2688651376197,3.1096049358628917,-2033393.1949426045,1529.2688968623809
-14.125,-6.164655399166785,4031112.825061654,1529.268849553527,6.164655399166785,-4031112.825061654,1529.2689124464744,12.32931079833357,-8062225.650123308,1529.2689438929501,-12.32931079833357,8062225.650123308,1529.268818107055,-3.0823276995833924,2015556.412530827,1529.2688652767633,3.0823276995833924,-2015556.412530827,1529.268896723237
-14.0,-6.110100926607787,3995439.2602381,1529.2688498318144,6.110100926607787,-3995439.2602381,1529.268912168187,12.220201853215574,-7990878.5204762,1529.2689433363753,-12.220201853215574,7990878.5204762,1529.2688186636296,-3.0550504633038935,1997719.63011905,1529.2688654159067,3.0550504633038935,-1997719.63011905,1529.2688965840932
-13.875,-6.055546454048788,3959765.6954145455,1529.2688501101015,6.055546454048788,-3959765.6954145455,1529.2689118898995,12.111092908097577,-7919531.390829091,1529.2689427798005,-12.111092908097577,7919531.390829091,1529.2688192202045,-3.027773227024394,1979882.8477072727,1529.2688655550508,3.027773227024394,-1979882.8477072727,1529.2688964449496
-13.75,-6.000991981489791,3924092.130590991,1529.268850388389,6.000991981489791,-3924092.130590991,1529.268911611612,12.001983962979581,-7848184.261181982,1529.2689422232256,-12.001983962979581,7848184.261181982,1529.268819776779,-3.0004959907448954,1962046.0652954956,1529.2688656941943,3.0004959907448954,-1962046.0652954956,1529.268896305806
-13.625,-5.946437508930793,3888418.5657674368,1529.2688506666764,5.946437508930793,-3888418.5657674368,1529.268911333325,11.892875017861586,-7776837.1315348735,1529.268941666651,-11.892875017861586,7776837.1315348735,1529.268820333354,-2.9732187544653965,1944209.2828837184,1529.268865833338,2.9732187544653965,-1944209.2828837184,1529.2688961666622
-13.5,-5.8918830363717944,3852745.000943882,1529.2688509449636,5.8918830363717944,-3852745.000943882,1529.2689110550375,11.783766072743589,-7705490.001887764,1529.268941110076,-11.783766072743589,7705490.001887764,1529.2688208899285,-2.9459415181858972,1926372.500471941,1529.2688659724818,2.9459415181858972,-1926372.500471941,1529.2688960275186
-13.375,-5.837328563812797,3817071.436120328,1529.2688512232512,5.837328563812797,-3817071.436120328,1529.26891077675,11.674657127625593,-7634142.872240656,1529.2689405535011,-11.674657127625593,7634142.872240656,1529.2688214465034,-2.9186642819063984,1908535.718060164,1529.2688661116254,2.9186642819063984,-1908535.718060164,1529.2688958883748
-13.25,-5.782774091253798,3781397.871296773,1529.2688515015386,5.782774091253798,-3781397.871296773,1529.2689104984627,11.565548182507596,-7562795.742593546,1529.2689399969265,-11.565548182507596,7562795.742593546,1529.268822003078,-2.891387045626899,1890698.9356483866,1529.268866250769,2.891387045626899,-1890698.9356483866,1529.268895749231
-13.125,-5.7282196186948005,3745724.306473219,1529.2688517798258,5.7282196186948005,-3745724.306473219,1529.2689102201753,11.456439237389601,-7491448.612946438,1529.2689394403517,-11.456439237389601,7491448.612946438,1529.2688225596526,-2.8641098093474002,1872862.1532366094,1529.2688663899128,2.8641098093474002,-1872862.1532366094,1529.2688956100876
-13.0,-5.673665146135802,3710050.741649664,1529.2688520581132,5.673665146135802,-3710050.741649664,1529.2689099418878,11.347330292271604,-7420101.483299328,1529.2689388837769,-11.347330292271604,7420101.483299328,1529.2688231162276,-2.836832573067901,1855025.370824832,1529.2688665290564,2.836832573067901,-1855025.370824832,1529.2688954709438
-12.875,-5.619110673576804,3674377.1768261096,1529.2688523364004,5.619110673576804,-3674377.1768261096,1529.2689096636004,11.238221347153608,-7348754.353652219,1529.268938327202,-11.238221347153608,7348754.353652219,1529.2688236728022,-2.809555336788402,1837188.5884130548,1529.2688666682,2.809555336788402,-1837188.5884130548,1529.2688953318002
-12.75,-5.564556201017806,3638703.6120025553,1529.2688526146878,5.564556201017806,-3638703.6120025553,1529.268909385313,11.129112402035611,-7277407.224005111,1529.2689377706274,-11.129112402035611,7277407.224005111,1529.2688242293768,-2.782278100508903,1819351.8060012776,1529.268866807344,2.782278100508903,-1819351.8060012776,1529.2688951926564
-12.625,-5.510001728458808,3603030.047179001,1529.2688528929755,5.510001728458808,-3603030.047179001,1529.2689091070258,11.020003456917616,-7206060.094358002,1529.2689372140524,-11.020003456917616,7206060.094358002,1529.2688247859514,-2.755000864229404,1801515.0235895005,1529.2688669464876,2.755000864229404,-1801515.0235895005,1529.2688950535126
-12.5,-5.45544725589981,3567356.4823554466,1529.2688531712624,5.45544725589981,-3567356.4823554466,1529.2689088287382,10.91089451179962,-7134712.964710893,1529.2689366574778,-10.91089451179962,7134712.964710893,1529.2688253425265,-2.727723627949905,1783678.2411777233,1529.2688670856312,2.727723627949905,-1783678.2411777233,1529.268894914369
-12.375,-5.400892783340812,3531682.9175318917,1529.26885344955,5.400892783340812,-3531682.9175318917,1529.268908550451,10.801785566681623,-7063365.835063783,1529.268936100903,-10.801785566681623,7063365.835063783,1529.268825899101,-2.700446391670406,1765841.4587659459,1529.2688672247748,2.700446391670406,-1765841.4587659459,1529.2688947752254
-12.25,-5.346338310781814,3496009.352708338,1529.2688537278375,5.346338310781814,-3496009.352708338,1529.2689082721636,10.692676621563628,-6992018.705416676,1529.268935544328,-10.692676621563628,6992018.705416676,1529.2688264556757,-2.673169155390907,1748004.676354169,1529.2688673639186,2.673169155390907,-1748004.676354169,1529.2688946360815
-12.125,-5.291783838222815,3460335.787884783,1529.2688540061247,5.291783838222815,-3460335.787884783,1529.2689079938762,10.58356767644563,-6920671.575769566,1529.2689349877533,-10.58356767644563,6920671.575769566,1529.2688270122505,-2.6458919191114076,1730167.8939423915,1529.2688675030622,2.6458919191114076,-1730167.8939423915,1529.268894496938
-12.0,-5.237229365663818,3424662.2230612286,1529.268854284412,5.237229365663818,-3424662.2230612286,1529.2689077155887,10.474458731327635,-6849324.446122457,1529.2689344311784,-10.474458731327635,6849324.446122457,1529.2688275688251,-2.618614682831909,1712331.1115306143,1529.2688676422058,2.618614682831909,-1712331.1115306143,1529.2688943577941
-11.875,-5.182674893104819,3388988.658237674,1529.2688545626997,5.182674893104819,-3388988.658237674,1529.2689074373013,10.365349786209638,-6777977.316475348,1529.2689338746038,-10.365349786209638,6777977.316475348,1529.2688281254,-2.5913374465524095,1694494.329118837,1529.2688677813496,2.5913374465524095,-1694494.329118837,1529.2688942186505
-11.75,-5.128120420545821,3353315.09341412,1529.2688548409867,5.128120420545821,-3353315.09341412,1529.2689071590141,10.256240841091643,-6706630.18682824,1529.2689333180288,-10.256240841091643,6706630.18682824,1529.2688286819746,-2.5640602102729106,1676657.54670706,1529.2688679204932,2.5640602102729106,-1676657.54670706,1529.268894079507
-11.625,-5.073565947986823,3317641.528590565,1529.2688551192743,5.073565947986823,-3317641.528590565,1529.2689068807265,10.147131895973645,-6635283.05718113,1529.2689327614542,-10.147131895973645,6635283.05718113,1529.2688292385494,-2.5367829739934113,1658820.7642952825,1529.2688680596368,2.5367829739934113,-1658820.7642952825,1529.2688939403631
-11.5,-5.019011475427825,3281967.9637670107,1529.2688553975615,5.019011475427825,-3281967.9637670107,1529.268906602439,10.03802295085565,-6563935.927534021,1529.2689322048793,-10.03802295085565,6563935.927534021,1529.268829795124,-2.5095057377139125,1640983.9818835054,1529.2688681987809,2.5095057377139125,-1640983.9818835054,1529.2688938012195
-11.375,-4.964457002868827,3246294.3989434564,1529.268855675849,4.964457002868827,-3246294.3989434564,1529.2689063241519,9.928914005737655,-6492588.797886913,1529.2689316483045,-9.928914005737655,6492588.797886913,1529.2688303516986,-2.4822285014344136,1623147.1994717282,1529.2688683379242,2.4822285014344136,-1623147.1994717282,1529.2688936620757
-11.25,-4.909902530309829,3210620.8341199015,1529.2688559541364,4.909902530309829,-3210620.8341199015,1529.2689060458645,9.819805060619657,-6421241.668239803,1529.2689310917297,-9.819805060619657,6421241.668239803,1529.2688309082735,-2.4549512651549144,1605310.4170599508,1529.2688684770678,2.4549512651549144,-1605310.4170599508,1529.268893522932
-11.125,-4.855348057750831,3174947.2692963476,1529.2688562324236,4.855348057750831,-3174947.2692963476,1529.268905767577,9.710696115501662,-6349894.538592695,1529.268930535155,-9.710696115501662,6349894.538592695,1529.2688314648483,-2.4276740288754155,1587473.6346481738,1529.2688686162119,2.4276740288754155,-1587473.6346481738,1529.2688933837885
-11.0,-4.800793585191832,3139273.704472793,1529.268856510711,4.800793585191832,-3139273.704472793,1529.2689054892896,9.601587170383665,-6278547.408945586,1529.2689299785802,-9.601587170383665,6278547.408945586,1529.268832021423,-2.400396792595916,1569636.8522363964,1529.2688687553555,2.400396792595916,-1569636.8522363964,1529.2688932446447
-10.875,-4.746239112632835,3103600.1396492384,1529.2688567889986,4.746239112632835,-3103600.1396492384,1529.2689052110022,9.49247822526567,-6207200.279298477,1529.2689294220054,-9.49247822526567,6207200.279298477,1529.2688325779975,-2.3731195563164174,1551800.0698246192,1529.268868894499,2.3731195563164174,-1551800.0698246192,1529.2688931055009
-10.75,-4.691684640073836,3067926.5748256836,1529.2688570672858,4.691684640073836,-3067926.5748256836,1529.2689049327148,9.383369280147672,-6135853.149651367,1529.2689288654306,-9.383369280147672,6135853.149651367,1529.2688331345726,-2.345842320036918,1533963.2874128418,1529.2688690336429,2.345842320036918,-1533963.2874128418,1529.2688929663573
-10.625,-4.637130167514838,3032253.0100021297,1529.2688573455732,4.637130167514838,-3032253.0100021297,1529.2689046544274,9.274260335029677,-6064506.020004259,1529.2689283088557,-9.274260335029677,6064506.020004259,1529.2688336911472,-2.318565083757419,1516126.5050010649,1529.2688691727865,2.318565083757419,-1516126.5050010649,1529.2688928272137
-10.5,-4.58257569495584,2996579.445178575,1529.2688576238606,4.58257569495584,-2996579.445178575,1529.2689043761402,9.16515138991168,-5993158.89035715,1529.268927752281,-9.16515138991168,5993158.89035715,1529.2688342477218,-2.29128784747792,1498289.7225892874,1529.26886931193,2.29128784747792,-1498289.7225892874,1529.2688926880699
-10.375,-4.528021222396842,2960905.8803550205,1529.2688579021478,4.528021222396842,-2960905.8803550205,1529.2689040978528,9.056042444793684,-5921811.760710041,1529.268927195706,-9.056042444793684,5921811.760710041,1529.2688348042964,-2.264010611198421,1480452.9401775103,1529.268869451074,2.264010611198421,-1480452.9401775103,1529.2688925489263
-10.25,-4.473466749837844,2925232.315531466,1529.2688581804352,4.473466749837844,-2925232.315531466,1529.2689038195654,8.946933499675689,-5850464.631062932,1529.2689266391315,-8.946933499675689,5850464.631062932,1529.2688353608714,-2.236733374918922,1462616.157765733,1529.2688695902175,2.236733374918922,-1462616.157765733,1529.2688924097824
-10.125,-4.418912277278846,2889558.7507079113,1529.2688584587224,4.418912277278846,-2889558.7507079113,1529.268903541278,8.837824554557692,-5779117.501415823,1529.2689260825566,-8.837824554557692,5779117.501415823,1529.268835917446,-2.209456138639423,1444779.3753539557,1529.268869729361,2.209456138639423,-1444779.3753539557,1529.2688922706388
-10.0,-4.364357804719848,2853885.1858843574,1529.26885873701,4.364357804719848,-2853885.1858843574,1529.2689032629905,8.728715609439696,-5707770.371768715,1529.2689255259818,-8.728715609439696,5707770.371768715,1529.2688364740206,-2.182178902359924,1426942.5929421787,1529.2688698685051,2.182178902359924,-1426942.5929421787,1529.2688921314952
-9.875,-4.3098033321608495,2818211.6210608026,1529.2688590152975,4.3098033321608495,-2818211.6210608026,1529.2689029847033,8.619606664321699,-5636423.242121605,1529.268924969407,-8.619606664321699,5636423.242121605,1529.2688370305953,-2.1549016660804248,1409105.8105304013,1529.2688700076487,2.1549016660804248,-1409105.8105304013,1529.2688919923514
-9.75,-4.255248859601852,2782538.0562372482,1529.2688592935847,4.255248859601852,-2782538.0562372482,1529.2689027064157,8.510497719203704,-5565076.1124744965,1529.2689244128323,-8.510497719203704,5565076.1124744965,1529.2688375871703,-2.127624429800926,1391269.0281186241,1529.2688701467923,2.127624429800926,-1391269.0281186241,1529.2688918532078
-9.625,-4.200694387042853,2746864.4914136934,1529.268859571872,4.200694387042853,-2746864.4914136934,1529.2689024281283,8.401388774085707,-5493728.982827387,1529.2689238562575,-8.401388774085707,5493728.982827387,1529.268838143745,-2.1003471935214266,1373432.2457068467,1529.2688702859357,2.1003471935214266,-1373432.2457068467,1529.268891714064
-9.5,-4.1461399144838555,2711190.9265901395,1529.2688598501595,4.1461399144838555,-2711190.9265901395,1529.268902149841,8.292279828967711,-5422381.853180279,1529.2689232996827,-8.292279828967711,5422381.853180279,1529.2688387003195,-2.0730699572419278,1355595.4632950698,1529.2688704250797,2.0730699572419278,-1355595.4632950698,1529.2688915749204
-9.375,-4.091585441924857,2675517.3617665847,1529.2688601284467,4.091585441924857,-2675517.3617665847,1529.2689018715535,8.183170883849714,-5351034.723533169,1529.2689227431079,-8.183170883849714,5351034.723533169,1529.2688392568946,-2.0457927209624285,1337758.6808832923,1529.2688705642233,2.0457927209624285,-1337758.6808832923,1529.2688914357768
-9.25,-4.037030969365859,2639843.7969430303,1529.2688604067343,4.037030969365859,-2639843.7969430303,1529.2689015932663,8.074061938731719,-5279687.593886061,1529.268922186533,-8.074061938731719,5279687.593886061,1529.2688398134692,-2.0185154846829296,1319921.8984715152,1529.268870703367,2.0185154846829296,-1319921.8984715152,1529.268891296633
-9.125,-3.982476496806861,2604170.232119476,1529.2688606850218,3.982476496806861,-2604170.232119476,1529.2689013149788,7.964952993613722,-5208340.464238952,1529.2689216299584,-7.964952993613722,5208340.464238952,1529.2688403700438,-1.9912382484034306,1302085.116059738,1529.2688708425108,1.9912382484034306,-1302085.116059738,1529.2688911574892
-9.0,-3.927922024247863,2568496.6672959216,1529.268860963309,3.927922024247863,-2568496.6672959216,1529.2689010366914,7.855844048495726,-5136993.334591843,1529.2689210733834,-7.855844048495726,5136993.334591843,1529.2688409266184,-1.9639610121239315,1284248.3336479608,1529.2688709816543,1.9639610121239315,-1284248.3336479608,1529.2688910183456
-8.875,-3.873367551688865,2532823.1024723668,1529.2688612415964,3.873367551688865,-2532823.1024723668,1529.268900758404,7.74673510337773,-5065646.2049447335,1529.2689205168087,-7.74673510337773,5065646.2049447335,1529.2688414831935,-1.9366837758444324,1266411.5512361834,1529.268871120798,1.9366837758444324,-1266411.5512361834,1529.268890879202
-8.75,-3.8188130791298667,2497149.5376488124,1529.2688615198836,3.8188130791298667,-2497149.5376488124,1529.2689004801166,7.637626158259733,-4994299.075297625,1529.268919960234,-7.637626158259733,4994299.075297625,1529.268842039768,-1.9094065395649333,1248574.7688244062,1529.268871259942,1.9094065395649333,-1248574.7688244062,1529.2688907400584
-8.625,-3.7642586065708685,2461475.972825258,1529.268861798171,3.7642586065708685,-2461475.972825258,1529.2689002018294,7.528517213141737,-4922951.945650516,1529.2689194036593,-7.528517213141737,4922951.945650516,1529.2688425963427,-1.8821293032854343,1230737.986412629,1529.2688713990854,1.8821293032854343,-1230737.986412629,1529.2688906009146
-8.5,-3.709704134011871,2425802.4080017037,1529.2688620764586,3.709704134011871,-2425802.4080017037,1529.268899923542,7.419408268023742,-4851604.816003407,1529.2689188470843,-7.419408268023742,4851604.816003407,1529.2688431529173,-1.8548520670059354,1212901.2040008518,1529.268871538229,1.8548520670059354,-1212901.2040008518,1529.2688904617708
-8.375,-3.6551496614528727,2390128.8431781493,1529.2688623547458,3.6551496614528727,-2390128.8431781493,1529.2688996452546,7.310299322905745,-4780257.686356299,1529.2689182905096,-7.310299322905745,4780257.686356299,1529.2688437094923,-1.8275748307264363,1195064.4215890747,1529.268871677373,1.8275748307264363,-1195064.4215890747,1529.2688903226272
-8.25,-3.6005951888938745,2354455.2783545945,1529.2688626330332,3.6005951888938745,-2354455.2783545945,1529.2688993669672,7.201190377787749,-4708910.556709189,1529.2689177339348,-7.201190377787749,4708910.556709189,1529.268844266067,-1.8002975944469373,1177227.6391772972,1529.2688718165166,1.8002975944469373,-1177227.6391772972,1529.2688901834836
-8.125,-3.5460407163348764,2318781.71353104,1529.2688629113206,3.5460407163348764,-2318781.71353104,1529.2688990886797,7.092081432669753,-4637563.42706208,1529.2689171773602,-7.092081432669753,4637563.42706208,1529.2688448226415,-1.7730203581674382,1159390.85676552,1529.2688719556602,1.7730203581674382,-1159390.85676552,1529.2688900443397
-8.0,-3.4914862437758782,2283108.1487074858,1529.2688631896078,3.4914862437758782,-2283108.1487074858,1529.2688988103923,6.9829724875517565,-4566216.2974149715,1529.2689166207851,-6.9829724875517565,4566216.2974149715,1529.2688453792166,-1.7457431218879391,1141554.0743537429,1529.268872094804,1.7457431218879391,-1141554.0743537429,1529.2688899051961
-7.875,-3.43693177121688,2247434.5838839314,1529.2688634678955,3.43693177121688,-2247434.5838839314,1529.268898532105,6.87386354243376,-4494869.167767863,1529.2689160642103,-6.87386354243376,4494869.167767863,1529.2688459357912,-1.71846588560844,1123717.2919419657,1529.2688722339476,1.71846588560844,-1123717.2919419657,1529.2688897660523
-7.75,-3.382377298657882,2211761.0190603766,1529.268863746183,3.382377298657882,-2211761.0190603766,1529.2688982538177,6.764754597315764,-4423522.038120753,1529.2689155076357,-6.764754597315764,4423522.038120753,1529.2688464923658,-1.691188649328941,1105880.5095301883,1529.2688723730912,1.691188649328941,-1105880.5095301883,1529.2688896269087
-7.625,-3.327822826098884,2176087.454236822,1529.26886402447,3.327822826098884,-2176087.454236822,1529.2688979755303,6.655645652197768,-4352174.908473644,1529.2689149510609,-6.655645652197768,4352174.908473644,1529.2688470489404,-1.663911413049442,1088043.727118411,1529.268872512235,1.663911413049442,-1088043.727118411,1529.2688894877651
-7.5,-3.2732683535398857,2140413.889413268,1529.2688643027575,3.2732683535398857,-2140413.889413268,1529.268897697243,6.546536707079771,-4280827.778826536,1529.268914394486,-6.546536707079771,4280827.778826536,1529.2688476055155,-1.6366341767699428,1070206.944706634,1529.2688726513786,1.6366341767699428,-1070206.944706634,1529.2688893486213
-7.375,-3.218713880980888,2104740.3245897135,1529.2688645810447,3.218713880980888,-2104740.3245897135,1529.2688974189555,6.437427761961776,-4209480.649179427,1529.2689138379112,-6.437427761961776,4209480.649179427,1529.26884816209,-1.609356940490444,1052370.1622948567,1529.2688727905222,1.609356940490444,-1052370.1622948567,1529.2688892094777
-7.25,-3.16415940842189,2069066.759766159,1529.268864859332,3.16415940842189,-2069066.759766159,1529.268897140668,6.32831881684378,-4138133.519532318,1529.2689132813366,-6.32831881684378,4138133.519532318,1529.2688487186647,-1.582079704210945,1034533.3798830796,1529.2688729296663,1.582079704210945,-1034533.3798830796,1529.268889070334
-7.125,-3.1096049358628917,2033393.1949426045,1529.2688651376197,3.1096049358628917,-2033393.1949426045,1529.2688968623809,6.219209871725783,-4066786.389885209,1529.2689127247618,-6.219209871725783,4066786.389885209,1529.2688492752393,-1.5548024679314458,1016696.5974713023,1529.2688730688099,1.5548024679314458,-1016696.5974713023,1529.2688889311903
-7.0,-3.0550504633038935,1997719.63011905,1529.2688654159067,3.0550504633038935,-1997719.63011905,1529.2688965840932,6.110100926607787,-3995439.2602381,1529.268912168187,-6.110100926607787,3995439.2602381,1529.2688498318144,-1.5275252316519468,998859.815059525,1529.2688732079534,1.5275252316519468,-998859.815059525,1529.2688887920467
-6.875,-3.0004959907448954,1962046.0652954956,1529.2688656941943,3.0004959907448954,-1962046.0652954956,1529.268896305806,6.000991981489791,-3924092.130590991,1529.268911611612,-6.000991981489791,3924092.130590991,1529.268850388389,-1.5002479953724477,981023.0326477478,1529.268873347097,1.5002479953724477,-981023.0326477478,1529.268888652903
-6.75,-2.9459415181858972,1926372.500471941,1529.2688659724818,2.9459415181858972,-1926372.500471941,1529.2688960275186,5.8918830363717944,-3852745.000943882,1529.2689110550375,-5.8918830363717944,3852745.000943882,1529.2688509449636,-1.4729707590929486,963186.2502359705,1529.2688734862409,1.4729707590929486,-963186.2502359705,1529.268888513759
-6.625,-2.891387045626899,1890698.9356483866,1529.268866250769,2.891387045626899,-1890698.9356483866,1529.268895749231,5.782774091253798,-3781397.871296773,1529.2689104984627,-5.782774091253798,3781397.871296773,1529.2688515015386,-1.4456935228134495,945349.4678241933,1529.2688736253845,1.4456935228134495,-945349.4678241933,1529.2688883746155
-6.5,-2.836832573067901,1855025.370824832,1529.2688665290564,2.836832573067901,-1855025.370824832,1529.2688954709438,5.673665146135802,-3710050.741649664,1529.2689099418878,-5.673665146135802,3710050.741649664,1529.2688520581132,-1.4184162865339505,927512.685412416,1529.268873764528,1.4184162865339505,-927512.685412416,1529.2688882354719
-6.375,-2.782278100508903,1819351.8060012776,1529.268866807344,2.782278100508903,-1819351.8060012776,1529.2688951926564,5.564556201017806,-3638703.6120025553,1529.268909385313,-5.564556201017806,3638703.6120025553,1529.2688526146878,-1.3911390502544514,909675.9030006388,1529.2688739036719,1.3911390502544514,-909675.9030006388,1529.268888096328
-6.25,-2.727723627949905,1783678.2411777233,1529.2688670856312,2.727723627949905,-1783678.2411777233,1529.268894914369,5.45544725589981,-3567356.4823554466,1529.2689088287382,-5.45544725589981,3567356.4823554466,1529.2688531712624,-1.3638618139749525,891839.1205888616,1529.2688740428155,1.3638618139749525,-891839.1205888616,1529.2688879571845
-6.125,-2.673169155390907,1748004.676354169,1529.2688673639186,2.673169155390907,-1748004.676354169,1529.2688946360815,5.346338310781814,-3496009.352708338,1529.2689082721636,-5.346338310781814,3496009.352708338,1529.2688537278375,-1.3365845776954535,874002.3381770845,1529.268874181959,1.3365845776954535,-874002.3381770845,1529.2688878180406
-6.0,-2.618614682831909,1712331.1115306143,1529.2688676422058,2.618614682831909,-1712331.1115306143,1529.2688943577941,5.237229365663818,-3424662.2230612286,1529.2689077155887,-5.237229365663818,3424662.2230612286,1529.268854284412,-1.3093073414159544,856165.5557653072,1529.268874321103,1.3093073414159544,-856165.5557653072,1529.268887678897
-5.875,-2.5640602102729106,1676657.54670706,1529.2688679204932,2.5640602102729106,-1676657.54670706,1529.268894079507,5.128120420545821,-3353315.09341412,1529.2689071590141,-5.128120420545821,3353315.09341412,1529.2688548409867,-1.2820301051364553,838328.77335353,1529.2688744602465,1.2820301051364553,-838328.77335353,1529.2688875397535
-5.75,-2.5095057377139125,1640983.9818835054,1529.2688681987809,2.5095057377139125,-1640983.9818835054,1529.2688938012195,5.019011475427825,-3281967.9637670107,1529.268906602439,-5.019011475427825,3281967.9637670107,1529.2688553975615,-1.2547528688569562,820491.9909417527,1529.26887459939,1.2547528688569562,-820491.9909417527,1529.2688874006096
-5.625,-2.4549512651549144,1605310.4170599508,1529.2688684770678,2.4549512651549144,-1605310.4170599508,1529.268893522932,4.909902530309829,-3210620.8341199015,1529.2689060458645,-4.909902530309829,3210620.8341199015,1529.2688559541364,-1.2274756325774572,802655.2085299754,1529.2688747385341,1.2274756325774572,-802655.2085299754,1529.268887261466
-5.5,-2.400396792595916,1569636.8522363964,1529.2688687553555,2.400396792595916,-1569636.8522363964,1529.2688932446447,4.800793585191832,-3139273.704472793,1529.2689054892896,-4.800793585191832,3139273.704472793,1529.268856510711,-1.200198396297958,784818.4261181982,1529.2688748776777,1.200198396297958,-784818.4261181982,1529.2688871223222
-5.375,-2.345842320036918,1533963.2874128418,1529.2688690336429,2.345842320036918,-1533963.2874128418,1529.2688929663573,4.691684640073836,-3067926.5748256836,1529.2689049327148,-4.691684640073836,3067926.5748256836,1529.2688570672858,-1.172921160018459,766981.6437064209,1529.2688750168213,1.172921160018459,-766981.6437064209,1529.2688869831786
-5.25,-2.29128784747792,1498289.7225892874,1529.26886931193,2.29128784747792,-1498289.7225892874,1529.2688926880699,4.58257569495584,-2996579.445178575,1529.2689043761402,-4.58257569495584,2996579.445178575,1529.2688576238606,-1.14564392373896,749144.8612946437,1529.2688751559651,1.14564392373896,-749144.8612946437,1529.268886844035
-5.125,-2.236733374918922,1462616.157765733,1529.2688695902175,2.236733374918922,-1462616.157765733,1529.2688924097824,4.473466749837844,-2925232.315531466,1529.2689038195654,-4.473466749837844,2925232.315531466,1529.2688581804352,-1.118366687459461,731308.0788828665,1529.2688752951087,1.118366687459461,-731308.0788828665,1529.2688867048912
-5.0,-2.182178902359924,1426942.5929421787,1529.2688698685051,2.182178902359924,-1426942.5929421787,1529.2688921314952,4.364357804719848,-2853885.1858843574,1529.2689032629905,-4.364357804719848,2853885.1858843574,1529.26885873701,-1.091089451179962,713471.2964710894,1529.2688754342523,1.091089451179962,-713471.2964710894,1529.2688865657474
-4.875,-2.127624429800926,1391269.0281186241,1529.2688701467923,2.127624429800926,-1391269.0281186241,1529.2688918532078,4.255248859601852,-2782538.0562372482,1529.2689027064157,-4.255248859601852,2782538.0562372482,1529.2688592935847,-1.063812214900463,695634.5140593121,1529.2688755733961,1.063812214900463,-695634.5140593121,1529.2688864266038
-4.75,-2.0730699572419278,1355595.4632950698,1529.2688704250797,2.0730699572419278,-1355595.4632950698,1529.2688915749204,4.1461399144838555,-2711190.9265901395,1529.268902149841,-4.1461399144838555,2711190.9265901395,1529.2688598501595,-1.0365349786209639,677797.7316475349,1529.2688757125397,1.0365349786209639,-677797.7316475349,1529.2688862874602
-4.625,-2.0185154846829296,1319921.8984715152,1529.268870703367,2.0185154846829296,-1319921.8984715152,1529.268891296633,4.037030969365859,-2639843.7969430303,1529.2689015932663,-4.037030969365859,2639843.7969430303,1529.2688604067343,-1.0092577423414648,659960.9492357576,1529.2688758516833,1.0092577423414648,-659960.9492357576,1529.2688861483166
-4.5,-1.9639610121239315,1284248.3336479608,1529.2688709816543,1.9639610121239315,-1284248.3336479608,1529.2688910183456,3.927922024247863,-2568496.6672959216,1529.2689010366914,-3.927922024247863,2568496.6672959216,1529.268860963309,-0.9819805060619657,642124.1668239804,1529.2688759908274,0.9819805060619657,-642124.1668239804,1529.2688860091728
-4.375,-1.9094065395649333,1248574.7688244062,1529.268871259942,1.9094065395649333,-1248574.7688244062,1529.2688907400584,3.8188130791298667,-2497149.5376488124,1529.2689004801166,-3.8188130791298667,2497149.5376488124,1529.2688615198836,-0.9547032697824667,624287.3844122031,1529.268876129971,0.9547032697824667,-624287.3844122031,1529.268885870029
-4.25,-1.8548520670059354,1212901.2040008518,1529.268871538229,1.8548520670059354,-1212901.2040008518,1529.2688904617708,3.709704134011871,-2425802.4080017037,1529.268899923542,-3.709704134011871,2425802.4080017037,1529.2688620764586,-0.9274260335029677,606450.6020004259,1529.2688762691146,0.9274260335029677,-606450.6020004259,1529.2688857308856
-4.125,-1.8002975944469373,1177227.6391772972,1529.2688718165166,1.8002975944469373,-1177227.6391772972,1529.2688901834836,3.6005951888938745,-2354455.2783545945,1529.2688993669672,-3.6005951888938745,2354455.2783545945,1529.2688626330332,-0.9001487972234686,588613.8195886486,1529.2688764082582,0.9001487972234686,-588613.8195886486,1529.2688855917418
-4.0,-1.7457431218879391,1141554.0743537429,1529.268872094804,1.7457431218879391,-1141554.0743537429,1529.2688899051961,3.4914862437758782,-2283108.1487074858,1529.2688988103923,-3.4914862437758782,2283108.1487074858,1529.2688631896078,-0.8728715609439696,570777.0371768714,1529.268876547402,0.8728715609439696,-570777.0371768714,1529.268885452598
-3.875,-1.691188649328941,1105880.5095301883,1529.2688723730912,1.691188649328941,-1105880.5095301883,1529.2688896269087,3.382377298657882,-2211761.0190603766,1529.2688982538177,-3.382377298657882,2211761.0190603766,1529.268863746183,-0.8455943246644705,552940.2547650941,1529.2688766865456,0.8455943246644705,-552940.2547650941,1529.2688853134543
-3.75,-1.6366341767699428,1070206.944706634,1529.2688726513786,1.6366341767699428,-1070206.944706634,1529.2688893486213,3.2732683535398857,-2140413.889413268,1529.268897697243,-3.2732683535398857,2140413.889413268,1529.2688643027575,-0.8183170883849714,535103.472353317,1529.2688768256892,0.8183170883849714,-535103.472353317,1529.2688851743105
-3.625,-1.582079704210945,1034533.3798830796,1529.2688729296663,1.582079704210945,-1034533.3798830796,1529.268889070334,3.16415940842189,-2069066.759766159,1529.268897140668,-3.16415940842189,2069066.759766159,1529.268864859332,-0.7910398521054725,517266.6899415398,1529.268876964833,0.7910398521054725,-517266.6899415398,1529.268885035167
-3.5,-1.5275252316519468,998859.815059525,1529.2688732079534,1.5275252316519468,-998859.815059525,1529.2688887920467,3.0550504633038935,-1997719.63011905,1529.2688965840932,-3.0550504633038935,1997719.63011905,1529.2688654159067,-0.7637626158259734,499429.9075297625,1529.2688771039766,0.7637626158259734,-499429.9075297625,1529.2688848960233
-3.375,-1.4729707590929486,963186.2502359705,1529.2688734862409,1.4729707590929486,-963186.2502359705,1529.268888513759,2.9459415181858972,-1926372.500471941,1529.2688960275186,-2.9459415181858972,1926372.500471941,1529.2688659724818,-0.7364853795464743,481593.12511798524,1529.2688772431202,0.7364853795464743,-481593.12511798524,1529.2688847568795
-3.25,-1.4184162865339505,927512.685412416,1529.268873764528,1.4184162865339505,-927512.685412416,1529.2688882354719,2.836832573067901,-1855025.370824832,1529.2688954709438,-2.836832573067901,1855025.370824832,1529.2688665290564,-0.7092081432669752,463756.342706208,1529.2688773822642,0.7092081432669752,-463756.342706208,1529.268884617736
-3.125,-1.3638618139749525,891839.1205888616,1529.2688740428155,1.3638618139749525,-891839.1205888616,1529.2688879571845,2.727723627949905,-1783678.2411777233,1529.268894914369,-2.727723627949905,1783678.2411777233,1529.2688670856312,-0.6819309069874763,445919.5602944308,1529.2688775214078,0.6819309069874763,-445919.5602944308,1529.2688844785923
-3.0,-1.3093073414159544,856165.5557653072,1529.268874321103,1.3093073414159544,-856165.5557653072,1529.268887678897,2.618614682831909,-1712331.1115306143,1529.2688943577941,-2.618614682831909,1712331.1115306143,1529.2688676422058,-0.6546536707079772,428082.7778826536,1529.2688776605512,0.6546536707079772,-428082.7778826536,1529.2688843394485
-2.875,-1.2547528688569562,820491.9909417527,1529.26887459939,1.2547528688569562,-820491.9909417527,1529.2688874006096,2.5095057377139125,-1640983.9818835054,1529.2688938012195,-2.5095057377139125,1640983.9818835054,1529.2688681987809,-0.6273764344284781,410245.99547087634,1529.2688777996952,0.6273764344284781,-410245.99547087634,1529.268884200305
-2.75,-1.200198396297958,784818.4261181982,1529.2688748776777,1.200198396297958,-784818.4261181982,1529.2688871223222,2.400396792595916,-1569636.8522363964,1529.2688932446447,-2.400396792595916,1569636.8522363964,1529.2688687553555,-0.600099198148979,392409.2130590991,1529.2688779388388,0.600099198148979,-392409.2130590991,1529.268884061161
-2.625,-1.14564392373896,749144.8612946437,1529.2688751559651,1.14564392373896,-749144.8612946437,1529.268886844035,2.29128784747792,-1498289.7225892874,1529.2688926880699,-2.29128784747792,1498289.7225892874,1529.26886931193,-0.57282196186948,374572.43064732186,1529.2688780779824,0.57282196186948,-374572.43064732186,1529.2688839220175
-2.5,-1.091089451179962,713471.2964710894,1529.2688754342523,1.091089451179962,-713471.2964710894,1529.2688865657474,2.182178902359924,-1426942.5929421787,1529.2688921314952,-2.182178902359924,1426942.5929421787,1529.2688698685051,-0.545544725589981,356735.6482355447,1529.2688782171263,0.545544725589981,-356735.6482355447,1529.268883782874
-2.375,-1.0365349786209639,677797.7316475349,1529.2688757125397,1.0365349786209639,-677797.7316475349,1529.2688862874602,2.0730699572419278,-1355595.4632950698,1529.2688915749204,-2.0730699572419278,1355595.4632950698,1529.2688704250797,-0.5182674893104819,338898.86582376744,1529.2688783562699,0.5182674893104819,-338898.86582376744,1529.26888364373
-2.25,-0.9819805060619657,642124.1668239804,1529.2688759908274,0.9819805060619657,-642124.1668239804,1529.2688860091728,1.9639610121239315,-1284248.3336479608,1529.2688910183456,-1.9639610121239315,1284248.3336479608,1529.2688709816543,-0.49099025303098287,321062.0834119902,1529.2688784954134,0.49099025303098287,-321062.0834119902,1529.2688835045863
-2.125,-0.9274260335029677,606450.6020004259,1529.2688762691146,0.9274260335029677,-606450.6020004259,1529.2688857308856,1.8548520670059354,-1212901.2040008518,1529.2688904617708,-1.8548520670059354,1212901.2040008518,1529.268871538229,-0.46371301675148385,303225.30100021296,1529.2688786345575,0.46371301675148385,-303225.30100021296,1529.2688833654427
-2.0,-0.8728715609439696,570777.0371768714,1529.268876547402,0.8728715609439696,-570777.0371768714,1529.268885452598,1.7457431218879391,-1141554.0743537429,1529.2688899051961,-1.7457431218879391,1141554.0743537429,1529.268872094804,-0.4364357804719848,285388.5185884357,1529.2688787737009,0.4364357804719848,-285388.5185884357,1529.268883226299
-1.875,-0.8183170883849714,535103.472353317,1529.2688768256892,0.8183170883849714,-535103.472353317,1529.2688851743105,1.6366341767699428,-1070206.944706634,1529.2688893486213,-1.6366341767699428,1070206.944706634,1529.2688726513786,-0.4091585441924857,267551.7361766585,1529.2688789128445,0.4091585441924857,-267551.7361766585,1529.2688830871555
-1.75,-0.7637626158259734,499429.9075297625,1529.2688771039766,0.7637626158259734,-499429.9075297625,1529.2688848960233,1.5275252316519468,-998859.815059525,1529.2688887920467,-1.5275252316519468,998859.815059525,1529.2688732079534,-0.3818813079129867,249714.95376488124,1529.2688790519885,0.3818813079129867,-249714.95376488124,1529.2688829480117
-1.625,-0.7092081432669752,463756.342706208,1529.2688773822642,0.7092081432669752,-463756.342706208,1529.268884617736,1.4184162865339505,-927512.685412416,1529.2688882354719,-1.4184162865339505,927512.685412416,1529.268873764528,-0.3546040716334876,231878.171353104,1529.268879191132,0.3546040716334876,-231878.171353104,1529.2688828088678
-1.5,-0.6546536707079772,428082.7778826536,1529.2688776605512,0.6546536707079772,-428082.7778826536,1529.2688843394485,1.3093073414159544,-856165.5557653072,1529.268887678897,-1.3093073414159544,856165.5557653072,1529.268874321103,-0.3273268353539886,214041.3889413268,1529.2688793302757,0.3273268353539886,-214041.3889413268,1529.2688826697242
-1.375,-0.600099198148979,392409.2130590991,1529.2688779388388,0.600099198148979,-392409.2130590991,1529.268884061161,1.200198396297958,-784818.4261181982,1529.2688871223222,-1.200198396297958,784818.4261181982,1529.2688748776777,-0.3000495990744895,196204.60652954955,1529.2688794694193,0.3000495990744895,-196204.60652954955,1529.2688825305806
-1.25,-0.545544725589981,356735.6482355447,1529.2688782171263,0.545544725589981,-356735.6482355447,1529.268883782874,1.091089451179962,-713471.2964710894,1529.2688865657474,-1.091089451179962,713471.2964710894,1529.2688754342523,-0.2727723627949905,178367.82411777234,1529.268879608563,0.2727723627949905,-178367.82411777234,1529.2688823914368
-1.125,-0.49099025303098287,321062.0834119902,1529.2688784954134,0.49099025303098287,-321062.0834119902,1529.2688835045863,0.9819805060619657,-642124.1668239804,1529.2688860091728,-0.9819805060619657,642124.1668239804,1529.2688759908274,-0.24549512651549144,160531.0417059951,1529.2688797477067,0.24549512651549144,-160531.0417059951,1529.2688822522932
-1.0,-0.4364357804719848,285388.5185884357,1529.2688787737009,0.4364357804719848,-285388.5185884357,1529.268883226299,0.8728715609439696,-570777.0371768714,1529.268885452598,-0.8728715609439696,570777.0371768714,1529.268876547402,-0.2182178902359924,142694.25929421786,1529.2688798868503,0.2182178902359924,-142694.25929421786,1529.2688821131494
-0.875,-0.3818813079129867,249714.95376488124,1529.2688790519885,0.3818813079129867,-249714.95376488124,1529.2688829480117,0.7637626158259734,-499429.9075297625,1529.2688848960233,-0.7637626158259734,499429.9075297625,1529.2688771039766,-0.19094065395649334,124857.47688244062,1529.2688800259941,0.19094065395649334,-124857.47688244062,1529.2688819740058
-0.75,-0.3273268353539886,214041.3889413268,1529.2688793302757,0.3273268353539886,-214041.3889413268,1529.2688826697242,0.6546536707079772,-428082.7778826536,1529.2688843394485,-0.6546536707079772,428082.7778826536,1529.2688776605512,-0.1636634176769943,107020.6944706634,1529.2688801651377,0.1636634176769943,-107020.6944706634,1529.2688818348622
-0.625,-0.2727723627949905,178367.82411777234,1529.268879608563,0.2727723627949905,-178367.82411777234,1529.2688823914368,0.545544725589981,-356735.6482355447,1529.268883782874,-0.545544725589981,356735.6482355447,1529.2688782171263,-0.13638618139749525,89183.91205888617,1529.2688803042813,0.13638618139749525,-89183.91205888617,1529.2688816957184
-0.5,-0.2182178902359924,142694.25929421786,1529.2688798868503,0.2182178902359924,-142694.25929421786,1529.2688821131494,0.4364357804719848,-285388.5185884357,1529.268883226299,-0.4364357804719848,285388.5185884357,1529.2688787737009,-0.1091089451179962,71347.12964710893,1529.2688804434254,0.1091089451179962,-71347.12964710893,1529.2688815565748
-0.375,-0.1636634176769943,107020.6944706634,1529.2688801651377,0.1636634176769943,-107020.6944706634,1529.2688818348622,0.3273268353539886,-214041.3889413268,1529.2688826697242,-0.3273268353539886,214041.3889413268,1529.2688793302757,-0.08183170883849715,53510.3472353317,1529.268880582569,0.08183170883849715,-53510.3472353317,1529.268881417431
-0.25,-0.1091089451179962,71347.12964710893,1529.2688804434254,0.1091089451179962,-71347.12964710893,1529.2688815565748,0.2182178902359924,-142694.25929421786,1529.2688821131494,-0.2182178902359924,142694.25929421786,1529.2688798868503,-0.0545544725589981,35673.564823554465,1529.2688807217125,0.0545544725589981,-35673.564823554465,1529.2688812782874
-0.125,-0.0545544725589981,35673.564823554465,1529.2688807217125,0.0545544725589981,-35673.564823554465,1529.2688812782874,0.1091089451179962,-71347.12964710893,1529.2688815565748,-0.1091089451179962,71347.12964710893,1529.2688804434254,-0.02727723627949905,17836.782411777232,1529.2688808608564,0.02727723627949905,-17836.782411777232,1529.2688811391438
0.0,0.0,-0.0,1529.268881,-0.0,0.0,1529.268881,-0.0,0.0,1529.268881,0.0,-0.0,1529.268881,0.0,-0.0,1529.268881,-0.0,0.0,1529.268881
0.125,0.0545544725589981,-35673.564823554465,1529.2688812782874,-0.0545544725589981,35673.564823554465,1529.2688807217125,-0.1091089451179962,71347.12964710893,1529.2688804434254,0.1091089451179962,-71347.12964710893,1529.2688815565748,0.02727723627949905,-17836.782411777232,1529.2688811391438,-0.02727723627949905,17836.782411777232,1529.2688808608564
0.25,0.1091089451179962,-71347.12964710893,1529.2688815565748,-0.1091089451179962,71347.12964710893,1529.2688804434254,-0.2182178902359924,142694.25929421786,1529.2688798868503,0.2182178902359924,-142694.25929421786,1529.2688821131494,0.0545544725589981,-35673.564823554465,1529.2688812782874,-0.0545544725589981,35673.564823554465,1529.2688807217125
0.375,0.1636634176769943,-107020.6944706634,1529.2688818348622,-0.1636634176769943,107020.6944706634,1529.2688801651377,-0.3273268353539886,214041.3889413268,1529.2688793302757,0.3273268353539886,-214041.3889413268,1529.2688826697242,0.08183170883849715,-53510.3472353317,1529.268881417431,-0.08183170883849715,53510.3472353317,1529.268880582569
0.5,0.2182178902359924,-142694.25929421786,1529.2688821131494,-0.2182178902359924,142694.25929421786,1529.2688798868503,-0.4364357804719848,285388.5185884357,1529.2688787737009,0.4364357804719848,-285388.5185884357,1529.268883226299,0.1091089451179962,-71347.12964710893,1529.2688815565748,-0.1091089451179962,71347.12964710893,1529.2688804434254
0.625,0.2727723627949905,-178367.82411777234,1529.2688823914368,-0.2727723627949905,178367.82411777234,1529.268879608563,-0.545544725589981,356735.6482355447,1529.2688782171263,0.545544725589981,-356735.6482355447,1529.268883782874,0.13638618139749525,-89183.91205888617,1529.2688816957184,-0.13638618139749525,89183.91205888617,1529.2688803042813
0.75,0.3273268353539886,-214041.3889413268,1529.2688826697242,-0.3273268353539886,214041.3889413268,1529.2688793302757,-0.6546536707079772,428082.7778826536,1529.2688776605512,0.6546536707079772,-428082.7778826536,1529.2688843394485,0.1636634176769943,-107020.6944706634,1529.2688818348622,-0.1636634176769943,107020.6944706634,1529.2688801651377
0.875,0.3818813079129867,-249714.95376488124,1529.2688829480117,-0.3818813079129867,249714.95376488124,1529.2688790519885,-0.7637626158259734,499429.9075297625,1529.2688771039766,0.7637626158259734,-499429.9075297625,1529.2688848960233,0.19094065395649334,-124857.47688244062,1529.2688819740058,-0.19094065395649334,124857.47688244062,1529.2688800259941
1.0,0.4364357804719848,-285388.5185884357,1529.268883226299,-0.4364357804719848,285388.5185884357,1529.2688787737009,-0.8728715609439696,570777.0371768714,1529.268876547402,0.8728715609439696,-570777.0371768714,1529.268885452598,0.2182178902359924,-142694.25929421786,1529.2688821131494,-0.2182178902359924,142694.25929421786,1529.2688798868503
1.125,0.49099025303098287,-321062.0834119902,1529.2688835045863,-0.49099025303098287,321062.0834119902,1529.2688784954134,-0.9819805060619657,642124.1668239804,1529.2688759908274,0.9819805060619657,-642124.1668239804,1529.2688860091728,0.24549512651549144,-160531.0417059951,1529.2688822522932,-0.24549512651549144,160531.0417059951,1529.2688797477067
1.25,0.545544725589981,-356735.6482355447,1529.268883782874,-0.545544725589981,356735.6482355447,1529.2688782171263,-1.091089451179962,713471.2964710894,1529.2688754342523,1.091089451179962,-713471.2964710894,1529.2688865657474,0.2727723627949905,-178367.82411777234,1529.2688823914368,-0.2727723627949905,178367.82411777234,1529.268879608563
1.375,0.600099198148979,-392409.2130590991,1529.268884061161,-0.600099198148979,392409.2130590991,1529.2688779388388,-1.200198396297958,784818.4261181982,1529.2688748776777,1.200198396297958,-784818.4261181982,1529.2688871223222,0.3000495990744895,-196204.60652954955,1529.2688825305806,-0.3000495990744895,196204.60652954955,1529.2688794694193
1.5,0.6546536707079772,-428082.7778826536,1529.2688843394485,-0.6546536707079772,428082.7778826536,1529.2688776605512,-1.3093073414159544,856165.5557653072,1529.268874321103,1.3093073414159544,-856165.5557653072,1529.268887678897,0.3273268353539886,-214041.3889413268,1529.2688826697242,-0.3273268353539886,214041.3889413268,1529.2688793302757
1.625,0.7092081432669752,-463756.342706208,1529.268884617736,-0.7092081432669752,463756.342706208,1529.2688773822642,-1.4184162865339505,927512.685412416,1529.268873764528,1.4184162865339505,-927512.685412416,1529.2688882354719,0.3546040716334876,-231878.171353104,1529.2688828088678,-0.3546040716334876,231878.171353104,1529.268879191132
1.75,0.7637626158259734,-499429.9075297625,1529.2688848960233,-0.7637626158259734,499429.9075297625,1529.2688771039766,-1.5275252316519468,998859.815059525,1529.2688732079534,1.5275252316519468,-998859.815059525,1529.2688887920467,0.3818813079129867,-249714.95376488124,1529.2688829480117,-0.3818813079129867,249714.95376488124,1529.2688790519885
1.875,0.8183170883849714,-535103.472353317,1529.2688851743105,-0.8183170883849714,535103.472353317,1529.2688768256892,-1.6366341767699428,1070206.944706634,1529.2688726513786,1.6366341767699428,-1070206.944706634,1529.2688893486213,0.4091585441924857,-267551.7361766585,1529.2688830871555,-0.4091585441924857,267551.7361766585,1529.2688789128445
2.0,0.8728715609439696,-570777.0371768714,1529.268885452598,-0.8728715609439696,570777.0371768714,1529.268876547402,-1.7457431218879391,1141554.0743537429,1529.268872094804,1.7457431218879391,-1141554.0743537429,1529.2688899051961,0.4364357804719848,-285388.5185884357,1529.268883226299,-0.4364357804719848,285388.5185884357,1529.2688787737009
2.125,0.9274260335029677,-606450.6020004259,1529.2688857308856,-0.9274260335029677,606450.6020004259,1529.2688762691146,-1.8548520670059354,1212901.2040008518,1529.268871538229,1.8548520670059354,-1212901.2040008518,1529.2688904617708,0.46371301675148385,-303225.30100021296,1529.2688833654427,-0.46371301675148385,303225.30100021296,1529.2688786345575
2.25,0.9819805060619657,-642124.1668239804,1529.2688860091728,-0.9819805060619657,642124.1668239804,1529.2688759908274,-1.9639610121239315,1284248.3336479608,1529.2688709816543,1.9639610121239315,-1284248.3336479608,1529.2688910183456,0.49099025303098287,-321062.0834119902,1529.2688835045863,-0.49099025303098287,321062.0834119902,1529.2688784954134
2.375,1.0365349786209639,-677797.7316475349,1529.2688862874602,-1.0365349786209639,677797.7316475349,1529.2688757125397,-2.0730699572419278,1355595.4632950698,1529.2688704250797,2.0730699572419278,-1355595.4632950698,1529.2688915749204,0.5182674893104819,-338898.86582376744,1529.26888364373,-0.5182674893104819,338898.86582376744,1529.2688783562699
2.5,1.091089451179962,-713471.2964710894,1529.2688865657474,-1.091089451179962,713471.2964710894,1529.2688754342523,-2.182178902359924,1426942.5929421787,1529.2688698685051,2.182178902359924,-1426942.5929421787,1529.2688921314952,0.545544725589981,-356735.6482355447,1529.268883782874,-0.545544725589981,356735.6482355447,1529.2688782171263
2.625,1.14564392373896,-749144.8612946437,1529.268886844035,-1.14564392373896,749144.8612946437,1529.2688751559651,-2.29128784747792,1498289.7225892874,1529.26886931193,2.29128784747792,-1498289.7225892874,1529.2688926880699,0.57282196186948,-374572.43064732186,1529.2688839220175,-0.57282196186948,374572.43064732186,1529.2688780779824
2.75,1.200198396297958,-784818.4261181982,1529.2688871223222,-1.200198396297958,784818.4261181982,1529.2688748776777,-2.400396792595916,1569636.8522363964,1529.2688687553555,2.400396792595916,-1569636.8522363964,1529.2688932446447,0.600099198148979,-392409.2130590991,1529.268884061161,-0.600099198148979,392409.2130590991,1529.2688779388388
2.875,1.2547528688569562,-820491.9909417527,1529.2688874006096,-1.2547528688569562,820491.9909417527,1529.26887459939,-2.5095057377139125,1640983.9818835054,1529.2688681987809,2.5095057377139125,-1640983.9818835054,1529.2688938012195,0.6273764344284781,-410245.99547087634,1529.268884200305,-0.6273764344284781,410245.99547087634,1529.2688777996952
3.0,1.3093073414159544,-856165.5557653072,1529.268887678897,-1.3093073414159544,856165.5557653072,1529.268874321103,-2.618614682831909,1712331.1115306143,1529.2688676422058,2.618614682831909,-1712331.1115306143,1529.2688943577941,0.6546536707079772,-428082.7778826536,1529.2688843394485,-0.6546536707079772,428082.7778826536,1529.2688776605512
3.125,1.3638618139749525,-891839.1205888616,1529.2688879571845,-1.3638618139749525,891839.1205888616,1529.2688740428155,-2.727723627949905,1783678.2411777233,1529.2688670856312,2.727723627949905,-1783678.2411777233,1529.268894914369,0.6819309069874763,-445919.5602944308,1529.2688844785923,-0.6819309069874763,445919.5602944308,1529.2688775214078
3.25,1.4184162865339505,-927512.685412416,1529.2688882354719,-1.4184162865339505,927512.685412416,1529.268873764528,-2.836832573067901,1855025.370824832,1529.2688665290564,2.836832573067901,-1855025.370824832,1529.2688954709438,0.7092081432669752,-463756.342706208,1529.268884617736,-0.7092081432669752,463756.342706208,1529.2688773822642
3.375,1.4729707590929486,-963186.2502359705,1529.268888513759,-1.4729707590929486,963186.2502359705,1529.2688734862409,-2.9459415181858972,1926372.500471941,1529.2688659724818,2.9459415181858972,-1926372.500471941,1529.2688960275186,0.7364853795464743,-481593.12511798524,1529.2688847568795,-0.7364853795464743,481593.12511798524,1529.2688772431202
3.5,1.5275252316519468,-998859.815059525,1529.2688887920467,-1.5275252316519468,998859.815059525,1529.2688732079534,-3.0550504633038935,1997719.63011905,1529.2688654159067,3.0550504633038935,-1997719.63011905,1529.2688965840932,0.7637626158259734,-499429.9075297625,1529.2688848960233,-0.7637626158259734,499429.9075297625,1529.2688771039766
3.625,1.582079704210945,-1034533.3798830796,1529.268889070334,-1.582079704210945,1034533.3798830796,1529.2688729296663,-3.16415940842189,2069066.759766159,1529.268864859332,3.16415940842189,-2069066.759766159,1529.268897140668,0.7910398521054725,-517266.6899415398,1529.268885035167,-0.7910398521054725,517266.6899415398,1529.268876964833
3.75,1.6366341767699428,-1070206.944706634,1529.2688893486213,-1.6366341767699428,1070206.944706634,1529.2688726513786,-3.2732683535398857,2140413.889413268,1529.2688643027575,3.2732683535398857,-2140413.889413268,1529.268897697243,0.8183170883849714,-535103.472353317,1529.2688851743105,-0.8183170883849714,535103.472353317,1529.2688768256892
3.875,1.691188649328941,-1105880.5095301883,1529.2688896269087,-1.691188649328941,1105880.5095301883,1529.2688723730912,-3.382377298657882,2211761.0190603766,1529.268863746183,3.382377298657882,-2211761.0190603766,1529.2688982538177,0.8455943246644705,-552940.2547650941,1529.2688853134543,-0.8455943246644705,552940.2547650941,1529.2688766865456
4.0,1.7457431218879391,-1141554.0743537429,1529.2688899051961,-1.7457431218879391,1141554.0743537429,1529.268872094804,-3.4914862437758782,2283108.1487074858,1529.2688631896078,3.4914862437758782,-2283108.1487074858,1529.2688988103923,0.8728715609439696,-570777.0371768714,1529.268885452598,-0.8728715609439696,570777.0371768714,1529.268876547402
4.125,1.8002975944469373,-1177227.6391772972,1529.2688901834836,-1.8002975944469373,1177227.6391772972,1529.2688718165166,-3.6005951888938745,2354455.2783545945,1529.2688626330332,3.6005951888938745,-2354455.2783545945,1529.2688993669672,0.9001487972234686,-588613.8195886486,1529.2688855917418,-0.9001487972234686,588613.8195886486,1529.2688764082582
4.25,1.8548520670059354,-1212901.2040008518,1529.2688904617708,-1.8548520670059354,1212901.2040008518,1529.268871538229,-3.709704134011871,2425802.4080017037,1529.2688620764586,3.709704134011871,-2425802.4080017037,1529.268899923542,0.9274260335029677,-606450.6020004259,1529.2688857308856,-0.9274260335029677,606450.6020004259,1529.2688762691146
4.375,1.9094065395649333,-1248574.7688244062,1529.2688907400584,-1.9094065395649333,1248574.7688244062,1529.268871259942,-3.8188130791298667,2497149.5376488124,1529.2688615198836,3.8188130791298667,-2497149.5376488124,1529.2689004801166,0.9547032697824667,-624287.3844122031,1529.268885870029,-0.9547032697824667,624287.3844122031,1529.268876129971
4.5,1.9639610121239315,-1284248.3336479608,1529.2688910183456,-1.9639610121239315,1284248.3336479608,1529.2688709816543,-3.927922024247863,2568496.6672959216,1529.268860963309,3.927922024247863,-2568496.6672959216,1529.2689010366914,0.9819805060619657,-642124.1668239804,1529.2688860091728,-0.9819805060619657,642124.1668239804,1529.2688759908274
4.625,2.0185154846829296,-1319921.8984715152,1529.268891296633,-2.0185154846829296,1319921.8984715152,1529.268870703367,-4.037030969365859,2639843.7969430303,1529.2688604067343,4.037030969365859,-2639843.7969430303,1529.2689015932663,1.0092577423414648,-659960.9492357576,1529.2688861483166,-1.0092577423414648,659960.9492357576,1529.2688758516833
4.75,2.0730699572419278,-1355595.4632950698,1529.2688915749204,-2.0730699572419278,1355595.4632950698,1529.2688704250797,-4.1461399144838555,2711190.9265901395,1529.2688598501595,4.1461399144838555,-2711190.9265901395,1529.268902149841,1.0365349786209639,-677797.7316475349,1529.2688862874602,-1.0365349786209639,677797.7316475349,1529.2688757125397
4.875,2.127624429800926,-1391269.0281186241,1529.2688918532078,-2.127624429800926,1391269.0281186241,1529.2688701467923,-4.255248859601852,2782538.0562372482,1529.2688592935847,4.255248859601852,-2782538.0562372482,1529.2689027064157,1.063812214900463,-695634.5140593121,1529.2688864266038,-1.063812214900463,695634.5140593121,1529.2688755733961
5.0,2.182178902359924,-1426942.5929421787,1529.2688921314952,-2.182178902359924,1426942.5929421787,1529.2688698685051,-4.364357804719848,2853885.1858843574,1529.26885873701,4.364357804719848,-2853885.1858843574,1529.2689032629905,1.091089451179962,-713471.2964710894,1529.2688865657474,-1.091089451179962,713471.2964710894,1529.2688754342523
5.125,2.236733374918922,-1462616.157765733,1529.2688924097824,-2.236733374918922,1462616.157765733,1529.2688695902175,-4.473466749837844,2925232.315531466,1529.2688581804352,4.473466749837844,-2925232.315531466,1529.2689038195654,1.118366687459461,-731308.0788828665,1529.2688867048912,-1.118366687459461,731308.0788828665,1529.2688752951087
5.25,2.29128784747792,-1498289.7225892874,1529.2688926880699,-2.29128784747792,1498289.7225892874,1529.26886931193,-4.58257569495584,2996579.445178575,1529.2688576238606,4.58257569495584,-2996579.445178575,1529.2689043761402,1.14564392373896,-749144.8612946437,1529.268886844035,-1.14564392373896,749144.8612946437,1529.2688751559651
5.375,2.345842320036918,-1533963.2874128418,1529.2688929663573,-2.345842320036918,1533963.2874128418,1529.2688690336429,-4.691684640073836,3067926.5748256836,1529.2688570672858,4.691684640073836,-3067926.5748256836,1529.2689049327148,1.172921160018459,-766981.6437064209,1529.2688869831786,-1.172921160018459,766981.6437064209,1529.2688750168213
5.5,2.400396792595916,-1569636.8522363964,1529.2688932446447,-2.400396792595916,1569636.8522363964,1529.2688687553555,-4.800793585191832,3139273.704472793,1529.268856510711,4.800793585191832,-3139273.704472793,1529.2689054892896,1.200198396297958,-784818.4261181982,1529.2688871223222,-1.200198396297958,784818.4261181982,1529.2688748776777
5.625,2.4549512651549144,-1605310.4170599508,1529.268893522932,-2.4549512651549144,1605310.4170599508,1529.2688684770678,-4.909902530309829,3210620.8341199015,1529.2688559541364,4.909902530309829,-3210620.8341199015,1529.2689060458645,1.2274756325774572,-802655.2085299754,1529.268887261466,-1.2274756325774572,802655.2085299754,1529.2688747385341
5.75,2.5095057377139125,-1640983.9818835054,1529.2688938012195,-2.5095057377139125,1640983.9818835054,1529.2688681987809,-5.019011475427825,3281967.9637670107,1529.2688553975615,5.019011475427825,-3281967.9637670107,1529.268906602439,1.2547528688569562,-820491.9909417527,1529.2688874006096,-1.2547528688569562,820491.9909417527,1529.26887459939
5.875,2.5640602102729106,-1676657.54670706,1529.268894079507,-2.5640602102729106,1676657.54670706,1529.2688679204932,-5.128120420545821,3353315.09341412,1529.2688548409867,5.128120420545821,-3353315.09341412,1529.2689071590141,1.2820301051364553,-838328.77335353,1529.2688875397535,-1.2820301051364553,838328.77335353,1529.2688744602465
6.0,2.618614682831909,-1712331.1115306143,1529.2688943577941,-2.618614682831909,1712331.1115306143,1529.2688676422058,-5.237229365663818,3424662.2230612286,1529.268854284412,5.237229365663818,-3424662.2230612286,1529.2689077155887,1.3093073414159544,-856165.5557653072,1529.268887678897,-1.3093073414159544,856165.5557653072,1529.268874321103
6.125,2.673169155390907,-1748004.676354169,1529.2688946360815,-2.673169155390907,1748004.676354169,1529.2688673639186,-5.346338310781814,3496009.352708338,1529.2688537278375,5.346338310781814,-3496009.352708338,1529.2689082721636,1.3365845776954535,-874002.3381770845,1529.2688878180406,-1.3365845776954535,874002.3381770845,1529.268874181959
6.25,2.727723627949905,-1783678.2411777233,1529.268894914369,-2.727723627949905,1783678.2411777233,1529.2688670856312,-5.45544725589981,3567356.4823554466,1529.2688531712624,5.45544725589981,-3567356.4823554466,1529.2689088287382,1.3638618139749525,-891839.1205888616,1529.2688879571845,-1.3638618139749525,891839.1205888616,1529.2688740428155
6.375,2.782278100508903,-1819351.8060012776,1529.2688951926564,-2.782278100508903,1819351.8060012776,1529.268866807344,-5.564556201017806,3638703.6120025553,1529.2688526146878,5.564556201017806,-3638703.6120025553,1529.268909385313,1.3911390502544514,-909675.9030006388,1529.268888096328,-1.3911390502544514,909675.9030006388,1529.2688739036719
6.5,2.836832573067901,-1855025.370824832,1529.2688954709438,-2.836832573067901,1855025.370824832,1529.2688665290564,-5.673665146135802,3710050.741649664,1529.2688520581132,5.673665146135802,-3710050.741649664,1529.2689099418878,1.4184162865339505,-927512.685412416,1529.2688882354719,-1.4184162865339505,927512.685412416,1529.268873764528
6.625,2.891387045626899,-1890698.9356483866,1529.268895749231,-2.891387045626899,1890698.9356483866,1529.268866250769,-5.782774091253798,3781397.871296773,1529.2688515015386,5.782774091253798,-3781397.871296773,1529.2689104984627,1.4456935228134495,-945349.4678241933,1529.2688883746155,-1.4456935228134495,945349.4678241933,1529.2688736253845
6.75,2.9459415181858972,-1926372.500471941,1529.2688960275186,-2.9459415181858972,1926372.500471941,1529.2688659724818,-5.8918830363717944,3852745.000943882,1529.2688509449636,5.8918830363717944,-3852745.000943882,1529.2689110550375,1.4729707590929486,-963186.2502359705,1529.268888513759,-1.4729707590929486,963186.2502359705,1529.2688734862409
6.875,3.0004959907448954,-1962046.0652954956,1529.268896305806,-3.0004959907448954,1962046.0652954956,1529.2688656941943,-6.000991981489791,3924092.130590991,1529.268850388389,6.000991981489791,-3924092.130590991,1529.268911611612,1.5002479953724477,-981023.0326477478,1529.268888652903,-1.5002479953724477,981023.0326477478,1529.268873347097
7.0,3.0550504633038935,-1997719.63011905,1529.2688965840932,-3.0550504633038935,1997719.63011905,1529.2688654159067,-6.110100926607787,3995439.2602381,1529.2688498318144,6.110100926607787,-3995439.2602381,1529.268912168187,1.5275252316519468,-998859.815059525,1529.2688887920467,-1.5275252316519468,998859.815059525,1529.2688732079534
7.125,3.1096049358628917,-2033393.1949426045,1529.2688968623809,-3.1096049358628917,2033393.1949426045,1529.2688651376197,-6.219209871725783,4066786.389885209,1529.2688492752393,6.219209871725783,-4066786.389885209,1529.2689127247618,1.5548024679314458,-1016696.5974713023,1529.2688889311903,-1.5548024679314458,1016696.5974713023,1529.2688730688099
7.25,3.16415940842189,-2069066.759766159,1529.268897140668,-3.16415940842189,2069066.759766159,1529.268864859332,-6.32831881684378,4138133.519532318,1529.2688487186647,6.32831881684378,-4138133.519532318,1529.2689132813366,1.582079704210945,-1034533.3798830796,1529.268889070334,-1.582079704210945,1034533.3798830796,1529.2688729296663
7.375,3.218713880980888,-2104740.3245897135,1529.2688974189555,-3.218713880980888,2104740.3245897135,1529.2688645810447,-6.437427761961776,4209480.649179427,1529.26884816209,6.437427761961776,-4209480.649179427,1529.2689138379112,1.609356940490444,-1052370.1622948567,1529.2688892094777,-1.609356940490444,1052370.1622948567,1529.2688727905222
7.5,3.2732683535398857,-2140413.889413268,1529.268897697243,-3.2732683535398857,2140413.889413268,1529.2688643027575,-6.546536707079771,4280827.778826536,1529.2688476055155,6.546536707079771,-4280827.778826536,1529.268914394486,1.6366341767699428,-1070206.944706634,1529.2688893486213,-1.6366341767699428,1070206.944706634,1529.2688726513786
7.625,3.327822826098884,-2176087.454236822,1529.2688979755303,-3.327822826098884,2176087.454236822,1529.26886402447,-6.655645652197768,4352174.908473644,1529.2688470489404,6.655645652197768,-4352174.908473644,1529.2689149510609,1.663911413049442,-1088043.727118411,1529.2688894877651,-1.663911413049442,1088043.727118411,1529.268872512235
7.75,3.382377298657882,-2211761.0190603766,1529.2688982538177,-3.382377298657882,2211761.0190603766,1529.268863746183,-6.764754597315764,4423522.038120753,1529.2688464923658,6.764754597315764,-4423522.038120753,1529.2689155076357,1.691188649328941,-1105880.5095301883,1529.2688896269087,-1.691188649328941,1105880.5095301883,1529.2688723730912
7.875,3.43693177121688,-2247434.5838839314,1529.268898532105,-3.43693177121688,2247434.5838839314,1529.2688634678955,-6.87386354243376,4494869.167767863,1529.2688459357912,6.87386354243376,-4494869.167767863,1529.2689160642103,1.71846588560844,-1123717.2919419657,1529.2688897660523,-1.71846588560844,1123717.2919419657,1529.2688722339476
8.0,3.4914862437758782,-2283108.1487074858,1529.2688988103923,-3.4914862437758782,2283108.1487074858,1529.2688631896078,-6.9829724875517565,4566216.2974149715,1529.2688453792166,6.9829724875517565,-4566216.2974149715,1529.2689166207851,1.7457431218879391,-1141554.0743537429,1529.2688899051961,-1.7457431218879391,1141554.0743537429,1529.268872094804
8.125,3.5460407163348764,-2318781.71353104,1529.2688990886797,-3.5460407163348764,2318781.71353104,1529.2688629113206,-7.092081432669753,4637563.42706208,1529.2688448226415,7.092081432669753,-4637563.42706208,1529.2689171773602,1.7730203581674382,-1159390.85676552,1529.2688900443397,-1.7730203581674382,1159390.85676552,1529.2688719556602
8.25,3.6005951888938745,-2354455.2783545945,1529.2688993669672,-3.6005951888938745,2354455.2783545945,1529.2688626330332,-7.201190377787749,4708910.556709189,1529.268844266067,7.201190377787749,-4708910.556709189,1529.2689177339348,1.8002975944469373,-1177227.6391772972,1529.2688901834836,-1.8002975944469373,1177227.6391772972,1529.2688718165166
8.375,3.6551496614528727,-2390128.8431781493,1529.2688996452546,-3.6551496614528727,2390128.8431781493,1529.2688623547458,-7.310299322905745,4780257.686356299,1529.2688437094923,7.310299322905745,-4780257.686356299,1529.2689182905096,1.8275748307264363,-1195064.4215890747,1529.2688903226272,-1.8275748307264363,1195064.4215890747,1529.268871677373
8.5,3.709704134011871,-2425802.4080017037,1529.268899923542,-3.709704134011871,2425802.4080017037,1529.2688620764586,-7.419408268023742,4851604.816003407,1529.2688431529173,7.419408268023742,-4851604.816003407,1529.2689188470843,1.8548520670059354,-1212901.2040008518,1529.2688904617708,-1.8548520670059354,1212901.2040008518,1529.268871538229
8.625,3.7642586065708685,-2461475.972825258,1529.2689002018294,-3.7642586065708685,2461475.972825258,1529.268861798171,-7.528517213141737,4922951.945650516,1529.2688425963427,7.528517213141737,-4922951.945650516,1529.2689194036593,1.8821293032854343,-1230737.986412629,1529.2688906009146,-1.8821293032854343,1230737.986412629,1529.2688713990854
8.75,3.8188130791298667,-2497149.5376488124,1529.2689004801166,-3.8188130791298667,2497149.5376488124,1529.2688615198836,-7.637626158259733,4994299.075297625,1529.268842039768,7.637626158259733,-4994299.075297625,1529.268919960234,1.9094065395649333,-1248574.7688244062,1529.2688907400584,-1.9094065395649333,1248574.7688244062,1529.268871259942
8.875,3.873367551688865,-2532823.1024723668,1529.268900758404,-3.873367551688865,2532823.1024723668,1529.2688612415964,-7.74673510337773,5065646.2049447335,1529.2688414831935,7.74673510337773,-5065646.2049447335,1529.2689205168087,1.9366837758444324,-1266411.5512361834,1529.268890879202,-1.9366837758444324,1266411.5512361834,1529.268871120798
9.0,3.927922024247863,-2568496.6672959216,1529.2689010366914,-3.927922024247863,2568496.6672959216,1529.268860963309,-7.855844048495726,5136993.334591843,1529.2688409266184,7.855844048495726,-5136993.334591843,1529.2689210733834,1.9639610121239315,-1284248.3336479608,1529.2688910183456,-1.9639610121239315,1284248.3336479608,1529.2688709816543
9.125,3.982476496806861,-2604170.232119476,1529.2689013149788,-3.982476496806861,2604170.232119476,1529.2688606850218,-7.964952993613722,5208340.464238952,1529.2688403700438,7.964952993613722,-5208340.464238952,1529.2689216299584,1.9912382484034306,-1302085.116059738,1529.2688911574892,-1.9912382484034306,1302085.116059738,1529.2688708425108
9.25,4.037030969365859,-2639843.7969430303,1529.2689015932663,-4.037030969365859,2639843.7969430303,1529.2688604067343,-8.074061938731719,5279687.593886061,1529.2688398134692,8.074061938731719,-5279687.593886061,1529.268922186533,2.0185154846829296,-1319921.8984715152,1529.268891296633,-2.0185154846829296,1319921.8984715152,1529.268870703367
9.375,4.091585441924857,-2675517.3617665847,1529.2689018715535,-4.091585441924857,2675517.3617665847,1529.2688601284467,-8.183170883849714,5351034.723533169,1529.2688392568946,8.183170883849714,-5351034.723533169,1529.2689227431079,2.0457927209624285,-1337758.6808832923,1529.2688914357768,-2.0457927209624285,1337758.6808832923,1529.2688705642233
9.5,4.1461399144838555,-2711190.9265901395,1529.268902149841,-4.1461399144838555,2711190.9265901395,1529.2688598501595,-8.292279828967711,5422381.853180279,1529.2688387003195,8.292279828967711,-5422381.853180279,1529.2689232996827,2.0730699572419278,-1355595.4632950698,1529.2688915749204,-2.0730699572419278,1355595.4632950698,1529.2688704250797
9.625,4.200694387042853,-2746864.4914136934,1529.2689024281283,-4.200694387042853,2746864.4914136934,1529.268859571872,-8.401388774085707,5493728.982827387,1529.268838143745,8.401388774085707,-5493728.982827387,1529.2689238562575,2.1003471935214266,-1373432.2457068467,1529.268891714064,-2.1003471935214266,1373432.2457068467,1529.2688702859357
9.75,4.255248859601852,-2782538.0562372482,1529.2689027064157,-4.255248859601852,2782538.0562372482,1529.2688592935847,-8.510497719203704,5565076.1124744965,1529.2688375871703,8.510497719203704,-5565076.1124744965,1529.2689244128323,2.127624429800926,-1391269.0281186241,1529.2688918532078,-2.127624429800926,1391269.0281186241,1529.2688701467923
9.875,4.3098033321608495,-2818211.6210608026,1529.2689029847033,-4.3098033321608495,2818211.6210608026,1529.2688590152975,-8.619606664321699,5636423.242121605,1529.2688370305953,8.619606664321699,-5636423.242121605,1529.268924969407,2.1549016660804248,-1409105.8105304013,1529.2688919923514,-2.1549016660804248,1409105.8105304013,1529.2688700076487
10.0,4.364357804719848,-2853885.1858843574,1529.2689032629905,-4.364357804719848,2853885.1858843574,1529.26885873701,-8.728715609439696,5707770.371768715,1529.2688364740206,8.728715609439696,-5707770.371768715,1529.2689255259818,2.182178902359924,-1426942.5929421787,1529.2688921314952,-2.182178902359924,1426942.5929421787,1529.2688698685051
10.125,4.418912277278846,-2889558.7507079113,1529.268903541278,-4.418912277278846,2889558.7507079113,1529.2688584587224,-8.837824554557692,5779117.501415823,1529.268835917446,8.837824554557692,-5779117.501415823,1529.2689260825566,2.209456138639423,-1444779.3753539557,1529.2688922706388,-2.209456138639423,1444779.3753539557,1529.268869729361
10.25,4.473466749837844,-2925232.315531466,1529.2689038195654,-4.473466749837844,2925232.315531466,1529.2688581804352,-8.946933499675689,5850464.631062932,1529.2688353608714,8.946933499675689,-5850464.631062932,1529.2689266391315,2.236733374918922,-1462616.157765733,1529.2688924097824,-2.236733374918922,1462616.157765733,1529.2688695902175
10.375,4.528021222396842,-2960905.8803550205,1529.2689040978528,-4.528021222396842,2960905.8803550205,1529.2688579021478,-9.056042444793684,5921811.760710041,1529.2688348042964,9.056042444793684,-5921811.760710041,1529.268927195706,2.264010611198421,-1480452.9401775103,1529.2688925489263,-2.264010611198421,1480452.9401775103,1529.268869451074
10.5,4.58257569495584,-2996579.445178575,1529.2689043761402,-4.58257569495584,2996579.445178575,1529.2688576238606,-9.16515138991168,5993158.89035715,1529.2688342477218,9.16515138991168,-5993158.89035715,1529.268927752281,2.29128784747792,-1498289.7225892874,1529.2688926880699,-2.29128784747792,1498289.7225892874,1529.26886931193
10.625,4.637130167514838,-3032253.0100021297,1529.2689046544274,-4.637130167514838,3032253.0100021297,1529.2688573455732,-9.274260335029677,6064506.020004259,1529.2688336911472,9.274260335029677,-6064506.020004259,1529.2689283088557,2.318565083757419,-1516126.5050010649,1529.2688928272137,-2.318565083757419,1516126.5050010649,1529.2688691727865
10.75,4.691684640073836,-3067926.5748256836,1529.2689049327148,-4.691684640073836,3067926.5748256836,1529.2688570672858,-9.383369280147672,6135853.149651367,1529.2688331345726,9.383369280147672,-6135853.149651367,1529.2689288654306,2.345842320036918,-1533963.2874128418,1529.2688929663573,-2.345842320036918,1533963.2874128418,1529.2688690336429
10.875,4.746239112632835,-3103600.1396492384,1529.2689052110022,-4.746239112632835,3103600.1396492384,1529.2688567889986,-9.49247822526567,6207200.279298477,1529.2688325779975,9.49247822526567,-6207200.279298477,1529.2689294220054,2.3731195563164174,-1551800.0698246192,1529.2688931055009,-2.3731195563164174,1551800.0698246192,1529.268868894499
11.0,4.800793585191832,-3139273.704472793,1529.2689054892896,-4.800793585191832,3139273.704472793,1529.268856510711,-9.601587170383665,6278547.408945586,1529.268832021423,9.601587170383665,-6278547.408945586,1529.2689299785802,2.400396792595916,-1569636.8522363964,1529.2688932446447,-2.400396792595916,1569636.8522363964,1529.2688687553555
11.125,4.855348057750831,-3174947.2692963476,1529.268905767577,-4.855348057750831,3174947.2692963476,1529.2688562324236,-9.710696115501662,6349894.538592695,1529.2688314648483,9.710696115501662,-6349894.538592695,1529.268930535155,2.4276740288754155,-1587473.6346481738,1529.2688933837885,-2.4276740288754155,1587473.6346481738,1529.2688686162119
11.25,4.909902530309829,-3210620.8341199015,1529.2689060458645,-4.909902530309829,3210620.8341199015,1529.2688559541364,-9.819805060619657,6421241.668239803,1529.2688309082735,9.819805060619657,-6421241.668239803,1529.2689310917297,2.4549512651549144,-1605310.4170599508,1529.268893522932,-2.4549512651549144,1605310.4170599508,1529.2688684770678
11.375,4.964457002868827,-3246294.3989434564,1529.2689063241519,-4.964457002868827,3246294.3989434564,1529.268855675849,-9.928914005737655,6492588.797886913,1529.2688303516986,9.928914005737655,-6492588.797886913,1529.2689316483045,2.4822285014344136,-1623147.1994717282,1529.2688936620757,-2.4822285014344136,1623147.1994717282,1529.2688683379242
11.5,5.019011475427825,-3281967.9637670107,1529.268906602439,-5.019011475427825,3281967.9637670107,1529.2688553975615,-10.03802295085565,6563935.927534021,1529.268829795124,10.03802295085565,-6563935.927534021,1529.2689322048793,2.5095057377139125,-1640983.9818835054,1529.2688938012195,-2.5095057377139125,1640983.9818835054,1529.2688681987809
11.625,5.073565947986823,-3317641.528590565,1529.2689068807265,-5.073565947986823,3317641.528590565,1529.2688551192743,-10.147131895973645,6635283.05718113,1529.2688292385494,10.147131895973645,-6635283.05718113,1529.2689327614542,2.5367829739934113,-1658820.7642952825,1529.2688939403631,-2.5367829739934113,1658820.7642952825,1529.2688680596368
11.75,5.128120420545821,-3353315.09341412,1529.2689071590141,-5.128120420545821,3353315.09341412,1529.2688548409867,-10.256240841091643,6706630.18682824,1529.2688286819746,10.256240841091643,-6706630.18682824,1529.2689333180288,2.5640602102729106,-1676657.54670706,1529.268894079507,-2.5640602102729106,1676657.54670706,1529.2688679204932
11.875,5.182674893104819,-3388988.658237674,1529.2689074373013,-5.182674893104819,3388988.658237674,1529.2688545626997,-10.365349786209638,6777977.316475348,1529.2688281254,10.365349786209638,-6777977.316475348,1529.2689338746038,2.5913374465524095,-1694494.329118837,1529.2688942186505,-2.5913374465524095,1694494.329118837,1529.2688677813496
12.0,5.237229365663818,-3424662.2230612286,1529.2689077155887,-5.237229365663818,3424662.2230612286,1529.268854284412,-10.474458731327635,6849324.446122457,1529.2688275688251,10.474458731327635,-6849324.446122457,1529.2689344311784,2.618614682831909,-1712331.1115306143,1529.2688943577941,-2.618614682831909,1712331.1115306143,1529.2688676422058
12.125,5.291783838222815,-3460335.787884783,1529.2689079938762,-5.291783838222815,3460335.787884783,1529.2688540061247,-10.58356767644563,6920671.575769566,1529.2688270122505,10.58356767644563,-6920671.575769566,1529.2689349877533,2.6458919191114076,-1730167.8939423915,1529.268894496938,-2.6458919191114076,1730167.8939423915,1529.2688675030622
12.25,5.346338310781814,-3496009.352708338,1529.2689082721636,-5.346338310781814,3496009.352708338,1529.2688537278375,-10.692676621563628,6992018.705416676,1529.2688264556757,10.692676621563628,-6992018.705416676,1529.268935544328,2.673169155390907,-1748004.676354169,1529.2688946360815,-2.673169155390907,1748004.676354169,1529.2688673639186
12.375,5.400892783340812,-3531682.9175318917,1529.268908550451,-5.400892783340812,3531682.9175318917,1529.26885344955,-10.801785566681623,7063365.835063783,1529.268825899101,10.801785566681623,-7063365.835063783,1529.268936100903,2.700446391670406,-1765841.4587659459,1529.2688947752254,-2.700446391670406,1765841.4587659459,1529.2688672247748
12.5,5.45544725589981,-3567356.4823554466,1529.2689088287382,-5.45544725589981,3567356.4823554466,1529.2688531712624,-10.91089451179962,7134712.964710893,1529.2688253425265,10.91089451179962,-7134712.964710893,1529.2689366574778,2.727723627949905,-1783678.2411777233,1529.268894914369,-2.727723627949905,1783678.2411777233,1529.2688670856312
12.625,5.510001728458808,-3603030.047179001,1529.2689091070258,-5.510001728458808,3603030.047179001,1529.2688528929755,-11.020003456917616,7206060.094358002,1529.2688247859514,11.020003456917616,-7206060.094358002,1529.2689372140524,2.755000864229404,-1801515.0235895005,1529.2688950535126,-2.755000864229404,1801515.0235895005,1529.2688669464876
12.75,5.564556201017806,-3638703.6120025553,1529.268909385313,-5.564556201017806,3638703.6120025553,1529.2688526146878,-11.129112402035611,7277407.224005111,1529.2688242293768,11.129112402035611,-7277407.224005111,1529.2689377706274,2.782278100508903,-1819351.8060012776,1529.2688951926564,-2.782278100508903,1819351.8060012776,1529.268866807344
12.875,5.619110673576804,-3674377.1768261096,1529.2689096636004,-5.619110673576804,3674377.1768261096,1529.2688523364004,-11.238221347153608,7348754.353652219,1529.2688236728022,11.238221347153608,-7348754.353652219,1529.268938327202,2.809555336788402,-1837188.5884130548,1529.2688953318002,-2.809555336788402,1837188.5884130548,1529.2688666682
13.0,5.673665146135802,-3710050.741649664,1529.2689099418878,-5.673665146135802,3710050.741649664,1529.2688520581132,-11.347330292271604,7420101.483299328,1529.2688231162276,11.347330292271604,-7420101.483299328,1529.2689388837769,2.836832573067901,-1855025.370824832,1529.2688954709438,-2.836832573067901,1855025.370824832,1529.2688665290564
13.125,5.7282196186948005,-3745724.306473219,1529.2689102201753,-5.7282196186948005,3745724.306473219,1529.2688517798258,-11.456439237389601,7491448.612946438,1529.2688225596526,11.456439237389601,-7491448.612946438,1529.2689394403517,2.8641098093474002,-1872862.1532366094,1529.2688956100876,-2.8641098093474002,1872862.1532366094,1529.2688663899128
13.25,5.782774091253798,-3781397.871296773,1529.2689104984627,-5.782774091253798,3781397.871296773,1529.2688515015386,-11.565548182507596,7562795.742593546,1529.268822003078,11.565548182507596,-7562795.742593546,1529.2689399969265,2.891387045626899,-1890698.9356483866,1529.268895749231,-2.891387045626899,1890698.9356483866,1529.268866250769
13.375,5.837328563812797,-3817071.436120328,1529.26891077675,-5.837328563812797,3817071.436120328,1529.2688512232512,-11.674657127625593,7634142.872240656,1529.2688214465034,11.674657127625593,-7634142.872240656,1529.2689405535011,2.9186642819063984,-1908535.718060164,1529.2688958883748,-2.9186642819063984,1908535.718060164,1529.2688661116254
13.5,5.8918830363717944,-3852745.000943882,1529.2689110550375,-5.8918830363717944,3852745.000943882,1529.2688509449636,-11.783766072743589,7705490.001887764,1529.2688208899285,11.783766072743589,-7705490.001887764,1529.268941110076,2.9459415181858972,-1926372.500471941,1529.2688960275186,-2.9459415181858972,1926372.500471941,1529.2688659724818
13.625,5.946437508930793,-3888418.5657674368,1529.268911333325,-5.946437508930793,3888418.5657674368,1529.2688506666764,-11.892875017861586,7776837.1315348735,1529.268820333354,11.892875017861586,-7776837.1315348735,1529.268941666651,2.9732187544653965,-1944209.2828837184,1529.2688961666622,-2.9732187544653965,1944209.2828837184,1529.268865833338
13.75,6.000991981489791,-3924092.130590991,1529.268911611612,-6.000991981489791,3924092.130590991,1529.268850388389,-12.001983962979581,7848184.261181982,1529.268819776779,12.001983962979581,-7848184.261181982,1529.2689422232256,3.0004959907448954,-1962046.0652954956,1529.268896305806,-3.0004959907448954,1962046.0652954956,1529.2688656941943
13.875,6.055546454048788,-3959765.6954145455,1529.2689118898995,-6.055546454048788,3959765.6954145455,1529.2688501101015,-12.111092908097577,7919531.390829091,1529.2688192202045,12.111092908097577,-7919531.390829091,1529.2689427798005,3.027773227024394,-1979882.8477072727,1529.2688964449496,-3.027773227024394,1979882.8477072727,1529.2688655550508
14.0,6.110100926607787,-3995439.2602381,1529.268912168187,-6.110100926607787,3995439.2602381,1529.2688498318144,-12.220201853215574,7990878.5204762,1529.2688186636296,12.220201853215574,-7990878.5204762,1529.2689433363753,3.0550504633038935,-1997719.63011905,1529.2688965840932,-3.0550504633038935,1997719.63011905,1529.2688654159067
14.125,6.164655399166785,-4031112.825061654,1529.2689124464744,-6.164655399166785,4031112.825061654,1529.268849553527,-12.32931079833357,8062225.650123308,1529.268818107055,12.32931079833357,-8062225.650123308,1529.2689438929501,3.0823276995833924,-2015556.412530827,1529.268896723237,-3.0823276995833924,2015556.412530827,1529.2688652767633
14.25,6.219209871725783,-4066786.389885209,1529.2689127247618,-6.219209871725783,4066786.389885209,1529.2688492752393,-12.438419743451567,8133572.779770418,1529.2688175504804,12.438419743451567,-8133572.779770418,1529.2689444495247,3.1096049358628917,-2033393.1949426045,1529.2688968623809,-3.1096049358628917,2033393.1949426045,1529.2688651376197
14.375,6.273764344284781,-4102459.9547087634,1529.2689130030492,-6.273764344284781,4102459.9547087634,1529.268848996952,-12.547528688569562,8204919.909417527,1529.2688169939058,12.547528688569562,-8204919.909417527,1529.2689450060998,3.1368821721423905,-2051229.9773543817,1529.2688970015245,-3.1368821721423905,2051229.9773543817,1529.2688649984757
14.5,6.32831881684378,-4138133.519532318,1529.2689132813366,-6.32831881684378,4138133.519532318,1529.2688487186647,-12.65663763368756,8276267.039064636,1529.2688164373308,12.65663763368756,-8276267.039064636,1529.2689455626744,3.16415940842189,-2069066.759766159,1529.268897140668,-3.16415940842189,2069066.759766159,1529.268864859332
14.625,6.382873289402777,-4173807.084355872,1529.268913559624,-6.382873289402777,4173807.084355872,1529.2688484403775,-12.765746578805555,8347614.168711744,1529.2688158807562,12.765746578805555,-8347614.168711744,1529.2689461192492,3.1914366447013887,-2086903.542177936,1529.2688972798117,-3.1914366447013887,2086903.542177936,1529.2688647201885
14.75,6.437427761961776,-4209480.649179427,1529.2689138379112,-6.437427761961776,4209480.649179427,1529.26884816209,-12.874855523923552,8418961.298358854,1529.2688153241816,12.874855523923552,-8418961.298358854,1529.268946675824,3.218713880980888,-2104740.3245897135,1529.2688974189555,-3.218713880980888,2104740.3245897135,1529.2688645810447
14.875,6.491982234520774,-4245154.214002981,1529.2689141161989,-6.491982234520774,4245154.214002981,1529.2688478838027,-12.983964469041547,8490308.428005962,1529.2688147676065,12.983964469041547,-8490308.428005962,1529.268947232399,3.245991117260387,-2122577.1070014904,1529.2688975580993,-3.245991117260387,2122577.1070014904,1529.268864441901
15.0,6.546536707079771,-4280827.778826536,1529.268914394486,-6.546536707079771,4280827.778826536,1529.2688476055155,-13.093073414159543,8561655.557653071,1529.268814211032,13.093073414159543,-8561655.557653071,1529.2689477889737,3.2732683535398857,-2140413.889413268,1529.268897697243,-3.2732683535398857,2140413.889413268,1529.2688643027575
15.125,6.60109117963877,-4316501.3436500905,1529.2689146727735,-6.60109117963877,4316501.3436500905,1529.2688473272278,-13.20218235927754,8633002.687300181,1529.2688136544573,13.20218235927754,-8633002.687300181,1529.2689483455486,3.300545589819385,-2158250.6718250453,1529.2688978363865,-3.300545589819385,2158250.6718250453,1529.2688641636137
15.25,6.655645652197768,-4352174.908473644,1529.2689149510609,-6.655645652197768,4352174.908473644,1529.2688470489404,-13.311291304395535,8704349.816947289,1529.2688130978827,13.311291304395535,-8704349.816947289,1529.2689489021234,3.327822826098884,-2176087.454236822,1529.2688979755303,-3.327822826098884,2176087.454236822,1529.26886402447
15.375,6.710200124756766,-4387848.473297199,1529.2689152293483,-6.710200124756766,4387848.473297199,1529.2688467706532,-13.420400249513532,8775696.946594398,1529.2688125413079,13.420400249513532,-8775696.946594398,1529.268949458698,3.355100062378383,-2193924.2366485996,1529.268898114674,-3.355100062378383,2193924.2366485996,1529.2688638853265
15.5,6.764754597315764,-4423522.038120753,1529.2689155076357,-6.764754597315764,4423522.038120753,1529.2688464923658,-13.529509194631528,8847044.076241506,1529.2688119847332,13.529509194631528,-8847044.076241506,1529.268950015273,3.382377298657882,-2211761.0190603766,1529.2688982538177,-3.382377298657882,2211761.0190603766,1529.268863746183
15.625,6.8193090698747625,-4459195.602944308,1529.2689157859231,-6.8193090698747625,4459195.602944308,1529.2688462140784,-13.638618139749525,8918391.205888616,1529.2688114281586,13.638618139749525,-8918391.205888616,1529.2689505718477,3.4096545349373812,-2229597.801472154,1529.2688983929613,-3.4096545349373812,2229597.801472154,1529.2688636070388
15.75,6.87386354243376,-4494869.167767863,1529.2689160642103,-6.87386354243376,4494869.167767863,1529.2688459357912,-13.74772708486752,8989738.335535726,1529.268810871584,13.74772708486752,-8989738.335535726,1529.2689511284225,3.43693177121688,-2247434.5838839314,1529.268898532105,-3.43693177121688,2247434.5838839314,1529.2688634678955
15.875,6.928418014992759,-4530542.732591418,1529.268916342498,-6.928418014992759,4530542.732591418,1529.2688456575036,-13.856836029985518,9061085.465182835,1529.268810315009,13.856836029985518,-9061085.465182835,1529.2689516849973,3.4642090074963794,-2265271.366295709,1529.2688986712487,-3.4642090074963794,2265271.366295709,1529.2688633287519
16.0,6.9829724875517565,-4566216.2974149715,1529.2689166207851,-6.9829724875517565,4566216.2974149715,1529.2688453792166,-13.965944975103513,9132432.594829943,1529.2688097584344,13.965944975103513,-9132432.594829943,1529.2689522415722,3.4914862437758782,-2283108.1487074858,1529.2688988103923,-3.4914862437758782,2283108.1487074858,1529.2688631896078
16.125,7.037526960110754,-4601889.862238525,1529.2689168990726,-7.037526960110754,4601889.862238525,1529.268845100929,-14.075053920221508,9203779.72447705,1529.2688092018598,14.075053920221508,-9203779.72447705,1529.268952798147,3.518763480055377,-2300944.9311192627,1529.2688989495362,-3.518763480055377,2300944.9311192627,1529.2688630504642
16.25,7.092081432669753,-4637563.42706208,1529.2689171773602,-7.092081432669753,4637563.42706208,1529.2688448226415,-14.184162865339506,9275126.85412416,1529.268808645285,14.184162865339506,-9275126.85412416,1529.2689533547218,3.5460407163348764,-2318781.71353104,1529.2688990886797,-3.5460407163348764,2318781.71353104,1529.2688629113206
16.375,7.1466359052287505,-4673236.991885634,1529.2689174556474,-7.1466359052287505,4673236.991885634,1529.2688445443544,-14.293271810457501,9346473.983771268,1529.2688080887103,14.293271810457501,-9346473.983771268,1529.2689539112966,3.5733179526143752,-2336618.495942817,1529.2688992278233,-3.5733179526143752,2336618.495942817,1529.2688627721768
16.5,7.201190377787749,-4708910.556709189,1529.2689177339348,-7.201190377787749,4708910.556709189,1529.268844266067,-14.402380755575498,9417821.113418378,1529.2688075321357,14.402380755575498,-9417821.113418378,1529.2689544678715,3.6005951888938745,-2354455.2783545945,1529.2688993669672,-3.6005951888938745,2354455.2783545945,1529.2688626330332
16.625,7.255744850346747,-4744584.121532744,1529.2689180122222,-7.255744850346747,4744584.121532744,1529.2688439877795,-14.511489700693494,9489168.243065488,1529.268806975561,14.511489700693494,-9489168.243065488,1529.2689550244463,3.6278724251733734,-2372292.060766372,1529.268899506111,-3.6278724251733734,2372292.060766372,1529.2688624938896
16.75,7.310299322905745,-4780257.686356299,1529.2689182905096,-7.310299322905745,4780257.686356299,1529.2688437094923,-14.62059864581149,9560515.372712597,1529.268806418986,14.62059864581149,-9560515.372712597,1529.268955581021,3.6551496614528727,-2390128.8431781493,1529.2688996452546,-3.6551496614528727,2390128.8431781493,1529.2688623547458
16.875,7.364853795464743,-4815931.2511798525,1529.268918568797,-7.364853795464743,4815931.2511798525,1529.2688434312047,-14.729707590929486,9631862.502359705,1529.2688058624115,14.729707590929486,-9631862.502359705,1529.268956137596,3.6824268977323715,-2407965.6255899263,1529.2688997843982,-3.6824268977323715,2407965.6255899263,1529.2688622156022
17.0,7.419408268023742,-4851604.816003407,1529.2689188470843,-7.419408268023742,4851604.816003407,1529.2688431529173,-14.838816536047483,9703209.632006815,1529.2688053058368,14.838816536047483,-9703209.632006815,1529.2689566941706,3.709704134011871,-2425802.4080017037,1529.268899923542,-3.709704134011871,2425802.4080017037,1529.2688620764586
17.125,7.473962740582739,-4887278.380826961,1529.2689191253717,-7.473962740582739,4887278.380826961,1529.26884287463,-14.947925481165479,9774556.761653922,1529.2688047492622,14.947925481165479,-9774556.761653922,1529.2689572507454,3.7369813702913697,-2443639.1904134806,1529.2689000626856,-3.7369813702913697,2443639.1904134806,1529.2688619373146
17.25,7.528517213141737,-4922951.945650516,1529.2689194036593,-7.528517213141737,4922951.945650516,1529.2688425963427,-15.057034426283474,9845903.891301032,1529.2688041926872,15.057034426283474,-9845903.891301032,1529.2689578073202,3.7642586065708685,-2461475.972825258,1529.2689002018294,-3.7642586065708685,2461475.972825258,1529.268861798171
17.375,7.583071685700736,-4958625.510474071,1529.2689196819465,-7.583071685700736,4958625.510474071,1529.2688423180555,-15.166143371401471,9917251.020948142,1529.2688036361126,15.166143371401471,-9917251.020948142,1529.268958363895,3.791535842850368,-2479312.7552370355,1529.268900340973,-3.791535842850368,2479312.7552370355,1529.2688616590274
17.5,7.637626158259733,-4994299.075297625,1529.268919960234,-7.637626158259733,4994299.075297625,1529.268842039768,-15.275252316519467,9988598.15059525,1529.268803079538,15.275252316519467,-9988598.15059525,1529.26895892047,3.8188130791298667,-2497149.5376488124,1529.2689004801166,-3.8188130791298667,2497149.5376488124,1529.2688615198836
17.625,7.692180630818732,-5029972.64012118,1529.2689202385213,-7.692180630818732,5029972.64012118,1529.2688417614806,-15.384361261637464,10059945.28024236,1529.2688025229631,15.384361261637464,-10059945.28024236,1529.2689594770447,3.846090315409366,-2514986.32006059,1529.2689006192604,-3.846090315409366,2514986.32006059,1529.26886138074
17.75,7.74673510337773,-5065646.2049447335,1529.2689205168087,-7.74673510337773,5065646.2049447335,1529.2688414831935,-15.49347020675546,10131292.409889467,1529.2688019663885,15.49347020675546,-10131292.409889467,1529.2689600336196,3.873367551688865,-2532823.1024723668,1529.268900758404,-3.873367551688865,2532823.1024723668,1529.2688612415964
17.875,7.801289575936728,-5101319.769768288,1529.2689207950962,-7.801289575936728,5101319.769768288,1529.2688412049058,-15.602579151873456,10202639.539536577,1529.268801409814,15.602579151873456,-10202639.539536577,1529.2689605901944,3.900644787968364,-2550659.884884144,1529.2689008975478,-3.900644787968364,2550659.884884144,1529.2688611024525
18.0,7.855844048495726,-5136993.334591843,1529.2689210733834,-7.855844048495726,5136993.334591843,1529.2688409266184,-15.711688096991452,10273986.669183686,1529.2688008532393,15.711688096991452,-10273986.669183686,1529.2689611467692,3.927922024247863,-2568496.6672959216,1529.2689010366914,-3.927922024247863,2568496.6672959216,1529.268860963309
18.125,7.9103985210547245,-5172666.899415397,1529.268921351671,-7.9103985210547245,5172666.899415397,1529.2688406483312,-15.820797042109449,10345333.798830794,1529.2688002966643,15.820797042109449,-10345333.798830794,1529.2689617033438,3.9551992605273623,-2586333.4497076985,1529.268901175835,-3.9551992605273623,2586333.4497076985,1529.2688608241654
18.25,7.964952993613722,-5208340.464238952,1529.2689216299584,-7.964952993613722,5208340.464238952,1529.2688403700438,-15.929905987227444,10416680.928477904,1529.2687997400897,15.929905987227444,-10416680.928477904,1529.268962259919,3.982476496806861,-2604170.232119476,1529.2689013149788,-3.982476496806861,2604170.232119476,1529.2688606850218
18.375,8.01950746617272,-5244014.029062507,1529.2689219082456,-8.01950746617272,5244014.029062507,1529.2688400917564,-16.03901493234544,10488028.058125013,1529.268799183515,16.03901493234544,-10488028.058125013,1529.2689628164935,4.00975373308636,-2622007.0145312534,1529.2689014541227,-4.00975373308636,2622007.0145312534,1529.268860545878
18.5,8.074061938731719,-5279687.593886061,1529.268922186533,-8.074061938731719,5279687.593886061,1529.2688398134692,-16.148123877463437,10559375.187772121,1529.2687986269405,16.148123877463437,-10559375.187772121,1529.2689633730683,4.037030969365859,-2639843.7969430303,1529.2689015932663,-4.037030969365859,2639843.7969430303,1529.2688604067343
18.625,8.128616411290716,-5315361.158709615,1529.2689224648204,-8.128616411290716,5315361.158709615,1529.2688395351818,-16.257232822581432,10630722.31741923,1529.2687980703656,16.257232822581432,-10630722.31741923,1529.2689639296432,4.064308205645358,-2657680.5793548073,1529.2689017324099,-4.064308205645358,2657680.5793548073,1529.2688602675908
18.75,8.183170883849714,-5351034.723533169,1529.2689227431079,-8.183170883849714,5351034.723533169,1529.2688392568946,-16.366341767699428,10702069.447066339,1529.268797513791,16.366341767699428,-10702069.447066339,1529.268964486218,4.091585441924857,-2675517.3617665847,1529.2689018715535,-4.091585441924857,2675517.3617665847,1529.2688601284467
18.875,8.237725356408713,-5386708.288356724,1529.2689230213953,-8.237725356408713,5386708.288356724,1529.268838978607,-16.475450712817427,10773416.576713448,1529.2687969572164,16.475450712817427,-10773416.576713448,1529.2689650427928,4.118862678204357,-2693354.144178362,1529.2689020106973,-4.118862678204357,2693354.144178362,1529.268859989303
19.0,8.292279828967711,-5422381.853180279,1529.2689232996827,-8.292279828967711,5422381.853180279,1529.2688387003195,-16.584559657935422,10844763.706360558,1529.2687964006413,16.584559657935422,-10844763.706360558,1529.2689655993677,4.1461399144838555,-2711190.9265901395,1529.268902149841,-4.1461399144838555,2711190.9265901395,1529.2688598501595
19.125,8.346834301526709,-5458055.418003833,1529.26892357797,-8.346834301526709,5458055.418003833,1529.2688384220323,-16.693668603053418,10916110.836007666,1529.2687958440667,16.693668603053418,-10916110.836007666,1529.2689661559425,4.173417150763354,-2729027.7090019165,1529.2689022889847,-4.173417150763354,2729027.7090019165,1529.2688597110157
19.25,8.401388774085707,-5493728.982827387,1529.2689238562575,-8.401388774085707,5493728.982827387,1529.268838143745,-16.802777548171413,10987457.965654774,1529.2687952874921,16.802777548171413,-10987457.965654774,1529.2689667125173,4.200694387042853,-2746864.4914136934,1529.2689024281283,-4.200694387042853,2746864.4914136934,1529.268859571872
19.375,8.455943246644706,-5529402.547650943,1529.2689241345447,-8.455943246644706,5529402.547650943,1529.2688378654575,-16.911886493289412,11058805.095301885,1529.2687947309175,16.911886493289412,-11058805.095301885,1529.2689672690922,4.227971623322353,-2764701.2738254713,1529.268902567272,-4.227971623322353,2764701.2738254713,1529.2688594327285
19.5,8.510497719203704,-5565076.1124744965,1529.2689244128323,-8.510497719203704,5565076.1124744965,1529.2688375871703,-17.020995438407407,11130152.224948993,1529.2687941743427,17.020995438407407,-11130152.224948993,1529.268967825667,4.255248859601852,-2782538.0562372482,1529.2689027064157,-4.255248859601852,2782538.0562372482,1529.2688592935847
19.625,8.565052191762701,-5600749.677298051,1529.2689246911195,-8.565052191762701,5600749.677298051,1529.268837308883,-17.130104383525403,11201499.354596103,1529.268793617768,17.130104383525403,-11201499.354596103,1529.2689683822418,4.282526095881351,-2800374.8386490257,1529.2689028455595,-4.282526095881351,2800374.8386490257,1529.268859154441
19.75,8.619606664321699,-5636423.242121605,1529.268924969407,-8.619606664321699,5636423.242121605,1529.2688370305953,-17.239213328643398,11272846.48424321,1529.2687930611935,17.239213328643398,-11272846.48424321,1529.2689689388164,4.3098033321608495,-2818211.6210608026,1529.2689029847033,-4.3098033321608495,2818211.6210608026,1529.2688590152975
19.875,8.674161136880697,-5672096.806945159,1529.2689252476944,-8.674161136880697,5672096.806945159,1529.268836752308,-17.348322273761394,11344193.613890318,1529.268792504619,17.348322273761394,-11344193.613890318,1529.2689694953915,4.337080568440348,-2836048.4034725795,1529.268903123847,-4.337080568440348,2836048.4034725795,1529.2688588761537
20.0,8.728715609439696,-5707770.371768715,1529.2689255259818,-8.728715609439696,5707770.371768715,1529.2688364740206,-17.457431218879393,11415540.74353743,1529.268791948044,17.457431218879393,-11415540.74353743,1529.268970051966,4.364357804719848,-2853885.1858843574,1529.2689032629905,-4.364357804719848,2853885.1858843574,1529.26885873701
20.125,8.783270081998694,-5743443.936592269,1529.2689258042692,-8.783270081998694,5743443.936592269,1529.2688361957335,-17.566540163997388,11486887.873184538,1529.2687913914694,17.566540163997388,-11486887.873184538,1529.2689706085412,4.391635040999347,-2871721.9682961344,1529.2689034021341,-4.391635040999347,2871721.9682961344,1529.2688585978665
20.25,8.837824554557692,-5779117.501415823,1529.2689260825566,-8.837824554557692,5779117.501415823,1529.268835917446,-17.675649109115383,11558235.002831645,1529.2687908348948,17.675649109115383,-11558235.002831645,1529.268971165116,4.418912277278846,-2889558.7507079113,1529.268903541278,-4.418912277278846,2889558.7507079113,1529.2688584587224
20.375,8.89237902711669,-5814791.0662393775,1529.268926360844,-8.89237902711669,5814791.0662393775,1529.2688356391586,-17.78475805423338,11629582.132478755,1529.2687902783198,17.78475805423338,-11629582.132478755,1529.2689717216906,4.446189513558345,-2907395.5331196887,1529.2689036804218,-4.446189513558345,2907395.5331196887,1529.2688583195788
20.5,8.946933499675689,-5850464.631062932,1529.2689266391315,-8.946933499675689,5850464.631062932,1529.2688353608714,-17.893866999351378,11700929.262125865,1529.2687897217452,17.893866999351378,-11700929.262125865,1529.2689722782657,4.473466749837844,-2925232.315531466,1529.2689038195654,-4.473466749837844,2925232.315531466,1529.2688581804352
20.625,9.001487972234687,-5886138.195886487,1529.2689269174189,-9.001487972234687,5886138.195886487,1529.268835082584,-18.002975944469373,11772276.391772974,1529.2687891651706,18.002975944469373,-11772276.391772974,1529.2689728348403,4.500743986117343,-2943069.0979432436,1529.268903958709,-4.500743986117343,2943069.0979432436,1529.2688580412914
20.75,9.056042444793684,-5921811.760710041,1529.268927195706,-9.056042444793684,5921811.760710041,1529.2688348042964,-18.11208488958737,11843623.521420082,1529.268788608596,18.11208488958737,-11843623.521420082,1529.2689733914153,4.528021222396842,-2960905.8803550205,1529.2689040978528,-4.528021222396842,2960905.8803550205,1529.2688579021478
20.875,9.110596917352682,-5957485.325533595,1529.2689274739937,-9.110596917352682,5957485.325533595,1529.2688345260092,-18.221193834705364,11914970.65106719,1529.2687880520211,18.221193834705364,-11914970.65106719,1529.26897394799,4.555298458676341,-2978742.6627667975,1529.2689042369964,-4.555298458676341,2978742.6627667975,1529.2688577630042
21.0,9.16515138991168,-5993158.89035715,1529.268927752281,-9.16515138991168,5993158.89035715,1529.2688342477218,-18.33030277982336,11986317.7807143,1529.2687874954465,18.33030277982336,-11986317.7807143,1529.2689745045648,4.58257569495584,-2996579.445178575,1529.2689043761402,-4.58257569495584,2996579.445178575,1529.2688576238606
21.125,9.21970586247068,-6028832.455180705,1529.2689280305683,-9.21970586247068,6028832.455180705,1529.2688339694344,-18.43941172494136,12057664.91036141,1529.268786938872,18.43941172494136,-12057664.91036141,1529.2689750611396,4.60985293123534,-3014416.2275903523,1529.2689045152838,-4.60985293123534,3014416.2275903523,1529.2688574847168
21.25,9.274260335029677,-6064506.020004259,1529.2689283088557,-9.274260335029677,6064506.020004259,1529.2688336911472,-18.548520670059354,12129012.040008519,1529.2687863822973,18.548520670059354,-12129012.040008519,1529.2689756177144,4.637130167514838,-3032253.0100021297,1529.2689046544274,-4.637130167514838,3032253.0100021297,1529.2688573455732
21.375,9.328814807588675,-6100179.584827813,1529.2689285871431,-9.328814807588675,6100179.584827813,1529.2688334128597,-18.65762961517735,12200359.169655627,1529.2687858257223,18.65762961517735,-12200359.169655627,1529.2689761742893,4.664407403794337,-3050089.7924139067,1529.2689047935712,-4.664407403794337,3050089.7924139067,1529.2688572064296
21.5,9.383369280147672,-6135853.149651367,1529.2689288654306,-9.383369280147672,6135853.149651367,1529.2688331345726,-18.766738560295344,12271706.299302734,1529.2687852691479,18.766738560295344,-12271706.299302734,1529.268976730864,4.691684640073836,-3067926.5748256836,1529.2689049327148,-4.691684640073836,3067926.5748256836,1529.2688570672858
21.625,9.437923752706672,-6171526.714474923,1529.268929143718,-9.437923752706672,6171526.714474923,1529.2688328562851,-18.875847505413343,12343053.428949846,1529.2687847125733,18.875847505413343,-12343053.428949846,1529.268977287439,4.718961876353336,-3085763.3572374615,1529.2689050718586,-4.718961876353336,3085763.3572374615,1529.2688569281422
21.75,9.49247822526567,-6207200.279298477,1529.2689294220054,-9.49247822526567,6207200.279298477,1529.2688325779975,-18.98495645053134,12414400.558596954,1529.2687841559982,18.98495645053134,-12414400.558596954,1529.2689778440138,4.746239112632835,-3103600.1396492384,1529.2689052110022,-4.746239112632835,3103600.1396492384,1529.2688567889986
21.875,9.547032697824667,-6242873.844122031,1529.2689297002928,-9.547032697824667,6242873.844122031,1529.2688322997105,-19.094065395649334,12485747.688244062,1529.2687835994236,19.094065395649334,-12485747.688244062,1529.2689784005886,4.773516348912334,-3121436.9220610154,1529.2689053501458,-4.773516348912334,3121436.9220610154,1529.2688566498546
22.0,9.601587170383665,-6278547.408945586,1529.2689299785802,-9.601587170383665,6278547.408945586,1529.268832021423,-19.20317434076733,12557094.817891171,1529.268783042849,19.20317434076733,-12557094.817891171,1529.2689789571634,4.800793585191832,-3139273.704472793,1529.2689054892896,-4.800793585191832,3139273.704472793,1529.268856510711
22.125,9.656141642942663,-6314220.9737691395,1529.2689302568674,-9.656141642942663,6314220.9737691395,1529.2688317431355,-19.312283285885325,12628441.947538279,1529.2687824862744,19.312283285885325,-12628441.947538279,1529.2689795137383,4.828070821471331,-3157110.4868845697,1529.2689056284335,-4.828070821471331,3157110.4868845697,1529.2688563715674
22.25,9.710696115501662,-6349894.538592695,1529.268930535155,-9.710696115501662,6349894.538592695,1529.2688314648483,-19.421392231003324,12699789.07718539,1529.2687819296996,19.421392231003324,-12699789.07718539,1529.268980070313,4.855348057750831,-3174947.2692963476,1529.268905767577,-4.855348057750831,3174947.2692963476,1529.2688562324236
22.375,9.76525058806066,-6385568.103416249,1529.2689308134422,-9.76525058806066,6385568.103416249,1529.2688311865609,-19.53050117612132,12771136.206832498,1529.268781373125,19.53050117612132,-12771136.206832498,1529.268980626888,4.88262529403033,-3192784.0517081246,1529.2689059067206,-4.88262529403033,3192784.0517081246,1529.26885609328
22.5,9.819805060619657,-6421241.668239803,1529.2689310917297,-9.819805060619657,6421241.668239803,1529.2688309082735,-19.639610121239315,12842483.336479606,1529.2687808165504,19.639610121239315,-12842483.336479606,1529.2689811834628,4.909902530309829,-3210620.8341199015,1529.2689060458645,-4.909902530309829,3210620.8341199015,1529.2688559541364
22.625,9.874359533178655,-6456915.233063358,1529.268931370017,-9.874359533178655,6456915.233063358,1529.2688306299863,-19.74871906635731,12913830.466126716,1529.2687802599758,19.74871906635731,-12913830.466126716,1529.2689817400376,4.937179766589328,-3228457.616531679,1529.268906185008,-4.937179766589328,3228457.616531679,1529.2688558149925
22.75,9.928914005737655,-6492588.797886913,1529.2689316483045,-9.928914005737655,6492588.797886913,1529.2688303516986,-19.85782801147531,12985177.595773825,1529.268779703401,19.85782801147531,-12985177.595773825,1529.2689822966124,4.964457002868827,-3246294.3989434564,1529.2689063241519,-4.964457002868827,3246294.3989434564,1529.268855675849
22.875,9.983468478296652,-6528262.362710468,1529.268931926592,-9.983468478296652,6528262.362710468,1529.2688300734117,-19.966936956593305,13056524.725420935,1529.2687791468263,19.966936956593305,-13056524.725420935,1529.2689828531873,4.991734239148326,-3264131.181355234,1529.2689064632955,-4.991734239148326,3264131.181355234,1529.2688555367054
23.0,10.03802295085565,-6563935.927534021,1529.2689322048793,-10.03802295085565,6563935.927534021,1529.268829795124,-20.0760459017113,13127871.855068043,1529.2687785902517,20.0760459017113,-13127871.855068043,1529.268983409762,5.019011475427825,-3281967.9637670107,1529.268906602439,-5.019011475427825,3281967.9637670107,1529.2688553975615
23.125,10.092577423414648,-6599609.492357575,1529.2689324831667,-10.092577423414648,6599609.492357575,1529.2688295168366,-20.185154846829295,13199218.98471515,1529.2687780336767,20.185154846829295,-13199218.98471515,1529.268983966337,5.046288711707324,-3299804.7461787877,1529.268906741583,-5.046288711707324,3299804.7461787877,1529.268855258418
23.25,10.147131895973645,-6635283.05718113,1529.2689327614542,-10.147131895973645,6635283.05718113,1529.2688292385494,-20.29426379194729,13270566.11436226,1529.268777477102,20.29426379194729,-13270566.11436226,1529.2689845229118,5.073565947986823,-3317641.528590565,1529.2689068807265,-5.073565947986823,3317641.528590565,1529.2688551192743
23.375,10.201686368532645,-6670956.622004685,1529.2689330397416,-10.201686368532645,6670956.622004685,1529.268828960262,-20.40337273706529,13341913.24400937,1529.2687769205274,20.40337273706529,-13341913.24400937,1529.2689850794866,5.100843184266322,-3335478.3110023425,1529.2689070198703,-5.100843184266322,3335478.3110023425,1529.2688549801303
23.5,10.256240841091643,-6706630.18682824,1529.2689333180288,-10.256240841091643,6706630.18682824,1529.2688286819746,-20.512481682183285,13413260.37365648,1529.268776363953,20.512481682183285,-13413260.37365648,1529.2689856360614,5.128120420545821,-3353315.09341412,1529.2689071590141,-5.128120420545821,3353315.09341412,1529.2688548409867
23.625,10.31079531365064,-6742303.751651794,1529.2689335963164,-10.31079531365064,6742303.751651794,1529.2688284036874,-20.62159062730128,13484607.503303587,1529.268775807378,20.62159062730128,-13484607.503303587,1529.2689861926362,5.15539765682532,-3371151.875825897,1529.2689072981577,-5.15539765682532,3371151.875825897,1529.268854701843
23.75,10.365349786209638,-6777977.316475348,1529.2689338746038,-10.365349786209638,6777977.316475348,1529.2688281254,-20.730699572419276,13555954.632950695,1529.2687752508034,20.730699572419276,-13555954.632950695,1529.268986749211,5.182674893104819,-3388988.658237674,1529.2689074373013,-5.182674893104819,3388988.658237674,1529.2688545626997
23.875,10.419904258768637,-6813650.881298903,1529.268934152891,-10.419904258768637,6813650.881298903,1529.2688278471123,-20.839808517537275,13627301.762597807,1529.2687746942288,20.839808517537275,-13627301.762597807,1529.268987305786,5.209952129384319,-3406825.4406494517,1529.2689075764451,-5.209952129384319,3406825.4406494517,1529.2688544235557
24.0,10.474458731327635,-6849324.446122457,1529.2689344311784,-10.474458731327635,6849324.446122457,1529.2688275688251,-20.94891746265527,13698648.892244915,1529.2687741376542,20.94891746265527,-13698648.892244915,1529.2689878623607,5.237229365663818,-3424662.2230612286,1529.2689077155887,-5.237229365663818,3424662.2230612286,1529.268854284412
24.125,10.529013203886633,-6884998.010946011,1529.2689347094658,-10.529013203886633,6884998.010946011,1529.2688272905377,-21.058026407773266,13769996.021892022,1529.2687735810794,21.058026407773266,-13769996.021892022,1529.2689884189356,5.264506601943316,-3442499.0054730056,1529.2689078547326,-5.264506601943316,3442499.0054730056,1529.2688541452685
24.25,10.58356767644563,-6920671.575769566,1529.2689349877533,-10.58356767644563,6920671.575769566,1529.2688270122505,-21.16713535289126,13841343.151539132,1529.2687730245048,21.16713535289126,-13841343.151539132,1529.2689889755104,5.291783838222815,-3460335.787884783,1529.2689079938762,-5.291783838222815,3460335.787884783,1529.2688540061247
24.375,10.638122149004628,-6956345.14059312,1529.2689352660407,-10.638122149004628,6956345.14059312,1529.2688267339631,-21.276244298009257,13912690.28118624,1529.2687724679301,21.276244298009257,-13912690.28118624,1529.2689895320852,5.319061074502314,-3478172.57029656,1529.2689081330197,-5.319061074502314,3478172.57029656,1529.268853866981
24.5,10.692676621563628,-6992018.705416676,1529.268935544328,-10.692676621563628,6992018.705416676,1529.2688264556757,-21.385353243127255,13984037.410833351,1529.2687719113553,21.385353243127255,-13984037.410833351,1529.26899008866,5.346338310781814,-3496009.352708338,1529.2689082721636,-5.346338310781814,3496009.352708338,1529.2688537278375
24.625,10.747231094122625,-7027692.27024023,1529.2689358226155,-10.747231094122625,7027692.27024023,1529.2688261773885,-21.49446218824525,14055384.54048046,1529.2687713547807,21.49446218824525,-14055384.54048046,1529.268990645235,5.373615547061313,-3513846.135120115,1529.2689084113072,-5.373615547061313,3513846.135120115,1529.2688535886937
24.75,10.801785566681623,-7063365.835063783,1529.268936100903,-10.801785566681623,7063365.835063783,1529.268825899101,-21.603571133363246,14126731.670127567,1529.268770798206,21.603571133363246,-14126731.670127567,1529.2689912018097,5.400892783340812,-3531682.9175318917,1529.268908550451,-5.400892783340812,3531682.9175318917,1529.26885344955
24.875,10.85634003924062,-7099039.399887338,1529.26893637919,-10.85634003924062,7099039.399887338,1529.2688256208135,-21.71268007848124,14198078.799774677,1529.2687702416315,21.71268007848124,-14198078.799774677,1529.2689917583846,5.42817001962031,-3549519.699943669,1529.2689086895946,-5.42817001962031,3549519.699943669,1529.2688533104065
25.0,10.91089451179962,-7134712.964710893,1529.2689366574778,-10.91089451179962,7134712.964710893,1529.2688253425265,-21.82178902359924,14269425.929421786,1529.2687696850567,21.82178902359924,-14269425.929421786,1529.2689923149594,5.45544725589981,-3567356.4823554466,1529.2689088287382,-5.45544725589981,3567356.4823554466,1529.2688531712624
