disc_index,point_index,theta_rad,phi_rad,theta_prime_rad,s_m,radial_distance_m,capture_velocity_m_per_s,velocity_resolution_m_per_s,trapped_velocity_lower_m_per_s,untrapped_velocity_upper_m_per_s,lower_classification,upper_classification,lower_entered_trap_core,upper_entered_trap_core,lower_core_entry_count,upper_core_entry_count,x0_m,y0_m,z0_m,vx_hat,vy_hat,vz_hat
0,0,2.3111558963851015,2.96872468971572,2.1850262538197116,0.01300018250818768,0.014999999999999998,18.28125,0.15625,18.28125,18.4375,bounded_core_residence,escaped,True,False,1,0,-0.0025599675832640133,0.00805274476289084,-0.017961197426746373,0.7272231712709195,-0.12698098770903865,0.6745533988700255
0,1,2.3111558963851015,2.96872468971572,1.0051756601877988,0.00894881917335162,0.014999999999999998,19.375,0.15625,19.375,19.53125,bounded_core_residence,escaped,True,False,1,0,-0.006712947035441169,-0.003696440605691776,-0.015695669260827976,0.7272231712709195,-0.12698098770903865,0.6745533988700255
0,2,2.3111558963851015,2.96872468971572,4.547245475955286,0.009972156587264023,0.014999999999999998,18.75,0.15625,18.75,18.90625,bounded_core_residence,escaped,True,False,1,0,-0.017162702163973483,0.004660957499685108,-0.002856752810059395,0.7272231712709195,-0.12698098770903865,0.6745533988700255
0,3,2.3111558963851015,2.96872468971572,2.424982728372155,0.010352270821812951,0.014999999999999998,20.9375,0.15625,20.9375,21.09375,bounded_core_residence,escaped,True,False,1,0,-0.005047251571345121,0.008805401914116983,-0.01513802034199251,0.7272231712709195,-0.12698098770903865,0.6745533988700255
0,4,2.3111558963851015,2.96872468971572,5.621822994058093,0.0071843039859333145,0.014999999999999998,17.1875,0.15625,17.1875,17.34375,bounded_core_residence,escaped,True,False,1,0,-0.014815689508359316,-0.0031683396988788533,-0.006860844824560397,0.7272231712709195,-0.12698098770903865,0.6745533988700255
0,5,2.3111558963851015,2.96872468971572,1.5723998664037822,0.007108262380021702,0.014999999999999998,23.59375,0.15625,23.59375,23.75,bounded_core_residence,escaped,True,False,1,0,-0.006182956077694913,0.0010911814677861834,-0.015365798749459375,0.7272231712709195,-0.12698098770903865,0.6745533988700255
0,6,2.3111558963851015,2.96872468971572,3.150069572815898,0.009849740857985068,0.014999999999999998,16.25,0.15625,16.25,16.40625,bounded_core_residence,escaped,True,False,1,0,-0.009269653574265726,0.011616989407327107,-0.010056663198726149,0.7272231712709195,-0.12698098770903865,0.6745533988700255
0,7,2.3111558963851015,2.96872468971572,3.679263452618709,0.013773257942836228,0.014999999999999998,11.25,0.15625,11.25,11.40625,bounded_core_residence,escaped,True,False,1,0,-0.013560747902087736,0.014376743579734626,-0.0049110075074757864,0.7272231712709195,-0.12698098770903865,0.6745533988700255
0,8,2.3111558963851015,2.96872468971572,1.0557712359025835,0.00617973771624363,0.014999999999999998,26.71875,0.15625,26.71875,26.875,bounded_core_residence,escaped,True,False,1,0,-0.007858170786286176,-0.0017178037527984925,-0.014088557782895802,0.7272231712709195,-0.12698098770903865,0.6745533988700255
0,9,2.3111558963851015,2.96872468971572,4.658563022586982,0.00667380767600816,0.014999999999999998,19.6875,0.15625,19.6875,19.84375,bounded_core_residence,escaped,True,False,1,0,-0.015274907201794329,0.003031646186554382,-0.005198657545219479,0.7272231712709195,-0.12698098770903865,0.6745533988700255
0,10,2.3111558963851015,2.96872468971572,2.8111646697234542,0.010130409685153881,0.014999999999999998,17.5,0.15625,17.5,17.65625,bounded_core_residence,escaped,True,False,1,0,-0.0070760267025378595,0.01096292264352804,-0.012544695038383792,0.7272231712709195,-0.12698098770903865,0.6745533988700255
0,11,2.3111558963851015,2.96872468971572,1.803143168384899,0.014708309167967263,0.014999999999999998,15.3125,0.15625,15.3125,15.46875,bounded_core_residence,escaped,True,False,1,0,-0.0008147629899385358,0.003580271836415502,-0.02068458782350053,0.7272231712709195,-0.12698098770903865,0.6745533988700255
0,12,2.3111558963851015,2.96872468971572,0.33058281765443787,0.012003417967603501,0.014999999999999998,15.15625,0.15625,15.15625,15.3125,bounded_core_residence,escaped,True,False,1,0,-0.010272188131581591,-0.009731616298049122,-0.012994608040334484,0.7272231712709195,-0.12698098770903865,0.6745533988700255
0,13,2.3111558963851015,2.96872468971572,5.139601186112372,0.013291763611731029,0.014999999999999998,10.78125,0.15625,10.78125,10.9375,bounded_core_residence,escaped,True,False,1,0,-0.01989419495179123,-0.0021168294168678074,-0.001187863775920693,0.7272231712709195,-0.12698098770903865,0.6745533988700255
0,14,2.3111558963851015,2.96872468971572,5.12360268536272,0.013682550549880362,0.014999999999999998,10.78125,0.15625,10.78125,10.9375,bounded_core_residence,escaped,True,False,1,0,-0.020183200376457287,-0.002027763896756001,-0.000859526435206405,0.7272231712709195,-0.12698098770903865,0.6745533988700255
0,15,2.3111558963851015,2.96872468971572,0.9910935094544576,0.012449749765906862,0.014999999999999998,12.5,0.15625,12.5,12.65625,bounded_core_residence,escaped,True,False,1,0,-0.005160107109797581,-0.006021837128754634,-0.017807499584272538,0.7272231712709195,-0.12698098770903865,0.6745533988700255
0,16,2.3111558963851015,2.96872468971572,0.591998220662514,0.013780000612618179,0.014999999999999998,12.8125,0.15625,12.8125,12.96875,bounded_core_residence,escaped,True,False,1,0,-0.007765583144245997,-0.010252078061262493,-0.015794905214636147,0.7272231712709195,-0.12698098770903865,0.6745533988700255
0,17,2.3111558963851015,2.96872468971572,3.275451146649653,0.00930462848056844,0.014999999999999998,17.8125,0.15625,17.8125,17.96875,bounded_core_residence,escaped,True,False,1,0,-0.010147358942624531,0.011132749941894733,-0.009201581189240582,0.7272231712709195,-0.12698098770903865,0.6745533988700255
0,18,2.3111558963851015,2.96872468971572,5.351642074603501,0.007075473355641414,0.014999999999999998,15.46875,0.15625,15.46875,15.625,bounded_core_residence,escaped,True,False,1,0,-0.015407697509003275,-0.001594717460651458,-0.005926386495845439,0.7272231712709195,-0.12698098770903865,0.6745533988700255
0,19,2.3111558963851015,2.96872468971572,2.3663737548471984,0.009722872045294245,0.014999999999999998,22.8125,0.15625,22.8125,22.96875,bounded_core_residence,escaped,True,False,1,0,-0.005192029167167616,0.007956392885841294,-0.01514175967919776,0.7272231712709195,-0.12698098770903865,0.6745533988700255
0,20,2.3111558963851015,2.96872468971572,2.694579335020303,0.012344544787081899,0.014999999999999998,14.375,0.15625,14.375,14.53125,bounded_core_residence,escaped,True,False,1,0,-0.005447699341519716,0.0122512447796499,-0.01405764415660667,0.7272231712709195,-0.12698098770903865,0.6745533988700255
0,21,2.3111558963851015,2.96872468971572,3.657988064207168,0.011916448960679874,0.014999999999999998,13.125,0.15625,13.125,13.28125,bounded_core_residence,escaped,True,False,1,0,-0.013035632115320996,0.012795546367655442,-0.005774776561883579,0.7272231712709195,-0.12698098770903865,0.6745533988700255
0,22,2.3111558963851015,2.96872468971572,1.3175987762066936,0.009074880551259124,0.014999999999999998,18.75,0.15625,18.75,18.90625,bounded_core_residence,escaped,True,False,1,0,-0.005461380497220586,-0.0013540438855234205,-0.01660401593712426,0.7272231712709195,-0.12698098770903865,0.6745533988700255
0,23,2.3111558963851015,2.96872468971572,3.5974843251327786,0.004941907800320944,0.014999999999999998,32.5,0.15625,32.5,32.65625,bounded_core_residence,escaped,True,False,1,0,-0.011590892997613308,0.006528214095725758,-0.008512113306642437,0.7272231712709195,-0.12698098770903865,0.6745533988700255
0,24,2.3111558963851015,2.96872468971572,6.1059449961212025,0.006028205363877767,0.014999999999999998,30.9375,0.15625,30.9375,31.09375,bounded_core_residence,escaped,True,False,1,0,-0.012635271805907445,-0.0038172911078802703,-0.00933367317285233,0.7272231712709195,-0.12698098770903865,0.6745533988700255
0,25,2.3111558963851015,2.96872468971572,4.5991820156896654,0.008381014677864933,0.014999999999999998,18.90625,0.15625,18.90625,19.0625,bounded_core_residence,escaped,True,False,1,0,-0.01627902788143653,0.0038035818494208456,-0.003970821499482919,0.7272231712709195,-0.12698098770903865,0.6745533988700255
0,26,2.3111558963851015,2.96872468971572,2.088634295063711,0.009358161327015509,0.014999999999999998,23.125,0.15625,23.125,23.28125,bounded_core_residence,escaped,True,False,1,0,-0.004708355164869459,0.005524531746015125,-0.016120983966593564,0.7272231712709195,-0.12698098770903865,0.6745533988700255
0,27,2.3111558963851015,2.96872468971572,2.099539048058257,0.01177671700021633,0.014999999999999998,20.0,0.15625,20.0,20.15625,bounded_core_residence,escaped,True,False,1,0,-0.0031295193230748593,0.006577074314783804,-0.017624961434496718,0.7272231712709195,-0.12698098770903865,0.6745533988700255
0,28,2.3111558963851015,2.96872468971572,1.8342287442806586,0.012066143354640938,0.014999999999999998,18.125,0.15625,18.125,18.28125,bounded_core_residence,escaped,True,False,1,0,-0.002626559227315658,0.0036481400840893043,-0.018718548982413395,0.7272231712709195,-0.12698098770903865,0.6745533988700255
0,29,2.3111558963851015,2.96872468971572,0.7247284077624232,0.005350986019043545,0.014999999999999998,31.09375,0.15625,31.09375,31.25,bounded_core_residence,escaped,True,False,1,0,-0.009240236439920231,-0.0024533422536005206,-0.012737040225149172,0.7272231712709195,-0.12698098770903865,0.6745533988700255
1,0,1.1907933087108717,4.663064164352229,5.464537137178745,0.00795418751496146,0.015,23.125,0.15625,23.125,23.28125,bounded_core_residence,escaped,True,False,1,0,0.004847173568724291,-0.012029127074728408,0.01095783323645078,0.04578758542780054,0.9275340549875968,-0.37092327219919446
1,1,1.1907933087108717,4.663064164352229,2.3324741348442948,0.008806227758132877,0.015,28.75,0.15625,28.75,28.90625,bounded_core_residence,escaped,True,False,1,0,-0.006873471593627488,-0.01597433646919092,-0.00035441493871294933,0.04578758542780054,0.9275340549875968,-0.37092327219919446
1,2,1.1907933087108717,4.663064164352229,3.8516628227049607,0.003758395036165859,0.015,29.6875,0.15625,29.6875,29.84375,bounded_core_residence,escaped,True,False,1,0,-0.0034885918470785836,-0.012864814710227372,0.00783912001718882,0.04578758542780054,0.9275340549875968,-0.37092327219919446
1,3,1.1907933087108717,4.663064164352229,5.904756612692815,0.0130945850464193,0.015,14.84375,0.15625,14.84375,15.0,bounded_core_residence,escaped,True,False,1,0,0.011554959698674622,-0.012720636058581019,0.010056663570242451,0.04578758542780054,0.9275340549875968,-0.37092327219919446
1,4,1.1907933087108717,4.663064164352229,3.5108563922605156,0.00864346733048633,0.015,20.78125,0.15625,20.78125,20.9375,bounded_core_residence,escaped,True,False,1,0,-0.008680796439851802,-0.01235981908982731,0.008460979419061435,0.04578758542780054,0.9275340549875968,-0.37092327219919446
1,5,1.1907933087108717,4.663064164352229,3.6468689287900333,0.014754430175581673,0.015,12.96875,0.15625,12.96875,13.125,bounded_core_residence,escaped,True,False,1,0,-0.013451226816486948,-0.010630585713118607,0.012196243451718079,0.04578758542780054,0.9275340549875968,-0.37092327219919446
1,6,1.1907933087108717,4.663064164352229,1.9325067773767663,0.011414298263765749,0.015,25.3125,0.15625,25.3125,25.46875,bounded_core_residence,escaped,True,False,1,0,-0.004916371202382485,-0.01766891138132492,-0.004350295352441813,0.04578758542780054,0.9275340549875968,-0.37092327219919446
1,7,1.1907933087108717,4.663064164352229,5.637455759136086,0.005987985597213467,0.015,27.1875,0.15625,27.1875,27.34375,bounded_core_residence,escaped,True,False,1,0,0.0041556411945482975,-0.012813824075742886,0.00891024861216123,0.04578758542780054,0.9275340549875968,-0.37092327219919446
1,8,1.1907933087108717,4.663064164352229,4.0352598024715975,0.012337941813626865,0.015,15.15625,0.15625,15.15625,15.3125,bounded_core_residence,escaped,True,False,1,0,-0.008231991883075069,-0.009969447541746682,0.01449376533361119,0.04578758542780054,0.9275340549875968,-0.37092327219919446
1,9,1.1907933087108717,4.663064164352229,5.4687233257336905,0.00868564684263485,0.015,20.9375,0.15625,20.9375,21.09375,bounded_core_residence,escaped,True,False,1,0,0.005382084754383696,-0.01186641704858603,0.011430737998949593,0.04578758542780054,0.9275340549875968,-0.37092327219919446
1,10,1.1907933087108717,4.663064164352229,3.4493912655517125,0.006095891566480884,0.015,26.71875,0.15625,26.71875,26.875,bounded_core_residence,escaped,True,False,1,0,-0.0064553748682564,-0.012942383916560926,0.007278923536960771,0.04578758542780054,0.9275340549875968,-0.37092327219919446
1,11,1.1907933087108717,4.663064164352229,0.6430154943376911,0.004657915238680677,0.015,32.5,0.15625,32.5,32.65625,bounded_core_residence,escaped,True,False,1,0,0.0029852633198744196,-0.015131510049600025,0.002970148296061915,0.04578758542780054,0.9275340549875968,-0.37092327219919446
1,12,1.1907933087108717,4.663064164352229,1.7945851120375953,0.00878060873763895,0.015,32.03125,0.15625,32.03125,32.1875,bounded_core_residence,escaped,True,False,1,0,-0.0027896630065101405,-0.0169887870873936,-0.0023870449121913854,0.04578758542780054,0.9275340549875968,-0.37092327219919446
1,13,1.1907933087108717,4.663064164352229,5.043515009395239,0.011945654231714323,0.015,16.875,0.15625,16.875,17.03125,bounded_core_residence,escaped,True,False,1,0,0.0033986897549033203,-0.00991936906196586,0.016054708978555297,0.04578758542780054,0.9275340549875968,-0.37092327219919446
1,14,1.1907933087108717,4.663064164352229,0.4088195582058617,0.013109960738041002,0.015,12.65625,0.15625,12.65625,12.8125,bounded_core_residence,escaped,True,False,1,0,0.01123282335361718,-0.01643686335279881,0.0007240671107214963,0.04578758542780054,0.9275340549875968,-0.37092327219919446
1,15,1.1907933087108717,4.663064164352229,2.8196807297829047,0.010012667664506762,0.015,17.8125,0.15625,17.8125,17.96875,bounded_core_residence,escaped,True,False,1,0,-0.010231535196784599,-0.014618284635880038,0.0026220136500809546,0.04578758542780054,0.9275340549875968,-0.37092327219919446
1,16,1.1907933087108717,4.663064164352229,1.9842184141118502,0.0029794222442180354,0.015,33.90625,0.15625,33.90625,34.0625,bounded_core_residence,escaped,True,False,1,0,-0.0019322253401578883,-0.01486479439142597,0.0030300742309098652,0.04578758542780054,0.9275340549875968,-0.37092327219919446
1,17,1.1907933087108717,4.663064164352229,1.4836963279839273,0.01087944062446741,0.015,27.8125,0.15625,27.8125,27.96875,bounded_core_residence,escaped,True,False,1,0,6.022448041244062e-05,-0.017974923747371092,-0.004501190685748121,0.04578758542780054,0.9275340549875968,-0.37092327219919446
1,18,1.1907933087108717,4.663064164352229,6.133673147222144,0.012893320520972229,0.015,14.6875,0.15625,14.6875,14.84375,bounded_core_residence,escaped,True,False,1,0,0.012082284193229376,-0.013830117203781979,0.007347379183097672,0.04578758542780054,0.9275340549875968,-0.37092327219919446
1,19,1.1907933087108717,4.663064164352229,2.4092818625612873,0.012602971200925333,0.015,14.6875,0.15625,14.6875,14.84375,bounded_core_residence,escaped,True,False,1,0,-0.010201481970788094,-0.01657260683216507,-0.0022612720927642728,0.04578758542780054,0.9275340549875968,-0.37092327219919446
1,20,1.1907933087108717,4.663064164352229,3.310570112377744,0.013635569581072234,0.015,13.75,0.15625,13.75,13.90625,bounded_core_residence,escaped,True,False,1,0,-0.014069889730786767,-0.012400737054658637,0.0076934180482396575,0.04578758542780054,0.9275340549875968,-0.37092327219919446
1,21,1.1907933087108717,4.663064164352229,3.7535771574052292,0.0035297138211418883,0.015,30.15625,0.15625,30.15625,30.3125,bounded_core_residence,escaped,True,False,1,0,-0.003535319505786873,-0.013019322258768699,0.007446988893068985,0.04578758542780054,0.9275340549875968,-0.37092327219919446
1,22,1.1907933087108717,4.663064164352229,3.559119479523539,0.012236451950056603,0.015,15.3125,0.15625,15.3125,15.46875,bounded_core_residence,escaped,True,False,1,0,-0.011767740154009356,-0.01152327964010385,0.010171778326808349,0.04578758542780054,0.9275340549875968,-0.37092327219919446
1,23,1.1907933087108717,4.663064164352229,2.6831709944477797,0.010954697702637444,0.015,15.9375,0.15625,15.9375,16.09375,bounded_core_residence,escaped,True,False,1,0,-0.010587172398338628,-0.015224639301098153,0.0010618571069048515,0.04578758542780054,0.9275340549875968,-0.37092327219919446
1,24,1.1907933087108717,4.663064164352229,1.5645340845152134,0.002800534849030746,0.015,34.21875,0.15625,34.21875,34.375,bounded_core_residence,escaped,True,False,1,0,-0.0007205136272008102,-0.014951375323813092,0.002963145538127781,0.04578758542780054,0.9275340549875968,-0.37092327219919446
1,25,1.1907933087108717,4.663064164352229,0.4685920525762546,0.0014155485224676887,0.015,33.75,0.15625,33.75,33.90625,two_core_entries,escaped,True,True,2,1,0.000562917907784168,-0.014212125497713482,0.004970149885647177,0.04578758542780054,0.9275340549875968,-0.37092327219919446
1,26,1.1907933087108717,4.663064164352229,3.8988579875571685,0.011708259354554813,0.015,15.46875,0.15625,15.46875,15.625,bounded_core_residence,escaped,True,False,1,0,-0.009037969918200373,-0.010513850564893953,0.01303293455712506,0.04578758542780054,0.9275340549875968,-0.37092327219919446
1,27,1.1907933087108717,4.663064164352229,1.1559305455968718,0.014412171661071772,0.015,14.0625,0.15625,14.0625,14.21875,bounded_core_residence,escaped,True,False,1,0,0.0048739780495126355,-0.019085803025162974,-0.006684845012844291,0.04578758542780054,0.9275340549875968,-0.37092327219919446
1,28,1.1907933087108717,4.663064164352229,0.14408713526965042,0.004188533269275795,0.015,31.40625,0.15625,31.40625,31.5625,bounded_core_residence,escaped,True,False,1,0,0.003442274884768376,-0.014340197858226086,0.005005325159512719,0.04578758542780054,0.9275340549875968,-0.37092327219919446
1,29,1.1907933087108717,4.663064164352229,4.450643061459443,0.012061283454229164,0.015,18.90625,0.15625,18.90625,19.0625,bounded_core_residence,escaped,True,False,1,0,-0.0035910174247552207,-0.00944295178093683,0.016383217452053442,0.04578758542780054,0.9275340549875968,-0.37092327219919446
2,0,1.3523138370984935,1.172504989887648,0.8836084099209994,0.005080835411755848,0.015,33.90625,0.15625,33.90625,34.0625,bounded_core_residence,escaped,True,False,1,0,0.0030387162050709965,0.015531939268319713,-0.0005830564909331069,-0.37862396699831186,-0.8998133174523434,-0.21674843794101412
2,1,1.3523138370984935,1.172504989887648,3.2409219323535763,0.006186859625287145,0.015,23.59375,0.15625,23.59375,23.75,bounded_core_residence,escaped,True,False,1,0,0.011302258481832451,0.010986919190692876,0.0038501677794661403,-0.37862396699831186,-0.8998133174523434,-0.21674843794101412
2,2,1.3523138370984935,1.172504989887648,0.09477379186344867,0.00764251494383889,0.015,33.28125,0.15625,33.28125,33.4375,bounded_core_residence,escaped,True,False,1,0,-0.0012725276065808323,0.016592489261822864,0.002545193166261334,-0.37862396699831186,-0.8998133174523434,-0.21674843794101412
2,3,1.3523138370984935,1.172504989887648,5.236691523834995,0.010440614855849219,0.015,17.65625,0.15625,17.65625,17.8125,bounded_core_residence,escaped,True,False,1,0,0.00010201814193125033,0.013718665955025295,0.012074528366827675,-0.37862396699831186,-0.8998133174523434,-0.21674843794101412
2,4,1.3523138370984935,1.172504989887648,2.0867438210977145,0.00898897212151688,0.015,24.0625,0.15625,24.0625,24.21875,bounded_core_residence,escaped,True,False,1,0,0.01042430598478528,0.013339259023239783,-0.0043817386101744436,-0.37862396699831186,-0.8998133174523434,-0.21674843794101412
2,5,1.3523138370984935,1.172504989887648,3.4409917066571905,0.012232963185468841,0.015,14.84375,0.15625,14.84375,15.0,bounded_core_residence,escaped,True,False,1,0,0.01614987777917642,0.00824295398450037,0.006773517965142571,-0.37862396699831186,-0.8998133174523434,-0.21674843794101412
2,6,1.3523138370984935,1.172504989887648,3.6065044169511093,0.008607445592950102,0.015,20.15625,0.15625,20.15625,20.3125,bounded_core_residence,escaped,True,False,1,0,0.012446570550266524,0.009742202287337173,0.0070185821762971876,-0.37862396699831186,-0.8998133174523434,-0.21674843794101412
2,7,1.3523138370984935,1.172504989887648,3.266969161515794,0.013323374558338883,0.015,13.4375,0.15625,13.4375,13.59375,bounded_core_residence,escaped,True,False,1,0,0.017723396520033737,0.008037518998378287,0.00487768528773187,-0.37862396699831186,-0.8998133174523434,-0.21674843794101412
2,8,1.3523138370984935,1.172504989887648,1.544177375284971,0.0039241183958194795,0.015,32.5,0.15625,32.5,32.65625,bounded_core_residence,escaped,True,False,1,0,0.00591285373892244,0.01432139987726435,-0.0005782485642112953,-0.37862396699831186,-0.8998133174523434,-0.21674843794101412
2,9,1.3523138370984935,1.172504989887648,3.9017780019309085,0.009731074652806527,0.015,19.53125,0.15625,19.53125,19.6875,bounded_core_residence,escaped,True,False,1,0,0.011615865873322723,0.009422457995982946,0.00979707911703316,-0.37862396699831186,-0.8998133174523434,-0.21674843794101412
2,10,1.3523138370984935,1.172504989887648,2.233470647581978,0.004395262319164996,0.015,29.375,0.15625,29.375,29.53125,bounded_core_residence,escaped,True,False,1,0,0.008463066979591555,0.013140683420217632,-0.0001314054901293488,-0.37862396699831186,-0.8998133174523434,-0.21674843794101412
2,11,1.3523138370984935,1.172504989887648,4.966897140846515,0.007607505295550634,0.015,25.15625,0.15625,25.15625,25.3125,bounded_core_residence,escaped,True,False,1,0,0.0032950241269051363,0.012769164155280769,0.010438649318778593,-0.37862396699831186,-0.8998133174523434,-0.21674843794101412
2,12,1.3523138370984935,1.172504989887648,0.7510110434761064,0.014051903990247716,0.015,8.28125,0.234375,8.28125,8.515625,bounded_core_residence,escaped,True,False,1,0,-0.0029824666202207745,0.019396763639563205,-0.006109538355827492,-0.37862396699831186,-0.8998133174523434,-0.21674843794101412
2,13,1.3523138370984935,1.172504989887648,5.819194049404812,0.013333662457552653,0.015,16.25,0.15625,16.25,16.40625,bounded_core_residence,escaped,True,False,1,0,-0.005812856017554275,0.016929707842382756,0.009076466924012667,-0.37862396699831186,-0.8998133174523434,-0.21674843794101412
2,14,1.3523138370984935,1.172504989887648,4.7292761059424615,0.008186687837398458,0.015,22.5,0.15625,22.5,22.65625,bounded_core_residence,escaped,True,False,1,0,0.00486382507922413,0.011915493058193108,0.011242156755973032,-0.37862396699831186,-0.8998133174523434,-0.21674843794101412
2,15,1.3523138370984935,1.172504989887648,1.7944519185429584,0.01422717174684137,0.015,16.71875,0.15625,16.71875,16.875,bounded_core_residence,escaped,True,False,1,0,0.009754098189595755,0.015044894213468794,-0.010291799771049734,-0.37862396699831186,-0.8998133174523434,-0.21674843794101412
2,16,1.3523138370984935,1.172504989887648,1.9830867823303777,0.006996697524277329,0.015,27.5,0.15625,27.5,27.65625,bounded_core_residence,escaped,True,False,1,0,0.00880243236592535,0.013690513146777761,-0.0030067940513848986,-0.37862396699831186,-0.8998133174523434,-0.21674843794101412
2,17,1.3523138370984935,1.172504989887648,2.452505839129032,0.012018723524561254,0.015,13.75,0.15625,13.75,13.90625,bounded_core_residence,escaped,True,False,1,0,0.014872039347717629,0.011426130369195892,-0.004209002920635722,-0.37862396699831186,-0.8998133174523434,-0.21674843794101412
2,18,1.3523138370984935,1.172504989887648,6.009710673904562,0.007561676828570787,0.015,31.71875,0.15625,31.71875,31.875,bounded_core_residence,escaped,True,False,1,0,-0.0012030987283666921,0.01591295953152164,0.005244924104093533,-0.37862396699831186,-0.8998133174523434,-0.21674843794101412
2,19,1.3523138370984935,1.172504989887648,5.733402712693844,0.00443125068743962,0.015,32.65625,0.15625,32.65625,32.8125,bounded_core_residence,escaped,True,False,1,0,0.0020022110128194077,0.014500008933686517,0.005511521989259407,-0.37862396699831186,-0.8998133174523434,-0.21674843794101412
2,20,1.3523138370984935,1.172504989887648,1.146835919372996,0.01369983186332545,0.015,14.6875,0.15625,14.6875,14.84375,bounded_core_residence,escaped,True,False,1,0,0.0015344599383868363,0.018177662637152318,-0.008938870556773363,-0.37862396699831186,-0.8998133174523434,-0.21674843794101412
2,21,1.3523138370984935,1.172504989887648,3.101065195878557,0.005970031438298714,0.015,24.0625,0.15625,24.0625,24.21875,bounded_core_residence,escaped,True,False,1,0,0.011197902381785736,0.01123198437935493,0.003015092788654968,-0.37862396699831186,-0.8998133174523434,-0.21674843794101412
2,22,1.3523138370984935,1.172504989887648,4.470122537211829,0.01063497229935493,0.015,19.0625,0.15625,19.0625,19.21875,bounded_core_residence,escaped,True,False,1,0,0.007163102330073072,0.010445034051232767,0.013330186213460653,-0.37862396699831186,-0.8998133174523434,-0.21674843794101412
2,23,1.3523138370984935,1.172504989887648,3.733714232864585,0.010851427662646696,0.015,17.34375,0.15625,17.34375,17.5,bounded_core_residence,escaped,True,False,1,0,0.013469499413759956,0.008795059672650572,0.009163677930552217,-0.37862396699831186,-0.8998133174523434,-0.21674843794101412
2,24,1.3523138370984935,1.172504989887648,2.5500462340031644,0.014446599832457104,0.015,9.453125,0.234375,9.453125,9.6875,bounded_core_residence,escaped,True,False,1,0,0.017409754547724334,0.010455706281039711,-0.0046133392972735315,-0.37862396699831186,-0.8998133174523434,-0.21674843794101412
2,25,1.3523138370984935,1.172504989887648,0.05516654885539879,0.011455578204502624,0.015,20.78125,0.15625,20.78125,20.9375,bounded_core_residence,escaped,True,False,1,0,-0.004810371679165873,0.01805960932707161,0.002634598121403434,-0.37862396699831186,-0.8998133174523434,-0.21674843794101412
2,26,1.3523138370984935,1.172504989887648,1.8902853838778833,0.013380759920064442,0.015,17.65625,0.15625,17.65625,17.8125,bounded_core_residence,escaped,True,False,1,0,0.010620972781226305,0.014405191974484078,-0.009150416241740724,-0.37862396699831186,-0.8998133174523434,-0.21674843794101412
2,27,1.3523138370984935,1.172504989887648,1.3283759321215325,0.014445367872859268,0.015,14.0625,0.15625,14.0625,14.21875,bounded_core_residence,escaped,True,False,1,0,0.003661972893750506,0.017643654137558498,-0.010438394329679548,-0.37862396699831186,-0.8998133174523434,-0.21674843794101412
2,28,1.3523138370984935,1.172504989887648,2.214866358287991,0.008331230240096368,0.015,24.21875,0.15625,24.21875,24.375,bounded_core_residence,escaped,True,False,1,0,0.01085036582844605,0.01288797744054258,-0.0032525368859479486,-0.37862396699831186,-0.8998133174523434,-0.21674843794101412
2,29,1.3523138370984935,1.172504989887648,2.9038673007089417,0.011622886670195577,0.015,12.5,0.15625,12.5,12.65625,bounded_core_residence,escaped,True,False,1,0,0.01632126479470126,0.009662936810925716,0.0005791910198819964,-0.37862396699831186,-0.8998133174523434,-0.21674843794101412
3,0,0.8315213560422344,2.1148032386906754,3.492438765696182,0.013463292564810709,0.015,14.0625,0.15625,14.0625,14.21875,bounded_core_residence,escaped,True,False,1,0,0.00669465729096679,0.013360375443467345,0.0135256119437084,0.38246107924263806,-0.6322826345232953,-0.6737523231461526
3,1,0.8315213560422344,2.1148032386906754,5.043388589986046,0.013324542279080451,0.015,13.4375,0.15625,13.4375,13.59375,bounded_core_residence,escaped,True,False,1,0,-0.005047898068261135,-2.150715553165053e-05,0.019418076358942174,0.38246107924263806,-0.6322826345232953,-0.6737523231461526
3,2,0.8315213560422344,2.1148032386906754,2.697181115283757,0.01166194554898117,0.015,9.6875,0.234375,9.6875,9.921875,bounded_core_residence,escaped,True,False,1,0,0.0015238915327719215,0.01782419412553944,0.00640131489296012,0.38246107924263806,-0.6322826345232953,-0.6737523231461526
3,3,0.8315213560422344,2.1148032386906754,4.656978309358845,0.014774375424407637,0.015,9.921875,0.234375,9.921875,10.15625,bounded_core_residence,escaped,True,False,1,0,0.00010731383172518302,0.001403518255038422,0.02100716043235341,0.38246107924263806,-0.6322826345232953,-0.6737523231461526
3,4,0.8315213560422344,2.1148032386906754,5.278578995330204,0.012074341030740138,0.015,16.40625,0.15625,16.40625,16.5625,bounded_core_residence,escaped,True,False,1,0,-0.007725404113865834,0.0002574610670946949,0.017636370272905086,0.38246107924263806,-0.6322826345232953,-0.6737523231461526
3,5,0.8315213560422344,2.1148032386906754,0.7570799921034652,0.011134868289968684,0.015,12.34375,0.15625,12.34375,12.5,bounded_core_residence,escaped,True,False,1,0,-0.015328662658080527,0.009704074514574067,0.004455146548129685,0.38246107924263806,-0.6322826345232953,-0.6737523231461526
3,6,0.8315213560422344,2.1148032386906754,1.8821551319225431,0.009805897272940052,0.015,13.59375,0.15625,13.59375,13.75,bounded_core_residence,escaped,True,False,1,0,-0.006421548421150499,0.016420247286646948,0.0032085536067886205,0.38246107924263806,-0.6322826345232953,-0.6737523231461526
3,7,0.8315213560422344,2.1148032386906754,3.518028532210519,0.013288882110935244,0.015,14.375,0.15625,14.375,14.53125,bounded_core_residence,escaped,True,False,1,0,0.006540949116412885,0.013064346124063441,0.013716166839372464,0.38246107924263806,-0.6322826345232953,-0.6737523231461526
3,8,0.8315213560422344,2.1148032386906754,2.459478499728178,0.013670544426017903,0.015,7.8125,0.234375,7.8125,8.046875,bounded_core_residence,escaped,True,False,1,0,0.00033750272054041547,0.01994491887775996,0.0037376580604612944,0.38246107924263806,-0.6322826345232953,-0.6737523231461526
3,9,0.8315213560422344,2.1148032386906754,1.8724042114322836,0.009813509274230258,0.015,13.75,0.15625,13.75,13.90625,bounded_core_residence,escaped,True,False,1,0,-0.006510208663853144,0.016395056642427224,0.003181865038008009,0.38246107924263806,-0.6322826345232953,-0.6737523231461526
3,10,0.8315213560422344,2.1148032386906754,1.334355276415146,0.012096877467716509,0.015,17.03125,0.15625,17.03125,17.1875,bounded_core_residence,escaped,True,False,1,0,-0.012262458020341014,0.014797356321769595,0.0014159144235818474,0.38246107924263806,-0.6322826345232953,-0.6737523231461526
3,11,0.8315213560422344,2.1148032386906754,1.4857165624079878,0.007685450846802484,0.015,23.59375,0.15625,23.59375,23.75,bounded_core_residence,escaped,True,False,1,0,-0.008966048511028973,0.013560785949950074,0.004447607585672194,0.38246107924263806,-0.6322826345232953,-0.6737523231461526
3,12,0.8315213560422344,2.1148032386906754,4.937366451847237,0.009697834926668524,0.015,16.875,0.15625,16.875,17.03125,bounded_core_residence,escaped,True,False,1,0,-0.004291503640354241,0.0029146933069908627,0.017091973604470633,0.38246107924263806,-0.6322826345232953,-0.6737523231461526
3,13,0.8315213560422344,2.1148032386906754,0.3502298523703971,0.010729572365562622,0.015,11.25,0.15625,11.25,11.40625,bounded_core_residence,escaped,True,False,1,0,-0.01564403724534904,0.006390397317928273,0.007385840773601358,0.38246107924263806,-0.6322826345232953,-0.6737523231461526
3,14,0.8315213560422344,2.1148032386906754,6.278809797191751,0.013939706197951509,0.015,10.78125,0.15625,10.78125,10.9375,bounded_core_residence,escaped,True,False,1,0,-0.017642926875244033,0.002234392140678187,0.01015135616169954,0.38246107924263806,-0.6322826345232953,-0.6737523231461526
3,15,0.8315213560422344,2.1148032386906754,4.27738179523913,0.01228574799367742,0.015,13.125,0.15625,13.125,13.28125,bounded_core_residence,escaped,True,False,1,0,0.0025783023892339395,0.005740918001142898,0.018339406235153108,0.38246107924263806,-0.6322826345232953,-0.6737523231461526
3,16,0.8315213560422344,2.1148032386906754,2.3620589112705073,0.006679675800557093,0.015,15.3125,0.15625,15.3125,15.46875,bounded_core_residence,escaped,True,False,1,0,-0.003309250310633803,0.014650027214337016,0.006636537787227833,0.38246107924263806,-0.6322826345232953,-0.6737523231461526
3,17,0.8315213560422344,2.1148032386906754,4.468105430104307,0.007880006944483667,0.015,17.65625,0.15625,17.65625,17.8125,bounded_core_residence,escaped,True,False,1,0,-0.0014398963732594264,0.006062777521573618,0.015756393515119087,0.38246107924263806,-0.6322826345232953,-0.6737523231461526
3,18,0.8315213560422344,2.1148032386906754,1.9663434912744109,0.0012189286104145913,0.015,37.65625,0.15625,37.65625,37.8125,two_core_entries,escaped,True,True,2,1,-0.005727283573499907,0.010375768010410454,0.009275098275498134,0.38246107924263806,-0.6322826345232953,-0.6737523231461526
3,19,0.8315213560422344,2.1148032386906754,1.101140225587819,0.013392496002937635,0.015,13.125,0.15625,13.125,13.28125,bounded_core_residence,escaped,True,False,1,0,-0.015087581271929239,0.013231854405546951,0.0012813545731133,0.38246107924263806,-0.6322826345232953,-0.6737523231461526
3,20,0.8315213560422344,2.1148032386906754,1.6670063816575418,0.003468251746696625,0.015,31.5625,0.15625,31.5625,31.71875,bounded_core_residence,escaped,True,False,1,0,-0.006655676884449426,0.011646843813802607,0.007555247485367881,0.38246107924263806,-0.6322826345232953,-0.6737523231461526
3,21,0.8315213560422344,2.1148032386906754,5.897183949785496,0.011356515635800786,0.015,17.5,0.15625,17.5,17.65625,bounded_core_residence,escaped,True,False,1,0,-0.013248107421740651,0.0015741070755992508,0.013265756067512941,0.38246107924263806,-0.6322826345232953,-0.6737523231461526
3,22,0.8315213560422344,2.1148032386906754,6.190692232321761,0.00908359644291612,0.015,17.8125,0.15625,17.8125,17.96875,bounded_core_residence,escaped,True,False,1,0,-0.01318343730055686,0.004319291168291268,0.010726249534835813,0.38246107924263806,-0.6322826345232953,-0.6737523231461526
3,23,0.8315213560422344,2.1148032386906754,6.019103986278127,0.008119557421661358,0.015,25.3125,0.15625,25.3125,25.46875,bounded_core_residence,escaped,True,False,1,0,-0.01170444133695282,0.004205691243664037,0.011672421637194822,0.38246107924263806,-0.6322826345232953,-0.6737523231461526
3,24,0.8315213560422344,2.1148032386906754,5.019810096345882,0.012974998296776457,0.015,13.75,0.15625,13.75,13.90625,bounded_core_residence,escaped,True,False,1,0,-0.004783957342092573,0.00032285052221543535,0.019244742151837104,0.38246107924263806,-0.6322826345232953,-0.6737523231461526
3,25,0.8315213560422344,2.1148032386906754,4.4815711799319375,0.006004297676732358,0.015,24.6875,0.15625,24.6875,24.84375,bounded_core_residence,escaped,True,False,1,0,-0.0025233356858142724,0.006825562038705813,0.014425535361409917,0.38246107924263806,-0.6322826345232953,-0.6737523231461526
3,26,0.8315213560422344,2.1148032386906754,3.1844430248010602,0.005642817301014232,0.015,33.28125,0.15625,33.28125,33.4375,bounded_core_residence,escaped,True,False,1,0,-0.0008288264815597092,0.01226275286192017,0.010284907680847678,0.38246107924263806,-0.6322826345232953,-0.6737523231461526
3,27,0.8315213560422344,2.1148032386906754,2.5927375862476283,0.008028940324070668,0.015,12.8125,0.15625,12.8125,12.96875,bounded_core_residence,escaped,True,False,1,0,-0.0013367378375105047,0.015444208238922045,0.007010951900709931,0.38246107924263806,-0.6322826345232953,-0.6737523231461526
3,28,0.8315213560422344,2.1148032386906754,2.2194512736772958,0.00744996092869222,0.015,14.0625,0.15625,14.0625,14.21875,bounded_core_residence,escaped,True,False,1,0,-0.0039562441172571764,0.015236165695708424,0.005719204946198942,0.38246107924263806,-0.6322826345232953,-0.6737523231461526
3,29,0.8315213560422344,2.1148032386906754,3.254932762639081,0.01405409958435505,0.015,13.4375,0.15625,13.4375,13.59375,bounded_core_residence,escaped,True,False,1,0,0.006765476132287063,0.015795206701221944,0.011280846293434559,0.38246107924263806,-0.6322826345232953,-0.6737523231461526
4,0,1.935292486823698,3.647925977750875,5.186105217085044,0.014420847726526161,0.015,14.53125,0.15625,14.53125,14.6875,bounded_core_residence,escaped,True,False,1,0,-0.01306624866640244,-0.01476856041909784,0.006642561109003656,0.8170751441932853,0.4531128074428787,0.356478600301273
4,1,1.935292486823698,3.647925977750875,4.773690134388839,0.01021297366161637,0.015,23.28125,0.15625,23.28125,23.4375,bounded_core_residence,escaped,True,False,1,0,-0.015130612785868285,-0.009106194037237506,0.004176914877414781,0.8170751441932853,0.4531128074428787,0.356478600301273
4,2,1.935292486823698,3.647925977750875,2.4767505719030116,0.014794195983132948,0.015,13.28125,0.15625,13.28125,13.4375,bounded_core_residence,escaped,True,False,1,0,-0.015057429752081608,0.004963567852574266,-0.013874618489218577,0.8170751441932853,0.4531128074428787,0.356478600301273
4,3,1.935292486823698,3.647925977750875,2.4391945115103653,0.001195252123414967,0.015,35.625,0.15625,35.625,35.78125,two_core_entries,escaped,True,True,2,1,-0.012457851786884765,-0.0058653345263366095,-0.006068641313235091,0.8170751441932853,0.4531128074428787,0.356478600301273
4,4,1.935292486823698,3.647925977750875,4.872285819861024,0.010175021383381489,0.015,23.28125,0.15625,23.28125,23.4375,bounded_core_residence,escaped,True,False,1,0,-0.014602061550027872,-0.009950101584145592,0.004038110586233565,0.8170751441932853,0.4531128074428787,0.356478600301273
4,5,1.935292486823698,3.647925977750875,2.193753300265917,0.005033837371284273,0.015,31.875,0.15625,31.875,32.03125,bounded_core_residence,escaped,True,False,1,0,-0.012405945838396496,-0.0035214647591486643,-0.00916685946687222,0.8170751441932853,0.4531128074428787,0.356478600301273
4,6,1.935292486823698,3.647925977750875,1.9214879411097958,0.013987247007466012,0.015,12.65625,0.15625,12.65625,12.8125,bounded_core_residence,escaped,True,False,1,0,-0.010491431620151898,-0.00032336054592236284,-0.01762011292145668,0.8170751441932853,0.4531128074428787,0.356478600301273
4,7,1.935292486823698,3.647925977750875,4.581739117901596,0.004684084147593965,0.015,34.21875,0.15625,34.21875,34.375,bounded_core_residence,escaped,True,False,1,0,-0.01399989690813812,-0.007065919876948749,-0.001008120605774117,0.8170751441932853,0.4531128074428787,0.356478600301273
4,8,1.935292486823698,3.647925977750875,1.328618067846222,0.011625674716506666,0.015,16.875,0.15625,16.875,17.03125,bounded_core_residence,escaped,True,False,1,0,-0.007385450614059982,-0.007283690158208802,-0.01589211406706218,0.8170751441932853,0.4531128074428787,0.356478600301273
4,9,1.935292486823698,3.647925977750875,4.734635312987624,0.0022029607737815444,0.015,35.15625,0.15625,35.15625,35.3125,bounded_core_residence,escaped,True,False,1,0,-0.012918966336521467,-0.007220307125913687,-0.0032894543581155396,0.8170751441932853,0.4531128074428787,0.356478600301273
4,10,1.935292486823698,3.647925977750875,4.505986884634097,0.014101083439693858,0.015,14.6875,0.15625,14.6875,14.84375,bounded_core_residence,escaped,True,False,1,0,-0.017960355398733665,-0.006655507549348363,0.00754787436202762,0.8170751441932853,0.4531128074428787,0.356478600301273
4,11,1.935292486823698,3.647925977750875,3.3932045165885283,0.012833300906832115,0.015,12.5,0.15625,12.5,12.65625,bounded_core_residence,escaped,True,False,1,0,-0.019280028537917653,0.003520639676613843,-0.002362034718168068,0.8170751441932853,0.4531128074428787,0.356478600301273
4,12,1.935292486823698,3.647925977750875,1.5659455798787856,0.010939113135509913,0.015,16.09375,0.15625,16.09375,16.25,bounded_core_residence,escaped,True,False,1,0,-0.008820156663518541,-0.004951934477628172,-0.015567510319628903,0.8170751441932853,0.4531128074428787,0.356478600301273
4,13,1.935292486823698,3.647925977750875,5.160659222936301,0.00876139934191373,0.015,26.09375,0.15625,26.09375,26.25,bounded_core_residence,escaped,True,False,1,0,-0.012876065764788074,-0.011482540710610948,0.002029854102762336,0.8170751441932853,0.4531128074428787,0.356478600301273
4,14,1.935292486823698,3.647925977750875,6.032872311610403,0.006241395317974406,0.015,23.75,0.15625,23.75,23.90625,bounded_core_residence,escaped,True,False,1,0,-0.009805525973034055,-0.012352146889957507,-0.0039027097145829933,0.8170751441932853,0.4531128074428787,0.356478600301273
4,15,1.935292486823698,3.647925977750875,4.846109810778591,0.013842056494870936,0.015,16.5625,0.15625,16.5625,16.71875,bounded_core_residence,escaped,True,False,1,0,-0.015637874824221725,-0.010782289831076163,0.007470048526471744,0.8170751441932853,0.4531128074428787,0.356478600301273
4,16,1.935292486823698,3.647925977750875,6.089338576723985,0.011088937015186862,0.015,11.875,0.15625,11.875,12.03125,bounded_core_residence,escaped,True,False,1,0,-0.007644942716931299,-0.01668195168879571,-0.003351397146610128,0.8170751441932853,0.4531128074428787,0.356478600301273
4,17,1.935292486823698,3.647925977750875,4.302575082722111,0.014381145822078242,0.015,13.28125,0.15625,13.28125,13.4375,bounded_core_residence,escaped,True,False,1,0,-0.019147120090897314,-0.004066018201035953,0.006976578199194742,0.8170751441932853,0.4531128074428787,0.356478600301273
4,18,1.935292486823698,3.647925977750875,4.1259340248835255,0.010917243702269416,0.015,11.5625,0.15625,11.5625,11.71875,bounded_core_residence,escaped,True,False,1,0,-0.01802097662302192,-0.0030850582219344586,0.003148496049626433,0.8170751441932853,0.4531128074428787,0.356478600301273
4,19,1.935292486823698,3.647925977750875,5.206527070273534,0.008800945636320246,0.015,25.625,0.15625,25.625,25.78125,bounded_core_residence,escaped,True,False,1,0,-0.012647315104925819,-0.01178654252289555,0.0018919513963510243,0.8170751441932853,0.4531128074428787,0.356478600301273
4,20,1.935292486823698,3.647925977750875,4.408106669252033,0.01300030768545925,0.015,16.40625,0.15625,16.40625,16.5625,bounded_core_residence,escaped,True,False,1,0,-0.018011778386858343,-0.005534683699513619,0.006241082887260174,0.8170751441932853,0.4531128074428787,0.356478600301273
4,21,1.935292486823698,3.647925977750875,1.7913657702584023,0.010168952888949099,0.015,16.5625,0.15625,16.5625,16.71875,bounded_core_residence,escaped,True,False,1,0,-0.010241730830767262,-0.0031355802528105995,-0.014617889345796872,0.8170751441932853,0.4531128074428787,0.356478600301273
4,22,1.935292486823698,3.647925977750875,4.347362070506143,0.013768361647131827,0.015,14.6875,0.15625,14.6875,14.84375,bounded_core_residence,escaped,True,False,1,0,-0.01864924645164098,-0.004721909173180704,0.006669105111812149,0.8170751441932853,0.4531128074428787,0.356478600301273
4,23,1.935292486823698,3.647925977750875,3.245947239519931,0.013876521967803885,0.015,14.375,0.15625,14.375,14.53125,bounded_core_residence,escaped,True,False,1,0,-0.019399889008675786,0.005022813095454596,-0.003996688251807242,0.8170751441932853,0.4531128074428787,0.356478600301273
4,24,1.935292486823698,3.647925977750875,0.47433845410455816,0.006749847096393205,0.015,24.6875,0.15625,24.6875,24.84375,bounded_core_residence,escaped,True,False,1,0,-0.00838291263672293,-0.011514917079042241,-0.008227630048351718,0.8170751441932853,0.4531128074428787,0.356478600301273
4,25,1.935292486823698,3.647925977750875,3.438215560013798,0.008715326211649395,0.015,13.90625,0.15625,13.90625,14.0625,bounded_core_residence,escaped,True,False,1,0,-0.017092409449165923,5.1853132243214785e-05,-0.0029671133194071114,0.8170751441932853,0.4531128074428787,0.356478600301273
4,26,1.935292486823698,3.647925977750875,1.364173779421666,0.008784137712312713,0.015,20.46875,0.15625,20.46875,20.625,bounded_core_residence,escaped,True,False,1,0,-0.008701936268854257,-0.00688636787885516,-0.013379660607008879,0.8170751441932853,0.4531128074428787,0.356478600301273
4,27,1.935292486823698,3.647925977750875,0.8502618757470941,0.0016054207604718903,0.015,33.59375,0.15625,33.59375,33.75,bounded_core_residence,escaped,True,False,1,0,-0.011366330299343334,-0.007514457636911233,-0.006474321413665702,0.8170751441932853,0.4531128074428787,0.356478600301273
4,28,1.935292486823698,3.647925977750875,5.33613179309782,0.014755048088612156,0.015,11.71875,0.15625,11.71875,11.875,bounded_core_residence,escaped,True,False,1,0,-0.011810306824745759,-0.016404012975047115,0.0058426411080184345,0.8170751441932853,0.4531128074428787,0.356478600301273
4,29,1.935292486823698,3.647925977750875,5.031368705196749,0.009375786495185825,0.015,25.625,0.15625,25.625,25.78125,bounded_core_residence,escaped,True,False,1,0,-0.013605658557465412,-0.010907151743717269,0.0029707690015385686,0.8170751441932853,0.4531128074428787,0.356478600301273
5,0,1.3431911646614918,3.2596093013103857,4.626242951800223,0.013180981923569635,0.015000000000000001,16.71875,0.15625,16.71875,16.875,bounded_core_residence,escaped,True,False,1,0,-0.011702443611564877,-0.0002455018119796571,0.016178097133097227,0.9674330813284115,0.11470624443608142,-0.22564509885832873
5,1,1.3431911646614918,3.2596093013103857,4.374644678276667,0.008279009222692273,0.015000000000000001,22.96875,0.15625,22.96875,23.125,bounded_core_residence,escaped,True,False,1,0,-0.013084186445807649,0.001211184830094421,0.010994502720365135,0.9674330813284115,0.11470624443608142,-0.22564509885832873
5,2,1.3431911646614918,3.2596093013103857,5.62554136536313,0.010349436729531186,0.015000000000000001,17.1875,0.15625,17.1875,17.34375,bounded_core_residence,escaped,True,False,1,0,-0.012129544046736905,-0.009686447390209558,0.009547656193723199,0.9674330813284115,0.11470624443608142,-0.22564509885832873
5,3,1.3431911646614918,3.2596093013103857,1.0064919217430468,0.011953111618039948,0.015000000000000001,18.125,0.15625,18.125,18.28125,bounded_core_residence,escaped,True,False,1,0,-0.016021925323262264,-0.008337322262537375,-0.006454753580093336,0.9674330813284115,0.11470624443608142,-0.22564509885832873
5,4,1.3431911646614918,3.2596093013103857,1.0894427191493465,0.014331017223865393,0.015000000000000001,15.9375,0.15625,15.9375,16.09375,bounded_core_residence,escaped,True,False,1,0,-0.016576611427967902,-0.008646890501913378,-0.0089902888098665,0.9674330813284115,0.11470624443608142,-0.22564509885832873
5,5,1.3431911646614918,3.2596093013103857,1.930439172352028,0.008526741823131873,0.015000000000000001,30.0,0.15625,30.0,30.15625,bounded_core_residence,escaped,True,False,1,0,-0.016653227776063092,0.0010473875443483573,-0.004390707242444088,0.9674330813284115,0.11470624443608142,-0.22564509885832873
5,6,1.3431911646614918,3.2596093013103857,4.187018983210333,0.00667918485640149,0.015000000000000001,26.5625,0.15625,26.5625,26.71875,bounded_core_residence,escaped,True,False,1,0,-0.013611112701225368,0.0017594594755802465,0.009014068101269005,0.9674330813284115,0.11470624443608142,-0.22564509885832873
5,7,1.3431911646614918,3.2596093013103857,3.660513066760395,0.010248727294318688,0.015000000000000001,18.75,0.15625,18.75,18.90625,bounded_core_residence,escaped,True,False,1,0,-0.014420425494069366,0.007252076736816008,0.008336373475717081,0.9674330813284115,0.11470624443608142,-0.22564509885832873
5,8,1.3431911646614918,3.2596093013103857,0.30017668708344314,0.004623713009481266,0.015000000000000001,29.21875,0.15625,29.21875,29.375,bounded_core_residence,escaped,True,False,1,0,-0.014297782413072316,-0.0061431534651847025,0.002052755603006732,0.9674330813284115,0.11470624443608142,-0.22564509885832873
5,9,1.3431911646614918,3.2596093013103857,4.683346105350995,0.013726361364500197,0.015000000000000001,16.5625,0.15625,16.5625,16.71875,bounded_core_residence,escaped,True,False,1,0,-0.011483983461456118,-0.0009602396913166778,0.016751389790135806,0.9674330813284115,0.11470624443608142,-0.22564509885832873
5,10,1.3431911646614918,3.2596093013103857,4.250638462676238,0.01378187416425353,0.015000000000000001,13.125,0.15625,13.125,13.28125,bounded_core_residence,escaped,True,False,1,0,-0.012469674860988683,0.0047045540589938355,0.015405013321855666,0.9674330813284115,0.11470624443608142,-0.22564509885832873
5,11,1.3431911646614918,3.2596093013103857,2.2691173786982257,0.012816565619150273,0.015000000000000001,15.0,0.15625,15.0,15.15625,bounded_core_residence,escaped,True,False,1,0,-0.017681357011166864,0.006201471250461387,-0.006178650568153717,0.9674330813284115,0.11470624443608142,-0.22564509885832873
5,12,1.3431911646614918,3.2596093013103857,1.2392484801335106,0.010246720809801808,0.015000000000000001,26.875,0.15625,26.875,27.03125,bounded_core_residence,escaped,True,False,1,0,-0.016289775414068463,-0.005290182059316514,-0.006054129011882867,0.9674330813284115,0.11470624443608142,-0.22564509885832873
5,13,1.3431911646614918,3.2596093013103857,3.1207146982174483,0.014498081816117926,0.015000000000000001,13.59375,0.15625,13.59375,13.75,bounded_core_residence,escaped,True,False,1,0,-0.01628599072101739,0.012665462144385228,0.0030898141126821307,0.9674330813284115,0.11470624443608142,-0.22564509885832873
5,14,1.3431911646614918,3.2596093013103857,6.119855777998156,0.008918586964168399,0.015000000000000001,20.0,0.15625,20.0,20.15625,bounded_core_residence,escaped,True,False,1,0,-0.01315041696260058,-0.01042074621483652,0.0047974759481577145,0.9674330813284115,0.11470624443608142,-0.22564509885832873
5,15,1.3431911646614918,3.2596093013103857,1.281476185665081,0.010711015880952936,0.015000000000000001,25.15625,0.15625,25.15625,25.3125,bounded_core_residence,escaped,True,False,1,0,-0.016452015227759874,-0.005027941710133168,-0.006616408263331887,0.9674330813284115,0.11470624443608142,-0.22564509885832873
5,16,1.3431911646614918,3.2596093013103857,6.028710791477398,0.009460349885664236,0.015000000000000001,18.75,0.15625,18.75,18.90625,bounded_core_residence,escaped,True,False,1,0,-0.012899839193346894,-0.010749321380423133,0.005704775070531423,0.9674330813284115,0.11470624443608142,-0.22564509885832873
5,17,1.3431911646614918,3.2596093013103857,2.373600695809169,0.012014581270890055,0.015000000000000001,16.71875,0.15625,16.71875,16.875,bounded_core_residence,escaped,True,False,1,0,-0.01739928286918692,0.006639716862673276,-0.00474650173668702,0.9674330813284115,0.11470624443608142,-0.22564509885832873
5,18,1.3431911646614918,3.2596093013103857,5.505338584975067,0.011842677622535724,0.015000000000000001,15.625,0.15625,15.625,15.78125,bounded_core_residence,escaped,True,False,1,0,-0.011655901495705868,-0.009878145047797415,0.011480906933181958,0.9674330813284115,0.11470624443608142,-0.22564509885832873
5,19,1.3431911646614918,3.2596093013103857,3.5983422380941104,0.014580158963834123,0.015000000000000001,13.75,0.15625,13.75,13.90625,bounded_core_residence,escaped,True,False,1,0,-0.014611346917694097,0.011444784690759659,0.009649169914744848,0.9674330813284115,0.11470624443608142,-0.22564509885832873
5,20,1.3431911646614918,3.2596093013103857,4.009789758799751,0.008562996645215691,0.015000000000000001,22.5,0.15625,22.5,22.65625,bounded_core_residence,escaped,True,False,1,0,-0.013698689941449297,0.003947976846029323,0.00975111707740336,0.9674330813284115,0.11470624443608142,-0.22564509885832873
5,21,1.3431911646614918,3.2596093013103857,5.330405186652082,0.014663885444857683,0.015000000000000001,13.59375,0.15625,13.59375,13.75,bounded_core_residence,escaped,True,False,1,0,-0.01083305040545688,-0.009840504476686631,0.015027941538915103,0.9674330813284115,0.11470624443608142,-0.22564509885832873
5,22,1.3431911646614918,3.2596093013103857,3.2984777480969227,0.01213065922687445,0.015000000000000001,16.71875,0.15625,16.71875,16.875,bounded_core_residence,escaped,True,False,1,0,-0.015497558362674888,0.010228097885048828,0.005231117636595418,0.9674330813284115,0.11470624443608142,-0.22564509885832873
5,23,1.3431911646614918,3.2596093013103857,2.714528377873573,0.005654851285369196,0.015000000000000001,30.9375,0.15625,30.9375,31.09375,bounded_core_residence,escaped,True,False,1,0,-0.015642353894810532,0.003328340180952769,0.0011028414795439894,0.9674330813284115,0.11470624443608142,-0.22564509885832873
5,24,1.3431911646614918,3.2596093013103857,0.4257065384283064,0.011755004234833543,0.015000000000000001,13.28125,0.15625,13.28125,13.4375,bounded_core_residence,escaped,True,False,1,0,-0.014338711898205188,-0.012480934257332777,-0.0013445243491140776,0.9674330813284115,0.11470624443608142,-0.22564509885832873
5,25,1.3431911646614918,3.2596093013103857,3.5769961292054595,0.006748636667422377,0.015000000000000001,27.5,0.15625,27.5,27.65625,bounded_core_residence,escaped,True,False,1,0,-0.014594151645724437,0.004431455655245903,0.006157681007170284,0.9674330813284115,0.11470624443608142,-0.22564509885832873
5,26,1.3431911646614918,3.2596093013103857,3.7163887359114196,0.010707206928407445,0.015000000000000001,17.65625,0.15625,17.65625,17.8125,bounded_core_residence,escaped,True,False,1,0,-0.014265233157526896,0.007358145578170202,0.009055666558546976,0.9674330813284115,0.11470624443608142,-0.22564509885832873
5,27,1.3431911646614918,3.2596093013103857,2.4941401108974772,0.013484243381547733,0.015000000000000001,13.125,0.15625,13.125,13.28125,bounded_core_residence,escaped,True,False,1,0,-0.01760029176583358,0.00874385344885007,-0.004538675599266527,0.9674330813284115,0.11470624443608142,-0.22564509885832873
5,28,1.3431911646614918,3.2596093013103857,2.9926983557592286,0.014786014367294058,0.015000000000000001,12.03125,0.15625,12.03125,12.1875,bounded_core_residence,escaped,True,False,1,0,-0.01672467532061398,0.012741836834670757,0.0012478182433750527,0.9674330813284115,0.11470624443608142,-0.22564509885832873
5,29,1.3431911646614918,3.2596093013103857,4.055810471543636,0.009228170576600518,0.015000000000000001,19.84375,0.15625,19.84375,20.0,bounded_core_residence,escaped,True,False,1,0,-0.013536858504274333,0.004067394096612588,0.010505660345210688,0.9674330813284115,0.11470624443608142,-0.22564509885832873
6,0,1.0941872700307136,5.9416885849161325,4.0663182961015485,0.007946113497212961,0.014999999999999998,24.21875,0.15625,24.21875,24.375,bounded_core_residence,escaped,True,False,1,0,0.008213904660825333,-0.007996571356578351,0.01251907889872943,-0.8372455700557928,0.2975753092574426,-0.45876877699151225
6,1,1.0941872700307136,5.9416885849161325,0.2319845836138353,0.013975552473023595,0.014999999999999998,13.4375,0.15625,13.4375,13.59375,bounded_core_residence,escaped,True,False,1,0,0.018502640579917184,0.00785847478680014,0.004026503759077385,-0.8372455700557928,0.2975753092574426,-0.45876877699151225
6,2,1.0941872700307136,5.9416885849161325,0.9787793740497996,0.014872741297214552,0.014999999999999998,8.28125,0.234375,8.28125,8.515625,bounded_core_residence,escaped,True,False,1,0,0.020673186277831653,0.001460453856264858,-0.0040847126397906275,-0.8372455700557928,0.2975753092574426,-0.45876877699151225
6,3,1.0941872700307136,5.9416885849161325,5.203585269024072,0.008943121171098368,0.014999999999999998,18.90625,0.15625,18.90625,19.0625,bounded_core_residence,escaped,True,False,1,0,0.0105625470810594,0.0007226579222757643,0.013888476553197741,-0.8372455700557928,0.2975753092574426,-0.45876877699151225
6,4,1.0941872700307136,5.9416885849161325,5.510131729919641,0.012927219560915722,0.014999999999999998,14.0625,0.15625,14.0625,14.21875,bounded_core_residence,escaped,True,False,1,0,0.01175518221257195,0.0056420873194052675,0.014902870441816247,-0.8372455700557928,0.2975753092574426,-0.45876877699151225
6,5,1.0941872700307136,5.9416885849161325,2.2769029024585126,0.008361465091595334,0.014999999999999998,26.71875,0.15625,26.71875,26.875,bounded_core_residence,escaped,True,False,1,0,0.01349190439397975,-0.010553374550112769,0.0012283728695755601,-0.8372455700557928,0.2975753092574426,-0.45876877699151225
6,6,1.0941872700307136,5.9416885849161325,3.409199218571914,0.014902790677258103,0.014999999999999998,12.34375,0.15625,12.34375,12.5,bounded_core_residence,escaped,True,False,1,0,0.006041961967720095,-0.01740059485046324,0.01038302289320538,-0.8372455700557928,0.2975753092574426,-0.45876877699151225
6,7,1.0941872700307136,5.9416885849161325,0.36211222612261235,0.002553948210128793,0.014999999999999998,35.625,0.15625,35.625,35.78125,two_core_entries,escaped,True,True,2,1,0.013749625560012604,-0.0023522228101816433,0.006077622583768202,-0.8372455700557928,0.2975753092574426,-0.45876877699151225
6,8,1.0941872700307136,5.9416885849161325,2.2902499391856543,0.007980231325249868,0.014999999999999998,27.03125,0.15625,27.03125,27.1875,bounded_core_residence,escaped,True,False,1,0,0.013392259553398542,-0.010340944345951727,0.0015480135958168082,-0.8372455700557928,0.2975753092574426,-0.45876877699151225
6,9,1.0941872700307136,5.9416885849161325,2.922869269819851,0.014170024263611197,0.014999999999999998,9.453125,0.234375,9.453125,9.6875,bounded_core_residence,escaped,True,False,1,0,0.009255340572293255,-0.01796968897060073,0.004149522481209476,-0.8372455700557928,0.2975753092574426,-0.45876877699151225
6,10,1.0941872700307136,5.9416885849161325,1.0899335601856648,0.007266865519777825,0.014999999999999998,14.84375,0.15625,14.84375,15.0,bounded_core_residence,escaped,True,False,1,0,0.016469420768199856,-0.0022863516775915964,0.0011567670676921951,-0.8372455700557928,0.2975753092574426,-0.45876877699151225
6,11,1.0941872700307136,5.9416885849161325,5.439820284308709,0.012538491761380563,0.014999999999999998,14.21875,0.15625,14.21875,14.375,bounded_core_residence,escaped,True,False,1,0,0.011302705956891215,0.004831243398516173,0.015202687292928114,-0.8372455700557928,0.2975753092574426,-0.45876877699151225
6,12,1.0941872700307136,5.9416885849161325,5.539158068091577,0.00835821869287369,0.014999999999999998,23.90625,0.15625,23.90625,24.0625,bounded_core_residence,escaped,True,False,1,0,0.012171177412729953,0.002200504036684186,0.011911340902278465,-0.8372455700557928,0.2975753092574426,-0.45876877699151225
6,13,1.0941872700307136,5.9416885849161325,6.23254181665939,0.009664966205348194,0.014999999999999998,25.3125,0.15625,25.3125,25.46875,bounded_core_residence,escaped,True,False,1,0,0.015579814059021563,0.0047067219963602145,0.0073162650092663825,-0.8372455700557928,0.2975753092574426,-0.45876877699151225
6,14,1.0941872700307136,5.9416885849161325,0.779526623037295,0.013839774565163018,0.014999999999999998,7.8125,0.234375,7.8125,8.046875,bounded_core_residence,escaped,True,False,1,0,0.020060682532052086,0.0033167386663911823,-0.0017628445710326165,-0.8372455700557928,0.2975753092574426,-0.45876877699151225
6,15,1.0941872700307136,5.9416885849161325,0.1733024928368154,0.001809206625775326,0.014999999999999998,35.625,0.15625,35.625,35.78125,two_core_entries,escaped,True,True,2,1,0.013290365524402586,-0.0028323640797623777,0.006604326351884218,-0.8372455700557928,0.2975753092574426,-0.45876877699151225
6,16,1.0941872700307136,5.9416885849161325,5.515315362532238,0.014651159982731992,0.014999999999999998,11.40625,0.15625,11.40625,11.5625,bounded_core_residence,escaped,True,False,1,0,0.011689301713913068,0.007031225925172452,0.015924150723661816,-0.8372455700557928,0.2975753092574426,-0.45876877699151225
6,17,1.0941872700307136,5.9416885849161325,1.3702550165703589,0.012508344175643824,0.014999999999999998,16.25,0.15625,16.25,16.40625,bounded_core_residence,escaped,True,False,1,0,0.018691839878549915,-0.003999127079300881,-0.004010084609408665,-0.8372455700557928,0.2975753092574426,-0.45876877699151225
6,18,1.0941872700307136,5.9416885849161325,3.0389525422106765,0.014676922893513515,0.014999999999999998,10.0,0.15625,10.0,10.15625,bounded_core_residence,escaped,True,False,1,0,0.008319340285496161,-0.018451287889949614,0.005545323979575988,-0.8372455700557928,0.2975753092574426,-0.45876877699151225
6,19,1.0941872700307136,5.9416885849161325,2.755787787369718,0.004056003118741519,0.014999999999999998,30.78125,0.15625,30.78125,30.9375,bounded_core_residence,escaped,True,False,1,0,0.011959963009529012,-0.008239000332213475,0.0055253343460577,-0.8372455700557928,0.2975753092574426,-0.45876877699151225
6,20,1.0941872700307136,5.9416885849161325,3.2899048884301014,0.011929161142891992,0.014999999999999998,13.75,0.15625,13.75,13.90625,bounded_core_residence,escaped,True,False,1,0,0.007845491184410747,-0.015309705924836936,0.008447843401923963,-0.8372455700557928,0.2975753092574426,-0.45876877699151225
6,21,1.0941872700307136,5.9416885849161325,1.6544629660793526,0.008151036825020412,0.014999999999999998,25.15625,0.15625,25.15625,25.3125,bounded_core_residence,escaped,True,False,1,0,0.0158417396654996,-0.006353419163758072,-0.0003357835954407142,-0.8372455700557928,0.2975753092574426,-0.45876877699151225
6,22,1.0941872700307136,5.9416885849161325,0.272860140915224,0.0017232285935040532,0.014999999999999998,35.625,0.15625,35.625,35.78125,two_core_entries,escaped,True,True,2,1,0.013315182382969441,-0.002971329608238565,0.006468897529945503,-0.8372455700557928,0.2975753092574426,-0.45876877699151225
6,23,1.0941872700307136,5.9416885849161325,5.972151498397638,0.013104743563106683,0.014999999999999998,15.625,0.15625,15.625,15.78125,bounded_core_residence,escaped,True,False,1,0,0.01500315409718838,0.007908081307788362,0.010445186500020659,-0.8372455700557928,0.2975753092574426,-0.45876877699151225
6,24,1.0941872700307136,5.9416885849161325,5.963848116591028,0.01452770409528533,0.014999999999999998,13.59375,0.15625,13.59375,13.75,bounded_core_residence,escaped,True,False,1,0,0.015206484089367634,0.009233832294796528,0.010934046326568761,-0.8372455700557928,0.2975753092574426,-0.45876877699151225
6,25,1.0941872700307136,5.9416885849161325,1.7249677476285155,0.004451016013701685,0.014999999999999998,34.21875,0.15625,34.21875,34.375,bounded_core_residence,escaped,True,False,1,0,0.014231029848071236,-0.005783410355001215,0.0029734656014823984,-0.8372455700557928,0.2975753092574426,-0.45876877699151225
6,26,1.0941872700307136,5.9416885849161325,0.9874763798825567,0.012260398218224904,0.014999999999999998,10.0,0.15625,10.0,10.15625,bounded_core_residence,escaped,True,False,1,0,0.019243739464291525,0.0003272116440702858,-0.002211060478572698,-0.8372455700557928,0.2975753092574426,-0.45876877699151225
6,27,1.0941872700307136,5.9416885849161325,3.433282045702154,0.011082105314842942,0.014999999999999998,15.78125,0.15625,15.78125,15.9375,bounded_core_residence,escaped,True,False,1,0,0.007626463468823911,-0.013975074368389455,0.009713259471770975,-0.8372455700557928,0.2975753092574426,-0.45876877699151225
6,28,1.0941872700307136,5.9416885849161325,0.39295550062953,0.011948103953364762,0.014999999999999998,13.75,0.15625,13.75,13.90625,bounded_core_residence,escaped,True,False,1,0,0.01823283733214778,0.0052335113942639224,0.002816236741816738,-0.8372455700557928,0.2975753092574426,-0.45876877699151225
6,29,1.0941872700307136,5.9416885849161325,4.426177541716739,0.0055656475119414215,0.014999999999999998,27.8125,0.15625,27.8125,27.96875,bounded_core_residence,escaped,True,False,1,0,0.009724431382466675,-0.005123863044053524,0.011625742729849975,-0.8372455700557928,0.2975753092574426,-0.45876877699151225
7,0,2.707929549098537,3.602485417151641,3.1805650836896446,0.013753618153131322,0.014999999999999998,12.96875,0.15625,12.96875,13.125,bounded_core_residence,escaped,True,False,1,0,-0.012193066650494924,0.009289655615325581,-0.013386315269983063,0.37635244853491295,0.1868820126371004,0.907432613384863
7,1,2.707929549098537,3.602485417151641,1.6263156194098156,0.006961144807672575,0.014999999999999998,28.4375,0.15625,28.4375,28.59375,bounded_core_residence,escaped,True,False,1,0,-0.0001681494219734729,0.00034778451614292643,-0.01653203885597926,0.37635244853491295,0.1868820126371004,0.907432613384863
7,2,2.707929549098537,3.602485417151641,1.2028495036389577,0.00998387618874217,0.014999999999999998,22.8125,0.15625,22.8125,22.96875,bounded_core_residence,escaped,True,False,1,0,0.003523150025324371,-0.0022601216785081493,-0.01752589648632923,0.37635244853491295,0.1868820126371004,0.907432613384863
7,3,2.707929549098537,3.602485417151641,5.02768154945134,0.012115388509886665,0.014999999999999998,14.53125,0.15625,14.53125,14.6875,bounded_core_residence,escaped,True,False,1,0,-0.013335766283540475,-0.010816622740730869,-0.008771581890456404,0.37635244853491295,0.1868820126371004,0.907432613384863
7,4,2.707929549098537,3.602485417151641,3.94173597278112,0.004123270455869747,0.014999999999999998,29.6875,0.15625,29.6875,29.84375,bounded_core_residence,escaped,True,False,1,0,-0.009327051710925925,-0.0014245431691693863,-0.012368433303904535,0.37635244853491295,0.1868820126371004,0.907432613384863
7,5,2.707929549098537,3.602485417151641,6.280066316827434,0.011851257083481264,0.014999999999999998,11.5625,0.15625,11.5625,11.71875,bounded_core_residence,escaped,True,False,1,0,-0.00040453305526012406,-0.01343274354402141,-0.013595957058865618,0.37635244853491295,0.1868820126371004,0.907432613384863
7,6,2.707929549098537,3.602485417151641,1.9111267999395514,0.0055544338055846226,0.014999999999999998,37.34375,0.15625,37.34375,37.5,bounded_core_residence,escaped,True,False,1,0,-0.0022144493688302947,0.000970451705501398,-0.015811583487456204,0.37635244853491295,0.1868820126371004,0.907432613384863
7,7,2.707929549098537,3.602485417151641,5.124760243746515,0.0031980466749352236,0.014999999999999998,30.78125,0.15625,30.78125,30.9375,bounded_core_residence,escaped,True,False,1,0,-0.007456563716263875,-0.0051336836674523,-0.01238032520101531,0.37635244853491295,0.1868820126371004,0.907432613384863
7,8,2.707929549098537,3.602485417151641,2.4308639881685346,0.014433738707990366,0.014999999999999998,10.46875,0.15625,10.46875,10.625,bounded_core_residence,escaped,True,False,1,0,-0.0028573150089408446,0.010794720311942367,-0.017568226359458133,0.37635244853491295,0.1868820126371004,0.907432613384863
7,9,2.707929549098537,3.602485417151641,3.3269261872718534,0.01212904006670306,0.014999999999999998,13.59375,0.15625,13.59375,13.75,bounded_core_residence,escaped,True,False,1,0,-0.012763820412889818,0.006972149485526324,-0.012672317584351344,0.37635244853491295,0.1868820126371004,0.907432613384863
7,10,2.707929549098537,3.602485417151641,0.37915610666683947,0.013724412097779958,0.014999999999999998,11.25,0.15625,11.25,11.40625,bounded_core_residence,escaped,True,False,1,0,0.004153782358472884,-0.012172401105138113,-0.015746054454489882,0.37635244853491295,0.1868820126371004,0.907432613384863
7,11,2.707929549098537,3.602485417151641,2.252915558780229,0.011428720579952414,0.014999999999999998,15.15625,0.15625,15.15625,15.3125,bounded_core_residence,escaped,True,False,1,0,-0.0016395311568734644,0.007230387492203552,-0.017339235519274066,0.37635244853491295,0.1868820126371004,0.907432613384863
7,12,2.707929549098537,3.602485417151641,4.206141031349305,0.013223523005215638,0.014999999999999998,11.40625,0.15625,11.40625,11.5625,bounded_core_residence,escaped,True,False,1,0,-0.017896382612989047,-0.0017275634799793472,-0.00875194689549772,0.37635244853491295,0.1868820126371004,0.907432613384863
7,13,2.707929549098537,3.602485417151641,4.630631587397664,0.005909261419969661,0.014999999999999998,24.6875,0.15625,24.6875,24.84375,bounded_core_residence,escaped,True,False,1,0,-0.01064661032669332,-0.004747883893446095,-0.01113672562360428,0.37635244853491295,0.1868820126371004,0.907432613384863
7,14,2.707929549098537,3.602485417151641,5.646067021828333,0.013700733446074888,0.014999999999999998,11.40625,0.15625,11.40625,11.5625,bounded_core_residence,escaped,True,False,1,0,-0.007371497802868871,-0.01595623103028153,-0.010186746703976464,0.37635244853491295,0.1868820126371004,0.907432613384863
7,15,2.707929549098537,3.602485417151641,2.2275664064595624,0.0029693275319779425,0.014999999999999998,36.40625,0.15625,36.40625,36.5625,bounded_core_residence,escaped,True,False,1,0,-0.004540328681099933,-0.00023038193939900736,-0.014599631694729229,0.37635244853491295,0.1868820126371004,0.907432613384863
7,16,2.707929549098537,3.602485417151641,4.533943564314417,0.008791770670702116,0.014999999999999998,17.03125,0.15625,17.03125,17.1875,bounded_core_residence,escaped,True,False,1,0,-0.013371356104111214,-0.004897354682846529,-0.009975870116118536,0.37635244853491295,0.1868820126371004,0.907432613384863
7,17,2.707929549098537,3.602485417151641,1.0645182931774766,0.010765041200749533,0.014999999999999998,21.25,0.15625,21.25,21.40625,bounded_core_residence,escaped,True,False,1,0,0.004328116716962738,-0.003679228902874631,-0.017567492490917266,0.37635244853491295,0.1868820126371004,0.907432613384863
7,18,2.707929549098537,3.602485417151641,0.5110493161494523,0.013909391472659217,0.014999999999999998,13.125,0.15625,13.125,13.28125,bounded_core_residence,escaped,True,False,1,0,0.005279595246110594,-0.010923978110974,-0.016470086442028537,0.37635244853491295,0.1868820126371004,0.907432613384863
7,19,2.707929549098537,3.602485417151641,2.2451200852240856,0.009093710734949047,0.014999999999999998,23.75,0.15625,23.75,23.90625,bounded_core_residence,escaped,True,False,1,0,-0.0023972509447887564,0.0051489208690919455,-0.01659630611679799,0.37635244853491295,0.1868820126371004,0.907432613384863
7,20,2.707929549098537,3.602485417151641,0.41583993876493774,0.006085995721150368,0.014999999999999998,33.59375,0.15625,33.59375,33.75,bounded_core_residence,escaped,True,False,1,0,-0.001171097520050051,-0.006797448473430629,-0.014644540578913658,0.37635244853491295,0.1868820126371004,0.907432613384863
7,21,2.707929549098537,3.602485417151641,0.04999462892251522,0.011947432340000978,0.014999999999999998,11.5625,0.15625,11.5625,11.71875,bounded_core_residence,escaped,True,False,1,0,0.00014692724519114846,-0.013249686752023572,-0.013862371834457939,0.37635244853491295,0.1868820126371004,0.907432613384863
7,22,2.707929549098537,3.602485417151641,3.5527723727094416,0.01470991125413276,0.014999999999999998,8.28125,0.234375,8.28125,8.515625,bounded_core_residence,escaped,True,False,1,0,-0.01642067769213932,0.006900840067482223,-0.011140971214322903,0.37635244853491295,0.1868820126371004,0.907432613384863
7,23,2.707929549098537,3.602485417151641,3.2372074840164347,0.006690371331595524,0.014999999999999998,29.53125,0.15625,29.53125,29.6875,bounded_core_residence,escaped,True,False,1,0,-0.009126345774978591,0.002903893692264538,-0.013343098694613326,0.37635244853491295,0.1868820126371004,0.907432613384863
7,24,2.707929549098537,3.602485417151641,3.5364964056052908,0.007345789845398784,0.014999999999999998,24.375,0.15625,24.375,24.53125,bounded_core_residence,escaped,True,False,1,0,-0.01095773883649135,0.002129143322523178,-0.01242398232275658,0.37635244853491295,0.1868820126371004,0.907432613384863
7,25,2.707929549098537,3.602485417151641,3.1329360609370416,0.013906567251258604,0.014999999999999998,12.96875,0.15625,12.96875,13.125,bounded_core_residence,escaped,True,False,1,0,-0.011732131343733453,0.00970038435081363,-0.01366207342586239,0.37635244853491295,0.1868820126371004,0.907432613384863
7,26,2.707929549098537,3.602485417151641,4.569205797094724,0.001764180624196993,0.014999999999999998,32.65625,0.15625,32.65625,32.8125,bounded_core_residence,escaped,True,False,1,0,-0.007176407308297949,-0.003282458798814456,-0.012877770601089515,0.37635244853491295,0.1868820126371004,0.907432613384863
7,27,2.707929549098537,3.602485417151641,1.5396367756135076,0.014683514536512975,0.014999999999999998,9.453125,0.234375,9.453125,9.6875,bounded_core_residence,escaped,True,False,1,0,0.006486360170859749,0.002710122940981456,-0.019778472249459465,0.37635244853491295,0.1868820126371004,0.907432613384863
7,28,2.707929549098537,3.602485417151641,3.272736282087664,0.014220835878198397,0.014999999999999998,11.875,0.15625,11.875,12.03125,bounded_core_residence,escaped,True,False,1,0,-0.01342707324791691,0.009073863992499195,-0.0128300767462769,0.37635244853491295,0.1868820126371004,0.907432613384863
7,29,2.707929549098537,3.602485417151641,3.4426805131698335,0.014573272918316787,0.014999999999999998,9.453125,0.234375,9.453125,9.6875,bounded_core_residence,escaped,True,False,1,0,-0.01534771172830873,0.007918023436191668,-0.01179546239536202,0.37635244853491295,0.1868820126371004,0.907432613384863
8,0,2.733676037146174,1.8255996637784877,6.198362243181218,0.012888813812848348,0.015,11.09375,0.15625,11.09375,11.25,bounded_core_residence,escaped,True,False,1,0,-0.01418032382256525,0.003491330502156369,-0.013336061979241523,0.09998969107669547,-0.38388952370625945,0.9179492879603798
8,1,2.733676037146174,1.8255996637784877,2.0804105534033766,0.00746660428740998,0.015,30.15625,0.15625,30.15625,30.3125,bounded_core_residence,escaped,True,False,1,0,0.003533118835292648,0.0008865822043969658,-0.016354853190270954,0.09998969107669547,-0.38388952370625945,0.9179492879603798
8,2,2.733676037146174,1.8255996637784877,3.4030917734665964,0.008652927447520204,0.015,21.09375,0.15625,21.09375,21.25,bounded_core_residence,escaped,True,False,1,0,0.006071441876932943,0.009852391989274912,-0.01288181349953278,0.09998969107669547,-0.38388952370625945,0.9179492879603798
8,3,2.733676037146174,1.8255996637784877,3.6170106519795833,0.01124413215830371,0.015,13.90625,0.15625,13.90625,14.0625,bounded_core_residence,escaped,True,False,1,0,0.006983771647823224,0.012849923309802802,-0.011727613248084483,0.09998969107669547,-0.38388952370625945,0.9179492879603798
8,4,2.733676037146174,1.8255996637784877,4.994424512602713,0.006049504058365035,0.015,24.84375,0.15625,24.84375,25.0,bounded_core_residence,escaped,True,False,1,0,-0.004473526857778758,0.010495498929711623,-0.011464229543293751,0.09998969107669547,-0.38388952370625945,0.9179492879603798
8,5,2.733676037146174,1.8255996637784877,3.1601637360536694,0.01251117573041312,0.015,13.90625,0.15625,13.90625,14.0625,bounded_core_residence,escaped,True,False,1,0,0.010551537140747337,0.009117688518451504,-0.01367707345177342,0.09998969107669547,-0.38388952370625945,0.9179492879603798
8,6,2.733676037146174,1.8255996637784877,2.260565312755893,0.006937199475200445,0.015,35.625,0.15625,35.625,35.78125,bounded_core_residence,escaped,True,False,1,0,0.004010323197542191,0.002117425389172245,-0.01589209093012197,0.09998969107669547,-0.38388952370625945,0.9179492879603798
8,7,2.733676037146174,1.8255996637784877,0.782748530486572,0.014400616391146748,0.015,12.65625,0.15625,12.65625,12.8125,bounded_core_residence,escaped,True,False,1,0,-0.009030145220751025,-0.0058365431246150115,-0.017798005340251506,0.09998969107669547,-0.38388952370625945,0.9179492879603798
8,8,2.733676037146174,1.8255996637784877,1.9874180569702555,0.01433778920693355,0.015,8.28125,0.234375,8.28125,8.515625,bounded_core_residence,escaped,True,False,1,0,0.007148567235717239,-0.0044261659004574344,-0.018970483421371157,0.09998969107669547,-0.38388952370625945,0.9179492879603798
8,9,2.733676037146174,1.8255996637784877,4.2505404504091,0.006639677290684226,0.015,22.5,0.15625,22.5,22.65625,bounded_core_residence,escaped,True,False,1,0,-1.2002386417931613e-05,0.011784248013790683,-0.011411251868950154,0.09998969107669547,-0.38388952370625945,0.9179492879603798
8,10,2.733676037146174,1.8255996637784877,5.380864713872647,0.008689386704084695,0.015,19.375,0.15625,19.375,19.53125,bounded_core_residence,escaped,True,False,1,0,-0.008289331189469661,0.010458400364585795,-0.011064099219477428,0.09998969107669547,-0.38388952370625945,0.9179492879603798
8,11,2.733676037146174,1.8255996637784877,5.87045256790512,0.012853727873486204,0.015,12.1875,0.15625,12.1875,12.34375,bounded_core_residence,escaped,True,False,1,0,-0.014086980365182246,0.007370517087568593,-0.011723940561878731,0.09998969107669547,-0.38388952370625945,0.9179492879603798
8,12,2.733676037146174,1.8255996637784877,1.8034492186826063,0.00918258986037036,0.015,23.59375,0.15625,23.59375,23.75,bounded_core_residence,escaped,True,False,1,0,0.002616303859562705,-0.0016452566592812029,-0.017313810706580588,0.09998969107669547,-0.38388952370625945,0.9179492879603798
8,13,2.733676037146174,1.8255996637784877,5.687385348302088,0.01449846170745691,0.015,11.875,0.15625,11.875,12.03125,bounded_core_residence,escaped,True,False,1,0,-0.014995246797322129,0.009960992448659452,-0.010541659964528553,0.09998969107669547,-0.38388952370625945,0.9179492879603798
8,14,2.733676037146174,1.8255996637784877,2.1850234421880352,0.012467671395375607,0.015,11.875,0.15625,11.875,12.03125,bounded_core_residence,escaped,True,False,1,0,0.00781103947941863,-0.0014813702009522992,-0.017811121093343932,0.09998969107669547,-0.38388952370625945,0.9179492879603798
8,15,2.733676037146174,1.8255996637784877,5.069715512172376,0.003384298087468999,0.015,30.46875,0.15625,30.46875,30.625,bounded_core_residence,escaped,True,False,1,0,-0.0033789326478408095,0.008276395571660286,-0.012511497274411396,0.09998969107669547,-0.38388952370625945,0.9179492879603798
8,16,2.733676037146174,1.8255996637784877,5.177632730953936,0.011339823976355308,0.015,15.15625,0.15625,15.15625,15.3125,bounded_core_residence,escaped,True,False,1,0,-0.008767957453358394,0.013478637441436108,-0.009748890328295644,0.09998969107669547,-0.38388952370625945,0.9179492879603798
8,17,2.733676037146174,1.8255996637784877,0.8190741342992115,0.012924975828017606,0.015,15.0,0.15625,15.0,15.15625,bounded_core_residence,escaped,True,False,1,0,-0.00785670114095906,-0.004853729917179036,-0.01751480954014554,0.09998969107669547,-0.38388952370625945,0.9179492879603798
8,18,2.733676037146174,1.8255996637784877,6.156622361466675,0.0074341200403262786,0.015,27.8125,0.15625,27.8125,27.96875,bounded_core_residence,escaped,True,False,1,0,-0.008853513061385317,0.00473309097208094,-0.013396988359174843,0.09998969107669547,-0.38388952370625945,0.9179492879603798
8,19,2.733676037146174,1.8255996637784877,0.7785656269326667,0.011227114400784954,0.015,17.96875,0.15625,17.96875,18.125,bounded_core_residence,escaped,True,False,1,0,-0.007410374881890202,-0.003260039868540495,-0.016896940016869626,0.09998969107669547,-0.38388952370625945,0.9179492879603798
8,20,2.733676037146174,1.8255996637784877,1.0149682101517616,0.014891519944454588,0.015,15.0,0.15625,15.0,15.15625,bounded_core_residence,escaped,True,False,1,0,-0.006176781497276998,-0.007459138233321483,-0.0187873892121068,0.09998969107669547,-0.38388952370625945,0.9179492879603798
8,21,2.733676037146174,1.8255996637784877,1.620995871632796,0.014271388918556921,0.015,12.03125,0.15625,12.03125,12.1875,bounded_core_residence,escaped,True,False,1,0,0.002491015485485706,-0.006722622981614451,-0.019423535305470238,0.09998969107669547,-0.38388952370625945,0.9179492879603798
8,22,2.733676037146174,1.8255996637784877,2.0832189356903297,0.005582980179966695,0.015,36.71875,0.15625,36.71875,36.875,bounded_core_residence,escaped,True,False,1,0,0.0022748971972485466,0.0021258556338205293,-0.015699530192206552,0.09998969107669547,-0.38388952370625945,0.9179492879603798
8,23,2.733676037146174,1.8255996637784877,5.425338115166732,0.0023686115851953874,0.015,32.5,0.15625,32.5,32.65625,bounded_core_residence,escaped,True,False,1,0,-0.003413610145738947,0.006959441773716831,-0.013058474520887767,0.09998969107669547,-0.38388952370625945,0.9179492879603798
8,24,2.733676037146174,1.8255996637784877,5.882219589374071,0.013883734644283734,0.015,11.40625,0.15625,11.40625,11.5625,bounded_core_residence,escaped,True,False,1,0,-0.015123471192480434,0.007350133716882741,-0.011619562862132218,0.09998969107669547,-0.38388952370625945,0.9179492879603798
8,25,2.733676037146174,1.8255996637784877,5.4756051496020905,0.009157062996625097,0.015,17.8125,0.15625,17.8125,17.96875,bounded_core_residence,escaped,True,False,1,0,-0.00915629629342427,0.01004087829618661,-0.011144272248664521,0.09998969107669547,-0.38388952370625945,0.9179492879603798
8,26,2.733676037146174,1.8255996637784877,0.7254703334493836,0.008910533805313713,0.015,32.8125,0.15625,32.8125,32.96875,bounded_core_residence,escaped,True,False,1,0,-0.0065834566117233505,-0.0011737660907925563,-0.01611452713861937,0.09998969107669547,-0.38388952370625945,0.9179492879603798
8,27,2.733676037146174,1.8255996637784877,0.008102829610437259,0.00693008421502907,0.015,30.0,0.15625,30.0,30.15625,bounded_core_residence,escaped,True,False,1,0,-0.008192964738431015,0.003961756066253997,-0.01379151496006587,0.09998969107669547,-0.38388952370625945,0.9179492879603798
8,28,2.733676037146174,1.8255996637784877,1.9621419452032611,0.004803463445724937,0.015,37.03125,0.15625,37.03125,37.1875,bounded_core_residence,escaped,True,False,1,0,0.0013005663627319581,0.0022757839127810243,-0.015530698496618653,0.09998969107669547,-0.38388952370625945,0.9179492879603798
8,29,2.733676037146174,1.8255996637784877,1.8950357501596304,0.00947781840233096,0.015,22.03125,0.15625,22.03125,22.1875,bounded_core_residence,escaped,True,False,1,0,0.003500834774793266,-0.0014611263454547881,-0.017333156300852404,0.09998969107669547,-0.38388952370625945,0.9179492879603798
9,0,2.0890502926037415,4.388639798045921,1.2079675943042374,0.014159071393703487,0.015,11.5625,0.15625,11.5625,11.71875,bounded_core_residence,escaped,True,False,1,0,0.0027050553759201193,-0.00773541414381205,-0.018929483515640635,0.2763489859109406,0.8235566814311722,0.495364139251187
9,1,2.0890502926037415,4.388639798045921,5.7834765541135,0.012582696490991844,0.015,11.09375,0.15625,11.09375,11.25,bounded_core_residence,escaped,True,False,1,0,0.005374997967684089,-0.018698252828979627,-0.0021929407140562776,0.2763489859109406,0.8235566814311722,0.495364139251187
9,2,2.0890502926037415,4.388639798045921,4.806083813564375,0.009506472324369904,0.015,17.96875,0.15625,17.96875,18.125,bounded_core_residence,escaped,True,False,1,0,-0.004793559127361069,-0.017081229848207438,0.0007914504527837228,0.2763489859109406,0.8235566814311722,0.495364139251187
9,3,2.0890502926037415,4.388639798045921,1.132448204603521,0.008124383778347965,0.015,20.46875,0.15625,20.46875,20.625,bounded_core_residence,escaped,True,False,1,0,0.00028321914178609277,-0.009995633896666387,-0.01382073448480302,0.2763489859109406,0.8235566814311722,0.495364139251187
9,4,2.0890502926037415,4.388639798045921,0.5487035862962515,0.01122819202846305,0.015,18.4375,0.15625,18.4375,18.59375,bounded_core_residence,escaped,True,False,1,0,0.005859886738144661,-0.012650594028648071,-0.012517847033994752,0.2763489859109406,0.8235566814311722,0.495364139251187
9,5,2.0890502926037415,4.388639798045921,1.7570576846703985,0.007826999084731029,0.015,22.1875,0.15625,22.1875,22.34375,bounded_core_residence,escaped,True,False,1,0,-0.004307289418524874,-0.008280033342352026,-0.014112059395672295,0.2763489859109406,0.8235566814311722,0.495364139251187
9,6,2.0890502926037415,4.388639798045921,1.7846812998656947,0.009725426127762017,0.015,19.0625,0.15625,19.0625,19.21875,bounded_core_residence,escaped,True,False,1,0,-0.004604615390113651,-0.007233373310979743,-0.015686291499895394,0.2763489859109406,0.8235566814311722,0.495364139251187
9,7,2.0890502926037415,4.388639798045921,3.9985676591506913,0.010323964731545354,0.015,19.53125,0.15625,19.53125,19.6875,bounded_core_residence,escaped,True,False,1,0,-0.01178319214076435,-0.013867803801890958,-0.000651650569155165,0.2763489859109406,0.8235566814311722,0.495364139251187
9,8,2.0890502926037415,4.388639798045921,2.449440923189705,0.014967023269518449,0.015,13.75,0.15625,13.75,13.90625,bounded_core_residence,escaped,True,False,1,0,-0.013564101614058306,-0.004201854797471902,-0.015728043400714847,0.2763489859109406,0.8235566814311722,0.495364139251187
9,9,2.0890502926037415,4.388639798045921,2.943788970264685,0.012849399124719963,0.015,13.28125,0.15625,13.28125,13.4375,bounded_core_residence,escaped,True,False,1,0,-0.015691634973104777,-0.007159496344078139,-0.009623994068801213,0.2763489859109406,0.8235566814311722,0.495364139251187
9,10,2.0890502926037415,4.388639798045921,3.651019013581042,0.0051060085013424515,0.015,30.0,0.15625,30.0,30.15625,bounded_core_residence,escaped,True,False,1,0,-0.008763729970905874,-0.012104677645612853,-0.0052673654618440886,0.2763489859109406,0.8235566814311722,0.495364139251187
9,11,2.0890502926037415,4.388639798045921,0.48575606182848535,0.012718669401316822,0.015,16.09375,0.15625,16.09375,16.25,bounded_core_residence,escaped,True,False,1,0,0.007453616912835868,-0.013142722693174236,-0.012588764294679713,0.2763489859109406,0.8235566814311722,0.495364139251187
9,12,2.0890502926037415,4.388639798045921,3.646438799080679,0.0052227041868554485,0.015,29.6875,0.15625,29.6875,29.84375,bounded_core_residence,escaped,True,False,1,0,-0.008877002885952778,-0.01208547829473571,-0.0052360933121608395,0.2763489859109406,0.8235566814311722,0.495364139251187
9,13,2.0890502926037415,4.388639798045921,2.4333183919293293,0.012532150235924517,0.015,16.40625,0.15625,16.40625,16.5625,bounded_core_residence,escaped,True,False,1,0,-0.011884036451762949,-0.0054968178164717125,-0.014512389914878649,0.2763489859109406,0.8235566814311722,0.495364139251187
9,14,2.0890502926037415,4.388639798045921,3.4684267511838356,0.014035838569655729,0.015,9.453125,0.234375,9.453125,9.6875,bounded_core_residence,escaped,True,False,1,0,-0.01745760486954805,-0.01024081637628256,-0.003516031359278608,0.2763489859109406,0.8235566814311722,0.495364139251187
9,15,2.0890502926037415,4.388639798045921,4.378415997995951,0.010283962180206725,0.015,23.75,0.15625,23.75,23.90625,bounded_core_residence,escaped,True,False,1,0,-0.008872252438789533,-0.015843736724634384,0.0010094658918393742,0.2763489859109406,0.8235566814311722,0.495364139251187
9,16,2.0890502926037415,4.388639798045921,0.013404535700113913,0.012959826673746077,0.015,15.0,0.15625,15.0,15.15625,bounded_core_residence,escaped,True,False,1,0,0.00816759229930503,-0.016394219499809844,-0.007581366000789573,0.2763489859109406,0.8235566814311722,0.495364139251187
9,17,2.0890502926037415,4.388639798045921,1.8295734162494008,0.008007032313140233,0.015,22.1875,0.15625,22.1875,22.34375,bounded_core_residence,escaped,True,False,1,0,-0.004867987211886619,-0.008066385327749639,-0.014154458474729632,0.2763489859109406,0.8235566814311722,0.495364139251187
9,18,2.0890502926037415,4.388639798045921,0.554164583947604,0.014407408834936799,0.015,13.59375,0.15625,13.59375,13.75,bounded_core_residence,escaped,True,False,1,0,0.008664277950004903,-0.012690171262057404,-0.014016535601985469,0.2763489859109406,0.8235566814311722,0.495364139251187
9,19,2.0890502926037415,4.388639798045921,4.440282745715221,0.012543565559356307,0.015,18.75,0.15625,18.75,18.90625,bounded_core_residence,escaped,True,False,1,0,-0.00924528809994684,-0.01695497640051266,0.0030650383601041192,0.2763489859109406,0.8235566814311722,0.495364139251187
9,20,2.0890502926037415,4.388639798045921,3.0375171163311103,0.011563129905654357,0.015,13.75,0.15625,13.75,13.90625,bounded_core_residence,escaped,True,False,1,0,-0.014859031670448723,-0.008130603721720921,-0.008473985729984321,0.2763489859109406,0.8235566814311722,0.495364139251187
9,21,2.0890502926037415,4.388639798045921,5.60390220365303,0.002708549940303083,0.015,36.25,0.15625,36.25,36.40625,bounded_core_residence,escaped,True,False,1,0,-0.002415546990597114,-0.01382286113138241,-0.005952300870911213,0.2763489859109406,0.8235566814311722,0.495364139251187
9,22,2.0890502926037415,4.388639798045921,2.6083807967754438,0.005101876589227979,0.015,28.59375,0.15625,28.59375,28.75,bounded_core_residence,escaped,True,False,1,0,-0.007901942720810039,-0.009737747355125916,-0.009683218597991473,0.2763489859109406,0.8235566814311722,0.495364139251187
9,23,2.0890502926037415,4.388639798045921,4.001705805483434,0.01466428522761457,0.015,10.3125,0.15625,10.3125,10.46875,bounded_core_residence,escaped,True,False,1,0,-0.014966000209288951,-0.014529703254704391,0.0022243700912012217,0.2763489859109406,0.8235566814311722,0.495364139251187
9,24,2.0890502926037415,4.388639798045921,5.650201128355492,0.005395077538433705,0.015,17.03125,0.15625,17.03125,17.1875,bounded_core_residence,escaped,True,False,1,0,-0.0005242812007227233,-0.015235955765831484,-0.004658072860089987,0.2763489859109406,0.8235566814311722,0.495364139251187
9,25,2.0890502926037415,4.388639798045921,4.403842173437579,0.013566566844354998,0.015,16.71875,0.15625,16.71875,16.875,bounded_core_residence,escaped,True,False,1,0,-0.010087977713586663,-0.017113125213708242,0.0037980767517882402,0.2763489859109406,0.8235566814311722,0.495364139251187
9,26,2.0890502926037415,4.388639798045921,2.148140313951051,0.007236520030392627,0.015,25.78125,0.15625,25.78125,25.9375,bounded_core_residence,escaped,True,False,1,0,-0.006934198879454625,-0.00824921856252395,-0.012697814818233654,0.2763489859109406,0.8235566814311722,0.495364139251187
9,27,2.0890502926037415,4.388639798045921,0.44761344054615465,0.007524141961385556,0.015,28.59375,0.15625,28.59375,28.75,bounded_core_residence,escaped,True,False,1,0,0.0027984649340269197,-0.012981763645422481,-0.01025939174232526,0.2763489859109406,0.8235566814311722,0.495364139251187
9,28,2.0890502926037415,4.388639798045921,1.7420617386275037,0.01218499367377211,0.015,15.9375,0.15625,15.9375,16.09375,bounded_core_residence,escaped,True,False,1,0,-0.0042219290892059535,-0.006053995152814796,-0.01786052989934167,0.2763489859109406,0.8235566814311722,0.495364139251187
9,29,2.0890502926037415,4.388639798045921,0.9981447587099889,0.01071616078715937,0.015,15.9375,0.15625,15.9375,16.09375,bounded_core_residence,escaped,True,False,1,0,0.0027791085548971957,-0.009970833999500385,-0.015254347806797786,0.2763489859109406,0.8235566814311722,0.495364139251187
10,0,1.604669806572086,0.7445469065882601,0.9991411527091248,0.0143603038927806,0.015,14.0625,0.15625,14.0625,14.21875,bounded_core_residence,escaped,True,False,1,0,0.005459044270217517,0.015595074652954656,-0.012578187870976733,-0.7349731510537868,-0.6772499489720427,0.0338670023390496
10,1,1.604669806572086,0.7445469065882601,4.646558589018314,0.012648165712882306,0.015,16.40625,0.15625,16.40625,16.5625,bounded_core_residence,escaped,True,False,1,0,0.01190274277025,0.009836518218349763,0.012105524349893568,-0.7349731510537868,-0.6772499489720427,0.0338670023390496
10,2,1.604669806572086,0.7445469065882601,3.0413777606953514,0.010990504639326359,0.015,18.90625,0.15625,18.90625,19.0625,bounded_core_residence,escaped,True,False,1,0,0.018407435944366262,0.0020917040040143164,-0.0016069438511341027,-0.7349731510537868,-0.6772499489720427,0.0338670023390496
10,3,1.604669806572086,0.7445469065882601,3.3851360993360564,0.013779800450812988,0.015,16.25,0.15625,16.25,16.40625,bounded_core_residence,escaped,True,False,1,0,0.020169521886812286,0.000400458543100949,0.0028129913396389167,-0.7349731510537868,-0.6772499489720427,0.0338670023390496
10,4,1.604669806572086,0.7445469065882601,1.114949278843349,0.007750683495007176,0.015,27.5,0.15625,27.5,27.65625,bounded_core_residence,escaped,True,False,1,0,0.008539149764650207,0.012508226670658006,-0.007463262121357568,-0.7349731510537868,-0.6772499489720427,0.0338670023390496
10,5,1.604669806572086,0.7445469065882601,5.7810103844071525,0.006256653506272043,0.015,23.125,0.15625,23.125,23.28125,bounded_core_residence,escaped,True,False,1,0,0.007383300025961412,0.014260910986821496,0.00250180168081693,-0.7349731510537868,-0.6772499489720427,0.0338670023390496
10,6,1.604669806572086,0.7445469065882601,1.0340702743004229,0.0093010722406463,0.015,23.125,0.15625,23.125,23.28125,bounded_core_residence,escaped,True,False,1,0,0.0076027581303806414,0.013472752669866361,-0.008496643403913162,-0.7349731510537868,-0.6772499489720427,0.0338670023390496
10,7,1.604669806572086,0.7445469065882601,4.86888597095565,0.014353558650708996,0.015,14.21875,0.15625,14.21875,14.375,bounded_core_residence,escaped,True,False,1,0,0.009861746507409641,0.012129306812931805,0.013662010027836421,-0.7349731510537868,-0.6772499489720427,0.0338670023390496
10,8,1.604669806572086,0.7445469065882601,5.092959503219962,0.013748436101507533,0.015,15.625,0.15625,15.625,15.78125,bounded_core_residence,escaped,True,False,1,0,0.007881906237567482,0.014207254813873057,0.012249447332557959,-0.7349731510537868,-0.6772499489720427,0.0338670023390496
10,9,1.604669806572086,0.7445469065882601,3.037629964025257,0.012580293123992113,0.015,18.28125,0.15625,18.28125,18.4375,bounded_core_residence,escaped,True,False,1,0,0.019470947439133014,0.0009272542550373946,-0.001812782517181193,-0.7349731510537868,-0.6772499489720427,0.0338670023390496
10,10,1.604669806572086,0.7445469065882601,0.7200861195161671,0.00936969913488285,0.015,22.96875,0.15625,22.96875,23.125,bounded_core_residence,escaped,True,False,1,0,0.006097651938334166,0.015196820779822384,-0.006683303143140568,-0.7349731510537868,-0.6772499489720427,0.0338670023390496
10,11,1.604669806572086,0.7445469065882601,2.123825474825054,0.005223364999179703,0.015,33.75,0.15625,33.75,33.90625,bounded_core_residence,escaped,True,False,1,0,0.01277310971087094,0.00803906813320221,-0.004950211488254094,-0.7349731510537868,-0.6772499489720427,0.0338670023390496
10,12,1.604669806572086,0.7445469065882601,0.35641668866287096,0.008350639918002752,0.015,20.15625,0.15625,20.15625,20.3125,bounded_core_residence,escaped,True,False,1,0,0.005648946044125697,0.015846956266091273,-0.0034200252530190685,-0.7349731510537868,-0.6772499489720427,0.0338670023390496
10,13,1.604669806572086,0.7445469065882601,2.7572539605903073,0.012381180804567364,0.015,20.0,0.15625,20.0,20.15625,bounded_core_residence,escaped,True,False,1,0,0.018686868761367655,0.001611397371345663,-0.005147618140696662,-0.7349731510537868,-0.6772499489720427,0.0338670023390496
10,14,1.604669806572086,0.7445469065882601,3.118329962445046,0.009305944309559491,0.015,19.6875,0.15625,19.6875,19.84375,bounded_core_residence,escaped,True,False,1,0,0.017323567747501056,0.003312088121180577,-0.0007243426453677997,-0.7349731510537868,-0.6772499489720427,0.0338670023390496
10,15,1.604669806572086,0.7445469065882601,3.1675354043924284,0.013698554476748408,0.015,17.8125,0.15625,17.8125,17.96875,bounded_core_residence,escaped,True,False,1,0,0.020312993960928956,9.644526951000688e-05,-0.00015287055209161363,-0.7349731510537868,-0.6772499489720427,0.0338670023390496
10,16,1.604669806572086,0.7445469065882601,5.449455774638272,0.01418826719608275,0.015,12.65625,0.15625,12.65625,12.8125,bounded_core_residence,escaped,True,False,1,0,0.004824145943104905,0.017412724722538783,0.00999157443469992,-0.7349731510537868,-0.6772499489720427,0.0338670023390496
10,17,1.604669806572086,0.7445469065882601,2.694259269308244,0.012435875999516338,0.015,20.15625,0.15625,20.15625,20.3125,bounded_core_residence,escaped,True,False,1,0,0.018488465149056953,0.001789876425011135,-0.005884217083915439,-0.7349731510537868,-0.6772499489720427,0.0338670023390496
10,18,1.604669806572086,0.7445469065882601,4.740819965748579,0.010917998897123523,0.015,20.15625,0.15625,20.15625,20.3125,bounded_core_residence,escaped,True,False,1,0,0.011086089831758348,0.010637454400773424,0.010399320940871128,-0.7349731510537868,-0.6772499489720427,0.0338670023390496
10,19,1.604669806572086,0.7445469065882601,5.245428166306056,0.002872559223577992,0.015,35.3125,0.15625,35.3125,35.46875,bounded_core_residence,escaped,True,False,1,0,0.010097065413550519,0.011288983717361417,0.001964615269357762,-0.7349731510537868,-0.6772499489720427,0.0338670023390496
10,20,1.604669806572086,0.7445469065882601,6.178748909134089,0.012476168936987069,0.015,16.5625,0.15625,16.5625,16.71875,bounded_core_residence,escaped,True,False,1,0,0.0026487185348793713,0.0193135200990737,0.0007918477441425358,-0.7349731510537868,-0.6772499489720427,0.0338670023390496
10,21,1.604669806572086,0.7445469065882601,4.489991637354156,0.008925831500589334,0.015,24.0625,0.15625,24.0625,24.21875,bounded_core_residence,escaped,True,False,1,0,0.012575532069048219,0.008910733773124664,0.008193002183677736,-0.7349731510537868,-0.6772499489720427,0.0338670023390496
10,22,1.604669806572086,0.7445469065882601,3.2225068064776656,0.013901009662650095,0.015,17.65625,0.15625,17.65625,17.8125,bounded_core_residence,escaped,True,False,1,0,0.020441622499362645,-4.752275137352366e-06,0.0006149119046849308,-0.7349731510537868,-0.6772499489720427,0.0338670023390496
10,23,1.604669806572086,0.7445469065882601,3.208975416784833,0.014358973903498915,0.015,17.65625,0.15625,17.65625,17.8125,bounded_core_residence,escaped,True,False,1,0,0.020756791176649685,-0.0003546171856923363,0.00045825567310444455,-0.7349731510537868,-0.6772499489720427,0.0338670023390496
10,24,1.604669806572086,0.7445469065882601,3.2710830349147817,0.013750925063382278,0.015,17.34375,0.15625,17.34375,17.5,bounded_core_residence,escaped,True,False,1,0,0.020308966157197544,0.00017180018566530578,0.0012666169195006054,-0.7349731510537868,-0.6772499489720427,0.0338670023390496
10,25,1.604669806572086,0.7445469065882601,1.0325646101744457,0.013333579163153489,0.015,15.625,0.15625,15.625,15.78125,bounded_core_residence,escaped,True,False,1,0,0.006107779771337537,0.014922466438811696,-0.011949868407118945,-0.7349731510537868,-0.6772499489720427,0.0338670023390496
10,26,1.604669806572086,0.7445469065882601,4.0367433038655856,0.009551234816955308,0.015,23.59375,0.15625,23.59375,23.75,bounded_core_residence,escaped,True,False,1,0,0.01525799137028334,0.005937014303214839,0.006940579733451725,-0.7349731510537868,-0.6772499489720427,0.0338670023390496
10,27,1.604669806572086,0.7445469065882601,4.627309718431085,0.013532515139419157,0.015,15.0,0.15625,15.0,15.15625,bounded_core_residence,escaped,True,False,1,0,0.012139663114059585,0.009622525623390221,0.012967827347051953,-0.7349731510537868,-0.6772499489720427,0.0338670023390496
10,28,1.604669806572086,0.7445469065882601,3.989046730289292,0.012884676179967768,0.015,15.15625,0.15625,15.15625,15.3125,bounded_core_residence,escaped,True,False,1,0,0.017044240351484854,0.004108744768442292,0.00914477815648047,-0.7349731510537868,-0.6772499489720427,0.0338670023390496
10,29,1.604669806572086,0.7445469065882601,4.823527657848812,0.0018168127867294508,0.015,35.9375,0.15625,35.9375,36.09375,two_core_entries,escaped,True,True,2,1,0.010933020900099604,0.010348371222463413,0.0012965630497974174,-0.7349731510537868,-0.6772499489720427,0.0338670023390496
11,0,1.2978039578445228,0.40594955024370477,4.210076172810547,0.009571801384619933,0.014999999999999998,18.90625,0.15625,18.90625,19.0625,bounded_core_residence,escaped,True,False,1,0,0.013012324098129023,0.0005769634227838381,0.012122949992499035,-0.8847059021231688,-0.3802678686173587,-0.26961419629841693
11,1,1.2978039578445228,0.40594955024370477,3.7106968604987145,0.013604582333441854,0.014999999999999998,15.15625,0.15625,15.15625,15.3125,bounded_core_residence,escaped,True,False,1,0,0.015980199984502418,-0.005605404045490296,0.011103932384948506,-0.8847059021231688,-0.3802678686173587,-0.26961419629841693
11,2,1.2978039578445228,0.40594955024370477,1.9922132689108023,0.01160648860685767,0.014999999999999998,19.21875,0.15625,19.21875,19.375,bounded_core_residence,escaped,True,False,1,0,0.017768828102686776,0.0024698034758835422,-0.0061546239876046965,-0.8847059021231688,-0.3802678686173587,-0.26961419629841693
11,3,1.2978039578445228,0.40594955024370477,2.097300067842453,0.01347425694322537,0.014999999999999998,13.75,0.15625,13.75,13.90625,bounded_core_residence,escaped,True,False,1,0,0.018829984451408894,0.0007236083837768607,-0.0071738188323015395,-0.8847059021231688,-0.3802678686173587,-0.26961419629841693
11,4,1.2978039578445228,0.40594955024370477,5.96415722596779,0.012321546851683275,0.014999999999999998,14.84375,0.15625,14.84375,15.0,bounded_core_residence,escaped,True,False,1,0,0.007693171294599121,0.016041504480974387,0.0077656787364055145,-0.8847059021231688,-0.3802678686173587,-0.26961419629841693
11,5,1.2978039578445228,0.40594955024370477,2.4032171453927544,0.008045436697155454,0.014999999999999998,13.59375,0.15625,13.59375,13.75,bounded_core_residence,escaped,True,False,1,0,0.01696161065105349,0.0008140449818688925,-0.0011705325871151822,-0.8847059021231688,-0.3802678686173587,-0.26961419629841693
11,6,1.2978039578445228,0.40594955024370477,5.142280017252859,0.006313679967914733,0.014999999999999998,26.09375,0.15625,26.09375,26.25,bounded_core_residence,escaped,True,False,1,0,0.01080987283906463,0.007510481437122478,0.009570886715615186,-0.8847059021231688,-0.3802678686173587,-0.26961419629841693
11,7,1.2978039578445228,0.40594955024370477,0.14222574113514463,0.012984155777843865,0.014999999999999998,11.5625,0.15625,11.5625,11.71875,bounded_core_residence,escaped,True,False,1,0,0.008650915195683992,0.01770842760994704,0.0022719064953613884,-0.8847059021231688,-0.3802678686173587,-0.26961419629841693
11,8,1.2978039578445228,0.40594955024370477,4.481562599600519,0.0034384398004356502,0.014999999999999998,31.40625,0.15625,31.40625,31.5625,bounded_core_residence,escaped,True,False,1,0,0.012752111760750622,0.0046249222553562,0.007267503562741232,-0.8847059021231688,-0.3802678686173587,-0.26961419629841693
11,9,1.2978039578445228,0.40594955024370477,1.375159410937535,0.005873417724433975,0.014999999999999998,30.46875,0.15625,30.46875,30.625,bounded_core_residence,escaped,True,False,1,0,0.014246829649477497,0.007366371790969001,-0.0015038109394735055,-0.8847059021231688,-0.3802678686173587,-0.26961419629841693
11,10,1.2978039578445228,0.40594955024370477,3.870999449978476,0.004608670445959556,0.014999999999999998,31.875,0.15625,31.875,32.03125,bounded_core_residence,escaped,True,False,1,0,0.013866690553652035,0.0022201894970693297,0.007001820832170834,-0.8847059021231688,-0.3802678686173587,-0.26961419629841693
11,11,1.2978039578445228,0.40594955024370477,4.3154876867942535,0.008294294098178594,0.014999999999999998,21.71875,0.15625,21.71875,21.875,bounded_core_residence,escaped,True,False,1,0,0.012641910971232646,0.0019439040814586079,0.01141046180067207,-0.8847059021231688,-0.3802678686173587,-0.26961419629841693
11,12,1.2978039578445228,0.40594955024370477,1.1742561562221472,0.009471105206294635,0.014999999999999998,24.84375,0.15625,24.84375,25.0,bounded_core_residence,escaped,True,False,1,0,0.013990037203977655,0.009994866987769819,-0.004368446721297113,-0.8847059021231688,-0.3802678686173587,-0.26961419629841693
11,13,1.2978039578445228,0.40594955024370477,4.594010682936243,0.013574118257333402,0.014999999999999998,13.75,0.15625,13.75,13.90625,bounded_core_residence,escaped,True,False,1,0,0.010564845156539883,0.002796078273110697,0.017024179262832208,-0.8847059021231688,-0.3802678686173587,-0.26961419629841693
11,14,1.2978039578445228,0.40594955024370477,1.5982055930695276,0.009301391998393596,0.014999999999999998,28.125,0.15625,28.125,28.28125,bounded_core_residence,escaped,True,False,1,0,0.015674359872880315,0.006459754372738885,-0.004909369524399299,-0.8847059021231688,-0.3802678686173587,-0.26961419629841693
11,15,1.2978039578445228,0.40594955024370477,4.486551988999649,0.012949890331318721,0.014999999999999998,13.90625,0.15625,13.90625,14.0625,bounded_core_residence,escaped,True,False,1,0,0.011289420379944883,0.0016961785143873491,0.016197889539239303,-0.8847059021231688,-0.3802678686173587,-0.26961419629841693
11,16,1.2978039578445228,0.40594955024370477,2.0380490638913664,0.011422223338479458,0.014999999999999998,18.4375,0.15625,18.4375,18.59375,bounded_core_residence,escaped,True,False,1,0,0.017828325412618196,0.0020629388523999382,-0.0057760091990193335,-0.8847059021231688,-0.3802678686173587,-0.26961419629841693
11,17,1.2978039578445228,0.40594955024370477,2.127731496077362,0.008866276665917069,0.014999999999999998,15.46875,0.15625,15.46875,15.625,bounded_core_residence,escaped,True,False,1,0,0.0169855898165014,0.0021996320625712936,-0.0032034698830264944,-0.8847059021231688,-0.3802678686173587,-0.26961419629841693
11,18,1.2978039578445228,0.40594955024370477,2.8675071427975842,0.0036713393592759224,0.014999999999999998,34.6875,0.15625,34.6875,34.84375,bounded_core_residence,escaped,True,False,1,0,0.014912396650291882,0.0025627570154333496,0.0030873022714303635,-0.8847059021231688,-0.3802678686173587,-0.26961419629841693
11,19,1.2978039578445228,0.40594955024370477,3.735378710880196,0.008516626784282211,0.014999999999999998,29.375,0.15625,29.375,29.53125,bounded_core_residence,escaped,True,False,1,0,0.014877736042114616,-0.001288447559351015,0.00863283296089524,-0.8847059021231688,-0.3802678686173587,-0.26961419629841693
11,20,1.2978039578445228,0.40594955024370477,0.3032837425616049,0.006473407474100116,0.014999999999999998,23.59375,0.15625,23.59375,23.75,bounded_core_residence,escaped,True,False,1,0,0.011309850297772548,0.011585725769677799,0.0021824868745385795,-0.8847059021231688,-0.3802678686173587,-0.26961419629841693
11,21,1.2978039578445228,0.40594955024370477,1.2399951342062703,0.009145148895888435,0.014999999999999998,26.25,0.15625,26.25,26.40625,bounded_core_residence,escaped,True,False,1,0,0.014240076852007318,0.009353842093277678,-0.004284810109085521,-0.8847059021231688,-0.3802678686173587,-0.26961419629841693
11,22,1.2978039578445228,0.40594955024370477,1.7964389841221278,0.01483764338632173,0.014999999999999998,13.59375,0.15625,13.59375,13.75,bounded_core_residence,escaped,True,False,1,0,0.018163643910189,0.004193840608610473,-0.009881771203234808,-0.8847059021231688,-0.3802678686173587,-0.26961419629841693
11,23,1.2978039578445228,0.40594955024370477,3.262674070515486,0.0022835366811729337,0.014999999999999998,34.53125,0.15625,34.53125,34.6875,two_core_entries,escaped,True,True,2,1,0.014097414395701903,0.003592063275444365,0.004309817693977661,-0.8847059021231688,-0.3802678686173587,-0.26961419629841693
11,24,1.2978039578445228,0.40594955024370477,0.5051562032957865,0.005172315018054694,0.014999999999999998,26.875,0.15625,26.875,27.03125,bounded_core_residence,escaped,True,False,1,0,0.012103222951983073,0.010128946088214706,0.0016337955694101535,-0.8847059021231688,-0.3802678686173587,-0.26961419629841693
11,25,1.2978039578445228,0.40594955024370477,5.169852799805108,0.011959719699213807,0.014999999999999998,17.5,0.15625,17.5,17.65625,bounded_core_residence,escaped,True,False,1,0,0.008526819316266983,0.009414611497421394,0.014376833378185891,-0.8847059021231688,-0.3802678686173587,-0.26961419629841693
11,26,1.2978039578445228,0.40594955024370477,0.3178440239938484,0.010672239743414262,0.014999999999999998,12.5,0.15625,12.5,12.65625,bounded_core_residence,escaped,True,False,1,0,0.010093461807289414,0.015372890716396047,0.0008324427352347122,-0.8847059021231688,-0.3802678686173587,-0.26961419629841693
11,27,1.2978039578445228,0.40594955024370477,1.155591174088016,0.011951084253779597,0.014999999999999998,19.375,0.15625,19.375,19.53125,bounded_core_residence,escaped,True,False,1,0,0.014075677825915503,0.011297321009185748,-0.006486466418426872,-0.8847059021231688,-0.3802678686173587,-0.26961419629841693
11,28,1.2978039578445228,0.40594955024370477,0.9763226657504969,0.005090878128806057,0.014999999999999998,29.0625,0.15625,29.0625,29.21875,bounded_core_residence,escaped,True,False,1,0,0.013189334365352579,0.008772582649832978,-1.7110614679458243e-05,-0.8847059021231688,-0.3802678686173587,-0.26961419629841693
11,29,1.2978039578445228,0.40594955024370477,1.537244637643261,0.012966473373380158,0.014999999999999998,17.96875,0.15625,17.96875,18.125,bounded_core_residence,escaped,True,False,1,0,0.016308839096282085,0.007483374390814323,-0.008435064125486065,-0.8847059021231688,-0.3802678686173587,-0.26961419629841693
12,0,1.2491456358904887,0.6052017471858484,6.15851914626996,0.01025949837087107,0.015,15.625,0.15625,15.625,15.78125,bounded_core_residence,escaped,True,False,1,0,0.005579887657228032,0.016238614786290018,0.005952272706882936,-0.7802110957821433,-0.5397504572811362,-0.3161330256130028
12,1,1.2491456358904887,0.6052017471858484,5.985291994215939,0.013965801820342254,0.015,13.59375,0.15625,13.59375,13.75,bounded_core_residence,escaped,True,False,1,0,0.0030418872564995734,0.018338463322066074,0.008630834570831357,-0.7802110957821433,-0.5397504572811362,-0.3161330256130028
12,2,1.2491456358904887,0.6052017471858484,2.747822629763781,0.014880829775718982,0.015,8.515625,0.234375,8.515625,8.75,bounded_core_residence,escaped,True,False,1,0,0.02100571090057958,-0.0021781103914829594,-0.0006745661551774704,-0.7802110957821433,-0.5397504572811362,-0.3161330256130028
12,3,1.2491456358904887,0.6052017471858484,0.3211602041660334,0.0036452766202118465,0.015,29.21875,0.15625,29.21875,29.375,bounded_core_residence,escaped,True,False,1,0,0.010034467668679556,0.011147767261086267,0.0036503130464031405,-0.7802110957821433,-0.5397504572811362,-0.3161330256130028
12,4,1.2491456358904887,0.6052017471858484,1.8196413030545266,0.013445852364085596,0.015,15.625,0.15625,15.625,15.78125,bounded_core_residence,escaped,True,False,1,0,0.016975203177429107,0.007716754316471574,-0.0076213598327991424,-0.7802110957821433,-0.5397504572811362,-0.3161330256130028
12,5,1.2491456358904887,0.6052017471858484,0.46557724818389745,0.006470630281465159,0.015,21.5625,0.15625,21.5625,21.71875,bounded_core_residence,escaped,True,False,1,0,0.009168905380427209,0.013373698195335862,0.001986058142214657,-0.7802110957821433,-0.5397504572811362,-0.3161330256130028
12,6,1.2491456358904887,0.6052017471858484,2.9443180633503836,0.009391358583246513,0.015,14.0625,0.15625,14.0625,14.21875,bounded_core_residence,escaped,True,False,1,0,0.017421090185049042,0.0008537808470318441,0.0029957121137965596,-0.7802110957821433,-0.5397504572811362,-0.3161330256130028
12,7,1.2491456358904887,0.6052017471858484,1.781908021008054,0.013367051507812991,0.015,15.78125,0.15625,15.78125,15.9375,bounded_core_residence,escaped,True,False,1,0,0.016694810626206112,0.008143509594422182,-0.007657977255985742,-0.7802110957821433,-0.5397504572811362,-0.3161330256130028
12,8,1.2491456358904887,0.6052017471858484,4.00480958644518,0.009686509231187272,0.015,21.25,0.15625,21.25,21.40625,bounded_core_residence,escaped,True,False,1,0,0.013371469937512561,0.001594394444670042,0.011725619776833944,-0.7802110957821433,-0.5397504572811362,-0.3161330256130028
12,9,1.2491456358904887,0.6052017471858484,4.839928598336958,0.010998740557868663,0.015,16.40625,0.15625,16.40625,16.5625,bounded_core_residence,escaped,True,False,1,0,0.008070981180365255,0.007284623923103627,0.015091912103654764,-0.7802110957821433,-0.5397504572811362,-0.3161330256130028
12,10,1.2491456358904887,0.6052017471858484,1.1254242971210953,0.005232930877739979,0.015,30.46875,0.15625,30.46875,30.625,bounded_core_residence,escaped,True,False,1,0,0.011648387733312105,0.01079954295411502,0.0002617265134700524,-0.7802110957821433,-0.5397504572811362,-0.3161330256130028
12,11,1.2491456358904887,0.6052017471858484,2.000396917012369,0.012434395390769615,0.015,16.875,0.15625,16.875,17.03125,bounded_core_residence,escaped,True,False,1,0,0.017588646047389876,0.005870289323006977,-0.005982760417885661,-0.7802110957821433,-0.5397504572811362,-0.3161330256130028
12,12,1.2491456358904887,0.6052017471858484,4.736241652364336,0.0031203405180850992,0.015,33.90625,0.15625,33.90625,34.0625,bounded_core_residence,escaped,True,False,1,0,0.010849818809675126,0.007596404852891328,0.007701466747119828,-0.7802110957821433,-0.5397504572811362,-0.3161330256130028
12,13,1.2491456358904887,0.6052017471858484,2.8715791217548903,0.006827482033197756,0.015,15.9375,0.15625,15.9375,16.09375,bounded_core_residence,escaped,True,False,1,0,0.01592025247050321,0.0030124170105553126,0.0030142023727002237,-0.7802110957821433,-0.5397504572811362,-0.3161330256130028
12,14,1.2491456358904887,0.6052017471858484,1.9739693633789406,0.012237787606779309,0.015,17.65625,0.15625,17.65625,17.8125,bounded_core_residence,escaped,True,False,1,0,0.017361320884507654,0.006172250966322174,-0.005937280578053772,-0.7802110957821433,-0.5397504572811362,-0.3161330256130028
12,15,1.2491456358904887,0.6052017471858484,0.7158116122499393,0.012846683057349328,0.015,10.3125,0.15625,10.3125,10.46875,bounded_core_residence,escaped,True,False,1,0,0.008379965407164121,0.017584416623595042,-0.0032560309210069313,-0.7802110957821433,-0.5397504572811362,-0.3161330256130028
12,16,1.2491456358904887,0.6052017471858484,1.1858577789915894,0.014717315016007513,0.015,14.6875,0.15625,14.6875,14.84375,bounded_core_residence,escaped,True,False,1,0,0.012105315131710625,0.015094391820271153,-0.008198782983986661,-0.7802110957821433,-0.5397504572811362,-0.3161330256130028
12,17,1.2491456358904887,0.6052017471858484,0.7525902490182143,0.0016400107251503084,0.015,34.6875,0.15625,34.6875,34.84375,bounded_core_residence,escaped,True,False,1,0,0.011313556944042793,0.009282338104011389,0.003678486614808783,-0.7802110957821433,-0.5397504572811362,-0.3161330256130028
12,18,1.2491456358904887,0.6052017471858484,4.699143328678612,0.013248292320392286,0.015,13.4375,0.15625,13.4375,13.59375,bounded_core_residence,escaped,True,False,1,0,0.008358961105319248,0.005569358517350839,0.01730974478008087,-0.7802110957821433,-0.5397504572811362,-0.3161330256130028
12,19,1.2491456358904887,0.6052017471858484,1.9642433856158859,0.008853848482320787,0.015,24.375,0.15625,24.375,24.53125,bounded_core_residence,escaped,True,False,1,0,0.015760279910181894,0.006775549402146194,-0.00301598083543106,-0.7802110957821433,-0.5397504572811362,-0.3161330256130028
12,20,1.2491456358904887,0.6052017471858484,3.4563163616459742,0.010352804350798826,0.015,23.125,0.15625,23.125,23.28125,bounded_core_residence,escaped,True,False,1,0,0.01647067840883669,-0.0005759628450937634,0.0077823889314060585,-0.7802110957821433,-0.5397504572811362,-0.3161330256130028
12,21,1.2491456358904887,0.6052017471858484,2.2262527822858527,0.010657788356449196,0.015,11.875,0.15625,11.875,12.03125,bounded_core_residence,escaped,True,False,1,0,0.01759565471679198,0.004273549576589777,-0.003273860374959441,-0.7802110957821433,-0.5397504572811362,-0.3161330256130028
12,22,1.2491456358904887,0.6052017471858484,0.4007642779727963,0.006633677028974925,0.015,20.3125,0.15625,20.3125,20.46875,bounded_core_residence,escaped,True,False,1,0,0.00890095221769482,0.01358489549132971,0.002286773935637909,-0.7802110957821433,-0.5397504572811362,-0.3161330256130028
12,23,1.2491456358904887,0.6052017471858484,5.1843896203067095,0.012134095546425165,0.015,17.03125,0.15625,17.03125,17.1875,bounded_core_residence,escaped,True,False,1,0,0.005754653522501431,0.010689587836602964,0.01499509751383054,-0.7802110957821433,-0.5397504572811362,-0.3161330256130028
12,24,1.2491456358904887,0.6052017471858484,2.3355190171374485,0.010925380237079525,0.015,10.3125,0.15625,10.3125,10.46875,bounded_core_residence,escaped,True,False,1,0,0.018056138584331187,0.0032935802539289186,-0.0027371740644547777,-0.7802110957821433,-0.5397504572811362,-0.3161330256130028
12,25,1.2491456358904887,0.6052017471858484,2.154766334055505,0.011468946085985483,0.015,12.96875,0.15625,12.96875,13.125,bounded_core_residence,escaped,True,False,1,0,0.01778827226672354,0.004616988903834289,-0.004335609247848219,-0.7802110957821433,-0.5397504572811362,-0.3161330256130028
12,26,1.2491456358904887,0.6052017471858484,0.02605889647691635,0.011417484440894543,0.015,13.125,0.15625,13.125,13.28125,bounded_core_residence,escaped,True,False,1,0,0.0052869886694753825,0.017536169805779336,0.004459758996827167,-0.7802110957821433,-0.5397504572811362,-0.3161330256130028
12,27,1.2491456358904887,0.6052017471858484,5.1096659087684815,0.012435513570479466,0.015,16.40625,0.15625,16.40625,16.5625,bounded_core_residence,escaped,True,False,1,0,0.005984583860724776,0.009990677699480383,0.015620919079255127,-0.7802110957821433,-0.5397504572811362,-0.3161330256130028
12,28,1.2491456358904887,0.6052017471858484,5.556155290238317,0.010333370365493219,0.015,20.625,0.15625,20.625,20.78125,bounded_core_residence,escaped,True,False,1,0,0.0055251059612770595,0.013210299233046199,0.011257874639579762,-0.7802110957821433,-0.5397504572811362,-0.3161330256130028
12,29,1.2491456358904887,0.6052017471858484,1.100939163900453,0.006675431089880381,0.015,28.4375,0.15625,28.4375,28.59375,bounded_core_residence,escaped,True,False,1,0,0.011531093111939849,0.011652322951925104,-0.0009047882092259518,-0.7802110957821433,-0.5397504572811362,-0.3161330256130028
13,0,1.1558731785375487,1.941428529675906,4.911426780306837,0.014954153000023371,0.015,14.0625,0.15625,14.0625,14.21875,bounded_core_residence,escaped,True,False,1,0,-0.005587740515422915,0.006216087699057093,0.019461862747384703,0.3314707275031213,-0.8530074701723571,-0.40311960091107835
13,1,1.1558731785375487,1.941428529675906,4.997003924564032,0.01271781507407804,0.015,16.25,0.15625,16.25,16.40625,bounded_core_residence,escaped,True,False,1,0,-0.006518346703702421,0.0069152395010047205,0.01721724249560662,0.3314707275031213,-0.8530074701723571,-0.40311960091107835
13,2,1.1558731785375487,1.941428529675906,4.446378322463376,0.012840035842093091,0.015,13.125,0.15625,13.125,13.28125,bounded_core_residence,escaped,True,False,1,0,-1.6956412905578047e-05,0.00936280193435923,0.017384020617919656,0.3314707275031213,-0.8530074701723571,-0.40311960091107835
13,3,1.1558731785375487,1.941428529675906,4.865243268889454,0.004268037372981072,0.015,29.53125,0.15625,29.53125,29.6875,bounded_core_residence,escaped,True,False,1,0,-0.004961867456353366,0.010974728447867553,0.009907136309666442,0.3314707275031213,-0.8530074701723571,-0.40311960091107835
13,4,1.1558731785375487,1.941428529675906,1.311015519609085,0.011838507990987044,0.015,20.15625,0.15625,20.15625,20.3125,bounded_core_residence,escaped,True,False,1,0,-0.009477081646335903,0.01599269789882927,-0.004423664638976276,0.3314707275031213,-0.8530074701723571,-0.40311960091107835
13,5,1.1558731785375487,1.941428529675906,4.317052335819048,0.008714951841833872,0.015,19.375,0.15625,19.375,19.53125,bounded_core_residence,escaped,True,False,1,0,-0.0006693300028927313,0.010988739834478057,0.013407086924565919,0.3314707275031213,-0.8530074701723571,-0.40311960091107835
13,6,1.1558731785375487,1.941428529675906,0.939983798057387,0.012391399199256555,0.015,16.875,0.15625,16.875,17.03125,bounded_core_residence,escaped,True,False,1,0,-0.013245357140794306,0.013907925604083816,-0.0031107705989698352,0.3314707275031213,-0.8530074701723571,-0.40311960091107835
13,7,1.1558731785375487,1.941428529675906,3.3524173471056113,0.002480938778962517,0.015,34.53125,0.15625,34.53125,34.6875,bounded_core_residence,escaped,True,False,1,0,-0.002634976851869235,0.013478744207078387,0.006521917571943407,0.3314707275031213,-0.8530074701723571,-0.40311960091107835
13,8,1.1558731785375487,1.941428529675906,4.466081803602115,0.012002166532700283,0.015,14.0625,0.15625,14.0625,14.21875,bounded_core_residence,escaped,True,False,1,0,-0.0005447813910977057,0.00948140247162797,0.016699048532344336,0.3314707275031213,-0.8530074701723571,-0.40311960091107835
13,9,1.1558731785375487,1.941428529675906,4.279991274562343,0.00856110889040776,0.015,19.84375,0.15625,19.84375,20.0,bounded_core_residence,escaped,True,False,1,0,-0.0004931589508407356,0.011173781745429831,0.013160394416130679,0.3314707275031213,-0.8530074701723571,-0.40311960091107835
13,10,1.1558731785375487,1.941428529675906,2.179725626276372,0.008206360771362362,0.015,13.28125,0.15625,13.28125,13.4375,bounded_core_residence,escaped,True,False,1,0,-0.0015796925046030843,0.017024572581657037,-0.00011338920824898596,0.3314707275031213,-0.8530074701723571,-0.40311960091107835
13,11,1.1558731785375487,1.941428529675906,4.840875896037291,0.010690868385023332,0.015,17.65625,0.15625,17.65625,17.8125,bounded_core_residence,escaped,True,False,1,0,-0.004700779678070123,0.008314991352129047,0.015749865271111163,0.3314707275031213,-0.8530074701723571,-0.40311960091107835
13,12,1.1558731785375487,1.941428529675906,3.8780794326404266,0.013293378459829995,0.015,13.90625,0.15625,13.90625,14.0625,bounded_core_residence,escaped,True,False,1,0,0.005511149028997628,0.013007112660347419,0.014218163295499197,0.3314707275031213,-0.8530074701723571,-0.40311960091107835
13,13,1.1558731785375487,1.941428529675906,5.886731731361266,0.014335073849796941,0.015,13.28125,0.15625,13.28125,13.4375,bounded_core_residence,escaped,True,False,1,0,-0.01648913286887579,0.005925667552081429,0.011112574120063338,0.3314707275031213,-0.8530074701723571,-0.40311960091107835
13,14,1.1558731785375487,1.941428529675906,4.163758667086129,0.010161439780169156,0.015,17.34375,0.15625,17.34375,17.5,bounded_core_residence,escaped,True,False,1,0,0.0012334311902891136,0.011456792428618546,0.013981252202588116,0.3314707275031213,-0.8530074701723571,-0.40311960091107835
13,15,1.1558731785375487,1.941428529675906,5.410073342997378,0.014430952859481792,0.015,13.75,0.15625,13.75,13.90625,bounded_core_residence,escaped,True,False,1,0,-0.011998901502539516,0.005281727866322582,0.016167316224749616,0.3314707275031213,-0.8530074701723571,-0.40311960091107835
13,16,1.1558731785375487,1.941428529675906,4.153861427464477,0.0119671212098758,0.015,14.6875,0.15625,14.6875,14.84375,bounded_core_residence,escaped,True,False,1,0,0.002420961718312812,0.011278863840483367,0.01533421549601283,0.3314707275031213,-0.8530074701723571,-0.40311960091107835
13,17,1.1558731785375487,1.941428529675906,3.282567225400331,0.002998649366092853,0.015,34.53125,0.15625,34.53125,34.6875,bounded_core_residence,escaped,True,False,1,0,-0.002143232450742048,0.013712147066943436,0.006432377126488297,0.3314707275031213,-0.8530074701723571,-0.40311960091107835
13,18,1.1558731785375487,1.941428529675906,5.244794420861552,0.01340629174769947,0.015,15.3125,0.15625,15.3125,15.46875,bounded_core_residence,escaped,True,False,1,0,-0.00962857411841882,0.005990114949533521,0.016617392748621104,0.3314707275031213,-0.8530074701723571,-0.40311960091107835
13,19,1.1558731785375487,1.941428529675906,1.8844951339178877,0.011989747013520452,0.015,15.9375,0.15625,15.9375,16.09375,bounded_core_residence,escaped,True,False,1,0,-0.003188708399720918,0.018420450129288626,-0.004390124055668879,0.3314707275031213,-0.8530074701723571,-0.40311960091107835
13,20,1.1558731785375487,1.941428529675906,2.115405654827487,0.013700753174477422,0.015,9.921875,0.234375,9.921875,10.15625,bounded_core_residence,escaped,True,False,1,0,-6.69577617981509e-05,0.01976934685035287,-0.004677507810419032,0.3314707275031213,-0.8530074701723571,-0.40311960091107835
13,21,1.1558731785375487,1.941428529675906,0.6265026526110835,0.012269663044213093,0.015,12.03125,0.15625,12.03125,12.1875,bounded_core_residence,escaped,True,False,1,0,-0.015286996790770089,0.011898081367236333,-0.0005366750563768471,0.3314707275031213,-0.8530074701723571,-0.40311960091107835
13,22,1.1558731785375487,1.941428529675906,5.459114119949884,0.00758608798226874,0.015,24.53125,0.15625,24.53125,24.6875,bounded_core_residence,escaped,True,False,1,0,-0.008962017074840505,0.008836760224093285,0.011141932039232347,0.3314707275031213,-0.8530074701723571,-0.40311960091107835
13,23,1.1558731785375487,1.941428529675906,5.52734454791415,0.010867600051811406,0.015,18.4375,0.15625,18.4375,18.59375,bounded_core_residence,escaped,True,False,1,0,-0.011254989281953724,0.007129832960035008,0.012868388753501214,0.3314707275031213,-0.8530074701723571,-0.40311960091107835
13,24,1.1558731785375487,1.941428529675906,1.8724654470095106,0.014617873084082397,0.015,13.28125,0.15625,13.28125,13.4375,bounded_core_residence,escaped,True,False,1,0,-0.002961787042736062,0.019612820925600377,-0.006726610316954109,0.3314707275031213,-0.8530074701723571,-0.40311960091107835
13,25,1.1558731785375487,1.941428529675906,4.392385876521927,0.007714768077252033,0.015,21.71875,0.15625,21.71875,21.875,bounded_core_residence,escaped,True,False,1,0,-0.0016407526717647477,0.010922478635893192,0.012748530801795974,0.3314707275031213,-0.8530074701723571,-0.40311960091107835
13,26,1.1558731785375487,1.941428529675906,4.337310009750252,0.0030338627051215853,0.015,32.03125,0.15625,32.03125,32.1875,bounded_core_residence,escaped,True,False,1,0,-0.003523902690108654,0.012136968686422025,0.008630204160330385,0.3314707275031213,-0.8530074701723571,-0.40311960091107835
13,27,1.1558731785375487,1.941428529675906,4.104073762729029,0.01352217273343291,0.015,12.8125,0.15625,12.8125,12.96875,bounded_core_residence,escaped,True,False,1,0,0.0038511579066831557,0.011424669580399404,0.016201687047628244,0.3314707275031213,-0.8530074701723571,-0.40311960091107835
13,28,1.1558731785375487,1.941428529675906,4.647003462154143,0.011715597590543931,0.015,15.3125,0.15625,15.3125,15.46875,bounded_core_residence,escaped,True,False,1,0,-0.002551593064708573,0.008679678085798373,0.01674538109636808,0.3314707275031213,-0.8530074701723571,-0.40311960091107835
13,29,1.1558731785375487,1.941428529675906,4.0709479386839975,0.009680093649625032,0.015,18.90625,0.15625,18.90625,19.0625,bounded_core_residence,escaped,True,False,1,0,0.001559209578971898,0.011978730889732399,0.01314469797392561,0.3314707275031213,-0.8530074701723571,-0.40311960091107835
14,0,0.6105062003954896,1.7281119786822412,5.688086245750666,0.009813742848739957,0.014999999999999998,20.625,0.15625,20.625,20.78125,bounded_core_residence,escaped,True,False,1,0,-0.008667350058813368,0.0027678279113529432,0.015444277914888676,0.08981474609384868,-0.5662030542710105,-0.8193579271101712
14,1,0.6105062003954896,1.7281119786822412,2.532009505511431,0.003239032513641331,0.014999999999999998,31.40625,0.15625,31.40625,31.5625,bounded_core_residence,escaped,True,False,1,0,0.0010375779716480782,0.010409776972467496,0.011227257321388056,0.08981474609384868,-0.5662030542710105,-0.8193579271101712
14,2,0.6105062003954896,1.7281119786822412,6.080880300709652,0.012696007433705987,0.014999999999999998,11.875,0.15625,11.875,12.03125,bounded_core_residence,escaped,True,False,1,0,-0.013303264670098227,0.004480201434473031,0.013752801495716418,0.08981474609384868,-0.5662030542710105,-0.8193579271101712
14,3,0.6105062003954896,1.7281119786822412,0.9894484663151735,0.004744860094953631,0.014999999999999998,27.34375,0.15625,27.34375,27.5,bounded_core_residence,escaped,True,False,1,0,-0.004429713653951825,0.011293777914242764,0.010017081146144243,0.08981474609384868,-0.5662030542710105,-0.8193579271101712
14,4,0.6105062003954896,1.7281119786822412,3.732188666725075,0.010904912022409056,0.014999999999999998,16.40625,0.15625,16.40625,16.5625,bounded_core_residence,escaped,True,False,1,0,0.008378149292059394,0.004998012751402811,0.015771607058041395,0.08981474609384868,-0.5662030542710105,-0.8193579271101712
14,5,0.6105062003954896,1.7281119786822412,3.285120009547825,0.007265576222071777,0.014999999999999998,30.78125,0.15625,30.78125,30.9375,bounded_core_residence,escaped,True,False,1,0,0.00588825332732273,0.008778633439234492,0.012886142383644593,0.08981474609384868,-0.5662030542710105,-0.8193579271101712
14,6,0.6105062003954896,1.7281119786822412,4.417261662845278,0.0017028681639882897,0.014999999999999998,38.28125,0.15625,38.28125,38.4375,two_core_entries,escaped,True,True,2,1,-0.0006488973957504355,0.007252193012145936,0.013224386135783195,0.08981474609384868,-0.5662030542710105,-0.8193579271101712
14,7,0.6105062003954896,1.7281119786822412,0.5499202198389164,0.004158400234598212,0.014999999999999998,30.9375,0.15625,30.9375,31.09375,bounded_core_residence,escaped,True,False,1,0,-0.005127727548019978,0.009696299251202509,0.011044477513015866,0.08981474609384868,-0.5662030542710105,-0.8193579271101712
14,8,0.6105062003954896,1.7281119786822412,3.0718763570038305,0.011517362811520035,0.014999999999999998,15.3125,0.15625,15.3125,15.46875,bounded_core_residence,escaped,True,False,1,0,0.009897297372269647,0.010942311179672842,0.011830425896993553,0.08981474609384868,-0.5662030542710105,-0.8193579271101712
14,9,0.6105062003954896,1.7281119786822412,1.5211470194499692,0.006781776338663391,0.014999999999999998,19.6875,0.15625,19.6875,19.84375,bounded_core_residence,escaped,True,False,1,0,-0.002549119465310687,0.0139216377079477,0.008407287540454262,0.08981474609384868,-0.5662030542710105,-0.8193579271101712
14,10,0.6105062003954896,1.7281119786822412,1.7130382452275812,0.013048602772915965,0.014999999999999998,14.21875,0.15625,14.21875,14.375,bounded_core_residence,escaped,True,False,1,0,-0.001178349125018079,0.019235658211952236,0.00488538440840368,0.08981474609384868,-0.5662030542710105,-0.8193579271101712
14,11,0.6105062003954896,1.7281119786822412,5.389553274777691,0.008683892551049798,0.014999999999999998,28.75,0.15625,28.75,28.90625,bounded_core_residence,escaped,True,False,1,0,-0.005852468502509101,0.0021637995778300305,0.01617023727878783,0.08981474609384868,-0.5662030542710105,-0.8193579271101712
14,12,0.6105062003954896,1.7281119786822412,3.6027777569793664,0.014755310559170483,0.014999999999999998,10.625,0.15625,10.625,10.78125,bounded_core_residence,escaped,True,False,1,0,0.012546257175137588,0.005249536245653047,0.016054687471216977,0.08981474609384868,-0.5662030542710105,-0.8193579271101712
14,13,0.6105062003954896,1.7281119786822412,5.376289326610546,0.014006328845012718,0.014999999999999998,14.6875,0.15625,14.6875,14.84375,bounded_core_residence,escaped,True,False,1,0,-0.008455198414766699,-0.0017860699470601416,0.01861442509522576,0.08981474609384868,-0.5662030542710105,-0.8193579271101712
14,14,0.6105062003954896,1.7281119786822412,3.906214560888976,0.012444979776848532,0.014999999999999998,12.96875,0.15625,12.96875,13.125,bounded_core_residence,escaped,True,False,1,0,0.00862863229805384,0.0029282775797543383,0.017229318521841168,0.08981474609384868,-0.5662030542710105,-0.8193579271101712
14,15,0.6105062003954896,1.7281119786822412,4.209961480224584,0.006413434885613539,0.014999999999999998,27.96875,0.15625,27.96875,28.125,bounded_core_residence,escaped,True,False,1,0,0.0024245883873134045,0.00442829382641421,0.015512695831835661,0.08981474609384868,-0.5662030542710105,-0.8193579271101712
14,16,0.6105062003954896,1.7281119786822412,1.5181570918899698,0.014354596872951576,0.014999999999999998,14.84375,0.15625,14.84375,15.0,bounded_core_residence,escaped,True,False,1,0,-0.0039332624268485035,0.01997494399385261,0.004072531216448126,0.08981474609384868,-0.5662030542710105,-0.8193579271101712
14,17,0.6105062003954896,1.7281119786822412,3.7845226654946478,0.00851589634179819,0.014999999999999998,25.3125,0.15625,25.3125,25.46875,bounded_core_residence,escaped,True,False,1,0,0.006039644783256258,0.005429141503466201,0.015217345495574384,0.08981474609384868,-0.5662030542710105,-0.8193579271101712
14,18,0.6105062003954896,1.7281119786822412,2.0031740191311815,0.007714893523827159,0.014999999999999998,16.71875,0.15625,16.71875,16.875,bounded_core_residence,escaped,True,False,1,0,0.0009464393264477214,0.014668168483578402,0.008274579628156382,0.08981474609384868,-0.5662030542710105,-0.8193579271101712
14,19,0.6105062003954896,1.7281119786822412,3.8926936089252084,0.013813797218486407,0.014999999999999998,10.9375,0.15625,10.9375,11.09375,bounded_core_residence,escaped,True,False,1,0,0.00983525566256502,0.0024461027239103253,0.017694782313143156,0.08981474609384868,-0.5662030542710105,-0.8193579271101712
14,20,0.6105062003954896,1.7281119786822412,3.196378563738353,0.008661023965121369,0.014999999999999998,22.96875,0.15625,22.96875,23.125,bounded_core_residence,escaped,True,False,1,0,0.007254896740657824,0.009464117567450338,0.012562256488237973,0.08981474609384868,-0.5662030542710105,-0.8193579271101712
14,21,0.6105062003954896,1.7281119786822412,4.104726477771121,0.01021385416041262,0.014999999999999998,17.34375,0.15625,17.34375,17.5,bounded_core_residence,escaped,True,False,1,0,0.005488776043765674,0.002620851498498435,0.017097581459796608,0.08981474609384868,-0.5662030542710105,-0.8193579271101712
14,22,0.6105062003954896,1.7281119786822412,0.765870296441549,0.0017822309838939141,0.014999999999999998,34.0625,0.15625,34.0625,34.21875,bounded_core_residence,escaped,True,False,1,0,-0.0027745352718990535,0.009291509755670712,0.011582147804497034,0.08981474609384868,-0.5662030542710105,-0.8193579271101712
14,23,0.6105062003954896,1.7281119786822412,3.698602119916854,0.014470762974183036,0.014999999999999998,10.78125,0.15625,10.78125,10.9375,bounded_core_residence,escaped,True,False,1,0,0.011766458993636035,0.004226788350721505,0.016675961262975915,0.08981474609384868,-0.5662030542710105,-0.8193579271101712
14,24,0.6105062003954896,1.7281119786822412,6.016080696585945,0.009691426402331336,0.014999999999999998,17.5,0.15625,17.5,17.65625,bounded_core_residence,escaped,True,False,1,0,-0.010251193169677458,0.0049585566720227285,0.013756798320834032,0.08981474609384868,-0.5662030542710105,-0.8193579271101712
14,25,0.6105062003954896,1.7281119786822412,2.4578646864190907,0.011586910693227596,0.014999999999999998,11.71875,0.15625,11.71875,11.875,bounded_core_residence,escaped,True,False,1,0,0.006584744167525484,0.015823378089786004,0.008094340583935869,0.08981474609384868,-0.5662030542710105,-0.8193579271101712
14,26,0.6105062003954896,1.7281119786822412,4.402612887699856,0.00300194232877519,0.014999999999999998,39.0625,0.15625,39.0625,39.21875,bounded_core_residence,escaped,True,False,1,0,-7.638560913723869e-05,0.006322754736341012,0.013929414758994226,0.08981474609384868,-0.5662030542710105,-0.8193579271101712
14,27,0.6105062003954896,1.7281119786822412,4.24397402501649,0.011242252095391697,0.014999999999999998,14.84375,0.15625,14.84375,15.0,bounded_core_residence,escaped,True,False,1,0,0.004953355908842075,0.0011704991982179596,0.018041131589887852,0.08981474609384868,-0.5662030542710105,-0.8193579271101712
14,28,0.6105062003954896,1.7281119786822412,0.5904896108733471,0.003511320527991487,0.014999999999999998,31.875,0.15625,31.875,32.03125,bounded_core_residence,escaped,True,False,1,0,-0.00447890158350524,0.009618143134903943,0.01116960765166211,0.08981474609384868,-0.5662030542710105,-0.8193579271101712
14,29,0.6105062003954896,1.7281119786822412,0.025467602229432465,0.01170743740254096,0.014999999999999998,12.65625,0.15625,12.65625,12.8125,bounded_core_residence,escaped,True,False,1,0,-0.012944608165072695,0.006900721993281719,0.012119457329376852,0.08981474609384868,-0.5662030542710105,-0.8193579271101712
15,0,2.1718373951695273,3.071019874490625,4.045892816179594,0.008779561092907541,0.014999999999999998,24.6875,0.15625,24.6875,24.84375,bounded_core_residence,escaped,True,False,1,0,-0.01585030070140782,0.006561844336804896,-0.0027912111275552303,0.8226943544966112,-0.05815640868265746,0.5655013980606413
15,1,2.1718373951695273,3.071019874490625,1.5290324636381767,0.01452355033307509,0.014999999999999998,16.40625,0.15625,16.40625,16.5625,bounded_core_residence,escaped,True,False,1,0,-0.0041976740115361,-0.00031116213175573656,-0.02045033557910484,0.8226943544966112,-0.05815640868265746,0.5655013980606413
15,2,2.1718373951695273,3.071019874490625,4.510222552840561,0.011982655180131339,0.014999999999999998,21.71875,0.15625,21.71875,21.875,bounded_core_residence,escaped,True,False,1,0,-0.018792435705013218,0.003740467235056486,0.0011988704276700186,0.8226943544966112,-0.05815640868265746,0.5655013980606413
15,3,2.1718373951695273,3.071019874490625,2.9183400602011624,0.011877331318940877,0.014999999999999998,14.53125,0.15625,14.53125,14.6875,bounded_core_residence,escaped,True,False,1,0,-0.010040297911401652,0.012321219352824065,-0.010651336571989035,0.8226943544966112,-0.05815640868265746,0.5655013980606413
15,4,2.1718373951695273,3.071019874490625,2.617233014057533,0.013701148318564492,0.014999999999999998,13.28125,0.15625,13.28125,13.4375,bounded_core_residence,escaped,True,False,1,0,-0.0076346361845613135,0.012429617188094719,-0.014139957996193272,0.8226943544966112,-0.05815640868265746,0.5655013980606413
15,5,2.1718373951695273,3.071019874490625,5.020226174406516,0.008536627713520883,0.014999999999999998,19.21875,0.15625,19.21875,19.375,bounded_core_residence,escaped,True,False,1,0,-0.01711189513383349,-0.0013833947085704367,-0.0017729288559436701,0.8226943544966112,-0.05815640868265746,0.5655013980606413
15,6,2.1718373951695273,3.071019874490625,2.248123909130791,0.011204854043763054,0.014999999999999998,18.4375,0.15625,18.4375,18.59375,bounded_core_residence,escaped,True,False,1,0,-0.006919928303878482,0.007528919719731651,-0.015683708562232678,0.8226943544966112,-0.05815640868265746,0.5655013980606413
15,7,2.1718373951695273,3.071019874490625,5.647762056729069,0.00791327645101905,0.014999999999999998,21.25,0.15625,21.25,21.40625,bounded_core_residence,escaped,True,False,1,0,-0.015438868147114987,-0.005293284149959941,-0.004608951880203757,0.8226943544966112,-0.05815640868265746,0.5655013980606413
15,8,2.1718373951695273,3.071019874490625,3.3463679859167184,0.012239856672396873,0.014999999999999998,12.65625,0.15625,12.65625,12.8125,bounded_core_residence,escaped,True,False,1,0,-0.01289935987818886,0.01292588925965802,-0.0064297739416597785,0.8226943544966112,-0.05815640868265746,0.5655013980606413
15,9,2.1718373951695273,3.071019874490625,5.849197888419225,0.011331373405267475,0.014999999999999998,15.9375,0.15625,15.9375,16.09375,bounded_core_residence,escaped,True,False,1,0,-0.015753131889494083,-0.00919297675081951,-0.0045528054406815495,0.8226943544966112,-0.05815640868265746,0.5655013980606413
15,10,2.1718373951695273,3.071019874490625,5.28005761605775,0.01219031162561999,0.014999999999999998,12.5,0.15625,12.5,12.65625,bounded_core_residence,escaped,True,False,1,0,-0.018600538629004053,-0.005255818695724851,-5.484370796234039e-06,0.8226943544966112,-0.05815640868265746,0.5655013980606413
15,11,2.1718373951695273,3.071019874490625,2.1333185849502536,0.006230566624187667,0.014999999999999998,27.8125,0.15625,27.8125,27.96875,bounded_core_residence,escaped,True,False,1,0,-0.009133039482411755,0.0039768033943005324,-0.012829364171081475,0.8226943544966112,-0.05815640868265746,0.5655013980606413
15,12,2.1718373951695273,3.071019874490625,1.4642533195770497,0.014952923750655954,0.014999999999999998,15.15625,0.15625,15.15625,15.3125,bounded_core_residence,escaped,True,False,1,0,-0.004065518990397362,-0.001306692912520638,-0.020744976203023655,0.8226943544966112,-0.05815640868265746,0.5655013980606413
15,13,2.1718373951695273,3.071019874490625,3.832749199216726,0.013393207835297615,0.014999999999999998,11.5625,0.15625,11.5625,11.71875,bounded_core_residence,escaped,True,False,1,0,-0.016428527296100594,0.01150667876999259,-0.0014414751766703886,0.8226943544966112,-0.05815640868265746,0.5655013980606413
15,14,2.1718373951695273,3.071019874490625,1.6411930199561868,0.007517088346348262,0.014999999999999998,24.84375,0.15625,24.84375,25.0,bounded_core_residence,escaped,True,False,1,0,-0.008073291668692254,0.001100763044801399,-0.01466686399876363,0.8226943544966112,-0.05815640868265746,0.5655013980606413
15,15,2.1718373951695273,3.071019874490625,1.5685367598757582,0.002320639551039458,0.014999999999999998,32.8125,0.15625,32.8125,32.96875,bounded_core_residence,escaped,True,False,1,0,-0.011031730171800338,0.0007745782259533492,-0.010396457373274689,0.8226943544966112,-0.05815640868265746,0.5655013980606413
15,16,2.1718373951695273,3.071019874490625,0.39196248476337875,0.004630038416923484,0.014999999999999998,31.09375,0.15625,31.09375,31.25,bounded_core_residence,escaped,True,False,1,0,-0.011644433073770803,-0.0034664324048959564,-0.009941241397076483,0.8226943544966112,-0.05815640868265746,0.5655013980606413
15,17,2.1718373951695273,3.071019874490625,4.86351989677707,0.011654073882059043,0.014999999999999998,18.59375,0.15625,18.59375,18.75,bounded_core_residence,escaped,True,False,1,0,-0.01896319520990277,-0.0004184605802572284,0.0010195862996245694,0.8226943544966112,-0.05815640868265746,0.5655013980606413
15,18,2.1718373951695273,3.071019874490625,2.2501318937634744,0.007144822653838062,0.014999999999999998,26.5625,0.15625,26.5625,26.71875,bounded_core_residence,escaped,True,False,1,0,-0.008888309359061625,0.005128440289206274,-0.01306696398144806,0.8226943544966112,-0.05815640868265746,0.5655013980606413
15,19,2.1718373951695273,3.071019874490625,3.2263969462050657,0.011431149782715474,0.014999999999999998,13.90625,0.15625,13.90625,14.0625,bounded_core_residence,escaped,True,False,1,0,-0.012083436764541931,0.012272672793038413,-0.007683960165644217,0.8226943544966112,-0.05815640868265746,0.5655013980606413
15,20,2.1718373951695273,3.071019874490625,1.1518850702885939,0.006961362147413395,0.014999999999999998,25.625,0.15625,25.625,25.78125,bounded_core_residence,escaped,True,False,1,0,-0.00895277225816087,-0.002205839223074074,-0.013727443504268851,0.8226943544966112,-0.05815640868265746,0.5655013980606413
15,21,2.1718373951695273,3.071019874490625,2.863460215937167,0.006827903751161793,0.014999999999999998,26.25,0.15625,26.25,26.40625,bounded_core_residence,escaped,True,False,1,0,-0.01081996331231852,0.007346755463500983,-0.01002865134077005,0.8226943544966112,-0.05815640868265746,0.5655013980606413
15,22,2.1718373951695273,3.071019874490625,3.355739477237076,0.009204512689865418,0.014999999999999998,19.6875,0.15625,19.6875,19.84375,bounded_core_residence,escaped,True,False,1,0,-0.012809607829749886,0.009922221827000857,-0.006869244144859876,0.8226943544966112,-0.05815640868265746,0.5655013980606413
15,23,2.1718373951695273,3.071019874490625,0.6213545035799473,0.007001118112070958,0.014999999999999998,26.25,0.15625,26.25,26.40625,bounded_core_residence,escaped,True,False,1,0,-0.010442794441575112,-0.004968546406844715,-0.011843869539690414,0.8226943544966112,-0.05815640868265746,0.5655013980606413
15,24,2.1718373951695273,3.071019874490625,5.162480491313639,0.009353702504772894,0.014999999999999998,16.71875,0.15625,16.71875,16.875,bounded_core_residence,escaped,True,False,1,0,-0.01737823697282491,-0.00285099301508562,-0.0015363818184516986,0.8226943544966112,-0.05815640868265746,0.5655013980606413
15,25,2.1718373951695273,3.071019874490625,6.000276194502657,0.009449765799429232,0.014999999999999998,21.25,0.15625,21.25,21.40625,bounded_core_residence,escaped,True,False,1,0,-0.014468294899540284,-0.008073990821948273,-0.006306915931823889,0.8226943544966112,-0.05815640868265746,0.5655013980606413
15,26,2.1718373951695273,3.071019874490625,6.016695866152902,0.013274993827287734,0.014999999999999998,12.65625,0.15625,12.65625,12.8125,bounded_core_residence,escaped,True,False,1,0,-0.015215476627886602,-0.01176277708237399,-0.005599268471072014,0.8226943544966112,-0.05815640868265746,0.5655013980606413
15,27,2.1718373951695273,3.071019874490625,5.674126899468151,0.009460082915916511,0.014999999999999998,19.21875,0.15625,19.21875,19.375,bounded_core_residence,escaped,True,False,1,0,-0.015940452662937376,-0.00665156639808157,-0.004018930470732271,0.8226943544966112,-0.05815640868265746,0.5655013980606413
15,28,2.1718373951695273,3.071019874490625,5.35892459749852,0.012122417579318446,0.014999999999999998,12.1875,0.15625,12.1875,12.34375,bounded_core_residence,escaped,True,False,1,0,-0.01831343811111477,-0.006026489103642257,-0.000502415765496176,0.8226943544966112,-0.05815640868265746,0.5655013980606413
15,29,2.1718373951695273,3.071019874490625,0.9449303382785865,0.011819875231126653,0.014999999999999998,14.6875,0.15625,14.6875,14.84375,bounded_core_residence,escaped,True,False,1,0,-0.00742493052126044,-0.006416484035422483,-0.01638318008986732,0.8226943544966112,-0.05815640868265746,0.5655013980606413
16,0,1.7932530764785746,0.7084298146330292,2.9475742431586816,0.014655858153449244,0.015,14.53125,0.15625,14.53125,14.6875,bounded_core_residence,escaped,True,False,1,0,0.019993465665499185,-0.0018070999978668425,-0.006065467706141012,-0.7406719695672364,-0.6346093144183323,0.22062649784394703
16,1,1.7932530764785746,0.7084298146330292,4.724353607483931,0.010060950795293344,0.015,23.125,0.15625,23.125,23.28125,bounded_core_residence,escaped,True,False,1,0,0.012717254380436594,0.01105468398179496,0.006502932722335819,-0.7406719695672364,-0.6346093144183323,0.22062649784394703
16,2,1.7932530764785746,0.7084298146330292,0.5146817366705323,0.00850883888092787,0.015,22.1875,0.15625,22.1875,22.34375,bounded_core_residence,escaped,True,False,1,0,0.005589339175024796,0.014542270464490562,-0.007394727609975123,-0.7406719695672364,-0.6346093144183323,0.22062649784394703
16,3,1.7932530764785746,0.7084298146330292,0.8198607139692219,0.012085092653499637,0.015,17.65625,0.15625,17.65625,17.8125,bounded_core_residence,escaped,True,False,1,0,0.004264736771767674,0.014512747787034463,-0.011926509815580154,-0.7406719695672364,-0.6346093144183323,0.22062649784394703
16,4,1.7932530764785746,0.7084298146330292,1.9547574630378095,0.013290866048793827,0.015,14.53125,0.15625,14.53125,14.6875,bounded_core_residence,escaped,True,False,1,0,0.012284814584014073,0.0039694149687621106,-0.015328868052440886,-0.7406719695672364,-0.6346093144183323,0.22062649784394703
16,5,1.7932530764785746,0.7084298146330292,5.670853349453707,0.01095910533985132,0.015,10.625,0.15625,10.625,10.78125,bounded_core_residence,escaped,True,False,1,0,0.00633050061220599,0.017233478067190618,0.0028344286119917107,-0.7406719695672364,-0.6346093144183323,0.22062649784394703
16,6,1.7932530764785746,0.7084298146330292,3.7830069950965215,0.014368952992469024,0.015,7.578125,0.234375,7.578125,7.8125,bounded_core_residence,escaped,True,False,1,0,0.020041411981207055,0.0020103917552279516,0.0050761147435638455,-0.7406719695672364,-0.6346093144183323,0.22062649784394703
16,7,1.7932530764785746,0.7084298146330292,1.911788648882327,0.0030972334037494254,0.015,35.46875,0.15625,35.46875,35.625,bounded_core_residence,escaped,True,False,1,0,0.011294970280252163,0.008313575577380437,-0.006156375739402616,-0.7406719695672364,-0.6346093144183323,0.22062649784394703
16,8,1.7932530764785746,0.7084298146330292,2.1978640179738913,0.009719059765682892,0.015,21.40625,0.15625,21.40625,21.5625,bounded_core_residence,escaped,True,False,1,0,0.013502067713226226,0.0040587277585020015,-0.01098549130347547,-0.7406719695672364,-0.6346093144183323,0.22062649784394703
16,9,1.7932530764785746,0.7084298146330292,0.9416580424270221,0.01207562336477847,0.015,17.1875,0.15625,17.1875,17.34375,bounded_core_residence,escaped,True,False,1,0,0.004850904006016914,0.013513685205635093,-0.012832370090337634,-0.7406719695672364,-0.6346093144183323,0.22062649784394703
16,10,1.7932530764785746,0.7084298146330292,0.39561922162960755,0.004961428618016688,0.015,27.1875,0.15625,27.1875,27.34375,bounded_core_residence,escaped,True,False,1,0,0.007810967672430794,0.012721282057810599,-0.005174315486858349,-0.7406719695672364,-0.6346093144183323,0.22062649784394703
16,11,1.7932530764785746,0.7084298146330292,0.9898526424485896,0.013813372703800047,0.015,14.6875,0.15625,14.6875,14.84375,bounded_core_residence,escaped,True,False,1,0,0.0042429622925835376,0.013618411124410909,-0.01457207654674939,-0.7406719695672364,-0.6346093144183323,0.22062649784394703
16,12,1.7932530764785746,0.7084298146330292,1.1340403830401244,0.013244730259693558,0.015,15.46875,0.15625,15.46875,15.625,bounded_core_residence,escaped,True,False,1,0,0.005454100867503576,0.012050836508592068,-0.015015092501290938,-0.7406719695672364,-0.6346093144183323,0.22062649784394703
16,13,1.7932530764785746,0.7084298146330292,2.846034806882498,0.012397380383673533,0.015,17.34375,0.15625,17.34375,17.5,bounded_core_residence,escaped,True,False,1,0,0.018221590830620103,-5.388078822643125e-06,-0.006831444865294696,-0.7406719695672364,-0.6346093144183323,0.22062649784394703
16,14,1.7932530764785746,0.7084298146330292,4.542942285690039,0.010382426494905929,0.015,22.34375,0.15625,22.34375,22.5,bounded_core_residence,escaped,True,False,1,0,0.013963826507619802,0.009658604000114633,0.006672158418097459,-0.7406719695672364,-0.6346093144183323,0.22062649784394703
16,15,1.7932530764785746,0.7084298146330292,4.433625648440972,0.013534088738688214,0.015,15.78125,0.15625,15.78125,15.9375,bounded_core_residence,escaped,True,False,1,0,0.01571313000965107,0.008558895149216768,0.009381599922785228,-0.7406719695672364,-0.6346093144183323,0.22062649784394703
16,16,1.7932530764785746,0.7084298146330292,4.201642425587142,0.013351288137908177,0.015,15.3125,0.15625,15.3125,15.46875,bounded_core_residence,escaped,True,False,1,0,0.0173078991337531,0.006234993742803205,0.008050985998278795,-0.7406719695672364,-0.6346093144183323,0.22062649784394703
16,17,1.7932530764785746,0.7084298146330292,1.0640403002332248,0.014196221263696388,0.015,14.375,0.15625,14.375,14.53125,bounded_core_residence,escaped,True,False,1,0,0.0045476003952337005,0.012969589895380357,-0.015415633842263621,-0.7406719695672364,-0.6346093144183323,0.22062649784394703
16,18,1.7932530764785746,0.7084298146330292,5.083325512091418,0.011058558735375288,0.015,21.25,0.15625,21.25,21.40625,bounded_core_residence,escaped,True,False,1,0,0.010228661043077047,0.014042687092230144,0.0067430819214433346,-0.7406719695672364,-0.6346093144183323,0.22062649784394703
16,19,1.7932530764785746,0.7084298146330292,2.136389672380924,0.012856755731692121,0.015,15.15625,0.15625,15.15625,15.3125,bounded_core_residence,escaped,True,False,1,0,0.013774522840553697,0.0027287018684690667,-0.01389650584040737,-0.7406719695672364,-0.6346093144183323,0.22062649784394703
16,20,1.7932530764785746,0.7084298146330292,5.606544127482749,0.003995826695287614,0.015,28.90625,0.15625,28.90625,29.0625,bounded_core_residence,escaped,True,False,1,0,0.009502227217747938,0.012244150656953081,-0.0008689554481668303,-0.7406719695672364,-0.6346093144183323,0.22062649784394703
16,21,1.7932530764785746,0.7084298146330292,6.19696317790353,0.011711160612529109,0.015,13.4375,0.15625,13.4375,13.59375,bounded_core_residence,escaped,True,False,1,0,0.003687576569543865,0.01852414649560688,-0.002325738279665088,-0.7406719695672364,-0.6346093144183323,0.22062649784394703
16,22,1.7932530764785746,0.7084298146330292,6.146918038751175,0.011569808453430202,0.015,13.125,0.15625,13.125,13.28125,bounded_core_residence,escaped,True,False,1,0,0.003915381948638033,0.018449243882862388,-0.0017764154908154655,-0.7406719695672364,-0.6346093144183323,0.22062649784394703
16,23,1.7932530764785746,0.7084298146330292,4.484022220920702,0.010980914813505055,0.015,21.09375,0.15625,21.09375,21.25,bounded_core_residence,escaped,True,False,1,0,0.01451951613122111,0.00916673202329563,0.007122862168380853,-0.7406719695672364,-0.6346093144183323,0.22062649784394703
16,24,1.7932530764785746,0.7084298146330292,2.5065656841588853,0.007405243788807113,0.015,28.28125,0.15625,28.28125,28.4375,bounded_core_residence,escaped,True,False,1,0,0.014253001384376325,0.004361388354339406,-0.007593936971773302,-0.7406719695672364,-0.6346093144183323,0.22062649784394703
16,25,1.7932530764785746,0.7084298146330292,1.3500953991047822,0.013731137472317412,0.015,14.21875,0.15625,14.21875,14.375,bounded_core_residence,escaped,True,False,1,0,0.006909574361587826,0.009878518751102234,-0.016377325352739655,-0.7406719695672364,-0.6346093144183323,0.22062649784394703
16,26,1.7932530764785746,0.7084298146330292,6.2686724639015,0.014003377424545356,0.015,12.5,0.15625,12.5,12.65625,bounded_core_residence,escaped,True,False,1,0,0.0020338985820131574,0.020181139044211722,-0.00311118349355105,-0.7406719695672364,-0.6346093144183323,0.22062649784394703
16,27,1.7932530764785746,0.7084298146330292,5.345077511247476,0.009633548553278899,0.015,21.40625,0.15625,21.40625,21.5625,bounded_core_residence,escaped,True,False,1,0,0.00870532251736355,0.014960159389330015,0.004268049747004608,-0.7406719695672364,-0.6346093144183323,0.22062649784394703
16,28,1.7932530764785746,0.7084298146330292,2.952161818597656,0.005659333755520791,0.015,24.375,0.15625,24.375,24.53125,bounded_core_residence,escaped,True,False,1,0,0.014547872371714092,0.0051454340088981955,-0.004348790276935496,-0.7406719695672364,-0.6346093144183323,0.22062649784394703
16,29,1.7932530764785746,0.7084298146330292,3.845263531327015,0.013606357940632849,0.015,8.515625,0.234375,8.515625,8.75,bounded_core_residence,escaped,True,False,1,0,0.019335105155638806,0.0029046759700144063,0.005277266578280189,-0.7406719695672364,-0.6346093144183323,0.22062649784394703
17,0,0.20476325906383325,6.036394251219092,2.7246776917799105,0.009281798908355631,0.015,29.6875,0.15625,29.6875,29.84375,bounded_core_residence,escaped,True,False,1,0,-0.00539895872365634,-0.004499049241848747,0.016179047919912565,-0.1971745805678995,0.049673510333230524,-0.9791091497627052
17,1,0.20476325906383325,6.036394251219092,2.312576155343959,0.014614387709861416,0.015,7.8125,0.234375,7.8125,8.046875,bounded_core_residence,escaped,True,False,1,0,-0.006827223877332365,-0.011506511145886049,0.016111162078277636,-0.1971745805678995,0.049673510333230524,-0.9791091497627052
17,2,0.20476325906383325,6.036394251219092,3.4123604974020147,0.007211177566804818,0.015,33.4375,0.15625,33.4375,33.59375,bounded_core_residence,escaped,True,False,1,0,-0.0038351609325258606,0.0011812999198390454,0.016152311073682448,-0.1971745805678995,0.049673510333230524,-0.9791091497627052
17,3,0.20476325906383325,6.036394251219092,4.5699412036803775,0.013223374006169795,0.015,12.1875,0.15625,12.1875,12.34375,bounded_core_residence,escaped,True,False,1,0,0.0012456493926127322,0.012328179080437313,0.015694648076920947,-0.1971745805678995,0.049673510333230524,-0.9791091497627052
17,4,0.20476325906383325,6.036394251219092,4.806773588269477,0.010494490725607495,0.015,16.875,0.15625,16.875,17.03125,bounded_core_residence,escaped,True,False,1,0,0.0040296577084558555,0.009689780228334095,0.015000145114935711,-0.1971745805678995,0.049673510333230524,-0.9791091497627052
17,5,0.20476325906383325,6.036394251219092,4.91946452985249,0.014477396679780048,0.015,13.28125,0.15625,13.28125,13.4375,bounded_core_residence,escaped,True,False,1,0,0.006014513027872334,0.013405513769227472,0.014788943445842,-0.1971745805678995,0.049673510333230524,-0.9791091497627052
17,6,0.20476325906383325,6.036394251219092,0.05738222347179339,0.01229284966040664,0.015,14.375,0.15625,14.375,14.53125,bounded_core_residence,escaped,True,False,1,0,0.014981788738344028,-0.0014492363349418655,0.012229467405348114,-0.1971745805678995,0.049673510333230524,-0.9791091497627052
17,7,0.20476325906383325,6.036394251219092,3.1973237581859375,0.007246267020871354,0.015,33.4375,0.15625,33.4375,33.59375,bounded_core_residence,escaped,True,False,1,0,-0.00413104984974866,-0.00034196749185988094,0.016134617166551256,-0.1971745805678995,0.049673510333230524,-0.9791091497627052
17,8,0.20476325906383325,6.036394251219092,1.5624262267581226,0.009684767578525563,0.015,17.1875,0.15625,17.1875,17.34375,bounded_core_residence,escaped,True,False,1,0,0.0029421149368420623,-0.010417575647339566,0.014199042234616684,-0.1971745805678995,0.049673510333230524,-0.9791091497627052
17,9,0.20476325906383325,6.036394251219092,0.3825154647403517,0.012010751661927284,0.015,14.0625,0.15625,14.0625,14.21875,bounded_core_residence,escaped,True,False,1,0,0.013837078154319686,-0.005222645251798981,0.012268553305487954,-0.1971745805678995,0.049673510333230524,-0.9791091497627052
17,10,0.20476325906383325,6.036394251219092,1.5051602986553272,0.011086610455850505,0.015,15.0,0.15625,15.0,15.15625,bounded_core_residence,escaped,True,False,1,0,0.0035619801591110197,-0.011794183787064552,0.014004372800765368,-0.1971745805678995,0.049673510333230524,-0.9791091497627052
17,11,0.20476325906383325,6.036394251219092,0.9824136446943719,0.012280426449355333,0.015,14.0625,0.15625,14.0625,14.21875,bounded_core_residence,escaped,True,False,1,0,0.009539140292230143,-0.01094783453434512,0.012843620800684588,-0.1971745805678995,0.049673510333230524,-0.9791091497627052
17,12,0.20476325906383325,6.036394251219092,0.823483751034797,0.011368825190141037,0.015,13.90625,0.15625,13.90625,14.0625,bounded_core_residence,escaped,True,False,1,0,0.010450815682912198,-0.009074046732410784,0.012755089716023443,-0.1971745805678995,0.049673510333230524,-0.9791091497627052
17,13,0.20476325906383325,6.036394251219092,2.7774799329130158,0.010477820847634252,0.015,19.53125,0.15625,19.53125,19.6875,bounded_core_residence,escaped,True,False,1,0,-0.0066771775594062915,-0.004471861288814799,0.01643783702829784,-0.1971745805678995,0.049673510333230524,-0.9791091497627052
17,14,0.20476325906383325,6.036394251219092,0.2746328158620271,0.014815031281630536,0.015,13.125,0.15625,13.125,13.28125,bounded_core_residence,escaped,True,False,1,0,0.01689741161273342,-0.004757883442083008,0.011675837349719522,-0.1971745805678995,0.049673510333230524,-0.9791091497627052
17,15,0.20476325906383325,6.036394251219092,4.516551354893222,0.0083685009857953,0.015,30.0,0.15625,30.0,30.15625,bounded_core_residence,escaped,True,False,1,0,0.0014417519165510716,0.0074533012516527376,0.015407837635842674,-0.1971745805678995,0.049673510333230524,-0.9791091497627052
17,16,0.20476325906383325,6.036394251219092,2.3044674004549646,0.00020150614299824628,0.015,35.15625,0.15625,35.15625,35.3125,two_core_entries,escaped,True,True,2,1,0.0028238778702662894,-0.0008945807937583868,0.014705986662000105,-0.1971745805678995,0.049673510333230524,-0.9791091497627052
17,17,0.20476325906383325,6.036394251219092,0.5903162176660611,0.009906788969095567,0.015,15.9375,0.15625,15.9375,16.09375,bounded_core_residence,escaped,True,False,1,0,0.01097177711134401,-0.006252649293935725,0.012793316673334807,-0.1971745805678995,0.049673510333230524,-0.9791091497627052
17,18,0.20476325906383325,6.036394251219092,1.669156823462835,0.00588859164221894,0.015,30.78125,0.15625,30.78125,30.9375,bounded_core_residence,escaped,True,False,1,0,0.0023332610438560756,-0.006597997544328398,0.014515434297156625,-0.1971745805678995,0.049673510333230524,-0.9791091497627052
17,19,0.20476325906383325,6.036394251219092,1.5107268426934932,0.010566127758923903,0.015,15.625,0.15625,15.625,15.78125,bounded_core_residence,escaped,True,False,1,0,0.0034760256608656823,-0.011279152777934702,0.014047811716951273,-0.1971745805678995,0.049673510333230524,-0.9791091497627052
17,20,0.20476325906383325,6.036394251219092,1.6300121646564176,0.014943030574427777,0.015,10.9375,0.15625,10.9375,11.09375,bounded_core_residence,escaped,True,False,1,0,0.0019443948220477533,-0.015643527199523635,0.01413483456861245,-0.1971745805678995,0.049673510333230524,-0.9791091497627052
17,21,0.20476325906383325,6.036394251219092,0.6973926419682611,0.013463147958606852,0.015,10.3125,0.15625,10.3125,10.46875,bounded_core_residence,escaped,True,False,1,0,0.012989491868944639,-0.009380748997853084,0.012228286968387653,-0.1971745805678995,0.049673510333230524,-0.9791091497627052
17,22,0.20476325906383325,6.036394251219092,3.852212570246301,0.004325565188826793,0.015,35.0,0.15625,35.0,35.15625,bounded_core_residence,escaped,True,False,1,0,-0.0002287818711878102,0.0020729965940587793,0.015471291419245733,-0.1971745805678995,0.049673510333230524,-0.9791091497627052
17,23,0.20476325906383325,6.036394251219092,2.996030222582179,0.011801635731630485,0.015,17.1875,0.15625,17.1875,17.34375,bounded_core_residence,escaped,True,False,1,0,-0.00850618784737025,-0.002454804137082716,0.016908498185702642,-0.1971745805678995,0.049673510333230524,-0.9791091497627052
17,24,0.20476325906383325,6.036394251219092,3.9141283690048567,0.006479075789553091,0.015,33.59375,0.15625,33.59375,33.75,bounded_core_residence,escaped,True,False,1,0,-0.0015466642222434841,0.00377140794129065,0.01582285483124884,-0.1971745805678995,0.049673510333230524,-0.9791091497627052
17,25,0.20476325906383325,6.036394251219092,4.0338136811743155,0.00442895702697562,0.015,34.6875,0.15625,34.6875,34.84375,bounded_core_residence,escaped,True,False,1,0,0.0002661533865235912,0.0026984413728604723,0.015403351482027334,-0.1971745805678995,0.049673510333230524,-0.9791091497627052
17,26,0.20476325906383325,6.036394251219092,3.0903827048585435,0.007434729624147755,0.015,33.125,0.15625,33.125,33.28125,bounded_core_residence,escaped,True,False,1,0,-0.004324967880811435,-0.001125198585747562,0.0161339327368364,-0.1971745805678995,0.049673510333230524,-0.9791091497627052
17,27,0.20476325906383325,6.036394251219092,0.9379038247590118,0.013753838597094383,0.015,11.875,0.15625,11.875,12.03125,bounded_core_residence,escaped,True,False,1,0,0.010823874481472028,-0.011821407681257782,0.012540579643611428,-0.1971745805678995,0.049673510333230524,-0.9791091497627052
17,28,0.20476325906383325,6.036394251219092,3.7182958231561543,0.006875042765137291,0.015,33.59375,0.15625,33.59375,33.75,bounded_core_residence,escaped,True,False,1,0,-0.00265530466331399,0.0029989780222643547,0.01600692665658917,-0.1971745805678995,0.049673510333230524,-0.9791091497627052
17,29,0.20476325906383325,6.036394251219092,3.4009683964508706,0.012034687337289296,0.015,15.625,0.15625,15.625,15.78125,bounded_core_residence,escaped,True,False,1,0,-0.008415314846831673,0.002337710161040219,0.01713333845279358,-0.1971745805678995,0.049673510333230524,-0.9791091497627052
18,0,1.4919517924697083,1.2632739051973847,3.085398419351777,0.013002576061885932,0.015,14.53125,0.15625,14.53125,14.6875,bounded_core_residence,escaped,True,False,1,0,0.01691679645790315,0.010377060580328723,0.0004534264650328338,-0.30175785300365193,-0.9501255750406008,-0.07876287072214948
18,1,1.4919517924697083,1.2632739051973847,2.574566405419711,0.012145046346400975,0.015,13.28125,0.15625,13.28125,13.4375,bounded_core_residence,escaped,True,False,1,0,0.0144456660572838,0.011640629865120867,-0.0053217120610685505,-0.30175785300365193,-0.9501255750406008,-0.07876287072214948
18,2,1.4919517924697083,1.2632739051973847,0.28485173159886523,0.014346989724338245,0.015,14.21875,0.15625,14.21875,14.375,bounded_core_residence,escaped,True,False,1,0,-0.008500418420770353,0.018722343755681704,-0.0028377535333748496,-0.30175785300365193,-0.9501255750406008,-0.07876287072214948
18,3,1.4919517924697083,1.2632739051973847,4.022321031042606,0.008278671967616912,0.015,22.1875,0.15625,22.1875,22.34375,bounded_core_residence,escaped,True,False,1,0,0.00939702818366548,0.012177355642792285,0.0075461434131453885,-0.30175785300365193,-0.9501255750406008,-0.07876287072214948
18,4,1.4919517924697083,1.2632739051973847,3.387628626499484,0.012404846716880536,0.015,15.15625,0.15625,15.15625,15.3125,bounded_core_residence,escaped,True,False,1,0,0.015921186045908305,0.010383230789321468,0.004193396634777488,-0.30175785300365193,-0.9501255750406008,-0.07876287072214948
18,5,1.4919517924697083,1.2632739051973847,5.197881018907474,0.007104561941915595,0.015,28.4375,0.15625,28.4375,28.59375,bounded_core_residence,escaped,True,False,1,0,0.0012167922182688947,0.014783722540530017,0.007445519789020805,-0.30175785300365193,-0.9501255750406008,-0.07876287072214948
18,6,1.4919517924697083,1.2632739051973847,1.5642072352585847,0.008081629443721544,0.015,27.5,0.15625,27.5,27.65625,bounded_core_residence,escaped,True,False,1,0,0.004668288763604037,0.014874659545553967,-0.006874904936731528,-0.30175785300365193,-0.9501255750406008,-0.07876287072214948
18,7,1.4919517924697083,1.2632739051973847,1.4198966227195178,0.010878863422840947,0.015,20.15625,0.15625,20.15625,20.3125,bounded_core_residence,escaped,True,False,1,0,0.003224115450750494,0.015554286911259447,-0.009540382991016743,-0.30175785300365193,-0.9501255750406008,-0.07876287072214948
18,8,1.4919517924697083,1.2632739051973847,0.9663116616366351,0.012765683283055457,0.015,15.15625,0.15625,15.15625,15.3125,bounded_core_residence,escaped,True,False,1,0,-0.002138069598615692,0.017236505243366975,-0.00928946796485889,-0.30175785300365193,-0.9501255750406008,-0.07876287072214948
18,9,1.4919517924697083,1.2632739051973847,5.038664355212169,0.01340597872046446,0.015,14.375,0.15625,14.375,14.53125,bounded_core_residence,escaped,True,False,1,0,0.0001283472585030098,0.014599266268014947,0.013840708683820407,-0.30175785300365193,-0.9501255750406008,-0.07876287072214948
18,10,1.4919517924697083,1.2632739051973847,1.1725444468046406,0.010803942420690663,0.015,19.53125,0.15625,19.53125,19.6875,bounded_core_residence,escaped,True,False,1,0,0.0007705000604798706,0.016267701786122215,-0.008746049398682575,-0.30175785300365193,-0.9501255750406008,-0.07876287072214948
18,11,1.4919517924697083,1.2632739051973847,3.922112885362575,0.00952232134131796,0.015,19.375,0.15625,19.375,19.53125,bounded_core_residence,escaped,True,False,1,0,0.010815263979524939,0.011700826131771359,0.007861000993166606,-0.30175785300365193,-0.9501255750406008,-0.07876287072214948
18,12,1.4919517924697083,1.2632739051973847,0.43405808508035254,0.01441267283468847,0.015,12.5,0.15625,12.5,12.65625,bounded_core_residence,escaped,True,False,1,0,-0.007791809927507725,0.018665018158464088,-0.004861062994609808,-0.30175785300365193,-0.9501255750406008,-0.07876287072214948
18,13,1.4919517924697083,1.2632739051973847,3.038343063532056,0.0050074844623129115,0.015,26.40625,0.15625,26.40625,26.5625,bounded_core_residence,escaped,True,False,1,0,0.009285821673973347,0.012782941854020707,0.000666943802878225,-0.30175785300365193,-0.9501255750406008,-0.07876287072214948
18,14,1.4919517924697083,1.2632739051973847,2.7547216811218416,0.008109680060006688,0.015,20.78125,0.15625,20.78125,20.9375,bounded_core_residence,escaped,True,False,1,0,0.011757306949737444,0.012208207551539832,-0.0018687729513912215,-0.30175785300365193,-0.9501255750406008,-0.07876287072214948
18,15,1.4919517924697083,1.2632739051973847,3.888845756511285,0.014258118323626336,0.015,13.59375,0.15625,13.59375,13.75,bounded_core_residence,escaped,True,False,1,0,0.014263827605841078,0.010358491656986464,0.010841531753101905,-0.30175785300365193,-0.9501255750406008,-0.07876287072214948
18,16,1.4919517924697083,1.2632739051973847,0.27496176498456254,0.010605882750137838,0.015,26.5625,0.15625,26.5625,26.71875,bounded_core_residence,escaped,True,False,1,0,-0.00513358832102896,0.017557834999272087,-0.0016892157938530248,-0.30175785300365193,-0.9501255750406008,-0.07876287072214948
18,17,1.4919517924697083,1.2632739051973847,2.3396246421914335,0.003930693435773951,0.015,29.21875,0.15625,29.21875,29.375,bounded_core_residence,escaped,True,False,1,0,0.00719849377097467,0.013636687060841403,-0.0016348713466068012,-0.30175785300365193,-0.9501255750406008,-0.07876287072214948
18,18,1.4919517924697083,1.2632739051973847,0.4104253021880073,0.014888687888372014,0.015,11.875,0.15625,11.875,12.03125,bounded_core_residence,escaped,True,False,1,0,-0.008343727888436488,0.018830326574633526,-0.004740678543598268,-0.30175785300365193,-0.9501255750406008,-0.07876287072214948
18,19,1.4919517924697083,1.2632739051973847,5.815786021909273,0.009924063750008058,0.015,28.28125,0.15625,28.28125,28.4375,bounded_core_residence,escaped,True,False,1,0,-0.004024239977410457,0.01659801899015756,0.005638998095477995,-0.30175785300365193,-0.9501255750406008,-0.07876287072214948
18,20,1.4919517924697083,1.2632739051973847,4.118970608321997,0.013553371608397377,0.015,15.15625,0.15625,15.15625,15.3125,bounded_core_residence,escaped,True,False,1,0,0.011481943788853897,0.011114249802211658,0.01238274202747314,-0.30175785300365193,-0.9501255750406008,-0.07876287072214948
18,21,1.4919517924697083,1.2632739051973847,4.932926531243595,0.006588195625169884,0.015,27.96875,0.15625,27.96875,28.125,bounded_core_residence,escaped,True,False,1,0,0.0029995166055955132,0.014205547665118515,0.007590101268251316,-0.30175785300365193,-0.9501255750406008,-0.07876287072214948
18,22,1.4919517924697083,1.2632739051973847,0.8453359699464286,0.006098876354040641,0.015,31.5625,0.15625,31.5625,31.71875,bounded_core_residence,escaped,True,False,1,0,0.0007785120857155183,0.015819291809650044,-0.0033675240690171663,-0.30175785300365193,-0.9501255750406008,-0.07876287072214948
18,23,1.4919517924697083,1.2632739051973847,3.831710417814369,0.012817140448178478,0.015,15.15625,0.15625,15.15625,15.3125,bounded_core_residence,escaped,True,False,1,0,0.013752332470495208,0.010647416828042329,0.009315844340649804,-0.30175785300365193,-0.9501255750406008,-0.07876287072214948
18,24,1.4919517924697083,1.2632739051973847,1.8208090897311242,0.01248230085696437,0.015,18.59375,0.15625,18.59375,18.75,bounded_core_residence,escaped,True,False,1,0,0.007758151357328236,0.014224939698977306,-0.010875201734267686,-0.30175785300365193,-0.9501255750406008,-0.07876287072214948
18,25,1.4919517924697083,1.2632739051973847,1.7420755838824569,0.014864182190314256,0.015,16.09375,0.15625,16.09375,16.25,bounded_core_residence,escaped,True,False,1,0,0.007290205838992378,0.014584493433902326,-0.013419737787618536,-0.30175785300365193,-0.9501255750406008,-0.07876287072214948
18,26,1.4919517924697083,1.2632739051973847,3.4832047352195183,0.013627062214466948,0.015,14.375,0.15625,14.375,14.53125,bounded_core_residence,escaped,True,False,1,0,0.016654809227363957,0.010022653152018219,0.005732414673713382,-0.30175785300365193,-0.9501255750406008,-0.07876287072214948
18,27,1.4919517924697083,1.2632739051973847,3.5607813857744937,0.008283056955111341,0.015,20.625,0.15625,20.625,20.78125,bounded_core_residence,escaped,True,False,1,0,0.011656951584500148,0.011708616429497996,0.004542335697097626,-0.30175785300365193,-0.9501255750406008,-0.07876287072214948
18,28,1.4919517924697083,1.2632739051973847,1.9506511398516446,0.008431069007898351,0.015,25.0,0.15625,25.0,25.15625,bounded_core_residence,escaped,True,False,1,0,0.007692509879316882,0.013893400674397082,-0.006624321404734146,-0.30175785300365193,-0.9501255750406008,-0.07876287072214948
18,29,1.4919517924697083,1.2632739051973847,1.3993662644372595,0.011480830646663606,0.015,18.90625,0.15625,18.90625,19.0625,bounded_core_residence,escaped,True,False,1,0,0.002929422649396175,0.01569393620840534,-0.010095955703403157,-0.30175785300365193,-0.9501255750406008,-0.07876287072214948
19,0,1.8432084276886895,4.230770338442856,1.9708847349262686,0.011275329411614764,0.015,18.4375,0.15625,18.4375,18.59375,bounded_core_residence,escaped,True,False,1,0,-0.009289888412502782,-0.008292902656413057,-0.014037763075181484,0.4461331356894342,0.8535657165736045,0.26905537112293837
19,1,1.8432084276886895,4.230770338442856,2.7790102417304015,0.013119478875433679,0.015,14.375,0.15625,14.375,14.53125,bounded_core_residence,escaped,True,False,1,0,-0.016983191700978617,-0.006011878868389918,-0.00851758405198142,0.4461331356894342,0.8535657165736045,0.26905537112293837
19,2,1.8432084276886895,4.230770338442856,5.851669044176504,0.0045369185340458085,0.015,20.9375,0.15625,20.9375,21.09375,bounded_core_residence,escaped,True,False,1,0,-0.0032762418641167365,-0.015164878087736623,-0.0022082440119839146,0.4461331356894342,0.8535657165736045,0.26905537112293837
19,3,1.8432084276886895,4.230770338442856,1.6055162113285344,0.004104742905979223,0.015,30.46875,0.15625,30.46875,30.625,bounded_core_residence,escaped,True,False,1,0,-0.006307009112089796,-0.011759300160898045,-0.00798682728685842,0.4461331356894342,0.8535657165736045,0.26905537112293837
19,4,1.8432084276886895,4.230770338442856,2.714109201322505,0.0075698193225237865,0.015,22.1875,0.15625,22.1875,22.34375,bounded_core_residence,escaped,True,False,1,0,-0.012405887758263016,-0.008864247528673846,-0.007058415491839077,0.4461331356894342,0.8535657165736045,0.26905537112293837
19,5,1.8432084276886895,4.230770338442856,5.672223433545318,0.0032985672404463972,0.015,35.625,0.15625,35.625,35.78125,bounded_core_residence,escaped,True,False,1,0,-0.0045333272816060885,-0.01450622282508156,-0.0022133659766687594,0.4461331356894342,0.8535657165736045,0.26905537112293837
19,6,1.8432084276886895,4.230770338442856,5.624045408415235,0.011478101367765095,0.015,9.453125,0.234375,9.453125,9.6875,bounded_core_residence,escaped,True,False,1,0,0.00047339794262083595,-0.0186827421444363,0.0027345660279315,0.4461331356894342,0.8535657165736045,0.26905537112293837
19,7,1.8432084276886895,4.230770338442856,2.6946738238657884,0.005377605418582102,0.015,25.9375,0.15625,25.9375,26.09375,bounded_core_residence,escaped,True,False,1,0,-0.010700130866201467,-0.010002968776701912,-0.006274269291037234,0.4461331356894342,0.8535657165736045,0.26905537112293837
19,8,1.8432084276886895,4.230770338442856,3.3802115770641405,0.014689028621341874,0.015,9.6875,0.234375,9.6875,9.921875,bounded_core_residence,escaped,True,False,1,0,-0.01977393638155072,-0.007019986630152294,-0.0006919461897204092,0.4461331356894342,0.8535657165736045,0.26905537112293837
19,9,1.8432084276886895,4.230770338442856,5.656198164115988,0.004817914481498952,0.015,19.375,0.15625,19.375,19.53125,bounded_core_residence,escaped,True,False,1,0,-0.003586563552461159,-0.015284762011118582,-0.0013133590897621002,0.4461331356894342,0.8535657165736045,0.26905537112293837
19,10,1.8432084276886895,4.230770338442856,0.7934891204574464,0.014156228704602914,0.015,12.34375,0.15625,12.34375,12.5,bounded_core_residence,escaped,True,False,1,0,0.0033648287071065784,-0.014996474386328944,-0.013754362758377246,0.4461331356894342,0.8535657165736045,0.26905537112293837
19,11,1.8432084276886895,4.230770338442856,2.037406585249357,0.014810752125591626,0.015,14.21875,0.15625,14.21875,14.375,bounded_core_residence,escaped,True,False,1,0,-0.010948325604556816,-0.006563108971160645,-0.016775522215865386,0.4461331356894342,0.8535657165736045,0.26905537112293837
19,12,1.8432084276886895,4.230770338442856,0.5941540415875548,0.013096271959056967,0.015,15.9375,0.15625,15.9375,16.09375,bounded_core_residence,escaped,True,False,1,0,0.0038391414902962055,-0.016082057450576878,-0.011096880642748786,0.4461331356894342,0.8535657165736045,0.26905537112293837
19,13,1.8432084276886895,4.230770338442856,3.328946085728882,0.004303017169888508,0.015,27.34375,0.15625,27.34375,27.5,bounded_core_residence,escaped,True,False,1,0,-0.010538683963091749,-0.011036258406205517,-0.003263908313952171,0.4461331356894342,0.8535657165736045,0.26905537112293837
19,14,1.8432084276886895,4.230770338442856,2.7133070991323005,0.007340029216907716,0.015,22.65625,0.15625,22.65625,22.8125,bounded_core_residence,escaped,True,False,1,0,-0.012229603698987464,-0.008983681721320122,-0.006971820780885705,0.4461331356894342,0.8535657165736045,0.26905537112293837
19,15,1.8432084276886895,4.230770338442856,1.8641439595933065,0.006974426548371422,0.015,25.9375,0.15625,25.9375,26.09375,bounded_core_residence,escaped,True,False,1,0,-0.007647210159134123,-0.010277310751562149,-0.01046612087530471,0.4461331356894342,0.8535657165736045,0.26905537112293837
19,16,1.8432084276886895,4.230770338442856,1.4611399336583974,0.014018454845152687,0.015,13.125,0.15625,13.125,13.28125,bounded_core_residence,escaped,True,False,1,0,-0.0035957456352296233,-0.010191504565181218,-0.017456257453137038,0.4461331356894342,0.8535657165736045,0.26905537112293837
19,17,1.8432084276886895,4.230770338442856,0.4141084116918785,0.009440765154858042,0.015,28.75,0.15625,28.75,28.90625,bounded_core_residence,escaped,True,False,1,0,0.0014410776702132849,-0.015901147440541632,-0.00769446891810934,0.4461331356894342,0.8535657165736045,0.26905537112293837
19,18,1.8432084276886895,4.230770338442856,5.060525193203256,0.0069507979147857765,0.015,32.8125,0.15625,32.8125,32.96875,bounded_core_residence,escaped,True,False,1,0,-0.00540480648928727,-0.015459863110520212,0.002257053625753013,0.4461331356894342,0.8535657165736045,0.26905537112293837
19,19,1.8432084276886895,4.230770338442856,6.236625772241152,0.008345927424139487,0.015,20.3125,0.15625,20.3125,20.46875,bounded_core_residence,escaped,True,False,1,0,0.0006481230249241179,-0.016757872886809452,-0.003661712362147431,0.4461331356894342,0.8535657165736045,0.26905537112293837
19,20,1.8432084276886895,4.230770338442856,0.34076742808381916,0.010998832933285517,0.015,22.8125,0.15625,22.8125,22.96875,bounded_core_residence,escaped,True,False,1,0,0.0029533033595642143,-0.016728820682435624,-0.007576205101211745,0.4461331356894342,0.8535657165736045,0.26905537112293837
19,21,1.8432084276886895,4.230770338442856,0.6532560502244502,0.010913672704835361,0.015,19.375,0.15625,19.375,19.53125,bounded_core_residence,escaped,True,False,1,0,0.0018154666286541877,-0.015236351455691537,-0.010424295043174754,0.4461331356894342,0.8535657165736045,0.26905537112293837
19,22,1.8432084276886895,4.230770338442856,0.6651343942719399,0.0035541253776420517,0.015,33.90625,0.15625,33.90625,34.0625,bounded_core_residence,escaped,True,False,1,0,-0.003940229559827351,-0.013575833217327665,-0.00614842668258838,0.4461331356894342,0.8535657165736045,0.26905537112293837
19,23,1.8432084276886895,4.230770338442856,5.683860962955094,0.012615138614134483,0.015,8.984375,0.234375,8.984375,9.21875,bounded_core_residence,escaped,True,False,1,0,0.0016527473180842842,-0.01932538003012531,0.002817771326354539,0.4461331356894342,0.8535657165736045,0.26905537112293837
19,24,1.8432084276886895,4.230770338442856,5.52215728411603,0.014603485152793059,0.015,7.578125,0.234375,7.578125,7.8125,bounded_core_residence,escaped,True,False,1,0,0.001424648177292178,-0.02010342646493163,0.0056643093619497846,0.4461331356894342,0.8535657165736045,0.26905537112293837
19,25,1.8432084276886895,4.230770338442856,4.995200236534122,0.005936568905035691,0.015,32.96875,0.15625,32.96875,33.125,bounded_core_residence,escaped,True,False,1,0,-0.005934293066903018,-0.014930200684847884,0.0014546902318057836,0.4461331356894342,0.8535657165736045,0.26905537112293837
19,26,1.8432084276886895,4.230770338442856,5.497194811870182,0.006047720118402638,0.015,16.5625,0.15625,16.5625,16.71875,bounded_core_residence,escaped,True,False,1,0,-0.0034375957421660702,-0.015803498921579583,8.529935290892913e-05,0.4461331356894342,0.8535657165736045,0.26905537112293837
19,27,1.8432084276886895,4.230770338442856,0.014336451212419244,0.012902396260751892,0.015,16.71875,0.15625,16.71875,16.875,bounded_core_residence,escaped,True,False,1,0,0.004764581546482394,-0.018735340428470797,-0.004213978047604359,0.4461331356894342,0.8535657165736045,0.26905537112293837
19,28,1.8432084276886895,4.230770338442856,2.615580323859924,0.012691302269056176,0.015,15.625,0.15625,15.625,15.78125,bounded_core_residence,escaped,True,False,1,0,-0.015624955571973713,-0.00619997390572311,-0.010173015296693039,0.4461331356894342,0.8535657165736045,0.26905537112293837
19,29,1.8432084276886895,4.230770338442856,1.919562198392716,0.011157346463033898,0.015,18.4375,0.15625,18.4375,18.59375,bounded_core_residence,escaped,True,False,1,0,-0.008764332476511845,-0.00853701054103438,-0.01413479067264891,0.4461331356894342,0.8535657165736045,0.26905537112293837
20,0,1.7601507764489428,4.559933855930986,5.327818042081505,0.011550888474197676,0.015,18.75,0.15625,18.75,18.90625,bounded_core_residence,escaped,True,False,1,0,0.004084222759398991,-0.01732839099491688,0.0064396439748050935,0.14915078865142475,0.9707344749191229,0.18822492249474493
20,1,1.7601507764489428,4.559933855930986,2.3916981159079764,0.007646186709012341,0.015,23.28125,0.15625,23.28125,23.4375,bounded_core_residence,escaped,True,False,1,0,-0.00761857841833338,-0.012741775793661952,-0.007941573124818035,0.14915078865142475,0.9707344749191229,0.18822492249474493
20,2,1.7601507764489428,4.559933855930986,0.8486818877174616,0.011414917163910004,0.015,15.78125,0.15625,15.78125,15.9375,bounded_core_residence,escaped,True,False,1,0,0.005465029889137584,-0.014113224160814888,-0.011236133051737637,0.14915078865142475,0.9707344749191229,0.18822492249474493
20,3,1.7601507764489428,4.559933855930986,1.4463833055160025,0.004239010697170863,0.015,29.21875,0.15625,29.21875,29.375,bounded_core_residence,escaped,True,False,1,0,-0.0015970996890297077,-0.013858365255495329,-0.006954437196445882,0.14915078865142475,0.9707344749191229,0.18822492249474493
20,4,1.7601507764489428,4.559933855930986,0.1053636057359273,0.011347605718529576,0.015,18.59375,0.15625,18.59375,18.75,bounded_core_residence,escaped,True,False,1,0,0.008950639393451611,-0.01605274239211994,-0.003995456379918654,0.14915078865142475,0.9707344749191229,0.18822492249474493
20,5,1.7601507764489428,4.559933855930986,6.062689343435968,0.00907972558085574,0.015,27.5,0.15625,27.5,27.65625,bounded_core_residence,escaped,True,False,1,0,0.006463105844190845,-0.01627598026499872,-0.0008730096699375489,0.14915078865142475,0.9707344749191229,0.18822492249474493
20,6,1.7601507764489428,4.559933855930986,1.5029745624404611,0.010972742277644517,0.015,18.75,0.15625,18.75,18.90625,bounded_core_residence,escaped,True,False,1,0,-0.0011893337823796525,-0.012637252307748613,-0.013575213160610049,0.14915078865142475,0.9707344749191229,0.18822492249474493
20,7,1.7601507764489428,4.559933855930986,2.54821707842896,0.009730205998339828,0.015,18.125,0.15625,18.125,18.28125,bounded_core_residence,escaped,True,False,1,0,-0.010055076337075308,-0.012323724717926993,-0.008166894005830604,0.14915078865142475,0.9707344749191229,0.18822492249474493
20,8,1.7601507764489428,4.559933855930986,0.150912590185917,0.012262877549244164,0.015,17.03125,0.15625,17.03125,17.1875,bounded_core_residence,escaped,True,False,1,0,0.009798320611130465,-0.016059167814217717,-0.004634027201478893,0.14915078865142475,0.9707344749191229,0.18822492249474493
20,9,1.7601507764489428,4.559933855930986,2.5709533235986655,0.011271566696726671,0.015,15.9375,0.15625,15.9375,16.09375,bounded_core_residence,escaped,True,False,1,0,-0.011438851533561563,-0.011987749187806537,-0.008803110859357487,0.14915078865142475,0.9707344749191229,0.18822492249474493
20,10,1.7601507764489428,4.559933855930986,3.2066324186619988,0.013165225398587034,0.015,13.75,0.15625,13.75,13.90625,bounded_core_residence,escaped,True,False,1,0,-0.01524673250787333,-0.01272509275275042,-0.0019830083365579973,0.14915078865142475,0.9707344749191229,0.18822492249474493
20,11,1.7601507764489428,4.559933855930986,6.051137689286764,0.001785727501008438,0.015,33.28125,0.15625,33.28125,33.4375,two_core_entries,escaped,True,True,2,1,-0.0005312921408465827,-0.014901339341141745,-0.002420049009642937,0.14915078865142475,0.9707344749191229,0.18822492249474493
20,12,1.7601507764489428,4.559933855930986,1.0408146211923914,0.011844659857130754,0.015,15.625,0.15625,15.625,15.78125,bounded_core_residence,escaped,True,False,1,0,0.00397310197985009,-0.01356903506662006,-0.012860471031407486,0.14915078865142475,0.9707344749191229,0.18822492249474493
20,13,1.7601507764489428,4.559933855930986,0.3481324531339197,0.01247026013883107,0.015,16.5625,0.15625,16.5625,16.71875,bounded_core_residence,escaped,True,False,1,0,0.009470566162784352,-0.015549762151673571,-0.007001475666802198,0.14915078865142475,0.9707344749191229,0.18822492249474493
20,14,1.7601507764489428,4.559933855930986,3.903978824042137,0.010353132188914078,0.015,17.8125,0.15625,17.8125,17.96875,bounded_core_residence,escaped,True,False,1,0,-0.009842093117304882,-0.014754228567817319,0.004199200943040468,0.14915078865142475,0.9707344749191229,0.18822492249474493
20,15,1.7601507764489428,4.559933855930986,1.887317180471933,0.01342381357939581,0.015,17.1875,0.15625,17.1875,17.34375,bounded_core_residence,escaped,True,False,1,0,-0.006002467362797562,-0.011553145277379257,-0.015352328513052696,0.14915078865142475,0.9707344749191229,0.18822492249474493
20,16,1.7601507764489428,4.559933855930986,5.2167772239785055,0.00477290497085976,0.015,32.1875,0.15625,32.1875,32.34375,bounded_core_residence,escaped,True,False,1,0,-7.684732964143102e-05,-0.015688693364297263,0.0012804752515530298,0.14915078865142475,0.9707344749191229,0.18822492249474493
20,17,1.7601507764489428,4.559933855930986,1.0647474883966983,0.014886554042459421,0.015,11.5625,0.15625,11.5625,11.71875,bounded_core_residence,escaped,True,False,1,0,0.00526712529553687,-0.013234452490093187,-0.015611410880110959,0.14915078865142475,0.9707344749191229,0.18822492249474493
20,18,1.7601507764489428,4.559933855930986,2.1496307156334584,0.00944437446282795,0.015,20.78125,0.15625,20.78125,20.9375,bounded_core_residence,escaped,True,False,1,0,-0.007117879322241337,-0.01230557429787868,-0.010587957505936333,0.14915078865142475,0.9707344749191229,0.18822492249474493
20,19,1.7601507764489428,4.559933855930986,1.8586238146836056,0.006156519890722763,0.015,26.5625,0.15625,26.5625,26.71875,bounded_core_residence,escaped,True,False,1,0,-0.0037958974152247507,-0.0131973574429142,-0.008621116894110194,0.14915078865142475,0.9707344749191229,0.18822492249474493
20,20,1.7601507764489428,4.559933855930986,0.03630929192890047,0.01155606641348397,0.015,18.125,0.15625,18.125,18.28125,bounded_core_residence,escaped,True,False,1,0,0.009189231156950427,-0.01623678057427363,-0.003235376064675358,0.14915078865142475,0.9707344749191229,0.18822492249474493
20,21,1.7601507764489428,4.559933855930986,1.224861230125913,0.007781814929431303,0.015,25.0,0.15625,25.0,25.15625,bounded_core_residence,escaped,True,False,1,0,0.0005800280904112195,-0.013599757014945146,-0.010013332119964068,0.14915078865142475,0.9707344749191229,0.18822492249474493
20,22,1.7601507764489428,4.559933855930986,3.612851996333637,0.004305636023782878,0.015,29.53125,0.15625,29.53125,29.6875,bounded_core_residence,escaped,True,False,1,0,-0.006084952602123958,-0.014342088731891543,-0.0009035176842493449,0.14915078865142475,0.9707344749191229,0.18822492249474493
20,23,1.7601507764489428,4.559933855930986,0.3246325668163874,0.010220125382395799,0.015,20.9375,0.15625,20.9375,21.09375,bounded_core_residence,escaped,True,False,1,0,0.007429877663416388,-0.015425568494365091,-0.006024924677056818,0.14915078865142475,0.9707344749191229,0.18822492249474493
20,24,1.7601507764489428,4.559933855930986,0.7548993233567061,0.011459690306540793,0.015,15.78125,0.15625,15.78125,15.9375,bounded_core_residence,escaped,True,False,1,0,0.0062369433270561036,-0.014367703044189398,-0.010535376077336114,0.14915078865142475,0.9707344749191229,0.18822492249474493
20,25,1.7601507764489428,4.559933855930986,2.0554881526304745,0.011193430332745835,0.015,18.75,0.15625,18.75,18.90625,bounded_core_residence,escaped,True,False,1,0,-0.007109079598483857,-0.011926390048360517,-0.01255050159518823,0.14915078865142475,0.9707344749191229,0.18822492249474493
20,26,1.7601507764489428,4.559933855930986,4.756962060336156,0.012118436378683015,0.015,19.84375,0.15625,19.84375,20.0,bounded_core_residence,escaped,True,False,1,0,-0.002049607017335238,-0.01689531665047428,0.009066635904175523,0.14915078865142475,0.9707344749191229,0.18822492249474493
20,27,1.7601507764489428,4.559933855930986,5.195778930610821,0.009274229635723689,0.015,29.0625,0.15625,29.0625,29.21875,bounded_core_residence,escaped,True,False,1,0,0.0017885213687457886,-0.01674333924408756,0.005241480478554948,0.14915078865142475,0.9707344749191229,0.18822492249474493
20,28,1.7601507764489428,4.559933855930986,3.7503417940456134,0.010691795596315811,0.015,15.78125,0.15625,15.78125,15.9375,bounded_core_residence,escaped,True,False,1,0,-0.011081458672038177,-0.014366444290523311,0.0031813590210157325,0.14915078865142475,0.9707344749191229,0.18822492249474493
20,29,1.7601507764489428,4.559933855930986,5.573911001958285,0.01282157913544909,0.015,14.53125,0.15625,14.53125,14.6875,bounded_core_residence,escaped,True,False,1,0,0.007140650491871605,-0.017592121559899813,0.0053778491147693465,0.14915078865142475,0.9707344749191229,0.18822492249474493
21,0,0.6687924408538293,6.128985390574736,1.985051056053355,0.008250272441075207,0.015,20.625,0.15625,20.625,20.78125,bounded_core_residence,escaped,True,False,1,0,0.014535306633167433,-0.005619952657893535,0.007085759560893898,-0.6126820939813059,0.09523151977274942,-0.784570971522943
21,1,0.6687924408538293,6.128985390574736,5.66910184949443,0.008655777642398063,0.015,24.375,0.15625,24.375,24.53125,bounded_core_residence,escaped,True,False,1,0,0.0064101313221719145,0.00616297977659283,0.014861035741174183,-0.6126820939813059,0.09523151977274942,-0.784570971522943
21,2,0.6687924408538293,6.128985390574736,4.228190357618604,0.010456647961105974,0.015,23.90625,0.15625,23.90625,24.0625,bounded_core_residence,escaped,True,False,1,0,0.0012678570092052744,-0.005123078093969751,0.017506801422013045,-0.6126820939813059,0.09523151977274942,-0.784570971522943
21,3,0.6687924408538293,6.128985390574736,2.841473880348439,0.005033216006138199,0.015,31.25,0.15625,31.25,31.40625,bounded_core_residence,escaped,True,False,1,0,0.009605316625672088,-0.006358965379040593,0.010845953862763581,-0.6126820939813059,0.09523151977274942,-0.784570971522943
21,4,0.6687924408538293,6.128985390574736,5.325519221851269,0.014421221640396959,0.015,9.21875,0.234375,9.21875,9.453125,bounded_core_residence,escaped,True,False,1,0,0.0013210263882637557,0.00819272153282644,0.01908155750373974,-0.6126820939813059,0.09523151977274942,-0.784570971522943
21,5,0.6687924408538293,6.128985390574736,2.437024015899509,0.007057487932243765,0.015,24.375,0.15625,24.375,24.53125,bounded_core_residence,escaped,True,False,1,0,0.011908229802924015,-0.007292544420883171,0.008934259608046117,-0.6126820939813059,0.09523151977274942,-0.784570971522943
21,6,0.6687924408538293,6.128985390574736,5.626352090448172,0.007382095792054021,0.015,27.96875,0.15625,27.96875,28.125,bounded_core_residence,escaped,True,False,1,0,0.006593564070980862,0.004891437829149031,0.01456345038404367,-0.6126820939813059,0.09523151977274942,-0.784570971522943
21,7,0.6687924408538293,6.128985390574736,4.828371284665567,0.006569133236587868,0.015,26.40625,0.15625,26.40625,26.5625,bounded_core_residence,escaped,True,False,1,0,0.004248406888126261,0.00010897830402532773,0.01581431864236384,-0.6126820939813059,0.09523151977274942,-0.784570971522943
21,8,0.6687924408538293,6.128985390574736,4.632541090869078,0.0145715208563508,0.015,14.84375,0.15625,14.84375,15.0,bounded_core_residence,escaped,True,False,1,0,-0.0022490317645200066,-0.0008266498513397615,0.020774689557548777,-0.6126820939813059,0.09523151977274942,-0.784570971522943
21,9,0.6687924408538293,6.128985390574736,0.8851995024041752,0.012785093220156685,0.015,9.453125,0.234375,9.453125,9.6875,bounded_core_residence,escaped,True,False,1,0,0.018105630063183775,0.005377662847944099,0.005632540364442506,-0.6126820939813059,0.09523151977274942,-0.784570971522943
21,10,0.6687924408538293,6.128985390574736,2.6931477100880863,0.01422569064628312,0.015,10.9375,0.15625,10.9375,11.09375,bounded_core_residence,escaped,True,False,1,0,0.012002980725957877,-0.014838686133440505,0.007944313808584801,-0.6126820939813059,0.09523151977274942,-0.784570971522943
21,11,0.6687924408538293,6.128985390574736,4.4904317885260845,0.007984632127140987,0.015,25.625,0.15625,25.625,25.78125,bounded_core_residence,escaped,True,False,1,0,0.002881936481782619,-0.0022267874907648017,0.016597897752176804,-0.6126820939813059,0.09523151977274942,-0.784570971522943
21,12,0.6687924408538293,6.128985390574736,4.228773764467748,0.005253963455403041,0.015,33.59375,0.15625,33.59375,33.75,bounded_core_residence,escaped,True,False,1,0,0.005208929880884019,-0.003281981624272879,0.014652637240602095,-0.6126820939813059,0.09523151977274942,-0.784570971522943
21,13,0.6687924408538293,6.128985390574736,4.983424856360968,0.013072901860081136,0.015,12.8125,0.15625,12.8125,12.96875,bounded_core_residence,escaped,True,False,1,0,-3.714174053515845e-05,0.003547803540749829,0.019578367489927903,-0.6126820939813059,0.09523151977274942,-0.784570971522943
21,14,0.6687924408538293,6.128985390574736,2.2778026483449283,0.011363144091684112,0.015,14.21875,0.15625,14.21875,14.375,bounded_core_residence,escaped,True,False,1,0,0.014754461803947535,-0.009763022415757112,0.006411730954559225,-0.6126820939813059,0.09523151977274942,-0.784570971522943
21,15,0.6687924408538293,6.128985390574736,5.097947210095773,0.00715074567730577,0.015,24.6875,0.15625,24.6875,24.84375,bounded_core_residence,escaped,True,False,1,0,0.004466539013159559,0.0020272673275828932,0.01587681895619981,-0.6126820939813059,0.09523151977274942,-0.784570971522943
21,16,0.6687924408538293,6.128985390574736,5.083955053810751,0.012645451248751157,0.015,12.65625,0.15625,12.65625,12.8125,bounded_core_residence,escaped,True,False,1,0,0.0007608579562500689,0.004528115707722789,0.019074189382315237,-0.6126820939813059,0.09523151977274942,-0.784570971522943
21,17,0.6687924408538293,6.128985390574736,5.591489051240023,0.0034024458092225,0.015,37.96875,0.15625,37.96875,38.125,bounded_core_residence,escaped,True,False,1,0,0.007910206934814706,0.0014223972107791796,0.013114192689901756,-0.6126820939813059,0.09523151977274942,-0.784570971522943
21,18,0.6687924408538293,6.128985390574736,5.801333134018761,0.0012784618771786783,0.015,37.65625,0.15625,37.65625,37.8125,two_core_entries,escaped,True,True,2,1,0.008904915481282206,-0.00023762776559787722,0.012135916862257942,-0.6126820939813059,0.09523151977274942,-0.784570971522943
21,19,0.6687924408538293,6.128985390574736,3.5037760881469775,0.011602067681884884,0.015,14.0625,0.15625,14.0625,14.21875,bounded_core_residence,escaped,True,False,1,0,0.004336925946919534,-0.011653770132192435,0.014317426079152401,-0.6126820939813059,0.09523151977274942,-0.784570971522943
21,20,0.6687924408538293,6.128985390574736,5.794883917475999,0.012474019971832909,0.015,13.59375,0.15625,13.59375,13.75,bounded_core_residence,escaped,True,False,1,0,0.006345454507698554,0.010162175053720145,0.015396966568969434,-0.6126820939813059,0.09523151977274942,-0.784570971522943
21,21,0.6687924408538293,6.128985390574736,0.9730919551681347,0.0033717220511887878,0.015,29.6875,0.15625,29.6875,29.84375,bounded_core_residence,escaped,True,False,1,0,0.011642438901285544,0.00011057919072404872,0.010040413251598986,-0.6126820939813059,0.09523151977274942,-0.784570971522943
21,22,0.6687924408538293,6.128985390574736,3.125714984122451,0.00440605913711854,0.015,33.90625,0.15625,33.90625,34.0625,bounded_core_residence,escaped,True,False,1,0,0.00856782548208945,-0.005790133788067183,0.01172518973597132,-0.6126820939813059,0.09523151977274942,-0.784570971522943
21,23,0.6687924408538293,6.128985390574736,1.220380981058425,0.005031338247191393,0.015,23.90625,0.15625,23.90625,24.0625,bounded_core_residence,escaped,True,False,1,0,0.013119076515714756,-0.000291210707172406,0.008838517537262721,-0.6126820939813059,0.09523151977274942,-0.784570971522943
21,24,0.6687924408538293,6.128985390574736,0.7630072037296421,0.00694786164753771,0.015,19.53125,0.15625,19.53125,19.6875,bounded_core_residence,escaped,True,False,1,0,0.013684042217849,0.002954979116802965,0.008791351913824743,-0.6126820939813059,0.09523151977274942,-0.784570971522943
21,25,0.6687924408538293,6.128985390574736,1.1936808575381048,0.013029148753163874,0.015,11.5625,0.15625,11.5625,11.71875,bounded_core_residence,escaped,True,False,1,0,0.019318343345729135,0.001852743405424269,0.004257660094729433,-0.6126820939813059,0.09523151977274942,-0.784570971522943
21,26,0.6687924408538293,6.128985390574736,4.956277931903199,0.011396087079609957,0.015,15.625,0.15625,15.625,15.78125,bounded_core_residence,escaped,True,False,1,0,0.0010394040539788776,0.002623393457791344,0.018625473059878044,-0.6126820939813059,0.09523151977274942,-0.784570971522943
21,27,0.6687924408538293,6.128985390574736,0.3054726535610502,0.008119727683050929,0.015,22.5,0.15625,22.5,22.65625,bounded_core_residence,escaped,True,False,1,0,0.01227275971356731,0.005929208072259616,0.010254454558668356,-0.6126820939813059,0.09523151977274942,-0.784570971522943
21,28,0.6687924408538293,6.128985390574736,3.29179707729452,0.003914953420673225,0.015,35.3125,0.15625,35.3125,35.46875,bounded_core_residence,escaped,True,False,1,0,0.008141530498059884,-0.0051828226925705115,0.01213180490992902,-0.6126820939813059,0.09523151977274942,-0.784570971522943
21,29,0.6687924408538293,6.128985390574736,5.486235849211301,0.011921419980567179,0.015,14.0625,0.15625,14.0625,14.21875,bounded_core_residence,escaped,True,False,1,0,0.003859615707944292,0.007831913625663184,0.01705534373444896,-0.6126820939813059,0.09523151977274942,-0.784570971522943
22,0,0.8714744012023101,1.135113041013641,3.7720060122385553,0.0034490359144445123,0.014999999999999998,34.375,0.15625,34.375,34.53125,bounded_core_residence,escaped,True,False,1,0,0.006818043248515354,0.008044544604625725,0.011211397642786978,-0.3229705934653301,-0.6937879338063867,-0.6436989192637481
22,1,0.8714744012023101,1.135113041013641,0.031091583155287605,0.014163222348991453,0.014999999999999998,13.125,0.15625,13.125,13.28125,bounded_core_residence,escaped,True,False,1,0,-0.007869748042876,0.016638170110460967,0.009318542183409568,-0.3229705934653301,-0.6937879338063867,-0.6436989192637481
22,2,0.8714744012023101,1.135113041013641,2.05576398949629,0.012477038337729097,0.014999999999999998,15.15625,0.15625,15.15625,15.3125,bounded_core_residence,escaped,True,False,1,0,0.013116401244468043,0.014393644571158597,0.0012080976924220867,-0.3229705934653301,-0.6937879338063867,-0.6436989192637481
22,3,0.8714744012023101,1.135113041013641,6.024773940953101,0.007686135667153824,0.014999999999999998,31.875,0.15625,31.875,32.03125,bounded_core_residence,escaped,True,False,1,0,-0.0024257737932215327,0.012396683076415478,0.011158608860468575,-0.3229705934653301,-0.6937879338063867,-0.6436989192637481
22,4,0.8714744012023101,1.135113041013641,0.4979852375347388,0.012320113236303696,0.014999999999999998,9.453125,0.234375,9.453125,9.6875,bounded_core_residence,escaped,True,False,1,0,-0.003369436461218009,0.018408941803942293,0.005151985029891489,-0.3229705934653301,-0.6937879338063867,-0.6436989192637481
22,5,0.8714744012023101,1.135113041013641,5.873976842329216,0.009689984766057378,0.014999999999999998,23.125,0.15625,23.125,23.28125,bounded_core_residence,escaped,True,False,1,0,-0.004262282222381263,0.011908712699341422,0.012606003207509549,-0.3229705934653301,-0.6937879338063867,-0.6436989192637481
22,6,0.8714744012023101,1.135113041013641,1.2646013028142586,0.014378962401690872,0.014999999999999998,11.25,0.15625,11.25,11.40625,bounded_core_residence,escaped,True,False,1,0,0.004639673953511057,0.020236799818732873,-0.0008366112901963506,-0.3229705934653301,-0.6937879338063867,-0.6436989192637481
22,7,0.8714744012023101,1.135113041013641,3.563108860971084,0.006373954140623999,0.014999999999999998,30.0,0.15625,30.0,30.15625,bounded_core_residence,escaped,True,False,1,0,0.00940882116270672,0.00643041368235311,0.011651229788686938,-0.3229705934653301,-0.6937879338063867,-0.6436989192637481
22,8,0.8714744012023101,1.135113041013641,0.03260658649762787,0.008318389143462257,0.014999999999999998,24.53125,0.15625,24.53125,24.6875,bounded_core_residence,escaped,True,False,1,0,-0.0026190629543741996,0.0140738173369851,0.009447950716863048,-0.3229705934653301,-0.6937879338063867,-0.6436989192637481
22,9,0.8714744012023101,1.135113041013641,4.550868627301685,0.014197074928942281,0.014999999999999998,12.34375,0.15625,12.34375,12.5,bounded_core_residence,escaped,True,False,1,0,0.003107848863409614,0.0012661677533180905,0.020378788756956645,-0.3229705934653301,-0.6937879338063867,-0.6436989192637481
22,10,0.8714744012023101,1.135113041013641,4.238459931368365,0.011241642472587996,0.014999999999999998,17.8125,0.15625,17.8125,17.96875,bounded_core_residence,escaped,True,False,1,0,0.006778489209616425,0.0024044018137762083,0.017310270403275558,-0.3229705934653301,-0.6937879338063867,-0.6436989192637481
22,11,0.8714744012023101,1.135113041013641,2.4445748229383217,0.014421983240597019,0.014999999999999998,10.3125,0.15625,10.3125,10.46875,bounded_core_residence,escaped,True,False,1,0,0.017384741579725114,0.011142556664644174,0.002570562540268508,-0.3229705934653301,-0.6937879338063867,-0.6436989192637481
22,12,0.8714744012023101,1.135113041013641,1.9527027568451438,0.010765398125827809,0.014999999999999998,19.6875,0.15625,19.6875,19.84375,bounded_core_residence,escaped,True,False,1,0,0.011195744360807287,0.014543281341781096,0.002010490693544885,-0.3229705934653301,-0.6937879338063867,-0.6436989192637481
22,13,0.8714744012023101,1.135113041013641,5.6757145541156975,0.0021864878675943613,0.014999999999999998,38.4375,0.15625,38.4375,38.59375,bounded_core_residence,escaped,True,False,1,0,0.0028779204969689377,0.010436186610149873,0.010610575471970965,-0.3229705934653301,-0.6937879338063867,-0.6436989192637481
22,14,0.8714744012023101,1.135113041013641,0.6309578878873804,0.014482438767192006,0.014999999999999998,7.578125,0.234375,7.578125,7.8125,bounded_core_residence,escaped,True,False,1,0,-0.0034361195992548598,0.020327720162845293,0.0031173558869874943,-0.3229705934653301,-0.6937879338063867,-0.6436989192637481
22,15,0.8714744012023101,1.135113041013641,5.527835511308884,0.014026994937719854,0.014999999999999998,12.8125,0.15625,12.8125,12.96875,bounded_core_residence,escaped,True,False,1,0,-0.007025859892399701,0.009104995604484733,0.017014491905358246,-0.3229705934653301,-0.6937879338063867,-0.6436989192637481
22,16,0.8714744012023101,1.135113041013641,0.5375019798099839,0.008595155032990952,0.014999999999999998,12.03125,0.15625,12.03125,12.1875,bounded_core_residence,escaped,True,False,1,0,-0.0006533944014883953,0.016090799775263852,0.006287760204526094,-0.3229705934653301,-0.6937879338063867,-0.6436989192637481
22,17,0.8714744012023101,1.135113041013641,0.9105784938235234,0.012375090865119441,0.014999999999999998,9.21875,0.234375,9.21875,9.453125,bounded_core_residence,escaped,True,False,1,0,0.0006194126946387907,0.019313924056364985,0.0021752101918318025,-0.3229705934653301,-0.6937879338063867,-0.6436989192637481
22,18,0.8714744012023101,1.135113041013641,3.4557698680652607,0.012907214895432144,0.014999999999999998,13.59375,0.15625,13.59375,13.75,bounded_core_residence,escaped,True,False,1,0,0.014889641729966329,0.002898515239015723,0.01270800436415192,-0.3229705934653301,-0.6937879338063867,-0.6436989192637481
22,19,0.8714744012023101,1.135113041013641,1.2247161951065313,0.014254711965284014,0.014999999999999998,10.78125,0.15625,10.78125,10.9375,bounded_core_residence,escaped,True,False,1,0,0.004103728034496929,0.020272846820891012,-0.0006065568471168431,-0.3229705934653301,-0.6937879338063867,-0.6436989192637481
22,20,0.8714744012023101,1.135113041013641,5.3709140609661015,0.012052253005063187,0.014999999999999998,14.84375,0.15625,14.84375,15.0,bounded_core_residence,escaped,True,False,1,0,-0.0044313202027027815,0.007956861216694268,0.016950178858567817,-0.3229705934653301,-0.6937879338063867,-0.6436989192637481
22,21,0.8714744012023101,1.135113041013641,1.9001933387279966,0.00814979681442504,0.014999999999999998,24.375,0.15625,24.375,24.53125,bounded_core_residence,escaped,True,False,1,0,0.009329468986597825,0.013794500240265097,0.0037539259004205194,-0.3229705934653301,-0.6937879338063867,-0.6436989192637481
22,22,0.8714744012023101,1.135113041013641,0.3707194757686261,0.0012284594155905538,0.014999999999999998,37.5,0.15625,37.5,37.65625,two_core_entries,escaped,True,True,2,1,0.003927420258153738,0.011149764173875755,0.009314893532325175,-0.3229705934653301,-0.6937879338063867,-0.6436989192637481
22,23,0.8714744012023101,1.135113041013641,1.8311441021979853,0.013988208820042059,0.014999999999999998,15.0,0.15625,15.0,15.15625,bounded_core_residence,escaped,True,False,1,0,0.011780957239127098,0.01677512435763838,-0.0006886474487928212,-0.3229705934653301,-0.6937879338063867,-0.6436989192637481
22,24,0.8714744012023101,1.135113041013641,3.1322265505363474,0.0076312584616494185,0.014999999999999998,22.1875,0.15625,22.1875,22.34375,bounded_core_residence,escaped,True,False,1,0,0.011782032819282298,0.00722805045224054,0.009600786166440535,-0.3229705934653301,-0.6937879338063867,-0.6436989192637481
22,25,0.8714744012023101,1.135113041013641,1.7114538954831295,0.009517537511139025,0.014999999999999998,20.9375,0.15625,20.9375,21.09375,bounded_core_residence,escaped,True,False,1,0,0.008614216195190748,0.015342959813571538,0.0024438461034976587,-0.3229705934653301,-0.6937879338063867,-0.6436989192637481
22,26,0.8714744012023101,1.135113041013641,1.8089996916257818,0.00600021796704219,0.014999999999999998,26.875,0.15625,26.875,27.03125,bounded_core_residence,escaped,True,False,1,0,0.007712086590799237,0.01321196256906225,0.005193301564682002,-0.3229705934653301,-0.6937879338063867,-0.6436989192637481
22,27,0.8714744012023101,1.135113041013641,3.12422168131579,0.0060486344960079515,0.014999999999999998,29.375,0.15625,29.375,29.53125,bounded_core_residence,escaped,True,False,1,0,0.010355856144185063,0.007915811756762594,0.009575079478455565,-0.3229705934653301,-0.6937879338063867,-0.6436989192637481
22,28,0.8714744012023101,1.135113041013641,0.9908457192338402,0.007530903173906579,0.014999999999999998,13.4375,0.15625,13.4375,13.59375,bounded_core_residence,escaped,True,False,1,0,0.0028146029460215057,0.015824640033237275,0.004834592091321399,-0.3229705934653301,-0.6937879338063867,-0.6436989192637481
22,29,0.8714744012023101,1.135113041013641,5.912629158445243,0.01432856453536816,0.014999999999999998,12.5,0.15625,12.5,12.65625,bounded_core_residence,escaped,True,False,1,0,-0.00867338146450759,0.013015422809738364,0.013626407622667414,-0.3229705934653301,-0.6937879338063867,-0.6436989192637481
23,0,0.6494812791979778,0.5304918381410414,3.266997554880035,0.010643602735535518,0.015000000000000001,18.4375,0.15625,18.4375,18.59375,bounded_core_residence,escaped,True,False,1,0,0.012253209503268987,-0.005055211375426584,0.012751077366664178,-0.5216523132440891,-0.3059897125165537,-0.796397614211097
23,1,0.6494812791979778,0.5304918381410414,2.483393557101202,0.007956857200391845,0.015000000000000001,14.375,0.15625,14.375,14.53125,bounded_core_residence,escaped,True,False,1,0,0.01435304185796354,0.0011215477523869553,0.00900243836802507,-0.5216523132440891,-0.3059897125165537,-0.796397614211097
23,2,0.6494812791979778,0.5304918381410414,3.245904546325197,0.0031537351195828948,0.015000000000000001,35.0,0.15625,35.0,35.15625,bounded_core_residence,escaped,True,False,1,0,0.009186193522229118,0.001752034548968958,0.012144557164255332,-0.5216523132440891,-0.3059897125165537,-0.796397614211097
23,3,0.6494812791979778,0.5304918381410414,4.113792502496997,0.013754124161302467,0.015000000000000001,11.5625,0.15625,11.5625,11.71875,bounded_core_residence,escaped,True,False,1,0,0.003940612120823287,-0.006673681765489081,0.01881779687558359,-0.5216523132440891,-0.3059897125165537,-0.796397614211097
23,4,0.6494812791979778,0.5304918381410414,4.902522862945618,0.013111001415258637,0.015000000000000001,12.5,0.15625,12.5,12.65625,bounded_core_residence,escaped,True,False,1,0,-0.002273061287423994,0.001539351248140427,0.01973225654174851,-0.5216523132440891,-0.3059897125165537,-0.796397614211097
23,5,0.6494812791979778,0.5304918381410414,5.078036296662784,0.011805702616823153,0.015000000000000001,15.625,0.15625,15.625,15.78125,bounded_core_residence,escaped,True,False,1,0,-0.0018846345031010917,0.003788299999043096,0.01861374626946,-0.5216523132440891,-0.3059897125165537,-0.796397614211097
23,6,0.6494812791979778,0.5304918381410414,4.2170159184951155,0.01034424843779989,0.015000000000000001,16.25,0.15625,16.25,16.40625,bounded_core_residence,escaped,True,False,1,0,0.004061015238030126,-0.0033186616331471377,0.017449874381899995,-0.5216523132440891,-0.3059897125165537,-0.796397614211097
23,7,0.6494812791979778,0.5304918381410414,0.6147396006012811,0.006778564155382269,0.015000000000000001,23.59375,0.15625,23.59375,23.75,bounded_core_residence,escaped,True,False,1,0,0.0077086045316240494,0.010941633185247063,0.009581597540241333,-0.5216523132440891,-0.3059897125165537,-0.796397614211097
23,8,0.6494812791979778,0.5304918381410414,5.649561379519303,0.0068748977738042885,0.015000000000000001,34.21875,0.15625,34.21875,34.375,bounded_core_residence,escaped,True,False,1,0,0.002225452841344627,0.00772861001476979,0.014407642634755014,-0.5216523132440891,-0.3059897125165537,-0.796397614211097
23,9,0.6494812791979778,0.5304918381410414,2.1628230497940844,0.008259004192823912,0.015000000000000001,14.0625,0.15625,14.0625,14.21875,bounded_core_residence,escaped,True,False,1,0,0.01486456773972413,0.003375950467624879,0.007801200843996971,-0.5216523132440891,-0.3059897125165537,-0.796397614211097
23,10,0.6494812791979778,0.5304918381410414,3.0826784234913442,0.010483065679653873,0.015000000000000001,17.1875,0.15625,17.1875,17.34375,bounded_core_residence,escaped,True,False,1,0,0.01354357936432804,-0.004188007461229711,0.011572671150204213,-0.5216523132440891,-0.3059897125165537,-0.796397614211097
23,11,0.6494812791979778,0.5304918381410414,4.243763759645477,0.011381175580847768,0.015000000000000001,14.21875,0.15625,14.21875,14.375,bounded_core_residence,escaped,True,False,1,0,0.003450320634142464,-0.003935626447947885,0.01808693698739257,-0.5216523132440891,-0.3059897125165537,-0.796397614211097
23,12,0.6494812791979778,0.5304918381410414,0.23474855989280058,0.0070860257772922585,0.015000000000000001,24.6875,0.15625,24.6875,24.84375,bounded_core_residence,escaped,True,False,1,0,0.005470100944783184,0.01119844933220938,0.01094917757296281,-0.5216523132440891,-0.3059897125165537,-0.796397614211097
23,13,0.6494812791979778,0.5304918381410414,0.4721543606167595,0.001797891314257802,0.015000000000000001,35.0,0.15625,35.0,35.15625,bounded_core_residence,escaped,True,False,1,0,0.007576357584416136,0.006300444675760882,0.011451446014308416,-0.5216523132440891,-0.3059897125165537,-0.796397614211097
23,14,0.6494812791979778,0.5304918381410414,4.659296739851156,0.012027783361384459,0.015000000000000001,12.1875,0.15625,12.1875,12.34375,bounded_core_residence,escaped,True,False,1,0,-0.00010298766543748519,-0.0008003973541192517,0.01920979776584552,-0.5216523132440891,-0.3059897125165537,-0.796397614211097
23,15,0.6494812791979778,0.5304918381410414,1.7460823337894933,0.011170337408307566,0.015000000000000001,14.0625,0.15625,14.0625,14.21875,bounded_core_residence,escaped,True,False,1,0,0.01636615027024424,0.0073416324912345095,0.005293958397160819,-0.5216523132440891,-0.3059897125165537,-0.796397614211097
23,16,0.6494812791979778,0.5304918381410414,5.759437534029279,0.010989297628899886,0.015000000000000001,18.90625,0.15625,18.90625,19.0625,bounded_core_residence,escaped,True,False,1,0,-0.0007654701880716423,0.010583512279390297,0.015269839082312331,-0.5216523132440891,-0.3059897125165537,-0.796397614211097
23,17,0.6494812791979778,0.5304918381410414,1.2916877521760761,0.01494139599520015,0.015000000000000001,12.34375,0.15625,12.34375,12.5,bounded_core_residence,escaped,True,False,1,0,0.015608730056486697,0.01392797796920679,0.0032594922915083254,-0.5216523132440891,-0.3059897125165537,-0.796397614211097
23,18,0.6494812791979778,0.5304918381410414,4.411117175349182,0.010612414495343545,0.015000000000000001,13.59375,0.15625,13.59375,13.75,bounded_core_residence,escaped,True,False,1,0,0.002456343814747429,-0.0022100170012451636,0.018074997685724254,-0.5216523132440891,-0.3059897125165537,-0.796397614211097
23,19,0.6494812791979778,0.5304918381410414,1.7207736357428316,0.010831028656524322,0.015000000000000001,14.6875,0.15625,14.6875,14.84375,bounded_core_residence,escaped,True,False,1,0,0.016000328318026554,0.007509246040885632,0.005469177211542161,-0.5216523132440891,-0.3059897125165537,-0.796397614211097
23,20,0.6494812791979778,0.5304918381410414,5.103551275356287,0.00847753881187091,0.015000000000000001,22.96875,0.15625,22.96875,23.125,bounded_core_residence,escaped,True,False,1,0,0.000805759785487292,0.004219834854295196,0.01668569474961545,-0.5216523132440891,-0.3059897125165537,-0.796397614211097
23,21,0.6494812791979778,0.5304918381410414,1.9197640064036157,0.01488794182282975,0.015000000000000001,11.25,0.15625,11.25,11.40625,bounded_core_residence,escaped,True,False,1,0,0.020011100591586475,0.005836320345794965,0.003484828497161724,-0.5216523132440891,-0.3059897125165537,-0.796397614211097
23,22,0.6494812791979778,0.5304918381410414,2.6098320882695134,0.004534921795845788,0.015000000000000001,28.125,0.15625,28.125,28.28125,bounded_core_residence,escaped,True,False,1,0,0.011382007047124817,0.0021448904374590924,0.010555324546641601,-0.5216523132440891,-0.3059897125165537,-0.796397614211097
23,23,0.6494812791979778,0.5304918381410414,0.9500026720420954,0.006083482412465641,0.015000000000000001,25.46875,0.15625,25.46875,25.625,bounded_core_residence,escaped,True,False,1,0,0.009433636547797497,0.009636062714446426,0.008953298560312479,-0.5216523132440891,-0.3059897125165537,-0.796397614211097
23,24,0.6494812791979778,0.5304918381410414,2.7355155926245445,0.009702012079977026,0.015000000000000001,12.65625,0.15625,12.65625,12.8125,bounded_core_residence,escaped,True,False,1,0,0.0149670059223252,-0.001553922756385738,0.009628244709618108,-0.5216523132440891,-0.3059897125165537,-0.796397614211097
23,25,0.6494812791979778,0.5304918381410414,4.509442202974211,0.005712747672634658,0.015000000000000001,24.21875,0.15625,24.21875,24.375,bounded_core_residence,escaped,True,False,1,0,0.004563592954682647,0.0013419884260336065,0.015329976268068892,-0.5216523132440891,-0.3059897125165537,-0.796397614211097
23,26,0.6494812791979778,0.5304918381410414,4.587499405168826,0.014239207218717565,0.015000000000000001,9.6875,0.234375,9.6875,9.921875,bounded_core_residence,escaped,True,False,1,0,-0.0009830822077107147,-0.0026329897321775864,0.02049038644488455,-0.5216523132440891,-0.3059897125165537,-0.796397614211097
23,27,0.6494812791979778,0.5304918381410414,2.65305494385501,0.013030800486693412,0.015000000000000001,9.21875,0.234375,9.21875,9.453125,bounded_core_residence,escaped,True,False,1,0,0.01784775821309443,-0.0028708194117440557,0.008247283431293186,-0.5216523132440891,-0.3059897125165537,-0.796397614211097
23,28,0.6494812791979778,0.5304918381410414,1.006787687779396,0.014340471824945682,0.015000000000000001,11.25,0.15625,11.25,11.40625,bounded_core_residence,escaped,True,False,1,0,0.01227135716542816,0.0160857428483637,0.004616470783712607,-0.5216523132440891,-0.3059897125165537,-0.796397614211097
23,29,0.6494812791979778,0.5304918381410414,3.2460685461678898,0.012039006968134007,0.015000000000000001,15.78125,0.15625,15.78125,15.9375,bounded_core_residence,escaped,True,False,1,0,0.013020347200969253,-0.006243773009728936,0.012705256634478967,-0.5216523132440891,-0.3059897125165537,-0.796397614211097
24,0,2.3398575939494934,5.484301920448568,0.43351364542445137,0.008748459624367886,0.015,28.125,0.15625,28.125,28.28125,bounded_core_residence,escaped,True,False,1,0,0.011424445090990864,-0.0003545706044268569,-0.013072562099627073,-0.5012035112959673,0.5149068166645281,0.6954610056768067
24,1,2.3398575939494934,5.484301920448568,0.25423265418231716,0.004240517991191251,0.015,36.71875,0.15625,36.71875,36.875,bounded_core_residence,escaped,True,False,1,0,0.009941691700678091,-0.004329390333171107,-0.01119826496852658,-0.5012035112959673,0.5149068166645281,0.6954610056768067
24,2,2.3398575939494934,5.484301920448568,1.9421253236833296,0.013548985386117445,0.015,12.5,0.15625,12.5,12.65625,bounded_core_residence,escaped,True,False,1,0,-0.002129387590666329,-0.004860786849251378,-0.019504190951897624,-0.5012035112959673,0.5149068166645281,0.6954610056768067
24,3,2.3398575939494934,5.484301920448568,2.184078895146603,0.012503517389249822,0.015,15.15625,0.15625,15.15625,15.3125,bounded_core_residence,escaped,True,False,1,0,-0.00259876593849893,-0.007647580703021213,-0.017779169611962985,-0.5012035112959673,0.5149068166645281,0.6954610056768067
24,4,2.3398575939494934,5.484301920448568,0.2983826818743669,0.01172762977434058,0.015,17.5,0.15625,17.5,17.65625,bounded_core_residence,escaped,True,False,1,0,0.013878069005165966,0.0018131833096904654,-0.012909255094594393,-0.5012035112959673,0.5149068166645281,0.6954610056768067
24,5,2.3398575939494934,5.484301920448568,1.1559969426074448,0.01186558967415246,0.015,14.6875,0.15625,14.6875,14.84375,bounded_core_residence,escaped,True,False,1,0,0.005676906536868875,0.0010235925067153453,-0.018235054397155087,-0.5012035112959673,0.5149068166645281,0.6954610056768067
24,6,2.3398575939494934,5.484301920448568,3.7793591141636664,0.006059667416622058,0.015,21.71875,0.15625,21.71875,21.875,bounded_core_residence,escaped,True,False,1,0,0.005779564010323853,-0.012917443282915378,-0.007839379317478181,-0.5012035112959673,0.5149068166645281,0.6954610056768067
24,7,2.3398575939494934,5.484301920448568,1.8996829024525164,0.010712066923586573,0.015,14.6875,0.15625,14.6875,14.84375,bounded_core_residence,escaped,True,False,1,0,0.00012097800402246454,-0.0050846423504844725,-0.017716663180904015,-0.5012035112959673,0.5149068166645281,0.6954610056768067
24,8,2.3398575939494934,5.484301920448568,0.6118815522187436,0.012652544973872264,0.015,15.78125,0.15625,15.78125,15.9375,bounded_core_residence,escaped,True,False,1,0,0.011414134053620847,0.0031223520498114,-0.015654244018759634,-0.5012035112959673,0.5149068166645281,0.6954610056768067
24,9,2.3398575939494934,5.484301920448568,2.665780382311616,0.013038558045383071,0.015,15.3125,0.15625,15.3125,15.46875,bounded_core_residence,escaped,True,False,1,0,-0.0036844306577461785,-0.012831502596236763,-0.014723501884872798,-0.5012035112959673,0.5149068166645281,0.6954610056768067
24,10,2.3398575939494934,5.484301920448568,1.7474871527549143,0.012029700652221698,0.015,12.1875,0.15625,12.1875,12.34375,bounded_core_residence,escaped,True,False,1,0,0.00025822970884490076,-0.0032967926497351665,-0.018941440637506565,-0.5012035112959673,0.5149068166645281,0.6954610056768067
24,11,2.3398575939494934,5.484301920448568,1.3005408261721838,0.014860103615502164,0.015,10.78125,0.15625,10.78125,10.9375,bounded_core_residence,escaped,True,False,1,0,0.0034141162282077643,0.0021803877571350896,-0.0207222681932332,-0.5012035112959673,0.5149068166645281,0.6954610056768067
24,12,2.3398575939494934,5.484301920448568,4.428282076077518,0.014306999251135846,0.015,13.125,0.15625,13.125,13.28125,bounded_core_residence,escaped,True,False,1,0,0.011306347550703668,-0.017364882709634013,-0.0005635433571186312,-0.5012035112959673,0.5149068166645281,0.6954610056768067
24,13,2.3398575939494934,5.484301920448568,1.0250174184299468,0.010031660061159844,0.015,19.53125,0.15625,19.53125,19.6875,bounded_core_residence,escaped,True,False,1,0,0.0070901730362159954,0.00018152411357580736,-0.016593091902818345,-0.5012035112959673,0.5149068166645281,0.6954610056768067
24,14,2.3398575939494934,5.484301920448568,2.574464915476297,0.006463368289304993,0.015,36.875,0.15625,36.875,37.03125,bounded_core_residence,escaped,True,False,1,0,0.0019272961678146088,-0.00979569560385939,-0.012926910178432055,-0.5012035112959673,0.5149068166645281,0.6954610056768067
24,15,2.3398575939494934,5.484301920448568,4.640294906448977,0.007050594481964137,0.015,25.625,0.15625,25.625,25.78125,bounded_core_residence,escaped,True,False,1,0,0.010565409566852247,-0.011582391831732954,-0.00537877334435798,-0.5012035112959673,0.5149068166645281,0.6954610056768067
24,16,2.3398575939494934,5.484301920448568,1.493318929739612,0.012454096636503516,0.015,11.40625,0.15625,11.40625,11.5625,bounded_core_residence,escaped,True,False,1,0,0.002185571342197364,-0.0008633397163409669,-0.019354132516693226,-0.5012035112959673,0.5149068166645281,0.6954610056768067
24,17,2.3398575939494934,5.484301920448568,2.994785226242292,0.011290963282581598,0.015,17.03125,0.15625,17.03125,17.1875,bounded_core_residence,escaped,True,False,1,0,-0.0012869646808782347,-0.014691312782594897,-0.011618730674335368,-0.5012035112959673,0.5149068166645281,0.6954610056768067
24,18,2.3398575939494934,5.484301920448568,2.4230118463194974,0.013982711388474333,0.015,13.125,0.15625,13.125,13.28125,bounded_core_residence,escaped,True,False,1,0,-0.004489456401181753,-0.010477758062770065,-0.01704633640913246,-0.5012035112959673,0.5149068166645281,0.6954610056768067
24,19,2.3398575939494934,5.484301920448568,2.2486024922893657,0.014849177192833431,0.015,11.5625,0.15625,11.5625,11.71875,bounded_core_residence,escaped,True,False,1,0,-0.004765422887831752,-0.008454263170962265,-0.018743378623940904,-0.5012035112959673,0.5149068166645281,0.6954610056768067
24,20,2.3398575939494934,5.484301920448568,1.201990780031568,0.010899364419211188,0.015,15.15625,0.15625,15.15625,15.3125,bounded_core_residence,escaped,True,False,1,0,0.0054020099334176315,8.355179919177207e-05,-0.017737177129376475,-0.5012035112959673,0.5149068166645281,0.6954610056768067
24,21,2.3398575939494934,5.484301920448568,3.6320314056516763,0.010989832196504389,0.015,10.0,0.15625,10.0,10.15625,bounded_core_residence,escaped,True,False,1,0,0.003082240407532859,-0.01706517600914154,-0.006712374658384035,-0.5012035112959673,0.5149068166645281,0.6954610056768067
24,22,2.3398575939494934,5.484301920448568,4.946590316692316,0.006901164360514211,0.015,24.84375,0.15625,24.84375,25.0,bounded_core_residence,escaped,True,False,1,0,0.011921959232495494,-0.009951843088011763,-0.005608366673207047,-0.5012035112959673,0.5149068166645281,0.6954610056768067
24,23,2.3398575939494934,5.484301920448568,0.19463576298902657,0.013233556196619981,0.015,14.375,0.15625,14.375,14.53125,bounded_core_residence,escaped,True,False,1,0,0.015580288566189971,0.002608138166742371,-0.012271073021807459,-0.5012035112959673,0.5149068166645281,0.6954610056768067
24,24,2.3398575939494934,5.484301920448568,0.8798220422498985,0.007516569981558825,0.015,29.21875,0.15625,29.21875,29.375,bounded_core_residence,escaped,True,False,1,0,0.008140759451155595,-0.0014957041857545832,-0.014594167630762923,-0.5012035112959673,0.5149068166645281,0.6954610056768067
24,25,2.3398575939494934,5.484301920448568,5.265503065552589,0.014915476809685399,0.015,10.46875,0.15625,10.46875,10.625,bounded_core_residence,escaped,True,False,1,0,0.019289427089981565,-0.008582969364166842,-0.001312283465689363,-0.5012035112959673,0.5149068166645281,0.6954610056768067
24,26,2.3398575939494934,5.484301920448568,5.221954413025826,0.012704736085110758,0.015,11.875,0.15625,11.875,12.03125,bounded_core_residence,escaped,True,False,1,0,0.017338900698022897,-0.00892797188289279,-0.0024625514481310343,-0.5012035112959673,0.5149068166645281,0.6954610056768067
24,27,2.3398575939494934,5.484301920448568,5.900557655622777,0.013841666094423777,0.015,8.515625,0.234375,8.515625,8.75,bounded_core_residence,escaped,True,False,1,0,0.01922633364620317,-0.0013425395648606637,-0.006718437490308324,-0.5012035112959673,0.5149068166645281,0.6954610056768067
24,28,2.3398575939494934,5.484301920448568,4.074040188717279,0.012331099986196227,0.015,10.625,0.15625,10.625,10.78125,bounded_core_residence,escaped,True,False,1,0,0.007056603708724792,-0.017783814022549006,-0.003316071437555217,-0.5012035112959673,0.5149068166645281,0.6954610056768067
24,29,2.3398575939494934,5.484301920448568,1.3320256652386386,0.007364295498796625,0.015,19.0625,0.15625,19.0625,19.21875,bounded_core_residence,escaped,True,False,1,0,0.005295138064304199,-0.002942851674582755,-0.015573502659805161,-0.5012035112959673,0.5149068166645281,0.6954610056768067
25,0,1.4518695950930693,6.074429872423018,0.5338912702719547,0.008382940651812212,0.014999999999999998,29.375,0.15625,29.375,29.53125,bounded_core_residence,escaped,True,False,1,0,0.01656137383911894,0.003868071718929671,-0.002456137559252118,-0.9713794968708287,0.2057786677329001,-0.11864658850994513
25,1,1.4518695950930693,6.074429872423018,0.4243707889336191,0.003367398111933601,0.014999999999999998,33.125,0.15625,33.125,33.28125,bounded_core_residence,escaped,True,False,1,0,0.01536759231361322,-0.00011869221383743484,0.00040297479475045767,-0.9713794968708287,0.2057786677329001,-0.11864658850994513
25,2,1.4518695950930693,6.074429872423018,6.091443614244714,0.01390253310544091,0.014999999999999998,16.09375,0.15625,16.09375,16.25,bounded_core_residence,escaped,True,False,1,0,0.01709157028715976,0.010329919335501531,0.004410376218531654,-0.9713794968708287,0.2057786677329001,-0.11864658850994513
25,3,1.4518695950930693,6.074429872423018,4.809491994992289,0.00823043927016434,0.014999999999999998,24.375,0.15625,24.375,24.53125,bounded_core_residence,escaped,True,False,1,0,0.013785247848079241,-0.002104636835485751,0.00991350473533989,-0.9713794968708287,0.2057786677329001,-0.11864658850994513
25,4,1.4518695950930693,6.074429872423018,1.7274142715125356,0.010606101833465418,0.014999999999999998,22.34375,0.15625,22.34375,22.5,bounded_core_residence,escaped,True,False,1,0,0.015443836667847223,-0.004962684699996038,-0.008622590425569409,-0.9713794968708287,0.2057786677329001,-0.11864658850994513
25,5,1.4518695950930693,6.074429872423018,1.4697643196899919,0.012729001002977051,0.014999999999999998,17.96875,0.15625,17.96875,18.125,bounded_core_residence,escaped,True,False,1,0,0.016306690893692005,-0.0021420956200511507,-0.010794939786118804,-0.9713794968708287,0.2057786677329001,-0.11864658850994513
25,6,1.4518695950930693,6.074429872423018,5.4035938448369505,0.011878841848577482,0.014999999999999998,15.3125,0.15625,15.3125,15.46875,bounded_core_residence,escaped,True,False,1,0,0.015077682039246663,0.004546323149666185,0.010867443756730627,-0.9713794968708287,0.2057786677329001,-0.11864658850994513
25,7,1.4518695950930693,6.074429872423018,1.0002398139044386,0.010497474160169823,0.014999999999999998,21.71875,0.15625,21.71875,21.875,bounded_core_residence,escaped,True,False,1,0,0.016771141154704593,0.0022426871356782934,-0.0069925776737816865,-0.9713794968708287,0.2057786677329001,-0.11864658850994513
25,8,1.4518695950930693,6.074429872423018,2.1209853152059295,0.007806343516667837,0.014999999999999998,25.9375,0.15625,25.9375,26.09375,bounded_core_residence,escaped,True,False,1,0,0.014497197806319605,-0.007243222733668759,-0.004827626673131221,-0.9713794968708287,0.2057786677329001,-0.11864658850994513
25,9,1.4518695950930693,6.074429872423018,3.41271142962627,0.012911301073085297,0.014999999999999998,15.0,0.15625,15.0,15.15625,bounded_core_residence,escaped,True,False,1,0,0.01159131702675247,-0.015171263433373576,0.005213044294877378,-0.9713794968708287,0.2057786677329001,-0.11864658850994513
25,10,1.4518695950930693,6.074429872423018,3.4286625502593093,0.005585347595013455,0.014999999999999998,25.9375,0.15625,25.9375,26.09375,bounded_core_residence,escaped,True,False,1,0,0.013276979042736744,-0.008288278315015624,0.0033499817654270188,-0.9713794968708287,0.2057786677329001,-0.11864658850994513
25,11,1.4518695950930693,6.074429872423018,4.811339133125054,0.007460909472601614,0.014999999999999998,26.09375,0.15625,26.09375,26.25,bounded_core_residence,escaped,True,False,1,0,0.013861684284577635,-0.0021830716897351474,0.009151670719083307,-0.9713794968708287,0.2057786677329001,-0.11864658850994513
25,12,1.4518695950930693,6.074429872423018,3.4273038141554215,0.00852837462047419,0.014999999999999998,20.46875,0.15625,20.46875,20.625,bounded_core_residence,escaped,True,False,1,0,0.012595908398519207,-0.011032576172864168,0.004166356714590256,-0.9713794968708287,0.2057786677329001,-0.11864658850994513
25,13,1.4518695950930693,6.074429872423018,1.481324055434292,0.012403373902259516,0.014999999999999998,18.4375,0.15625,18.4375,18.59375,bounded_core_residence,escaped,True,False,1,0,0.016234284713607376,-0.0023062250988354085,-0.010486801695001576,-0.9713794968708287,0.2057786677329001,-0.11864658850994513
25,14,1.4518695950930693,6.074429872423018,0.2654817343155672,0.012989076355918632,0.014999999999999998,15.3125,0.15625,15.3125,15.46875,bounded_core_residence,escaped,True,False,1,0,0.01756384305060034,0.009091423319510832,-0.0016042268852058082,-0.9713794968708287,0.2057786677329001,-0.11864658850994513
25,15,1.4518695950930693,6.074429872423018,3.4780118506056446,0.0006456389527914926,0.014999999999999998,32.8125,0.15625,32.8125,32.96875,two_core_entries,escaped,True,True,2,1,0.014419650978380659,-0.003677654311528491,0.001991324705803465,-0.9713794968708287,0.2057786677329001,-0.11864658850994513
25,16,1.4518695950930693,6.074429872423018,5.427393971703529,0.0046048179828347595,0.014999999999999998,30.3125,0.15625,30.3125,30.46875,bounded_core_residence,escaped,True,False,1,0,0.014792777043837189,-4.771194483915763e-05,0.005232190703393889,-0.9713794968708287,0.2057786677329001,-0.11864658850994513
25,17,1.4518695950930693,6.074429872423018,4.325283979127411,0.014156800704751456,0.014999999999999998,16.09375,0.15625,16.09375,16.25,bounded_core_residence,escaped,True,False,1,0,0.011941517960116235,-0.007992636280242379,0.014796382000138613,-0.9713794968708287,0.2057786677329001,-0.11864658850994513
25,18,1.4518695950930693,6.074429872423018,0.5334849775102274,0.014427578643255817,0.014999999999999998,11.5625,0.15625,11.5625,11.71875,bounded_core_residence,escaped,True,False,1,0,0.017996815048109325,0.008885935209391826,-0.005505436321125476,-0.9713794968708287,0.2057786677329001,-0.11864658850994513
25,19,1.4518695950930693,6.074429872423018,3.4866826643888116,0.010685246249432921,0.014999999999999998,16.71875,0.15625,16.71875,16.875,bounded_core_residence,escaped,True,False,1,0,0.01206725573314299,-0.012834794604528086,0.00536878700839627,-0.9713794968708287,0.2057786677329001,-0.11864658850994513
25,20,1.4518695950930693,6.074429872423018,1.365620353479897,0.0046450475533505306,0.014999999999999998,31.40625,0.15625,31.40625,31.5625,bounded_core_residence,escaped,True,False,1,0,0.015294667856723496,-0.0022726665284575386,-0.002735797648918055,-0.9713794968708287,0.2057786677329001,-0.11864658850994513
25,21,1.4518695950930693,6.074429872423018,6.138026350733486,0.0031361594838405916,0.014999999999999998,32.8125,0.15625,32.8125,32.96875,bounded_core_residence,escaped,True,False,1,0,0.015161147652565144,-3.9720463015239463e-05,0.0022301391100152256,-0.9713794968708287,0.2057786677329001,-0.11864658850994513
25,22,1.4518695950930693,6.074429872423018,0.6294248781823557,0.008671901257037496,0.014999999999999998,29.21875,0.15625,29.21875,29.375,bounded_core_residence,escaped,True,False,1,0,0.016616015456488505,0.0036456761574953332,-0.003289216793738835,-0.9713794968708287,0.2057786677329001,-0.11864658850994513
25,23,1.4518695950930693,6.074429872423018,0.5462648603617557,0.007010688923652148,0.014999999999999998,30.46875,0.15625,30.46875,30.625,bounded_core_residence,escaped,True,False,1,0,0.016234899277476088,0.0026841419710197188,-0.0018366236723497804,-0.9713794968708287,0.2057786677329001,-0.11864658850994513
25,24,1.4518695950930693,6.074429872423018,4.482599390496455,0.00957287221917051,0.014999999999999998,21.5625,0.15625,21.5625,21.71875,bounded_core_residence,escaped,True,False,1,0,0.013036889484312314,-0.004990583811307718,0.01103510164523675,-0.9713794968708287,0.2057786677329001,-0.11864658850994513
25,25,1.4518695950930693,6.074429872423018,2.7075937272834834,0.010559956079953874,0.014999999999999998,15.3125,0.15625,15.3125,15.46875,bounded_core_residence,escaped,True,False,1,0,0.013100521102609475,-0.012568816870235526,-0.0026294223192787768,-0.9713794968708287,0.2057786677329001,-0.11864658850994513
25,26,1.4518695950930693,6.074429872423018,1.8598581173913413,0.01402475435311227,0.014999999999999998,16.875,0.15625,16.875,17.03125,bounded_core_residence,escaped,True,False,1,0,0.015302504645201154,-0.00732822754032464,-0.011568239596670105,-0.9713794968708287,0.2057786677329001,-0.11864658850994513
25,27,1.4518695950930693,6.074429872423018,5.909339187277711,0.005317738000850993,0.014999999999999998,30.625,0.15625,30.625,30.78125,bounded_core_residence,escaped,True,False,1,0,0.015371221195069232,0.001804035698962569,0.0037080118142769816,-0.9713794968708287,0.2057786677329001,-0.11864658850994513
25,28,1.4518695950930693,6.074429872423018,0.5247787392398365,0.014481270205759351,0.014999999999999998,11.40625,0.15625,11.40625,11.5625,bounded_core_residence,escaped,True,False,1,0,0.018010121857201994,0.008995426827848324,-0.005424480956347342,-0.9713794968708287,0.2057786677329001,-0.11864658850994513
25,29,1.4518695950930693,6.074429872423018,0.8267286601953544,0.012611522517367491,0.014999999999999998,15.0,0.15625,15.0,15.15625,bounded_core_residence,escaped,True,False,1,0,0.017417844612830677,0.005041341380926054,-0.00743330789960399,-0.9713794968708287,0.2057786677329001,-0.11864658850994513
26,0,1.135249037196545,2.7121065500511246,1.3095799921680098,0.013651704754724856,0.015,15.0,0.15625,15.0,15.15625,bounded_core_residence,escaped,True,False,1,0,-0.018891557833489583,0.004774502141416342,-0.005628695642482936,0.8242981655172616,-0.3775278871940701,-0.4219066587714142
26,1,1.135249037196545,2.7121065500511246,5.985474177534404,0.012723334212992963,0.015,16.875,0.15625,16.875,17.03125,bounded_core_residence,escaped,True,False,1,0,-0.015997836326854423,-0.00605169871532796,0.009712332830663917,0.8242981655172616,-0.3775278871940701,-0.4219066587714142
26,2,1.135249037196545,2.7121065500511246,1.955145325779981,0.014285611059357616,0.015,15.3125,0.15625,15.3125,15.46875,bounded_core_residence,escaped,True,False,1,0,-0.015214030541929111,0.012859555711462637,-0.005678361111471998,0.8242981655172616,-0.3775278871940701,-0.4219066587714142
26,3,1.135249037196545,2.7121065500511246,0.16005116990045076,0.003925961014694488,0.015,35.46875,0.15625,35.46875,35.625,bounded_core_residence,escaped,True,False,1,0,-0.014218365165849555,0.002249054548952876,0.005761337998702321,0.8242981655172616,-0.3775278871940701,-0.4219066587714142
26,4,1.135249037196545,2.7121065500511246,4.093282298422011,0.007766775767137889,0.015,25.0,0.15625,25.0,25.15625,bounded_core_residence,escaped,True,False,1,0,-0.008061398033493681,0.008649461943069316,0.012063311139897706,0.8242981655172616,-0.3775278871940701,-0.4219066587714142
26,5,1.135249037196545,2.7121065500511246,2.7522658334403216,0.01380734298577766,0.015,8.984375,0.234375,8.984375,9.21875,bounded_core_residence,escaped,True,False,1,0,-0.009055615399979811,0.018197564009872543,0.0015770904099459745,0.8242981655172616,-0.3775278871940701,-0.4219066587714142
26,6,1.135249037196545,2.7121065500511246,2.7467614888894527,0.010861578092872172,0.015,11.5625,0.15625,11.5625,11.71875,bounded_core_residence,escaped,True,False,1,0,-0.00979225803078276,0.015512262489951925,0.0025407230799443102,0.8242981655172616,-0.3775278871940701,-0.4219066587714142
26,7,1.135249037196545,2.7121065500511246,0.6324837939215464,0.0122440829777168,0.015,8.515625,0.234375,8.515625,8.75,bounded_core_residence,escaped,True,False,1,0,-0.01925316313019792,-0.0020441734686056845,-0.00023373548607413114,0.8242981655172616,-0.3775278871940701,-0.4219066587714142
26,8,1.135249037196545,2.7121065500511246,5.1018826528857355,0.00551117477974005,0.015,29.375,0.15625,29.375,29.53125,bounded_core_residence,escaped,True,False,1,0,-0.011280193166885728,0.0028645705011051733,0.010951005680520185,0.8242981655172616,-0.3775278871940701,-0.4219066587714142
26,9,1.135249037196545,2.7121065500511246,3.9452856376196093,0.012019308468267681,0.015,16.875,0.15625,16.875,17.03125,bounded_core_residence,escaped,True,False,1,0,-0.005571626906155767,0.011727140726141477,0.014173740510650188,0.8242981655172616,-0.3775278871940701,-0.4219066587714142
26,10,1.135249037196545,2.7121065500511246,2.966291403534034,0.005600602959918582,0.015,26.09375,0.15625,26.09375,26.25,bounded_core_residence,escaped,True,False,1,0,-0.010442781898333638,0.010848437304182251,0.0054430200987788885,0.8242981655172616,-0.3775278871940701,-0.4219066587714142
26,11,1.135249037196545,2.7121065500511246,2.469261244204525,0.010223736621353861,0.015,15.3125,0.15625,15.3125,15.46875,bounded_core_residence,escaped,True,False,1,0,-0.01147624750723037,0.014053890330445254,0.0005556079871799121,0.8242981655172616,-0.3775278871940701,-0.4219066587714142
26,12,1.135249037196545,2.7121065500511246,3.070557690261679,0.013043491321180548,0.015,11.09375,0.15625,11.09375,11.25,bounded_core_residence,escaped,True,False,1,0,-0.0073019260366917966,0.01765453231040397,0.005489265060214975,0.8242981655172616,-0.3775278871940701,-0.4219066587714142
26,13,1.135249037196545,2.7121065500511246,3.8211581143852227,0.008133758344271453,0.015,23.59375,0.15625,23.59375,23.75,bounded_core_residence,escaped,True,False,1,0,-0.007769172893132855,0.010517085432161108,0.010963069432063256,0.8242981655172616,-0.3775278871940701,-0.4219066587714142
26,14,1.135249037196545,2.7121065500511246,0.9575465982662462,0.008652984617957998,0.015,12.5,0.15625,12.5,12.65625,bounded_core_residence,escaped,True,False,1,0,-0.017152551309840593,0.0023783514102745703,-8.7011097846151e-05,0.8242981655172616,-0.3775278871940701,-0.4219066587714142
26,15,1.135249037196545,2.7121065500511246,3.3547312556539377,0.013494976443568535,0.015,13.125,0.15625,13.125,13.28125,bounded_core_residence,escaped,True,False,1,0,-0.0057772883935533195,0.01715314467835168,0.008916667296345607,0.8242981655172616,-0.3775278871940701,-0.4219066587714142
26,16,1.135249037196545,2.7121065500511246,4.82523932341754,0.014119222761946573,0.015,12.1875,0.15625,12.1875,12.34375,bounded_core_residence,escaped,True,False,1,0,-0.007645016804653834,0.0017526053085686272,0.01904821629681918,0.8242981655172616,-0.3775278871940701,-0.4219066587714142
26,17,1.135249037196545,2.7121065500511246,2.317999899868159,0.01321275713779217,0.015,12.5,0.15625,12.5,12.65625,bounded_core_residence,escaped,True,False,1,0,-0.012343519309608194,0.015529538583276693,-0.002459250622878469,0.8242981655172616,-0.3775278871940701,-0.4219066587714142
26,18,1.135249037196545,2.7121065500511246,0.31917287613333767,0.01433339730139894,0.015,11.40625,0.15625,11.40625,11.5625,bounded_core_residence,escaped,True,False,1,0,-0.01975672659065325,-0.00592041309426464,0.0022509423393736773,0.8242981655172616,-0.3775278871940701,-0.4219066587714142
26,19,1.135249037196545,2.7121065500511246,4.735541321488365,0.01106219381905807,0.015,15.78125,0.15625,15.78125,15.9375,bounded_core_residence,escaped,True,False,1,0,-0.008228911421092907,0.003487160191632948,0.016355331323825384,0.8242981655172616,-0.3775278871940701,-0.4219066587714142
26,20,1.135249037196545,2.7121065500511246,0.21943743056689574,0.004668540098885997,0.015,22.96875,0.15625,22.96875,23.125,bounded_core_residence,escaped,True,False,1,0,-0.014651675170084246,0.001698697954366799,0.005407227258500726,0.8242981655172616,-0.3775278871940701,-0.4219066587714142
26,21,1.135249037196545,2.7121065500511246,0.31755178577155335,0.0054684162970528565,0.015,18.59375,0.15625,18.59375,18.75,bounded_core_residence,escaped,True,False,1,0,-0.015182659448468841,0.0012396934488431363,0.004780542753975584,0.8242981655172616,-0.3775278871940701,-0.4219066587714142
26,22,1.135249037196545,2.7121065500511246,3.518399082880019,0.01265098638201138,0.015,15.0,0.15625,15.0,15.15625,bounded_core_residence,escaped,True,False,1,0,-0.005680535339819167,0.015540209136575847,0.010548975053643245,0.8242981655172616,-0.3775278871940701,-0.4219066587714142
26,23,1.135249037196545,2.7121065500511246,2.3035196642143037,0.01331854859582081,0.015,12.5,0.15625,12.5,12.65625,bounded_core_residence,escaped,True,False,1,0,-0.01245253592308208,0.015501896455213056,-0.002647506765891962,0.8242981655172616,-0.3775278871940701,-0.4219066587714142
26,24,1.135249037196545,2.7121065500511246,1.9560910541092638,0.010738378042102432,0.015,21.71875,0.15625,21.71875,21.875,bounded_core_residence,escaped,True,False,1,0,-0.014501080254302069,0.011080460530640457,-0.0026934789515266917,0.8242981655172616,-0.3775278871940701,-0.4219066587714142
26,25,1.135249037196545,2.7121065500511246,1.7982239755576561,0.012880975814974655,0.015,18.125,0.15625,18.125,18.28125,bounded_core_residence,escaped,True,False,1,0,-0.01596887920944637,0.01050815267827837,-0.005049075363872538,0.8242981655172616,-0.3775278871940701,-0.4219066587714142
26,26,1.135249037196545,2.7121065500511246,0.6382045226809756,0.013411785145550413,0.015,7.8125,0.234375,7.8125,8.046875,bounded_core_residence,escaped,True,False,1,0,-0.019914856472199684,-0.0027269421023693426,-0.0009155649908218141,0.8242981655172616,-0.3775278871940701,-0.4219066587714142
26,27,1.135249037196545,2.7121065500511246,3.171995030351869,0.009219517097079568,0.015,16.5625,0.15625,16.5625,16.71875,bounded_core_residence,escaped,True,False,1,0,-0.008419704536918229,0.013992008347612786,0.0065826874006499145,0.8242981655172616,-0.3775278871940701,-0.4219066587714142
26,28,1.135249037196545,2.7121065500511246,3.6312486581270065,0.012194466273505428,0.015,16.25,0.15625,16.25,16.40625,bounded_core_residence,escaped,True,False,1,0,-0.005683313512412706,0.014439501852881353,0.011528475244190988,0.8242981655172616,-0.3775278871940701,-0.4219066587714142
26,29,1.135249037196545,2.7121065500511246,5.3736296397565075,0.010205293464176205,0.015,18.28125,0.15625,18.28125,18.4375,bounded_core_residence,escaped,True,False,1,0,-0.011884534562231513,-0.001449956821900444,0.013630974952060712,0.8242981655172616,-0.3775278871940701,-0.4219066587714142
27,0,2.146887379405385,1.029310436389325,2.020827405515871,0.00653702352413383,0.015,28.59375,0.15625,28.59375,28.75,bounded_core_residence,escaped,True,False,1,0,0.007267449127880335,0.006566099330804417,-0.013107371945083431,-0.43222193078704213,-0.718631730469648,0.5447500697649524
27,1,2.146887379405385,1.029310436389325,3.738038843422822,0.0058137129602153685,0.015,28.28125,0.15625,28.28125,28.4375,bounded_core_residence,escaped,True,False,1,0,0.011522023004092673,0.009824852287444974,-0.0054327269217974315,-0.43222193078704213,-0.718631730469648,0.5447500697649524
27,2,2.146887379405385,1.029310436389325,1.5845817917991152,0.010359516929548425,0.015,15.0,0.15625,15.0,15.15625,bounded_core_residence,escaped,True,False,1,0,0.0036973451296791783,0.005870300095041573,-0.016857900426796718,-0.43222193078704213,-0.718631730469648,0.5447500697649524
27,3,2.146887379405385,1.029310436389325,4.763602171131333,0.01081444590864846,0.015,20.0,0.15625,20.0,20.15625,bounded_core_residence,escaped,True,False,1,0,0.009041311028299467,0.01610658963181892,0.0008858361207452654,-0.43222193078704213,-0.718631730469648,0.5447500697649524
27,4,2.146887379405385,1.029310436389325,2.272080433175469,0.010437506902023237,0.015,20.625,0.15625,20.625,20.78125,bounded_core_residence,escaped,True,False,1,0,0.010015251402643973,0.003585952481414271,-0.014858574442814474,-0.43222193078704213,-0.718631730469648,0.5447500697649524
27,5,2.146887379405385,1.029310436389325,4.435804521680537,0.010053697814006196,0.015,22.65625,0.15625,22.65625,22.8125,bounded_core_residence,escaped,True,False,1,0,0.011551453410607176,0.013879376187270052,-6.0667043490161485e-05,-0.43222193078704213,-0.718631730469648,0.5447500697649524
27,6,2.146887379405385,1.029310436389325,1.628454003241086,0.011789281898919353,0.015,13.75,0.15625,13.75,13.90625,bounded_core_residence,escaped,True,False,1,0,0.0037609363403445692,0.00493499457036389,-0.018041295799541175,-0.43222193078704213,-0.718631730469648,0.5447500697649524
27,7,2.146887379405385,1.029310436389325,3.507139671577203,0.009747505839356668,0.015,12.34375,0.15625,12.34375,12.5,bounded_core_residence,escaped,True,False,1,0,0.015262791090731476,0.007714019281910713,-0.005249284210946279,-0.43222193078704213,-0.718631730469648,0.5447500697649524
27,8,2.146887379405385,1.029310436389325,3.8317015892847706,0.010852534241894037,0.015,12.34375,0.15625,12.34375,12.5,bounded_core_residence,escaped,True,False,1,0,0.015595104914622467,0.009691135496791823,-0.002377413501312358,-0.43222193078704213,-0.718631730469648,0.5447500697649524
27,9,2.146887379405385,1.029310436389325,2.304916424492998,0.008164827125371343,0.015,25.9375,0.15625,25.9375,26.09375,bounded_core_residence,escaped,True,False,1,0,0.009468772058928713,0.005130496842837534,-0.01325461277551648,-0.43222193078704213,-0.718631730469648,0.5447500697649524
27,10,2.146887379405385,1.029310436389325,4.290280438839703,0.010308447743640207,0.015,21.40625,0.15625,21.40625,21.5625,bounded_core_residence,escaped,True,False,1,0,0.012742644098659054,0.012992601016734252,-0.00028536832029247075,-0.43222193078704213,-0.718631730469648,0.5447500697649524
27,11,2.146887379405385,1.029310436389325,2.2466597228234937,0.001758311613078551,0.015,36.25,0.15625,36.25,36.40625,bounded_core_residence,escaped,True,False,1,0,0.007040770209583308,0.009572178209752397,-0.009321621044929498,-0.43222193078704213,-0.718631730469648,0.5447500697649524
27,12,2.146887379405385,1.029310436389325,5.719676714071451,0.0069640153352524955,0.015,13.75,0.15625,13.75,13.90625,bounded_core_residence,escaped,True,False,1,0,0.00248268461745226,0.015550348835204602,-0.00505177570596208,-0.43222193078704213,-0.718631730469648,0.5447500697649524
27,13,2.146887379405385,1.029310436389325,5.407013542187477,0.014164024857326356,0.015,8.28125,0.234375,8.28125,8.515625,bounded_core_residence,escaped,True,False,1,0,0.0017693491229117207,0.020532363467547513,0.0009544916326143221,-0.43222193078704213,-0.718631730469648,0.5447500697649524
27,14,2.146887379405385,1.029310436389325,5.659548359646716,0.014332512608110222,0.015,7.34375,0.234375,7.34375,7.578125,bounded_core_residence,escaped,True,False,1,0,-0.0011367747909530523,0.020683357069817606,-0.0011521289245211381,-0.43222193078704213,-0.718631730469648,0.5447500697649524
27,15,2.146887379405385,1.029310436389325,3.010610958176074,0.0060787331438651076,0.015,27.1875,0.15625,27.1875,27.34375,bounded_core_residence,escaped,True,False,1,0,0.011424930077830447,0.007302652278125262,-0.008837037911868505,-0.43222193078704213,-0.718631730469648,0.5447500697649524
27,16,2.146887379405385,1.029310436389325,4.705856418972591,0.007827106248005908,0.015,25.625,0.15625,25.625,25.78125,bounded_core_residence,escaped,True,False,1,0,0.008724711457627455,0.014406895932092281,-0.0016075919260123903,-0.43222193078704213,-0.718631730469648,0.5447500697649524
27,17,2.146887379405385,1.029310436389325,4.269951068406146,0.008807410368013338,0.015,25.3125,0.15625,25.3125,25.46875,bounded_core_residence,escaped,True,False,1,0,0.01194946928803262,0.012551533432318776,-0.0014965525792093176,-0.43222193078704213,-0.718631730469648,0.5447500697649524
27,18,2.146887379405385,1.029310436389325,3.770731468457254,0.010357722678755652,0.015,12.5,0.15625,12.5,12.65625,bounded_core_residence,escaped,True,False,1,0,0.015371157785306113,0.00930839979896731,-0.0030600033679422213,-0.43222193078704213,-0.718631730469648,0.5447500697649524
27,19,2.146887379405385,1.029310436389325,4.471618848527889,0.008348193462180173,0.015,26.71875,0.15625,26.71875,26.875,bounded_core_residence,escaped,True,False,1,0,0.010465496040282726,0.01353817638706602,-0.0013724091319655147,-0.43222193078704213,-0.718631730469648,0.5447500697649524
27,20,2.146887379405385,1.029310436389325,1.7561215261609397,0.014207869136141164,0.015,12.65625,0.15625,12.65625,12.8125,bounded_core_residence,escaped,True,False,1,0,0.004806004387996456,0.0029111702137290477,-0.019881925339336942,-0.43222193078704213,-0.718631730469648,0.5447500697649524
27,21,2.146887379405385,1.029310436389325,2.120494255386621,0.011057375981147961,0.015,18.75,0.15625,18.75,18.90625,bounded_core_residence,escaped,True,False,1,0,0.008786421212735467,0.003400725689742019,-0.016077917484674086,-0.43222193078704213,-0.718631730469648,0.5447500697649524
27,22,2.146887379405385,1.029310436389325,1.7918518770226894,0.01267394791210704,0.015,14.21875,0.15625,14.21875,14.375,bounded_core_residence,escaped,True,False,1,0,0.005392807743221784,0.003574724227606154,-0.01854097966721325,-0.43222193078704213,-0.718631730469648,0.5447500697649524
27,23,2.146887379405385,1.029310436389325,3.487653331159856,0.009833552085592188,0.015,12.1875,0.15625,12.1875,12.34375,bounded_core_residence,escaped,True,False,1,0,0.015347061194761553,0.007568707972354123,-0.0053741156419937295,-0.43222193078704213,-0.718631730469648,0.5447500697649524
27,24,2.146887379405385,1.029310436389325,3.632160661170259,0.014769949647410222,0.015,8.515625,0.234375,8.515625,8.75,bounded_core_residence,escaped,True,False,1,0,0.019601386484617837,0.007313062740146489,-0.002335845420047218,-0.43222193078704213,-0.718631730469648,0.5447500697649524
27,25,2.146887379405385,1.029310436389325,3.6713233588342478,0.0137844501992069,0.015,8.984375,0.234375,8.984375,9.21875,bounded_core_residence,escaped,True,False,1,0,0.018632487508737024,0.007900114544618485,-0.0023301645248954613,-0.43222193078704213,-0.718631730469648,0.5447500697649524
27,26,2.146887379405385,1.029310436389325,4.373074440033429,0.0068821250075859165,0.015,31.09375,0.15625,31.09375,31.25,bounded_core_residence,escaped,True,False,1,0,0.010268406814135293,0.01262838693223057,-0.002728975926850118,-0.43222193078704213,-0.718631730469648,0.5447500697649524
27,27,2.146887379405385,1.029310436389325,6.1660690688759265,0.01389723330723334,0.015,12.96875,0.15625,12.96875,13.125,bounded_core_residence,escaped,True,False,1,0,-0.004888303590556588,0.01865123737973139,-0.006809473240063276,-0.43222193078704213,-0.718631730469648,0.5447500697649524
27,28,2.146887379405385,1.029310436389325,2.3868425346959397,0.013969147264856914,0.015,13.90625,0.15625,13.90625,14.0625,bounded_core_residence,escaped,True,False,1,0,0.012516287857521395,0.0010671717858861656,-0.016196936684272443,-0.43222193078704213,-0.718631730469648,0.5447500697649524
27,29,2.146887379405385,1.029310436389325,5.920745306007567,0.005948708888500442,0.015,17.5,0.15625,17.5,17.65625,bounded_core_residence,escaped,True,False,1,0,0.002308981677214268,0.014630909684887613,-0.006402516915016686,-0.43222193078704213,-0.718631730469648,0.5447500697649524
28,0,1.045633341000545,6.053649059302245,2.105465354209679,0.012855150107601084,0.015,16.25,0.15625,16.25,16.40625,bounded_core_residence,escaped,True,False,1,0,0.016547894185386755,-0.010593340002869784,-0.002050178017099529,-0.8425486793625858,0.19686507047113874,-0.5013540335259667
28,1,1.045633341000545,6.053649059302245,0.18880880356045537,0.00920016308840477,0.015,23.90625,0.15625,23.90625,24.0625,bounded_core_residence,escaped,True,False,1,0,0.015537322131913065,0.005649698534202219,0.006026236661055003,-0.8425486793625858,0.19686507047113874,-0.5013540335259667
28,2,1.045633341000545,6.053649059302245,3.6658670121576193,0.007372495813230624,0.015,24.53125,0.15625,24.53125,24.6875,bounded_core_residence,escaped,True,False,1,0,0.009384348182023279,-0.00874687249932742,0.010713539340253955,-0.8425486793625858,0.19686507047113874,-0.5013540335259667
28,3,1.045633341000545,6.053649059302245,0.5186982439039307,0.014002343780015273,0.015,10.78125,0.15625,10.78125,10.9375,bounded_core_residence,escaped,True,False,1,0,0.0187940217749572,0.0080967836303863,0.001514091047089135,-0.8425486793625858,0.19686507047113874,-0.5013540335259667
28,4,1.045633341000545,6.053649059302245,3.70255041533394,0.013178821564703829,0.015,14.53125,0.15625,14.53125,14.6875,bounded_core_residence,escaped,True,False,1,0,0.00667639172721092,-0.013019645580394574,0.013586609595482028,-0.8425486793625858,0.19686507047113874,-0.5013540335259667
28,5,1.045633341000545,6.053649059302245,3.840033127497601,0.010299230964800808,0.015,19.375,0.15625,19.375,19.53125,bounded_core_residence,escaped,True,False,1,0,0.007610381348007731,-0.009878270572351437,0.013250510356345654,-0.8425486793625858,0.19686507047113874,-0.5013540335259667
28,6,1.045633341000545,6.053649059302245,3.5102185735271725,0.013346681461996976,0.015,13.75,0.15625,13.75,13.90625,bounded_core_residence,escaped,True,False,1,0,0.0074576060994066724,-0.014527933563344616,0.011681488077002483,-0.8425486793625858,0.19686507047113874,-0.5013540335259667
28,7,1.045633341000545,6.053649059302245,0.7556558455512707,0.00929693566888768,0.015,12.03125,0.15625,12.03125,12.1875,bounded_core_residence,escaped,True,False,1,0,0.017290347327097708,0.0029088029623463613,0.002003937989561124,-0.8425486793625858,0.19686507047113874,-0.5013540335259667
28,8,1.045633341000545,6.053649059302245,3.725293808858377,0.01074135896005276,0.015,17.96875,0.15625,17.96875,18.125,bounded_core_residence,escaped,True,False,1,0,0.007708896808289713,-0.011005524014281285,0.012642315590069895,-0.8425486793625858,0.19686507047113874,-0.5013540335259667
28,9,1.045633341000545,6.053649059302245,4.657547781601842,0.007095135596696946,0.015,23.90625,0.15625,23.90625,24.0625,bounded_core_residence,escaped,True,False,1,0,0.009091073180526908,-0.0025235535984022128,0.013650092116825135,-0.8425486793625858,0.19686507047113874,-0.5013540335259667
28,10,1.045633341000545,6.053649059302245,5.439196465630333,0.009190574636447395,0.015,20.0,0.15625,20.0,20.15625,bounded_core_residence,escaped,True,False,1,0,0.01067469201271318,0.0037773217592160725,0.013462891699377977,-0.8425486793625858,0.19686507047113874,-0.5013540335259667
28,11,1.045633341000545,6.053649059302245,3.4315335759890653,0.014587298199444713,0.015,12.5,0.15625,12.5,12.65625,bounded_core_residence,escaped,True,False,1,0,0.0074217433079756135,-0.016089058405801313,0.011128755305278137,-0.8425486793625858,0.19686507047113874,-0.5013540335259667
28,12,1.045633341000545,6.053649059302245,2.2704630759282334,0.010646958866912887,0.015,19.6875,0.15625,19.6875,19.84375,bounded_core_residence,escaped,True,False,1,0,0.015054940396324566,-0.010558564721022241,0.0004724550865788579,-0.8425486793625858,0.19686507047113874,-0.5013540335259667
28,13,1.045633341000545,6.053649059302245,4.954427782581522,0.008848900833286545,0.015,18.90625,0.15625,18.90625,19.0625,bounded_core_residence,escaped,True,False,1,0,0.008926647013944279,9.230366256198679e-05,0.014953578136341034,-0.8425486793625858,0.19686507047113874,-0.5013540335259667
28,14,1.045633341000545,6.053649059302245,2.053960693800224,0.00933643659222427,0.015,26.40625,0.15625,26.40625,26.5625,bounded_core_residence,escaped,True,False,1,0,0.015687646222586497,-0.008119870249053338,0.00036675792306431563,-0.8425486793625858,0.19686507047113874,-0.5013540335259667
28,15,1.045633341000545,6.053649059302245,0.08321487086542084,0.007366618385355557,0.015,30.9375,0.15625,30.9375,31.09375,bounded_core_residence,escaped,True,False,1,0,0.014607457256597803,0.004125761932036454,0.006990518393673354,-0.8425486793625858,0.19686507047113874,-0.5013540335259667
28,16,1.045633341000545,6.053649059302245,2.0096233857134527,0.013980790392892522,0.015,15.3125,0.15625,15.3125,15.46875,bounded_core_residence,escaped,True,False,1,0,0.01746547134437445,-0.01018100494983631,-0.003430298666332046,-0.8425486793625858,0.19686507047113874,-0.5013540335259667
28,17,1.045633341000545,6.053649059302245,5.167339192863232,0.010688548195983366,0.015,15.3125,0.15625,15.3125,15.46875,bounded_core_residence,escaped,True,False,1,0,0.009019441847486296,0.0027158091432094703,0.015827795550718112,-0.8425486793625858,0.19686507047113874,-0.5013540335259667
28,18,1.045633341000545,6.053649059302245,2.795670406862083,0.0077253068157429605,0.015,24.375,0.15625,24.375,24.53125,bounded_core_residence,escaped,True,False,1,0,0.012263435036719963,-0.010328838422572902,0.005253915048599054,-0.8425486793625858,0.19686507047113874,-0.5013540335259667
28,19,1.045633341000545,6.053649059302245,2.3470470167115995,0.01058007074136097,0.015,18.59375,0.15625,18.59375,18.75,bounded_core_residence,escaped,True,False,1,0,0.014637327404645142,-0.011032218083719028,0.0009882851282345742,-0.8425486793625858,0.19686507047113874,-0.5013540335259667
28,20,1.045633341000545,6.053649059302245,5.903965734607535,0.014748867651318082,0.015,13.125,0.15625,13.125,13.28125,bounded_core_residence,escaped,True,False,1,0,0.013089987157462133,0.011011515045557831,0.012244503649189987,-0.8425486793625858,0.19686507047113874,-0.5013540335259667
28,21,1.045633341000545,6.053649059302245,2.097299719240291,0.012289934255130228,0.015,17.5,0.15625,17.5,17.65625,bounded_core_residence,escaped,True,False,1,0,0.01642048059982976,-0.010178914150039577,-0.0016733223216589274,-0.8425486793625858,0.19686507047113874,-0.5013540335259667
28,22,1.045633341000545,6.053649059302245,1.0421047030069062,0.0041245978638882325,0.015,21.09375,0.15625,21.09375,21.25,bounded_core_residence,escaped,True,False,1,0,0.01485030927856758,-0.0013333378315479102,0.004438787232639578,-0.8425486793625858,0.19686507047113874,-0.5013540335259667
28,23,1.045633341000545,6.053649059302245,5.950118337291089,0.01475235665472645,0.015,12.96875,0.15625,12.96875,13.125,bounded_core_residence,escaped,True,False,1,0,0.013455614204282509,0.011173175454689321,0.011693529129928682,-0.8425486793625858,0.19686507047113874,-0.5013540335259667
28,24,1.045633341000545,6.053649059302245,0.8259128746941088,0.013048572010953647,0.015,8.75,0.234375,8.75,8.984375,bounded_core_residence,escaped,True,False,1,0,0.019334085454342072,0.004566201957332056,-0.0007798530977679149,-0.8425486793625858,0.19686507047113874,-0.5013540335259667
28,25,1.045633341000545,6.053649059302245,4.144803587030645,0.011275555459479466,0.015,18.4375,0.15625,18.4375,18.59375,bounded_core_residence,escaped,True,False,1,0,0.006617396890859949,-0.007771163281611534,0.01574665775836787,-0.8425486793625858,0.19686507047113874,-0.5013540335259667
28,26,1.045633341000545,6.053649059302245,4.606461282144087,0.007410901727491661,0.015,23.125,0.15625,23.125,23.28125,bounded_core_residence,escaped,True,False,1,0,0.008862195309686818,-0.0028753465429640444,0.013896594581600507,-0.8425486793625858,0.19686507047113874,-0.5013540335259667
28,27,1.045633341000545,6.053649059302245,0.9373102818495571,0.0020889664937958833,0.015,36.09375,0.15625,36.09375,36.25,two_core_entries,escaped,True,True,2,1,0.013741545911394938,-0.0019408834633558862,0.006063552453710495,-0.8425486793625858,0.19686507047113874,-0.5013540335259667
28,28,1.045633341000545,6.053649059302245,1.4416412598565422,0.014897185177721211,0.015,14.53125,0.15625,14.53125,14.6875,bounded_core_residence,escaped,True,False,1,0,0.020287082769700267,-0.002769781526128819,-0.005262006196515027,-0.8425486793625858,0.19686507047113874,-0.5013540335259667
28,29,1.045633341000545,6.053649059302245,2.4445479070145377,0.0039140631256563176,0.015,33.28125,0.15625,33.28125,33.4375,bounded_core_residence,escaped,True,False,1,0,0.013182094225954268,-0.006161963739092485,0.00534625895816832,-0.8425486793625858,0.19686507047113874,-0.5013540335259667
29,0,1.9628465320481703,0.006215798614657661,2.7603745071508095,0.011590141429776293,0.015,16.25,0.15625,16.25,16.40625,bounded_core_residence,escaped,True,False,1,0,0.012280953769375677,-0.010681980556713083,-0.009716215531917656,-0.9241097999528445,-0.005744154391870539,0.38208386817744117
29,1,1.9628465320481703,0.006215798614657661,1.207906348564385,0.0036728080954662665,0.015,29.6875,0.15625,29.6875,29.84375,bounded_core_residence,escaped,True,False,1,0,0.012541639205624084,0.0013817466559696446,-0.008904357445699949,-0.9241097999528445,-0.005744154391870539,0.38208386817744117
29,2,1.9628465320481703,0.006215798614657661,3.9849791441901243,0.013976074154555687,0.015,12.03125,0.15625,12.03125,12.1875,bounded_core_residence,escaped,True,False,1,0,0.017907800312572435,-0.009182079499038258,0.003915450524781462,-0.9241097999528445,-0.005744154391870539,0.38208386817744117
29,3,1.9628465320481703,0.006215798614657661,5.732035968499354,0.009251128215598488,0.015,26.71875,0.15625,26.71875,26.875,bounded_core_residence,escaped,True,False,1,0,0.015663631643024416,0.007978766373638757,-0.0012543142221860303,-0.9241097999528445,-0.005744154391870539,0.38208386817744117
29,4,1.9628465320481703,0.006215798614657661,3.7930112663669484,0.0074535229025923895,0.015,29.84375,0.15625,29.84375,30.0,bounded_core_residence,escaped,True,False,1,0,0.015625163030109353,-0.005830214206264501,-0.0015549553855480009,-0.9241097999528445,-0.005744154391870539,0.38208386817744117
29,5,1.9628465320481703,0.006215798614657661,3.092160192149334,0.007259344657243243,0.015,26.25,0.15625,26.25,26.40625,bounded_core_residence,escaped,True,False,1,0,0.013769662940104663,-0.007165026624527255,-0.006062743672494312,-0.9241097999528445,-0.005744154391870539,0.38208386817744117
29,6,1.9628465320481703,0.006215798614657661,3.050285315442882,0.012252716002050957,0.015,15.0,0.15625,15.0,15.15625,bounded_core_residence,escaped,True,False,1,0,0.013510630378976938,-0.012117931124213607,-0.0067637017570555385,-0.9241097999528445,-0.005744154391870539,0.38208386817744117
29,7,1.9628465320481703,0.006215798614657661,6.1297256482995905,0.013462783196868566,0.015,11.71875,0.15625,11.71875,11.875,bounded_core_residence,escaped,True,False,1,0,0.014565222169485557,0.013395363353524814,-0.0038295006445302356,-0.9241097999528445,-0.005744154391870539,0.38208386817744117
29,8,1.9628465320481703,0.006215798614657661,5.236971068331954,0.0034250665811887283,0.015,33.90625,0.15625,33.90625,34.0625,bounded_core_residence,escaped,True,False,1,0,0.014983653473095299,0.0018086188697392176,-0.002991673021537987,-0.9241097999528445,-0.005744154391870539,0.38208386817744117
29,9,1.9628465320481703,0.006215798614657661,5.898649868249945,0.01418424760844255,0.015,10.9375,0.15625,10.9375,11.09375,bounded_core_residence,escaped,True,False,1,0,0.015812916585641743,0.013246956938361672,-0.0008140522995091111,-0.9241097999528445,-0.005744154391870539,0.38208386817744117
29,10,1.9628465320481703,0.006215798614657661,3.174651524385027,0.014174642045248813,0.015,11.875,0.15625,11.875,12.03125,bounded_core_residence,escaped,True,False,1,0,0.014128712549307728,-0.014079348414574366,-0.00529829284118876,-0.9241097999528445,-0.005744154391870539,0.38208386817744117
29,11,1.9628465320481703,0.006215798614657661,5.242475422189883,0.014597784692347121,0.015,12.65625,0.15625,12.65625,12.8125,bounded_core_residence,escaped,True,False,1,0,0.018627807060879954,0.0074966863557102146,0.005907606597503182,-0.9241097999528445,-0.005744154391870539,0.38208386817744117
29,12,1.9628465320481703,0.006215798614657661,4.091800814895898,0.013927464322799805,0.015,12.65625,0.15625,12.65625,12.8125,bounded_core_residence,escaped,True,False,1,0,0.018241106739465607,-0.007985784032765023,0.0047395717912401165,-0.9241097999528445,-0.005744154391870539,0.38208386817744117
29,13,1.9628465320481703,0.006215798614657661,4.02694162447546,0.010000481158558306,0.015,25.78125,0.15625,25.78125,25.9375,bounded_core_residence,escaped,True,False,1,0,0.016858929569435275,-0.006225827708393319,0.0014230904823315255,-0.9241097999528445,-0.005744154391870539,0.38208386817744117
29,14,1.9628465320481703,0.006215798614657661,2.9437881250602014,0.008117441515944738,0.015,23.59375,0.15625,23.59375,23.75,bounded_core_residence,escaped,True,False,1,0,0.013301624490776178,-0.007876627032766481,-0.007205441642110416,-0.9241097999528445,-0.005744154391870539,0.38208386817744117
29,15,1.9628465320481703,0.006215798614657661,1.225703850928535,0.014219979403911329,0.015,16.25,0.15625,16.25,16.40625,bounded_core_residence,escaped,True,False,1,0,0.008718941082923277,0.004864676092019128,-0.01809759119772332,-0.9241097999528445,-0.005744154391870539,0.38208386817744117
29,16,1.9628465320481703,0.006215798614657661,3.3905697834624866,0.009056468287445156,0.015,24.84375,0.15625,24.84375,25.0,bounded_core_residence,escaped,True,False,1,0,0.014768857125173845,-0.00868558001638356,-0.0036689476470372403,-0.9241097999528445,-0.005744154391870539,0.38208386817744117
29,17,1.9628465320481703,0.006215798614657661,5.078322092115914,0.006117141228114109,0.015,33.125,0.15625,33.125,33.28125,bounded_core_residence,escaped,True,False,1,0,0.016030511124580947,0.002288526247455038,-0.0004525234845720507,-0.9241097999528445,-0.005744154391870539,0.38208386817744117
29,18,1.9628465320481703,0.006215798614657661,0.7642949544429541,0.004494443486553182,0.015,28.90625,0.15625,28.90625,29.0625,bounded_core_residence,escaped,True,False,1,0,0.012653115041222468,0.0033231188387533505,-0.008605555367954624,-0.9241097999528445,-0.005744154391870539,0.38208386817744117
29,19,1.9628465320481703,0.006215798614657661,3.903013402381059,0.0025255759414812536,0.015,33.75,0.15625,33.75,33.90625,bounded_core_residence,escaped,True,False,1,0,0.014538787254884692,-0.0017378185288354124,-0.004120944764763011,-0.9241097999528445,-0.005744154391870539,0.38208386817744117
29,20,1.9628465320481703,0.006215798614657661,1.1717374931469386,0.011822613291422451,0.015,17.65625,0.15625,17.65625,17.8125,bounded_core_residence,escaped,True,False,1,0,0.0096708761857185,0.004653893479950235,-0.015798405435875428,-0.9241097999528445,-0.005744154391870539,0.38208386817744117
29,21,1.9628465320481703,0.006215798614657661,5.202612174644785,0.014191393159587954,0.015,14.53125,0.15625,14.53125,14.6875,bounded_core_residence,escaped,True,False,1,0,0.018603729066394327,0.0067973991789029055,0.005838858538862256,-0.9241097999528445,-0.005744154391870539,0.38208386817744117
29,22,1.9628465320481703,0.006215798614657661,4.828905496913996,0.0093384165379179,0.015,32.5,0.15625,32.5,32.65625,bounded_core_residence,escaped,True,False,1,0,0.017398696136942587,0.0011937886124372156,0.0028401170607587276,-0.9241097999528445,-0.005744154391870539,0.38208386817744117
29,23,1.9628465320481703,0.006215798614657661,5.135588074907869,0.009976538580702524,0.015,30.0,0.15625,30.0,30.15625,bounded_core_residence,escaped,True,False,1,0,0.017311703054155195,0.004204845667710284,0.002674982678025725,-0.9241097999528445,-0.005744154391870539,0.38208386817744117
29,24,1.9628465320481703,0.006215798614657661,1.2196715545763455,0.013160773849741124,0.015,17.03125,0.15625,17.03125,17.1875,bounded_core_residence,escaped,True,False,1,0,0.009111889824334436,0.004583428904923403,-0.01715143176608685,-0.9241097999528445,-0.005744154391870539,0.38208386817744117
29,25,1.9628465320481703,0.006215798614657661,1.0551514524652539,0.011611483511169545,0.015,16.875,0.15625,16.875,17.03125,bounded_core_residence,escaped,True,False,1,0,0.009966436374967125,0.0057876365631192046,-0.015066517790356872,-0.9241097999528445,-0.005744154391870539,0.38208386817744117
29,26,1.9628465320481703,0.006215798614657661,2.4950401533757285,0.009499866737949211,0.015,19.0625,0.15625,19.0625,19.21875,bounded_core_residence,escaped,True,False,1,0,0.01172212205030056,-0.007509748541607864,-0.011020117944852938,-0.9241097999528445,-0.005744154391870539,0.38208386817744117
29,27,1.9628465320481703,0.006215798614657661,1.7973862441533839,0.0036639657368895914,0.015,29.6875,0.15625,29.6875,29.84375,bounded_core_residence,escaped,True,False,1,0,0.01250263264408004,-0.0007454326532299523,-0.009030678382479557,-0.9241097999528445,-0.005744154391870539,0.38208386817744117
29,28,1.9628465320481703,0.006215798614657661,6.04933782500677,0.010208052620055922,0.015,17.65625,0.15625,17.65625,17.8125,bounded_core_residence,escaped,True,False,1,0,0.014703698499728943,0.01002179860666337,-0.003545298493833711,-0.9241097999528445,-0.005744154391870539,0.38208386817744117
29,29,1.9628465320481703,0.006215798614657661,4.288275656030752,0.009184236975604314,0.015,31.40625,0.15625,31.40625,31.5625,bounded_core_residence,escaped,True,False,1,0,0.017083329384878214,-0.003673316403116316,0.0020041987312666033,-0.9241097999528445,-0.005744154391870539,0.38208386817744117
